ISO-10303-21;
HEADER;
FILE_DESCRIPTION(('CATIA V5 STEP Exchange','CAx-IF Rec.Pracs.--- Model Styling and Organization---1.4--- 2014-01-23'),'2;1');

FILE_NAME('C:\\Users\\SA516207\\WORK\\01_ASSY\\2_T12\\UPPER.stp','2026-09-29T08:34:18+00:00',('none'),('none'),'CATIA Version 5-6 Release 2017 SP2 HF26','CATIA V5 STEP AP203 WITH EXTENSIONS','none');

FILE_SCHEMA(('CONFIG_CONTROL_DESIGN','SHAPE_APPEARANCE_LAYER_MIM'));

ENDSEC;
DATA;
#46=(LENGTH_UNIT()NAMED_UNIT(*)SI_UNIT(.MILLI.,.METRE.));
#47=(NAMED_UNIT(*)PLANE_ANGLE_UNIT()SI_UNIT($,.RADIAN.));
#48=(NAMED_UNIT(*)SI_UNIT($,.STERADIAN.)SOLID_ANGLE_UNIT());
#202380=UNCERTAINTY_MEASURE_WITH_UNIT(LENGTH_MEASURE(0.005),#46,'distance_accuracy_value','CONFUSED CURVE UNCERTAINTY');
#202381=(GEOMETRIC_REPRESENTATION_CONTEXT(3)GLOBAL_UNCERTAINTY_ASSIGNED_CONTEXT((#202380))GLOBAL_UNIT_ASSIGNED_CONTEXT((#46,#47,#48))REPRESENTATION_CONTEXT(' ',' '));
#203593=MANIFOLD_SOLID_BREP('PartBody',#203595);
#203595=CLOSED_SHELL('Closed Shell',(#203700,#203775,#203806,#203848,#203879,#203919,#204242,#205439,#205640,#205708,#205725,#205982,#206209,#207315,#207425,#207493,#207568,#207580,#207654,#207957,#208021,#208085,#208137,#208257,#208357,#208425,#208494,#208662,#208691,#208750,#208789,#209739,#209806,#209974,#210136,#210206,#210276,#210330,#210421,#210475,#210515,#210553,#210584,#210796,#210834,#210853,#210908,#210945,#211149,#211376,#212442,#212500,#212557,#212648,#212698,#212749,#212998,#213050,#213166,#213201,#213238,#213283,#213318,#213388,#213678,#213773,#213799));
#203596=CARTESIAN_POINT('Axis2P3D Location',(4135.3,1436.92253755,1615.70961377));
#203597=DIRECTION('Axis2P3D Direction',(0.,0.677038081928,-0.735947984316));
#203598=DIRECTION('Axis2P3D XDirection',(0.,0.735947984316,0.677038081928));
#203599=AXIS2_PLACEMENT_3D('Plane Axis2P3D',#203596,#203597,#203598);
#203600=PLANE('',#203599);
#203601=B_SPLINE_CURVE_WITH_KNOTS('',5,(#203602,#203603,#203604,#203605,#203606,#203607,#203608,#203609,#203610),.UNSPECIFIED.,.F.,.U.,(6,3,6),(18.6645207399,20.4543899297,21.2666856476),.UNSPECIFIED.);
#203602=CARTESIAN_POINT('Control Point',(4154.17222041,1444.44139863,1622.62661795));
#203603=CARTESIAN_POINT('Control Point',(4154.12872709,1444.62491465,1622.79544419));
#203604=CARTESIAN_POINT('Control Point',(4154.08523372,1444.80843066,1622.96427044));
#203605=CARTESIAN_POINT('Control Point',(4154.04174029,1444.99194667,1623.13309667));
#203606=CARTESIAN_POINT('Control Point',(4153.97850817,1445.25874769,1623.37854125));
#203607=CARTESIAN_POINT('Control Point',(4153.91527594,1445.52554868,1623.62398582));
#203608=CARTESIAN_POINT('Control Point',(4153.89553725,1445.60883368,1623.70060417));
#203609=CARTESIAN_POINT('Control Point',(4153.87579856,1445.69211868,1623.77722251));
#203610=CARTESIAN_POINT('Control Point',(4153.85605986,1445.77540368,1623.85384085));
#203611=CARTESIAN_POINT('Vertex',(4154.17222041,1444.44139863,1622.62661795));
#203612=VERTEX_POINT('',#203611);
#203613=CARTESIAN_POINT('Vertex',(4153.85605986,1445.77540368,1623.85384085));
#203614=VERTEX_POINT('',#203613);
#203615=EDGE_CURVE('',#203612,#203614,#203601,.T.);
#203616=B_SPLINE_CURVE_WITH_KNOTS('',5,(#203617,#203618,#203619,#203620,#203621,#203622),.UNSPECIFIED.,.F.,.U.,(6,6),(15.5489465583,31.4157889386),.UNSPECIFIED.);
#203617=CARTESIAN_POINT('Control Point',(4153.85605986,1445.77540368,1623.85384085));
#203618=CARTESIAN_POINT('Control Point',(4151.64293036,1445.49074935,1623.59197204));
#203619=CARTESIAN_POINT('Control Point',(4149.42980039,1445.20609989,1623.33010771));
#203620=CARTESIAN_POINT('Control Point',(4147.21666993,1444.92145531,1623.06824788));
#203621=CARTESIAN_POINT('Control Point',(4145.003539,1444.63681562,1622.80639254));
#203622=CARTESIAN_POINT('Control Point',(4142.7904076,1444.35218083,1622.54454171));
#203623=CARTESIAN_POINT('Vertex',(4142.7904076,1444.35218083,1622.54454171));
#203624=VERTEX_POINT('',#203623);
#203625=EDGE_CURVE('',#203614,#203624,#203616,.T.);
#203626=B_SPLINE_CURVE_WITH_KNOTS('',5,(#203627,#203628,#203629,#203630,#203631,#203632,#203633,#203634,#203635,#203636,#203637,#203638,#203639,#203640,#203641),.UNSPECIFIED.,.F.,.U.,(6,3,3,3,6),(0.,4.68539467791,9.37592665234,14.0664590343,15.5502556919),.UNSPECIFIED.);
#203627=CARTESIAN_POINT('Control Point',(4142.7904076,1444.35218083,1622.54454171));
#203628=CARTESIAN_POINT('Control Point',(4142.03966064,1444.25562592,1622.45571566));
#203629=CARTESIAN_POINT('Control Point',(4141.30272776,1444.1008977,1622.31337286));
#203630=CARTESIAN_POINT('Control Point',(4140.59065239,1443.88940016,1622.11880491));
#203631=CARTESIAN_POINT('Control Point',(4139.2370547,1443.35898461,1621.63084715));
#203632=CARTESIAN_POINT('Control Point',(4138.06334382,1442.63262034,1620.96262565));
#203633=CARTESIAN_POINT('Control Point',(4137.53051685,1442.22481736,1620.58746578));
#203634=CARTESIAN_POINT('Control Point',(4136.5897471,1441.33275339,1619.76680822));
#203635=CARTESIAN_POINT('Control Point',(4135.92237246,1440.31594294,1618.83138967));
#203636=CARTESIAN_POINT('Control Point',(4135.66297741,1439.78337532,1618.3414521));
#203637=CARTESIAN_POINT('Control Point',(4135.42450552,1439.06117628,1617.67706242));
#203638=CARTESIAN_POINT('Control Point',(4135.32414278,1438.32534045,1617.00012751));
#203639=CARTESIAN_POINT('Control Point',(4135.30804759,1438.14797982,1616.83696394));
#203640=CARTESIAN_POINT('Control Point',(4135.3,1437.97035599,1616.67355824));
#203641=CARTESIAN_POINT('Control Point',(4135.3,1437.79273213,1616.51015251));
#203642=CARTESIAN_POINT('Vertex',(4135.3,1437.79273213,1616.51015251));
#203643=VERTEX_POINT('',#203642);
#203644=EDGE_CURVE('',#203624,#203643,#203626,.T.);
#203645=CARTESIAN_POINT('Line Origine',(4135.3,1437.35763484,1616.10988314));
#203646=DIRECTION('Vector Direction',(0.,0.735947984316,0.677038081928));
#203647=VECTOR('Line Direction',#203646,1.);
#203648=LINE('Line',#203645,#203647);
#203649=CARTESIAN_POINT('Vertex',(4135.3,1436.92253755,1615.70961377));
#203650=VERTEX_POINT('',#203649);
#203651=EDGE_CURVE('',#203650,#203643,#203648,.T.);
#203652=CARTESIAN_POINT('Line Origine',(4136.22,1436.92253755,1615.70961377));
#203653=DIRECTION('Vector Direction',(1.,0.,0.));
#203654=VECTOR('Line Direction',#203653,1.);
#203655=LINE('Line',#203652,#203654);
#203656=CARTESIAN_POINT('Vertex',(4137.14,1436.92253755,1615.70961377));
#203657=VERTEX_POINT('',#203656);
#203658=EDGE_CURVE('',#203650,#203657,#203655,.T.);
#203659=CARTESIAN_POINT('Line Origine',(4137.14,1437.35763484,1616.10988314));
#203660=DIRECTION('Vector Direction',(0.,0.735947984316,0.677038081928));
#203661=VECTOR('Line Direction',#203660,1.);
#203662=LINE('Line',#203659,#203661);
#203663=CARTESIAN_POINT('Vertex',(4137.14,1437.79273213,1616.51015251));
#203664=VERTEX_POINT('',#203663);
#203665=EDGE_CURVE('',#203657,#203664,#203662,.T.);
#203666=B_SPLINE_CURVE_WITH_KNOTS('',5,(#203667,#203668,#203669,#203670,#203671,#203672,#203673,#203674,#203675,#203676,#203677,#203678),.UNSPECIFIED.,.F.,.U.,(6,3,3,6),(0.,5.43749262672,9.51848239559,13.5414596737),.UNSPECIFIED.);
#203667=CARTESIAN_POINT('Control Point',(4143.10715959,1443.0182523,1621.3173892));
#203668=CARTESIAN_POINT('Control Point',(4142.31012041,1442.91574368,1621.22308602));
#203669=CARTESIAN_POINT('Control Point',(4141.53262614,1442.73092865,1621.05306474));
#203670=CARTESIAN_POINT('Control Point',(4140.79551586,1442.46643793,1620.80974552));
#203671=CARTESIAN_POINT('Control Point',(4139.61095382,1441.87654995,1620.26707588));
#203672=CARTESIAN_POINT('Control Point',(4138.65950834,1441.09660387,1619.54956159));
#203673=CARTESIAN_POINT('Control Point',(4138.30108842,1440.73167891,1619.21384751));
#203674=CARTESIAN_POINT('Control Point',(4137.69839379,1439.9573296,1618.50148199));
#203675=CARTESIAN_POINT('Control Point',(4137.32645084,1439.10810737,1617.72023684));
#203676=CARTESIAN_POINT('Control Point',(4137.20214656,1438.67385802,1617.32074755));
#203677=CARTESIAN_POINT('Control Point',(4137.14,1438.2332952,1616.91545014));
#203678=CARTESIAN_POINT('Control Point',(4137.14,1437.79273213,1616.51015251));
#203679=CARTESIAN_POINT('Vertex',(4143.10715959,1443.0182523,1621.3173892));
#203680=VERTEX_POINT('',#203679);
#203681=EDGE_CURVE('',#203680,#203664,#203666,.T.);
#203682=B_SPLINE_CURVE_WITH_KNOTS('',5,(#203683,#203684,#203685,#203686,#203687,#203688),.UNSPECIFIED.,.F.,.U.,(6,6),(15.5498322551,31.4158041535),.UNSPECIFIED.);
#203683=CARTESIAN_POINT('Control Point',(4154.17222041,1444.44139863,1622.62661795));
#203684=CARTESIAN_POINT('Control Point',(4151.95920921,1444.15675963,1622.36476325));
#203685=CARTESIAN_POINT('Control Point',(4149.74619753,1443.8721255,1622.10291302));
#203686=CARTESIAN_POINT('Control Point',(4147.53318536,1443.58749623,1621.84106727));
#203687=CARTESIAN_POINT('Control Point',(4145.32017272,1443.30287182,1621.57922599));
#203688=CARTESIAN_POINT('Control Point',(4143.10715959,1443.0182523,1621.3173892));
#203689=EDGE_CURVE('',#203612,#203680,#203682,.T.);
#203690=EDGE_LOOP('',(#203691,#203692,#203693,#203694,#203695,#203696,#203697,#203698));
#203691=ORIENTED_EDGE('',*,*,#203615,.T.);
#203692=ORIENTED_EDGE('',*,*,#203625,.T.);
#203693=ORIENTED_EDGE('',*,*,#203644,.T.);
#203694=ORIENTED_EDGE('',*,*,#203651,.F.);
#203695=ORIENTED_EDGE('',*,*,#203658,.T.);
#203696=ORIENTED_EDGE('',*,*,#203665,.T.);
#203697=ORIENTED_EDGE('',*,*,#203681,.F.);
#203698=ORIENTED_EDGE('',*,*,#203689,.F.);
#203699=FACE_OUTER_BOUND('',#203690,.T.);
#203700=ADVANCED_FACE('PartBody',(#203699),#203600,.F.);
#203701=B_SPLINE_SURFACE_WITH_KNOTS('',2,5,((#203702,#203703,#203704,#203705,#203706,#203707,#203708,#203709,#203710),(#203711,#203712,#203713,#203714,#203715,#203716,#203717,#203718,#203719),(#203720,#203721,#203722,#203723,#203724,#203725,#203726,#203727,#203728)),.UNSPECIFIED.,.F.,.F.,.U.,(3,3),(6,3,6),(18.5316213961,21.2677019307),(0.,5.5,11.),.UNSPECIFIED.);
#203702=CARTESIAN_POINT('Control Point',(4154.18836749,1444.3732675,1622.56394047));
#203703=CARTESIAN_POINT('Control Point',(4155.89201508,1444.59195422,1622.76512212));
#203704=CARTESIAN_POINT('Control Point',(4157.59568979,1445.04068654,1622.71624861));
#203705=CARTESIAN_POINT('Control Point',(4159.21152143,1445.70853209,1622.40656628));
#203706=CARTESIAN_POINT('Control Point',(4162.09290051,1447.4102403,1621.29909612));
#203707=CARTESIAN_POINT('Control Point',(4164.02689577,1449.64055473,1619.37295845));
#203708=CARTESIAN_POINT('Control Point',(4164.69465628,1450.83738998,1618.24401471));
#203709=CARTESIAN_POINT('Control Point',(4165.02706926,1452.0512372,1617.01018596));
#203710=CARTESIAN_POINT('Control Point',(4165.02475872,1453.2217874,1615.73718952));
#203711=CARTESIAN_POINT('Control Point',(4154.02215258,1445.07459616,1623.20913037));
#203712=CARTESIAN_POINT('Control Point',(4155.72575127,1445.29327746,1623.41030705));
#203713=CARTESIAN_POINT('Control Point',(4157.42937708,1445.74199124,1623.36144285));
#203714=CARTESIAN_POINT('Control Point',(4159.04516737,1446.40980595,1623.05178504));
#203715=CARTESIAN_POINT('Control Point',(4161.92649378,1448.11143559,1621.94438966));
#203716=CARTESIAN_POINT('Control Point',(4163.86051185,1450.34165813,1620.01835973));
#203717=CARTESIAN_POINT('Control Point',(4164.52830666,1451.53844918,1618.88947356));
#203718=CARTESIAN_POINT('Control Point',(4164.86077712,1452.7522602,1617.65569932));
#203719=CARTESIAN_POINT('Control Point',(4164.8585432,1453.92278684,1616.38274823));
#203720=CARTESIAN_POINT('Control Point',(4153.85593638,1445.77592468,1623.85432015));
#203721=CARTESIAN_POINT('Control Point',(4155.55948628,1445.99460059,1624.05549186));
#203722=CARTESIAN_POINT('Control Point',(4157.26306329,1446.44329585,1624.00663695));
#203723=CARTESIAN_POINT('Control Point',(4158.87881232,1447.11107979,1623.69700361));
#203724=CARTESIAN_POINT('Control Point',(4161.76008614,1448.81263102,1622.58968286));
#203725=CARTESIAN_POINT('Control Point',(4163.69412698,1451.04276187,1620.66376044));
#203726=CARTESIAN_POINT('Control Point',(4164.361956,1452.2395088,1619.53493171));
#203727=CARTESIAN_POINT('Control Point',(4164.69448381,1453.45328369,1618.30121186));
#203728=CARTESIAN_POINT('Control Point',(4164.69232635,1454.62378681,1617.02830604));
#203729=B_SPLINE_CURVE_WITH_KNOTS('',5,(#203730,#203731,#203732,#203733,#203734,#203735),.UNSPECIFIED.,.F.,.U.,(6,6),(0.,20.3268358661),.UNSPECIFIED.);
#203730=CARTESIAN_POINT('Control Point',(4154.17222041,1444.44139863,1622.62661795));
#203731=CARTESIAN_POINT('Control Point',(4157.55718774,1444.87677541,1623.02714443));
#203732=CARTESIAN_POINT('Control Point',(4160.95655431,1446.2178454,1622.4451726));
#203733=CARTESIAN_POINT('Control Point',(4163.65379599,1448.40732557,1620.75653834));
#203734=CARTESIAN_POINT('Control Point',(4164.99082577,1450.89406015,1618.37182333));
#203735=CARTESIAN_POINT('Control Point',(4165.01587014,1453.20258814,1615.83163187));
#203736=CARTESIAN_POINT('Vertex',(4165.01587014,1453.20258814,1615.83163187));
#203737=VERTEX_POINT('',#203736);
#203738=EDGE_CURVE('',#203737,#203612,#203729,.F.);
#203739=B_SPLINE_CURVE_WITH_KNOTS('',3,(#203740,#203741,#203742,#203743),.UNSPECIFIED.,.F.,.U.,(4,4),(0.,0.126758045921),.UNSPECIFIED.);
#203740=CARTESIAN_POINT('Control Point',(4165.01587002,1453.20259029,1615.8316307));
#203741=CARTESIAN_POINT('Control Point',(4165.01607059,1453.22107928,1615.81128635));
#203742=CARTESIAN_POINT('Control Point',(4165.01616975,1453.23955639,1615.79092787));
#203743=CARTESIAN_POINT('Control Point',(4165.01616748,1453.25802023,1615.77055676));
#203744=CARTESIAN_POINT('Vertex',(4165.01616748,1453.25802023,1615.77055676));
#203745=VERTEX_POINT('',#203744);
#203746=EDGE_CURVE('',#203745,#203737,#203739,.F.);
#203747=B_SPLINE_CURVE_WITH_KNOTS('',5,(#203748,#203749,#203750,#203751,#203752,#203753,#203754,#203755,#203756),.UNSPECIFIED.,.F.,.U.,(6,3,6),(18.6023318188,20.4543899297,21.2045542245),.UNSPECIFIED.);
#203748=CARTESIAN_POINT('Control Point',(4165.01616748,1453.25802023,1615.77055676));
#203749=CARTESIAN_POINT('Control Point',(4164.97116283,1453.44782337,1615.94534872));
#203750=CARTESIAN_POINT('Control Point',(4164.92615812,1453.63762654,1616.12014064));
#203751=CARTESIAN_POINT('Control Point',(4164.88115334,1453.82742973,1616.29493252));
#203752=CARTESIAN_POINT('Control Point',(4164.81791959,1454.09411153,1616.54052267));
#203753=CARTESIAN_POINT('Control Point',(4164.75468572,1454.36079337,1616.78611274));
#203754=CARTESIAN_POINT('Control Point',(4164.73645675,1454.43767197,1616.85691102));
#203755=CARTESIAN_POINT('Control Point',(4164.71822778,1454.51455057,1616.9277093));
#203756=CARTESIAN_POINT('Control Point',(4164.6999988,1454.59142918,1616.99850758));
#203757=CARTESIAN_POINT('Vertex',(4164.6999988,1454.59142918,1616.99850758));
#203758=VERTEX_POINT('',#203757);
#203759=EDGE_CURVE('',#203745,#203758,#203747,.T.);
#203760=B_SPLINE_CURVE_WITH_KNOTS('',5,(#203761,#203762,#203763,#203764,#203765,#203766),.UNSPECIFIED.,.F.,.U.,(6,6),(0.,20.4158086387),.UNSPECIFIED.);
#203761=CARTESIAN_POINT('Control Point',(4164.6999988,1454.59142918,1616.99850758));
#203762=CARTESIAN_POINT('Control Point',(4164.6999986,1452.2746232,1619.55451894));
#203763=CARTESIAN_POINT('Control Point',(4163.37490903,1449.77076521,1621.96133038));
#203764=CARTESIAN_POINT('Control Point',(4160.67007085,1447.56341129,1623.66747993));
#203765=CARTESIAN_POINT('Control Point',(4157.25578337,1446.21267861,1624.25611355));
#203766=CARTESIAN_POINT('Control Point',(4153.85605986,1445.77540368,1623.85384085));
#203767=EDGE_CURVE('',#203614,#203758,#203760,.F.);
#203768=EDGE_LOOP('',(#203769,#203770,#203771,#203772,#203773));
#203769=ORIENTED_EDGE('',*,*,#203615,.F.);
#203770=ORIENTED_EDGE('',*,*,#203738,.F.);
#203771=ORIENTED_EDGE('',*,*,#203746,.F.);
#203772=ORIENTED_EDGE('',*,*,#203759,.T.);
#203773=ORIENTED_EDGE('',*,*,#203767,.F.);
#203774=FACE_OUTER_BOUND('',#203768,.T.);
#203775=ADVANCED_FACE('PartBody',(#203774),#203701,.F.);
#203776=CARTESIAN_POINT('Axis2P3D Location',(4135.3,1433.53734714,1619.38935369));
#203777=DIRECTION('Axis2P3D Direction',(-1.,0.,0.));
#203778=DIRECTION('Axis2P3D XDirection',(-0.,0.677038081928,-0.735947984316));
#203779=AXIS2_PLACEMENT_3D('Cylinder Axis2P3D',#203776,#203777,#203778);
#203780=CYLINDRICAL_SURFACE('generated cylinder',#203779,5.);
#203781=CARTESIAN_POINT('Axis2P3D Location',(4135.3,1433.53734714,1619.38935369));
#203782=DIRECTION('Axis2P3D Direction',(-1.,0.,0.));
#203783=AXIS2_PLACEMENT_3D('Circle Axis2P3D',#203781,#203782,$);
#203784=CIRCLE('generated circle',#203783,5.);
#203785=CARTESIAN_POINT('Vertex',(4135.3,1429.86678227,1615.99421694));
#203786=VERTEX_POINT('',#203785);
#203787=EDGE_CURVE('',#203650,#203786,#203784,.T.);
#203788=CARTESIAN_POINT('Line Origine',(4135.3,1429.86678227,1615.99421694));
#203789=DIRECTION('Vector Direction',(-1.,0.,0.));
#203790=VECTOR('Line Direction',#203789,1.);
#203791=LINE('Line',#203788,#203790);
#203792=CARTESIAN_POINT('Vertex',(4137.14,1429.86678227,1615.99421694));
#203793=VERTEX_POINT('',#203792);
#203794=EDGE_CURVE('',#203786,#203793,#203791,.F.);
#203795=CARTESIAN_POINT('Axis2P3D Location',(4137.14,1433.53734714,1619.38935369));
#203796=DIRECTION('Axis2P3D Direction',(-1.,0.,0.));
#203797=AXIS2_PLACEMENT_3D('Circle Axis2P3D',#203795,#203796,$);
#203798=CIRCLE('generated circle',#203797,5.);
#203799=EDGE_CURVE('',#203657,#203793,#203798,.T.);
#203800=EDGE_LOOP('',(#203801,#203802,#203803,#203804));
#203801=ORIENTED_EDGE('',*,*,#203787,.T.);
#203802=ORIENTED_EDGE('',*,*,#203794,.T.);
#203803=ORIENTED_EDGE('',*,*,#203799,.F.);
#203804=ORIENTED_EDGE('',*,*,#203658,.F.);
#203805=FACE_OUTER_BOUND('',#203800,.T.);
#203806=ADVANCED_FACE('PartBody',(#203805),#203780,.F.);
#203807=B_SPLINE_CURVE_WITH_KNOTS('',5,(#203808,#203809,#203810,#203811,#203812,#203813),.UNSPECIFIED.,.F.,.U.,(6,6),(0.,165.802666281),.UNSPECIFIED.);
#203808=CARTESIAN_POINT('Control Point',(4135.3,1311.95862776,1732.44266878));
#203809=CARTESIAN_POINT('Control Point',(4135.3,1336.57295538,1710.22967362));
#203810=CARTESIAN_POINT('Control Point',(4135.3,1360.69014616,1687.46481042));
#203811=CARTESIAN_POINT('Control Point',(4135.3,1384.29076369,1664.16059192));
#203812=CARTESIAN_POINT('Control Point',(4135.3,1407.35526894,1640.33196116));
#203813=CARTESIAN_POINT('Control Point',(4135.3,1429.86678227,1615.99421694));
#203814=DIRECTION('Vector Direction',(1.,0.,0.));
#203815=VECTOR('Extrusion Surface Vector',#203814,1.);
#203816=SURFACE_OF_LINEAR_EXTRUSION('generated tabulated cylinder',#203807,#203815);
#203817=CARTESIAN_POINT('Line Origine',(4135.3,1311.95862776,1732.44266878));
#203818=DIRECTION('Vector Direction',(1.,0.,0.));
#203819=VECTOR('Line Direction',#203818,1.);
#203820=LINE('Line',#203817,#203819);
#203821=CARTESIAN_POINT('Vertex',(4135.3,1311.95862776,1732.44266878));
#203822=VERTEX_POINT('',#203821);
#203823=CARTESIAN_POINT('Vertex',(4137.14,1311.95862776,1732.44266878));
#203824=VERTEX_POINT('',#203823);
#203825=EDGE_CURVE('',#203822,#203824,#203820,.T.);
#203826=B_SPLINE_CURVE_WITH_KNOTS('',5,(#203827,#203828,#203829,#203830,#203831,#203832),.UNSPECIFIED.,.F.,.U.,(6,6),(0.,289.961744827),.UNSPECIFIED.);
#203827=CARTESIAN_POINT('Control Point',(4137.14,1311.95862776,1732.44266878));
#203828=CARTESIAN_POINT('Control Point',(4137.14,1336.57010412,1710.23224671));
#203829=CARTESIAN_POINT('Control Point',(4137.14,1360.68455207,1687.47039132));
#203830=CARTESIAN_POINT('Control Point',(4137.14,1384.29536571,1664.15614161));
#203831=CARTESIAN_POINT('Control Point',(4137.14,1407.35724676,1640.32982289));
#203832=CARTESIAN_POINT('Control Point',(4137.14,1429.86678227,1615.99421694));
#203833=EDGE_CURVE('',#203824,#203793,#203826,.T.);
#203834=B_SPLINE_CURVE_WITH_KNOTS('',5,(#203835,#203836,#203837,#203838,#203839,#203840),.UNSPECIFIED.,.F.,.U.,(6,6),(0.,289.961744827),.UNSPECIFIED.);
#203835=CARTESIAN_POINT('Control Point',(4135.3,1311.95862776,1732.44266878));
#203836=CARTESIAN_POINT('Control Point',(4135.3,1336.57010412,1710.23224671));
#203837=CARTESIAN_POINT('Control Point',(4135.3,1360.68455207,1687.47039132));
#203838=CARTESIAN_POINT('Control Point',(4135.3,1384.29536571,1664.15614161));
#203839=CARTESIAN_POINT('Control Point',(4135.3,1407.35724676,1640.32982289));
#203840=CARTESIAN_POINT('Control Point',(4135.3,1429.86678227,1615.99421694));
#203841=EDGE_CURVE('',#203822,#203786,#203834,.T.);
#203842=EDGE_LOOP('',(#203843,#203844,#203845,#203846));
#203843=ORIENTED_EDGE('',*,*,#203825,.T.);
#203844=ORIENTED_EDGE('',*,*,#203833,.T.);
#203845=ORIENTED_EDGE('',*,*,#203794,.F.);
#203846=ORIENTED_EDGE('',*,*,#203841,.F.);
#203847=FACE_OUTER_BOUND('',#203842,.T.);
#203848=ADVANCED_FACE('PartBody',(#203847),#203816,.F.);
#203849=CARTESIAN_POINT('Axis2P3D Location',(4135.3,1301.23935047,1720.56423898));
#203850=DIRECTION('Axis2P3D Direction',(-1.,0.,0.));
#203851=DIRECTION('Axis2P3D XDirection',(0.,-0.742334609824,0.670029347907));
#203852=AXIS2_PLACEMENT_3D('Cylinder Axis2P3D',#203849,#203850,#203851);
#203853=CYLINDRICAL_SURFACE('generated cylinder',#203852,16.);
#203854=CARTESIAN_POINT('Line Origine',(4135.3,1289.36199672,1731.28470855));
#203855=DIRECTION('Vector Direction',(-1.,0.,0.));
#203856=VECTOR('Line Direction',#203855,1.);
#203857=LINE('Line',#203854,#203856);
#203858=CARTESIAN_POINT('Vertex',(4135.3,1289.36199672,1731.28470855));
#203859=VERTEX_POINT('',#203858);
#203860=CARTESIAN_POINT('Vertex',(4137.14,1289.36199672,1731.28470855));
#203861=VERTEX_POINT('',#203860);
#203862=EDGE_CURVE('',#203859,#203861,#203857,.F.);
#203863=CARTESIAN_POINT('Axis2P3D Location',(4137.14,1301.23935047,1720.56423898));
#203864=DIRECTION('Axis2P3D Direction',(-1.,0.,0.));
#203865=AXIS2_PLACEMENT_3D('Circle Axis2P3D',#203863,#203864,$);
#203866=CIRCLE('generated circle',#203865,16.);
#203867=EDGE_CURVE('',#203861,#203824,#203866,.T.);
#203868=CARTESIAN_POINT('Axis2P3D Location',(4135.3,1301.23935047,1720.56423898));
#203869=DIRECTION('Axis2P3D Direction',(-1.,0.,0.));
#203870=AXIS2_PLACEMENT_3D('Circle Axis2P3D',#203868,#203869,$);
#203871=CIRCLE('generated circle',#203870,16.);
#203872=EDGE_CURVE('',#203859,#203822,#203871,.T.);
#203873=EDGE_LOOP('',(#203874,#203875,#203876,#203877));
#203874=ORIENTED_EDGE('',*,*,#203862,.T.);
#203875=ORIENTED_EDGE('',*,*,#203867,.T.);
#203876=ORIENTED_EDGE('',*,*,#203825,.F.);
#203877=ORIENTED_EDGE('',*,*,#203872,.F.);
#203878=FACE_OUTER_BOUND('',#203873,.T.);
#203879=ADVANCED_FACE('PartBody',(#203878),#203853,.T.);
#203880=CARTESIAN_POINT('Axis2P3D Location',(4135.3,1735.62746735,-413.325093606));
#203881=DIRECTION('Axis2P3D Direction',(-1.,0.,0.));
#203882=DIRECTION('Axis2P3D XDirection',(-0.,0.931449185657,-0.363871425835));
#203883=AXIS2_PLACEMENT_3D('Cylinder Axis2P3D',#203880,#203881,#203882);
#203884=CYLINDRICAL_SURFACE('generated cylinder',#203883,16.);
#203885=CARTESIAN_POINT('Line Origine',(4135.3,1750.53065432,-419.14703642));
#203886=DIRECTION('Vector Direction',(-1.,0.,0.));
#203887=VECTOR('Line Direction',#203886,1.);
#203888=LINE('Line',#203885,#203887);
#203889=CARTESIAN_POINT('Vertex',(4135.3,1750.53065432,-419.14703642));
#203890=VERTEX_POINT('',#203889);
#203891=CARTESIAN_POINT('Vertex',(4139.348,1750.53065432,-419.14703642));
#203892=VERTEX_POINT('',#203891);
#203893=EDGE_CURVE('',#203890,#203892,#203888,.F.);
#203894=CARTESIAN_POINT('Axis2P3D Location',(4139.348,1735.62746735,-413.325093606));
#203895=DIRECTION('Axis2P3D Direction',(-1.,0.,0.));
#203896=AXIS2_PLACEMENT_3D('Circle Axis2P3D',#203894,#203895,$);
#203897=CIRCLE('generated circle',#203896,16.);
#203898=CARTESIAN_POINT('Vertex',(4139.348,1729.69825947,-428.185931196));
#203899=VERTEX_POINT('',#203898);
#203900=EDGE_CURVE('',#203892,#203899,#203897,.T.);
#203901=CARTESIAN_POINT('Line Origine',(4135.3,1729.69825947,-428.185931196));
#203902=DIRECTION('Vector Direction',(-1.,0.,0.));
#203903=VECTOR('Line Direction',#203902,1.);
#203904=LINE('Line',#203901,#203903);
#203905=CARTESIAN_POINT('Vertex',(4135.3,1729.69825947,-428.185931196));
#203906=VERTEX_POINT('',#203905);
#203907=EDGE_CURVE('',#203906,#203899,#203904,.F.);
#203908=CARTESIAN_POINT('Axis2P3D Location',(4135.3,1735.62746735,-413.325093606));
#203909=DIRECTION('Axis2P3D Direction',(-1.,0.,0.));
#203910=AXIS2_PLACEMENT_3D('Circle Axis2P3D',#203908,#203909,$);
#203911=CIRCLE('generated circle',#203910,16.);
#203912=EDGE_CURVE('',#203890,#203906,#203911,.T.);
#203913=EDGE_LOOP('',(#203914,#203915,#203916,#203917));
#203914=ORIENTED_EDGE('',*,*,#203893,.T.);
#203915=ORIENTED_EDGE('',*,*,#203900,.T.);
#203916=ORIENTED_EDGE('',*,*,#203907,.F.);
#203917=ORIENTED_EDGE('',*,*,#203912,.F.);
#203918=FACE_OUTER_BOUND('',#203913,.T.);
#203919=ADVANCED_FACE('PartBody',(#203918),#203884,.T.);
#203920=CARTESIAN_POINT('Axis2P3D Location',(4135.3,1703.39388466,411.640559128));
#203921=DIRECTION('Axis2P3D Direction',(-1.,0.,0.));
#203922=DIRECTION('Axis2P3D XDirection',(0.,-0.205550931489,0.978646419584));
#203923=AXIS2_PLACEMENT_3D('Plane Axis2P3D',#203920,#203921,#203922);
#203924=PLANE('',#203923);
#203925=B_SPLINE_CURVE_WITH_KNOTS('',5,(#203926,#203927,#203928,#203929,#203930,#203931,#203932,#203933,#203934,#203935,#203936,#203937,#203938,#203939,#203940,#203941,#203942,#203943,#203944,#203945,#203946),.UNSPECIFIED.,.F.,.U.,(6,3,3,3,3,3,6),(682.483002903,929.56917624,1349.99848113,1645.34163306,1941.00951048,2053.15883088,2063.93684056),.UNSPECIFIED.);
#203926=CARTESIAN_POINT('Control Point',(4135.3,1437.79273213,1616.51015251));
#203927=CARTESIAN_POINT('Control Point',(4135.3,1461.371145,1590.86140973));
#203928=CARTESIAN_POINT('Control Point',(4135.3,1484.34047218,1564.6523524));
#203929=CARTESIAN_POINT('Control Point',(4135.3,1506.68155813,1537.90044249));
#203930=CARTESIAN_POINT('Control Point',(4135.3,1565.29287169,1464.21418224));
#203931=CARTESIAN_POINT('Control Point',(4135.3,1619.07304426,1386.86636828));
#203932=CARTESIAN_POINT('Control Point',(4135.3,1650.9501245,1336.80371935));
#203933=CARTESIAN_POINT('Control Point',(4135.3,1701.71591095,1249.46884008));
#203934=CARTESIAN_POINT('Control Point',(4135.3,1746.36092039,1158.89275757));
#203935=CARTESIAN_POINT('Control Point',(4135.3,1763.7192919,1121.01308502));
#203936=CARTESIAN_POINT('Control Point',(4135.3,1796.30754058,1044.26260737));
#203937=CARTESIAN_POINT('Control Point',(4135.3,1824.52801642,965.797579783));
#203938=CARTESIAN_POINT('Control Point',(4135.3,1837.53756223,926.155675193));
#203939=CARTESIAN_POINT('Control Point',(4135.3,1853.93084139,870.998974785));
#203940=CARTESIAN_POINT('Control Point',(4135.3,1868.14866389,815.260830114));
#203941=CARTESIAN_POINT('Control Point',(4135.3,1871.89370405,799.888191068));
#203942=CARTESIAN_POINT('Control Point',(4135.3,1875.81516351,782.998179227));
#203943=CARTESIAN_POINT('Control Point',(4135.3,1879.53494895,766.063474715));
#203944=CARTESIAN_POINT('Control Point',(4135.3,1879.85823376,764.584326803));
#203945=CARTESIAN_POINT('Control Point',(4135.3,1880.17937138,763.107585602));
#203946=CARTESIAN_POINT('Control Point',(4135.3,1880.4990426,761.630241355));
#203947=CARTESIAN_POINT('Vertex',(4135.3,1880.4990426,761.630241355));
#203948=VERTEX_POINT('',#203947);
#203949=EDGE_CURVE('',#203643,#203948,#203925,.T.);
#203950=B_SPLINE_CURVE_WITH_KNOTS('',5,(#203951,#203952,#203953,#203954,#203955,#203956,#203957,#203958,#203959,#203960,#203961,#203962,#203963,#203964,#203965,#203966,#203967,#203968),.UNSPECIFIED.,.F.,.U.,(6,3,3,3,3,6),(2238.72595544,2241.81296952,2389.25157143,2499.39659337,2547.16941763,2549.63154297),.UNSPECIFIED.);
#203951=CARTESIAN_POINT('Control Point',(4135.3,1880.4990426,761.630241355));
#203952=CARTESIAN_POINT('Control Point',(4135.3,1880.58404084,761.211861116));
#203953=CARTESIAN_POINT('Control Point',(4135.3,1880.66914518,760.792324746));
#203954=CARTESIAN_POINT('Control Point',(4135.3,1880.75474291,760.369713937));
#203955=CARTESIAN_POINT('Control Point',(4135.3,1884.96332686,739.559891283));
#203956=CARTESIAN_POINT('Control Point',(4135.3,1888.86802061,718.687906986));
#203957=CARTESIAN_POINT('Control Point',(4135.3,1892.40102324,698.173638505));
#203958=CARTESIAN_POINT('Control Point',(4135.3,1898.04946496,662.271162219));
#203959=CARTESIAN_POINT('Control Point',(4135.3,1902.77862513,626.238780297));
#203960=CARTESIAN_POINT('Control Point',(4135.3,1904.63161918,610.807717779));
#203961=CARTESIAN_POINT('Control Point',(4135.3,1907.04294821,588.655880657));
#203962=CARTESIAN_POINT('Control Point',(4135.3,1909.09844598,566.473502908));
#203963=CARTESIAN_POINT('Control Point',(4135.3,1909.68757983,559.760172135));
#203964=CARTESIAN_POINT('Control Point',(4135.3,1910.27251622,552.698648153));
#203965=CARTESIAN_POINT('Control Point',(4135.3,1910.82106549,545.634395565));
#203966=CARTESIAN_POINT('Control Point',(4135.3,1910.84786252,545.288158595));
#203967=CARTESIAN_POINT('Control Point',(4135.3,1910.87457209,544.941911653));
#203968=CARTESIAN_POINT('Control Point',(4135.3,1910.90119627,544.595647327));
#203969=CARTESIAN_POINT('Vertex',(4135.3,1910.90119627,544.595647327));
#203970=VERTEX_POINT('',#203969);
#203971=EDGE_CURVE('',#203948,#203970,#203950,.T.);
#203972=B_SPLINE_CURVE_WITH_KNOTS('',5,(#203973,#203974,#203975,#203976,#203977,#203978,#203979,#203980,#203981,#203982,#203983,#203984,#203985,#203986,#203987,#203988,#203989,#203990,#203991,#203992,#203993,#203994,#203995,#203996,#203997,#203998,#203999,#204000,#204001,#204002,#204003,#204004,#204005,#204006,#204007,#204008,#204009,#204010,#204011,#204012,#204013,#204014,#204015,#204016,#204017,#204018,#204019,#204020,#204021,#204022,#204023,#204024,#204025,#204026,#204027,#204028,#204029,#204030,#204031,#204032,#204033,#204034,#204035,#204036,#204037,#204038,#204039,#204040,#204041,#204042,#204043,#204044,#204045,#204046,#204047,#204048,#204049,#204050,#204051,#204052,#204053,#204054,#204055,#204056,#204057,#204058,#204059),.UNSPECIFIED.,.F.,.U.,(6,3,3,3,3,3,3,3,3,3,3,3,3,3,3,3,3,3,3,3,3,3,3,3,3,3,3,3,6),(1506.87371045,1511.56910073,1695.50301429,1700.08057228,1706.10546696,1712.13036165,1717.82570591,1719.7241998,1730.78396662,1735.49413901,1754.15346411,1760.37327422,1810.17096531,1824.81931743,1839.36333045,1848.78372622,1861.40239236,1864.66614807,1871.02586721,1877.26243394,1879.6447127,1887.23688097,1893.76623973,1912.7426454,1924.12849682,2052.27669989,2099.38336266,2723.53676901,2728.28492326),.UNSPECIFIED.);
#203973=CARTESIAN_POINT('Control Point',(4135.3,1910.90119627,544.595647327));
#203974=CARTESIAN_POINT('Control Point',(4135.3,1910.96052333,543.933919928));
#203975=CARTESIAN_POINT('Control Point',(4135.3,1911.01959889,543.271455312));
#203976=CARTESIAN_POINT('Control Point',(4135.3,1911.07832768,542.609239114));
#203977=CARTESIAN_POINT('Control Point',(4135.3,1913.41569944,516.106660095));
#203978=CARTESIAN_POINT('Control Point',(4135.3,1915.23870638,489.560513089));
#203979=CARTESIAN_POINT('Control Point',(4135.3,1916.51807147,463.651675948));
#203980=CARTESIAN_POINT('Control Point',(4135.3,1917.30920927,437.07316878));
#203981=CARTESIAN_POINT('Control Point',(4135.3,1917.55396451,410.490832553));
#203982=CARTESIAN_POINT('Control Point',(4135.3,1917.55859029,409.961637236));
#203983=CARTESIAN_POINT('Control Point',(4135.3,1917.57094505,408.473395132));
#203984=CARTESIAN_POINT('Control Point',(4135.3,1917.58146938,407.004974569));
#203985=CARTESIAN_POINT('Control Point',(4135.3,1917.5868451,406.178567341));
#203986=CARTESIAN_POINT('Control Point',(4135.3,1917.59639581,404.539103506));
#203987=CARTESIAN_POINT('Control Point',(4135.3,1917.60367842,402.912590805));
#203988=CARTESIAN_POINT('Control Point',(4135.3,1917.60678355,402.099304296));
#203989=CARTESIAN_POINT('Control Point',(4135.3,1917.61188408,400.508630908));
#203990=CARTESIAN_POINT('Control Point',(4135.3,1917.61525073,398.894591393));
#203991=CARTESIAN_POINT('Control Point',(4135.3,1917.61649805,398.103093838));
#203992=CARTESIAN_POINT('Control Point',(4135.3,1917.61764018,397.039191349));
#203993=CARTESIAN_POINT('Control Point',(4135.3,1917.61797151,395.969492823));
#203994=CARTESIAN_POINT('Control Point',(4135.3,1917.61800461,395.701772123));
#203995=CARTESIAN_POINT('Control Point',(4135.3,1917.61778959,393.875100269));
#203996=CARTESIAN_POINT('Control Point',(4135.3,1917.61504988,392.043087801));
#203997=CARTESIAN_POINT('Control Point',(4135.3,1917.61310331,390.480981405));
#203998=CARTESIAN_POINT('Control Point',(4135.3,1917.60746886,388.257715616));
#203999=CARTESIAN_POINT('Control Point',(4135.3,1917.59743789,386.034995266));
#204000=CARTESIAN_POINT('Control Point',(4135.3,1917.59606883,385.768217415));
#204001=CARTESIAN_POINT('Control Point',(4135.3,1917.57856516,382.471566927));
#204002=CARTESIAN_POINT('Control Point',(4135.3,1917.55352794,379.176199448));
#204003=CARTESIAN_POINT('Control Point',(4135.3,1917.52796081,376.544405256));
#204004=CARTESIAN_POINT('Control Point',(4135.3,1917.4881719,373.034289408));
#204005=CARTESIAN_POINT('Control Point',(4135.3,1917.44060653,369.524487687));
#204006=CARTESIAN_POINT('Control Point',(4135.3,1917.42821785,368.647063004));
#204007=CARTESIAN_POINT('Control Point',(4135.3,1917.31221498,360.745245603));
#204008=CARTESIAN_POINT('Control Point',(4135.3,1917.15652161,352.853522287));
#204009=CARTESIAN_POINT('Control Point',(4135.3,1916.98829535,345.896857402));
#204010=CARTESIAN_POINT('Control Point',(4135.3,1916.72960889,336.838876217));
#204011=CARTESIAN_POINT('Control Point',(4135.3,1916.4175252,327.759744531));
#204012=CARTESIAN_POINT('Control Point',(4135.3,1916.34645754,325.768431793));
#204013=CARTESIAN_POINT('Control Point',(4135.3,1916.19410647,321.652987707));
#204014=CARTESIAN_POINT('Control Point',(4135.3,1916.03025078,317.538521321));
#204015=CARTESIAN_POINT('Control Point',(4135.3,1915.94564507,315.488510919));
#204016=CARTESIAN_POINT('Control Point',(4135.3,1915.80186468,312.110325796));
#204017=CARTESIAN_POINT('Control Point',(4135.3,1915.65119338,308.732058388));
#204018=CARTESIAN_POINT('Control Point',(4135.3,1915.59001409,307.38418626));
#204019=CARTESIAN_POINT('Control Point',(4135.3,1915.44661802,304.277845988));
#204020=CARTESIAN_POINT('Control Point',(4135.3,1915.29679582,301.173332849));
#204021=CARTESIAN_POINT('Control Point',(4135.3,1915.20856692,299.396163549));
#204022=CARTESIAN_POINT('Control Point',(4135.3,1915.09430617,297.158764032));
#204023=CARTESIAN_POINT('Control Point',(4135.3,1914.97793733,294.918348414));
#204024=CARTESIAN_POINT('Control Point',(4135.3,1914.9574229,294.524277354));
#204025=CARTESIAN_POINT('Control Point',(4135.3,1914.8870237,293.17440691));
#204026=CARTESIAN_POINT('Control Point',(4135.3,1914.81720343,291.84426154));
#204027=CARTESIAN_POINT('Control Point',(4135.3,1914.7721178,290.989556693));
#204028=CARTESIAN_POINT('Control Point',(4135.3,1914.68087641,289.27706413));
#204029=CARTESIAN_POINT('Control Point',(4135.3,1914.58653416,287.552227542));
#204030=CARTESIAN_POINT('Control Point',(4135.3,1914.53881305,286.693247295));
#204031=CARTESIAN_POINT('Control Point',(4135.3,1914.47059697,285.48494507));
#204032=CARTESIAN_POINT('Control Point',(4135.3,1914.40066159,284.27169383));
#204033=CARTESIAN_POINT('Control Point',(4135.3,1914.37516661,283.832192754));
#204034=CARTESIAN_POINT('Control Point',(4135.3,1914.29325898,282.428734774));
#204035=CARTESIAN_POINT('Control Point',(4135.3,1914.20957415,281.024582686));
#204036=CARTESIAN_POINT('Control Point',(4135.3,1914.14501072,279.955089997));
#204037=CARTESIAN_POINT('Control Point',(4135.3,1914.02396726,277.964448655));
#204038=CARTESIAN_POINT('Control Point',(4135.3,1913.90190908,275.972074275));
#204039=CARTESIAN_POINT('Control Point',(4135.3,1913.79946993,274.301772376));
#204040=CARTESIAN_POINT('Control Point',(4135.3,1913.57845565,270.704362273));
#204041=CARTESIAN_POINT('Control Point',(4135.3,1913.35375041,267.11300353));
#204042=CARTESIAN_POINT('Control Point',(4135.3,1913.18114252,264.441234551));
#204043=CARTESIAN_POINT('Control Point',(4135.3,1912.89899441,260.165010216));
#204044=CARTESIAN_POINT('Control Point',(4135.3,1912.60701133,255.889966322));
#204045=CARTESIAN_POINT('Control Point',(4135.3,1912.49607187,254.28693038));
#204046=CARTESIAN_POINT('Control Point',(4135.3,1911.11934015,234.642515183));
#204047=CARTESIAN_POINT('Control Point',(4135.3,1909.53056566,215.012291556));
#204048=CARTESIAN_POINT('Control Point',(4135.3,1907.89351834,196.993465926));
#204049=CARTESIAN_POINT('Control Point',(4135.3,1905.41348049,172.382065199));
#204050=CARTESIAN_POINT('Control Point',(4135.3,1902.60360227,147.807801693));
#204051=CARTESIAN_POINT('Control Point',(4135.3,1901.82450669,141.205048239));
#204052=CARTESIAN_POINT('Control Point',(4135.3,1890.3838156,47.1610114072));
#204053=CARTESIAN_POINT('Control Point',(4135.3,1874.11636031,-46.267417317));
#204054=CARTESIAN_POINT('Control Point',(4135.3,1854.86811572,-132.254768676));
#204055=CARTESIAN_POINT('Control Point',(4135.3,1831.328857,-217.938666182));
#204056=CARTESIAN_POINT('Control Point',(4135.3,1803.70565482,-302.292845099));
#204057=CARTESIAN_POINT('Control Point',(4135.3,1803.49686809,-302.929635384));
#204058=CARTESIAN_POINT('Control Point',(4135.3,1803.28784734,-303.566352443));
#204059=CARTESIAN_POINT('Control Point',(4135.3,1803.07859342,-304.20300041));
#204060=CARTESIAN_POINT('Vertex',(4135.3,1803.07859342,-304.20300041));
#204061=VERTEX_POINT('',#204060);
#204062=EDGE_CURVE('',#203970,#204061,#203972,.T.);
#204063=B_SPLINE_CURVE_WITH_KNOTS('',5,(#204064,#204065,#204066,#204067,#204068,#204069,#204070,#204071,#204072),.UNSPECIFIED.,.F.,.U.,(6,3,6),(1235.69560372,1236.74973356,1307.15675893),.UNSPECIFIED.);
#204064=CARTESIAN_POINT('Control Point',(4135.3,1803.07859342,-304.20300041));
#204065=CARTESIAN_POINT('Control Point',(4135.3,1803.03931698,-304.346509326));
#204066=CARTESIAN_POINT('Control Point',(4135.3,1803.00003034,-304.490011071));
#204067=CARTESIAN_POINT('Control Point',(4135.3,1802.96073306,-304.633506488));
#204068=CARTESIAN_POINT('Control Point',(4135.3,1800.29595181,-314.360949327));
#204069=CARTESIAN_POINT('Control Point',(4135.3,1797.57746663,-324.073914412));
#204070=CARTESIAN_POINT('Control Point',(4135.3,1794.84453355,-333.637807732));
#204071=CARTESIAN_POINT('Control Point',(4135.3,1792.06239927,-343.176969032));
#204072=CARTESIAN_POINT('Control Point',(4135.3,1789.22874341,-352.699823649));
#204073=CARTESIAN_POINT('Vertex',(4135.3,1789.22874341,-352.699823649));
#204074=VERTEX_POINT('',#204073);
#204075=EDGE_CURVE('',#204061,#204074,#204063,.T.);
#204076=CARTESIAN_POINT('Line Origine',(4135.3,1785.20510637,-351.503656535));
#204077=DIRECTION('Vector Direction',(0.,-0.958539564595,0.284959476253));
#204078=VECTOR('Line Direction',#204077,1.);
#204079=LINE('Line',#204076,#204078);
#204080=CARTESIAN_POINT('Vertex',(4135.3,1781.18146934,-350.307489424));
#204081=VERTEX_POINT('',#204080);
#204082=EDGE_CURVE('',#204074,#204081,#204079,.T.);
#204083=CARTESIAN_POINT('Axis2P3D Location',(4135.3,1779.75667196,-355.100187247));
#204084=DIRECTION('Axis2P3D Direction',(-1.,0.,0.));
#204085=AXIS2_PLACEMENT_3D('Circle Axis2P3D',#204083,#204084,$);
#204086=CIRCLE('generated circle',#204085,5.);
#204087=CARTESIAN_POINT('Vertex',(4135.3,1775.04562095,-353.425075794));
#204088=VERTEX_POINT('',#204087);
#204089=EDGE_CURVE('',#204088,#204081,#204086,.T.);
#204090=CARTESIAN_POINT('Axis2P3D Location',(4135.3,-371.030644151,409.650274961));
#204091=DIRECTION('Axis2P3D Direction',(-1.,0.,0.));
#204092=AXIS2_PLACEMENT_3D('Circle Axis2P3D',#204090,#204091,$);
#204093=CIRCLE('generated circle',#204092,2277.70220322);
#204094=EDGE_CURVE('',#204088,#203890,#204093,.T.);
#204095=CARTESIAN_POINT('Line Origine',(4135.3,1706.50501563,-418.932242538));
#204096=DIRECTION('Vector Direction',(0.,-0.928802349351,0.370575492768));
#204097=VECTOR('Line Direction',#204096,1.);
#204098=LINE('Line',#204095,#204097);
#204099=CARTESIAN_POINT('Vertex',(4135.3,1683.31177179,-409.67855388));
#204100=VERTEX_POINT('',#204099);
#204101=EDGE_CURVE('',#203906,#204100,#204098,.T.);
#204102=B_SPLINE_CURVE_WITH_KNOTS('',5,(#204103,#204104,#204105,#204106,#204107,#204108,#204109,#204110,#204111,#204112,#204113,#204114,#204115,#204116,#204117,#204118,#204119,#204120,#204121,#204122,#204123,#204124,#204125,#204126,#204127,#204128,#204129,#204130,#204131,#204132,#204133,#204134,#204135,#204136,#204137,#204138,#204139,#204140,#204141,#204142,#204143,#204144,#204145,#204146,#204147,#204148,#204149,#204150,#204151,#204152,#204153,#204154,#204155,#204156,#204157,#204158,#204159,#204160,#204161,#204162,#204163,#204164,#204165,#204166,#204167,#204168,#204169,#204170,#204171,#204172,#204173,#204174,#204175,#204176,#204177,#204178,#204179,#204180,#204181,#204182,#204183,#204184,#204185,#204186,#204187,#204188,#204189,#204190,#204191,#204192,#204193,#204194,#204195,#204196,#204197,#204198,#204199,#204200,#204201,#204202,#204203,#204204,#204205,#204206,#204207,#204208,#204209,#204210,#204211,#204212,#204213,#204214,#204215,#204216),.UNSPECIFIED.,.F.,.U.,(6,3,3,3,3,3,3,3,3,3,3,3,3,3,3,3,3,3,3,3,3,3,3,3,3,3,3,3,3,3,3,3,3,3,3,3,3,6),(1174.05696457,1363.60465868,1706.75193384,2032.17955685,2547.40420761,2840.37984227,3183.83808253,3521.72724925,3719.33728226,3735.54741969,3751.76300555,3759.76915823,3767.85227946,3776.07524925,3784.10174085,3792.98285567,3801.774375,3810.43892827,3819.10348153,3887.17875664,3904.35618473,3912.12842554,3919.7982657,3935.5125587,3943.98183239,3952.9251633,3966.1836552,3970.60315602,3976.46407142,3982.32498681,3999.97516609,4005.4677506,4075.79804724,4102.74798912,4544.89269057,4737.31995271,4929.64997331,5229.9440638),.UNSPECIFIED.);
#204103=CARTESIAN_POINT('Control Point',(4135.3,1250.44798031,1688.17134153));
#204104=CARTESIAN_POINT('Control Point',(4135.3,1266.44575317,1673.99355639));
#204105=CARTESIAN_POINT('Control Point',(4135.3,1282.23007339,1659.57587315));
#204106=CARTESIAN_POINT('Control Point',(4135.3,1297.79543555,1644.92168652));
#204107=CARTESIAN_POINT('Control Point',(4135.3,1340.90881639,1603.08436713));
#204108=CARTESIAN_POINT('Control Point',(4135.3,1382.20654742,1559.44266016));
#204109=CARTESIAN_POINT('Control Point',(4135.3,1408.02416302,1530.60584994));
#204110=CARTESIAN_POINT('Control Point',(4135.3,1456.74600011,1473.05891469));
#204111=CARTESIAN_POINT('Control Point',(4135.3,1502.29588833,1412.97049425));
#204112=CARTESIAN_POINT('Control Point',(4135.3,1523.69537493,1383.1450695));
#204113=CARTESIAN_POINT('Control Point',(4135.3,1576.92758019,1304.6857988));
#204114=CARTESIAN_POINT('Control Point',(4135.3,1624.761546,1222.76350175));
#204115=CARTESIAN_POINT('Control Point',(4135.3,1651.98358812,1171.36854936));
#204116=CARTESIAN_POINT('Control Point',(4135.3,1691.31825078,1089.07487396));
#204117=CARTESIAN_POINT('Control Point',(4135.3,1725.2601475,1004.46237778));
#204118=CARTESIAN_POINT('Control Point',(4135.3,1736.84820143,973.506256767));
#204119=CARTESIAN_POINT('Control Point',(4135.3,1760.44343066,905.704027667));
#204120=CARTESIAN_POINT('Control Point',(4135.3,1780.5716596,836.792044106));
#204121=CARTESIAN_POINT('Control Point',(4135.3,1790.40943902,799.316749759));
#204122=CARTESIAN_POINT('Control Point',(4135.3,1807.86087712,724.47745912));
#204123=CARTESIAN_POINT('Control Point',(4135.3,1821.1348791,648.809111821));
#204124=CARTESIAN_POINT('Control Point',(4135.3,1826.67043075,611.118229988));
#204125=CARTESIAN_POINT('Control Point',(4135.3,1833.74647425,551.181639081));
#204126=CARTESIAN_POINT('Control Point',(4135.3,1838.05584704,491.033403037));
#204127=CARTESIAN_POINT('Control Point',(4135.3,1839.26318327,468.817358277));
#204128=CARTESIAN_POINT('Control Point',(4135.3,1840.14766832,444.767158754));
#204129=CARTESIAN_POINT('Control Point',(4135.3,1840.56621851,420.716055303));
#204130=CARTESIAN_POINT('Control Point',(4135.3,1840.59531521,418.889519543));
#204131=CARTESIAN_POINT('Control Point',(4135.3,1840.64803856,415.242055046));
#204132=CARTESIAN_POINT('Control Point',(4135.3,1840.68999582,411.596485623));
#204133=CARTESIAN_POINT('Control Point',(4135.3,1840.70828365,409.773664742));
#204134=CARTESIAN_POINT('Control Point',(4135.3,1840.73159592,407.047734278));
#204135=CARTESIAN_POINT('Control Point',(4135.3,1840.74882403,404.317907177));
#204136=CARTESIAN_POINT('Control Point',(4135.3,1840.75390761,403.403557885));
#204137=CARTESIAN_POINT('Control Point',(4135.3,1840.76262522,401.589762431));
#204138=CARTESIAN_POINT('Control Point',(4135.3,1840.76861464,399.784146573));
#204139=CARTESIAN_POINT('Control Point',(4135.3,1840.7708645,398.912373791));
#204140=CARTESIAN_POINT('Control Point',(4135.3,1840.77424412,397.101405304));
#204141=CARTESIAN_POINT('Control Point',(4135.3,1840.77523082,395.30440781));
#204142=CARTESIAN_POINT('Control Point',(4135.3,1840.77521733,394.50796986));
#204143=CARTESIAN_POINT('Control Point',(4135.3,1840.77443781,392.712027629));
#204144=CARTESIAN_POINT('Control Point',(4135.3,1840.77199753,390.897950376));
#204145=CARTESIAN_POINT('Control Point',(4135.3,1840.77038442,389.996415488));
#204146=CARTESIAN_POINT('Control Point',(4135.3,1840.76583411,388.092856803));
#204147=CARTESIAN_POINT('Control Point',(4135.3,1840.75855938,386.186036171));
#204148=CARTESIAN_POINT('Control Point',(4135.3,1840.75448719,385.30799667));
#204149=CARTESIAN_POINT('Control Point',(4135.3,1840.74365379,383.318764168));
#204150=CARTESIAN_POINT('Control Point',(4135.3,1840.7296097,381.328521045));
#204151=CARTESIAN_POINT('Control Point',(4135.3,1840.72244339,380.409122537));
#204152=CARTESIAN_POINT('Control Point',(4135.3,1840.70575594,378.439947233));
#204153=CARTESIAN_POINT('Control Point',(4135.3,1840.68635114,376.470050605));
#204154=CARTESIAN_POINT('Control Point',(4135.3,1840.67606699,375.492408501));
#204155=CARTESIAN_POINT('Control Point',(4135.3,1840.65419537,373.537271851));
#204156=CARTESIAN_POINT('Control Point',(4135.3,1840.62972396,371.581993002));
#204157=CARTESIAN_POINT('Control Point',(4135.3,1840.61683784,370.604085396));
#204158=CARTESIAN_POINT('Control Point',(4135.3,1840.49708619,361.945096518));
#204159=CARTESIAN_POINT('Control Point',(4135.3,1840.32793039,353.313220559));
#204160=CARTESIAN_POINT('Control Point',(4135.3,1840.14276372,345.802052179));
#204161=CARTESIAN_POINT('Control Point',(4135.3,1839.85931208,336.208147157));
#204162=CARTESIAN_POINT('Control Point',(4135.3,1839.51323812,326.594839771));
#204163=CARTESIAN_POINT('Control Point',(4135.3,1839.43779403,324.575236715));
#204164=CARTESIAN_POINT('Control Point',(4135.3,1839.32890023,321.768375503));
#204165=CARTESIAN_POINT('Control Point',(4135.3,1839.21464332,318.965526223));
#204166=CARTESIAN_POINT('Control Point',(4135.3,1839.17852868,318.092554843));
#204167=CARTESIAN_POINT('Control Point',(4135.3,1839.10571489,316.357334791));
#204168=CARTESIAN_POINT('Control Point',(4135.3,1839.03064158,314.616016645));
#204169=CARTESIAN_POINT('Control Point',(4135.3,1838.99022599,313.690879667));
#204170=CARTESIAN_POINT('Control Point',(4135.3,1838.87255604,311.030255388));
#204171=CARTESIAN_POINT('Control Point',(4135.3,1838.74806928,308.315748689));
#204172=CARTESIAN_POINT('Control Point',(4135.3,1838.66121729,306.467422987));
#204173=CARTESIAN_POINT('Control Point',(4135.3,1838.52500217,303.663244364));
#204174=CARTESIAN_POINT('Control Point',(4135.3,1838.38589419,300.916922645));
#204175=CARTESIAN_POINT('Control Point',(4135.3,1838.32614719,299.752893989));
#204176=CARTESIAN_POINT('Control Point',(4135.3,1838.22462377,297.788614721));
#204177=CARTESIAN_POINT('Control Point',(4135.3,1838.12169949,295.819477171));
#204178=CARTESIAN_POINT('Control Point',(4135.3,1838.07158781,294.863952402));
#204179=CARTESIAN_POINT('Control Point',(4135.3,1837.93779549,292.339849816));
#204180=CARTESIAN_POINT('Control Point',(4135.3,1837.79864073,289.812175735));
#204181=CARTESIAN_POINT('Control Point',(4135.3,1837.71307347,288.305475675));
#204182=CARTESIAN_POINT('Control Point',(4135.3,1837.59571853,286.302859226));
#204183=CARTESIAN_POINT('Control Point',(4135.3,1837.47520667,284.300187856));
#204184=CARTESIAN_POINT('Control Point',(4135.3,1837.444909,283.799377376));
#204185=CARTESIAN_POINT('Control Point',(4135.3,1837.37409989,282.633021439));
#204186=CARTESIAN_POINT('Control Point',(4135.3,1837.3026651,281.463565554));
#204187=CARTESIAN_POINT('Control Point',(4135.3,1837.26180211,280.795744775));
#204188=CARTESIAN_POINT('Control Point',(4135.3,1837.17994265,279.458947344));
#204189=CARTESIAN_POINT('Control Point',(4135.3,1837.09796921,278.122714318));
#204190=CARTESIAN_POINT('Control Point',(4135.3,1837.05699537,277.455384218));
#204191=CARTESIAN_POINT('Control Point',(4135.3,1836.89266938,274.785336896));
#204192=CARTESIAN_POINT('Control Point',(4135.3,1836.72793953,272.145970709));
#204193=CARTESIAN_POINT('Control Point',(4135.3,1836.60547842,270.223719333));
#204194=CARTESIAN_POINT('Control Point',(4135.3,1836.43571492,267.613815982));
#204195=CARTESIAN_POINT('Control Point',(4135.3,1836.26228224,265.00655497));
#204196=CARTESIAN_POINT('Control Point',(4135.3,1836.20708164,264.181491009));
#204197=CARTESIAN_POINT('Control Point',(4135.3,1835.63324193,255.654978856));
#204198=CARTESIAN_POINT('Control Point',(4135.3,1835.02232331,247.186168028));
#204199=CARTESIAN_POINT('Control Point',(4135.3,1834.41650944,239.281890639));
#204200=CARTESIAN_POINT('Control Point',(4135.3,1833.52637403,228.315125726));
#204201=CARTESIAN_POINT('Control Point',(4135.3,1832.56760252,217.347862147));
#204202=CARTESIAN_POINT('Control Point',(4135.3,1832.29654225,214.307509934));
#204203=CARTESIAN_POINT('Control Point',(4135.3,1827.49197538,161.443924341));
#204204=CARTESIAN_POINT('Control Point',(4135.3,1821.10811818,108.727611706));
#204205=CARTESIAN_POINT('Control Point',(4135.3,1813.7066147,59.2452073101));
#204206=CARTESIAN_POINT('Control Point',(4135.3,1801.09243196,-11.4448121509));
#204207=CARTESIAN_POINT('Control Point',(4135.3,1785.63702683,-81.5602345144));
#204208=CARTESIAN_POINT('Control Point',(4135.3,1780.6888686,-102.768734995));
#204209=CARTESIAN_POINT('Control Point',(4135.3,1770.27719092,-145.046264126));
#204210=CARTESIAN_POINT('Control Point',(4135.3,1758.83264915,-187.057085572));
#204211=CARTESIAN_POINT('Control Point',(4135.3,1752.85498505,-207.985435323));
#204212=CARTESIAN_POINT('Control Point',(4135.3,1736.88829118,-261.397522363));
#204213=CARTESIAN_POINT('Control Point',(4135.3,1719.24976189,-314.286162262));
#204214=CARTESIAN_POINT('Control Point',(4135.3,1707.88069596,-346.315346444));
#204215=CARTESIAN_POINT('Control Point',(4135.3,1695.89942196,-378.117989991));
#204216=CARTESIAN_POINT('Control Point',(4135.3,1683.31177179,-409.67855388));
#204217=CARTESIAN_POINT('Vertex',(4135.3,1250.44798031,1688.17134153));
#204218=VERTEX_POINT('',#204217);
#204219=EDGE_CURVE('',#204100,#204218,#204102,.F.);
#204220=CARTESIAN_POINT('Line Origine',(4135.3,1269.90498852,1709.72802504));
#204221=DIRECTION('Vector Direction',(0.,0.670029347907,0.742334609824));
#204222=VECTOR('Line Direction',#204221,1.);
#204223=LINE('Line',#204220,#204222);
#204224=EDGE_CURVE('',#204218,#203859,#204223,.T.);
#204225=EDGE_LOOP('',(#204226,#204227,#204228,#204229,#204230,#204231,#204232,#204233,#204234,#204235,#204236,#204237,#204238,#204239,#204240));
#204226=ORIENTED_EDGE('',*,*,#203949,.T.);
#204227=ORIENTED_EDGE('',*,*,#203971,.T.);
#204228=ORIENTED_EDGE('',*,*,#204062,.T.);
#204229=ORIENTED_EDGE('',*,*,#204075,.T.);
#204230=ORIENTED_EDGE('',*,*,#204082,.T.);
#204231=ORIENTED_EDGE('',*,*,#204089,.F.);
#204232=ORIENTED_EDGE('',*,*,#204094,.T.);
#204233=ORIENTED_EDGE('',*,*,#203912,.T.);
#204234=ORIENTED_EDGE('',*,*,#204101,.T.);
#204235=ORIENTED_EDGE('',*,*,#204219,.T.);
#204236=ORIENTED_EDGE('',*,*,#204224,.T.);
#204237=ORIENTED_EDGE('',*,*,#203872,.T.);
#204238=ORIENTED_EDGE('',*,*,#203841,.T.);
#204239=ORIENTED_EDGE('',*,*,#203787,.F.);
#204240=ORIENTED_EDGE('',*,*,#203651,.T.);
#204241=FACE_OUTER_BOUND('',#204225,.T.);
#204242=ADVANCED_FACE('PartBody',(#204241),#203924,.T.);
#204243=B_SPLINE_SURFACE_WITH_KNOTS('',5,5,((#204244,#204245,#204246,#204247,#204248,#204249,#204250,#204251,#204252),(#204253,#204254,#204255,#204256,#204257,#204258,#204259,#204260,#204261),(#204262,#204263,#204264,#204265,#204266,#204267,#204268,#204269,#204270),(#204271,#204272,#204273,#204274,#204275,#204276,#204277,#204278,#204279),(#204280,#204281,#204282,#204283,#204284,#204285,#204286,#204287,#204288),(#204289,#204290,#204291,#204292,#204293,#204294,#204295,#204296,#204297),(#204298,#204299,#204300,#204301,#204302,#204303,#204304,#204305,#204306),(#204307,#204308,#204309,#204310,#204311,#204312,#204313,#204314,#204315),(#204316,#204317,#204318,#204319,#204320,#204321,#204322,#204323,#204324),(#204325,#204326,#204327,#204328,#204329,#204330,#204331,#204332,#204333),(#204334,#204335,#204336,#204337,#204338,#204339,#204340,#204341,#204342),(#204343,#204344,#204345,#204346,#204347,#204348,#204349,#204350,#204351),(#204352,#204353,#204354,#204355,#204356,#204357,#204358,#204359,#204360),(#204361,#204362,#204363,#204364,#204365,#204366,#204367,#204368,#204369),(#204370,#204371,#204372,#204373,#204374,#204375,#204376,#204377,#204378),(#204379,#204380,#204381,#204382,#204383,#204384,#204385,#204386,#204387),(#204388,#204389,#204390,#204391,#204392,#204393,#204394,#204395,#204396),(#204397,#204398,#204399,#204400,#204401,#204402,#204403,#204404,#204405),(#204406,#204407,#204408,#204409,#204410,#204411,#204412,#204413,#204414),(#204415,#204416,#204417,#204418,#204419,#204420,#204421,#204422,#204423),(#204424,#204425,#204426,#204427,#204428,#204429,#204430,#204431,#204432),(#204433,#204434,#204435,#204436,#204437,#204438,#204439,#204440,#204441),(#204442,#204443,#204444,#204445,#204446,#204447,#204448,#204449,#204450),(#204451,#204452,#204453,#204454,#204455,#204456,#204457,#204458,#204459),(#204460,#204461,#204462,#204463,#204464,#204465,#204466,#204467,#204468),(#204469,#204470,#204471,#204472,#204473,#204474,#204475,#204476,#204477),(#204478,#204479,#204480,#204481,#204482,#204483,#204484,#204485,#204486),(#204487,#204488,#204489,#204490,#204491,#204492,#204493,#204494,#204495),(#204496,#204497,#204498,#204499,#204500,#204501,#204502,#204503,#204504),(#204505,#204506,#204507,#204508,#204509,#204510,#204511,#204512,#204513),(#204514,#204515,#204516,#204517,#204518,#204519,#204520,#204521,#204522),(#204523,#204524,#204525,#204526,#204527,#204528,#204529,#204530,#204531),(#204532,#204533,#204534,#204535,#204536,#204537,#204538,#204539,#204540),(#204541,#204542,#204543,#204544,#204545,#204546,#204547,#204548,#204549),(#204550,#204551,#204552,#204553,#204554,#204555,#204556,#204557,#204558),(#204559,#204560,#204561,#204562,#204563,#204564,#204565,#204566,#204567),(#204568,#204569,#204570,#204571,#204572,#204573,#204574,#204575,#204576),(#204577,#204578,#204579,#204580,#204581,#204582,#204583,#204584,#204585),(#204586,#204587,#204588,#204589,#204590,#204591,#204592,#204593,#204594),(#204595,#204596,#204597,#204598,#204599,#204600,#204601,#204602,#204603),(#204604,#204605,#204606,#204607,#204608,#204609,#204610,#204611,#204612),(#204613,#204614,#204615,#204616,#204617,#204618,#204619,#204620,#204621),(#204622,#204623,#204624,#204625,#204626,#204627,#204628,#204629,#204630),(#204631,#204632,#204633,#204634,#204635,#204636,#204637,#204638,#204639),(#204640,#204641,#204642,#204643,#204644,#204645,#204646,#204647,#204648),(#204649,#204650,#204651,#204652,#204653,#204654,#204655,#204656,#204657),(#204658,#204659,#204660,#204661,#204662,#204663,#204664,#204665,#204666),(#204667,#204668,#204669,#204670,#204671,#204672,#204673,#204674,#204675),(#204676,#204677,#204678,#204679,#204680,#204681,#204682,#204683,#204684),(#204685,#204686,#204687,#204688,#204689,#204690,#204691,#204692,#204693),(#204694,#204695,#204696,#204697,#204698,#204699,#204700,#204701,#204702),(#204703,#204704,#204705,#204706,#204707,#204708,#204709,#204710,#204711),(#204712,#204713,#204714,#204715,#204716,#204717,#204718,#204719,#204720),(#204721,#204722,#204723,#204724,#204725,#204726,#204727,#204728,#204729),(#204730,#204731,#204732,#204733,#204734,#204735,#204736,#204737,#204738),(#204739,#204740,#204741,#204742,#204743,#204744,#204745,#204746,#204747),(#204748,#204749,#204750,#204751,#204752,#204753,#204754,#204755,#204756),(#204757,#204758,#204759,#204760,#204761,#204762,#204763,#204764,#204765),(#204766,#204767,#204768,#204769,#204770,#204771,#204772,#204773,#204774),(#204775,#204776,#204777,#204778,#204779,#204780,#204781,#204782,#204783),(#204784,#204785,#204786,#204787,#204788,#204789,#204790,#204791,#204792),(#204793,#204794,#204795,#204796,#204797,#204798,#204799,#204800,#204801),(#204802,#204803,#204804,#204805,#204806,#204807,#204808,#204809,#204810),(#204811,#204812,#204813,#204814,#204815,#204816,#204817,#204818,#204819),(#204820,#204821,#204822,#204823,#204824,#204825,#204826,#204827,#204828),(#204829,#204830,#204831,#204832,#204833,#204834,#204835,#204836,#204837),(#204838,#204839,#204840,#204841,#204842,#204843,#204844,#204845,#204846),(#204847,#204848,#204849,#204850,#204851,#204852,#204853,#204854,#204855),(#204856,#204857,#204858,#204859,#204860,#204861,#204862,#204863,#204864),(#204865,#204866,#204867,#204868,#204869,#204870,#204871,#204872,#204873),(#204874,#204875,#204876,#204877,#204878,#204879,#204880,#204881,#204882),(#204883,#204884,#204885,#204886,#204887,#204888,#204889,#204890,#204891),(#204892,#204893,#204894,#204895,#204896,#204897,#204898,#204899,#204900),(#204901,#204902,#204903,#204904,#204905,#204906,#204907,#204908,#204909),(#204910,#204911,#204912,#204913,#204914,#204915,#204916,#204917,#204918),(#204919,#204920,#204921,#204922,#204923,#204924,#204925,#204926,#204927),(#204928,#204929,#204930,#204931,#204932,#204933,#204934,#204935,#204936),(#204937,#204938,#204939,#204940,#204941,#204942,#204943,#204944,#204945),(#204946,#204947,#204948,#204949,#204950,#204951,#204952,#204953,#204954),(#204955,#204956,#204957,#204958,#204959,#204960,#204961,#204962,#204963),(#204964,#204965,#204966,#204967,#204968,#204969,#204970,#204971,#204972),(#204973,#204974,#204975,#204976,#204977,#204978,#204979,#204980,#204981),(#204982,#204983,#204984,#204985,#204986,#204987,#204988,#204989,#204990),(#204991,#204992,#204993,#204994,#204995,#204996,#204997,#204998,#204999),(#205000,#205001,#205002,#205003,#205004,#205005,#205006,#205007,#205008),(#205009,#205010,#205011,#205012,#205013,#205014,#205015,#205016,#205017),(#205018,#205019,#205020,#205021,#205022,#205023,#205024,#205025,#205026),(#205027,#205028,#205029,#205030,#205031,#205032,#205033,#205034,#205035),(#205036,#205037,#205038,#205039,#205040,#205041,#205042,#205043,#205044),(#205045,#205046,#205047,#205048,#205049,#205050,#205051,#205052,#205053),(#205054,#205055,#205056,#205057,#205058,#205059,#205060,#205061,#205062),(#205063,#205064,#205065,#205066,#205067,#205068,#205069,#205070,#205071),(#205072,#205073,#205074,#205075,#205076,#205077,#205078,#205079,#205080),(#205081,#205082,#205083,#205084,#205085,#205086,#205087,#205088,#205089),(#205090,#205091,#205092,#205093,#205094,#205095,#205096,#205097,#205098),(#205099,#205100,#205101,#205102,#205103,#205104,#205105,#205106,#205107),(#205108,#205109,#205110,#205111,#205112,#205113,#205114,#205115,#205116),(#205117,#205118,#205119,#205120,#205121,#205122,#205123,#205124,#205125),(#205126,#205127,#205128,#205129,#205130,#205131,#205132,#205133,#205134),(#205135,#205136,#205137,#205138,#205139,#205140,#205141,#205142,#205143),(#205144,#205145,#205146,#205147,#205148,#205149,#205150,#205151,#205152),(#205153,#205154,#205155,#205156,#205157,#205158,#205159,#205160,#205161),(#205162,#205163,#205164,#205165,#205166,#205167,#205168,#205169,#205170),(#205171,#205172,#205173,#205174,#205175,#205176,#205177,#205178,#205179),(#205180,#205181,#205182,#205183,#205184,#205185,#205186,#205187,#205188),(#205189,#205190,#205191,#205192,#205193,#205194,#205195,#205196,#205197),(#205198,#205199,#205200,#205201,#205202,#205203,#205204,#205205,#205206),(#205207,#205208,#205209,#205210,#205211,#205212,#205213,#205214,#205215),(#205216,#205217,#205218,#205219,#205220,#205221,#205222,#205223,#205224),(#205225,#205226,#205227,#205228,#205229,#205230,#205231,#205232,#205233),(#205234,#205235,#205236,#205237,#205238,#205239,#205240,#205241,#205242),(#205243,#205244,#205245,#205246,#205247,#205248,#205249,#205250,#205251),(#205252,#205253,#205254,#205255,#205256,#205257,#205258,#205259,#205260),(#205261,#205262,#205263,#205264,#205265,#205266,#205267,#205268,#205269),(#205270,#205271,#205272,#205273,#205274,#205275,#205276,#205277,#205278),(#205279,#205280,#205281,#205282,#205283,#205284,#205285,#205286,#205287),(#205288,#205289,#205290,#205291,#205292,#205293,#205294,#205295,#205296)),.UNSPECIFIED.,.F.,.F.,.U.,(6,3,3,3,3,3,3,3,3,3,3,3,3,3,3,3,3,3,3,3,3,3,3,3,3,3,3,3,3,3,3,3,3,3,3,3,3,3,6),(6,3,6),(1173.9739019,1706.75193384,2032.17955685,2547.40420761,2840.37984227,3183.83808253,3521.72724925,3620.53226575,3719.33728226,3735.54741969,3751.76300555,3759.76915823,3767.85227946,3776.07524925,3784.10174085,3792.98285567,3801.774375,3819.10348153,3853.14111909,3887.17875664,3904.35618473,3912.12842554,3919.7982657,3935.5125587,3943.98183239,3952.9251633,3966.1836552,3976.46407142,3982.32498681,3999.97516609,4005.4677506,4023.05032476,4040.63289892,4075.79804724,4102.74798912,4323.82033984,4544.89269057,4737.31995271,5230.03244226),(0.,2.50000002,5.00000004001),.UNSPECIFIED.);
#204244=CARTESIAN_POINT('Control Point',(4130.3,1247.09675915,1684.46034375));
#204245=CARTESIAN_POINT('Control Point',(4131.08539817,1247.09675915,1684.46034375));
#204246=CARTESIAN_POINT('Control Point',(4131.87080878,1247.19901517,1684.57573245));
#204247=CARTESIAN_POINT('Control Point',(4132.6157929,1247.40368091,1684.8066833));
#204248=CARTESIAN_POINT('Control Point',(4133.94455421,1247.99573648,1685.4747762));
#204249=CARTESIAN_POINT('Control Point',(4134.83723438,1248.87701574,1686.46923763));
#204250=CARTESIAN_POINT('Control Point',(4135.14582205,1249.37111431,1687.02679297));
#204251=CARTESIAN_POINT('Control Point',(4135.30000001,1249.89202508,1687.614604));
#204252=CARTESIAN_POINT('Control Point',(4135.3,1250.41292761,1688.20240572));
#204253=CARTESIAN_POINT('Control Point',(4130.3,1291.93772895,1644.72281783));
#204254=CARTESIAN_POINT('Control Point',(4131.08539817,1291.93772895,1644.72281783));
#204255=CARTESIAN_POINT('Control Point',(4131.87080878,1292.04388259,1644.83475251));
#204256=CARTESIAN_POINT('Control Point',(4132.6157929,1292.25634944,1645.05879012));
#204257=CARTESIAN_POINT('Control Point',(4133.94455421,1292.87097198,1645.70688447));
#204258=CARTESIAN_POINT('Control Point',(4134.83723438,1293.78584237,1646.6715779));
#204259=CARTESIAN_POINT('Control Point',(4135.14582205,1294.29877415,1647.2124435));
#204260=CARTESIAN_POINT('Control Point',(4135.30000001,1294.83954013,1647.78265911));
#204261=CARTESIAN_POINT('Control Point',(4135.3,1295.38029753,1648.35286569));
#204262=CARTESIAN_POINT('Control Point',(4130.3,1335.09741483,1603.0950402));
#204263=CARTESIAN_POINT('Control Point',(4131.08539817,1335.09741483,1603.0950402));
#204264=CARTESIAN_POINT('Control Point',(4131.87080878,1335.20734863,1603.20333127));
#204265=CARTESIAN_POINT('Control Point',(4132.61579291,1335.42738148,1603.42007619));
#204266=CARTESIAN_POINT('Control Point',(4133.94455422,1336.06389086,1604.0470743));
#204267=CARTESIAN_POINT('Control Point',(4134.83723438,1337.01133997,1604.98036583));
#204268=CARTESIAN_POINT('Control Point',(4135.14582205,1337.54253737,1605.50362562));
#204269=CARTESIAN_POINT('Control Point',(4135.30000001,1338.10256013,1606.05528006));
#204270=CARTESIAN_POINT('Control Point',(4135.3,1338.66257402,1606.60692575));
#204271=CARTESIAN_POINT('Control Point',(4130.3,1376.44777477,1559.65776125));
#204272=CARTESIAN_POINT('Control Point',(4131.08539817,1376.44777477,1559.65776126));
#204273=CARTESIAN_POINT('Control Point',(4131.87080878,1376.56135559,1559.7622236));
#204274=CARTESIAN_POINT('Control Point',(4132.6157929,1376.78868798,1559.9713053));
#204275=CARTESIAN_POINT('Control Point',(4133.94455421,1377.44631345,1560.5761353));
#204276=CARTESIAN_POINT('Control Point',(4134.83723438,1378.42519403,1561.47642939));
#204277=CARTESIAN_POINT('Control Point',(4135.14582205,1378.97401381,1561.98118883));
#204278=CARTESIAN_POINT('Control Point',(4135.30000001,1379.55261524,1562.51333898));
#204279=CARTESIAN_POINT('Control Point',(4135.3,1380.13120751,1563.0454807));
#204280=CARTESIAN_POINT('Control Point',(4130.3,1439.9605082,1486.92325816));
#204281=CARTESIAN_POINT('Control Point',(4131.08539817,1439.96050821,1486.92325815));
#204282=CARTESIAN_POINT('Control Point',(4131.87080878,1440.07970698,1487.02128708));
#204283=CARTESIAN_POINT('Control Point',(4132.61579291,1440.31828371,1487.2174923));
#204284=CARTESIAN_POINT('Control Point',(4133.94455422,1441.00843669,1487.78507331));
#204285=CARTESIAN_POINT('Control Point',(4134.83723438,1442.03573472,1488.62992201));
#204286=CARTESIAN_POINT('Control Point',(4135.14582205,1442.61170025,1489.10359539));
#204287=CARTESIAN_POINT('Control Point',(4135.30000001,1443.21892049,1489.60297262));
#204288=CARTESIAN_POINT('Control Point',(4135.3,1443.82613111,1490.10234193));
#204289=CARTESIAN_POINT('Control Point',(4130.3,1498.26311078,1410.01202376));
#204290=CARTESIAN_POINT('Control Point',(4131.08539817,1498.26311078,1410.01202377));
#204291=CARTESIAN_POINT('Control Point',(4131.87080878,1498.38747064,1410.10324447));
#204292=CARTESIAN_POINT('Control Point',(4132.6157929,1498.63637729,1410.28582299));
#204293=CARTESIAN_POINT('Control Point',(4133.94455421,1499.35641261,1410.81398478));
#204294=CARTESIAN_POINT('Control Point',(4134.83723438,1500.42819073,1411.60015767));
#204295=CARTESIAN_POINT('Control Point',(4135.14582205,1501.02909451,1412.04093384));
#204296=CARTESIAN_POINT('Control Point',(4135.30000001,1501.66260626,1412.50562868));
#204297=CARTESIAN_POINT('Control Point',(4135.3,1502.29610798,1412.97031616));
#204298=CARTESIAN_POINT('Control Point',(4130.3,1519.60115634,1380.27210954));
#204299=CARTESIAN_POINT('Control Point',(4131.08539817,1519.60115634,1380.27210954));
#204300=CARTESIAN_POINT('Control Point',(4131.87080878,1519.727404,1380.36069897));
#204301=CARTESIAN_POINT('Control Point',(4132.61579291,1519.98008909,1380.53801098));
#204302=CARTESIAN_POINT('Control Point',(4133.94455422,1520.71105464,1381.05093786));
#204303=CARTESIAN_POINT('Control Point',(4134.83723438,1521.7991025,1381.81443348));
#204304=CARTESIAN_POINT('Control Point',(4135.14582205,1522.40912807,1382.24249539));
#204305=CARTESIAN_POINT('Control Point',(4135.30000001,1523.05225662,1382.69378604));
#204306=CARTESIAN_POINT('Control Point',(4135.3,1523.69537498,1383.14506953));
#204307=CARTESIAN_POINT('Control Point',(4130.3,1572.68118162,1302.03715221));
#204308=CARTESIAN_POINT('Control Point',(4131.08539817,1572.68118162,1302.03715221));
#204309=CARTESIAN_POINT('Control Point',(4131.87080878,1572.81212184,1302.1188248));
#204310=CARTESIAN_POINT('Control Point',(4132.6157929,1573.07419911,1302.28229274));
#204311=CARTESIAN_POINT('Control Point',(4133.94455421,1573.83233427,1302.7551716));
#204312=CARTESIAN_POINT('Control Point',(4134.83723438,1574.96082431,1303.45905543));
#204313=CARTESIAN_POINT('Control Point',(4135.14582205,1575.59352421,1303.85369536));
#204314=CARTESIAN_POINT('Control Point',(4135.30000001,1576.26055751,1304.26975039));
#204315=CARTESIAN_POINT('Control Point',(4135.3,1576.92758024,1304.68579883));
#204316=CARTESIAN_POINT('Control Point',(4130.3,1620.37881191,1220.34838864));
#204317=CARTESIAN_POINT('Control Point',(4131.08539817,1620.37881191,1220.34838865));
#204318=CARTESIAN_POINT('Control Point',(4131.87080878,1620.51395611,1220.4228601));
#204319=CARTESIAN_POINT('Control Point',(4132.61579291,1620.78444766,1220.57191493));
#204320=CARTESIAN_POINT('Control Point',(4133.94455422,1621.56692363,1221.00309965));
#204321=CARTESIAN_POINT('Control Point',(4134.83723438,1622.73164514,1221.64492143));
#204322=CARTESIAN_POINT('Control Point',(4135.14582205,1623.38465861,1222.00476561));
#204323=CARTESIAN_POINT('Control Point',(4135.30000001,1624.07310779,1222.3841367));
#204324=CARTESIAN_POINT('Control Point',(4135.3,1624.76154606,1222.76350178));
#204325=CARTESIAN_POINT('Control Point',(4130.3,1647.52349073,1169.09956201));
#204326=CARTESIAN_POINT('Control Point',(4131.08539817,1647.52349073,1169.09956202));
#204327=CARTESIAN_POINT('Control Point',(4131.87080878,1647.66102048,1169.16952759));
#204328=CARTESIAN_POINT('Control Point',(4132.61579291,1647.9362867,1169.3095639));
#204329=CARTESIAN_POINT('Control Point',(4133.94455422,1648.73257481,1169.71465991));
#204330=CARTESIAN_POINT('Control Point',(4134.83723438,1649.91785579,1170.31764843));
#204331=CARTESIAN_POINT('Control Point',(4135.14582205,1650.58239614,1170.65572034));
#204332=CARTESIAN_POINT('Control Point',(4135.30000001,1651.28299771,1171.01213769));
#204333=CARTESIAN_POINT('Control Point',(4135.3,1651.98358817,1171.36854939));
#204334=CARTESIAN_POINT('Control Point',(4130.3,1686.74670737,1087.03910858));
#204335=CARTESIAN_POINT('Control Point',(4131.08539817,1686.74670737,1087.03910858));
#204336=CARTESIAN_POINT('Control Point',(4131.87080878,1686.88767363,1087.10188261));
#204337=CARTESIAN_POINT('Control Point',(4132.6157929,1687.16981803,1087.22752504));
#204338=CARTESIAN_POINT('Control Point',(4133.94455421,1687.98600327,1087.59098252));
#204339=CARTESIAN_POINT('Control Point',(4134.83723438,1689.20090128,1088.13199178));
#204340=CARTESIAN_POINT('Control Point',(4135.14582205,1689.88204673,1088.43531435));
#204341=CARTESIAN_POINT('Control Point',(4135.30000001,1690.60015447,1088.7550967));
#204342=CARTESIAN_POINT('Control Point',(4135.3,1691.31825084,1089.07487399));
#204343=CARTESIAN_POINT('Control Point',(4130.3,1720.59279958,1002.66546282));
#204344=CARTESIAN_POINT('Control Point',(4131.08539817,1720.59279958,1002.66546282));
#204345=CARTESIAN_POINT('Control Point',(4131.87080878,1720.73672002,1002.72087176));
#204346=CARTESIAN_POINT('Control Point',(4132.6157929,1721.02477724,1002.83177293));
#204347=CARTESIAN_POINT('Control Point',(4133.94455422,1721.85806703,1003.152587));
#204348=CARTESIAN_POINT('Control Point',(4134.83723438,1723.09842531,1003.63012122));
#204349=CARTESIAN_POINT('Control Point',(4135.14582205,1723.79384533,1003.89785585));
#204350=CARTESIAN_POINT('Control Point',(4135.30000001,1724.52700225,1004.18011906));
#204351=CARTESIAN_POINT('Control Point',(4135.3,1725.26014755,1004.46237781));
#204352=CARTESIAN_POINT('Control Point',(4130.3,1732.14818421,971.796618031));
#204353=CARTESIAN_POINT('Control Point',(4131.08539817,1732.14818421,971.796618033));
#204354=CARTESIAN_POINT('Control Point',(4131.87080878,1732.29311203,971.849335759));
#204355=CARTESIAN_POINT('Control Point',(4132.6157929,1732.58318552,971.954850451));
#204356=CARTESIAN_POINT('Control Point',(4133.94455421,1733.42230796,972.260082574));
#204357=CARTESIAN_POINT('Control Point',(4134.83723438,1734.67134818,972.714422939));
#204358=CARTESIAN_POINT('Control Point',(4135.14582205,1735.37163582,972.969153682));
#204359=CARTESIAN_POINT('Control Point',(4135.30000001,1736.10992451,973.237707363));
#204360=CARTESIAN_POINT('Control Point',(4135.3,1736.84820149,973.506256789));
#204361=CARTESIAN_POINT('Control Point',(4130.3,1755.67682406,904.18571055));
#204362=CARTESIAN_POINT('Control Point',(4131.08539817,1755.67682406,904.185710549));
#204363=CARTESIAN_POINT('Control Point',(4131.87080878,1755.8238052,904.232528757));
#204364=CARTESIAN_POINT('Control Point',(4132.61579291,1756.11798842,904.326235549));
#204365=CARTESIAN_POINT('Control Point',(4133.94455422,1756.96899947,904.597309867));
#204366=CARTESIAN_POINT('Control Point',(4134.83723438,1758.23573597,905.00080608));
#204367=CARTESIAN_POINT('Control Point',(4135.14582205,1758.94594522,905.227030511));
#204368=CARTESIAN_POINT('Control Point',(4135.30000001,1759.6946939,905.465530988));
#204369=CARTESIAN_POINT('Control Point',(4135.3,1760.44343072,905.704027686));
#204370=CARTESIAN_POINT('Control Point',(4130.3,1775.74801434,835.468964248));
#204371=CARTESIAN_POINT('Control Point',(4131.08539817,1775.74801434,835.46896425));
#204372=CARTESIAN_POINT('Control Point',(4131.87080878,1775.89675431,835.509762204));
#204373=CARTESIAN_POINT('Control Point',(4132.6157929,1776.19445781,835.591419435));
#204374=CARTESIAN_POINT('Control Point',(4133.94455421,1777.05565231,835.827636868));
#204375=CARTESIAN_POINT('Control Point',(4134.83723438,1778.33754696,836.179248335));
#204376=CARTESIAN_POINT('Control Point',(4135.14582205,1779.05625479,836.376383033));
#204377=CARTESIAN_POINT('Control Point',(4135.30000001,1779.81396323,836.584215224));
#204378=CARTESIAN_POINT('Control Point',(4135.3,1780.57165966,836.792044122));
#204379=CARTESIAN_POINT('Control Point',(4130.3,1785.5577934,798.100258733));
#204380=CARTESIAN_POINT('Control Point',(4131.08539817,1785.5577934,798.100258735));
#204381=CARTESIAN_POINT('Control Point',(4131.87080878,1785.70739677,798.13776996));
#204382=CARTESIAN_POINT('Control Point',(4132.6157929,1786.00682839,798.212848791));
#204383=CARTESIAN_POINT('Control Point',(4133.94455421,1786.87302196,798.430036278));
#204384=CARTESIAN_POINT('Control Point',(4134.83723438,1788.16235777,798.753321521));
#204385=CARTESIAN_POINT('Control Point',(4135.14582205,1788.88523757,798.934574821));
#204386=CARTESIAN_POINT('Control Point',(4135.30000001,1789.64734436,799.125663811));
#204387=CARTESIAN_POINT('Control Point',(4135.3,1790.40943908,799.316749774));
#204388=CARTESIAN_POINT('Control Point',(4130.3,1802.95923723,723.475117789));
#204389=CARTESIAN_POINT('Control Point',(4131.08539817,1802.95923723,723.475117787));
#204390=CARTESIAN_POINT('Control Point',(4131.87080878,1803.11038221,723.506025575));
#204391=CARTESIAN_POINT('Control Point',(4132.61579291,1803.41289935,723.567887611));
#204392=CARTESIAN_POINT('Control Point',(4133.94455422,1804.2880187,723.746841658));
#204393=CARTESIAN_POINT('Control Point',(4134.83723438,1805.5906406,724.013216137));
#204394=CARTESIAN_POINT('Control Point',(4135.14582205,1806.32096938,724.162561815));
#204395=CARTESIAN_POINT('Control Point',(4135.30000001,1807.09092938,724.320011721));
#204396=CARTESIAN_POINT('Control Point',(4135.3,1807.86087718,724.477459133));
#204397=CARTESIAN_POINT('Control Point',(4130.3,1816.1945117,648.027221698));
#204398=CARTESIAN_POINT('Control Point',(4131.08539817,1816.1945117,648.027221701));
#204399=CARTESIAN_POINT('Control Point',(4131.87080878,1816.34685086,648.051331749));
#204400=CARTESIAN_POINT('Control Point',(4132.6157929,1816.65175817,648.099588082));
#204401=CARTESIAN_POINT('Control Point',(4133.94455421,1817.53379178,648.239183647));
#204402=CARTESIAN_POINT('Control Point',(4134.83723438,1818.8467056,648.446972716));
#204403=CARTESIAN_POINT('Control Point',(4135.14582205,1819.58280466,648.563471861));
#204404=CARTESIAN_POINT('Control Point',(4135.30000001,1820.35884806,648.686292819));
#204405=CARTESIAN_POINT('Control Point',(4135.3,1821.13487916,648.809111831));
#204406=CARTESIAN_POINT('Control Point',(4130.3,1821.71369091,610.447445419));
#204407=CARTESIAN_POINT('Control Point',(4131.08539817,1821.7136909,610.447445422));
#204408=CARTESIAN_POINT('Control Point',(4131.87080878,1821.86653492,610.468129464));
#204409=CARTESIAN_POINT('Control Point',(4132.6157929,1822.17245269,610.509528637));
#204410=CARTESIAN_POINT('Control Point',(4133.94455421,1823.05740938,610.629287857));
#204411=CARTESIAN_POINT('Control Point',(4134.83723437,1824.37467421,610.807550373));
#204412=CARTESIAN_POINT('Control Point',(4135.14582205,1825.11321272,610.907495143));
#204413=CARTESIAN_POINT('Control Point',(4135.30000001,1825.89182793,611.012863404));
#204414=CARTESIAN_POINT('Control Point',(4135.3,1826.67043082,611.118229996));
#204415=CARTESIAN_POINT('Control Point',(4130.3,1827.46677919,561.716037695));
#204416=CARTESIAN_POINT('Control Point',(4131.08539817,1827.46677919,561.716037694));
#204417=CARTESIAN_POINT('Control Point',(4131.87080878,1827.62015831,561.732211221));
#204418=CARTESIAN_POINT('Control Point',(4132.61579291,1827.92714711,561.764582587));
#204419=CARTESIAN_POINT('Control Point',(4133.94455422,1828.81520205,561.858226236));
#204420=CARTESIAN_POINT('Control Point',(4134.83723438,1830.13707866,561.99761553));
#204421=CARTESIAN_POINT('Control Point',(4135.14582205,1830.8782028,562.075765617));
#204422=CARTESIAN_POINT('Control Point',(4135.30000001,1831.65954396,562.15815651));
#204423=CARTESIAN_POINT('Control Point',(4135.3,1832.44087275,562.240546097));
#204424=CARTESIAN_POINT('Control Point',(4130.3,1831.38525018,512.848031885));
#204425=CARTESIAN_POINT('Control Point',(4131.08539817,1831.38525018,512.848031885));
#204426=CARTESIAN_POINT('Control Point',(4131.87080878,1831.53900146,512.859566903));
#204427=CARTESIAN_POINT('Control Point',(4132.6157929,1831.84673514,512.882654277));
#204428=CARTESIAN_POINT('Control Point',(4133.94455421,1832.73694486,512.949441264));
#204429=CARTESIAN_POINT('Control Point',(4134.83723438,1834.06202888,513.048854207));
#204430=CARTESIAN_POINT('Control Point',(4135.14582205,1834.80495129,513.104591127));
#204431=CARTESIAN_POINT('Control Point',(4135.30000001,1835.58818831,513.163352606));
#204432=CARTESIAN_POINT('Control Point',(4135.3,1836.37141292,513.222113154));
#204433=CARTESIAN_POINT('Control Point',(4130.3,1832.17714887,501.785418483));
#204434=CARTESIAN_POINT('Control Point',(4131.08539817,1832.17714887,501.785418484));
#204435=CARTESIAN_POINT('Control Point',(4131.87080878,1832.33097585,501.795897142));
#204436=CARTESIAN_POINT('Control Point',(4132.6157929,1832.63886103,501.816870207));
#204437=CARTESIAN_POINT('Control Point',(4133.94455421,1833.529509,501.877540936));
#204438=CARTESIAN_POINT('Control Point',(4134.83723438,1834.85524537,501.967849783));
#204439=CARTESIAN_POINT('Control Point',(4135.14582205,1835.59853352,502.018482396));
#204440=CARTESIAN_POINT('Control Point',(4135.30000001,1836.38215613,502.071862582));
#204441=CARTESIAN_POINT('Control Point',(4135.3,1837.16576633,502.125241922));
#204442=CARTESIAN_POINT('Control Point',(4130.3,1833.56995111,479.650666316));
#204443=CARTESIAN_POINT('Control Point',(4131.08539817,1833.56995111,479.650666317));
#204444=CARTESIAN_POINT('Control Point',(4131.87080878,1833.72391206,479.659017847));
#204445=CARTESIAN_POINT('Control Point',(4132.6157929,1834.03206539,479.675733461));
#204446=CARTESIAN_POINT('Control Point',(4133.94455421,1834.92348906,479.724088263));
#204447=CARTESIAN_POINT('Control Point',(4134.83723438,1836.25038005,479.796064759));
#204448=CARTESIAN_POINT('Control Point',(4135.14582205,1836.99431556,479.836419144));
#204449=CARTESIAN_POINT('Control Point',(4135.30000001,1837.77862065,479.878963355));
#204450=CARTESIAN_POINT('Control Point',(4135.3,1838.56291331,479.921506893));
#204451=CARTESIAN_POINT('Control Point',(4130.3,1834.57726645,457.501574685));
#204452=CARTESIAN_POINT('Control Point',(4131.08539817,1834.57726645,457.501574686));
#204453=CARTESIAN_POINT('Control Point',(4131.87080878,1834.73132564,457.50776884));
#204454=CARTESIAN_POINT('Control Point',(4132.6157929,1835.03967559,457.520166458));
#204455=CARTESIAN_POINT('Control Point',(4133.94455421,1835.93166807,457.556030196));
#204456=CARTESIAN_POINT('Control Point',(4134.83723438,1837.25940574,457.609413645));
#204457=CARTESIAN_POINT('Control Point',(4135.14582205,1838.00381594,457.639343641));
#204458=CARTESIAN_POINT('Control Point',(4135.30000001,1838.78862149,457.670897786));
#204459=CARTESIAN_POINT('Control Point',(4135.3,1839.5734146,457.702451431));
#204460=CARTESIAN_POINT('Control Point',(4130.3,1834.98367823,446.424621821));
#204461=CARTESIAN_POINT('Control Point',(4131.08539817,1834.98367823,446.424621822));
#204462=CARTESIAN_POINT('Control Point',(4131.87080878,1835.13777738,446.429729366));
#204463=CARTESIAN_POINT('Control Point',(4132.6157929,1835.44620732,446.439952132));
#204464=CARTESIAN_POINT('Control Point',(4133.94455421,1836.33843116,446.469524474));
#204465=CARTESIAN_POINT('Control Point',(4134.83723438,1837.66651323,446.513543132));
#204466=CARTESIAN_POINT('Control Point',(4135.14582205,1838.41111652,446.538222659));
#204467=CARTESIAN_POINT('Control Point',(4135.30000001,1839.19612564,446.564241419));
#204468=CARTESIAN_POINT('Control Point',(4135.3,1839.98112232,446.590259766));
#204469=CARTESIAN_POINT('Control Point',(4130.3,1835.34248083,433.528983924));
#204470=CARTESIAN_POINT('Control Point',(4131.08539817,1835.34248083,433.528983924));
#204471=CARTESIAN_POINT('Control Point',(4131.87080878,1835.49661553,433.532816923));
#204472=CARTESIAN_POINT('Control Point',(4132.6157929,1835.80511663,433.540488684));
#204473=CARTESIAN_POINT('Control Point',(4133.94455422,1836.69754633,433.562681495));
#204474=CARTESIAN_POINT('Control Point',(4134.83723438,1838.0259348,433.595715666));
#204475=CARTESIAN_POINT('Control Point',(4135.14582205,1838.77070989,433.614236624));
#204476=CARTESIAN_POINT('Control Point',(4135.30000001,1839.55590012,433.633762621));
#204477=CARTESIAN_POINT('Control Point',(4135.3,1840.34107791,433.653288307));
#204478=CARTESIAN_POINT('Control Point',(4130.3,1835.56689545,420.633466988));
#204479=CARTESIAN_POINT('Control Point',(4131.08539817,1835.56689545,420.633466988));
#204480=CARTESIAN_POINT('Control Point',(4131.87080878,1835.72105254,420.636013648));
#204481=CARTESIAN_POINT('Control Point',(4132.6157929,1836.02959845,420.641110795));
#204482=CARTESIAN_POINT('Control Point',(4133.94455421,1836.92215777,420.655855786));
#204483=CARTESIAN_POINT('Control Point',(4134.83723438,1838.25073919,420.677803817));
#204484=CARTESIAN_POINT('Control Point',(4135.14582205,1838.99562246,420.690109214));
#204485=CARTESIAN_POINT('Control Point',(4135.30000001,1839.78092674,420.703082362));
#204486=CARTESIAN_POINT('Control Point',(4135.3,1840.56621858,420.716055304));
#204487=CARTESIAN_POINT('Control Point',(4130.3,1835.595898,418.812842872));
#204488=CARTESIAN_POINT('Control Point',(4131.08539817,1835.595898,418.812842872));
#204489=CARTESIAN_POINT('Control Point',(4131.87080878,1835.75005799,418.815207242));
#204490=CARTESIAN_POINT('Control Point',(4132.6157929,1836.05860971,418.819939537));
#204491=CARTESIAN_POINT('Control Point',(4133.94455421,1836.95118584,418.833629086));
#204492=CARTESIAN_POINT('Control Point',(4134.83723438,1838.27979229,418.854006085));
#204493=CARTESIAN_POINT('Control Point',(4135.14582205,1839.02468958,418.865430665));
#204494=CARTESIAN_POINT('Control Point',(4135.30000001,1839.81000865,418.8774752));
#204495=CARTESIAN_POINT('Control Point',(4135.3,1840.59531528,418.889519544));
#204496=CARTESIAN_POINT('Control Point',(4130.3,1835.64845129,415.17714103));
#204497=CARTESIAN_POINT('Control Point',(4131.08539817,1835.64845129,415.17714103));
#204498=CARTESIAN_POINT('Control Point',(4131.87080878,1835.80261653,415.179142693));
#204499=CARTESIAN_POINT('Control Point',(4132.6157929,1836.11117874,415.183149026));
#204500=CARTESIAN_POINT('Control Point',(4133.94455421,1837.00378524,415.194738518));
#204501=CARTESIAN_POINT('Control Point',(4134.83723438,1838.33243687,415.211989564));
#204502=CARTESIAN_POINT('Control Point',(4135.14582205,1839.07735951,415.221661546));
#204503=CARTESIAN_POINT('Control Point',(4135.30000001,1839.86270529,415.231858378));
#204504=CARTESIAN_POINT('Control Point',(4135.3,1840.64803863,415.242055047));
#204505=CARTESIAN_POINT('Control Point',(4130.3,1835.69027275,411.54336848));
#204506=CARTESIAN_POINT('Control Point',(4131.08539817,1835.69027275,411.54336848));
#204507=CARTESIAN_POINT('Control Point',(4131.87080878,1835.84444217,411.545006378));
#204508=CARTESIAN_POINT('Control Point',(4132.6157929,1836.15301277,411.548284637));
#204509=CARTESIAN_POINT('Control Point',(4133.94455421,1837.04564351,411.557767961));
#204510=CARTESIAN_POINT('Control Point',(4134.83723438,1838.37433123,411.571883963));
#204511=CARTESIAN_POINT('Control Point',(4135.14582205,1839.1192741,411.579798248));
#204512=CARTESIAN_POINT('Control Point',(4135.30000001,1839.90464121,411.588142002));
#204513=CARTESIAN_POINT('Control Point',(4135.3,1840.68999588,411.596485624));
#204514=CARTESIAN_POINT('Control Point',(4130.3,1835.70850107,409.726477002));
#204515=CARTESIAN_POINT('Control Point',(4131.08539817,1835.70850107,409.726477003));
#204516=CARTESIAN_POINT('Control Point',(4131.87080878,1835.86267234,409.727932065));
#204517=CARTESIAN_POINT('Control Point',(4132.6157929,1836.1712466,409.730844377));
#204518=CARTESIAN_POINT('Control Point',(4133.94455421,1837.06388796,409.739269089));
#204519=CARTESIAN_POINT('Control Point',(4134.83723438,1838.3925915,409.751809338));
#204520=CARTESIAN_POINT('Control Point',(4135.14582205,1839.13754323,409.758840161));
#204521=CARTESIAN_POINT('Control Point',(4135.30000001,1839.92291969,409.766252511));
#204522=CARTESIAN_POINT('Control Point',(4135.3,1840.70828371,409.773664743));
#204523=CARTESIAN_POINT('Control Point',(4130.3,1835.73173739,407.009412675));
#204524=CARTESIAN_POINT('Control Point',(4131.08539817,1835.73173739,407.009412674));
#204525=CARTESIAN_POINT('Control Point',(4131.87080878,1835.885911,407.010594343));
#204526=CARTESIAN_POINT('Control Point',(4132.61579291,1836.19448995,407.012959458));
#204527=CARTESIAN_POINT('Control Point',(4133.94455422,1837.08714487,407.019801245));
#204528=CARTESIAN_POINT('Control Point',(4134.83723438,1838.4158686,407.029985298));
#204529=CARTESIAN_POINT('Control Point',(4135.14582205,1839.16083164,407.035695095));
#204530=CARTESIAN_POINT('Control Point',(4135.30000001,1839.94622003,407.041714734));
#204531=CARTESIAN_POINT('Control Point',(4135.3,1840.73159598,407.047734278));
#204532=CARTESIAN_POINT('Control Point',(4130.3,1835.74890865,404.288590265));
#204533=CARTESIAN_POINT('Control Point',(4131.08539817,1835.74890865,404.288590265));
#204534=CARTESIAN_POINT('Control Point',(4131.87080878,1835.90308401,404.28949427));
#204535=CARTESIAN_POINT('Control Point',(4132.6157929,1836.21166647,404.291303638));
#204536=CARTESIAN_POINT('Control Point',(4133.94455421,1837.10433154,404.296537763));
#204537=CARTESIAN_POINT('Control Point',(4134.83723438,1838.43307038,404.304328798));
#204538=CARTESIAN_POINT('Control Point',(4135.14582205,1839.17804189,404.308696925));
#204539=CARTESIAN_POINT('Control Point',(4135.30000001,1839.96343922,404.313302087));
#204540=CARTESIAN_POINT('Control Point',(4135.3,1840.7488241,404.317907177));
#204541=CARTESIAN_POINT('Control Point',(4130.3,1835.75397535,403.377275252));
#204542=CARTESIAN_POINT('Control Point',(4131.08539817,1835.75397535,403.377275259));
#204543=CARTESIAN_POINT('Control Point',(4131.87080878,1835.90815123,403.378085705));
#204544=CARTESIAN_POINT('Control Point',(4132.6157929,1836.21673473,403.379707808));
#204545=CARTESIAN_POINT('Control Point',(4133.94455422,1837.10940282,403.384400209));
#204546=CARTESIAN_POINT('Control Point',(4134.83723438,1838.43814614,403.391384874));
#204547=CARTESIAN_POINT('Control Point',(4135.14582205,1839.18312017,403.395300899));
#204548=CARTESIAN_POINT('Control Point',(4135.30000001,1839.96852015,403.399429425));
#204549=CARTESIAN_POINT('Control Point',(4135.3,1840.75390768,403.403557885));
#204550=CARTESIAN_POINT('Control Point',(4130.3,1835.76266416,401.569476803));
#204551=CARTESIAN_POINT('Control Point',(4131.08539817,1835.76266416,401.569476797));
#204552=CARTESIAN_POINT('Control Point',(4131.87080878,1835.91684092,401.57010231));
#204553=CARTESIAN_POINT('Control Point',(4132.6157929,1836.22542621,401.571354286));
#204554=CARTESIAN_POINT('Control Point',(4133.94455421,1837.11809943,401.574975997));
#204555=CARTESIAN_POINT('Control Point',(4134.83723438,1838.44685041,401.580366953));
#204556=CARTESIAN_POINT('Control Point',(4135.14582205,1839.19182873,401.58338945));
#204557=CARTESIAN_POINT('Control Point',(4135.30000001,1839.97723323,401.586575965));
#204558=CARTESIAN_POINT('Control Point',(4135.3,1840.76262529,401.589762431));
#204559=CARTESIAN_POINT('Control Point',(4130.3,1835.76863397,399.769776347));
#204560=CARTESIAN_POINT('Control Point',(4131.08539817,1835.76863397,399.769776354));
#204561=CARTESIAN_POINT('Control Point',(4131.87080878,1835.92281135,399.770219474));
#204562=CARTESIAN_POINT('Control Point',(4132.6157929,1836.23139784,399.771106373));
#204563=CARTESIAN_POINT('Control Point',(4133.94455422,1837.12407456,399.773671979));
#204564=CARTESIAN_POINT('Control Point',(4134.83723438,1838.45283075,399.777490896));
#204565=CARTESIAN_POINT('Control Point',(4135.14582205,1839.19781199,399.77963201));
#204566=CARTESIAN_POINT('Control Point',(4135.30000001,1839.98321957,399.78188931));
#204567=CARTESIAN_POINT('Control Point',(4135.3,1840.76861471,399.784146573));
#204568=CARTESIAN_POINT('Control Point',(4130.3,1835.77087652,398.900854355));
#204569=CARTESIAN_POINT('Control Point',(4131.08539817,1835.77087652,398.900854346));
#204570=CARTESIAN_POINT('Control Point',(4131.87080878,1835.92505411,398.901209548));
#204571=CARTESIAN_POINT('Control Point',(4132.61579291,1836.23364106,398.901920494));
#204572=CARTESIAN_POINT('Control Point',(4133.94455422,1837.12631909,398.903977124));
#204573=CARTESIAN_POINT('Control Point',(4134.83723438,1838.45507722,398.907038445));
#204574=CARTESIAN_POINT('Control Point',(4135.14582205,1839.20005955,398.908754809));
#204575=CARTESIAN_POINT('Control Point',(4135.30000001,1839.98546828,398.910564314));
#204576=CARTESIAN_POINT('Control Point',(4135.3,1840.77086456,398.912373791));
#204577=CARTESIAN_POINT('Control Point',(4130.3,1835.77424576,397.095592497));
#204578=CARTESIAN_POINT('Control Point',(4131.08539817,1835.77424576,397.095592506));
#204579=CARTESIAN_POINT('Control Point',(4131.87080878,1835.92842368,397.095771755));
#204580=CARTESIAN_POINT('Control Point',(4132.6157929,1836.23701126,397.096130512));
#204581=CARTESIAN_POINT('Control Point',(4133.94455421,1837.12969115,397.097168312));
#204582=CARTESIAN_POINT('Control Point',(4134.83723438,1838.45845203,397.098713074));
#204583=CARTESIAN_POINT('Control Point',(4135.14582205,1839.20343591,397.099579159));
#204584=CARTESIAN_POINT('Control Point',(4135.30000001,1839.98884627,397.10049224));
#204585=CARTESIAN_POINT('Control Point',(4135.3,1840.77424418,397.101405304));
#204586=CARTESIAN_POINT('Control Point',(4130.3,1835.77523009,395.303416813));
#204587=CARTESIAN_POINT('Control Point',(4131.08539817,1835.77523009,395.303416804));
#204588=CARTESIAN_POINT('Control Point',(4131.87080878,1835.92940808,395.303447355));
#204589=CARTESIAN_POINT('Control Point',(4132.61579291,1836.23799581,395.303508512));
#204590=CARTESIAN_POINT('Control Point',(4133.94455422,1837.13067612,395.303685436));
#204591=CARTESIAN_POINT('Control Point',(4134.83723438,1838.45943764,395.3039488));
#204592=CARTESIAN_POINT('Control Point',(4135.14582205,1839.20442187,395.304096461));
#204593=CARTESIAN_POINT('Control Point',(4135.30000001,1839.9898326,395.304252136));
#204594=CARTESIAN_POINT('Control Point',(4135.3,1840.77523088,395.30440781));
#204595=CARTESIAN_POINT('Control Point',(4130.3,1835.77521689,394.508780052));
#204596=CARTESIAN_POINT('Control Point',(4131.08539817,1835.77521689,394.508780049));
#204597=CARTESIAN_POINT('Control Point',(4131.87080878,1835.92939488,394.508755064));
#204598=CARTESIAN_POINT('Control Point',(4132.6157929,1836.23798259,394.508705059));
#204599=CARTESIAN_POINT('Control Point',(4133.94455421,1837.13066284,394.508560409));
#204600=CARTESIAN_POINT('Control Point',(4134.83723438,1838.45942428,394.5083451));
#204601=CARTESIAN_POINT('Control Point',(4135.14582205,1839.20440847,394.508224386));
#204602=CARTESIAN_POINT('Control Point',(4135.30000001,1839.98981916,394.508097121));
#204603=CARTESIAN_POINT('Control Point',(4135.3,1840.77521739,394.50796986));
#204604=CARTESIAN_POINT('Control Point',(4130.3,1835.77443895,392.716459668));
#204605=CARTESIAN_POINT('Control Point',(4131.08539817,1835.77443895,392.716459671));
#204606=CARTESIAN_POINT('Control Point',(4131.87080878,1835.92861688,392.716323009));
#204607=CARTESIAN_POINT('Control Point',(4132.6157929,1836.23720449,392.716049476));
#204608=CARTESIAN_POINT('Control Point',(4133.94455422,1837.12988447,392.715258199));
#204609=CARTESIAN_POINT('Control Point',(4134.83723438,1838.45864549,392.714080373));
#204610=CARTESIAN_POINT('Control Point',(4135.14582205,1839.20362945,392.713420011));
#204611=CARTESIAN_POINT('Control Point',(4135.30000001,1839.98903989,392.712723815));
#204612=CARTESIAN_POINT('Control Point',(4135.3,1840.77443788,392.712027628));
#204613=CARTESIAN_POINT('Control Point',(4130.3,1835.77200359,390.906048174));
#204614=CARTESIAN_POINT('Control Point',(4131.08539817,1835.77200359,390.906048172));
#204615=CARTESIAN_POINT('Control Point',(4131.87080878,1835.92618137,390.905798469));
#204616=CARTESIAN_POINT('Control Point',(4132.6157929,1836.23476868,390.905298691));
#204617=CARTESIAN_POINT('Control Point',(4133.94455421,1837.12744778,390.903852941));
#204618=CARTESIAN_POINT('Control Point',(4134.83723438,1838.45620749,390.901700934));
#204619=CARTESIAN_POINT('Control Point',(4135.14582205,1839.20119071,390.900494389));
#204620=CARTESIAN_POINT('Control Point',(4135.30000001,1839.98660037,390.899222372));
#204621=CARTESIAN_POINT('Control Point',(4135.3,1840.77199759,390.897950376));
#204622=CARTESIAN_POINT('Control Point',(4130.3,1835.77039394,390.00659037));
#204623=CARTESIAN_POINT('Control Point',(4131.08539817,1835.77039394,390.006590377));
#204624=CARTESIAN_POINT('Control Point',(4131.87080878,1835.92457162,390.006276633));
#204625=CARTESIAN_POINT('Control Point',(4132.6157929,1836.23315871,390.005648668));
#204626=CARTESIAN_POINT('Control Point',(4133.94455421,1837.12583719,390.003832089));
#204627=CARTESIAN_POINT('Control Point',(4134.83723438,1838.45459598,390.001128087));
#204628=CARTESIAN_POINT('Control Point',(4135.14582205,1839.19957869,389.999612058));
#204629=CARTESIAN_POINT('Control Point',(4135.30000001,1839.98498781,389.998013761));
#204630=CARTESIAN_POINT('Control Point',(4135.3,1840.77038449,389.996415488));
#204631=CARTESIAN_POINT('Control Point',(4130.3,1835.76585565,388.108205928));
#204632=CARTESIAN_POINT('Control Point',(4131.08539817,1835.76585565,388.108205921));
#204633=CARTESIAN_POINT('Control Point',(4131.87080878,1835.92003295,388.107732616));
#204634=CARTESIAN_POINT('Control Point',(4132.61579291,1836.2286193,388.106785302));
#204635=CARTESIAN_POINT('Control Point',(4133.94455422,1837.12129564,388.104044926));
#204636=CARTESIAN_POINT('Control Point',(4134.83723438,1838.45005124,388.099965865));
#204637=CARTESIAN_POINT('Control Point',(4135.14582205,1839.19503216,388.097678898));
#204638=CARTESIAN_POINT('Control Point',(4135.30000001,1839.98043939,388.095267831));
#204639=CARTESIAN_POINT('Control Point',(4135.3,1840.76583418,388.092856803));
#204640=CARTESIAN_POINT('Control Point',(4130.3,1835.75860444,386.207665266));
#204641=CARTESIAN_POINT('Control Point',(4131.08539817,1835.75860444,386.207665274));
#204642=CARTESIAN_POINT('Control Point',(4131.87080878,1835.91278102,386.206998334));
#204643=CARTESIAN_POINT('Control Point',(4132.6157929,1836.22136592,386.205663444));
#204644=CARTESIAN_POINT('Control Point',(4133.94455421,1837.11403805,386.201801875));
#204645=CARTESIAN_POINT('Control Point',(4134.83723438,1838.4427874,386.19605389));
#204646=CARTESIAN_POINT('Control Point',(4135.14582205,1839.18776481,386.192831219));
#204647=CARTESIAN_POINT('Control Point',(4135.30000001,1839.97316835,386.189433669));
#204648=CARTESIAN_POINT('Control Point',(4135.3,1840.75855944,386.18603617));
#204649=CARTESIAN_POINT('Control Point',(4130.3,1835.75454638,385.332678289));
#204650=CARTESIAN_POINT('Control Point',(4131.08539817,1835.75454638,385.332678287));
#204651=CARTESIAN_POINT('Control Point',(4131.87080878,1835.90872252,385.331917213));
#204652=CARTESIAN_POINT('Control Point',(4132.61579291,1836.21730655,385.330393923));
#204653=CARTESIAN_POINT('Control Point',(4133.94455422,1837.10997617,385.325987363));
#204654=CARTESIAN_POINT('Control Point',(4134.83723438,1838.43872176,385.319428168));
#204655=CARTESIAN_POINT('Control Point',(4135.14582205,1839.18369707,385.315750686));
#204656=CARTESIAN_POINT('Control Point',(4135.30000001,1839.96909838,385.311873647));
#204657=CARTESIAN_POINT('Control Point',(4135.3,1840.75448726,385.307996669));
#204658=CARTESIAN_POINT('Control Point',(4130.3,1835.74374957,383.350128703));
#204659=CARTESIAN_POINT('Control Point',(4131.08539817,1835.74374957,383.350128706));
#204660=CARTESIAN_POINT('Control Point',(4131.87080878,1835.89792459,383.349161563));
#204661=CARTESIAN_POINT('Control Point',(4132.6157929,1836.20650636,383.347225823));
#204662=CARTESIAN_POINT('Control Point',(4133.94455421,1837.09916944,383.341626124));
#204663=CARTESIAN_POINT('Control Point',(4134.83723438,1838.42790531,383.333290927));
#204664=CARTESIAN_POINT('Control Point',(4135.14582205,1839.17287516,383.328617709));
#204665=CARTESIAN_POINT('Control Point',(4135.30000001,1839.95827073,383.3236909));
#204666=CARTESIAN_POINT('Control Point',(4135.3,1840.74365385,383.318764168));
#204667=CARTESIAN_POINT('Control Point',(4130.3,1835.72974944,381.366087928));
#204668=CARTESIAN_POINT('Control Point',(4131.08539817,1835.72974944,381.366087926));
#204669=CARTESIAN_POINT('Control Point',(4131.87080878,1835.8839231,381.364929527));
#204670=CARTESIAN_POINT('Control Point',(4132.61579291,1836.19250216,381.36261099));
#204671=CARTESIAN_POINT('Control Point',(4133.94455422,1837.08515739,381.355903947));
#204672=CARTESIAN_POINT('Control Point',(4134.83723438,1838.41388157,381.345920464));
#204673=CARTESIAN_POINT('Control Point',(4135.14582205,1839.15884488,381.340323119));
#204674=CARTESIAN_POINT('Control Point',(4135.30000001,1839.94423354,381.334422035));
#204675=CARTESIAN_POINT('Control Point',(4135.3,1840.72960976,381.328521045));
#204676=CARTESIAN_POINT('Control Point',(4130.3,1835.72260483,380.44937394));
#204677=CARTESIAN_POINT('Control Point',(4131.08539817,1835.72260483,380.44937394));
#204678=CARTESIAN_POINT('Control Point',(4131.87080878,1835.87677784,380.448132993));
#204679=CARTESIAN_POINT('Control Point',(4132.6157929,1836.18535561,380.445649234));
#204680=CARTESIAN_POINT('Control Point',(4133.94455422,1837.07800709,380.438464231));
#204681=CARTESIAN_POINT('Control Point',(4134.83723438,1838.40672569,380.427769298));
#204682=CARTESIAN_POINT('Control Point',(4135.14582205,1839.15168587,380.42177307));
#204683=CARTESIAN_POINT('Control Point',(4135.30000001,1839.93707123,380.415451457));
#204684=CARTESIAN_POINT('Control Point',(4135.3,1840.72244416,380.409129944));
#204685=CARTESIAN_POINT('Control Point',(4130.3,1835.69770341,377.51112861));
#204686=CARTESIAN_POINT('Control Point',(4131.08539817,1835.69770341,377.511128608));
#204687=CARTESIAN_POINT('Control Point',(4131.87080878,1835.85187422,377.50962931));
#204688=CARTESIAN_POINT('Control Point',(4132.6157929,1836.1604476,377.506628463));
#204689=CARTESIAN_POINT('Control Point',(4133.94455421,1837.05308638,377.497947635));
#204690=CARTESIAN_POINT('Control Point',(4134.83723438,1838.38178607,377.485026158));
#204691=CARTESIAN_POINT('Control Point',(4135.14582205,1839.12673565,377.477781595));
#204692=CARTESIAN_POINT('Control Point',(4135.30000001,1839.91210984,377.470143907));
#204693=CARTESIAN_POINT('Control Point',(4135.3,1840.69747159,377.46250634));
#204694=CARTESIAN_POINT('Control Point',(4130.3,1835.66673672,374.570913599));
#204695=CARTESIAN_POINT('Control Point',(4131.08539817,1835.66673672,374.570913602));
#204696=CARTESIAN_POINT('Control Point',(4131.87080878,1835.82090495,374.569168908));
#204697=CARTESIAN_POINT('Control Point',(4132.61579291,1836.12947313,374.565676895));
#204698=CARTESIAN_POINT('Control Point',(4133.94455422,1837.02209689,374.555575222));
#204699=CARTESIAN_POINT('Control Point',(4134.83723438,1838.35077423,374.5405388));
#204700=CARTESIAN_POINT('Control Point',(4135.14582205,1839.09571127,374.53210847));
#204701=CARTESIAN_POINT('Control Point',(4135.30000001,1839.88107225,374.523220668));
#204702=CARTESIAN_POINT('Control Point',(4135.3,1840.66642078,374.514333007));
#204703=CARTESIAN_POINT('Control Point',(4130.3,1835.64363692,372.621997218));
#204704=CARTESIAN_POINT('Control Point',(4131.08539817,1835.64363692,372.621997219));
#204705=CARTESIAN_POINT('Control Point',(4131.87080878,1835.79780317,372.620086677));
#204706=CARTESIAN_POINT('Control Point',(4132.6157929,1836.10636742,372.61626272));
#204707=CARTESIAN_POINT('Control Point',(4133.94455422,1836.99897981,372.605200804));
#204708=CARTESIAN_POINT('Control Point',(4134.83723438,1838.32764022,372.588735054));
#204709=CARTESIAN_POINT('Control Point',(4135.14582205,1839.07256777,372.579503357));
#204710=CARTESIAN_POINT('Control Point',(4135.30000001,1839.85791874,372.569770702));
#204711=CARTESIAN_POINT('Control Point',(4135.3,1840.64325726,372.560038202));
#204712=CARTESIAN_POINT('Control Point',(4130.3,1835.56739664,366.838673698));
#204713=CARTESIAN_POINT('Control Point',(4131.08539817,1835.56739664,366.838673695));
#204714=CARTESIAN_POINT('Control Point',(4131.87080878,1835.72155658,366.836284752));
#204715=CARTESIAN_POINT('Control Point',(4132.6157929,1836.03010819,366.831503276));
#204716=CARTESIAN_POINT('Control Point',(4133.94455421,1836.92268401,366.817671461));
#204717=CARTESIAN_POINT('Control Point',(4134.83723438,1838.25128999,366.797082701));
#204718=CARTESIAN_POINT('Control Point',(4135.14582205,1838.99618703,366.785539394));
#204719=CARTESIAN_POINT('Control Point',(4135.30000001,1839.78150582,366.773369692));
#204720=CARTESIAN_POINT('Control Point',(4135.3,1840.56681218,366.761200183));
#204721=CARTESIAN_POINT('Control Point',(4130.3,1835.46913899,361.069491198));
#204722=CARTESIAN_POINT('Control Point',(4131.08539817,1835.46913899,361.069491202));
#204723=CARTESIAN_POINT('Control Point',(4131.87080878,1835.62329096,361.066634488));
#204724=CARTESIAN_POINT('Control Point',(4132.6157929,1835.93182661,361.060916763));
#204725=CARTESIAN_POINT('Control Point',(4133.94455422,1836.82435626,361.044376565));
#204726=CARTESIAN_POINT('Control Point',(4134.83723438,1838.15289352,361.019756347));
#204727=CARTESIAN_POINT('Control Point',(4135.14582205,1838.89775202,361.005952759));
#204728=CARTESIAN_POINT('Control Point',(4135.30000001,1839.6830302,360.991400121));
#204729=CARTESIAN_POINT('Control Point',(4135.3,1840.46829593,360.976847712));
#204730=CARTESIAN_POINT('Control Point',(4130.3,1835.39475321,357.265530867));
#204731=CARTESIAN_POINT('Control Point',(4131.08539817,1835.39475321,357.265530888));
#204732=CARTESIAN_POINT('Control Point',(4131.87080878,1835.54889902,357.26236262));
#204733=CARTESIAN_POINT('Control Point',(4132.61579291,1835.85742233,357.256021298));
#204734=CARTESIAN_POINT('Control Point',(4133.94455422,1836.74991632,357.237677146));
#204735=CARTESIAN_POINT('Control Point',(4134.83723438,1838.07840048,357.210371706));
#204736=CARTESIAN_POINT('Control Point',(4135.14582205,1838.82322922,357.195062616));
#204737=CARTESIAN_POINT('Control Point',(4135.30000001,1839.60847601,357.178922776));
#204738=CARTESIAN_POINT('Control Point',(4135.3,1840.39371036,357.162783186));
#204739=CARTESIAN_POINT('Control Point',(4130.3,1835.2273041,349.680194336));
#204740=CARTESIAN_POINT('Control Point',(4131.08539817,1835.2273041,349.680194369));
#204741=CARTESIAN_POINT('Control Point',(4131.87080878,1835.38143605,349.676401456));
#204742=CARTESIAN_POINT('Control Point',(4132.6157929,1835.68993163,349.668809895));
#204743=CARTESIAN_POINT('Control Point',(4133.94455421,1836.58234537,349.646849048));
#204744=CARTESIAN_POINT('Control Point',(4134.83723438,1837.91071008,349.614160113));
#204745=CARTESIAN_POINT('Control Point',(4135.14582205,1838.65547185,349.595832706));
#204746=CARTESIAN_POINT('Control Point',(4135.30000001,1839.44064803,349.576510757));
#204747=CARTESIAN_POINT('Control Point',(4135.3,1840.22581178,349.557189108));
#204748=CARTESIAN_POINT('Control Point',(4130.3,1835.02149339,342.094532072));
#204749=CARTESIAN_POINT('Control Point',(4131.08539817,1835.02149339,342.094532095));
#204750=CARTESIAN_POINT('Control Point',(4131.87080878,1835.17560855,342.090117744));
#204751=CARTESIAN_POINT('Control Point',(4132.6157929,1835.4840705,342.081282384));
#204752=CARTESIAN_POINT('Control Point',(4133.94455421,1836.37638698,342.055723493));
#204753=CARTESIAN_POINT('Control Point',(4134.83723438,1837.70460692,342.017678855));
#204754=CARTESIAN_POINT('Control Point',(4135.14582205,1838.44928752,341.99634872));
#204755=CARTESIAN_POINT('Control Point',(4135.30000001,1839.23437813,341.973861103));
#204756=CARTESIAN_POINT('Control Point',(4135.3,1840.01945631,341.951373837));
#204757=CARTESIAN_POINT('Control Point',(4130.3,1834.90877416,338.29128714));
#204758=CARTESIAN_POINT('Control Point',(4131.08539817,1834.90877416,338.291287152));
#204759=CARTESIAN_POINT('Control Point',(4131.87080878,1835.06288022,338.286563995));
#204760=CARTESIAN_POINT('Control Point',(4132.6157929,1835.37132396,338.277110569));
#204761=CARTESIAN_POINT('Control Point',(4133.94455421,1836.26358776,338.249763756));
#204762=CARTESIAN_POINT('Control Point',(4134.83723438,1837.59172929,338.209057798));
#204763=CARTESIAN_POINT('Control Point',(4135.14582205,1838.33636593,338.186235567));
#204764=CARTESIAN_POINT('Control Point',(4135.30000001,1839.1214102,338.162174888));
#204765=CARTESIAN_POINT('Control Point',(4135.3,1839.90644203,338.138114589));
#204766=CARTESIAN_POINT('Control Point',(4130.3,1834.72395203,332.538124288));
#204767=CARTESIAN_POINT('Control Point',(4131.08539817,1834.72395203,332.538124282));
#204768=CARTESIAN_POINT('Control Point',(4131.87080878,1834.87804329,332.532939395));
#204769=CARTESIAN_POINT('Control Point',(4132.61579291,1835.18645742,332.522561834));
#204770=CARTESIAN_POINT('Control Point',(4133.94455422,1836.07863556,332.492541708));
#204771=CARTESIAN_POINT('Control Point',(4134.83723438,1837.40664959,332.447856528));
#204772=CARTESIAN_POINT('Control Point',(4135.14582205,1838.15121474,332.422803309));
#204773=CARTESIAN_POINT('Control Point',(4135.30000001,1838.93618364,332.396390581));
#204774=CARTESIAN_POINT('Control Point',(4135.3,1839.7211401,332.369978273));
#204775=CARTESIAN_POINT('Control Point',(4130.3,1834.51661537,326.778696376));
#204776=CARTESIAN_POINT('Control Point',(4131.08539817,1834.51661537,326.778696379));
#204777=CARTESIAN_POINT('Control Point',(4131.87080878,1834.6706892,326.773027054));
#204778=CARTESIAN_POINT('Control Point',(4132.6157929,1834.97906845,326.761679879));
#204779=CARTESIAN_POINT('Control Point',(4133.94455421,1835.87114567,326.728854851));
#204780=CARTESIAN_POINT('Control Point',(4134.83723438,1837.19900948,326.679994541));
#204781=CARTESIAN_POINT('Control Point',(4135.14582205,1837.9434904,326.652600488));
#204782=CARTESIAN_POINT('Control Point',(4135.30000001,1838.72837051,326.6237199));
#204783=CARTESIAN_POINT('Control Point',(4135.3,1839.51323818,326.594839769));
#204784=CARTESIAN_POINT('Control Point',(4130.3,1834.44138721,324.764882683));
#204785=CARTESIAN_POINT('Control Point',(4131.08539817,1834.44138721,324.764882678));
#204786=CARTESIAN_POINT('Control Point',(4131.87080878,1834.59545438,324.759034828));
#204787=CARTESIAN_POINT('Control Point',(4132.61579291,1834.9038203,324.747330343));
#204788=CARTESIAN_POINT('Control Point',(4133.94455422,1835.79585897,324.713471701));
#204789=CARTESIAN_POINT('Control Point',(4134.83723438,1837.12366539,324.663072858));
#204790=CARTESIAN_POINT('Control Point',(4135.14582205,1837.86811415,324.634816214));
#204791=CARTESIAN_POINT('Control Point',(4135.30000001,1838.65296034,324.605026226));
#204792=CARTESIAN_POINT('Control Point',(4135.3,1839.43779409,324.575236712));
#204793=CARTESIAN_POINT('Control Point',(4130.3,1834.33280543,321.966058058));
#204794=CARTESIAN_POINT('Control Point',(4131.08539817,1834.33280543,321.96605806));
#204795=CARTESIAN_POINT('Control Point',(4131.87080878,1834.48686297,321.959962403));
#204796=CARTESIAN_POINT('Control Point',(4132.6157929,1834.79520964,321.947761924));
#204797=CARTESIAN_POINT('Control Point',(4133.94455421,1835.6871926,321.912468465));
#204798=CARTESIAN_POINT('Control Point',(4134.83723438,1837.01491611,321.859933877));
#204799=CARTESIAN_POINT('Control Point',(4135.14582205,1837.75931837,321.830479803));
#204800=CARTESIAN_POINT('Control Point',(4135.30000001,1838.54411555,321.799427406));
#204801=CARTESIAN_POINT('Control Point',(4135.3,1839.32890029,321.7683755));
#204802=CARTESIAN_POINT('Control Point',(4130.3,1834.21886579,319.170990546));
#204803=CARTESIAN_POINT('Control Point',(4131.08539817,1834.21886579,319.170990545));
#204804=CARTESIAN_POINT('Control Point',(4131.87080878,1834.37291355,319.16465493));
#204805=CARTESIAN_POINT('Control Point',(4132.6157929,1834.68124063,319.151974178));
#204806=CARTESIAN_POINT('Control Point',(4133.94455422,1835.57316695,319.115291391));
#204807=CARTESIAN_POINT('Control Point',(4134.83723438,1836.90080614,319.060688783));
#204808=CARTESIAN_POINT('Control Point',(4135.14582205,1837.64516114,319.030075252));
#204809=CARTESIAN_POINT('Control Point',(4135.30000001,1838.42990848,318.99780048));
#204810=CARTESIAN_POINT('Control Point',(4135.3,1839.21464338,318.965526221));
#204811=CARTESIAN_POINT('Control Point',(4130.3,1834.18285011,318.300410642));
#204812=CARTESIAN_POINT('Control Point',(4131.08539817,1834.18285011,318.300410637));
#204813=CARTESIAN_POINT('Control Point',(4131.87080878,1834.33689482,318.294001276));
#204814=CARTESIAN_POINT('Control Point',(4132.6157929,1834.6452158,318.281172925));
#204815=CARTESIAN_POINT('Control Point',(4133.94455422,1835.53712444,318.244063172));
#204816=CARTESIAN_POINT('Control Point',(4134.83723438,1836.86473734,318.188825025));
#204817=CARTESIAN_POINT('Control Point',(4135.14582205,1837.60907758,318.157855174));
#204818=CARTESIAN_POINT('Control Point',(4135.30000001,1838.39380938,318.125204748));
#204819=CARTESIAN_POINT('Control Point',(4135.3,1839.17852874,318.092554841));
#204820=CARTESIAN_POINT('Control Point',(4130.3,1834.11023262,316.569867362));
#204821=CARTESIAN_POINT('Control Point',(4131.08539817,1834.11023262,316.569867367));
#204822=CARTESIAN_POINT('Control Point',(4131.87080878,1834.26427128,316.563313803));
#204823=CARTESIAN_POINT('Control Point',(4132.6157929,1834.57258014,316.550196819));
#204824=CARTESIAN_POINT('Control Point',(4133.94455421,1835.46445374,316.512252099));
#204825=CARTESIAN_POINT('Control Point',(4134.83723438,1836.79201447,316.455771084));
#204826=CARTESIAN_POINT('Control Point',(4135.14582205,1837.53632546,316.424104403));
#204827=CARTESIAN_POINT('Control Point',(4135.30000001,1838.32102642,316.390719332));
#204828=CARTESIAN_POINT('Control Point',(4135.3,1839.10571495,316.357334788));
#204829=CARTESIAN_POINT('Control Point',(4130.3,1834.03535356,314.833053502));
#204830=CARTESIAN_POINT('Control Point',(4131.08539817,1834.03535356,314.833053497));
#204831=CARTESIAN_POINT('Control Point',(4131.87080878,1834.18938623,314.826361032));
#204832=CARTESIAN_POINT('Control Point',(4132.6157929,1834.4976831,314.812966049));
#204833=CARTESIAN_POINT('Control Point',(4133.94455422,1835.38952202,314.774217147));
#204834=CARTESIAN_POINT('Control Point',(4134.83723438,1836.71703113,314.716539114));
#204835=CARTESIAN_POINT('Control Point',(4135.14582205,1837.46131318,314.684201314));
#204836=CARTESIAN_POINT('Control Point',(4135.30000001,1838.24598363,314.650108708));
#204837=CARTESIAN_POINT('Control Point',(4135.3,1839.03064164,314.616016643));
#204838=CARTESIAN_POINT('Control Point',(4130.3,1833.99503927,313.910233905));
#204839=CARTESIAN_POINT('Control Point',(4131.08539817,1833.99503927,313.910233905));
#204840=CARTESIAN_POINT('Control Point',(4131.87080878,1834.14906882,313.903469986));
#204841=CARTESIAN_POINT('Control Point',(4132.6157929,1834.45735944,313.889931983));
#204842=CARTESIAN_POINT('Control Point',(4133.94455421,1835.34918027,313.850769347));
#204843=CARTESIAN_POINT('Control Point',(4134.83723438,1836.67666245,313.792475462));
#204844=CARTESIAN_POINT('Control Point',(4135.14582205,1837.42092942,313.759792377));
#204845=CARTESIAN_POINT('Control Point',(4135.30000001,1838.20558395,313.725335748));
#204846=CARTESIAN_POINT('Control Point',(4135.3,1838.99022605,313.690879665));
#204847=CARTESIAN_POINT('Control Point',(4130.3,1833.87765484,311.25606638));
#204848=CARTESIAN_POINT('Control Point',(4131.08539817,1833.87765484,311.25606638));
#204849=CARTESIAN_POINT('Control Point',(4131.87080878,1834.03167559,311.249103365));
#204850=CARTESIAN_POINT('Control Point',(4132.61579291,1834.33994858,311.235166867));
#204851=CARTESIAN_POINT('Control Point',(4133.94455422,1835.23171844,311.194851468));
#204852=CARTESIAN_POINT('Control Point',(4134.83723438,1836.55912475,311.134841685));
#204853=CARTESIAN_POINT('Control Point',(4135.14582205,1837.30334917,311.101196564));
#204854=CARTESIAN_POINT('Control Point',(4135.30000001,1838.08795885,311.065725694));
#204855=CARTESIAN_POINT('Control Point',(4135.3,1838.8725561,311.030255386));
#204856=CARTESIAN_POINT('Control Point',(4130.3,1833.75347827,308.548326231));
#204857=CARTESIAN_POINT('Control Point',(4131.08539817,1833.75347827,308.54832623));
#204858=CARTESIAN_POINT('Control Point',(4131.87080878,1833.90748944,308.541154563));
#204859=CARTESIAN_POINT('Control Point',(4132.6157929,1834.2157433,308.526800449));
#204860=CARTESIAN_POINT('Control Point',(4133.94455421,1835.10745778,308.485276976));
#204861=CARTESIAN_POINT('Control Point',(4134.83723438,1836.43478165,308.423468969));
#204862=CARTESIAN_POINT('Control Point',(4135.14582205,1837.17895985,308.388815654));
#204863=CARTESIAN_POINT('Control Point',(4135.30000001,1837.96352081,308.352281881));
#204864=CARTESIAN_POINT('Control Point',(4135.3,1838.74806934,308.315748686));
#204865=CARTESIAN_POINT('Control Point',(4130.3,1833.6668616,306.705064145));
#204866=CARTESIAN_POINT('Control Point',(4131.08539817,1833.6668616,306.705064136));
#204867=CARTESIAN_POINT('Control Point',(4131.87080878,1833.82086552,306.697736323));
#204868=CARTESIAN_POINT('Control Point',(4132.61579291,1834.12910485,306.683069691));
#204869=CARTESIAN_POINT('Control Point',(4133.94455422,1835.02077732,306.640642176));
#204870=CARTESIAN_POINT('Control Point',(4134.83723438,1836.34803865,306.577488505));
#204871=CARTESIAN_POINT('Control Point',(4135.14582205,1837.0921818,306.542080732));
#204872=CARTESIAN_POINT('Control Point',(4135.30000001,1837.87670579,306.504751561));
#204873=CARTESIAN_POINT('Control Point',(4135.3,1838.66121736,306.467422984));
#204874=CARTESIAN_POINT('Control Point',(4130.3,1833.53111254,303.910449022));
#204875=CARTESIAN_POINT('Control Point',(4131.08539817,1833.53111254,303.910449027));
#204876=CARTESIAN_POINT('Control Point',(4131.87080878,1833.68510209,303.902826329));
#204877=CARTESIAN_POINT('Control Point',(4132.6157929,1833.99331266,303.887569469));
#204878=CARTESIAN_POINT('Control Point',(4133.94455421,1834.88490192,303.843434532));
#204879=CARTESIAN_POINT('Control Point',(4134.83723438,1836.21203939,303.777739331));
#204880=CARTESIAN_POINT('Control Point',(4135.14582205,1836.9561131,303.740906619));
#204881=CARTESIAN_POINT('Control Point',(4135.30000001,1837.74056388,303.702075183));
#204882=CARTESIAN_POINT('Control Point',(4135.3,1838.52500223,303.663244361));
#204883=CARTESIAN_POINT('Control Point',(4130.3,1833.39239302,301.171787765));
#204884=CARTESIAN_POINT('Control Point',(4131.08539817,1833.39239302,301.171787763));
#204885=CARTESIAN_POINT('Control Point',(4131.87080878,1833.54637059,301.163928843));
#204886=CARTESIAN_POINT('Control Point',(4132.61579291,1833.85455719,301.148199194));
#204887=CARTESIAN_POINT('Control Point',(4133.94455422,1834.74607709,301.102696585));
#204888=CARTESIAN_POINT('Control Point',(4134.83723438,1836.07311133,301.034965603));
#204889=CARTESIAN_POINT('Control Point',(4135.14582205,1836.81712715,300.996991511));
#204890=CARTESIAN_POINT('Control Point',(4135.30000001,1837.60151692,300.956956759));
#204891=CARTESIAN_POINT('Control Point',(4135.3,1838.38589425,300.916922642));
#204892=CARTESIAN_POINT('Control Point',(4130.3,1833.33276116,300.009990472));
#204893=CARTESIAN_POINT('Control Point',(4131.08539817,1833.33276116,300.009990467));
#204894=CARTESIAN_POINT('Control Point',(4131.87080878,1833.48673518,300.00206274));
#204895=CARTESIAN_POINT('Control Point',(4132.61579291,1833.79491467,299.986195375));
#204896=CARTESIAN_POINT('Control Point',(4133.94455422,1834.68641402,299.940294385));
#204897=CARTESIAN_POINT('Control Point',(4134.83723438,1836.01341766,299.871970415));
#204898=CARTESIAN_POINT('Control Point',(4135.14582205,1836.75741632,299.833663859));
#204899=CARTESIAN_POINT('Control Point',(4135.30000001,1837.541788,299.793278602));
#204900=CARTESIAN_POINT('Control Point',(4135.3,1838.32614725,299.752893986));
#204901=CARTESIAN_POINT('Control Point',(4130.3,1833.23137254,298.048317616));
#204902=CARTESIAN_POINT('Control Point',(4131.08539817,1833.23137254,298.048317622));
#204903=CARTESIAN_POINT('Control Point',(4131.87080878,1833.38534241,298.040309533));
#204904=CARTESIAN_POINT('Control Point',(4132.6157929,1833.69351358,298.024281314));
#204905=CARTESIAN_POINT('Control Point',(4133.94455421,1834.58498886,297.977914991));
#204906=CARTESIAN_POINT('Control Point',(4134.83723438,1835.91195668,297.908898356));
#204907=CARTESIAN_POINT('Control Point',(4135.14582205,1836.65593526,297.870203446));
#204908=CARTESIAN_POINT('Control Point',(4135.30000001,1837.44028576,297.829408759));
#204909=CARTESIAN_POINT('Control Point',(4135.3,1838.22462383,297.788614718));
#204910=CARTESIAN_POINT('Control Point',(4130.3,1833.12855448,296.081210607));
#204911=CARTESIAN_POINT('Control Point',(4131.08539817,1833.12855448,296.081210601));
#204912=CARTESIAN_POINT('Control Point',(4131.87080878,1833.28252107,296.07313989));
#204913=CARTESIAN_POINT('Control Point',(4132.61579291,1833.59068568,296.056986344));
#204914=CARTESIAN_POINT('Control Point',(4133.94455422,1834.48214199,296.01025749));
#204915=CARTESIAN_POINT('Control Point',(4134.83723438,1835.80908159,295.94070124));
#204916=CARTESIAN_POINT('Control Point',(4135.14582205,1836.55304434,295.901703793));
#204917=CARTESIAN_POINT('Control Point',(4135.30000001,1837.33737816,295.860590154));
#204918=CARTESIAN_POINT('Control Point',(4135.3,1838.12169955,295.819477167));
#204919=CARTESIAN_POINT('Control Point',(4130.3,1833.07850301,295.126843345));
#204920=CARTESIAN_POINT('Control Point',(4131.08539817,1833.07850301,295.12684335));
#204921=CARTESIAN_POINT('Control Point',(4131.87080878,1833.23246774,295.118736955));
#204922=CARTESIAN_POINT('Control Point',(4132.6157929,1833.54062864,295.102511975));
#204923=CARTESIAN_POINT('Control Point',(4133.94455421,1834.4320742,295.055576471));
#204924=CARTESIAN_POINT('Control Point',(4134.83723438,1835.7589978,294.985712605));
#204925=CARTESIAN_POINT('Control Point',(4135.14582205,1836.50295158,294.946542687));
#204926=CARTESIAN_POINT('Control Point',(4135.30000001,1837.28727594,294.905247216));
#204927=CARTESIAN_POINT('Control Point',(4135.3,1838.07158788,294.863952398));
#204928=CARTESIAN_POINT('Control Point',(4130.3,1832.94505016,292.609172176));
#204929=CARTESIAN_POINT('Control Point',(4131.08539817,1832.94505016,292.60917217));
#204930=CARTESIAN_POINT('Control Point',(4131.87080878,1833.09900443,292.600867451));
#204931=CARTESIAN_POINT('Control Point',(4132.61579291,1833.40714437,292.584245535));
#204932=CARTESIAN_POINT('Control Point',(4133.94455422,1834.29852933,292.536161784));
#204933=CARTESIAN_POINT('Control Point',(4134.83723438,1835.6253627,292.464588761));
#204934=CARTESIAN_POINT('Control Point',(4135.14582205,1836.36926591,292.424460587));
#204935=CARTESIAN_POINT('Control Point',(4135.30000001,1837.15353694,292.382154864));
#204936=CARTESIAN_POINT('Control Point',(4135.3,1837.93779555,292.339849812));
#204937=CARTESIAN_POINT('Control Point',(4130.3,1832.80648167,290.092203648));
#204938=CARTESIAN_POINT('Control Point',(4131.08539817,1832.80648167,290.092203657));
#204939=CARTESIAN_POINT('Control Point',(4131.87080878,1832.96041786,290.083568838));
#204940=CARTESIAN_POINT('Control Point',(4132.6157929,1833.26852162,290.066286209));
#204941=CARTESIAN_POINT('Control Point',(4133.94455421,1834.15980191,290.016291141));
#204942=CARTESIAN_POINT('Control Point',(4134.83723437,1835.48647948,289.941873084));
#204943=CARTESIAN_POINT('Control Point',(4135.14582205,1836.23029533,289.900149809));
#204944=CARTESIAN_POINT('Control Point',(4135.30000001,1837.01447428,289.856162422));
#204945=CARTESIAN_POINT('Control Point',(4135.3,1837.79864079,289.812175731));
#204946=CARTESIAN_POINT('Control Point',(4130.3,1832.72131253,288.592791339));
#204947=CARTESIAN_POINT('Control Point',(4131.08539817,1832.72131253,288.592791328));
#204948=CARTESIAN_POINT('Control Point',(4131.87080878,1832.87523665,288.583943523));
#204949=CARTESIAN_POINT('Control Point',(4132.61579291,1833.18331625,288.566234624));
#204950=CARTESIAN_POINT('Control Point',(4133.94455422,1834.07452665,288.515006465));
#204951=CARTESIAN_POINT('Control Point',(4134.83723438,1835.40110019,288.43875297));
#204952=CARTESIAN_POINT('Control Point',(4135.14582205,1836.14485772,288.396000643));
#204953=CARTESIAN_POINT('Control Point',(4135.30000001,1836.92897517,288.350928367));
#204954=CARTESIAN_POINT('Control Point',(4135.3,1837.7130802,288.305856808));
#204955=CARTESIAN_POINT('Control Point',(4130.3,1832.56574391,285.937527683));
#204956=CARTESIAN_POINT('Control Point',(4131.08539817,1832.56574391,285.937527692));
#204957=CARTESIAN_POINT('Control Point',(4131.87080878,1832.71964627,285.928310749));
#204958=CARTESIAN_POINT('Control Point',(4132.6157929,1833.02768231,285.909862999));
#204959=CARTESIAN_POINT('Control Point',(4133.94455421,1833.91876672,285.856497477));
#204960=CARTESIAN_POINT('Control Point',(4134.83723438,1835.24515272,285.777062474));
#204961=CARTESIAN_POINT('Control Point',(4135.14582205,1835.9888051,285.732526395));
#204962=CARTESIAN_POINT('Control Point',(4135.30000001,1836.7728117,285.685573569));
#204963=CARTESIAN_POINT('Control Point',(4135.3,1837.55680587,285.638621484));
#204964=CARTESIAN_POINT('Control Point',(4130.3,1832.40423166,283.276924853));
#204965=CARTESIAN_POINT('Control Point',(4131.08539817,1832.40423166,283.276924846));
#204966=CARTESIAN_POINT('Control Point',(4131.87080878,1832.55812359,283.267537416));
#204967=CARTESIAN_POINT('Control Point',(4132.61579291,1832.86613876,283.24874845));
#204968=CARTESIAN_POINT('Control Point',(4133.94455422,1833.75716277,283.194395878));
#204969=CARTESIAN_POINT('Control Point',(4134.83723438,1835.08345889,283.113491664));
#204970=CARTESIAN_POINT('Control Point',(4135.14582205,1835.82706087,283.06813186));
#204971=CARTESIAN_POINT('Control Point',(4135.30000001,1836.61101433,283.020310612));
#204972=CARTESIAN_POINT('Control Point',(4135.3,1837.39495538,282.972490124));
#204973=CARTESIAN_POINT('Control Point',(4130.3,1832.33283673,282.109071616));
#204974=CARTESIAN_POINT('Control Point',(4131.08539817,1832.33283673,282.109071626));
#204975=CARTESIAN_POINT('Control Point',(4131.87080878,1832.48672729,282.099662107));
#204976=CARTESIAN_POINT('Control Point',(4132.6157929,1832.79473974,282.080828914));
#204977=CARTESIAN_POINT('Control Point',(4133.94455422,1833.68575589,282.026348381));
#204978=CARTESIAN_POINT('Control Point',(4134.83723438,1835.01204028,281.945253675));
#204979=CARTESIAN_POINT('Control Point',(4135.14582205,1835.75563569,281.899787066));
#204980=CARTESIAN_POINT('Control Point',(4135.30000001,1836.53958223,281.851853214));
#204981=CARTESIAN_POINT('Control Point',(4135.3,1837.32351635,281.803920119));
#204982=CARTESIAN_POINT('Control Point',(4130.3,1832.22020069,280.268400792));
#204983=CARTESIAN_POINT('Control Point',(4131.08539817,1832.22020069,280.268400786));
#204984=CARTESIAN_POINT('Control Point',(4131.87080878,1832.37409024,280.258974693));
#204985=CARTESIAN_POINT('Control Point',(4132.6157929,1832.68210067,280.240108343));
#204986=CARTESIAN_POINT('Control Point',(4133.94455421,1833.57311095,280.185531911));
#204987=CARTESIAN_POINT('Control Point',(4134.83723438,1834.89938662,280.104294479));
#204988=CARTESIAN_POINT('Control Point',(4135.14582205,1835.64297714,280.058747853));
#204989=CARTESIAN_POINT('Control Point',(4135.30000001,1836.42691853,280.010729645));
#204990=CARTESIAN_POINT('Control Point',(4135.3,1837.21084749,279.962712199));
#204991=CARTESIAN_POINT('Control Point',(4130.3,1832.10736338,278.429073947));
#204992=CARTESIAN_POINT('Control Point',(4131.08539817,1832.10736338,278.429073951));
#204993=CARTESIAN_POINT('Control Point',(4131.87080878,1832.26125171,278.419627827));
#204994=CARTESIAN_POINT('Control Point',(4132.6157929,1832.56925967,278.400721377));
#204995=CARTESIAN_POINT('Control Point',(4133.94455421,1833.46026283,278.346028936));
#204996=CARTESIAN_POINT('Control Point',(4134.83723438,1834.78652791,278.264618811));
#204997=CARTESIAN_POINT('Control Point',(4135.14582205,1835.53011248,278.21897536));
#204998=CARTESIAN_POINT('Control Point',(4135.30000001,1836.3140476,278.170855071));
#204999=CARTESIAN_POINT('Control Point',(4135.3,1837.0979703,278.122735545));
#205000=CARTESIAN_POINT('Control Point',(4130.3,1832.06641061,277.762082996));
#205001=CARTESIAN_POINT('Control Point',(4131.08539817,1832.06641061,277.762082996));
#205002=CARTESIAN_POINT('Control Point',(4131.87080878,1832.22029825,277.752625758));
#205003=CARTESIAN_POINT('Control Point',(4132.6157929,1832.52830485,277.733697065));
#205004=CARTESIAN_POINT('Control Point',(4133.94455421,1833.41930407,277.678940282));
#205005=CARTESIAN_POINT('Control Point',(4134.83723438,1834.74556327,277.597434387));
#205006=CARTESIAN_POINT('Control Point',(4135.14582205,1835.48914456,277.551737242));
#205007=CARTESIAN_POINT('Control Point',(4135.30000001,1836.27307621,277.503560346));
#205008=CARTESIAN_POINT('Control Point',(4135.3,1837.05699543,277.455384214));
#205009=CARTESIAN_POINT('Control Point',(4130.3,1831.90224545,275.094651929));
#205010=CARTESIAN_POINT('Control Point',(4131.08539817,1831.90224545,275.094651927));
#205011=CARTESIAN_POINT('Control Point',(4131.87080878,1832.05612813,275.085114012));
#205012=CARTESIAN_POINT('Control Point',(4132.61579291,1832.3641248,275.066023849));
#205013=CARTESIAN_POINT('Control Point',(4133.94455422,1833.25509531,275.010799968));
#205014=CARTESIAN_POINT('Control Point',(4134.83723438,1834.58131177,274.928598799));
#205015=CARTESIAN_POINT('Control Point',(4135.14582205,1835.32486909,274.882511842));
#205016=CARTESIAN_POINT('Control Point',(4135.30000001,1836.10877548,274.833923982));
#205017=CARTESIAN_POINT('Control Point',(4135.3,1836.89266944,274.785336892));
#205018=CARTESIAN_POINT('Control Point',(4130.3,1831.73788197,272.461181856));
#205019=CARTESIAN_POINT('Control Point',(4131.08539817,1831.73788197,272.461181862));
#205020=CARTESIAN_POINT('Control Point',(4131.87080878,1831.89175336,272.451462145));
#205021=CARTESIAN_POINT('Control Point',(4132.6157929,1832.19972742,272.432008093));
#205022=CARTESIAN_POINT('Control Point',(4133.94455421,1833.09063251,272.375731548));
#205023=CARTESIAN_POINT('Control Point',(4134.83723437,1834.41675161,272.291963468));
#205024=CARTESIAN_POINT('Control Point',(4135.14582205,1835.16025434,272.244998004));
#205025=CARTESIAN_POINT('Control Point',(4135.30000001,1835.94410318,272.195483963));
#205026=CARTESIAN_POINT('Control Point',(4135.3,1836.72793959,272.145970705));
#205027=CARTESIAN_POINT('Control Point',(4130.3,1831.61576945,270.544411803));
#205028=CARTESIAN_POINT('Control Point',(4131.08539817,1831.61576945,270.544411866));
#205029=CARTESIAN_POINT('Control Point',(4131.87080878,1831.76963009,270.534523174));
#205030=CARTESIAN_POINT('Control Point',(4132.61579291,1832.07758264,270.514730859));
#205031=CARTESIAN_POINT('Control Point',(4133.94455422,1832.9684255,270.457475732));
#205032=CARTESIAN_POINT('Control Point',(4134.83723438,1834.29445196,270.372250947));
#205033=CARTESIAN_POINT('Control Point',(4135.14582205,1835.03790275,270.324468752));
#205034=CARTESIAN_POINT('Control Point',(4135.30000001,1835.82169683,270.274093648));
#205035=CARTESIAN_POINT('Control Point',(4135.3,1836.60547848,270.223719329));
#205036=CARTESIAN_POINT('Control Point',(4130.3,1831.44643007,267.941017582));
#205037=CARTESIAN_POINT('Control Point',(4131.08539817,1831.44643007,267.941017563));
#205038=CARTESIAN_POINT('Control Point',(4131.87080878,1831.60027763,267.930928092));
#205039=CARTESIAN_POINT('Control Point',(4132.6157929,1831.908204,267.910734004));
#205040=CARTESIAN_POINT('Control Point',(4133.94455421,1832.79897113,267.852316716));
#205041=CARTESIAN_POINT('Control Point',(4134.83723438,1834.12488488,267.765362161));
#205042=CARTESIAN_POINT('Control Point',(4135.14582205,1834.86827248,267.716610172));
#205043=CARTESIAN_POINT('Control Point',(4135.30000001,1835.65199994,267.665212666));
#205044=CARTESIAN_POINT('Control Point',(4135.3,1836.43571498,267.613815978));
#205045=CARTESIAN_POINT('Control Point',(4130.3,1831.27337361,265.339411262));
#205046=CARTESIAN_POINT('Control Point',(4131.08539817,1831.27337361,265.339411268));
#205047=CARTESIAN_POINT('Control Point',(4131.87080878,1831.42720957,265.329147451));
#205048=CARTESIAN_POINT('Control Point',(4132.6157929,1831.73511272,265.308604384));
#205049=CARTESIAN_POINT('Control Point',(4133.94455422,1832.62581269,265.249177545));
#205050=CARTESIAN_POINT('Control Point',(4134.83723438,1833.95162646,265.160720228));
#205051=CARTESIAN_POINT('Control Point',(4135.14582205,1834.694958,265.111125694));
#205052=CARTESIAN_POINT('Control Point',(4135.30000001,1835.47862636,265.058839916));
#205053=CARTESIAN_POINT('Control Point',(4135.3,1836.2622823,265.006554965));
#205054=CARTESIAN_POINT('Control Point',(4130.3,1831.21829688,264.51619905));
#205055=CARTESIAN_POINT('Control Point',(4131.08539817,1831.21829688,264.51619905));
#205056=CARTESIAN_POINT('Control Point',(4131.87080878,1831.37212902,264.505878129));
#205057=CARTESIAN_POINT('Control Point',(4132.6157929,1831.68002453,264.485220773));
#205058=CARTESIAN_POINT('Control Point',(4133.94455421,1832.57070238,264.425463326));
#205059=CARTESIAN_POINT('Control Point',(4134.83723438,1833.89648323,264.336513906));
#205060=CARTESIAN_POINT('Control Point',(4135.14582205,1834.63979632,264.286643471));
#205061=CARTESIAN_POINT('Control Point',(4135.30000001,1835.42344522,264.234066821));
#205062=CARTESIAN_POINT('Control Point',(4135.3,1836.2070817,264.181491005));
#205063=CARTESIAN_POINT('Control Point',(4130.3,1831.0440508,261.927128831));
#205064=CARTESIAN_POINT('Control Point',(4131.08539817,1831.0440508,261.927128832));
#205065=CARTESIAN_POINT('Control Point',(4131.87080878,1831.1978709,261.916629031));
#205066=CARTESIAN_POINT('Control Point',(4132.6157929,1831.50574231,261.895613645));
#205067=CARTESIAN_POINT('Control Point',(4133.94455421,1832.39635046,261.834820491));
#205068=CARTESIAN_POINT('Control Point',(4134.83723438,1833.72202755,261.744329411));
#205069=CARTESIAN_POINT('Control Point',(4135.14582205,1834.46528247,261.693594627));
#205070=CARTESIAN_POINT('Control Point',(4135.30000001,1835.24887005,261.640106725));
#205071=CARTESIAN_POINT('Control Point',(4135.3,1836.03244521,261.58661967));
#205072=CARTESIAN_POINT('Control Point',(4130.3,1830.86638273,259.343456454));
#205073=CARTESIAN_POINT('Control Point',(4131.08539817,1830.86638273,259.343456451));
#205074=CARTESIAN_POINT('Control Point',(4131.87080878,1831.02019042,259.332776108));
#205075=CARTESIAN_POINT('Control Point',(4132.6157929,1831.32803699,259.311399373));
#205076=CARTESIAN_POINT('Control Point',(4133.94455422,1832.21857327,259.249560913));
#205077=CARTESIAN_POINT('Control Point',(4134.83723438,1833.54414338,259.157513894));
#205078=CARTESIAN_POINT('Control Point',(4135.14582205,1834.28733832,259.105906757));
#205079=CARTESIAN_POINT('Control Point',(4135.30000001,1835.07086266,259.051499165));
#205080=CARTESIAN_POINT('Control Point',(4135.3,1835.85437459,258.997092436));
#205081=CARTESIAN_POINT('Control Point',(4130.3,1830.72890394,257.376353259));
#205082=CARTESIAN_POINT('Control Point',(4131.08539817,1830.72890393,257.376353252));
#205083=CARTESIAN_POINT('Control Point',(4131.87080878,1830.88270198,257.365534885));
#205084=CARTESIAN_POINT('Control Point',(4132.6157929,1831.19052924,257.343881897));
#205085=CARTESIAN_POINT('Control Point',(4133.94455421,1832.08100969,257.281244299));
#205086=CARTESIAN_POINT('Control Point',(4134.83723438,1833.40649669,257.188007764));
#205087=CARTESIAN_POINT('Control Point',(4135.14582205,1834.14964503,257.135733713));
#205088=CARTESIAN_POINT('Control Point',(4135.30000001,1834.93312025,257.080623017));
#205089=CARTESIAN_POINT('Control Point',(4135.3,1835.71658305,257.025513196));
#205090=CARTESIAN_POINT('Control Point',(4130.3,1830.44958422,253.443164424));
#205091=CARTESIAN_POINT('Control Point',(4131.08539817,1830.44958422,253.44316441));
#205092=CARTESIAN_POINT('Control Point',(4131.87080878,1830.60336264,253.432069649));
#205093=CARTESIAN_POINT('Control Point',(4132.6157929,1830.91115064,253.409863465));
#205094=CARTESIAN_POINT('Control Point',(4133.94455421,1831.80151748,253.345625594));
#205095=CARTESIAN_POINT('Control Point',(4134.83723438,1833.12683538,253.250007047));
#205096=CARTESIAN_POINT('Control Point',(4135.14582205,1833.86988892,253.196397498));
#205097=CARTESIAN_POINT('Control Point',(4135.30000001,1834.65326418,253.139878835));
#205098=CARTESIAN_POINT('Control Point',(4135.3,1835.43662703,253.08336107));
#205099=CARTESIAN_POINT('Control Point',(4130.3,1830.16132485,249.509196371));
#205100=CARTESIAN_POINT('Control Point',(4131.08539817,1830.16132485,249.509196355));
#205101=CARTESIAN_POINT('Control Point',(4131.87080878,1830.31508302,249.497825112));
#205102=CARTESIAN_POINT('Control Point',(4132.6157929,1830.62283048,249.47506555));
#205103=CARTESIAN_POINT('Control Point',(4133.94455421,1831.51308008,249.409226877));
#205104=CARTESIAN_POINT('Control Point',(4134.83723438,1832.83822345,249.311225527));
#205105=CARTESIAN_POINT('Control Point',(4135.14582205,1833.58117914,249.256280034));
#205106=CARTESIAN_POINT('Control Point',(4135.30000001,1834.36445124,249.198352934));
#205107=CARTESIAN_POINT('Control Point',(4135.3,1835.14771093,249.140426755));
#205108=CARTESIAN_POINT('Control Point',(4130.3,1830.0149064,247.541313958));
#205109=CARTESIAN_POINT('Control Point',(4131.08539817,1830.0149064,247.541313942));
#205110=CARTESIAN_POINT('Control Point',(4131.87080878,1830.1686543,247.529804586));
#205111=CARTESIAN_POINT('Control Point',(4132.6157929,1830.4763812,247.506768591));
#205112=CARTESIAN_POINT('Control Point',(4133.94455421,1831.36657131,247.440130251));
#205113=CARTESIAN_POINT('Control Point',(4134.83723438,1832.69162615,247.340938593));
#205114=CARTESIAN_POINT('Control Point',(4135.14582205,1833.43453219,247.285325742));
#205115=CARTESIAN_POINT('Control Point',(4135.30000001,1834.21775196,247.226695068));
#205116=CARTESIAN_POINT('Control Point',(4135.3,1835.00095932,247.168065327));
#205117=CARTESIAN_POINT('Control Point',(4130.3,1829.56870149,241.633955163));
#205118=CARTESIAN_POINT('Control Point',(4131.08539817,1829.56870149,241.633955151));
#205119=CARTESIAN_POINT('Control Point',(4131.87080878,1829.72241812,241.622031885));
#205120=CARTESIAN_POINT('Control Point',(4132.6157929,1830.03008246,241.598167446));
#205121=CARTESIAN_POINT('Control Point',(4133.94455421,1830.92009158,241.529132584));
#205122=CARTESIAN_POINT('Control Point',(4134.83723438,1832.24487701,241.426373679));
#205123=CARTESIAN_POINT('Control Point',(4135.14582205,1832.98763201,241.368760812));
#205124=CARTESIAN_POINT('Control Point',(4135.30000001,1833.77069253,241.308021592));
#205125=CARTESIAN_POINT('Control Point',(4135.3,1834.55374065,241.247283337));
#205126=CARTESIAN_POINT('Control Point',(4130.3,1829.10155897,235.714582413));
#205127=CARTESIAN_POINT('Control Point',(4131.08539817,1829.10155897,235.714582409));
#205128=CARTESIAN_POINT('Control Point',(4131.87080878,1829.25524301,235.702246229));
#205129=CARTESIAN_POINT('Control Point',(4132.6157929,1829.5628421,235.677555327));
#205130=CARTESIAN_POINT('Control Point',(4133.94455421,1830.45266247,235.606129672));
#205131=CARTESIAN_POINT('Control Point',(4134.83723438,1831.77716694,235.49981204));
#205132=CARTESIAN_POINT('Control Point',(4135.14582205,1832.51976442,235.440203933));
#205133=CARTESIAN_POINT('Control Point',(4135.30000001,1833.30265887,235.377361198));
#205134=CARTESIAN_POINT('Control Point',(4135.3,1834.08554092,235.31451946));
#205135=CARTESIAN_POINT('Control Point',(4130.3,1828.78074597,231.762212787));
#205136=CARTESIAN_POINT('Control Point',(4131.08539817,1828.78074597,231.762212789));
#205137=CARTESIAN_POINT('Control Point',(4131.87080878,1828.93440767,231.74960151));
#205138=CARTESIAN_POINT('Control Point',(4132.6157929,1829.24196203,231.724359993));
#205139=CARTESIAN_POINT('Control Point',(4133.94455421,1830.13165302,231.651341516));
#205140=CARTESIAN_POINT('Control Point',(4134.83723438,1831.45596491,231.542652948));
#205141=CARTESIAN_POINT('Control Point',(4135.14582205,1832.19845442,231.481715549));
#205142=CARTESIAN_POINT('Control Point',(4135.30000001,1832.98123504,231.417471388));
#205143=CARTESIAN_POINT('Control Point',(4135.3,1833.76400327,231.353228245));
#205144=CARTESIAN_POINT('Control Point',(4130.3,1828.19785603,224.775438803));
#205145=CARTESIAN_POINT('Control Point',(4131.08539817,1828.19785603,224.775438801));
#205146=CARTESIAN_POINT('Control Point',(4131.87080878,1828.35147706,224.762340088));
#205147=CARTESIAN_POINT('Control Point',(4132.6157929,1828.65895002,224.736122974));
#205148=CARTESIAN_POINT('Control Point',(4133.94455421,1829.54840556,224.660282302));
#205149=CARTESIAN_POINT('Control Point',(4134.83723438,1830.87236699,224.547392881));
#205150=CARTESIAN_POINT('Control Point',(4135.14582205,1831.61466,224.48410023));
#205151=CARTESIAN_POINT('Control Point',(4135.30000001,1832.39723346,224.41737301));
#205152=CARTESIAN_POINT('Control Point',(4135.3,1833.17979453,224.350646847));
#205153=CARTESIAN_POINT('Control Point',(4130.3,1827.58704484,217.78844835));
#205154=CARTESIAN_POINT('Control Point',(4131.08539817,1827.58704484,217.788448351));
#205155=CARTESIAN_POINT('Control Point',(4131.87080878,1827.74062329,217.774862615));
#205156=CARTESIAN_POINT('Control Point',(4132.6157929,1828.04801104,217.74767072));
#205157=CARTESIAN_POINT('Control Point',(4133.94455421,1828.93722007,217.669010207));
#205158=CARTESIAN_POINT('Control Point',(4134.83723438,1830.26081455,217.551923425));
#205159=CARTESIAN_POINT('Control Point',(4135.14582205,1831.00290183,217.486277479));
#205160=CARTESIAN_POINT('Control Point',(4135.30000001,1831.7852584,217.417069262));
#205161=CARTESIAN_POINT('Control Point',(4135.3,1832.56760258,217.347862141));
#205162=CARTESIAN_POINT('Control Point',(4130.3,1827.31659511,214.754944083));
#205163=CARTESIAN_POINT('Control Point',(4131.08539817,1827.31659511,214.754944083));
#205164=CARTESIAN_POINT('Control Point',(4131.87080878,1827.47015474,214.741147185));
#205165=CARTESIAN_POINT('Control Point',(4132.6157929,1827.77750481,214.713532652));
#205166=CARTESIAN_POINT('Control Point',(4133.94455421,1828.66660483,214.633649532));
#205167=CARTESIAN_POINT('Control Point',(4134.83723438,1829.99003706,214.514742894));
#205168=CARTESIAN_POINT('Control Point',(4135.14582205,1830.73203337,214.448076627));
#205169=CARTESIAN_POINT('Control Point',(4135.30000001,1831.51429404,214.377792721));
#205170=CARTESIAN_POINT('Control Point',(4135.3,1832.29654231,214.307509929));
#205171=CARTESIAN_POINT('Control Point',(4130.3,1824.78202045,186.867579736));
#205172=CARTESIAN_POINT('Control Point',(4131.08539817,1824.78202045,186.867579736));
#205173=CARTESIAN_POINT('Control Point',(4131.87080878,1824.93540363,186.851841412));
#205174=CARTESIAN_POINT('Control Point',(4132.6157929,1825.24240053,186.820341108));
#205175=CARTESIAN_POINT('Control Point',(4133.94455421,1826.13047892,186.729217259));
#205176=CARTESIAN_POINT('Control Point',(4134.83723438,1827.45239044,186.593578709));
#205177=CARTESIAN_POINT('Control Point',(4135.14582205,1828.19353415,186.517531518));
#205178=CARTESIAN_POINT('Control Point',(4135.30000001,1828.97489595,186.437357633));
#205179=CARTESIAN_POINT('Control Point',(4135.3,1829.75624537,186.357185019));
#205180=CARTESIAN_POINT('Control Point',(4130.3,1821.80692811,159.021075007));
#205181=CARTESIAN_POINT('Control Point',(4131.08539817,1821.80692811,159.021075008));
#205182=CARTESIAN_POINT('Control Point',(4131.87080878,1821.9601048,159.003404837));
#205183=CARTESIAN_POINT('Control Point',(4132.6157929,1822.26668843,158.968037934));
#205184=CARTESIAN_POINT('Control Point',(4133.94455422,1823.1535713,158.865728815));
#205185=CARTESIAN_POINT('Control Point',(4134.83723438,1824.47370328,158.713440904));
#205186=CARTESIAN_POINT('Control Point',(4135.14582205,1825.21384928,158.628059071));
#205187=CARTESIAN_POINT('Control Point',(4135.30000001,1825.99415922,158.538044002));
#205188=CARTESIAN_POINT('Control Point',(4135.3,1826.7744568,158.448030358));
#205189=CARTESIAN_POINT('Control Point',(4130.3,1818.80745179,134.242229538));
#205190=CARTESIAN_POINT('Control Point',(4131.08539817,1818.80745179,134.24222954));
#205191=CARTESIAN_POINT('Control Point',(4131.87080878,1818.96042054,134.222841804));
#205192=CARTESIAN_POINT('Control Point',(4132.61579291,1819.26658798,134.184037189));
#205193=CARTESIAN_POINT('Control Point',(4133.94455422,1820.15226687,134.071783482));
#205194=CARTESIAN_POINT('Control Point',(4134.83723438,1821.47060673,133.904692973));
#205195=CARTESIAN_POINT('Control Point',(4135.14582205,1822.20974795,133.811011907));
#205196=CARTESIAN_POINT('Control Point',(4135.30000001,1822.98899859,133.712247247));
#205197=CARTESIAN_POINT('Control Point',(4135.3,1823.76823689,133.613484152));
#205198=CARTESIAN_POINT('Control Point',(4130.3,1812.11513178,84.7805687146));
#205199=CARTESIAN_POINT('Control Point',(4131.08539817,1812.11513178,84.7805687167));
#205200=CARTESIAN_POINT('Control Point',(4131.87080878,1812.26763658,84.7577519977));
#205201=CARTESIAN_POINT('Control Point',(4132.6157929,1812.5728754,84.712084261));
#205202=CARTESIAN_POINT('Control Point',(4133.94455422,1813.45586801,84.5799769662));
#205203=CARTESIAN_POINT('Control Point',(4134.83723438,1814.77020931,84.3833342377));
#205204=CARTESIAN_POINT('Control Point',(4135.14582205,1815.5071087,84.273084406));
#205205=CARTESIAN_POINT('Control Point',(4135.30000001,1816.28399586,84.1568518779));
#205206=CARTESIAN_POINT('Control Point',(4135.3,1817.06087071,84.0406211912));
#205207=CARTESIAN_POINT('Control Point',(4130.3,1804.0386555,35.5324023462));
#205208=CARTESIAN_POINT('Control Point',(4131.08539817,1804.0386555,35.5324023475));
#205209=CARTESIAN_POINT('Control Point',(4131.87080878,1804.19059985,35.5061678788));
#205210=CARTESIAN_POINT('Control Point',(4132.6157929,1804.49471695,35.453659506));
#205211=CARTESIAN_POINT('Control Point',(4133.94455421,1805.37446466,35.3017636707));
#205212=CARTESIAN_POINT('Control Point',(4134.83723438,1806.68397589,35.0756655482));
#205213=CARTESIAN_POINT('Control Point',(4135.14582205,1807.41816725,34.9489012377));
#205214=CARTESIAN_POINT('Control Point',(4135.30000001,1808.19219943,34.8152580745));
#205215=CARTESIAN_POINT('Control Point',(4135.3,1808.96621935,34.6816170286));
#205216=CARTESIAN_POINT('Control Point',(4130.3,1799.65502291,10.9670513327));
#205217=CARTESIAN_POINT('Control Point',(4131.08539817,1799.65502291,10.9670513333));
#205218=CARTESIAN_POINT('Control Point',(4131.87080878,1799.80666284,10.9391105334));
#205219=CARTESIAN_POINT('Control Point',(4132.6157929,1800.11017063,10.8831869343));
#205220=CARTESIAN_POINT('Control Point',(4133.94455421,1800.98815574,10.7214115579));
#205221=CARTESIAN_POINT('Control Point',(4134.83723438,1802.29504333,10.4806076636));
#205222=CARTESIAN_POINT('Control Point',(4135.14582205,1803.02776372,10.3455984064));
#205223=CARTESIAN_POINT('Control Point',(4135.30000001,1803.8002451,10.2032628853));
#205224=CARTESIAN_POINT('Control Point',(4135.3,1804.57271425,10.0609296194));
#205225=CARTESIAN_POINT('Control Point',(4130.3,1790.81031841,-34.8622182152));
#205226=CARTESIAN_POINT('Control Point',(4131.08539817,1790.81031841,-34.8622182158));
#205227=CARTESIAN_POINT('Control Point',(4131.87080878,1790.9613436,-34.8933443909));
#205228=CARTESIAN_POINT('Control Point',(4132.61579291,1791.263621,-34.9556435274));
#205229=CARTESIAN_POINT('Control Point',(4133.94455422,1792.13804683,-35.1358620101));
#205230=CARTESIAN_POINT('Control Point',(4134.83723438,1793.43963641,-35.4041186085));
#205231=CARTESIAN_POINT('Control Point',(4135.14582205,1794.16938641,-35.5545195152));
#205232=CARTESIAN_POINT('Control Point',(4135.30000001,1794.93873622,-35.7130819118));
#205233=CARTESIAN_POINT('Control Point',(4135.3,1795.70807384,-35.8716417957));
#205234=CARTESIAN_POINT('Control Point',(4130.3,1780.76193677,-80.4479849006));
#205235=CARTESIAN_POINT('Control Point',(4131.08539817,1780.76193677,-80.4479849002));
#205236=CARTESIAN_POINT('Control Point',(4131.87080878,1780.91226306,-80.4822817767));
#205237=CARTESIAN_POINT('Control Point',(4132.6157929,1781.21314161,-80.5509270829));
#205238=CARTESIAN_POINT('Control Point',(4133.94455421,1782.08352087,-80.7495037196));
#205239=CARTESIAN_POINT('Control Point',(4134.83723438,1783.37908709,-81.0450865732));
#205240=CARTESIAN_POINT('Control Point',(4135.14582205,1784.10546003,-81.2108082348));
#205241=CARTESIAN_POINT('Control Point',(4135.30000001,1784.87124953,-81.3855227657));
#205242=CARTESIAN_POINT('Control Point',(4135.3,1785.63702689,-81.5602345284));
#205243=CARTESIAN_POINT('Control Point',(4130.3,1775.82495148,-101.608629834));
#205244=CARTESIAN_POINT('Control Point',(4131.08539817,1775.82495148,-101.608629834));
#205245=CARTESIAN_POINT('Control Point',(4131.87080878,1775.97493431,-101.644398812));
#205246=CARTESIAN_POINT('Control Point',(4132.6157929,1776.27512543,-101.715990533));
#205247=CARTESIAN_POINT('Control Point',(4133.94455421,1777.14351608,-101.923090538));
#205248=CARTESIAN_POINT('Control Point',(4134.83723438,1778.43612226,-102.231360491));
#205249=CARTESIAN_POINT('Control Point',(4135.14582205,1779.16083561,-102.404195309));
#205250=CARTESIAN_POINT('Control Point',(4135.30000001,1779.92487547,-102.586408991));
#205251=CARTESIAN_POINT('Control Point',(4135.3,1780.68890322,-102.768619786));
#205252=CARTESIAN_POINT('Control Point',(4130.3,1757.32641457,-176.723468663));
#205253=CARTESIAN_POINT('Control Point',(4131.08539817,1757.32641457,-176.723468663));
#205254=CARTESIAN_POINT('Control Point',(4131.87080878,1757.47511073,-176.764462353));
#205255=CARTESIAN_POINT('Control Point',(4132.61579291,1757.77272655,-176.846511351));
#205256=CARTESIAN_POINT('Control Point',(4133.94455422,1758.63366741,-177.083862087));
#205257=CARTESIAN_POINT('Control Point',(4134.83723438,1759.91518451,-177.437160483));
#205258=CARTESIAN_POINT('Control Point',(4135.14582205,1760.63368067,-177.635240976));
#205259=CARTESIAN_POINT('Control Point',(4135.30000001,1761.39116594,-177.844070286));
#205260=CARTESIAN_POINT('Control Point',(4135.3,1762.14863921,-178.052896288));
#205261=CARTESIAN_POINT('Control Point',(4130.3,1735.56059041,-250.992938556));
#205262=CARTESIAN_POINT('Control Point',(4131.08539817,1735.56059041,-250.992938554));
#205263=CARTESIAN_POINT('Control Point',(4131.87080878,1735.70777173,-251.039101473));
#205264=CARTESIAN_POINT('Control Point',(4132.6157929,1736.0023556,-251.1314967));
#205265=CARTESIAN_POINT('Control Point',(4133.94455421,1736.85452566,-251.398776934));
#205266=CARTESIAN_POINT('Control Point',(4134.83723438,1738.12298734,-251.796625624));
#205267=CARTESIAN_POINT('Control Point',(4135.14582205,1738.83416384,-252.019683712));
#205268=CARTESIAN_POINT('Control Point',(4135.30000001,1739.58393226,-252.254846025));
#205269=CARTESIAN_POINT('Control Point',(4135.3,1740.3336888,-252.490004612));
#205270=CARTESIAN_POINT('Control Point',(4130.3,1718.23606108,-303.890364055));
#205271=CARTESIAN_POINT('Control Point',(4131.08539817,1718.23606108,-303.890364052));
#205272=CARTESIAN_POINT('Control Point',(4131.87080878,1718.38203419,-303.940217439));
#205273=CARTESIAN_POINT('Control Point',(4132.6157929,1718.67419983,-304.039999152));
#205274=CARTESIAN_POINT('Control Point',(4133.94455421,1719.51937443,-304.328646959));
#205275=CARTESIAN_POINT('Control Point',(4134.83723438,1720.77742332,-304.758301445));
#205276=CARTESIAN_POINT('Control Point',(4135.14582205,1721.48276178,-304.999191789));
#205277=CARTESIAN_POINT('Control Point',(4135.30000001,1722.22637536,-305.253154025));
#205278=CARTESIAN_POINT('Control Point',(4135.3,1722.96997715,-305.507112237));
#205279=CARTESIAN_POINT('Control Point',(4130.3,1699.25689621,-356.206668521));
#205280=CARTESIAN_POINT('Control Point',(4131.08539817,1699.25689621,-356.206668521));
#205281=CARTESIAN_POINT('Control Point',(4131.87080878,1699.40154346,-356.260176865));
#205282=CARTESIAN_POINT('Control Point',(4132.61579291,1699.69105537,-356.367273984));
#205283=CARTESIAN_POINT('Control Point',(4133.94455422,1700.5285533,-356.677083742));
#205284=CARTESIAN_POINT('Control Point',(4134.83723438,1701.77517541,-357.138237952));
#205285=CARTESIAN_POINT('Control Point',(4135.14582205,1702.47410732,-357.396788951));
#205286=CARTESIAN_POINT('Control Point',(4135.30000001,1703.2109667,-357.669370193));
#205287=CARTESIAN_POINT('Control Point',(4135.3,1703.9478144,-357.941947116));
#205288=CARTESIAN_POINT('Control Point',(4130.3,1678.64905298,-407.872578345));
#205289=CARTESIAN_POINT('Control Point',(4131.08539817,1678.64905298,-407.872578345));
#205290=CARTESIAN_POINT('Control Point',(4131.87080878,1678.79225949,-407.929698744));
#205291=CARTESIAN_POINT('Control Point',(4132.6157929,1679.07888777,-408.044025402));
#205292=CARTESIAN_POINT('Control Point',(4133.94455421,1679.90804397,-408.374748715));
#205293=CARTESIAN_POINT('Control Point',(4134.83723438,1681.14224935,-408.867032912));
#205294=CARTESIAN_POINT('Control Point',(4135.14582205,1681.83421968,-409.143037269));
#205295=CARTESIAN_POINT('Control Point',(4135.30000001,1682.56373972,-409.434018973));
#205296=CARTESIAN_POINT('Control Point',(4135.3,1683.29324819,-409.724996067));
#205297=B_SPLINE_CURVE_WITH_KNOTS('',5,(#205298,#205299,#205300,#205301,#205302,#205303),.UNSPECIFIED.,.F.,.U.,(6,6),(0.,9.31078890706),.UNSPECIFIED.);
#205298=CARTESIAN_POINT('Control Point',(4130.3,1247.09769472,1684.45951465));
#205299=CARTESIAN_POINT('Control Point',(4131.87084854,1247.09769472,1684.45951465));
#205300=CARTESIAN_POINT('Control Point',(4133.44334516,1247.50989111,1684.91619253));
#205301=CARTESIAN_POINT('Control Point',(4134.68499314,1248.34208998,1685.83819707));
#205302=CARTESIAN_POINT('Control Point',(4135.30000002,1249.39555051,1687.00534027));
#205303=CARTESIAN_POINT('Control Point',(4135.3,1250.44798035,1688.17134158));
#205304=CARTESIAN_POINT('Vertex',(4130.3,1247.09769522,1684.45951521));
#205305=VERTEX_POINT('',#205304);
#205306=EDGE_CURVE('',#205305,#204218,#205297,.T.);
#205307=B_SPLINE_CURVE_WITH_KNOTS('',5,(#205308,#205309,#205310,#205311,#205312,#205313),.UNSPECIFIED.,.F.,.U.,(6,6),(0.,9.31021913701),.UNSPECIFIED.);
#205308=CARTESIAN_POINT('Control Point',(4130.3,1678.66776,-407.825676403));
#205309=CARTESIAN_POINT('Control Point',(4131.87075241,1678.66776,-407.825676403));
#205310=CARTESIAN_POINT('Control Point',(4133.44313561,1679.23904842,-408.053610245));
#205311=CARTESIAN_POINT('Control Point',(4134.6849089,1680.39248918,-408.513812435));
#205312=CARTESIAN_POINT('Control Point',(4135.30000001,1681.85285331,-409.096471552));
#205313=CARTESIAN_POINT('Control Point',(4135.3,1683.31177182,-409.678553892));
#205314=CARTESIAN_POINT('Vertex',(4130.3,1678.66776,-407.825676403));
#205315=VERTEX_POINT('',#205314);
#205316=EDGE_CURVE('',#205315,#204100,#205307,.T.);
#205317=B_SPLINE_CURVE_WITH_KNOTS('',5,(#205318,#205319,#205320,#205321,#205322,#205323,#205324,#205325,#205326,#205327,#205328,#205329,#205330,#205331,#205332,#205333,#205334,#205335,#205336,#205337,#205338,#205339,#205340,#205341,#205342,#205343,#205344,#205345,#205346,#205347,#205348,#205349,#205350,#205351,#205352,#205353,#205354,#205355,#205356,#205357,#205358,#205359,#205360,#205361,#205362,#205363,#205364,#205365,#205366,#205367,#205368,#205369,#205370,#205371,#205372,#205373,#205374,#205375,#205376,#205377,#205378,#205379,#205380,#205381,#205382,#205383,#205384,#205385,#205386,#205387,#205388,#205389,#205390,#205391,#205392,#205393,#205394,#205395,#205396,#205397,#205398,#205399,#205400,#205401,#205402,#205403,#205404,#205405,#205406,#205407,#205408,#205409,#205410,#205411,#205412,#205413,#205414,#205415,#205416,#205417,#205418,#205419,#205420,#205421,#205422,#205423,#205424,#205425,#205426,#205427,#205428,#205429,#205430,#205431),.UNSPECIFIED.,.F.,.U.,(6,3,3,3,3,3,3,3,3,3,3,3,3,3,3,3,3,3,3,3,3,3,3,3,3,3,3,3,3,3,3,3,3,3,3,3,3,6),(1173.97612511,1363.60465868,1706.75193384,2032.17955685,2547.40420761,2840.37984227,3183.83808253,3521.72724925,3719.33728226,3735.54741969,3751.76300555,3759.76915823,3767.85227946,3776.07524925,3784.10174085,3792.98285567,3801.774375,3810.43892827,3819.10348153,3887.17875664,3904.35618473,3912.12842554,3919.7982657,3935.5125587,3943.98183239,3952.9251633,3966.1836552,3970.60315602,3976.46407142,3982.32498681,3999.97516609,4005.4677506,4075.79804724,4102.74798912,4544.89269057,4737.31995271,4929.64997331,5229.9429865),.UNSPECIFIED.);
#205318=CARTESIAN_POINT('Control Point',(4130.3,1247.09769472,1684.45951465));
#205319=CARTESIAN_POINT('Control Point',(4130.3,1263.05766588,1670.31596087));
#205320=CARTESIAN_POINT('Control Point',(4130.3,1278.80448905,1655.93308191));
#205321=CARTESIAN_POINT('Control Point',(4130.3,1294.33268126,1641.31426321));
#205322=CARTESIAN_POINT('Control Point',(4130.3,1337.33076295,1599.58936257));
#205323=CARTESIAN_POINT('Control Point',(4130.3,1378.51708742,1556.06535953));
#205324=CARTESIAN_POINT('Control Point',(4130.3,1404.26093837,1527.31092714));
#205325=CARTESIAN_POINT('Control Point',(4130.3,1452.84339501,1469.9286155));
#205326=CARTESIAN_POINT('Control Point',(4130.3,1498.26289015,1410.01220372));
#205327=CARTESIAN_POINT('Control Point',(4130.3,1519.60115634,1380.27210954));
#205328=CARTESIAN_POINT('Control Point',(4130.3,1572.68118162,1302.03715221));
#205329=CARTESIAN_POINT('Control Point',(4130.3,1620.37881191,1220.34838864));
#205330=CARTESIAN_POINT('Control Point',(4130.3,1647.52349073,1169.09956201));
#205331=CARTESIAN_POINT('Control Point',(4130.3,1686.74670737,1087.03910858));
#205332=CARTESIAN_POINT('Control Point',(4130.3,1720.59279958,1002.66546282));
#205333=CARTESIAN_POINT('Control Point',(4130.3,1732.14818421,971.796618031));
#205334=CARTESIAN_POINT('Control Point',(4130.3,1755.67682406,904.18571055));
#205335=CARTESIAN_POINT('Control Point',(4130.3,1775.74801434,835.468964248));
#205336=CARTESIAN_POINT('Control Point',(4130.3,1785.5577934,798.100258733));
#205337=CARTESIAN_POINT('Control Point',(4130.3,1802.95923723,723.475117789));
#205338=CARTESIAN_POINT('Control Point',(4130.3,1816.1945117,648.027221698));
#205339=CARTESIAN_POINT('Control Point',(4130.3,1821.71369091,610.447445419));
#205340=CARTESIAN_POINT('Control Point',(4130.3,1828.76845438,550.690226659));
#205341=CARTESIAN_POINT('Control Point',(4130.3,1833.06449341,490.727604583));
#205342=CARTESIAN_POINT('Control Point',(4130.3,1834.26803531,468.58098653));
#205343=CARTESIAN_POINT('Control Point',(4130.3,1835.14969501,444.607017732));
#205344=CARTESIAN_POINT('Control Point',(4130.3,1835.56689545,420.633466988));
#205345=CARTESIAN_POINT('Control Point',(4130.3,1835.595898,418.812842872));
#205346=CARTESIAN_POINT('Control Point',(4130.3,1835.64845129,415.17714103));
#205347=CARTESIAN_POINT('Control Point',(4130.3,1835.69027275,411.54336848));
#205348=CARTESIAN_POINT('Control Point',(4130.3,1835.70850107,409.726477002));
#205349=CARTESIAN_POINT('Control Point',(4130.3,1835.73173739,407.009412675));
#205350=CARTESIAN_POINT('Control Point',(4130.3,1835.74890865,404.288590265));
#205351=CARTESIAN_POINT('Control Point',(4130.3,1835.75397535,403.377275252));
#205352=CARTESIAN_POINT('Control Point',(4130.3,1835.76266416,401.569476803));
#205353=CARTESIAN_POINT('Control Point',(4130.3,1835.76863397,399.769776347));
#205354=CARTESIAN_POINT('Control Point',(4130.3,1835.77087652,398.900854355));
#205355=CARTESIAN_POINT('Control Point',(4130.3,1835.77424576,397.095592497));
#205356=CARTESIAN_POINT('Control Point',(4130.3,1835.77523009,395.303416813));
#205357=CARTESIAN_POINT('Control Point',(4130.3,1835.77521689,394.508780052));
#205358=CARTESIAN_POINT('Control Point',(4130.3,1835.77443895,392.716459668));
#205359=CARTESIAN_POINT('Control Point',(4130.3,1835.77200359,390.906048174));
#205360=CARTESIAN_POINT('Control Point',(4130.3,1835.77039394,390.00659037));
#205361=CARTESIAN_POINT('Control Point',(4130.3,1835.76585565,388.108205928));
#205362=CARTESIAN_POINT('Control Point',(4130.3,1835.75860444,386.207665266));
#205363=CARTESIAN_POINT('Control Point',(4130.3,1835.75454638,385.332678289));
#205364=CARTESIAN_POINT('Control Point',(4130.3,1835.74374957,383.350128703));
#205365=CARTESIAN_POINT('Control Point',(4130.3,1835.72974944,381.366087928));
#205366=CARTESIAN_POINT('Control Point',(4130.3,1835.72260416,380.4493679));
#205367=CARTESIAN_POINT('Control Point',(4130.3,1835.7059642,378.485788971));
#205368=CARTESIAN_POINT('Control Point',(4130.3,1835.6866128,376.521306557));
#205369=CARTESIAN_POINT('Control Point',(4130.3,1835.67635675,375.546336775));
#205370=CARTESIAN_POINT('Control Point',(4130.3,1835.65454481,373.596532885));
#205371=CARTESIAN_POINT('Control Point',(4130.3,1835.63013968,371.646549583));
#205372=CARTESIAN_POINT('Control Point',(4130.3,1835.61728818,370.671267637));
#205373=CARTESIAN_POINT('Control Point',(4130.3,1835.49785605,362.03537838));
#205374=CARTESIAN_POINT('Control Point',(4130.3,1835.3291399,353.425758572));
#205375=CARTESIAN_POINT('Control Point',(4130.3,1835.14449593,345.935647526));
#205376=CARTESIAN_POINT('Control Point',(4130.3,1834.8617484,336.365851878));
#205377=CARTESIAN_POINT('Control Point',(4130.3,1834.51661537,326.778696376));
#205378=CARTESIAN_POINT('Control Point',(4130.3,1834.44138721,324.764882683));
#205379=CARTESIAN_POINT('Control Point',(4130.3,1834.33280543,321.966058058));
#205380=CARTESIAN_POINT('Control Point',(4130.3,1834.21886579,319.170990546));
#205381=CARTESIAN_POINT('Control Point',(4130.3,1834.18285011,318.300410642));
#205382=CARTESIAN_POINT('Control Point',(4130.3,1834.11023262,316.569867362));
#205383=CARTESIAN_POINT('Control Point',(4130.3,1834.03535356,314.833053502));
#205384=CARTESIAN_POINT('Control Point',(4130.3,1833.99503927,313.910233905));
#205385=CARTESIAN_POINT('Control Point',(4130.3,1833.87765484,311.25606638));
#205386=CARTESIAN_POINT('Control Point',(4130.3,1833.75347827,308.548326231));
#205387=CARTESIAN_POINT('Control Point',(4130.3,1833.6668616,306.705064145));
#205388=CARTESIAN_POINT('Control Point',(4130.3,1833.53111254,303.910449022));
#205389=CARTESIAN_POINT('Control Point',(4130.3,1833.39239302,301.171787765));
#205390=CARTESIAN_POINT('Control Point',(4130.3,1833.33276116,300.009990472));
#205391=CARTESIAN_POINT('Control Point',(4130.3,1833.23137254,298.048317616));
#205392=CARTESIAN_POINT('Control Point',(4130.3,1833.12855448,296.081210607));
#205393=CARTESIAN_POINT('Control Point',(4130.3,1833.07850301,295.126843345));
#205394=CARTESIAN_POINT('Control Point',(4130.3,1832.94505016,292.609172176));
#205395=CARTESIAN_POINT('Control Point',(4130.3,1832.80648167,290.092203648));
#205396=CARTESIAN_POINT('Control Point',(4130.3,1832.72131421,288.592551248));
#205397=CARTESIAN_POINT('Control Point',(4130.3,1832.60447814,286.598737599));
#205398=CARTESIAN_POINT('Control Point',(4130.3,1832.48429273,284.601485729));
#205399=CARTESIAN_POINT('Control Point',(4130.3,1832.45405761,284.101707496));
#205400=CARTESIAN_POINT('Control Point',(4130.3,1832.38336457,282.937262255));
#205401=CARTESIAN_POINT('Control Point',(4130.3,1832.31198664,281.768735399));
#205402=CARTESIAN_POINT('Control Point',(4130.3,1832.27114135,281.101203814));
#205403=CARTESIAN_POINT('Control Point',(4130.3,1832.18930654,279.764808869));
#205404=CARTESIAN_POINT('Control Point',(4130.3,1832.10736265,278.429057699));
#205405=CARTESIAN_POINT('Control Point',(4130.3,1832.06641061,277.762082996));
#205406=CARTESIAN_POINT('Control Point',(4130.3,1831.90224545,275.094651929));
#205407=CARTESIAN_POINT('Control Point',(4130.3,1831.73788197,272.461181856));
#205408=CARTESIAN_POINT('Control Point',(4130.3,1831.61576945,270.544411803));
#205409=CARTESIAN_POINT('Control Point',(4130.3,1831.44643007,267.941017582));
#205410=CARTESIAN_POINT('Control Point',(4130.3,1831.27337361,265.339411262));
#205411=CARTESIAN_POINT('Control Point',(4130.3,1831.21829688,264.51619905));
#205412=CARTESIAN_POINT('Control Point',(4130.3,1830.64574003,256.008748838));
#205413=CARTESIAN_POINT('Control Point',(4130.3,1830.0362354,247.559580208));
#205414=CARTESIAN_POINT('Control Point',(4130.3,1829.43177886,239.67297289));
#205415=CARTESIAN_POINT('Control Point',(4130.3,1828.5436539,228.730976093));
#205416=CARTESIAN_POINT('Control Point',(4130.3,1827.58704484,217.78844835));
#205417=CARTESIAN_POINT('Control Point',(4130.3,1827.31659511,214.754944083));
#205418=CARTESIAN_POINT('Control Point',(4130.3,1822.52285103,162.010438361));
#205419=CARTESIAN_POINT('Control Point',(4130.3,1816.15330056,109.412094413));
#205420=CARTESIAN_POINT('Control Point',(4130.3,1808.76838662,60.0407349265));
#205421=CARTESIAN_POINT('Control Point',(4130.3,1796.18255887,-10.4903632311));
#205422=CARTESIAN_POINT('Control Point',(4130.3,1780.76193677,-80.4479849006));
#205423=CARTESIAN_POINT('Control Point',(4130.3,1775.82491634,-101.608747428));
#205424=CARTESIAN_POINT('Control Point',(4130.3,1765.43667272,-143.791119877));
#205425=CARTESIAN_POINT('Control Point',(4130.3,1754.01789612,-185.707361539));
#205426=CARTESIAN_POINT('Control Point',(4130.3,1748.0536983,-206.588562531));
#205427=CARTESIAN_POINT('Control Point',(4130.3,1732.12302543,-259.88014831));
#205428=CARTESIAN_POINT('Control Point',(4130.3,1714.52435023,-312.649292039));
#205429=CARTESIAN_POINT('Control Point',(4130.3,1703.18101497,-344.605995342));
#205430=CARTESIAN_POINT('Control Point',(4130.3,1691.22688177,-376.336615552));
#205431=CARTESIAN_POINT('Control Point',(4130.3,1678.66776,-407.825676403));
#205432=EDGE_CURVE('',#205315,#205305,#205317,.F.);
#205433=EDGE_LOOP('',(#205434,#205435,#205436,#205437));
#205434=ORIENTED_EDGE('',*,*,#205306,.T.);
#205435=ORIENTED_EDGE('',*,*,#204219,.F.);
#205436=ORIENTED_EDGE('',*,*,#205316,.F.);
#205437=ORIENTED_EDGE('',*,*,#205432,.T.);
#205438=FACE_OUTER_BOUND('',#205433,.T.);
#205439=ADVANCED_FACE('PartBody',(#205438),#204243,.F.);
#205440=B_SPLINE_SURFACE_WITH_KNOTS('',5,5,((#205441,#205442,#205443,#205444,#205445,#205446,#205447,#205448,#205449),(#205450,#205451,#205452,#205453,#205454,#205455,#205456,#205457,#205458),(#205459,#205460,#205461,#205462,#205463,#205464,#205465,#205466,#205467),(#205468,#205469,#205470,#205471,#205472,#205473,#205474,#205475,#205476),(#205477,#205478,#205479,#205480,#205481,#205482,#205483,#205484,#205485),(#205486,#205487,#205488,#205489,#205490,#205491,#205492,#205493,#205494),(#205495,#205496,#205497,#205498,#205499,#205500,#205501,#205502,#205503),(#205504,#205505,#205506,#205507,#205508,#205509,#205510,#205511,#205512),(#205513,#205514,#205515,#205516,#205517,#205518,#205519,#205520,#205521),(#205522,#205523,#205524,#205525,#205526,#205527,#205528,#205529,#205530),(#205531,#205532,#205533,#205534,#205535,#205536,#205537,#205538,#205539),(#205540,#205541,#205542,#205543,#205544,#205545,#205546,#205547,#205548),(#205549,#205550,#205551,#205552,#205553,#205554,#205555,#205556,#205557),(#205558,#205559,#205560,#205561,#205562,#205563,#205564,#205565,#205566),(#205567,#205568,#205569,#205570,#205571,#205572,#205573,#205574,#205575)),.UNSPECIFIED.,.F.,.F.,.U.,(6,3,3,3,6),(6,3,6),(4391.87321695,4544.89269057,4737.31995271,4929.64997331,5230.03244226),(0.,2.50000002,5.00000004),.UNSPECIFIED.);
#205441=CARTESIAN_POINT('Control Point',(4130.3,1801.76601316,47.5717381933));
#205442=CARTESIAN_POINT('Control Point',(4131.72125653,1801.76601316,47.5717381959));
#205443=CARTESIAN_POINT('Control Point',(4133.14253557,1802.04118749,47.5256914275));
#205444=CARTESIAN_POINT('Control Point',(4134.49065884,1802.59194976,47.4335286738));
#205445=CARTESIAN_POINT('Control Point',(4136.89518531,1804.18519079,47.1669209361));
#205446=CARTESIAN_POINT('Control Point',(4138.51057933,1806.55674235,46.770073262));
#205447=CARTESIAN_POINT('Control Point',(4139.06899959,1807.88637787,46.5475764043));
#205448=CARTESIAN_POINT('Control Point',(4139.34800002,1809.28816594,46.3130057765));
#205449=CARTESIAN_POINT('Control Point',(4139.348,1810.68993179,46.078438865));
#205450=CARTESIAN_POINT('Control Point',(4130.3,1798.92089138,30.5693577884));
#205451=CARTESIAN_POINT('Control Point',(4131.72125653,1798.92089138,30.5693577904));
#205452=CARTESIAN_POINT('Control Point',(4133.14253557,1799.19570768,30.5211713376));
#205453=CARTESIAN_POINT('Control Point',(4134.49065884,1799.74575335,30.4247259992));
#205454=CARTESIAN_POINT('Control Point',(4136.89518531,1801.33692143,30.1457296325));
#205455=CARTESIAN_POINT('Control Point',(4138.51057933,1803.70538736,29.7304413895));
#205456=CARTESIAN_POINT('Control Point',(4139.06899959,1805.0332929,29.4976056315));
#205457=CARTESIAN_POINT('Control Point',(4139.34800002,1806.43325711,29.2521350641));
#205458=CARTESIAN_POINT('Control Point',(4139.348,1807.83319913,29.0066683858));
#205459=CARTESIAN_POINT('Control Point',(4130.3,1795.91054209,13.5948124015));
#205460=CARTESIAN_POINT('Control Point',(4131.72125653,1795.91054209,13.5948124028));
#205461=CARTESIAN_POINT('Control Point',(4133.14253557,1796.1849794,13.5444887194));
#205462=CARTESIAN_POINT('Control Point',(4134.49065884,1796.73426652,13.4437657082));
#205463=CARTESIAN_POINT('Control Point',(4136.89518531,1798.32324026,13.1523949218));
#205464=CARTESIAN_POINT('Control Point',(4138.51057933,1800.68843992,12.7186872608));
#205465=CARTESIAN_POINT('Control Point',(4139.06899959,1802.01451419,12.4755244608));
#205466=CARTESIAN_POINT('Control Point',(4139.34800002,1803.41254774,12.2191664558));
#205467=CARTESIAN_POINT('Control Point',(4139.348,1804.81055915,11.9628125126));
#205468=CARTESIAN_POINT('Control Point',(4130.3,1792.73514498,-3.35020440577));
#205469=CARTESIAN_POINT('Control Point',(4131.72125653,1792.73514498,-3.35020440523));
#205470=CARTESIAN_POINT('Control Point',(4133.14253557,1793.00918231,-3.40266269492));
#205471=CARTESIAN_POINT('Control Point',(4134.49065884,1793.55766888,-3.50765812656));
#205472=CARTESIAN_POINT('Control Point',(4136.89518531,1795.1443268,-3.81138813838));
#205473=CARTESIAN_POINT('Control Point',(4138.51057933,1797.50607932,-4.26349260057));
#205474=CARTESIAN_POINT('Control Point',(4139.06899959,1798.83022092,-4.516969762));
#205475=CARTESIAN_POINT('Control Point',(4139.34800002,1800.22621693,-4.78420183614));
#205476=CARTESIAN_POINT('Control Point',(4139.348,1801.62219082,-5.05142967602));
#205477=CARTESIAN_POINT('Control Point',(4130.3,1785.1943746,-41.5336955797));
#205478=CARTESIAN_POINT('Control Point',(4131.72125653,1785.1943746,-41.5336955803));
#205479=CARTESIAN_POINT('Control Point',(4133.14253557,1785.46746164,-41.5909658055));
#205480=CARTESIAN_POINT('Control Point',(4134.49065884,1786.01404622,-41.7055923397));
#205481=CARTESIAN_POINT('Control Point',(4136.89518531,1787.59520204,-42.0371831327));
#205482=CARTESIAN_POINT('Control Point',(4138.51057933,1789.94876467,-42.5307585807));
#205483=CARTESIAN_POINT('Control Point',(4139.06899959,1791.26831451,-42.8074868897));
#205484=CARTESIAN_POINT('Control Point',(4139.34800002,1792.6594696,-43.0992318325));
#205485=CARTESIAN_POINT('Control Point',(4139.348,1794.05060264,-43.3909721522));
#205486=CARTESIAN_POINT('Control Point',(4130.3,1776.81506386,-79.5475076108));
#205487=CARTESIAN_POINT('Control Point',(4131.72125653,1776.81506386,-79.54750761));
#205488=CARTESIAN_POINT('Control Point',(4133.14253557,1777.08709432,-79.6095712377));
#205489=CARTESIAN_POINT('Control Point',(4134.49065884,1777.63156415,-79.7337917839));
#205490=CARTESIAN_POINT('Control Point',(4136.89518531,1779.20660244,-80.0931360657));
#205491=CARTESIAN_POINT('Control Point',(4138.51057933,1781.55105908,-80.6280227974));
#205492=CARTESIAN_POINT('Control Point',(4139.06899959,1782.86550355,-80.9279127163));
#205493=CARTESIAN_POINT('Control Point',(4139.34800002,1784.25127622,-81.2440761315));
#205494=CARTESIAN_POINT('Control Point',(4139.348,1785.63702694,-81.5602345372));
#205495=CARTESIAN_POINT('Control Point',(4130.3,1771.88706059,-100.66962149));
#205496=CARTESIAN_POINT('Control Point',(4131.72125653,1771.88706059,-100.669621489));
#205497=CARTESIAN_POINT('Control Point',(4133.14253557,1772.15846956,-100.734348898));
#205498=CARTESIAN_POINT('Control Point',(4134.49065884,1772.70169547,-100.863901012));
#205499=CARTESIAN_POINT('Control Point',(4136.89518531,1774.27313538,-101.238668415));
#205500=CARTESIAN_POINT('Control Point',(4138.51057933,1776.61223579,-101.796512582));
#205501=CARTESIAN_POINT('Control Point',(4139.06899959,1777.92367724,-102.10927383));
#205502=CARTESIAN_POINT('Control Point',(4139.34800002,1779.30628393,-102.439007036));
#205503=CARTESIAN_POINT('Control Point',(4139.348,1780.68886871,-102.768735018));
#205504=CARTESIAN_POINT('Control Point',(4130.3,1761.51778918,-142.774955097));
#205505=CARTESIAN_POINT('Control Point',(4131.72125653,1761.51778918,-142.774955099));
#205506=CARTESIAN_POINT('Control Point',(4133.14253557,1761.78789053,-142.844992262));
#205507=CARTESIAN_POINT('Control Point',(4134.49065884,1762.32849923,-142.985171861));
#205508=CARTESIAN_POINT('Control Point',(4136.89518531,1763.89236809,-143.390682373));
#205509=CARTESIAN_POINT('Control Point',(4138.51057933,1766.22019894,-143.99428789));
#205510=CARTESIAN_POINT('Control Point',(4139.06899959,1767.52532199,-144.332705724));
#205511=CARTESIAN_POINT('Control Point',(4139.34800002,1768.90126741,-144.689487768));
#205512=CARTESIAN_POINT('Control Point',(4139.348,1770.27719103,-145.046264158));
#205513=CARTESIAN_POINT('Control Point',(4130.3,1750.11987206,-184.614624958));
#205514=CARTESIAN_POINT('Control Point',(4131.72125653,1750.11987206,-184.614624957));
#205515=CARTESIAN_POINT('Control Point',(4133.14253557,1750.38853571,-184.689939679));
#205516=CARTESIAN_POINT('Control Point',(4134.49065884,1750.92626685,-184.840682331));
#205517=CARTESIAN_POINT('Control Point',(4136.89518531,1752.48181154,-185.276749565));
#205518=CARTESIAN_POINT('Control Point',(4138.51057933,1754.79725178,-185.925839003));
#205519=CARTESIAN_POINT('Control Point',(4139.06899959,1756.0954279,-186.28975788));
#205520=CARTESIAN_POINT('Control Point',(4139.34800002,1757.46404943,-186.673424779));
#205521=CARTESIAN_POINT('Control Point',(4139.348,1758.83264926,-187.057085599));
#205522=CARTESIAN_POINT('Control Point',(4130.3,1744.16657654,-205.457654315));
#205523=CARTESIAN_POINT('Control Point',(4131.72125653,1744.16657654,-205.457654314));
#205524=CARTESIAN_POINT('Control Point',(4133.14253557,1744.43448878,-205.53559994));
#205525=CARTESIAN_POINT('Control Point',(4134.49065884,1744.97071595,-205.691608357));
#205526=CARTESIAN_POINT('Control Point',(4136.89518531,1746.52190996,-206.142908357));
#205527=CARTESIAN_POINT('Control Point',(4138.51057933,1748.8308742,-206.814671883));
#205528=CARTESIAN_POINT('Control Point',(4139.06899959,1750.12541948,-207.191303228));
#205529=CARTESIAN_POINT('Control Point',(4139.34800002,1751.49021314,-207.588372435));
#205530=CARTESIAN_POINT('Control Point',(4139.348,1752.85498516,-207.985435351));
#205531=CARTESIAN_POINT('Control Point',(4130.3,1728.26215043,-258.661436407));
#205532=CARTESIAN_POINT('Control Point',(4131.72125653,1728.26215043,-258.661436409));
#205533=CARTESIAN_POINT('Control Point',(4133.14253557,1728.52805427,-258.746100721));
#205534=CARTESIAN_POINT('Control Point',(4134.49065884,1729.06026164,-258.915556605));
#205535=CARTESIAN_POINT('Control Point',(4136.89518531,1730.59982721,-259.405757335));
#205536=CARTESIAN_POINT('Control Point',(4138.51057933,1732.8914824,-260.135424895));
#205537=CARTESIAN_POINT('Control Point',(4139.06899959,1734.17632319,-260.54452075));
#205538=CARTESIAN_POINT('Control Point',(4139.34800002,1735.53088573,-260.97581615));
#205539=CARTESIAN_POINT('Control Point',(4139.348,1736.88542681,-261.407104716));
#205540=CARTESIAN_POINT('Control Point',(4130.3,1710.69221464,-311.343398828));
#205541=CARTESIAN_POINT('Control Point',(4131.72125653,1710.69221464,-311.343398825));
#205542=CARTESIAN_POINT('Control Point',(4133.14253557,1710.95589653,-311.43472584));
#205543=CARTESIAN_POINT('Control Point',(4134.49065884,1711.48365667,-311.617517149));
#205544=CARTESIAN_POINT('Control Point',(4136.8951853,1713.0103573,-312.146294505));
#205545=CARTESIAN_POINT('Control Point',(4138.51057933,1715.28286294,-312.933383675));
#205546=CARTESIAN_POINT('Control Point',(4139.06899958,1716.55696733,-313.374673566));
#205547=CARTESIAN_POINT('Control Point',(4139.34800002,1717.90021087,-313.839910009));
#205548=CARTESIAN_POINT('Control Point',(4139.348,1719.24343312,-314.305139081));
#205549=CARTESIAN_POINT('Control Point',(4130.3,1699.36593523,-343.250890567));
#205550=CARTESIAN_POINT('Control Point',(4131.72125653,1699.36593523,-343.250890565));
#205551=CARTESIAN_POINT('Control Point',(4133.14253557,1699.6281834,-343.346256882));
#205552=CARTESIAN_POINT('Control Point',(4134.49065884,1700.15307393,-343.537132867));
#205553=CARTESIAN_POINT('Control Point',(4136.89518531,1701.6714734,-344.089297511));
#205554=CARTESIAN_POINT('Control Point',(4138.51057933,1703.93162268,-344.91119884));
#205555=CARTESIAN_POINT('Control Point',(4139.06899959,1705.19879935,-345.372006537));
#205556=CARTESIAN_POINT('Control Point',(4139.34800002,1706.53473923,-345.857819917));
#205557=CARTESIAN_POINT('Control Point',(4139.348,1707.87065795,-346.3436256));
#205558=CARTESIAN_POINT('Control Point',(4130.3,1687.42963554,-374.93252435));
#205559=CARTESIAN_POINT('Control Point',(4131.72125653,1687.42963554,-374.93252435));
#205560=CARTESIAN_POINT('Control Point',(4133.14253557,1687.69037149,-375.03190452));
#205561=CARTESIAN_POINT('Control Point',(4134.49065884,1688.21223532,-375.230814241));
#205562=CARTESIAN_POINT('Control Point',(4136.89518531,1689.72187917,-375.806218817));
#205563=CARTESIAN_POINT('Control Point',(4138.51057933,1691.96899566,-376.66271296));
#205564=CARTESIAN_POINT('Control Point',(4139.06899959,1693.22886535,-377.142915484));
#205565=CARTESIAN_POINT('Control Point',(4139.34800002,1694.55710175,-377.64917615));
#205566=CARTESIAN_POINT('Control Point',(4139.348,1695.88531709,-378.155428795));
#205567=CARTESIAN_POINT('Control Point',(4130.3,1674.88911257,-406.372860976));
#205568=CARTESIAN_POINT('Control Point',(4131.72125653,1674.88911257,-406.372860976));
#205569=CARTESIAN_POINT('Control Point',(4133.14253557,1675.14825908,-406.47622605));
#205570=CARTESIAN_POINT('Control Point',(4134.49065884,1675.66694163,-406.68311157));
#205571=CARTESIAN_POINT('Control Point',(4136.89518531,1677.16738268,-407.281588477));
#205572=CARTESIAN_POINT('Control Point',(4138.51057933,1679.40080073,-408.172425961));
#205573=CARTESIAN_POINT('Control Point',(4139.06899959,1680.65299025,-408.671883444));
#205574=CARTESIAN_POINT('Control Point',(4139.34800002,1681.9731297,-409.198443937));
#205575=CARTESIAN_POINT('Control Point',(4139.348,1683.29324824,-409.724996086));
#205576=B_SPLINE_CURVE_WITH_KNOTS('',5,(#205577,#205578,#205579,#205580,#205581,#205582,#205583,#205584,#205585,#205586,#205587,#205588,#205589,#205590,#205591),.UNSPECIFIED.,.F.,.U.,(6,3,3,3,6),(4391.88479334,4544.89269057,4737.31995271,4929.64997331,5229.9440638),.UNSPECIFIED.);
#205577=CARTESIAN_POINT('Control Point',(4139.348,1810.68885107,46.0719812241));
#205578=CARTESIAN_POINT('Control Point',(4139.348,1807.83228432,29.0015107248));
#205579=CARTESIAN_POINT('Control Point',(4139.348,1804.8098354,11.9589509934));
#205580=CARTESIAN_POINT('Control Point',(4139.348,1801.62168324,-5.05399927635));
#205581=CARTESIAN_POINT('Control Point',(4139.348,1794.05032058,-43.3922512335));
#205582=CARTESIAN_POINT('Control Point',(4139.348,1785.63702683,-81.5602345119));
#205583=CARTESIAN_POINT('Control Point',(4139.348,1780.6888686,-102.768734991));
#205584=CARTESIAN_POINT('Control Point',(4139.348,1770.27719092,-145.046264129));
#205585=CARTESIAN_POINT('Control Point',(4139.348,1758.83264915,-187.057085568));
#205586=CARTESIAN_POINT('Control Point',(4139.348,1752.85498505,-207.98543532));
#205587=CARTESIAN_POINT('Control Point',(4139.348,1736.88829118,-261.397522369));
#205588=CARTESIAN_POINT('Control Point',(4139.348,1719.24976189,-314.286162253));
#205589=CARTESIAN_POINT('Control Point',(4139.348,1707.88069596,-346.315346438));
#205590=CARTESIAN_POINT('Control Point',(4139.348,1695.89942196,-378.117989991));
#205591=CARTESIAN_POINT('Control Point',(4139.348,1683.31177179,-409.67855388));
#205592=CARTESIAN_POINT('Vertex',(4139.348,1810.68885107,46.0719812168));
#205593=VERTEX_POINT('',#205592);
#205594=CARTESIAN_POINT('Vertex',(4139.348,1683.31177179,-409.67855388));
#205595=VERTEX_POINT('',#205594);
#205596=EDGE_CURVE('',#205593,#205595,#205576,.T.);
#205597=B_SPLINE_CURVE_WITH_KNOTS('',5,(#205598,#205599,#205600,#205601,#205602,#205603),.UNSPECIFIED.,.F.,.U.,(6,6),(0.,9.31022931416),.UNSPECIFIED.);
#205598=CARTESIAN_POINT('Control Point',(4130.3,1801.76598437,47.5715661314));
#205599=CARTESIAN_POINT('Control Point',(4133.14243667,1801.76598437,47.5715661336));
#205600=CARTESIAN_POINT('Control Point',(4135.98782494,1802.86364396,47.3870939077));
#205601=CARTESIAN_POINT('Control Point',(4138.23493387,1805.07983532,47.0146419274));
#205602=CARTESIAN_POINT('Control Point',(4139.34800002,1807.88573196,46.5430796057));
#205603=CARTESIAN_POINT('Control Point',(4139.348,1810.68885112,46.0719812147));
#205604=CARTESIAN_POINT('Vertex',(4130.30000002,1801.76598606,47.5715655673));
#205605=VERTEX_POINT('',#205604);
#205606=EDGE_CURVE('',#205605,#205593,#205597,.T.);
#205607=B_SPLINE_CURVE_WITH_KNOTS('',5,(#205608,#205609,#205610,#205611,#205612,#205613,#205614,#205615,#205616,#205617,#205618,#205619,#205620,#205621,#205622),.UNSPECIFIED.,.F.,.U.,(6,3,3,3,6),(4391.87352715,4544.89269057,4737.31995271,4929.64997331,5229.94211073),.UNSPECIFIED.);
#205608=CARTESIAN_POINT('Control Point',(4130.3,1801.76598433,47.5715658568));
#205609=CARTESIAN_POINT('Control Point',(4130.3,1798.92086697,30.5692201449));
#205610=CARTESIAN_POINT('Control Point',(4130.3,1795.91052278,13.5947093485));
#205611=CARTESIAN_POINT('Control Point',(4130.3,1792.73513144,-3.35027298124));
#205612=CARTESIAN_POINT('Control Point',(4130.3,1785.19436708,-41.533729715));
#205613=CARTESIAN_POINT('Control Point',(4130.3,1776.81506386,-79.5475076108));
#205614=CARTESIAN_POINT('Control Point',(4130.3,1771.88706059,-100.66962149));
#205615=CARTESIAN_POINT('Control Point',(4130.3,1761.51778918,-142.774955097));
#205616=CARTESIAN_POINT('Control Point',(4130.3,1750.11987206,-184.614624958));
#205617=CARTESIAN_POINT('Control Point',(4130.3,1744.16657654,-205.457654315));
#205618=CARTESIAN_POINT('Control Point',(4130.3,1728.26506627,-258.651682282));
#205619=CARTESIAN_POINT('Control Point',(4130.3,1710.69865696,-311.324081896));
#205620=CARTESIAN_POINT('Control Point',(4130.3,1699.37615324,-343.222104682));
#205621=CARTESIAN_POINT('Control Point',(4130.3,1687.44399322,-374.894414805));
#205622=CARTESIAN_POINT('Control Point',(4130.3,1674.90796807,-406.325586797));
#205623=CARTESIAN_POINT('Vertex',(4130.3,1674.90796807,-406.325586797));
#205624=VERTEX_POINT('',#205623);
#205625=EDGE_CURVE('',#205605,#205624,#205607,.T.);
#205626=B_SPLINE_CURVE_WITH_KNOTS('',5,(#205627,#205628,#205629,#205630,#205631,#205632),.UNSPECIFIED.,.F.,.U.,(6,6),(0.,15.0662571746),.UNSPECIFIED.);
#205627=CARTESIAN_POINT('Control Point',(4130.3,1674.90796807,-406.325586797));
#205628=CARTESIAN_POINT('Control Point',(4133.14248233,1674.90796807,-406.325586797));
#205629=CARTESIAN_POINT('Control Point',(4135.98772661,1675.94177822,-406.738058521));
#205630=CARTESIAN_POINT('Control Point',(4138.23494171,1678.02901318,-407.570827865));
#205631=CARTESIAN_POINT('Control Point',(4139.34800004,1680.67166768,-408.625199652));
#205632=CARTESIAN_POINT('Control Point',(4139.348,1683.31177189,-409.678553923));
#205633=EDGE_CURVE('',#205624,#205595,#205626,.T.);
#205634=EDGE_LOOP('',(#205635,#205636,#205637,#205638));
#205635=ORIENTED_EDGE('',*,*,#205596,.F.);
#205636=ORIENTED_EDGE('',*,*,#205606,.F.);
#205637=ORIENTED_EDGE('',*,*,#205625,.T.);
#205638=ORIENTED_EDGE('',*,*,#205633,.T.);
#205639=FACE_OUTER_BOUND('',#205634,.T.);
#205640=ADVANCED_FACE('PartBody',(#205639),#205440,.T.);
#205641=CARTESIAN_POINT('Axis2P3D Location',(4139.348,1703.39388466,411.640559128));
#205642=DIRECTION('Axis2P3D Direction',(-1.,0.,0.));
#205643=DIRECTION('Axis2P3D XDirection',(0.,-0.205550931489,0.978646419584));
#205644=AXIS2_PLACEMENT_3D('Plane Axis2P3D',#205641,#205642,#205643);
#205645=PLANE('',#205644);
#205646=B_SPLINE_CURVE_WITH_KNOTS('',1,(#205647,#205648),.UNSPECIFIED.,.F.,.U.,(2,2),(-36.26662966,13.6756295468),.UNSPECIFIED.);
#205647=CARTESIAN_POINT('Control Point',(4139.348,1729.69825947,-428.185931196));
#205648=CARTESIAN_POINT('Control Point',(4139.348,1683.31177179,-409.67855388));
#205649=EDGE_CURVE('',#203899,#205595,#205646,.T.);
#205650=B_SPLINE_CURVE_WITH_KNOTS('',3,(#205651,#205652,#205653,#205654),.UNSPECIFIED.,.F.,.U.,(4,4),(4827.47412241,4897.62217035),.UNSPECIFIED.);
#205651=CARTESIAN_POINT('Control Point',(4139.348,1775.04562095,-353.425075794));
#205652=CARTESIAN_POINT('Control Point',(4139.348,1767.21195914,-375.456498588));
#205653=CARTESIAN_POINT('Control Point',(4139.348,1759.03901177,-397.367282033));
#205654=CARTESIAN_POINT('Control Point',(4139.348,1750.53065432,-419.14703642));
#205655=CARTESIAN_POINT('Vertex',(4139.348,1775.04562095,-353.425075794));
#205656=VERTEX_POINT('',#205655);
#205657=EDGE_CURVE('',#205656,#203892,#205650,.T.);
#205658=B_SPLINE_CURVE_WITH_KNOTS('',5,(#205659,#205660,#205661,#205662,#205663,#205664),.UNSPECIFIED.,.F.,.U.,(6,6),(26.3052224739,33.8958804255),.UNSPECIFIED.);
#205659=CARTESIAN_POINT('Control Point',(4139.348,1775.04562095,-353.425075794));
#205660=CARTESIAN_POINT('Control Point',(4139.348,1775.55422887,-351.994676721));
#205661=CARTESIAN_POINT('Control Point',(4139.348,1776.60471838,-350.755720632));
#205662=CARTESIAN_POINT('Control Point',(4139.348,1778.10620893,-349.992822631));
#205663=CARTESIAN_POINT('Control Point',(4139.348,1779.72628014,-349.874883441));
#205664=CARTESIAN_POINT('Control Point',(4139.348,1781.18146934,-350.307489424));
#205665=CARTESIAN_POINT('Vertex',(4139.348,1781.18146934,-350.307489424));
#205666=VERTEX_POINT('',#205665);
#205667=EDGE_CURVE('',#205656,#205666,#205658,.T.);
#205668=B_SPLINE_CURVE_WITH_KNOTS('',1,(#205669,#205670),.UNSPECIFIED.,.F.,.U.,(2,2),(6.01940397311,14.41475288),.UNSPECIFIED.);
#205669=CARTESIAN_POINT('Control Point',(4139.348,1789.22874341,-352.699823649));
#205670=CARTESIAN_POINT('Control Point',(4139.348,1781.18146933,-350.307489421));
#205671=CARTESIAN_POINT('Vertex',(4139.348,1789.22874341,-352.699823649));
#205672=VERTEX_POINT('',#205671);
#205673=EDGE_CURVE('',#205672,#205666,#205668,.T.);
#205674=B_SPLINE_CURVE_WITH_KNOTS('',4,(#205675,#205676,#205677,#205678,#205679),.UNSPECIFIED.,.F.,.U.,(5,5),(1235.69560372,1307.15675893),.UNSPECIFIED.);
#205675=CARTESIAN_POINT('Control Point',(4139.348,1803.07859342,-304.20300041));
#205676=CARTESIAN_POINT('Control Point',(4139.348,1799.75032727,-316.363875288));
#205677=CARTESIAN_POINT('Control Point',(4139.348,1796.33207877,-328.502742924));
#205678=CARTESIAN_POINT('Control Point',(4139.348,1792.82384489,-340.618035854));
#205679=CARTESIAN_POINT('Control Point',(4139.348,1789.22874341,-352.699823649));
#205680=CARTESIAN_POINT('Vertex',(4139.348,1803.07859342,-304.20300041));
#205681=VERTEX_POINT('',#205680);
#205682=EDGE_CURVE('',#205681,#205672,#205674,.T.);
#205683=B_SPLINE_CURVE_WITH_KNOTS('',5,(#205684,#205685,#205686,#205687,#205688,#205689),.UNSPECIFIED.,.F.,.U.,(6,6),(2235.03030548,2728.28492326),.UNSPECIFIED.);
#205684=CARTESIAN_POINT('Control Point',(4139.348,1886.32695707,33.3158241321));
#205685=CARTESIAN_POINT('Control Point',(4139.348,1874.81452072,-35.3214846588));
#205686=CARTESIAN_POINT('Control Point',(4139.348,1860.71380173,-103.503844999));
#205687=CARTESIAN_POINT('Control Point',(4139.348,1844.04267853,-171.108854875));
#205688=CARTESIAN_POINT('Control Point',(4139.348,1824.81661116,-238.06581671));
#205689=CARTESIAN_POINT('Control Point',(4139.348,1803.07859342,-304.20300041));
#205690=CARTESIAN_POINT('Vertex',(4139.34800063,1886.32695706,33.3158241336));
#205691=VERTEX_POINT('',#205690);
#205692=EDGE_CURVE('',#205691,#205681,#205683,.T.);
#205693=B_SPLINE_CURVE_WITH_KNOTS('',1,(#205694,#205695),.UNSPECIFIED.,.F.,.U.,(2,2),(-93.4348192174,-16.7286094117),.UNSPECIFIED.);
#205694=CARTESIAN_POINT('Control Point',(4139.348,1886.32695707,33.3158241321));
#205695=CARTESIAN_POINT('Control Point',(4139.348,1810.68885107,46.0719812168));
#205696=EDGE_CURVE('',#205691,#205593,#205693,.T.);
#205697=EDGE_LOOP('',(#205698,#205699,#205700,#205701,#205702,#205703,#205704,#205705,#205706));
#205698=ORIENTED_EDGE('',*,*,#205649,.F.);
#205699=ORIENTED_EDGE('',*,*,#203900,.F.);
#205700=ORIENTED_EDGE('',*,*,#205657,.F.);
#205701=ORIENTED_EDGE('',*,*,#205667,.T.);
#205702=ORIENTED_EDGE('',*,*,#205673,.F.);
#205703=ORIENTED_EDGE('',*,*,#205682,.F.);
#205704=ORIENTED_EDGE('',*,*,#205692,.F.);
#205705=ORIENTED_EDGE('',*,*,#205696,.T.);
#205706=ORIENTED_EDGE('',*,*,#205596,.T.);
#205707=FACE_OUTER_BOUND('',#205697,.T.);
#205708=ADVANCED_FACE('PartBody',(#205707),#205645,.F.);
#205709=CARTESIAN_POINT('Axis2P3D Location',(4135.3,-371.030644151,409.650274961));
#205710=DIRECTION('Axis2P3D Direction',(-1.,0.,0.));
#205711=DIRECTION('Axis2P3D XDirection',(-0.,0.942211085394,-0.335019806223));
#205712=AXIS2_PLACEMENT_3D('Cylinder Axis2P3D',#205709,#205710,#205711);
#205713=CYLINDRICAL_SURFACE('generated cylinder',#205712,2277.70220322);
#205714=CARTESIAN_POINT('Line Origine',(4135.3,1775.04562095,-353.425075794));
#205715=DIRECTION('Vector Direction',(-1.,0.,0.));
#205716=VECTOR('Line Direction',#205715,1.);
#205717=LINE('Line',#205714,#205716);
#205718=EDGE_CURVE('',#204088,#205656,#205717,.F.);
#205719=EDGE_LOOP('',(#205720,#205721,#205722,#205723));
#205720=ORIENTED_EDGE('',*,*,#205718,.T.);
#205721=ORIENTED_EDGE('',*,*,#205657,.T.);
#205722=ORIENTED_EDGE('',*,*,#203893,.F.);
#205723=ORIENTED_EDGE('',*,*,#204094,.F.);
#205724=FACE_OUTER_BOUND('',#205719,.T.);
#205725=ADVANCED_FACE('PartBody',(#205724),#205713,.T.);
#205726=B_SPLINE_SURFACE_WITH_KNOTS('',5,5,((#205727,#205728,#205729,#205730,#205731,#205732,#205733,#205734,#205735),(#205736,#205737,#205738,#205739,#205740,#205741,#205742,#205743,#205744),(#205745,#205746,#205747,#205748,#205749,#205750,#205751,#205752,#205753),(#205754,#205755,#205756,#205757,#205758,#205759,#205760,#205761,#205762),(#205763,#205764,#205765,#205766,#205767,#205768,#205769,#205770,#205771),(#205772,#205773,#205774,#205775,#205776,#205777,#205778,#205779,#205780),(#205781,#205782,#205783,#205784,#205785,#205786,#205787,#205788,#205789),(#205790,#205791,#205792,#205793,#205794,#205795,#205796,#205797,#205798),(#205799,#205800,#205801,#205802,#205803,#205804,#205805,#205806,#205807),(#205808,#205809,#205810,#205811,#205812,#205813,#205814,#205815,#205816),(#205817,#205818,#205819,#205820,#205821,#205822,#205823,#205824,#205825),(#205826,#205827,#205828,#205829,#205830,#205831,#205832,#205833,#205834),(#205835,#205836,#205837,#205838,#205839,#205840,#205841,#205842,#205843),(#205844,#205845,#205846,#205847,#205848,#205849,#205850,#205851,#205852),(#205853,#205854,#205855,#205856,#205857,#205858,#205859,#205860,#205861),(#205862,#205863,#205864,#205865,#205866,#205867,#205868,#205869,#205870),(#205871,#205872,#205873,#205874,#205875,#205876,#205877,#205878,#205879),(#205880,#205881,#205882,#205883,#205884,#205885,#205886,#205887,#205888),(#205889,#205890,#205891,#205892,#205893,#205894,#205895,#205896,#205897),(#205898,#205899,#205900,#205901,#205902,#205903,#205904,#205905,#205906),(#205907,#205908,#205909,#205910,#205911,#205912,#205913,#205914,#205915),(#205916,#205917,#205918,#205919,#205920,#205921,#205922,#205923,#205924),(#205925,#205926,#205927,#205928,#205929,#205930,#205931,#205932,#205933),(#205934,#205935,#205936,#205937,#205938,#205939,#205940,#205941,#205942)),.UNSPECIFIED.,.F.,.F.,.U.,(6,3,3,3,3,3,3,6),(6,3,6),(682.407842383,1349.99848113,1645.34163306,1793.17557177,1941.00951048,2002.51353932,2053.15883088,2064.01756815),(0.,4.524,9.048),.UNSPECIFIED.);
#205727=CARTESIAN_POINT('Control Point',(4135.3,1437.75687028,1616.54916212));
#205728=CARTESIAN_POINT('Control Point',(4135.3,1438.68792212,1617.40511044));
#205729=CARTESIAN_POINT('Control Point',(4135.52094341,1439.61898133,1618.26106553));
#205730=CARTESIAN_POINT('Control Point',(4135.96303958,1440.51211145,1619.08215109));
#205731=CARTESIAN_POINT('Control Point',(4137.25211075,1442.14694704,1620.58511226));
#205732=CARTESIAN_POINT('Control Point',(4139.21775954,1443.36319834,1621.70325436));
#205733=CARTESIAN_POINT('Control Point',(4140.33674405,1443.83755196,1622.13934413));
#205734=CARTESIAN_POINT('Control Point',(4141.54455265,1444.15805852,1622.43399695));
#205735=CARTESIAN_POINT('Control Point',(4142.79038679,1444.31833909,1622.58134845));
#205736=CARTESIAN_POINT('Control Point',(4135.3,1501.4642896,1547.25185908));
#205737=CARTESIAN_POINT('Control Point',(4135.3,1502.44223176,1548.06270595));
#205738=CARTESIAN_POINT('Control Point',(4135.52233894,1503.42018179,1548.87355937));
#205739=CARTESIAN_POINT('Control Point',(4135.96723011,1504.35805249,1549.65115993));
#205740=CARTESIAN_POINT('Control Point',(4137.26420829,1506.07378849,1551.07360873));
#205741=CARTESIAN_POINT('Control Point',(4139.24078217,1507.34743793,1552.12928933));
#205742=CARTESIAN_POINT('Control Point',(4140.36558498,1507.84301668,1552.53995108));
#205743=CARTESIAN_POINT('Control Point',(4141.57901155,1508.17624456,1552.81593375));
#205744=CARTESIAN_POINT('Control Point',(4142.82974265,1508.34054753,1552.95179794));
#205745=CARTESIAN_POINT('Control Point',(4135.3,1560.72660481,1473.86234781));
#205746=CARTESIAN_POINT('Control Point',(4135.3,1561.74906296,1474.62468868));
#205747=CARTESIAN_POINT('Control Point',(4135.52378149,1562.7715295,1475.38703583));
#205748=CARTESIAN_POINT('Control Point',(4135.97156192,1563.75182482,1476.11790711));
#205749=CARTESIAN_POINT('Control Point',(4137.27670975,1565.54406302,1477.45399488));
#205750=CARTESIAN_POINT('Control Point',(4139.26455407,1566.87139641,1478.44311755));
#205751=CARTESIAN_POINT('Control Point',(4140.39535234,1567.38656827,1478.8268602));
#205752=CARTESIAN_POINT('Control Point',(4141.61455638,1567.73116031,1479.08331538));
#205753=CARTESIAN_POINT('Control Point',(4142.87030732,1567.89844197,1479.20748261));
#205754=CARTESIAN_POINT('Control Point',(4135.3,1615.16144748,1396.7302246));
#205755=CARTESIAN_POINT('Control Point',(4135.3,1616.22532932,1397.44115387));
#205756=CARTESIAN_POINT('Control Point',(4135.52525535,1617.28922005,1398.1520891));
#205757=CARTESIAN_POINT('Control Point',(4135.97598779,1618.3089393,1398.83347419));
#205758=CARTESIAN_POINT('Control Point',(4137.28947839,1620.17204468,1400.07828035));
#205759=CARTESIAN_POINT('Control Point',(4139.28881256,1621.54847558,1400.99753962));
#205760=CARTESIAN_POINT('Control Point',(4140.42571556,1622.08128845,1401.35322237));
#205761=CARTESIAN_POINT('Control Point',(4141.65078962,1622.43569993,1401.58958749));
#205762=CARTESIAN_POINT('Control Point',(4142.91162295,1622.60486512,1401.70207906));
#205763=CARTESIAN_POINT('Control Point',(4135.3,1686.29935123,1280.7461756));
#205764=CARTESIAN_POINT('Control Point',(4135.3,1687.41822788,1281.37926295));
#205765=CARTESIAN_POINT('Control Point',(4135.52743478,1688.53711417,1282.01235578));
#205766=CARTESIAN_POINT('Control Point',(4135.98253253,1689.6090918,1282.61887556));
#205767=CARTESIAN_POINT('Control Point',(4137.30835346,1691.56579465,1283.72584));
#205768=CARTESIAN_POINT('Control Point',(4139.32464001,1693.00610823,1284.54030836));
#205769=CARTESIAN_POINT('Control Point',(4140.47053884,1693.56144587,1284.85418971));
#205770=CARTESIAN_POINT('Control Point',(4141.70424359,1693.92775036,1285.06101587));
#205771=CARTESIAN_POINT('Control Point',(4142.97252269,1694.09807368,1285.15687298));
#205772=CARTESIAN_POINT('Control Point',(4135.3,1746.36106176,1158.89241768));
#205773=CARTESIAN_POINT('Control Point',(4135.3,1747.52765742,1159.44312608));
#205774=CARTESIAN_POINT('Control Point',(4135.52970426,1748.69426343,1159.99383937));
#205775=CARTESIAN_POINT('Control Point',(4135.98934785,1749.81145924,1160.52122163));
#205776=CARTESIAN_POINT('Control Point',(4137.32799855,1751.84862105,1161.48285615));
#205777=CARTESIAN_POINT('Control Point',(4139.36187769,1753.34235188,1162.18789373));
#205778=CARTESIAN_POINT('Control Point',(4140.51709413,1753.91584753,1162.45855188));
#205779=CARTESIAN_POINT('Control Point',(4141.75970769,1754.29070331,1162.63541998));
#205780=CARTESIAN_POINT('Control Point',(4143.0356297,1754.45995895,1162.71521588));
#205781=CARTESIAN_POINT('Control Point',(4135.3,1763.7192919,1121.01308502));
#205782=CARTESIAN_POINT('Control Point',(4135.3,1764.89982468,1121.53812844));
#205783=CARTESIAN_POINT('Control Point',(4135.53040905,1766.08036804,1122.06317656));
#205784=CARTESIAN_POINT('Control Point',(4135.99146438,1767.21075698,1122.56591217));
#205785=CARTESIAN_POINT('Control Point',(4137.33409845,1769.27133698,1123.48232016));
#205786=CARTESIAN_POINT('Control Point',(4139.3734353,1770.78045298,1124.153401));
#205787=CARTESIAN_POINT('Control Point',(4140.53154063,1771.35910312,1124.41068714));
#205788=CARTESIAN_POINT('Control Point',(4141.77691341,1771.73626672,1124.5783426));
#205789=CARTESIAN_POINT('Control Point',(4143.0551985,1771.90498831,1124.65327752));
#205790=CARTESIAN_POINT('Control Point',(4135.3,1788.15600209,1063.46076924));
#205791=CARTESIAN_POINT('Control Point',(4135.3,1789.35638304,1063.94675666));
#205792=CARTESIAN_POINT('Control Point',(4135.53148119,1790.55677491,1064.4327485));
#205793=CARTESIAN_POINT('Control Point',(4135.99468411,1791.70593109,1064.89799065));
#205794=CARTESIAN_POINT('Control Point',(4137.34337624,1793.79973366,1065.74565164));
#205795=CARTESIAN_POINT('Control Point',(4139.39100655,1795.33041972,1066.36526518));
#205796=CARTESIAN_POINT('Control Point',(4140.55349915,1795.91617624,1066.60234514));
#205797=CARTESIAN_POINT('Control Point',(4141.80305775,1796.29632805,1066.75616431));
#205798=CARTESIAN_POINT('Control Point',(4143.08492135,1796.46393975,1066.82391851));
#205799=CARTESIAN_POINT('Control Point',(4135.3,1810.1367399,1004.94437236));
#205800=CARTESIAN_POINT('Control Point',(4135.3,1811.35538946,1005.39044783));
#205801=CARTESIAN_POINT('Control Point',(4135.53257941,1812.57405026,1005.83652741));
#205802=CARTESIAN_POINT('Control Point',(4135.99798219,1813.74044636,1006.2634744));
#205803=CARTESIAN_POINT('Control Point',(4137.35287741,1815.86462572,1007.04100128));
#205804=CARTESIAN_POINT('Control Point',(4139.40898891,1817.41462822,1007.60834016));
#205805=CARTESIAN_POINT('Control Point',(4140.57596389,1818.00655603,1007.82499247));
#205806=CARTESIAN_POINT('Control Point',(4141.82979189,1818.38898761,1007.96495576));
#205807=CARTESIAN_POINT('Control Point',(4143.11529541,1818.55502728,1008.02570686));
#205808=CARTESIAN_POINT('Control Point',(4135.3,1817.19382255,985.322496712));
#205809=CARTESIAN_POINT('Control Point',(4135.3,1818.41839097,985.755161936));
#205810=CARTESIAN_POINT('Control Point',(4135.53294891,1819.64297073,986.187831168));
#205811=CARTESIAN_POINT('Control Point',(4135.99909186,1820.81494831,986.601913369));
#205812=CARTESIAN_POINT('Control Point',(4137.35607388,1822.94894502,987.355888771));
#205813=CARTESIAN_POINT('Control Point',(4139.41503735,1824.50514084,987.905699254));
#205814=CARTESIAN_POINT('Control Point',(4140.58351915,1825.09902335,988.115512573));
#205815=CARTESIAN_POINT('Control Point',(4141.83878156,1825.48213661,988.250851892));
#205816=CARTESIAN_POINT('Control Point',(4143.12550688,1825.64760034,988.30928721));
#205817=CARTESIAN_POINT('Control Point',(4135.3,1830.75368347,945.884803315));
#205818=CARTESIAN_POINT('Control Point',(4135.3,1831.9897405,946.290450271));
#205819=CARTESIAN_POINT('Control Point',(4135.53369478,1833.22580909,946.69610102));
#205820=CARTESIAN_POINT('Control Point',(4136.00133182,1834.40861199,947.084268445));
#205821=CARTESIAN_POINT('Control Point',(4137.36252569,1836.5616139,947.790820662));
#205822=CARTESIAN_POINT('Control Point',(4139.42724287,1838.12969685,948.305388428));
#205823=CARTESIAN_POINT('Control Point',(4140.59876365,1838.72728114,948.501473019));
#205824=CARTESIAN_POINT('Control Point',(4141.85691736,1839.11159998,948.627560356));
#205825=CARTESIAN_POINT('Control Point',(4143.14610309,1839.27580841,948.68140565));
#205826=CARTESIAN_POINT('Control Point',(4135.3,1843.1966492,906.07979601));
#205827=CARTESIAN_POINT('Control Point',(4135.3,1844.44349724,906.458014956));
#205828=CARTESIAN_POINT('Control Point',(4135.53445534,1845.69035704,906.836237474));
#205829=CARTESIAN_POINT('Control Point',(4136.00361588,1846.88331047,907.198106403));
#205830=CARTESIAN_POINT('Control Point',(4137.36910337,1849.0540593,907.856571756));
#205831=CARTESIAN_POINT('Control Point',(4139.43968085,1850.63303042,908.33551102));
#205832=CARTESIAN_POINT('Control Point',(4140.6142949,1851.23390104,908.517761284));
#205833=CARTESIAN_POINT('Control Point',(4141.87538815,1851.61910962,908.63458767));
#205834=CARTESIAN_POINT('Control Point',(4143.16707057,1851.78185539,908.683928195));
#205835=CARTESIAN_POINT('Control Point',(4135.3,1849.13683667,886.090606458));
#205836=CARTESIAN_POINT('Control Point',(4135.3,1850.38890594,886.455005418));
#205837=CARTESIAN_POINT('Control Point',(4135.53483952,1851.6409871,886.819407836));
#205838=CARTESIAN_POINT('Control Point',(4136.00476964,1852.83884722,887.168028258));
#205839=CARTESIAN_POINT('Control Point',(4137.37242571,1855.01815512,887.802278465));
#205840=CARTESIAN_POINT('Control Point',(4139.44596172,1856.60232059,888.263303542));
#205841=CARTESIAN_POINT('Control Point',(4140.62213689,1857.20473047,888.438609219));
#205842=CARTESIAN_POINT('Control Point',(4141.8847128,1857.59030487,888.550802657));
#205843=CARTESIAN_POINT('Control Point',(4143.1776533,1857.75226738,888.597912647));
#205844=CARTESIAN_POINT('Control Point',(4135.3,1857.14692298,857.669748808));
#205845=CARTESIAN_POINT('Control Point',(4135.3,1858.40613852,858.014421429));
#205846=CARTESIAN_POINT('Control Point',(4135.53538934,1859.66536609,858.359097345));
#205847=CARTESIAN_POINT('Control Point',(4136.00642087,1860.86993514,858.688810578));
#205848=CARTESIAN_POINT('Control Point',(4137.3771801,1863.06091699,859.288517153));
#205849=CARTESIAN_POINT('Control Point',(4139.45494777,1864.6520836,859.724026841));
#205850=CARTESIAN_POINT('Control Point',(4140.63335509,1865.25652576,859.889457857));
#205851=CARTESIAN_POINT('Control Point',(4141.8980497,1865.64250609,859.995086792));
#205852=CARTESIAN_POINT('Control Point',(4143.1927862,1865.80328587,860.039070048));
#205853=CARTESIAN_POINT('Control Point',(4135.3,1864.58379717,829.095686127));
#205854=CARTESIAN_POINT('Control Point',(4135.3,1865.84980651,829.420398532));
#205855=CARTESIAN_POINT('Control Point',(4135.5359476,1867.11582803,829.745114061));
#205856=CARTESIAN_POINT('Control Point',(4136.00809745,1868.32676511,830.055700966));
#205857=CARTESIAN_POINT('Control Point',(4137.38200687,1870.52878539,830.620484402));
#205858=CARTESIAN_POINT('Control Point',(4139.46406752,1872.12644915,831.030256563));
#205859=CARTESIAN_POINT('Control Point',(4140.64473827,1872.73271423,831.185751272));
#205860=CARTESIAN_POINT('Control Point',(4141.9115794,1873.11894169,831.284808751));
#205861=CARTESIAN_POINT('Control Point',(4143.20813285,1873.27843504,831.325711629));
#205862=CARTESIAN_POINT('Control Point',(4135.3,1866.71923587,820.687207952));
#205863=CARTESIAN_POINT('Control Point',(4135.3,1867.98721084,821.006035035));
#205864=CARTESIAN_POINT('Control Point',(4135.53611237,1869.25519804,821.324865193));
#205865=CARTESIAN_POINT('Control Point',(4136.00859228,1870.46797665,821.629813087));
#205866=CARTESIAN_POINT('Control Point',(4137.38343139,1872.67318524,822.184301953));
#205867=CARTESIAN_POINT('Control Point',(4139.46675876,1874.27271439,822.586492306));
#205868=CARTESIAN_POINT('Control Point',(4140.64809728,1874.87949698,822.739062076));
#205869=CARTESIAN_POINT('Control Point',(4141.91557152,1875.26578333,822.836188088));
#205870=CARTESIAN_POINT('Control Point',(4143.21266066,1875.42488977,822.876189939));
#205871=CARTESIAN_POINT('Control Point',(4135.3,1870.52230532,805.331715767));
#205872=CARTESIAN_POINT('Control Point',(4135.3,1871.79380876,805.639772627));
#205873=CARTESIAN_POINT('Control Point',(4135.53641417,1873.0653245,805.947832469));
#205874=CARTESIAN_POINT('Control Point',(4136.00949866,1874.28140713,806.242461698));
#205875=CARTESIAN_POINT('Control Point',(4137.38604061,1876.4923289,806.77811617));
#205876=CARTESIAN_POINT('Control Point',(4139.47168767,1878.09517987,807.166444592));
#205877=CARTESIAN_POINT('Control Point',(4140.65424886,1878.70287307,807.313670567));
#205878=CARTESIAN_POINT('Control Point',(4141.92288203,1879.08924179,807.407273325));
#205879=CARTESIAN_POINT('Control Point',(4143.22095135,1879.24762644,807.445639646));
#205880=CARTESIAN_POINT('Control Point',(4135.3,1874.1590186,789.936170465));
#205881=CARTESIAN_POINT('Control Point',(4135.3,1875.43394817,790.233385545));
#205882=CARTESIAN_POINT('Control Point',(4135.53671846,1876.70889012,790.530603512));
#205883=CARTESIAN_POINT('Control Point',(4136.01041252,1877.92817783,790.81484701));
#205884=CARTESIAN_POINT('Control Point',(4137.38867114,1880.14462847,791.331550867));
#205885=CARTESIAN_POINT('Control Point',(4139.47665591,1881.75065543,791.705949085));
#205886=CARTESIAN_POINT('Control Point',(4140.66044897,1882.3591988,791.847812186));
#205887=CARTESIAN_POINT('Control Point',(4141.93024923,1882.74560425,791.937889276));
#205888=CARTESIAN_POINT('Control Point',(4143.22930483,1882.90323757,791.974633895));
#205889=CARTESIAN_POINT('Control Point',(4135.3,1875.76725402,782.975899541));
#205890=CARTESIAN_POINT('Control Point',(4135.3,1877.04370981,783.268203829));
#205891=CARTESIAN_POINT('Control Point',(4135.53685638,1878.32017803,783.560510962));
#205892=CARTESIAN_POINT('Control Point',(4136.01082672,1879.54089284,783.840050542));
#205893=CARTESIAN_POINT('Control Point',(4137.3898634,1881.75980247,784.348172536));
#205894=CARTESIAN_POINT('Control Point',(4139.47890754,1883.36723384,784.716265955));
#205895=CARTESIAN_POINT('Control Point',(4140.66325876,1883.97614879,784.855703314));
#205896=CARTESIAN_POINT('Control Point',(4141.93358772,1884.3625615,784.944187763));
#205897=CARTESIAN_POINT('Control Point',(4143.23308997,1884.51984951,784.980202902));
#205898=CARTESIAN_POINT('Control Point',(4135.3,1877.67878664,774.514159854));
#205899=CARTESIAN_POINT('Control Point',(4135.3,1878.95707028,774.80048223));
#205900=CARTESIAN_POINT('Control Point',(4135.53702449,1880.23536638,775.086807399));
#205901=CARTESIAN_POINT('Control Point',(4136.0113316,1881.45778952,775.360617441));
#205902=CARTESIAN_POINT('Control Point',(4137.39131658,1883.6796393,775.858287986));
#205903=CARTESIAN_POINT('Control Point',(4139.48165169,1885.2887398,776.218707445));
#205904=CARTESIAN_POINT('Control Point',(4140.66668301,1885.89809096,776.355194116));
#205905=CARTESIAN_POINT('Control Point',(4141.93765605,1886.28450118,776.441743841));
#205906=CARTESIAN_POINT('Control Point',(4143.23770221,1886.44136258,776.476876618));
#205907=CARTESIAN_POINT('Control Point',(4135.3,1879.5398345,766.04123232));
#205908=CARTESIAN_POINT('Control Point',(4135.3,1880.81991483,766.321549941));
#205909=CARTESIAN_POINT('Control Point',(4135.53719336,1882.10000767,766.601870302));
#205910=CARTESIAN_POINT('Control Point',(4136.01183875,1883.32410902,766.869929389));
#205911=CARTESIAN_POINT('Control Point',(4137.39277628,1885.54884288,767.357111339));
#205912=CARTESIAN_POINT('Control Point',(4139.48440785,1887.15956828,767.709834923));
#205913=CARTESIAN_POINT('Control Point',(4140.67012209,1887.76933734,767.843364732));
#205914=CARTESIAN_POINT('Control Point',(4141.94174168,1888.15573131,767.927978852));
#205915=CARTESIAN_POINT('Control Point',(4143.24233362,1888.31215728,767.962233546));
#205916=CARTESIAN_POINT('Control Point',(4135.3,1879.86549751,764.55109118));
#205917=CARTESIAN_POINT('Control Point',(4135.3,1881.14589442,764.8303436));
#205918=CARTESIAN_POINT('Control Point',(4135.537223,1882.42630384,765.10959875));
#205919=CARTESIAN_POINT('Control Point',(4136.01192776,1883.65070091,765.37663769));
#205920=CARTESIAN_POINT('Control Point',(4137.39303246,1885.87594309,765.861959224));
#205921=CARTESIAN_POINT('Control Point',(4139.48489155,1887.48695517,766.213318111));
#205922=CARTESIAN_POINT('Control Point',(4140.67072564,1888.09679813,766.346323736));
#205923=CARTESIAN_POINT('Control Point',(4141.94245868,1888.48318957,766.430594932));
#205924=CARTESIAN_POINT('Control Point',(4143.24314638,1888.63953921,766.464694374));
#205925=CARTESIAN_POINT('Control Point',(4135.3,1880.18899198,763.063343076));
#205926=CARTESIAN_POINT('Control Point',(4135.3,1881.46970312,763.341535611));
#205927=CARTESIAN_POINT('Control Point',(4135.53725264,1882.7504268,763.619730866));
#205928=CARTESIAN_POINT('Control Point',(4136.01201678,1883.97511735,763.885754755));
#205929=CARTESIAN_POINT('Control Point',(4137.39328869,1886.20086374,764.369225196));
#205930=CARTESIAN_POINT('Control Point',(4139.48537534,1887.81215947,764.719226303));
#205931=CARTESIAN_POINT('Control Point',(4140.67132929,1888.42207515,764.851710433));
#205932=CARTESIAN_POINT('Control Point',(4141.94317581,1888.80846328,764.935640508));
#205933=CARTESIAN_POINT('Control Point',(4143.24395927,1888.96473622,764.969585583));
#205934=CARTESIAN_POINT('Control Point',(4135.3,1880.51101351,761.574914257));
#205935=CARTESIAN_POINT('Control Point',(4135.3,1881.79203497,761.852062101));
#205936=CARTESIAN_POINT('Control Point',(4135.53728246,1883.07306897,762.129212656));
#205937=CARTESIAN_POINT('Control Point',(4136.01210634,1884.2980492,762.394236031));
#205938=CARTESIAN_POINT('Control Point',(4137.39354646,1886.52429271,762.875881817));
#205939=CARTESIAN_POINT('Control Point',(4139.48586203,1888.13586641,763.224544344));
#205940=CARTESIAN_POINT('Control Point',(4140.67193654,1888.74585244,763.356514273));
#205941=CARTESIAN_POINT('Control Point',(4141.9438972,1889.13223543,763.440107886));
#205942=CARTESIAN_POINT('Control Point',(4143.24477698,1889.28843043,763.473900534));
#205943=B_SPLINE_CURVE_WITH_KNOTS('',5,(#205944,#205945,#205946,#205947,#205948,#205949,#205950,#205951,#205952,#205953,#205954,#205955,#205956,#205957,#205958,#205959,#205960,#205961,#205962,#205963,#205964),.UNSPECIFIED.,.F.,.U.,(6,3,3,3,3,3,6),(682.478420225,929.56917624,1349.99848113,1645.34163306,1941.00951048,2053.15883088,2064.01644388),.UNSPECIFIED.);
#205944=CARTESIAN_POINT('Control Point',(4142.7904076,1444.35218081,1622.54454173));
#205945=CARTESIAN_POINT('Control Point',(4142.8049743,1468.04758389,1596.77238882));
#205946=CARTESIAN_POINT('Control Point',(4142.81970387,1491.13123308,1570.43682976));
#205947=CARTESIAN_POINT('Control Point',(4142.83458033,1513.58376505,1543.55548885));
#205948=CARTESIAN_POINT('Control Point',(4142.87512069,1572.4871733,1469.51304407));
#205949=CARTESIAN_POINT('Control Point',(4142.91658275,1626.53603655,1391.79061279));
#205950=CARTESIAN_POINT('Control Point',(4142.94302846,1658.57231539,1341.48573357));
#205951=CARTESIAN_POINT('Control Point',(4142.98872269,1709.59167423,1253.72864392));
#205952=CARTESIAN_POINT('Control Point',(4143.03562831,1754.45982221,1162.71555179));
#205953=CARTESIAN_POINT('Control Point',(4143.0551985,1771.90498831,1124.65327752));
#205954=CARTESIAN_POINT('Control Point',(4143.09483622,1804.65625519,1047.53334123));
#205955=CARTESIAN_POINT('Control Point',(4143.13563208,1833.01860096,968.690369175));
#205956=CARTESIAN_POINT('Control Point',(4143.15638629,1846.09385535,928.857216908));
#205957=CARTESIAN_POINT('Control Point',(4143.18557301,1862.57053132,873.433507468));
#205958=CARTESIAN_POINT('Control Point',(4143.21557102,1876.86166603,817.423379049));
#205959=CARTESIAN_POINT('Control Point',(4143.22388465,1880.62610501,801.975538683));
#205960=CARTESIAN_POINT('Control Point',(4143.23307072,1884.57053183,784.991674921));
#205961=CARTESIAN_POINT('Control Point',(4143.24233345,1888.31208889,767.962544835));
#205962=CARTESIAN_POINT('Control Point',(4143.24314613,1888.63943752,766.465159522));
#205963=CARTESIAN_POINT('Control Point',(4143.24395894,1888.96460154,764.970204774));
#205964=CARTESIAN_POINT('Control Point',(4143.24477656,1889.28826286,763.474674821));
#205965=CARTESIAN_POINT('Vertex',(4143.24071352,1889.28774469,763.47471747));
#205966=VERTEX_POINT('',#205965);
#205967=EDGE_CURVE('',#203624,#205966,#205943,.T.);
#205968=B_SPLINE_CURVE_WITH_KNOTS('',5,(#205969,#205970,#205971,#205972,#205973,#205974),.UNSPECIFIED.,.F.,.U.,(6,6),(0.,12.7943583348),.UNSPECIFIED.);
#205969=CARTESIAN_POINT('Control Point',(4135.3,1880.4990426,761.630241355));
#205970=CARTESIAN_POINT('Control Point',(4135.3,1883.063705,762.167995971));
#205971=CARTESIAN_POINT('Control Point',(4136.24652593,1885.62970373,762.706732578));
#205972=CARTESIAN_POINT('Control Point',(4138.1532134,1887.74041274,763.14905189));
#205973=CARTESIAN_POINT('Control Point',(4140.63980297,1888.97405852,763.407954858));
#205974=CARTESIAN_POINT('Control Point',(4143.24071403,1889.28794168,763.473794795));
#205975=EDGE_CURVE('',#203948,#205966,#205968,.T.);
#205976=EDGE_LOOP('',(#205977,#205978,#205979,#205980));
#205977=ORIENTED_EDGE('',*,*,#203644,.F.);
#205978=ORIENTED_EDGE('',*,*,#205967,.T.);
#205979=ORIENTED_EDGE('',*,*,#205975,.F.);
#205980=ORIENTED_EDGE('',*,*,#203949,.F.);
#205981=FACE_OUTER_BOUND('',#205976,.T.);
#205982=ADVANCED_FACE('PartBody',(#205981),#205726,.F.);
#205983=B_SPLINE_SURFACE_WITH_KNOTS('',5,5,((#205984,#205985,#205986,#205987,#205988,#205989,#205990,#205991,#205992),(#205993,#205994,#205995,#205996,#205997,#205998,#205999,#206000,#206001),(#206002,#206003,#206004,#206005,#206006,#206007,#206008,#206009,#206010),(#206011,#206012,#206013,#206014,#206015,#206016,#206017,#206018,#206019),(#206020,#206021,#206022,#206023,#206024,#206025,#206026,#206027,#206028),(#206029,#206030,#206031,#206032,#206033,#206034,#206035,#206036,#206037),(#206038,#206039,#206040,#206041,#206042,#206043,#206044,#206045,#206046),(#206047,#206048,#206049,#206050,#206051,#206052,#206053,#206054,#206055),(#206056,#206057,#206058,#206059,#206060,#206061,#206062,#206063,#206064),(#206065,#206066,#206067,#206068,#206069,#206070,#206071,#206072,#206073),(#206074,#206075,#206076,#206077,#206078,#206079,#206080,#206081,#206082),(#206083,#206084,#206085,#206086,#206087,#206088,#206089,#206090,#206091),(#206092,#206093,#206094,#206095,#206096,#206097,#206098,#206099,#206100),(#206101,#206102,#206103,#206104,#206105,#206106,#206107,#206108,#206109),(#206110,#206111,#206112,#206113,#206114,#206115,#206116,#206117,#206118),(#206119,#206120,#206121,#206122,#206123,#206124,#206125,#206126,#206127),(#206128,#206129,#206130,#206131,#206132,#206133,#206134,#206135,#206136),(#206137,#206138,#206139,#206140,#206141,#206142,#206143,#206144,#206145),(#206146,#206147,#206148,#206149,#206150,#206151,#206152,#206153,#206154),(#206155,#206156,#206157,#206158,#206159,#206160,#206161,#206162,#206163),(#206164,#206165,#206166,#206167,#206168,#206169,#206170,#206171,#206172)),.UNSPECIFIED.,.F.,.F.,.U.,(6,3,3,3,3,3,6),(6,3,6),(2238.64281716,2241.81296952,2257.46891144,2276.29500573,2313.9471943,2389.25157143,2549.63154297),(0.,4.524,9.04800000001),.UNSPECIFIED.);
#205984=CARTESIAN_POINT('Control Point',(4135.3,1880.4875976,761.686571625));
#205985=CARTESIAN_POINT('Control Point',(4135.3,1881.77160805,761.947476124));
#205986=CARTESIAN_POINT('Control Point',(4135.53713429,1883.05563105,762.20838317));
#205987=CARTESIAN_POINT('Control Point',(4136.01166135,1884.28350466,762.457880942));
#205988=CARTESIAN_POINT('Control Point',(4137.39226568,1886.51515264,762.911340642));
#205989=CARTESIAN_POINT('Control Point',(4139.48344374,1888.13104647,763.239682181));
#205990=CARTESIAN_POINT('Control Point',(4140.6689191,1888.74284135,763.363995839));
#205991=CARTESIAN_POINT('Control Point',(4141.94031251,1889.13061766,763.442790045));
#205992=CARTESIAN_POINT('Control Point',(4143.24071352,1889.28775376,763.474719314));
#205993=CARTESIAN_POINT('Control Point',(4135.3,1880.57487498,761.257042992));
#205994=CARTESIAN_POINT('Control Point',(4135.3,1881.85897106,761.517646727));
#205995=CARTESIAN_POINT('Control Point',(4135.53714298,1883.14307967,761.778253007));
#205996=CARTESIAN_POINT('Control Point',(4136.01168744,1884.37103309,762.027462746));
#205997=CARTESIAN_POINT('Control Point',(4137.39234079,1886.60281756,762.480397207));
#205998=CARTESIAN_POINT('Control Point',(4139.48358556,1888.21878631,762.808353571));
#205999=CARTESIAN_POINT('Control Point',(4140.66909605,1888.83059937,762.932519328));
#206000=CARTESIAN_POINT('Control Point',(4141.94052274,1889.2183727,763.011216842));
#206001=CARTESIAN_POINT('Control Point',(4143.24095183,1889.37548545,763.043102432));
#206002=CARTESIAN_POINT('Control Point',(4135.3,1880.66223089,760.826460385));
#206003=CARTESIAN_POINT('Control Point',(4135.3,1881.94641346,761.086758364));
#206004=CARTESIAN_POINT('Control Point',(4135.53715165,1883.23060857,761.347058885));
#206005=CARTESIAN_POINT('Control Point',(4136.0117135,1884.45864265,761.595975819));
#206006=CARTESIAN_POINT('Control Point',(4137.39241577,1886.69056515,762.048376376));
#206007=CARTESIAN_POINT('Control Point',(4139.48372715,1888.30660997,762.375941313));
#206008=CARTESIAN_POINT('Control Point',(4140.66927272,1888.91844166,762.499956813));
#206009=CARTESIAN_POINT('Control Point',(4141.94073263,1889.30621232,762.578556153));
#206010=CARTESIAN_POINT('Control Point',(4143.24118976,1889.46330189,762.610397484));
#206011=CARTESIAN_POINT('Control Point',(4135.3,1880.75009385,760.392701271));
#206012=CARTESIAN_POINT('Control Point',(4135.3,1882.03436369,760.652689898));
#206013=CARTESIAN_POINT('Control Point',(4135.53716038,1883.31864609,760.912681065));
#206014=CARTESIAN_POINT('Control Point',(4136.01173971,1884.54676156,761.161301754));
#206015=CARTESIAN_POINT('Control Point',(4137.39249123,1886.77882338,761.613162151));
#206016=CARTESIAN_POINT('Control Point',(4139.48386962,1888.39494504,761.940331114));
#206017=CARTESIAN_POINT('Control Point',(4140.6694505,1889.00679559,762.064194627));
#206018=CARTESIAN_POINT('Control Point',(4141.94094382,1889.39456362,762.14269469));
#206019=CARTESIAN_POINT('Control Point',(4143.24142917,1889.55162989,762.174491299));
#206020=CARTESIAN_POINT('Control Point',(4135.3,1881.27647839,757.790041024));
#206021=CARTESIAN_POINT('Control Point',(4135.3,1882.56126998,758.048181184));
#206022=CARTESIAN_POINT('Control Point',(4135.53721284,1883.84607412,758.306323867));
#206023=CARTESIAN_POINT('Control Point',(4136.01189725,1885.07467607,758.553174398));
#206024=CARTESIAN_POINT('Control Point',(4137.39294465,1887.30757031,759.001807132));
#206025=CARTESIAN_POINT('Control Point',(4139.48472575,1888.92415025,759.32660993));
#206026=CARTESIAN_POINT('Control Point',(4140.67051876,1889.53611283,759.449565208));
#206027=CARTESIAN_POINT('Control Point',(4141.94221292,1889.92386423,759.52747196));
#206028=CARTESIAN_POINT('Control Point',(4143.2428678,1890.08079009,759.559001237));
#206029=CARTESIAN_POINT('Control Point',(4135.3,1881.79810941,755.186408428));
#206030=CARTESIAN_POINT('Control Point',(4135.3,1883.08341983,755.442697652));
#206031=CARTESIAN_POINT('Control Point',(4135.53726536,1884.36874283,755.698989384));
#206032=CARTESIAN_POINT('Control Point',(4136.01205499,1885.59782846,755.944067438));
#206033=CARTESIAN_POINT('Control Point',(4137.39339866,1887.8315499,756.389468467));
#206034=CARTESIAN_POINT('Control Point',(4139.48558298,1889.44858404,756.711902655));
#206035=CARTESIAN_POINT('Control Point',(4140.67158838,1890.06065694,756.833948978));
#206036=CARTESIAN_POINT('Control Point',(4141.9434836,1890.44839044,756.911262258));
#206037=CARTESIAN_POINT('Control Point',(4143.24430818,1890.60517507,756.942524587));
#206038=CARTESIAN_POINT('Control Point',(4135.3,1882.22861477,753.020519914));
#206039=CARTESIAN_POINT('Control Point',(4135.3,1883.51435464,753.275268241));
#206040=CARTESIAN_POINT('Control Point',(4135.53730909,1884.8001071,753.530019062));
#206041=CARTESIAN_POINT('Control Point',(4136.01218632,1886.02959302,753.773621567));
#206042=CARTESIAN_POINT('Control Point',(4137.39377664,1888.26399874,754.216332399));
#206043=CARTESIAN_POINT('Control Point',(4139.48629664,1889.88140773,754.536795221));
#206044=CARTESIAN_POINT('Control Point',(4140.67247884,1890.4935712,754.658085183));
#206045=CARTESIAN_POINT('Control Point',(4141.94454143,1890.88128893,754.734904835));
#206046=CARTESIAN_POINT('Control Point',(4143.24550725,1891.03795556,754.765945441));
#206047=CARTESIAN_POINT('Control Point',(4135.3,1883.16955487,748.248649942));
#206048=CARTESIAN_POINT('Control Point',(4135.3,1884.45623615,748.500000938));
#206049=CARTESIAN_POINT('Control Point',(4135.53740551,1885.74293003,748.751354397));
#206050=CARTESIAN_POINT('Control Point',(4136.0124759,1886.97329324,748.991703716));
#206051=CARTESIAN_POINT('Control Point',(4137.39461009,1889.20919806,749.428483675));
#206052=CARTESIAN_POINT('Control Point',(4139.48787022,1890.82742632,749.74460117));
#206053=CARTESIAN_POINT('Control Point',(4140.67444222,1891.43978664,749.864224276));
#206054=CARTESIAN_POINT('Control Point',(4141.94687379,1891.82746768,749.939956546));
#206055=CARTESIAN_POINT('Control Point',(4143.24815097,1891.98387315,749.97050943));
#206056=CARTESIAN_POINT('Control Point',(4135.3,1884.09453265,743.473409308));
#206057=CARTESIAN_POINT('Control Point',(4135.3,1885.38214543,743.721355352));
#206058=CARTESIAN_POINT('Control Point',(4135.53750218,1886.66977085,743.96930383));
#206059=CARTESIAN_POINT('Control Point',(4136.01276622,1887.90100181,744.206392816));
#206060=CARTESIAN_POINT('Control Point',(4137.39544566,1890.13838793,744.637229498));
#206061=CARTESIAN_POINT('Control Point',(4139.48944769,1891.75742144,744.948994317));
#206062=CARTESIAN_POINT('Control Point',(4140.67641042,1892.36997284,745.066948483));
#206063=CARTESIAN_POINT('Control Point',(4141.94921177,1892.75761284,745.141593043));
#206064=CARTESIAN_POINT('Control Point',(4143.2508009,1892.91375439,745.171659593));
#206065=CARTESIAN_POINT('Control Point',(4135.3,1884.5947796,740.865270806));
#206066=CARTESIAN_POINT('Control Point',(4135.3,1885.882898,741.111355634));
#206067=CARTESIAN_POINT('Control Point',(4135.53755504,1887.17102904,741.357442878));
#206068=CARTESIAN_POINT('Control Point',(4136.01292496,1888.40273089,741.592749743));
#206069=CARTESIAN_POINT('Control Point',(4137.3959025,1890.64092043,742.020337975));
#206070=CARTESIAN_POINT('Control Point',(4139.49031013,1892.26038938,742.329724246));
#206071=CARTESIAN_POINT('Control Point',(4140.67748645,1892.87304336,742.446766628));
#206072=CARTESIAN_POINT('Control Point',(4141.95048994,1893.26065966,742.520817253));
#206073=CARTESIAN_POINT('Control Point',(4143.25224956,1893.41665628,742.550618702));
#206074=CARTESIAN_POINT('Control Point',(4135.3,1886.0812206,733.037843523));
#206075=CARTESIAN_POINT('Control Point',(4135.3,1887.3708469,733.278338085));
#206076=CARTESIAN_POINT('Control Point',(4135.53771382,1888.66048588,733.518835014));
#206077=CARTESIAN_POINT('Control Point',(4136.01340183,1889.89359179,733.748789319));
#206078=CARTESIAN_POINT('Control Point',(4137.39727494,1892.13417552,734.166621461));
#206079=CARTESIAN_POINT('Control Point',(4139.49290101,1893.75493813,734.468865791));
#206080=CARTESIAN_POINT('Control Point',(4140.68071896,1894.36789465,734.583171061));
#206081=CARTESIAN_POINT('Control Point',(4141.95432959,1894.75543591,734.655439666));
#206082=CARTESIAN_POINT('Control Point',(4143.25660126,1894.91099525,734.684447095));
#206083=CARTESIAN_POINT('Control Point',(4135.3,1887.52470449,725.201487133));
#206084=CARTESIAN_POINT('Control Point',(4135.3,1888.8158118,725.436371544));
#206085=CARTESIAN_POINT('Control Point',(4135.53787329,1890.10693184,725.67125827));
#206086=CARTESIAN_POINT('Control Point',(4136.01388076,1891.34141583,725.895841379));
#206087=CARTESIAN_POINT('Control Point',(4137.39865323,1893.5843454,726.303885153));
#206088=CARTESIAN_POINT('Control Point',(4139.49550268,1895.20636362,726.598968615));
#206089=CARTESIAN_POINT('Control Point',(4140.68396477,1895.81960696,726.710531505));
#206090=CARTESIAN_POINT('Control Point',(4141.95818477,1896.20706142,726.781017454));
#206091=CARTESIAN_POINT('Control Point',(4143.26097016,1896.36217597,726.809234739));
#206092=CARTESIAN_POINT('Control Point',(4135.3,1888.4678839,719.973375472));
#206093=CARTESIAN_POINT('Control Point',(4135.3,1889.75996653,720.204510904));
#206094=CARTESIAN_POINT('Control Point',(4135.53797991,1891.05206191,720.435648617));
#206095=CARTESIAN_POINT('Control Point',(4136.01420096,1892.287453,720.656642612));
#206096=CARTESIAN_POINT('Control Point',(4137.39957472,1894.53192486,721.058146403));
#206097=CARTESIAN_POINT('Control Point',(4139.49724197,1896.15476313,721.348447522));
#206098=CARTESIAN_POINT('Control Point',(4140.68613461,1896.76819066,721.458179816));
#206099=CARTESIAN_POINT('Control Point',(4141.96076186,1897.15558199,721.527477058));
#206100=CARTESIAN_POINT('Control Point',(4143.26389047,1897.31039668,721.555169326));
#206101=CARTESIAN_POINT('Control Point',(4135.3,1891.2397797,704.278019692));
#206102=CARTESIAN_POINT('Control Point',(4135.3,1892.5347521,704.497880382));
#206103=CARTESIAN_POINT('Control Point',(4135.53830068,1893.82973733,704.717743251));
#206104=CARTESIAN_POINT('Control Point',(4136.01516431,1895.06781475,704.927943834));
#206105=CARTESIAN_POINT('Control Point',(4137.40234698,1897.31684845,705.309782469));
#206106=CARTESIAN_POINT('Control Point',(4139.50247424,1898.94209577,705.585709884));
#206107=CARTESIAN_POINT('Control Point',(4140.69266188,1899.55605485,705.689942876));
#206108=CARTESIAN_POINT('Control Point',(4141.96851383,1899.94324108,705.755672919));
#206109=CARTESIAN_POINT('Control Point',(4143.27267433,1900.09714624,705.781795332));
#206110=CARTESIAN_POINT('Control Point',(4135.3,1893.83807959,688.551520073));
#206111=CARTESIAN_POINT('Control Point',(4135.3,1895.13583288,688.760018922));
#206112=CARTESIAN_POINT('Control Point',(4135.53862415,1896.43359908,688.968519845));
#206113=CARTESIAN_POINT('Control Point',(4136.01613578,1897.67425767,689.167845309));
#206114=CARTESIAN_POINT('Control Point',(4137.40514241,1899.9276577,689.529876874));
#206115=CARTESIAN_POINT('Control Point',(4139.50774918,1901.55516062,689.791346246));
#206116=CARTESIAN_POINT('Control Point',(4140.69924175,1902.16958812,689.890055851));
#206117=CARTESIAN_POINT('Control Point',(4141.97632715,1902.55652219,689.952214624));
#206118=CARTESIAN_POINT('Control Point',(4143.28152605,1902.70948819,689.97678263));
#206119=CARTESIAN_POINT('Control Point',(4135.3,1895.49251282,678.055171317));
#206120=CARTESIAN_POINT('Control Point',(4135.3,1896.79207221,678.256036953));
#206121=CARTESIAN_POINT('Control Point',(4135.53884081,1898.09164456,678.456904594));
#206122=CARTESIAN_POINT('Control Point',(4136.01678648,1899.33397778,678.648924628));
#206123=CARTESIAN_POINT('Control Point',(4137.4070147,1901.59020311,678.997653944));
#206124=CARTESIAN_POINT('Control Point',(4139.51128174,1903.2191431,679.249422554));
#206125=CARTESIAN_POINT('Control Point',(4140.70364791,1903.83385568,679.344430047));
#206126=CARTESIAN_POINT('Control Point',(4141.98155879,1904.22060164,679.404200588));
#206127=CARTESIAN_POINT('Control Point',(4143.28745224,1904.37292931,679.427737268));
#206128=CARTESIAN_POINT('Control Point',(4135.3,1900.42524231,645.171392274));
#206129=CARTESIAN_POINT('Control Point',(4135.3,1901.73029577,645.348329565));
#206130=CARTESIAN_POINT('Control Point',(4135.53952348,1903.03536236,645.525268637));
#206131=CARTESIAN_POINT('Control Point',(4136.01883675,1904.2827835,645.694390104));
#206132=CARTESIAN_POINT('Control Point',(4137.4129138,1906.5475661,646.001433457));
#206133=CARTESIAN_POINT('Control Point',(4139.52241035,1908.18077896,646.222828443));
#206134=CARTESIAN_POINT('Control Point',(4140.71752766,1908.79629091,646.306255484));
#206135=CARTESIAN_POINT('Control Point',(4141.99803725,1909.18237849,646.35857113));
#206136=CARTESIAN_POINT('Control Point',(4143.30611593,1909.33266388,646.378911991));
#206137=CARTESIAN_POINT('Control Point',(4135.3,1904.58817454,612.180039101));
#206138=CARTESIAN_POINT('Control Point',(4135.3,1905.89823385,612.332505624));
#206139=CARTESIAN_POINT('Control Point',(4135.54021684,1907.20830646,612.484973695));
#206140=CARTESIAN_POINT('Control Point',(4136.02091912,1908.46034459,612.630685399));
#206141=CARTESIAN_POINT('Control Point',(4137.41890431,1910.73281166,612.895144922));
#206142=CARTESIAN_POINT('Control Point',(4139.53370677,1912.3696195,613.085603348));
#206143=CARTESIAN_POINT('Control Point',(4140.7316138,1912.98565482,613.157273929));
#206144=CARTESIAN_POINT('Control Point',(4142.01475572,1913.37088206,613.202076042));
#206145=CARTESIAN_POINT('Control Point',(4143.325044,1913.51900298,613.219278075));
#206146=CARTESIAN_POINT('Control Point',(4135.3,1907.06166014,589.677107761));
#206147=CARTESIAN_POINT('Control Point',(4135.3,1908.37489236,589.813131035));
#206148=CARTESIAN_POINT('Control Point',(4135.54070513,1909.68813798,589.949155699));
#206149=CARTESIAN_POINT('Control Point',(4136.02238562,1910.94309001,590.079140033));
#206150=CARTESIAN_POINT('Control Point',(4137.42312263,1913.2203529,590.315002672));
#206151=CARTESIAN_POINT('Control Point',(4139.54165897,1914.85924058,590.484719848));
#206152=CARTESIAN_POINT('Control Point',(4140.74152834,1915.47547095,590.548522797));
#206153=CARTESIAN_POINT('Control Point',(4142.02652046,1915.85997915,590.588317197));
#206154=CARTESIAN_POINT('Control Point',(4143.3383598,1916.00652548,590.603458209));
#206155=CARTESIAN_POINT('Control Point',(4135.3,1909.16692823,567.150901383));
#206156=CARTESIAN_POINT('Control Point',(4135.3,1910.48310236,567.269366563));
#206157=CARTESIAN_POINT('Control Point',(4135.54117964,1911.79929001,567.387832961));
#206158=CARTESIAN_POINT('Control Point',(4136.02381076,1913.05693786,567.501028781));
#206159=CARTESIAN_POINT('Control Point',(4137.42722152,1915.33861203,567.706386546));
#206160=CARTESIAN_POINT('Control Point',(4139.54938384,1916.97933442,567.854038423));
#206161=CARTESIAN_POINT('Control Point',(4140.75115808,1917.59568132,567.909496902));
#206162=CARTESIAN_POINT('Control Point',(4142.03794489,1917.97944124,567.944016174));
#206163=CARTESIAN_POINT('Control Point',(4143.35128689,1918.1244328,567.957040861));
#206164=CARTESIAN_POINT('Control Point',(4135.3,1910.90119627,544.595647326));
#206165=CARTESIAN_POINT('Control Point',(4135.3,1912.22003309,544.697053461));
#206166=CARTESIAN_POINT('Control Point',(4135.54167171,1913.53888354,544.798460645));
#206167=CARTESIAN_POINT('Control Point',(4136.02528861,1914.79895556,544.895348321));
#206168=CARTESIAN_POINT('Control Point',(4137.43147154,1917.08452798,545.071087324));
#206169=CARTESIAN_POINT('Control Point',(4139.55739109,1918.72666051,545.197351856));
#206170=CARTESIAN_POINT('Control Point',(4140.76113828,1919.34294071,545.244738002));
#206171=CARTESIAN_POINT('Control Point',(4142.04978245,1919.72580455,545.274176627));
#206172=CARTESIAN_POINT('Control Point',(4143.36467753,1919.86913367,545.285197287));
#206173=B_SPLINE_CURVE_WITH_KNOTS('',5,(#206174,#206175,#206176,#206177,#206178,#206179,#206180,#206181,#206182,#206183,#206184,#206185,#206186,#206187,#206188,#206189,#206190,#206191),.UNSPECIFIED.,.F.,.U.,(6,3,3,3,3,6),(2238.64281716,2241.81296952,2389.25157143,2499.39659337,2547.16941763,2549.55065336),.UNSPECIFIED.);
#206174=CARTESIAN_POINT('Control Point',(4143.24071352,1889.28775376,763.474719314));
#206175=CARTESIAN_POINT('Control Point',(4143.24095183,1889.37548545,763.043102432));
#206176=CARTESIAN_POINT('Control Point',(4143.24118976,1889.46330189,762.610397484));
#206177=CARTESIAN_POINT('Control Point',(4143.24142917,1889.55162989,762.174491299));
#206178=CARTESIAN_POINT('Control Point',(4143.25293824,1893.78491145,741.250570807));
#206179=CARTESIAN_POINT('Control Point',(4143.26455891,1897.71257988,720.263508663));
#206180=CARTESIAN_POINT('Control Point',(4143.27606921,1901.26454028,699.647364777));
#206181=CARTESIAN_POINT('Control Point',(4143.29634942,1906.94375565,663.564829778));
#206182=CARTESIAN_POINT('Control Point',(4143.3169965,1911.69929419,627.349851098));
#206183=CARTESIAN_POINT('Control Point',(4143.3259457,1913.5627779,611.840076506));
#206184=CARTESIAN_POINT('Control Point',(4143.33884076,1915.98795852,589.574531034));
#206185=CARTESIAN_POINT('Control Point',(4143.35180713,1918.05556352,567.277127345));
#206186=CARTESIAN_POINT('Control Point',(4143.35573683,1918.64819832,560.528879898));
#206187=CARTESIAN_POINT('Control Point',(4143.35987504,1919.23569555,553.441959));
#206188=CARTESIAN_POINT('Control Point',(4143.36404865,1919.78673999,546.352233547));
#206189=CARTESIAN_POINT('Control Point',(4143.36424674,1919.81282005,546.015614288));
#206190=CARTESIAN_POINT('Control Point',(4143.36444502,1919.83881742,545.678991288));
#206191=CARTESIAN_POINT('Control Point',(4143.36464377,1919.86473292,545.342371447));
#206192=CARTESIAN_POINT('Vertex',(4143.36464377,1919.86473483,545.342371594));
#206193=VERTEX_POINT('',#206192);
#206194=EDGE_CURVE('',#205966,#206193,#206173,.T.);
#206195=B_SPLINE_CURVE_WITH_KNOTS('',5,(#206196,#206197,#206198,#206199,#206200,#206201),.UNSPECIFIED.,.F.,.U.,(6,6),(0.,12.7951590555),.UNSPECIFIED.);
#206196=CARTESIAN_POINT('Control Point',(4135.3,1910.90119627,544.595647327));
#206197=CARTESIAN_POINT('Control Point',(4135.3,1913.53744112,544.815369907));
#206198=CARTESIAN_POINT('Control Point',(4136.26456594,1916.17534912,545.034531752));
#206199=CARTESIAN_POINT('Control Point',(4138.20807051,1918.33573505,545.214845026));
#206200=CARTESIAN_POINT('Control Point',(4140.73475303,1919.57821979,545.318170898));
#206201=CARTESIAN_POINT('Control Point',(4143.36464397,1919.86475916,545.342030625));
#206202=EDGE_CURVE('',#203970,#206193,#206195,.T.);
#206203=EDGE_LOOP('',(#206204,#206205,#206206,#206207));
#206204=ORIENTED_EDGE('',*,*,#205975,.T.);
#206205=ORIENTED_EDGE('',*,*,#206194,.T.);
#206206=ORIENTED_EDGE('',*,*,#206202,.F.);
#206207=ORIENTED_EDGE('',*,*,#203971,.F.);
#206208=FACE_OUTER_BOUND('',#206203,.T.);
#206209=ADVANCED_FACE('PartBody',(#206208),#205983,.F.);
#206210=B_SPLINE_SURFACE_WITH_KNOTS('',5,5,((#206211,#206212,#206213,#206214,#206215,#206216,#206217,#206218,#206219),(#206220,#206221,#206222,#206223,#206224,#206225,#206226,#206227,#206228),(#206229,#206230,#206231,#206232,#206233,#206234,#206235,#206236,#206237),(#206238,#206239,#206240,#206241,#206242,#206243,#206244,#206245,#206246),(#206247,#206248,#206249,#206250,#206251,#206252,#206253,#206254,#206255),(#206256,#206257,#206258,#206259,#206260,#206261,#206262,#206263,#206264),(#206265,#206266,#206267,#206268,#206269,#206270,#206271,#206272,#206273),(#206274,#206275,#206276,#206277,#206278,#206279,#206280,#206281,#206282),(#206283,#206284,#206285,#206286,#206287,#206288,#206289,#206290,#206291),(#206292,#206293,#206294,#206295,#206296,#206297,#206298,#206299,#206300),(#206301,#206302,#206303,#206304,#206305,#206306,#206307,#206308,#206309),(#206310,#206311,#206312,#206313,#206314,#206315,#206316,#206317,#206318),(#206319,#206320,#206321,#206322,#206323,#206324,#206325,#206326,#206327),(#206328,#206329,#206330,#206331,#206332,#206333,#206334,#206335,#206336),(#206337,#206338,#206339,#206340,#206341,#206342,#206343,#206344,#206345),(#206346,#206347,#206348,#206349,#206350,#206351,#206352,#206353,#206354),(#206355,#206356,#206357,#206358,#206359,#206360,#206361,#206362,#206363),(#206364,#206365,#206366,#206367,#206368,#206369,#206370,#206371,#206372),(#206373,#206374,#206375,#206376,#206377,#206378,#206379,#206380,#206381),(#206382,#206383,#206384,#206385,#206386,#206387,#206388,#206389,#206390),(#206391,#206392,#206393,#206394,#206395,#206396,#206397,#206398,#206399),(#206400,#206401,#206402,#206403,#206404,#206405,#206406,#206407,#206408),(#206409,#206410,#206411,#206412,#206413,#206414,#206415,#206416,#206417),(#206418,#206419,#206420,#206421,#206422,#206423,#206424,#206425,#206426),(#206427,#206428,#206429,#206430,#206431,#206432,#206433,#206434,#206435),(#206436,#206437,#206438,#206439,#206440,#206441,#206442,#206443,#206444),(#206445,#206446,#206447,#206448,#206449,#206450,#206451,#206452,#206453),(#206454,#206455,#206456,#206457,#206458,#206459,#206460,#206461,#206462),(#206463,#206464,#206465,#206466,#206467,#206468,#206469,#206470,#206471),(#206472,#206473,#206474,#206475,#206476,#206477,#206478,#206479,#206480),(#206481,#206482,#206483,#206484,#206485,#206486,#206487,#206488,#206489),(#206490,#206491,#206492,#206493,#206494,#206495,#206496,#206497,#206498),(#206499,#206500,#206501,#206502,#206503,#206504,#206505,#206506,#206507),(#206508,#206509,#206510,#206511,#206512,#206513,#206514,#206515,#206516),(#206517,#206518,#206519,#206520,#206521,#206522,#206523,#206524,#206525),(#206526,#206527,#206528,#206529,#206530,#206531,#206532,#206533,#206534),(#206535,#206536,#206537,#206538,#206539,#206540,#206541,#206542,#206543),(#206544,#206545,#206546,#206547,#206548,#206549,#206550,#206551,#206552),(#206553,#206554,#206555,#206556,#206557,#206558,#206559,#206560,#206561),(#206562,#206563,#206564,#206565,#206566,#206567,#206568,#206569,#206570),(#206571,#206572,#206573,#206574,#206575,#206576,#206577,#206578,#206579),(#206580,#206581,#206582,#206583,#206584,#206585,#206586,#206587,#206588),(#206589,#206590,#206591,#206592,#206593,#206594,#206595,#206596,#206597),(#206598,#206599,#206600,#206601,#206602,#206603,#206604,#206605,#206606),(#206607,#206608,#206609,#206610,#206611,#206612,#206613,#206614,#206615),(#206616,#206617,#206618,#206619,#206620,#206621,#206622,#206623,#206624),(#206625,#206626,#206627,#206628,#206629,#206630,#206631,#206632,#206633),(#206634,#206635,#206636,#206637,#206638,#206639,#206640,#206641,#206642),(#206643,#206644,#206645,#206646,#206647,#206648,#206649,#206650,#206651),(#206652,#206653,#206654,#206655,#206656,#206657,#206658,#206659,#206660),(#206661,#206662,#206663,#206664,#206665,#206666,#206667,#206668,#206669),(#206670,#206671,#206672,#206673,#206674,#206675,#206676,#206677,#206678),(#206679,#206680,#206681,#206682,#206683,#206684,#206685,#206686,#206687),(#206688,#206689,#206690,#206691,#206692,#206693,#206694,#206695,#206696),(#206697,#206698,#206699,#206700,#206701,#206702,#206703,#206704,#206705),(#206706,#206707,#206708,#206709,#206710,#206711,#206712,#206713,#206714),(#206715,#206716,#206717,#206718,#206719,#206720,#206721,#206722,#206723),(#206724,#206725,#206726,#206727,#206728,#206729,#206730,#206731,#206732),(#206733,#206734,#206735,#206736,#206737,#206738,#206739,#206740,#206741),(#206742,#206743,#206744,#206745,#206746,#206747,#206748,#206749,#206750),(#206751,#206752,#206753,#206754,#206755,#206756,#206757,#206758,#206759),(#206760,#206761,#206762,#206763,#206764,#206765,#206766,#206767,#206768),(#206769,#206770,#206771,#206772,#206773,#206774,#206775,#206776,#206777),(#206778,#206779,#206780,#206781,#206782,#206783,#206784,#206785,#206786),(#206787,#206788,#206789,#206790,#206791,#206792,#206793,#206794,#206795),(#206796,#206797,#206798,#206799,#206800,#206801,#206802,#206803,#206804),(#206805,#206806,#206807,#206808,#206809,#206810,#206811,#206812,#206813),(#206814,#206815,#206816,#206817,#206818,#206819,#206820,#206821,#206822),(#206823,#206824,#206825,#206826,#206827,#206828,#206829,#206830,#206831),(#206832,#206833,#206834,#206835,#206836,#206837,#206838,#206839,#206840),(#206841,#206842,#206843,#206844,#206845,#206846,#206847,#206848,#206849),(#206850,#206851,#206852,#206853,#206854,#206855,#206856,#206857,#206858),(#206859,#206860,#206861,#206862,#206863,#206864,#206865,#206866,#206867),(#206868,#206869,#206870,#206871,#206872,#206873,#206874,#206875,#206876),(#206877,#206878,#206879,#206880,#206881,#206882,#206883,#206884,#206885),(#206886,#206887,#206888,#206889,#206890,#206891,#206892,#206893,#206894),(#206895,#206896,#206897,#206898,#206899,#206900,#206901,#206902,#206903),(#206904,#206905,#206906,#206907,#206908,#206909,#206910,#206911,#206912),(#206913,#206914,#206915,#206916,#206917,#206918,#206919,#206920,#206921),(#206922,#206923,#206924,#206925,#206926,#206927,#206928,#206929,#206930),(#206931,#206932,#206933,#206934,#206935,#206936,#206937,#206938,#206939),(#206940,#206941,#206942,#206943,#206944,#206945,#206946,#206947,#206948),(#206949,#206950,#206951,#206952,#206953,#206954,#206955,#206956,#206957),(#206958,#206959,#206960,#206961,#206962,#206963,#206964,#206965,#206966),(#206967,#206968,#206969,#206970,#206971,#206972,#206973,#206974,#206975),(#206976,#206977,#206978,#206979,#206980,#206981,#206982,#206983,#206984),(#206985,#206986,#206987,#206988,#206989,#206990,#206991,#206992,#206993),(#206994,#206995,#206996,#206997,#206998,#206999,#207000,#207001,#207002),(#207003,#207004,#207005,#207006,#207007,#207008,#207009,#207010,#207011),(#207012,#207013,#207014,#207015,#207016,#207017,#207018,#207019,#207020),(#207021,#207022,#207023,#207024,#207025,#207026,#207027,#207028,#207029),(#207030,#207031,#207032,#207033,#207034,#207035,#207036,#207037,#207038),(#207039,#207040,#207041,#207042,#207043,#207044,#207045,#207046,#207047),(#207048,#207049,#207050,#207051,#207052,#207053,#207054,#207055,#207056),(#207057,#207058,#207059,#207060,#207061,#207062,#207063,#207064,#207065),(#207066,#207067,#207068,#207069,#207070,#207071,#207072,#207073,#207074),(#207075,#207076,#207077,#207078,#207079,#207080,#207081,#207082,#207083),(#207084,#207085,#207086,#207087,#207088,#207089,#207090,#207091,#207092),(#207093,#207094,#207095,#207096,#207097,#207098,#207099,#207100,#207101),(#207102,#207103,#207104,#207105,#207106,#207107,#207108,#207109,#207110),(#207111,#207112,#207113,#207114,#207115,#207116,#207117,#207118,#207119),(#207120,#207121,#207122,#207123,#207124,#207125,#207126,#207127,#207128),(#207129,#207130,#207131,#207132,#207133,#207134,#207135,#207136,#207137),(#207138,#207139,#207140,#207141,#207142,#207143,#207144,#207145,#207146),(#207147,#207148,#207149,#207150,#207151,#207152,#207153,#207154,#207155),(#207156,#207157,#207158,#207159,#207160,#207161,#207162,#207163,#207164),(#207165,#207166,#207167,#207168,#207169,#207170,#207171,#207172,#207173),(#207174,#207175,#207176,#207177,#207178,#207179,#207180,#207181,#207182),(#207183,#207184,#207185,#207186,#207187,#207188,#207189,#207190,#207191),(#207192,#207193,#207194,#207195,#207196,#207197,#207198,#207199,#207200),(#207201,#207202,#207203,#207204,#207205,#207206,#207207,#207208,#207209)),.UNSPECIFIED.,.F.,.F.,.U.,(6,3,3,3,3,3,3,3,3,3,3,3,3,3,3,3,3,3,3,3,3,3,3,3,3,3,3,3,3,3,3,3,3,3,3,3,6),(6,3,6),(1506.87371044,1511.56910073,1530.45237342,1554.03103641,1601.18836237,1648.34568833,1671.92435131,1683.7136828,1689.60834855,1695.50301429,1700.08057228,1706.10546696,1712.13036165,1719.7241998,1730.78396662,1735.49413901,1744.82380156,1754.15346411,1782.16221471,1810.17096531,1824.81931743,1839.36333045,1848.78372622,1861.40239236,1864.66614807,1871.02586721,1877.26243394,1879.6447127,1887.23688097,1893.76623973,1903.25444257,1912.7426454,1924.12849682,1988.20259836,2052.27669989,2099.38336266,2728.28492327),(0.,4.524,9.04800000001),.UNSPECIFIED.);
#206211=CARTESIAN_POINT('Control Point',(4135.3,1910.90119627,544.595647328));
#206212=CARTESIAN_POINT('Control Point',(4135.3,1912.21887867,544.713791468));
#206213=CARTESIAN_POINT('Control Point',(4135.54175887,1913.5365747,544.83193683));
#206214=CARTESIAN_POINT('Control Point',(4136.02555038,1914.79552253,544.944814794));
#206215=CARTESIAN_POINT('Control Point',(4137.43222432,1917.07896756,545.149549751));
#206216=CARTESIAN_POINT('Control Point',(4139.55880935,1918.71932551,545.29662516));
#206217=CARTESIAN_POINT('Control Point',(4140.76290597,1919.33483427,545.351812019));
#206218=CARTESIAN_POINT('Control Point',(4142.05187909,1919.71706762,545.386083274));
#206219=CARTESIAN_POINT('Control Point',(4143.3670492,1919.85992589,545.398892026));
#206220=CARTESIAN_POINT('Control Point',(4135.3,1910.96052333,543.933919929));
#206221=CARTESIAN_POINT('Control Point',(4135.3,1912.27828985,544.051564585));
#206222=CARTESIAN_POINT('Control Point',(4135.54177318,1913.59607,544.169210458));
#206223=CARTESIAN_POINT('Control Point',(4136.02559338,1914.85509472,544.281610891));
#206224=CARTESIAN_POINT('Control Point',(4137.43234797,1917.13866471,544.485478413));
#206225=CARTESIAN_POINT('Control Point',(4139.55904229,1918.779072,544.631927059));
#206226=CARTESIAN_POINT('Control Point',(4140.76319632,1919.39458195,544.686877186));
#206227=CARTESIAN_POINT('Control Point',(4142.05222345,1919.77679118,544.720999201));
#206228=CARTESIAN_POINT('Control Point',(4143.36743872,1919.91960184,544.733748715));
#206229=CARTESIAN_POINT('Control Point',(4135.3,1911.01959889,543.271455312));
#206230=CARTESIAN_POINT('Control Point',(4135.3,1912.33745023,543.388588768));
#206231=CARTESIAN_POINT('Control Point',(4135.54178746,1913.65531522,543.505723436));
#206232=CARTESIAN_POINT('Control Point',(4136.02563626,1914.9144175,543.617635146));
#206233=CARTESIAN_POINT('Control Point',(4137.43247128,1917.19811371,543.820614955));
#206234=CARTESIAN_POINT('Control Point',(4139.5592746,1918.83857136,543.966422318));
#206235=CARTESIAN_POINT('Control Point',(4140.76348586,1919.45408293,544.021130284));
#206236=CARTESIAN_POINT('Control Point',(4142.05256686,1919.83626838,544.055099718));
#206237=CARTESIAN_POINT('Control Point',(4143.36782718,1919.97903165,544.067788791));
#206238=CARTESIAN_POINT('Control Point',(4135.3,1911.07832768,542.609239114));
#206239=CARTESIAN_POINT('Control Point',(4135.3,1912.39626383,542.7258581));
#206240=CARTESIAN_POINT('Control Point',(4135.54180172,1913.71421363,542.842478292));
#206241=CARTESIAN_POINT('Control Point',(4136.02567908,1914.97339347,542.95389816));
#206242=CARTESIAN_POINT('Control Point',(4137.43259443,1917.25721591,543.155984611));
#206243=CARTESIAN_POINT('Control Point',(4139.55950661,1918.89772396,543.301146683));
#206244=CARTESIAN_POINT('Control Point',(4140.76377502,1919.51323718,543.355611004));
#206245=CARTESIAN_POINT('Control Point',(4142.05290982,1919.89539891,543.389426963));
#206246=CARTESIAN_POINT('Control Point',(4143.36821511,1920.03811486,543.402055303));
#206247=CARTESIAN_POINT('Control Point',(4135.3,1911.37049915,539.296416737));
#206248=CARTESIAN_POINT('Control Point',(4135.3,1912.6888558,539.410496475));
#206249=CARTESIAN_POINT('Control Point',(4135.54187326,1914.00722611,539.524577396));
#206250=CARTESIAN_POINT('Control Point',(4136.02589395,1915.26679028,539.63356969));
#206251=CARTESIAN_POINT('Control Point',(4137.43321233,1917.55123732,539.831246788));
#206252=CARTESIAN_POINT('Control Point',(4139.56067068,1919.19199197,539.973223785));
#206253=CARTESIAN_POINT('Control Point',(4140.76522587,1919.80751111,540.026485464));
#206254=CARTESIAN_POINT('Control Point',(4142.0546306,1920.18955227,540.059543803));
#206255=CARTESIAN_POINT('Control Point',(4143.37016152,1920.33203022,540.071872251));
#206256=CARTESIAN_POINT('Control Point',(4135.3,1911.65463367,535.98291361));
#206257=CARTESIAN_POINT('Control Point',(4135.3,1912.97340534,536.094448797));
#206258=CARTESIAN_POINT('Control Point',(4135.54194493,1914.29219069,536.205985142));
#206259=CARTESIAN_POINT('Control Point',(4136.02610919,1915.55213392,536.312544877));
#206260=CARTESIAN_POINT('Control Point',(4137.4338313,1917.8371958,536.505803916));
#206261=CARTESIAN_POINT('Control Point',(4139.56183673,1919.47818953,536.644590529));
#206262=CARTESIAN_POINT('Control Point',(4140.76667914,1920.09371155,536.696647978));
#206263=CARTESIAN_POINT('Control Point',(4142.05635419,1920.47562998,536.728948292));
#206264=CARTESIAN_POINT('Control Point',(4143.37211103,1920.61786865,536.740977599));
#206265=CARTESIAN_POINT('Control Point',(4135.3,1911.87702173,533.328835206));
#206266=CARTESIAN_POINT('Control Point',(4135.3,1913.19612226,533.4383291));
#206267=CARTESIAN_POINT('Control Point',(4135.54200241,1914.51523648,533.54782413));
#206268=CARTESIAN_POINT('Control Point',(4136.02628183,1915.77547989,533.652432468));
#206269=CARTESIAN_POINT('Control Point',(4137.43432774,1918.0610279,533.84214757));
#206270=CARTESIAN_POINT('Control Point',(4139.56277191,1919.70220826,533.978375652));
#206271=CARTESIAN_POINT('Control Point',(4140.76784466,1920.31773064,534.029467638));
#206272=CARTESIAN_POINT('Control Point',(4142.05773647,1920.69954936,534.061160607));
#206273=CARTESIAN_POINT('Control Point',(4143.37367444,1920.84159557,534.072950827));
#206274=CARTESIAN_POINT('Control Point',(4135.3,1912.36545946,527.359833571));
#206275=CARTESIAN_POINT('Control Point',(4135.3,1913.68529153,527.464729421));
#206276=CARTESIAN_POINT('Control Point',(4135.54213186,1915.00513732,527.56962636));
#206277=CARTESIAN_POINT('Control Point',(4136.02667062,1916.26604808,527.669839269));
#206278=CARTESIAN_POINT('Control Point',(4137.43544574,1918.55267507,527.851572331));
#206279=CARTESIAN_POINT('Control Point',(4139.56487789,1920.19426418,527.982039238));
#206280=CARTESIAN_POINT('Control Point',(4140.77046931,1920.80978293,528.030957846));
#206281=CARTESIAN_POINT('Control Point',(4142.06084916,1921.19137424,528.061284472));
#206282=CARTESIAN_POINT('Control Point',(4143.3771949,1921.33298579,528.072538142));
#206283=CARTESIAN_POINT('Control Point',(4135.3,1912.82768152,521.388889482));
#206284=CARTESIAN_POINT('Control Point',(4135.3,1914.14822719,521.489169333));
#206285=CARTESIAN_POINT('Control Point',(4135.54226175,1915.46878661,521.589450228));
#206286=CARTESIAN_POINT('Control Point',(4136.02706074,1916.73034742,521.685250823));
#206287=CARTESIAN_POINT('Control Point',(4137.43656756,1919.01802139,521.85897234));
#206288=CARTESIAN_POINT('Control Point',(4139.5669909,1920.65999455,521.983659988));
#206289=CARTESIAN_POINT('Control Point',(4140.7731026,1921.27549968,522.030399768));
#206290=CARTESIAN_POINT('Control Point',(4142.06397193,1921.65685636,522.059358583));
#206291=CARTESIAN_POINT('Control Point',(4143.38072649,1921.798029,522.070078134));
#206292=CARTESIAN_POINT('Control Point',(4135.3,1913.0762456,518.072719133));
#206293=CARTESIAN_POINT('Control Point',(4135.3,1914.39718196,518.170430147));
#206294=CARTESIAN_POINT('Control Point',(4135.54233402,1915.71813208,518.268142179));
#206295=CARTESIAN_POINT('Control Point',(4136.0272778,1916.98004849,518.361487375));
#206296=CARTESIAN_POINT('Control Point',(4137.43719168,1919.26829392,518.530750919));
#206297=CARTESIAN_POINT('Control Point',(4139.56816642,1920.91047267,518.652223734));
#206298=CARTESIAN_POINT('Control Point',(4140.77456754,1921.52596715,518.69775192));
#206299=CARTESIAN_POINT('Control Point',(4142.06570911,1921.90719131,518.725950735));
#206300=CARTESIAN_POINT('Control Point',(4143.38269101,1922.0481189,518.736374445));
#206301=CARTESIAN_POINT('Control Point',(4135.3,1913.79757048,508.122582935));
#206302=CARTESIAN_POINT('Control Point',(4135.3,1915.11966206,508.212570342));
#206303=CARTESIAN_POINT('Control Point',(4135.54255124,1916.44176746,508.302558689));
#206304=CARTESIAN_POINT('Control Point',(4136.02793019,1917.70473444,508.388521605));
#206305=CARTESIAN_POINT('Control Point',(4137.43906757,1919.99466423,508.544383115));
#206306=CARTESIAN_POINT('Control Point',(4139.57169946,1921.63743669,508.656194158));
#206307=CARTESIAN_POINT('Control Point',(4140.77897033,1922.25288987,508.69808234));
#206308=CARTESIAN_POINT('Control Point',(4142.07092995,1922.63370972,508.723999714));
#206309=CARTESIAN_POINT('Control Point',(4143.38859484,1922.77389827,508.733538165));
#206310=CARTESIAN_POINT('Control Point',(4135.3,1914.4456156,498.167788056));
#206311=CARTESIAN_POINT('Control Point',(4135.3,1915.76881141,498.249999937));
#206312=CARTESIAN_POINT('Control Point',(4135.54276966,1917.09202108,498.332212678));
#206313=CARTESIAN_POINT('Control Point',(4136.02858618,1918.35598953,498.410744473));
#206314=CARTESIAN_POINT('Control Point',(4137.44095372,1920.64751293,498.553118544));
#206315=CARTESIAN_POINT('Control Point',(4139.57525135,1922.29080937,498.655215333));
#206316=CARTESIAN_POINT('Control Point',(4140.78339632,1922.90619318,498.69344762));
#206317=CARTESIAN_POINT('Control Point',(4142.07617779,1923.2865886,498.717079141));
#206318=CARTESIAN_POINT('Control Point',(4143.39452843,1923.42602648,498.725739161));
#206319=CARTESIAN_POINT('Control Point',(4135.3,1914.84491895,491.529380302));
#206320=CARTESIAN_POINT('Control Point',(4135.3,1916.16882784,491.60638486));
#206321=CARTESIAN_POINT('Control Point',(4135.54291577,1917.49275061,491.683390227));
#206322=CARTESIAN_POINT('Control Point',(4136.02902501,1918.75736447,491.756945704));
#206323=CARTESIAN_POINT('Control Point',(4137.44221543,1921.04990926,491.890289254));
#206324=CARTESIAN_POINT('Control Point',(4139.57762712,1922.69352369,491.985885948));
#206325=CARTESIAN_POINT('Control Point',(4140.78635662,1923.30884869,492.021673714));
#206326=CARTESIAN_POINT('Control Point',(4142.07968755,1923.68895224,492.043779296));
#206327=CARTESIAN_POINT('Control Point',(4143.39849649,1923.82788463,492.051856766));
#206328=CARTESIAN_POINT('Control Point',(4135.3,1915.57774935,478.249112694));
#206329=CARTESIAN_POINT('Control Point',(4135.3,1916.9030371,478.315654404));
#206330=CARTESIAN_POINT('Control Point',(4135.54320886,1918.2283388,478.382196815));
#206331=CARTESIAN_POINT('Control Point',(4136.02990528,1919.49419804,478.445754304));
#206332=CARTESIAN_POINT('Control Point',(4137.44474627,1921.78870194,478.560957491));
#206333=CARTESIAN_POINT('Control Point',(4139.58239221,1923.43288888,478.643505192));
#206334=CARTESIAN_POINT('Control Point',(4140.79229382,1924.04807105,478.67438911));
#206335=CARTESIAN_POINT('Control Point',(4142.0867263,1924.42757323,478.693438643));
#206336=CARTESIAN_POINT('Control Point',(4143.40645367,1924.56548509,478.700357266));
#206337=CARTESIAN_POINT('Control Point',(4135.3,1916.17835149,464.96256236));
#206338=CARTESIAN_POINT('Control Point',(4135.3,1917.50492142,465.018542704));
#206339=CARTESIAN_POINT('Control Point',(4135.54350349,1918.83150537,465.074523639));
#206340=CARTESIAN_POINT('Control Point',(4136.03079016,1920.09851708,465.127990448));
#206341=CARTESIAN_POINT('Control Point',(4137.44729022,1922.39480938,465.224891115));
#206342=CARTESIAN_POINT('Control Point',(4139.58718113,1924.03944027,465.294289964));
#206343=CARTESIAN_POINT('Control Point',(4140.79826018,1924.65442885,465.32023969));
#206344=CARTESIAN_POINT('Control Point',(4142.09379869,1925.03329464,465.336224549));
#206345=CARTESIAN_POINT('Control Point',(4143.41444749,1925.1701676,465.34199697));
#206346=CARTESIAN_POINT('Control Point',(4135.3,1916.4454266,458.317871881));
#206347=CARTESIAN_POINT('Control Point',(4135.3,1917.77261292,458.368546383));
#206348=CARTESIAN_POINT('Control Point',(4135.54365114,1919.09981328,458.419221422));
#206349=CARTESIAN_POINT('Control Point',(4136.03123361,1920.3673775,458.467619221));
#206350=CARTESIAN_POINT('Control Point',(4137.44856504,1922.66452048,458.555327209));
#206351=CARTESIAN_POINT('Control Point',(4139.58958073,1924.30934077,458.618126105));
#206352=CARTESIAN_POINT('Control Point',(4140.80124963,1924.92421979,458.641600967));
#206353=CARTESIAN_POINT('Control Point',(4142.09734209,1925.3027587,458.656051261));
#206354=CARTESIAN_POINT('Control Point',(4143.41845219,1925.43910781,458.661253777));
#206355=CARTESIAN_POINT('Control Point',(4135.3,1916.79593578,448.348951616));
#206356=CARTESIAN_POINT('Control Point',(4135.3,1918.12400882,448.391628737));
#206357=CARTESIAN_POINT('Control Point',(4135.54387306,1919.45209596,448.434306311));
#206358=CARTESIAN_POINT('Control Point',(4136.03190014,1920.72045262,448.475064248));
#206359=CARTESIAN_POINT('Control Point',(4137.4504811,1923.01880509,448.548919608));
#206360=CARTESIAN_POINT('Control Point',(4139.59318702,1924.66385993,448.601779308));
#206361=CARTESIAN_POINT('Control Point',(4140.80574219,1925.27855528,448.621529894));
#206362=CARTESIAN_POINT('Control Point',(4142.10266676,1925.65659083,448.633674851));
#206363=CARTESIAN_POINT('Control Point',(4143.42446956,1925.79214778,448.638027336));
#206364=CARTESIAN_POINT('Control Point',(4135.3,1917.07086722,438.37767032));
#206365=CARTESIAN_POINT('Control Point',(4135.3,1918.39976937,438.412290272));
#206366=CARTESIAN_POINT('Control Point',(4135.54409573,1919.72868566,438.446910594));
#206367=CARTESIAN_POINT('Control Point',(4136.03256893,1920.99777946,438.479972391));
#206368=CARTESIAN_POINT('Control Point',(4137.45240355,1923.29724008,438.539876559));
#206369=CARTESIAN_POINT('Control Point',(4139.59680484,1924.94245393,438.58273604));
#206370=CARTESIAN_POINT('Control Point',(4140.81024878,1925.5569361,438.598743644));
#206371=CARTESIAN_POINT('Control Point',(4142.10800755,1925.93444838,438.608577651));
#206372=CARTESIAN_POINT('Control Point',(4143.43050433,1926.06920333,438.612087327));
#206373=CARTESIAN_POINT('Control Point',(4135.3,1917.15409004,435.053673428));
#206374=CARTESIAN_POINT('Control Point',(4135.3,1918.48326211,435.085600912));
#206375=CARTESIAN_POINT('Control Point',(4135.54417004,1919.81244833,435.117528735));
#206376=CARTESIAN_POINT('Control Point',(4136.03279212,1921.08178165,435.148018802));
#206377=CARTESIAN_POINT('Control Point',(4137.4530451,1923.38160031,435.203261446));
#206378=CARTESIAN_POINT('Control Point',(4139.59801212,1925.0268587,435.242780622));
#206379=CARTESIAN_POINT('Control Point',(4140.81175262,1925.6412665,435.257538446));
#206380=CARTESIAN_POINT('Control Point',(4142.10978969,1926.01860212,435.266601493));
#206381=CARTESIAN_POINT('Control Point',(4143.43251797,1926.15308863,435.269831034));
#206382=CARTESIAN_POINT('Control Point',(4135.3,1917.2662565,430.067366723));
#206383=CARTESIAN_POINT('Control Point',(4135.3,1918.59582371,430.095245206));
#206384=CARTESIAN_POINT('Control Point',(4135.54428165,1919.9254051,430.123123987));
#206385=CARTESIAN_POINT('Control Point',(4136.03312734,1921.19508836,430.149746763));
#206386=CARTESIAN_POINT('Control Point',(4137.45400866,1923.49542694,430.197980132));
#206387=CARTESIAN_POINT('Control Point',(4139.59982526,1925.14073934,430.2324783));
#206388=CARTESIAN_POINT('Control Point',(4140.81401109,1925.75503059,430.245358202));
#206389=CARTESIAN_POINT('Control Point',(4142.11246603,1926.13209782,430.253263803));
#206390=CARTESIAN_POINT('Control Point',(4143.43554181,1926.26617996,430.256074341));
#206391=CARTESIAN_POINT('Control Point',(4135.3,1917.359365,425.080667835));
#206392=CARTESIAN_POINT('Control Point',(4135.3,1918.6893127,425.104481562));
#206393=CARTESIAN_POINT('Control Point',(4135.54439351,1920.0192746,425.128295543));
#206394=CARTESIAN_POINT('Control Point',(4136.03346329,1921.28929373,425.15103619));
#206395=CARTESIAN_POINT('Control Point',(4137.45497432,1923.5901264,425.192234269));
#206396=CARTESIAN_POINT('Control Point',(4139.60164223,1925.23547343,425.221695239));
#206397=CARTESIAN_POINT('Control Point',(4140.81627425,1925.8496405,425.232692215));
#206398=CARTESIAN_POINT('Control Point',(4142.11514781,1926.22643413,425.239438798));
#206399=CARTESIAN_POINT('Control Point',(4143.4385716,1926.36010925,425.241832125));
#206400=CARTESIAN_POINT('Control Point',(4135.3,1917.38828049,423.418395456));
#206401=CARTESIAN_POINT('Control Point',(4135.3,1918.71835338,423.440852496));
#206402=CARTESIAN_POINT('Control Point',(4135.54443082,1920.04844049,423.463309777));
#206403=CARTESIAN_POINT('Control Point',(4136.03357537,1921.31857001,423.484754715));
#206404=CARTESIAN_POINT('Control Point',(4137.45529646,1923.6195645,423.523604777));
#206405=CARTESIAN_POINT('Control Point',(4139.60224834,1925.26492091,423.551384862));
#206406=CARTESIAN_POINT('Control Point',(4140.8170292,1925.87904574,423.561753633));
#206407=CARTESIAN_POINT('Control Point',(4142.11604237,1926.25574759,423.568113698));
#206408=CARTESIAN_POINT('Control Point',(4143.43958223,1926.38928672,423.570368153));
#206409=CARTESIAN_POINT('Control Point',(4135.3,1917.42846793,420.924934414));
#206410=CARTESIAN_POINT('Control Point',(4135.3,1918.75872617,420.945353744));
#206411=CARTESIAN_POINT('Control Point',(4135.54448684,1920.08899864,420.965773293));
#206412=CARTESIAN_POINT('Control Point',(4136.03374362,1921.35929138,420.985272144));
#206413=CARTESIAN_POINT('Control Point',(4137.45578006,1923.66052428,421.020595753));
#206414=CARTESIAN_POINT('Control Point',(4139.60315824,1925.30589151,421.045851751));
#206415=CARTESIAN_POINT('Control Point',(4140.81816251,1925.91995168,421.055277359));
#206416=CARTESIAN_POINT('Control Point',(4142.11738527,1926.29651496,421.061057371));
#206417=CARTESIAN_POINT('Control Point',(4143.44109932,1926.42984965,421.063103817));
#206418=CARTESIAN_POINT('Control Point',(4135.3,1917.46386941,418.431405354));
#206419=CARTESIAN_POINT('Control Point',(4135.3,1918.79430932,418.449782909));
#206420=CARTESIAN_POINT('Control Point',(4135.54454294,1920.12476347,418.46816066));
#206421=CARTESIAN_POINT('Control Point',(4136.0339121,1921.3952159,418.485709596));
#206422=CARTESIAN_POINT('Control Point',(4137.45626432,1923.6966807,418.517500034));
#206423=CARTESIAN_POINT('Control Point',(4139.60406932,1925.34205383,418.54022775));
#206424=CARTESIAN_POINT('Control Point',(4140.81929729,1925.95604741,418.548708891));
#206425=CARTESIAN_POINT('Control Point',(4142.11872986,1926.33247077,418.553908432));
#206426=CARTESIAN_POINT('Control Point',(4143.44261829,1926.46560031,418.555747312));
#206427=CARTESIAN_POINT('Control Point',(4135.3,1917.47513772,417.600222037));
#206428=CARTESIAN_POINT('Control Point',(4135.3,1918.80563778,417.617918546));
#206429=CARTESIAN_POINT('Control Point',(4135.54456165,1920.13615208,417.635615244));
#206430=CARTESIAN_POINT('Control Point',(4136.03396828,1921.40665736,417.65251378));
#206431=CARTESIAN_POINT('Control Point',(4137.45642581,1923.70819872,417.683125744));
#206432=CARTESIAN_POINT('Control Point',(4139.60437316,1925.35357328,417.70501023));
#206433=CARTESIAN_POINT('Control Point',(4140.81967572,1925.96754444,417.713176404));
#206434=CARTESIAN_POINT('Control Point',(4142.11917826,1926.34392102,417.718182406));
#206435=CARTESIAN_POINT('Control Point',(4143.44312482,1926.47698208,417.719952147));
#206436=CARTESIAN_POINT('Control Point',(4135.3,1917.49660918,415.937842705));
#206437=CARTESIAN_POINT('Control Point',(4135.3,1918.82722872,415.954176208));
#206438=CARTESIAN_POINT('Control Point',(4135.54459908,1920.1578625,415.970509886));
#206439=CARTESIAN_POINT('Control Point',(4136.03408071,1921.42847266,415.986106762));
#206440=CARTESIAN_POINT('Control Point',(4137.45674895,1923.73016574,416.014360265));
#206441=CARTESIAN_POINT('Control Point',(4139.60498111,1925.37554203,416.034557349));
#206442=CARTESIAN_POINT('Control Point',(4140.82043292,1925.98946793,416.042093294));
#206443=CARTESIAN_POINT('Control Point',(4142.12007545,1926.36575062,416.046712124));
#206444=CARTESIAN_POINT('Control Point',(4143.44413835,1926.49867459,416.048343685));
#206445=CARTESIAN_POINT('Control Point',(4135.3,1917.51594865,414.275440514));
#206446=CARTESIAN_POINT('Control Point',(4135.3,1918.84668602,414.290409174));
#206447=CARTESIAN_POINT('Control Point',(4135.54463655,1920.17743766,414.305377994));
#206448=CARTESIAN_POINT('Control Point',(4136.03419325,1921.44815113,414.319671477));
#206449=CARTESIAN_POINT('Control Point',(4137.45707241,1923.74999302,414.345563483));
#206450=CARTESIAN_POINT('Control Point',(4139.60558965,1925.39536885,414.364071264));
#206451=CARTESIAN_POINT('Control Point',(4140.82119086,1926.00924861,414.370976387));
#206452=CARTESIAN_POINT('Control Point',(4142.1209735,1926.38543681,414.375207851));
#206453=CARTESIAN_POINT('Control Point',(4143.44515281,1926.51822334,414.376701429));
#206454=CARTESIAN_POINT('Control Point',(4135.3,1917.52508497,413.44423434));
#206455=CARTESIAN_POINT('Control Point',(4135.3,1918.85588086,413.458520112));
#206456=CARTESIAN_POINT('Control Point',(4135.54465529,1920.18669101,413.472806038));
#206457=CARTESIAN_POINT('Control Point',(4136.03424955,1921.45745575,413.486447388));
#206458=CARTESIAN_POINT('Control Point',(4137.45723423,1923.75937131,413.511157877));
#206459=CARTESIAN_POINT('Control Point',(4139.60589408,1925.40474637,413.52882053));
#206460=CARTESIAN_POINT('Control Point',(4140.82157002,1926.01860283,413.535410095));
#206461=CARTESIAN_POINT('Control Point',(4142.12142275,1926.39474363,413.53944783));
#206462=CARTESIAN_POINT('Control Point',(4143.44566029,1926.52746136,413.54087247));
#206463=CARTESIAN_POINT('Control Point',(4135.3,1917.54036782,411.967539355));
#206464=CARTESIAN_POINT('Control Point',(4135.3,1918.87126693,411.980611122));
#206465=CARTESIAN_POINT('Control Point',(4135.54468861,1920.20218031,411.99368303));
#206466=CARTESIAN_POINT('Control Point',(4136.03434962,1921.47303542,412.006165055));
#206467=CARTESIAN_POINT('Control Point',(4137.45752186,1923.77508059,412.028775153));
#206468=CARTESIAN_POINT('Control Point',(4139.6064352,1925.42045328,412.044935525));
#206469=CARTESIAN_POINT('Control Point',(4140.82224397,1926.03426798,412.05096421));
#206470=CARTESIAN_POINT('Control Point',(4142.12222127,1926.41032428,412.054657675));
#206471=CARTESIAN_POINT('Control Point',(4143.4465623,1926.54291963,412.055959914));
#206472=CARTESIAN_POINT('Control Point',(4135.3,1917.55396451,410.490832553));
#206473=CARTESIAN_POINT('Control Point',(4135.3,1918.88496555,410.50268883));
#206474=CARTESIAN_POINT('Control Point',(4135.54472196,1920.21598087,410.514545234));
#206475=CARTESIAN_POINT('Control Point',(4136.03444979,1921.48692512,410.525866536));
#206476=CARTESIAN_POINT('Control Point',(4137.45780977,1923.7890976,410.546373791));
#206477=CARTESIAN_POINT('Control Point',(4139.60697685,1925.43446618,410.561030357));
#206478=CARTESIAN_POINT('Control Point',(4140.82291857,1926.0482384,410.566497689));
#206479=CARTESIAN_POINT('Control Point',(4142.12302055,1926.42420972,410.569846735));
#206480=CARTESIAN_POINT('Control Point',(4143.44746516,1926.5566824,410.571026741));
#206481=CARTESIAN_POINT('Control Point',(4135.3,1917.55859029,409.961637236));
#206482=CARTESIAN_POINT('Control Point',(4135.3,1918.88962775,409.973075022));
#206483=CARTESIAN_POINT('Control Point',(4135.54473401,1920.22067949,409.98451293));
#206484=CARTESIAN_POINT('Control Point',(4136.03448597,1921.49165555,409.995434598));
#206485=CARTESIAN_POINT('Control Point',(4137.45791375,1923.79387333,410.015217857));
#206486=CARTESIAN_POINT('Control Point',(4139.60717245,1925.43923994,410.029356686));
#206487=CARTESIAN_POINT('Control Point',(4140.82316218,1926.05299664,410.03463076));
#206488=CARTESIAN_POINT('Control Point',(4142.12330919,1926.42893716,410.037861242));
#206489=CARTESIAN_POINT('Control Point',(4143.4477912,1926.5613655,410.038999186));
#206490=CARTESIAN_POINT('Control Point',(4135.3,1917.57094505,408.473395132));
#206491=CARTESIAN_POINT('Control Point',(4135.3,1918.90208323,408.483642153));
#206492=CARTESIAN_POINT('Control Point',(4135.5447674,1920.23323569,408.493889283));
#206493=CARTESIAN_POINT('Control Point',(4136.03458624,1921.50429972,408.503673851));
#206494=CARTESIAN_POINT('Control Point',(4137.45820195,1923.80664266,408.521397118));
#206495=CARTESIAN_POINT('Control Point',(4139.60771463,1925.45200351,408.534062928));
#206496=CARTESIAN_POINT('Control Point',(4140.82383744,1926.06571708,408.538787205));
#206497=CARTESIAN_POINT('Control Point',(4142.12410924,1926.44157214,408.541680447));
#206498=CARTESIAN_POINT('Control Point',(4143.44869491,1926.57387756,408.542698848));
#206499=CARTESIAN_POINT('Control Point',(4135.3,1917.58146938,407.004974569));
#206500=CARTESIAN_POINT('Control Point',(4135.3,1918.91270366,407.013997725));
#206501=CARTESIAN_POINT('Control Point',(4135.54479949,1920.24395223,407.023020978));
#206502=CARTESIAN_POINT('Control Point',(4136.03468264,1921.51510012,407.031636862));
#206503=CARTESIAN_POINT('Control Point',(4137.45847902,1923.81756211,407.047243016));
#206504=CARTESIAN_POINT('Control Point',(4139.60823585,1925.46291649,407.058395239));
#206505=CARTESIAN_POINT('Control Point',(4140.82448658,1926.07658825,407.062554694));
#206506=CARTESIAN_POINT('Control Point',(4142.12487833,1926.45236094,407.06510165));
#206507=CARTESIAN_POINT('Control Point',(4143.44956363,1926.58454809,407.065997568));
#206508=CARTESIAN_POINT('Control Point',(4135.3,1917.5868451,406.178567341));
#206509=CARTESIAN_POINT('Control Point',(4135.3,1918.91813244,406.186873357));
#206510=CARTESIAN_POINT('Control Point',(4135.54481728,1920.24943408,406.195179461));
#206511=CARTESIAN_POINT('Control Point',(4136.03473606,1921.52062827,406.203110547));
#206512=CARTESIAN_POINT('Control Point',(4137.45863253,1923.82315591,406.217476192));
#206513=CARTESIAN_POINT('Control Point',(4139.60852464,1925.46850648,406.227741618));
#206514=CARTESIAN_POINT('Control Point',(4140.82484626,1926.08215499,406.231570185));
#206515=CARTESIAN_POINT('Control Point',(4142.12530446,1926.45788197,406.233914328));
#206516=CARTESIAN_POINT('Control Point',(4143.45004497,1926.59000357,406.234738588));
#206517=CARTESIAN_POINT('Control Point',(4135.3,1917.59639581,404.539103506));
#206518=CARTESIAN_POINT('Control Point',(4135.3,1918.92778809,404.545957154));
#206519=CARTESIAN_POINT('Control Point',(4135.54485275,1920.25919468,404.552810875));
#206520=CARTESIAN_POINT('Control Point',(4136.03484261,1921.53048035,404.559355104));
#206521=CARTESIAN_POINT('Control Point',(4137.45893877,1923.83313737,404.571208523));
#206522=CARTESIAN_POINT('Control Point',(4139.60910072,1925.4784792,404.579678203));
#206523=CARTESIAN_POINT('Control Point',(4140.82556372,1926.09208089,404.582836794));
#206524=CARTESIAN_POINT('Control Point',(4142.12615449,1926.46771645,404.584770381));
#206525=CARTESIAN_POINT('Control Point',(4143.45100509,1926.59970718,404.585449737));
#206526=CARTESIAN_POINT('Control Point',(4135.3,1917.60367842,402.912590805));
#206527=CARTESIAN_POINT('Control Point',(4135.3,1918.93517656,402.918026258));
#206528=CARTESIAN_POINT('Control Point',(4135.54488934,1920.266689,402.92346177));
#206529=CARTESIAN_POINT('Control Point',(4136.0349525,1921.53806674,402.928651795));
#206530=CARTESIAN_POINT('Control Point',(4137.45925461,1923.84085306,402.938052227));
#206531=CARTESIAN_POINT('Control Point',(4139.60969485,1925.4861829,402.944768749));
#206532=CARTESIAN_POINT('Control Point',(4140.82630366,1926.09973519,402.947273358));
#206533=CARTESIAN_POINT('Control Point',(4142.12703114,1926.47527576,402.948806343));
#206534=CARTESIAN_POINT('Control Point',(4143.45199526,1926.60713127,402.949344547));
#206535=CARTESIAN_POINT('Control Point',(4135.3,1917.60678205,402.09937144));
#206536=CARTESIAN_POINT('Control Point',(4135.3,1918.93833382,402.104103444));
#206537=CARTESIAN_POINT('Control Point',(4135.54490812,1920.2698999,402.108835499));
#206538=CARTESIAN_POINT('Control Point',(4136.0350089,1921.54132424,402.113353821));
#206539=CARTESIAN_POINT('Control Point',(4137.45941672,1923.84417572,402.121537565));
#206540=CARTESIAN_POINT('Control Point',(4139.60999979,1925.48949855,402.127384584));
#206541=CARTESIAN_POINT('Control Point',(4140.82668344,1926.10302515,402.129564872));
#206542=CARTESIAN_POINT('Control Point',(4142.12748107,1926.47851677,402.130899233));
#206543=CARTESIAN_POINT('Control Point',(4143.45250346,1926.61030281,402.131367518));
#206544=CARTESIAN_POINT('Control Point',(4135.3,1917.61271217,400.250882274));
#206545=CARTESIAN_POINT('Control Point',(4135.3,1918.9443899,400.254209895));
#206546=CARTESIAN_POINT('Control Point',(4135.54495274,1920.27608196,400.257537551));
#206547=CARTESIAN_POINT('Control Point',(4136.03514292,1921.5476156,400.260714874));
#206548=CARTESIAN_POINT('Control Point',(4137.4598019,1923.85061935,400.266469616));
#206549=CARTESIAN_POINT('Control Point',(4139.61072435,1925.49592366,400.270580811));
#206550=CARTESIAN_POINT('Control Point',(4140.8275858,1926.10938856,400.272113665));
#206551=CARTESIAN_POINT('Control Point',(4142.12855013,1926.48476343,400.273051552));
#206552=CARTESIAN_POINT('Control Point',(4143.45371093,1926.61638423,400.273380325));
#206553=CARTESIAN_POINT('Control Point',(4135.3,1917.61629354,398.371187063));
#206554=CARTESIAN_POINT('Control Point',(4135.3,1918.94809471,398.373151178));
#206555=CARTESIAN_POINT('Control Point',(4135.54499725,1920.27991021,398.375115313));
#206556=CARTESIAN_POINT('Control Point',(4136.03527661,1921.55155075,398.376990699));
#206557=CARTESIAN_POINT('Control Point',(4137.46018613,1923.85470254,398.380387315));
#206558=CARTESIAN_POINT('Control Point',(4139.61144709,1925.49998561,398.382813672));
#206559=CARTESIAN_POINT('Control Point',(4140.82848589,1926.11338789,398.383718256));
#206560=CARTESIAN_POINT('Control Point',(4142.12961647,1926.48864567,398.384271614));
#206561=CARTESIAN_POINT('Control Point',(4143.4549153,1926.62010138,398.384465408));
#206562=CARTESIAN_POINT('Control Point',(4135.3,1917.61766582,397.307577283));
#206563=CARTESIAN_POINT('Control Point',(4135.3,1918.94954024,397.309208337));
#206564=CARTESIAN_POINT('Control Point',(4135.54502381,1920.281429,397.310839409));
#206565=CARTESIAN_POINT('Control Point',(4136.03535639,1921.55313295,397.312396771));
#206566=CARTESIAN_POINT('Control Point',(4137.4604154,1923.85637238,397.315217352));
#206567=CARTESIAN_POINT('Control Point',(4139.61187834,1925.50164227,397.317232105));
#206568=CARTESIAN_POINT('Control Point',(4140.82902295,1926.11500701,397.317983184));
#206569=CARTESIAN_POINT('Control Point',(4142.13025272,1926.49019478,397.318442567));
#206570=CARTESIAN_POINT('Control Point',(4143.45563389,1926.62155194,397.318603333));
#206571=CARTESIAN_POINT('Control Point',(4135.3,1917.61905212,394.678637473));
#206572=CARTESIAN_POINT('Control Point',(4135.3,1918.95104011,394.677332538));
#206573=CARTESIAN_POINT('Control Point',(4135.54506524,1920.28304244,394.676027588));
#206574=CARTESIAN_POINT('Control Point',(4136.0354808,1921.55484464,394.674781608));
#206575=CARTESIAN_POINT('Control Point',(4137.46077296,1923.85821957,394.672524963));
#206576=CARTESIAN_POINT('Control Point',(4139.6125509,1925.50346803,394.670912992));
#206577=CARTESIAN_POINT('Control Point',(4140.82986052,1926.11677389,394.670312049));
#206578=CARTESIAN_POINT('Control Point',(4142.13124498,1926.49185228,394.669944468));
#206579=CARTESIAN_POINT('Control Point',(4143.45675456,1926.62305567,394.66981579));
#206580=CARTESIAN_POINT('Control Point',(4135.3,1917.61496485,392.04550392));
#206581=CARTESIAN_POINT('Control Point',(4135.3,1918.94695745,392.043272933));
#206582=CARTESIAN_POINT('Control Point',(4135.54506806,1920.27896439,392.041041923));
#206583=CARTESIAN_POINT('Control Point',(4136.03548926,1921.55077029,392.038911748));
#206584=CARTESIAN_POINT('Control Point',(4137.46079728,1923.85414904,392.035053785));
#206585=CARTESIAN_POINT('Control Point',(4139.61259665,1925.49939219,392.032298185));
#206586=CARTESIAN_POINT('Control Point',(4140.8299175,1926.11269261,392.031270993));
#206587=CARTESIAN_POINT('Control Point',(4142.13131248,1926.48776268,392.030642829));
#206588=CARTESIAN_POINT('Control Point',(4143.45683079,1926.61895529,392.030423149));
#206589=CARTESIAN_POINT('Control Point',(4135.3,1917.61310331,390.480981405));
#206590=CARTESIAN_POINT('Control Point',(4135.3,1918.94522606,390.478639058));
#206591=CARTESIAN_POINT('Control Point',(4135.54511546,1920.27736316,390.476296685));
#206592=CARTESIAN_POINT('Control Point',(4136.03563164,1921.54928167,390.474060186));
#206593=CARTESIAN_POINT('Control Point',(4137.46120647,1923.85281581,390.470009674));
#206594=CARTESIAN_POINT('Control Point',(4139.6133663,1925.49803468,390.467116588));
#206595=CARTESIAN_POINT('Control Point',(4140.83087599,1926.11126779,390.466038165));
#206596=CARTESIAN_POINT('Control Point',(4142.13244797,1926.48621274,390.4653787));
#206597=CARTESIAN_POINT('Control Point',(4143.45811321,1926.61722938,390.465148118));
#206598=CARTESIAN_POINT('Control Point',(4135.3,1917.60746886,388.257715616));
#206599=CARTESIAN_POINT('Control Point',(4135.3,1918.93974445,388.253372347));
#206600=CARTESIAN_POINT('Control Point',(4135.5451735,1920.27203441,388.249029031));
#206601=CARTESIAN_POINT('Control Point',(4136.03580596,1921.54408456,388.244882084));
#206602=CARTESIAN_POINT('Control Point',(4137.46170746,1923.84779765,388.237371801));
#206603=CARTESIAN_POINT('Control Point',(4139.61430861,1925.49297865,388.232008209));
#206604=CARTESIAN_POINT('Control Point',(4140.83204947,1926.1061263,388.23000916));
#206605=CARTESIAN_POINT('Control Point',(4142.13383811,1926.48091617,388.228787122));
#206606=CARTESIAN_POINT('Control Point',(4143.45968316,1926.61171667,388.228360464));
#206607=CARTESIAN_POINT('Control Point',(4135.3,1917.59743789,386.034995266));
#206608=CARTESIAN_POINT('Control Point',(4135.3,1918.92983678,386.028496052));
#206609=CARTESIAN_POINT('Control Point',(4135.54522244,1920.26225005,386.021996767));
#206610=CARTESIAN_POINT('Control Point',(4136.03595294,1921.53440588,386.015791406));
#206611=CARTESIAN_POINT('Control Point',(4137.46212988,1923.83826021,386.004553586));
#206612=CARTESIAN_POINT('Control Point',(4139.61510308,1925.48340237,385.996528831));
#206613=CARTESIAN_POINT('Control Point',(4140.83303883,1926.09647538,385.993538344));
#206614=CARTESIAN_POINT('Control Point',(4142.13501012,1926.47113289,385.991710801));
#206615=CARTESIAN_POINT('Control Point',(4143.46100674,1926.60175058,385.991073639));
#206616=CARTESIAN_POINT('Control Point',(4135.3,1917.59606883,385.768217415));
#206617=CARTESIAN_POINT('Control Point',(4135.3,1918.9284801,385.761496713));
#206618=CARTESIAN_POINT('Control Point',(4135.54522744,1920.26090575,385.754775937));
#206619=CARTESIAN_POINT('Control Point',(4136.03596797,1921.53307217,385.748359109));
#206620=CARTESIAN_POINT('Control Point',(4137.46217305,1923.83694055,385.736738353));
#206621=CARTESIAN_POINT('Control Point',(4139.61518428,1925.48207848,385.72844023));
#206622=CARTESIAN_POINT('Control Point',(4140.83313995,1926.09514376,385.725347904));
#206623=CARTESIAN_POINT('Control Point',(4142.1351299,1926.46978768,385.723458175));
#206624=CARTESIAN_POINT('Control Point',(4143.461142,1926.60038666,385.722799409));
#206625=CARTESIAN_POINT('Control Point',(4135.3,1917.58555304,383.787668679));
#206626=CARTESIAN_POINT('Control Point',(4135.3,1918.91807749,383.779526783));
#206627=CARTESIAN_POINT('Control Point',(4135.54527185,1920.25061633,383.771384799));
#206628=CARTESIAN_POINT('Control Point',(4136.03610137,1921.52287988,383.763611095));
#206629=CARTESIAN_POINT('Control Point',(4137.46255643,1923.82687864,383.749533311));
#206630=CARTESIAN_POINT('Control Point',(4139.61590533,1925.47198287,383.739481369));
#206631=CARTESIAN_POINT('Control Point',(4140.83403788,1926.08498099,383.735735773));
#206632=CARTESIAN_POINT('Control Point',(4142.13619359,1926.45950513,383.733447258));
#206633=CARTESIAN_POINT('Control Point',(4143.46234323,1926.58993831,383.732650148));
#206634=CARTESIAN_POINT('Control Point',(4135.3,1917.57231816,381.807583022));
#206635=CARTESIAN_POINT('Control Point',(4135.3,1918.90495639,381.797887263));
#206636=CARTESIAN_POINT('Control Point',(4135.54531752,1920.23760902,381.788191399));
#206637=CARTESIAN_POINT('Control Point',(4136.03623852,1921.50996997,381.778934187));
#206638=CARTESIAN_POINT('Control Point',(4137.46295059,1923.81409831,381.762170201));
#206639=CARTESIAN_POINT('Control Point',(4139.61664665,1925.45916469,381.750201227));
#206640=CARTESIAN_POINT('Control Point',(4140.83496102,1926.07209253,381.745741727));
#206641=CARTESIAN_POINT('Control Point',(4142.13728712,1926.44649277,381.743017641));
#206642=CARTESIAN_POINT('Control Point',(4143.46357813,1926.5767552,381.742069792));
#206643=CARTESIAN_POINT('Control Point',(4135.3,1917.56222602,380.491814347));
#206644=CARTESIAN_POINT('Control Point',(4135.3,1918.89493243,380.481080312));
#206645=CARTESIAN_POINT('Control Point',(4135.54534555,1920.22765323,380.470346161));
#206646=CARTESIAN_POINT('Control Point',(4136.0363227,1921.50007236,380.460097691));
#206647=CARTESIAN_POINT('Control Point',(4137.4631925,1923.80427734,380.441538858));
#206648=CARTESIAN_POINT('Control Point',(4139.6171016,1925.44931842,380.428289064));
#206649=CARTESIAN_POINT('Control Point',(4140.83552757,1926.06220237,380.423352624));
#206650=CARTESIAN_POINT('Control Point',(4142.13795822,1926.43652609,380.420337601));
#206651=CARTESIAN_POINT('Control Point',(4143.46433598,1926.56668356,380.419289151));
#206652=CARTESIAN_POINT('Control Point',(4135.3,1917.53951304,377.860126841));
#206653=CARTESIAN_POINT('Control Point',(4135.3,1918.87234306,377.847365804));
#206654=CARTESIAN_POINT('Control Point',(4135.5453975,1920.20518751,377.834604628));
#206655=CARTESIAN_POINT('Control Point',(4136.03647875,1921.47771188,377.822420969));
#206656=CARTESIAN_POINT('Control Point',(4137.46364097,1923.78205417,377.800358224));
#206657=CARTESIAN_POINT('Control Point',(4139.61794503,1925.42704492,377.784608259));
#206658=CARTESIAN_POINT('Control Point',(4140.83657785,1926.03984621,377.778740936));
#206659=CARTESIAN_POINT('Control Point',(4142.13920233,1926.4140273,377.775158223));
#206660=CARTESIAN_POINT('Control Point',(4143.46574087,1926.54398989,377.773913728));
#206661=CARTESIAN_POINT('Control Point',(4135.3,1917.51195889,375.228037134));
#206662=CARTESIAN_POINT('Control Point',(4135.3,1918.84489695,375.213381395));
#206663=CARTESIAN_POINT('Control Point',(4135.54544459,1920.17784943,375.198725498));
#206664=CARTESIAN_POINT('Control Point',(4136.03662019,1921.45046534,375.184733));
#206665=CARTESIAN_POINT('Control Point',(4137.46404743,1923.75492513,375.159395283));
#206666=CARTESIAN_POINT('Control Point',(4139.61870941,1925.39986528,375.141308968));
#206667=CARTESIAN_POINT('Control Point',(4140.8375297,1926.01258978,375.134571958));
#206668=CARTESIAN_POINT('Control Point',(4142.1403298,1926.38664043,375.130459166));
#206669=CARTESIAN_POINT('Control Point',(4143.46701402,1926.51642599,375.129032069));
#206670=CARTESIAN_POINT('Control Point',(4135.3,1917.49701866,373.911806521));
#206671=CARTESIAN_POINT('Control Point',(4135.3,1918.83000884,373.89624279));
#206672=CARTESIAN_POINT('Control Point',(4135.54546761,1920.16301345,373.880678891));
#206673=CARTESIAN_POINT('Control Point',(4136.0366893,1921.43567347,373.865819557));
#206674=CARTESIAN_POINT('Control Point',(4137.46424603,1923.74018953,373.838912446));
#206675=CARTESIAN_POINT('Control Point',(4139.61908291,1925.38510413,373.819706656));
#206676=CARTESIAN_POINT('Control Point',(4140.83799478,1925.99779081,373.812552985));
#206677=CARTESIAN_POINT('Control Point',(4142.1408807,1926.37177754,373.80818631));
#206678=CARTESIAN_POINT('Control Point',(4143.46763608,1926.50147653,373.806671877));
#206679=CARTESIAN_POINT('Control Point',(4135.3,1917.43295502,368.644267742));
#206680=CARTESIAN_POINT('Control Point',(4135.3,1918.76616692,368.625195821));
#206681=CARTESIAN_POINT('Control Point',(4135.54556491,1920.09939327,368.606123694));
#206682=CARTESIAN_POINT('Control Point',(4136.03698156,1921.372241,368.587915251));
#206683=CARTESIAN_POINT('Control Point',(4137.46508591,1923.67699721,368.554944878));
#206684=CARTESIAN_POINT('Control Point',(4139.62066235,1925.32180532,368.531414766));
#206685=CARTESIAN_POINT('Control Point',(4140.83996154,1925.93433259,368.522651911));
#206686=CARTESIAN_POINT('Control Point',(4142.14321031,1926.30804934,368.517305163));
#206687=CARTESIAN_POINT('Control Point',(4143.47026662,1926.43738234,368.515454277));
#206688=CARTESIAN_POINT('Control Point',(4135.3,1917.35126453,363.376479711));
#206689=CARTESIAN_POINT('Control Point',(4135.3,1918.68469353,363.353728557));
#206690=CARTESIAN_POINT('Control Point',(4135.54566576,1920.01813699,363.330977156));
#206691=CARTESIAN_POINT('Control Point',(4136.03728445,1921.29116715,363.309256478));
#206692=CARTESIAN_POINT('Control Point',(4137.46595634,1923.59615025,363.269928186));
#206693=CARTESIAN_POINT('Control Point',(4139.62229915,1925.2408322,363.241865474));
#206694=CARTESIAN_POINT('Control Point',(4140.84199966,1925.85318835,363.231416736));
#206695=CARTESIAN_POINT('Control Point',(4142.14562434,1926.22662163,363.225044364));
#206696=CARTESIAN_POINT('Control Point',(4143.47299232,1926.35557401,363.222843226));
#206697=CARTESIAN_POINT('Control Point',(4135.3,1917.27995406,359.429563773));
#206698=CARTESIAN_POINT('Control Point',(4135.3,1918.61352552,359.404187453));
#206699=CARTESIAN_POINT('Control Point',(4135.54573582,1919.94711146,359.378810857));
#206700=CARTESIAN_POINT('Control Point',(4136.03749487,1921.22026038,359.354584256));
#206701=CARTESIAN_POINT('Control Point',(4137.46656101,1923.52538663,359.31072006));
#206702=CARTESIAN_POINT('Control Point',(4139.62343613,1925.16997057,359.279424704));
#206703=CARTESIAN_POINT('Control Point',(4140.84341539,1925.78220397,359.267774041));
#206704=CARTESIAN_POINT('Control Point',(4142.14730113,1926.15543794,359.260671107));
#206705=CARTESIAN_POINT('Control Point',(4143.4748855,1926.28412505,359.258221495));
#206706=CARTESIAN_POINT('Control Point',(4135.3,1917.11827328,351.558278756));
#206707=CARTESIAN_POINT('Control Point',(4135.3,1918.45212448,351.527526634));
#206708=CARTESIAN_POINT('Control Point',(4135.54587954,1919.78599019,351.496774177));
#206709=CARTESIAN_POINT('Control Point',(4136.03792653,1921.05937075,351.467416124));
#206710=CARTESIAN_POINT('Control Point',(4137.46780141,1923.36476899,351.414264315));
#206711=CARTESIAN_POINT('Control Point',(4139.62576843,1925.00913633,351.376351774));
#206712=CARTESIAN_POINT('Control Point',(4140.8463194,1925.62111208,351.362241609));
#206713=CARTESIAN_POINT('Control Point',(4142.15074053,1925.99393362,351.353644911));
#206714=CARTESIAN_POINT('Control Point',(4143.47876863,1926.12207531,351.350689133));
#206715=CARTESIAN_POINT('Control Point',(4135.3,1916.91748248,343.699641336));
#206716=CARTESIAN_POINT('Control Point',(4135.3,1918.25158826,343.663573496));
#206717=CARTESIAN_POINT('Control Point',(4135.54602344,1919.58570857,343.627505264));
#206718=CARTESIAN_POINT('Control Point',(4136.03835874,1920.8592967,343.593073481));
#206719=CARTESIAN_POINT('Control Point',(4137.46904337,1923.16492305,343.530740064));
#206720=CARTESIAN_POINT('Control Point',(4139.62810347,1924.8090418,343.48629014));
#206721=CARTESIAN_POINT('Control Point',(4140.8492267,1925.42074773,343.469751975));
#206722=CARTESIAN_POINT('Control Point',(4142.15418361,1925.79314902,343.459683311));
#206723=CARTESIAN_POINT('Control Point',(4143.48265557,1925.92074201,343.456232974));
#206724=CARTESIAN_POINT('Control Point',(4135.3,1916.80726993,339.769507813));
#206725=CARTESIAN_POINT('Control Point',(4135.3,1918.14149928,339.730759285));
#206726=CARTESIAN_POINT('Control Point',(4135.54609655,1919.47574318,339.692010336));
#206727=CARTESIAN_POINT('Control Point',(4136.03857832,1920.74943126,339.655019988));
#206728=CARTESIAN_POINT('Control Point',(4137.46967434,1923.05516352,339.588056873));
#206729=CARTESIAN_POINT('Control Point',(4139.62928969,1924.69914883,339.540311606));
#206730=CARTESIAN_POINT('Control Point',(4140.85070361,1925.310715,339.522549995));
#206731=CARTESIAN_POINT('Control Point',(4142.15593264,1925.68290114,339.511740272));
#206732=CARTESIAN_POINT('Control Point',(4143.48463,1925.8102148,339.508041984));
#206733=CARTESIAN_POINT('Control Point',(4135.3,1916.62409469,333.769259369));
#206734=CARTESIAN_POINT('Control Point',(4135.3,1917.95850828,333.726454831));
#206735=CARTESIAN_POINT('Control Point',(4135.54621002,1919.29293645,333.683649825));
#206736=CARTESIAN_POINT('Control Point',(4136.03891914,1920.56677243,333.642788401));
#206737=CARTESIAN_POINT('Control Point',(4137.47065363,1922.87265598,333.568821266));
#206738=CARTESIAN_POINT('Control Point',(4139.63113072,1924.51642478,333.516092478));
#206739=CARTESIAN_POINT('Control Point',(4140.85299572,1925.12777052,333.496481446));
#206740=CARTESIAN_POINT('Control Point',(4142.15864698,1925.49962059,333.484552641));
#206741=CARTESIAN_POINT('Control Point',(4143.487694,1925.62649994,333.480481729));
#206742=CARTESIAN_POINT('Control Point',(4135.3,1916.4175252,327.759744531));
#206743=CARTESIAN_POINT('Control Point',(4135.3,1917.75211359,327.712802416));
#206744=CARTESIAN_POINT('Control Point',(4135.54632685,1919.08671657,327.665859788));
#206745=CARTESIAN_POINT('Control Point',(4136.03927002,1920.36069061,327.621049675));
#206746=CARTESIAN_POINT('Control Point',(4137.47166182,1922.66670412,327.539939067));
#206747=CARTESIAN_POINT('Control Point',(4139.63302592,1924.31023156,327.482130244));
#206748=CARTESIAN_POINT('Control Point',(4140.8553552,1924.92134347,327.460635143));
#206749=CARTESIAN_POINT('Control Point',(4142.16144095,1925.29284331,327.447567986));
#206750=CARTESIAN_POINT('Control Point',(4143.49084768,1925.41927408,327.443120725));
#206751=CARTESIAN_POINT('Control Point',(4135.3,1916.34645754,325.768431793));
#206752=CARTESIAN_POINT('Control Point',(4135.3,1917.68110262,325.720111243));
#206753=CARTESIAN_POINT('Control Point',(4135.54636586,1919.01576231,325.671790165));
#206754=CARTESIAN_POINT('Control Point',(4136.03938719,1920.28978086,325.625664571));
#206755=CARTESIAN_POINT('Control Point',(4137.4719985,1922.59583487,325.542174264));
#206756=CARTESIAN_POINT('Control Point',(4139.63365881,1924.23927963,325.482673429));
#206757=CARTESIAN_POINT('Control Point',(4140.85614312,1924.85031268,325.460550927));
#206758=CARTESIAN_POINT('Control Point',(4142.16237395,1925.22169509,325.44710488));
#206759=CARTESIAN_POINT('Control Point',(4143.49190077,1925.34797589,325.442532647));
#206760=CARTESIAN_POINT('Control Point',(4135.3,1916.19410647,321.652987707));
#206761=CARTESIAN_POINT('Control Point',(4135.3,1917.52886485,321.60174823));
#206762=CARTESIAN_POINT('Control Point',(4135.5464474,1918.86363784,321.550508192));
#206763=CARTESIAN_POINT('Control Point',(4136.03963211,1920.13774442,321.501597022));
#206764=CARTESIAN_POINT('Control Point',(4137.47270222,1922.44387407,321.413067812));
#206765=CARTESIAN_POINT('Control Point',(4139.63498161,1924.08713956,321.349984734));
#206766=CARTESIAN_POINT('Control Point',(4140.85778993,1924.69800537,321.326534153));
#206767=CARTESIAN_POINT('Control Point',(4142.16432395,1925.06914086,321.312286394));
#206768=CARTESIAN_POINT('Control Point',(4143.49410171,1925.19510771,321.307450246));
#206769=CARTESIAN_POINT('Control Point',(4135.3,1916.03025078,317.538521321));
#206770=CARTESIAN_POINT('Control Point',(4135.3,1917.36510936,317.484202893));
#206771=CARTESIAN_POINT('Control Point',(4135.5465295,1918.69998257,317.429883869));
#206772=CARTESIAN_POINT('Control Point',(4136.03987869,1919.97416455,317.378034493));
#206773=CARTESIAN_POINT('Control Point',(4137.47341068,1922.28034638,317.284190612));
#206774=CARTESIAN_POINT('Control Point',(4139.63631324,1923.9234143,317.217330172));
#206775=CARTESIAN_POINT('Control Point',(4140.8594477,1924.53410536,317.192479576));
#206776=CARTESIAN_POINT('Control Point',(4142.16628685,1924.90498839,317.177387263));
#206777=CARTESIAN_POINT('Control Point',(4143.49631711,1925.03063785,317.172274021));
#206778=CARTESIAN_POINT('Control Point',(4135.3,1915.94564507,315.488510919));
#206779=CARTESIAN_POINT('Control Point',(4135.3,1917.28055357,315.432728825));
#206780=CARTESIAN_POINT('Control Point',(4135.54657026,1918.61547672,315.37694612));
#206781=CARTESIAN_POINT('Control Point',(4136.0400011,1919.8896963,315.323700032));
#206782=CARTESIAN_POINT('Control Point',(4137.4737624,1922.19590433,315.227329959));
#206783=CARTESIAN_POINT('Control Point',(4139.63697434,1923.83887437,315.1586746));
#206784=CARTESIAN_POINT('Control Point',(4140.86027069,1924.44947875,315.133158989));
#206785=CARTESIAN_POINT('Control Point',(4142.16726131,1924.8202365,315.117665854));
#206786=CARTESIAN_POINT('Control Point',(4143.49741689,1924.94572839,315.112421659));
#206787=CARTESIAN_POINT('Control Point',(4135.3,1915.80186468,312.110325796));
#206788=CARTESIAN_POINT('Control Point',(4135.3,1917.13684707,312.052293316));
#206789=CARTESIAN_POINT('Control Point',(4135.54663284,1918.47184412,311.994260199));
#206790=CARTESIAN_POINT('Control Point',(4136.04018907,1919.7461188,311.938866704));
#206791=CARTESIAN_POINT('Control Point',(4137.47430245,1922.05236228,311.838612835));
#206792=CARTESIAN_POINT('Control Point',(4139.63798938,1923.6951786,311.76719839));
#206793=CARTESIAN_POINT('Control Point',(4140.8615343,1924.30564862,311.740660729));
#206794=CARTESIAN_POINT('Control Point',(4142.16875745,1924.6762132,311.724551855));
#206795=CARTESIAN_POINT('Control Point',(4143.49910539,1924.80146292,311.719106929));
#206796=CARTESIAN_POINT('Control Point',(4135.3,1915.65119338,308.732058388));
#206797=CARTESIAN_POINT('Control Point',(4135.3,1916.98623829,308.671891019));
#206798=CARTESIAN_POINT('Control Point',(4135.54669101,1918.32129787,308.61172299));
#206799=CARTESIAN_POINT('Control Point',(4136.04036378,1919.59561788,308.554292346));
#206800=CARTESIAN_POINT('Control Point',(4137.47480441,1921.90188366,308.450354281));
#206801=CARTESIAN_POINT('Control Point',(4139.6389328,1923.54454951,308.376323069));
#206802=CARTESIAN_POINT('Control Point',(4140.86270872,1924.15489181,308.348816304));
#206803=CARTESIAN_POINT('Control Point',(4142.17014795,1924.52527514,308.332123916));
#206804=CARTESIAN_POINT('Control Point',(4143.50067463,1924.65029917,308.326489288));
#206805=CARTESIAN_POINT('Control Point',(4135.3,1915.59001409,307.38418626));
#206806=CARTESIAN_POINT('Control Point',(4135.3,1916.92508347,307.323191691));
#206807=CARTESIAN_POINT('Control Point',(4135.54671387,1918.26016753,307.262196451));
#206808=CARTESIAN_POINT('Control Point',(4136.04043243,1919.53450526,307.203976489));
#206809=CARTESIAN_POINT('Control Point',(4137.47500167,1921.84077963,307.098610984));
#206810=CARTESIAN_POINT('Control Point',(4139.63930353,1923.48338622,307.023566037));
#206811=CARTESIAN_POINT('Control Point',(4140.86317022,1924.0936783,306.995683898));
#206812=CARTESIAN_POINT('Control Point',(4142.17069435,1924.46399037,306.978765573));
#206813=CARTESIAN_POINT('Control Point',(4143.50129126,1924.58892571,306.973057623));
#206814=CARTESIAN_POINT('Control Point',(4135.3,1915.44661802,304.277845988));
#206815=CARTESIAN_POINT('Control Point',(4135.3,1916.78173775,304.21480337));
#206816=CARTESIAN_POINT('Control Point',(4135.54676722,1918.11687215,304.151760059));
#206817=CARTESIAN_POINT('Control Point',(4136.04059268,1919.39124478,304.091585825));
#206818=CARTESIAN_POINT('Control Point',(4137.47546207,1921.6975275,303.982686067));
#206819=CARTESIAN_POINT('Control Point',(4139.64016882,1923.33998744,303.905131015));
#206820=CARTESIAN_POINT('Control Point',(4140.86424737,1923.95015917,303.876319343));
#206821=CARTESIAN_POINT('Control Point',(4142.17196966,1924.32030304,303.858841431));
#206822=CARTESIAN_POINT('Control Point',(4143.50273046,1924.44503072,303.85295172));
#206823=CARTESIAN_POINT('Control Point',(4135.3,1915.29679582,301.173332849));
#206824=CARTESIAN_POINT('Control Point',(4135.3,1916.63199526,301.10778687));
#206825=CARTESIAN_POINT('Control Point',(4135.54684104,1917.9672094,301.04224017));
#206826=CARTESIAN_POINT('Control Point',(4136.04081441,1919.24163991,300.979677365));
#206827=CARTESIAN_POINT('Control Point',(4137.47609912,1921.54795156,300.866458614));
#206828=CARTESIAN_POINT('Control Point',(4139.64136606,1923.19022095,300.785838015));
#206829=CARTESIAN_POINT('Control Point',(4140.86573772,1923.80023074,300.755891943));
#206830=CARTESIAN_POINT('Control Point',(4142.17373414,1924.17014467,300.737732304));
#206831=CARTESIAN_POINT('Control Point',(4143.50472164,1924.29458597,300.731623062));
#206832=CARTESIAN_POINT('Control Point',(4135.3,1915.20856692,299.396163549));
#206833=CARTESIAN_POINT('Control Point',(4135.3,1916.54383074,299.329112351));
#206834=CARTESIAN_POINT('Control Point',(4135.54689239,1917.87910927,299.262060414));
#206835=CARTESIAN_POINT('Control Point',(4136.04096864,1919.15358855,299.198061543));
#206836=CARTESIAN_POINT('Control Point',(4137.47654221,1921.45993572,299.082246662));
#206837=CARTESIAN_POINT('Control Point',(4139.64219876,1923.10208353,298.999784915));
#206838=CARTESIAN_POINT('Control Point',(4140.86677426,1923.71198473,298.969158195));
#206839=CARTESIAN_POINT('Control Point',(4142.17496129,1924.08174118,298.950590482));
#206840=CARTESIAN_POINT('Control Point',(4143.50610639,1924.20598411,298.944351378));
#206841=CARTESIAN_POINT('Control Point',(4135.3,1915.09430617,297.158764032));
#206842=CARTESIAN_POINT('Control Point',(4135.3,1916.42955455,297.090046318));
#206843=CARTESIAN_POINT('Control Point',(4135.54691827,1917.76481765,297.021327848));
#206844=CARTESIAN_POINT('Control Point',(4136.04104637,1919.03927582,296.955738663));
#206845=CARTESIAN_POINT('Control Point',(4137.47676552,1921.3455582,296.837047292));
#206846=CARTESIAN_POINT('Control Point',(4139.64261841,1922.98758586,296.752541356));
#206847=CARTESIAN_POINT('Control Point',(4140.86729663,1923.59741048,296.721157102));
#206848=CARTESIAN_POINT('Control Point',(4142.17557972,1923.9670743,296.702132568));
#206849=CARTESIAN_POINT('Control Point',(4143.50680423,1924.09121282,296.695743836));
#206850=CARTESIAN_POINT('Control Point',(4135.3,1914.97793733,294.918348414));
#206851=CARTESIAN_POINT('Control Point',(4135.3,1916.31318671,294.84889017));
#206852=CARTESIAN_POINT('Control Point',(4135.54693283,1917.6484508,294.779431161));
#206853=CARTESIAN_POINT('Control Point',(4136.0410901,1918.92290633,294.713135348));
#206854=CARTESIAN_POINT('Control Point',(4137.47689118,1921.22916896,294.593166032));
#206855=CARTESIAN_POINT('Control Point',(4139.64285455,1922.87114091,294.507752405));
#206856=CARTESIAN_POINT('Control Point',(4140.86759057,1923.48092685,294.47603199));
#206857=CARTESIAN_POINT('Control Point',(4142.17592772,1923.85054124,294.456805042));
#206858=CARTESIAN_POINT('Control Point',(4143.50719691,1923.9746219,294.450350495));
#206859=CARTESIAN_POINT('Control Point',(4135.3,1914.9574229,294.524277354));
#206860=CARTESIAN_POINT('Control Point',(4135.3,1916.29267434,294.45472422));
#206861=CARTESIAN_POINT('Control Point',(4135.54693541,1917.62794049,294.38517032));
#206862=CARTESIAN_POINT('Control Point',(4136.04109786,1918.90239734,294.318783972));
#206863=CARTESIAN_POINT('Control Point',(4137.47691345,1921.20865973,294.19865096));
#206864=CARTESIAN_POINT('Control Point',(4139.6428964,1922.85062411,294.113121175));
#206865=CARTESIAN_POINT('Control Point',(4140.86764267,1923.46040406,294.081357788));
#206866=CARTESIAN_POINT('Control Point',(4142.17598939,1923.83001021,294.062105034));
#206867=CARTESIAN_POINT('Control Point',(4143.5072665,1923.95408079,294.055642207));
#206868=CARTESIAN_POINT('Control Point',(4135.3,1914.8870237,293.17440691));
#206869=CARTESIAN_POINT('Control Point',(4135.3,1916.22228588,293.104518934));
#206870=CARTESIAN_POINT('Control Point',(4135.54694581,1917.55756277,293.034630188));
#206871=CARTESIAN_POINT('Control Point',(4136.04112908,1918.8320273,292.967924376));
#206872=CARTESIAN_POINT('Control Point',(4137.47700317,1921.13829291,292.84721382));
#206873=CARTESIAN_POINT('Control Point',(4139.643065,1922.78022985,292.761274397));
#206874=CARTESIAN_POINT('Control Point',(4140.86785254,1923.38998676,292.729359552));
#206875=CARTESIAN_POINT('Control Point',(4142.17623785,1923.75956039,292.710015963));
#206876=CARTESIAN_POINT('Control Point',(4143.50754686,1923.88359059,292.70352418));
#206877=CARTESIAN_POINT('Control Point',(4135.3,1914.81720343,291.84426154));
#206878=CARTESIAN_POINT('Control Point',(4135.3,1916.15249014,291.773963671));
#206879=CARTESIAN_POINT('Control Point',(4135.54696279,1917.48779156,291.703665028));
#206880=CARTESIAN_POINT('Control Point',(4136.04118007,1918.76227532,291.636568207));
#206881=CARTESIAN_POINT('Control Point',(4137.47714965,1921.06855829,291.515150999));
#206882=CARTESIAN_POINT('Control Point',(4139.64334027,1922.71045902,291.428711032));
#206883=CARTESIAN_POINT('Control Point',(4140.86819519,1923.32018153,291.396611405));
#206884=CARTESIAN_POINT('Control Point',(4142.17664351,1923.68970399,291.377157413));
#206885=CARTESIAN_POINT('Control Point',(4143.5080046,1923.81366892,291.370631109));
#206886=CARTESIAN_POINT('Control Point',(4135.3,1914.7721178,290.989556693));
#206887=CARTESIAN_POINT('Control Point',(4135.3,1916.10742565,290.918842779));
#206888=CARTESIAN_POINT('Control Point',(4135.54697863,1917.44274821,290.848128086));
#206889=CARTESIAN_POINT('Control Point',(4136.04122767,1918.71724824,290.78063437));
#206890=CARTESIAN_POINT('Control Point',(4137.47728639,1921.02354436,290.6584998));
#206891=CARTESIAN_POINT('Control Point',(4139.64359724,1922.66540914,290.5715515));
#206892=CARTESIAN_POINT('Control Point',(4140.86851505,1923.27509872,290.53926413));
#206893=CARTESIAN_POINT('Control Point',(4142.17702218,1923.64457294,290.519697838));
#206894=CARTESIAN_POINT('Control Point',(4143.5084319,1923.76847677,290.513136213));
#206895=CARTESIAN_POINT('Control Point',(4135.3,1914.68087641,289.27706413));
#206896=CARTESIAN_POINT('Control Point',(4135.3,1916.01622833,289.205108844));
#206897=CARTESIAN_POINT('Control Point',(4135.54701921,1917.35159499,289.133152765));
#206898=CARTESIAN_POINT('Control Point',(4136.04134953,1918.62612708,289.064474741));
#206899=CARTESIAN_POINT('Control Point',(4137.47763651,1920.93243954,288.940199308));
#206900=CARTESIAN_POINT('Control Point',(4139.64425517,1922.57419989,288.85173311));
#206901=CARTESIAN_POINT('Control Point',(4140.86933402,1923.18380057,288.818884758));
#206902=CARTESIAN_POINT('Control Point',(4142.17799172,1923.55314847,288.798982375));
#206903=CARTESIAN_POINT('Control Point',(4143.5095259,1923.67689493,288.792314178));
#206904=CARTESIAN_POINT('Control Point',(4135.3,1914.58653416,287.552227542));
#206905=CARTESIAN_POINT('Control Point',(4135.3,1915.92192944,287.478488122));
#206906=CARTESIAN_POINT('Control Point',(4135.54707112,1917.25733947,287.404747888));
#206907=CARTESIAN_POINT('Control Point',(4136.04150544,1918.53190014,287.334367697));
#206908=CARTESIAN_POINT('Control Point',(4137.47808442,1920.83821098,287.207015085));
#206909=CARTESIAN_POINT('Control Point',(4139.64509685,1922.47982168,287.116366596));
#206910=CARTESIAN_POINT('Control Point',(4140.8703817,1923.08930268,287.082711488));
#206911=CARTESIAN_POINT('Control Point',(4142.17923199,1923.45848536,287.062325434));
#206912=CARTESIAN_POINT('Control Point',(4143.51092535,1923.5820293,287.055503332));
#206913=CARTESIAN_POINT('Control Point',(4135.3,1914.53881305,286.693247295));
#206914=CARTESIAN_POINT('Control Point',(4135.3,1915.87422842,286.618555722));
#206915=CARTESIAN_POINT('Control Point',(4135.54709803,1917.20965853,286.543863325));
#206916=CARTESIAN_POINT('Control Point',(4136.04158627,1918.48423172,286.472574728));
#206917=CARTESIAN_POINT('Control Point',(4137.47831664,1920.79053758,286.3435799));
#206918=CARTESIAN_POINT('Control Point',(4139.6455332,1922.43206775,286.251766789));
#206919=CARTESIAN_POINT('Control Point',(4140.87092484,1923.0414856,286.217681145));
#206920=CARTESIAN_POINT('Control Point',(4142.17987497,1923.41058197,286.19703698));
#206921=CARTESIAN_POINT('Control Point',(4143.51165084,1923.53402069,286.190132758));
#206922=CARTESIAN_POINT('Control Point',(4135.3,1914.47059697,285.48494507));
#206923=CARTESIAN_POINT('Control Point',(4135.3,1915.80603807,285.408962435));
#206924=CARTESIAN_POINT('Control Point',(4135.54713441,1917.14149391,285.332978962));
#206925=CARTESIAN_POINT('Control Point',(4136.04169553,1918.41608269,285.260458639));
#206926=CARTESIAN_POINT('Control Point',(4137.47863054,1920.72237937,285.129237173));
#206927=CARTESIAN_POINT('Control Point',(4139.64612305,1922.36379894,285.035845192));
#206928=CARTESIAN_POINT('Control Point',(4140.87165903,1922.97313078,285.001175964));
#206929=CARTESIAN_POINT('Control Point',(4142.1807441,1923.34211008,284.980182066));
#206930=CARTESIAN_POINT('Control Point',(4143.51263148,1923.46540644,284.973166788));
#206931=CARTESIAN_POINT('Control Point',(4135.3,1914.40066159,284.27169383));
#206932=CARTESIAN_POINT('Control Point',(4135.3,1915.73611944,284.194453774));
#206933=CARTESIAN_POINT('Control Point',(4135.54716732,1917.07159205,284.117212865));
#206934=CARTESIAN_POINT('Control Point',(4136.04179439,1918.34618871,284.043492891));
#206935=CARTESIAN_POINT('Control Point',(4137.47891453,1920.65246582,283.910102699));
#206936=CARTESIAN_POINT('Control Point',(4139.64665668,1922.29377731,283.8151727));
#206937=CARTESIAN_POINT('Control Point',(4140.87232324,1922.90302836,283.779934898));
#206938=CARTESIAN_POINT('Control Point',(4142.18153039,1923.27189994,283.758600133));
#206939=CARTESIAN_POINT('Control Point',(4143.51351863,1923.3950669,283.7514764));
#206940=CARTESIAN_POINT('Control Point',(4135.3,1914.37516661,283.832192754));
#206941=CARTESIAN_POINT('Control Point',(4135.3,1915.71062946,283.754503612));
#206942=CARTESIAN_POINT('Control Point',(4135.54717877,1917.04610706,283.676813612));
#206943=CARTESIAN_POINT('Control Point',(4136.04182878,1918.32070566,283.602665183));
#206944=CARTESIAN_POINT('Control Point',(4137.47901334,1920.62697452,283.468500421));
#206945=CARTESIAN_POINT('Control Point',(4139.64684234,1922.26824738,283.373021091));
#206946=CARTESIAN_POINT('Control Point',(4140.87255433,1922.87746994,283.337580202));
#206947=CARTESIAN_POINT('Control Point',(4142.18180395,1923.24630381,283.316123668));
#206948=CARTESIAN_POINT('Control Point',(4143.51382728,1923.36942568,283.308961169));
#206949=CARTESIAN_POINT('Control Point',(4135.3,1914.29325898,282.428734774));
#206950=CARTESIAN_POINT('Control Point',(4135.3,1915.62873381,282.349666703));
#206951=CARTESIAN_POINT('Control Point',(4135.54721288,1916.96422341,282.270597759));
#206952=CARTESIAN_POINT('Control Point',(4136.04193122,1918.23882503,282.19513374));
#206953=CARTESIAN_POINT('Control Point',(4137.47930763,1920.54506433,282.058590594));
#206954=CARTESIAN_POINT('Control Point',(4139.64739532,1922.18621857,281.961424391));
#206955=CARTESIAN_POINT('Control Point',(4140.87324263,1922.79535496,281.925359824));
#206956=CARTESIAN_POINT('Control Point',(4142.18261873,1923.16407572,281.903529279));
#206957=CARTESIAN_POINT('Control Point',(4143.51474658,1923.28706301,281.896247607));
#206958=CARTESIAN_POINT('Control Point',(4135.3,1914.20957415,281.024582686));
#206959=CARTESIAN_POINT('Control Point',(4135.3,1915.54504533,280.944373145));
#206960=CARTESIAN_POINT('Control Point',(4135.54723668,1916.88053128,280.864162717));
#206961=CARTESIAN_POINT('Control Point',(4136.04200272,1918.15512354,280.787609612));
#206962=CARTESIAN_POINT('Control Point',(4137.47951304,1920.46132144,280.649097367));
#206963=CARTESIAN_POINT('Control Point',(4139.64778127,1922.10237812,280.550534027));
#206964=CARTESIAN_POINT('Control Point',(4140.87372302,1922.71144888,280.513952667));
#206965=CARTESIAN_POINT('Control Point',(4142.1831874,1923.08008738,280.491811861));
#206966=CARTESIAN_POINT('Control Point',(4143.51538817,1923.20297963,280.484430774));
#206967=CARTESIAN_POINT('Control Point',(4135.3,1914.14501072,279.955089997));
#206968=CARTESIAN_POINT('Control Point',(4135.3,1915.48046974,279.874236214));
#206969=CARTESIAN_POINT('Control Point',(4135.54724662,1916.81594353,279.793381538));
#206970=CARTESIAN_POINT('Control Point',(4136.04203258,1918.09052174,279.716213712));
#206971=CARTESIAN_POINT('Control Point',(4137.47959881,1920.396684,279.576589851));
#206972=CARTESIAN_POINT('Control Point',(4139.64794243,1922.03768688,279.477237269));
#206973=CARTESIAN_POINT('Control Point',(4140.87392361,1922.64672539,279.440363749));
#206974=CARTESIAN_POINT('Control Point',(4142.18342484,1923.0153266,279.418047218));
#206975=CARTESIAN_POINT('Control Point',(4143.51565606,1923.1381782,279.410609305));
#206976=CARTESIAN_POINT('Control Point',(4135.3,1914.02396726,277.964448655));
#206977=CARTESIAN_POINT('Control Point',(4135.3,1915.35940479,277.882822095));
#206978=CARTESIAN_POINT('Control Point',(4135.54725605,1916.69485709,277.801194632));
#206979=CARTESIAN_POINT('Control Point',(4136.0420609,1917.96941246,277.7232894));
#206980=CARTESIAN_POINT('Control Point',(4137.47968017,1920.27552371,277.582331903));
#206981=CARTESIAN_POINT('Control Point',(4139.64809529,1921.91646332,277.482031992));
#206982=CARTESIAN_POINT('Control Point',(4140.87411387,1922.52546669,277.444807595));
#206983=CARTESIAN_POINT('Control Point',(4142.18365006,1922.89402979,277.422279737));
#206984=CARTESIAN_POINT('Control Point',(4143.51591017,1923.01684191,277.414773029));
#206985=CARTESIAN_POINT('Control Point',(4135.3,1913.90190908,275.972074275));
#206986=CARTESIAN_POINT('Control Point',(4135.3,1915.23734319,275.890206733));
#206987=CARTESIAN_POINT('Control Point',(4135.54726026,1916.57279208,275.808338285));
#206988=CARTESIAN_POINT('Control Point',(4136.04207353,1917.84734315,275.730203121));
#206989=CARTESIAN_POINT('Control Point',(4137.47971644,1920.1534423,275.588829865));
#206990=CARTESIAN_POINT('Control Point',(4139.64816345,1921.79436128,275.48823486));
#206991=CARTESIAN_POINT('Control Point',(4140.87419871,1922.4033518,275.450901265));
#206992=CARTESIAN_POINT('Control Point',(4142.18375049,1922.77189961,275.428307787));
#206993=CARTESIAN_POINT('Control Point',(4143.51602347,1922.89469468,275.420779951));
#206994=CARTESIAN_POINT('Control Point',(4135.3,1913.79946993,274.301772376));
#206995=CARTESIAN_POINT('Control Point',(4135.3,1915.13491957,274.219844928));
#206996=CARTESIAN_POINT('Control Point',(4135.54726733,1916.47038398,274.137916573));
#206997=CARTESIAN_POINT('Control Point',(4136.04209478,1917.74494812,274.059724341));
#206998=CARTESIAN_POINT('Control Point',(4137.4797775,1920.05106365,273.918248273));
#206999=CARTESIAN_POINT('Control Point',(4139.64827816,1921.69197404,273.817581349));
#207000=CARTESIAN_POINT('Control Point',(4140.87434149,1922.30095263,273.780221599));
#207001=CARTESIAN_POINT('Control Point',(4142.18391951,1922.66948058,273.757613064));
#207002=CARTESIAN_POINT('Control Point',(4143.51621416,1922.79224894,273.750081441));
#207003=CARTESIAN_POINT('Control Point',(4135.3,1913.66067347,272.042607078));
#207004=CARTESIAN_POINT('Control Point',(4135.3,1914.9961497,271.960197758));
#207005=CARTESIAN_POINT('Control Point',(4135.54728803,1916.33164071,271.877787526));
#207006=CARTESIAN_POINT('Control Point',(4136.04215694,1917.60622512,271.799135705));
#207007=CARTESIAN_POINT('Control Point',(4137.47995607,1919.91235607,271.656829391));
#207008=CARTESIAN_POINT('Control Point',(4139.64861369,1921.55321822,271.555575338));
#207009=CARTESIAN_POINT('Control Point',(4140.87475911,1922.16215334,271.517999259));
#207010=CARTESIAN_POINT('Control Point',(4142.18441386,1922.53061798,271.49526208));
#207011=CARTESIAN_POINT('Control Point',(4143.5167719,1922.65330647,271.487691206));
#207012=CARTESIAN_POINT('Control Point',(4135.3,1913.52042137,269.785828321));
#207013=CARTESIAN_POINT('Control Point',(4135.3,1914.85592083,269.702255016));
#207014=CARTESIAN_POINT('Control Point',(4135.54732321,1916.19143509,269.618680786));
#207015=CARTESIAN_POINT('Control Point',(4136.04226262,1917.46603299,269.538918594));
#207016=CARTESIAN_POINT('Control Point',(4137.48025967,1919.77215221,269.394605515));
#207017=CARTESIAN_POINT('Control Point',(4139.64918412,1921.41290535,269.291929879));
#207018=CARTESIAN_POINT('Control Point',(4140.87546911,1922.02175653,269.253828951));
#207019=CARTESIAN_POINT('Control Point',(4142.18525429,1922.3901075,269.230778106));
#207020=CARTESIAN_POINT('Control Point',(4143.51772008,1922.51265816,269.223109021));
#207021=CARTESIAN_POINT('Control Point',(4135.3,1913.43640762,268.449443224));
#207022=CARTESIAN_POINT('Control Point',(4135.3,1914.77191757,268.365064798));
#207023=CARTESIAN_POINT('Control Point',(4135.54734575,1916.1074423,268.280685438));
#207024=CARTESIAN_POINT('Control Point',(4136.0423303,1917.38204465,268.20015519));
#207025=CARTESIAN_POINT('Control Point',(4137.4804541,1919.68814874,268.054453935));
#207026=CARTESIAN_POINT('Control Point',(4139.64954944,1921.32882667,267.950794704));
#207027=CARTESIAN_POINT('Control Point',(4140.8759238,1921.93762207,267.912330538));
#207028=CARTESIAN_POINT('Control Point',(4142.18579252,1922.30589902,267.889062476));
#207029=CARTESIAN_POINT('Control Point',(4143.51832731,1922.42836102,267.881325157));
#207030=CARTESIAN_POINT('Control Point',(4135.3,1913.26630137,265.777037523));
#207031=CARTESIAN_POINT('Control Point',(4135.3,1914.60182835,265.690979151));
#207032=CARTESIAN_POINT('Control Point',(4135.54739148,1915.93737014,265.604919825));
#207033=CARTESIAN_POINT('Control Point',(4136.04246767,1917.21197747,265.522786971));
#207034=CARTESIAN_POINT('Control Point',(4137.48084874,1919.51804358,265.374189175));
#207035=CARTESIAN_POINT('Control Point',(4139.6502909,1921.15856363,265.268477593));
#207036=CARTESIAN_POINT('Control Point',(4140.87684667,1921.76724392,265.229255501));
#207037=CARTESIAN_POINT('Control Point',(4142.18688491,1922.13536947,265.205534192));
#207038=CARTESIAN_POINT('Control Point',(4143.51955971,1922.25765112,265.197654495));
#207039=CARTESIAN_POINT('Control Point',(4135.3,1913.0920242,263.104863622));
#207040=CARTESIAN_POINT('Control Point',(4135.3,1914.42756476,263.017136026));
#207041=CARTESIAN_POINT('Control Point',(4135.54743661,1915.76312013,262.929407458));
#207042=CARTESIAN_POINT('Control Point',(4136.04260322,1917.03772927,262.845682256));
#207043=CARTESIAN_POINT('Control Point',(4137.48123813,1919.34375229,262.694206589));
#207044=CARTESIAN_POINT('Control Point',(4139.65102247,1920.98411259,262.58645623));
#207045=CARTESIAN_POINT('Control Point',(4140.87775719,1921.59267782,262.546481375));
#207046=CARTESIAN_POINT('Control Point',(4142.18796268,1921.96065311,262.522310126));
#207047=CARTESIAN_POINT('Control Point',(4143.52077559,1922.08275653,262.514289439));
#207048=CARTESIAN_POINT('Control Point',(4135.3,1913.00383955,261.768710324));
#207049=CARTESIAN_POINT('Control Point',(4135.3,1914.33938711,261.680188328));
#207050=CARTESIAN_POINT('Control Point',(4135.54745854,1915.67494949,261.591665351));
#207051=CARTESIAN_POINT('Control Point',(4136.04266907,1916.94955991,261.507182351));
#207052=CARTESIAN_POINT('Control Point',(4137.4814273,1919.25556271,261.354337172));
#207053=CARTESIAN_POINT('Control Point',(4139.65137789,1920.8958459,261.245616794));
#207054=CARTESIAN_POINT('Control Point',(4140.87819955,1921.50435542,261.205283866));
#207055=CARTESIAN_POINT('Control Point',(4142.18848628,1921.87225781,261.180898708));
#207056=CARTESIAN_POINT('Control Point',(4143.52136628,1921.99427468,261.172811183));
#207057=CARTESIAN_POINT('Control Point',(4135.3,1912.80774972,258.829059352));
#207058=CARTESIAN_POINT('Control Point',(4135.3,1914.14331505,258.738865553));
#207059=CARTESIAN_POINT('Control Point',(4135.54750621,1915.4788952,258.648670754));
#207060=CARTESIAN_POINT('Control Point',(4136.04281227,1916.75351082,258.56259302));
#207061=CARTESIAN_POINT('Control Point',(4137.48183866,1919.05947403,258.406865965));
#207062=CARTESIAN_POINT('Control Point',(4139.65215072,1920.69959266,258.296104834));
#207063=CARTESIAN_POINT('Control Point',(4140.87916143,1921.3079822,258.255018787));
#207064=CARTESIAN_POINT('Control Point',(4142.1896248,1921.67572679,258.23018402));
#207065=CARTESIAN_POINT('Control Point',(4143.52265066,1921.7975557,258.221956483));
#207066=CARTESIAN_POINT('Control Point',(4135.3,1912.60701133,255.889966322));
#207067=CARTESIAN_POINT('Control Point',(4135.3,1913.94258473,255.79802924));
#207068=CARTESIAN_POINT('Control Point',(4135.54755309,1915.27817296,255.706091138));
#207069=CARTESIAN_POINT('Control Point',(4136.04295307,1916.55278471,255.618350477));
#207070=CARTESIAN_POINT('Control Point',(4137.48224314,1918.85869276,255.459618273));
#207071=CARTESIAN_POINT('Control Point',(4139.6529106,1920.49863804,255.346728989));
#207072=CARTESIAN_POINT('Control Point',(4140.88010717,1921.10690531,255.304857523));
#207073=CARTESIAN_POINT('Control Point',(4142.19074421,1921.47449216,255.279553794));
#207074=CARTESIAN_POINT('Control Point',(4143.52391345,1921.59613541,255.27118011));
#207075=CARTESIAN_POINT('Control Point',(4135.3,1912.49607187,254.28693038));
#207076=CARTESIAN_POINT('Control Point',(4135.3,1913.83164892,254.194039228));
#207077=CARTESIAN_POINT('Control Point',(4135.54757879,1915.1672408,254.101147044));
#207078=CARTESIAN_POINT('Control Point',(4136.04303026,1916.44184969,254.012496302));
#207079=CARTESIAN_POINT('Control Point',(4137.48246486,1918.74772615,253.852119501));
#207080=CARTESIAN_POINT('Control Point',(4139.65332714,1920.38757544,253.738065705));
#207081=CARTESIAN_POINT('Control Point',(4140.88062558,1920.99577534,253.695764523));
#207082=CARTESIAN_POINT('Control Point',(4142.19135781,1921.36327551,253.670204307));
#207083=CARTESIAN_POINT('Control Point',(4143.52460562,1921.48481691,253.661750833));
#207084=CARTESIAN_POINT('Control Point',(4135.3,1911.75153599,243.663239612));
#207085=CARTESIAN_POINT('Control Point',(4135.3,1913.08713373,243.56407808));
#207086=CARTESIAN_POINT('Control Point',(4135.54774851,1914.42274633,243.464915445));
#207087=CARTESIAN_POINT('Control Point',(4136.04354,1915.69733309,243.370283519));
#207088=CARTESIAN_POINT('Control Point',(4137.48392916,1918.00299513,243.19909856));
#207089=CARTESIAN_POINT('Control Point',(4139.65607801,1919.64220639,243.077392712));
#207090=CARTESIAN_POINT('Control Point',(4140.88404925,1920.24995981,243.032268298));
#207091=CARTESIAN_POINT('Control Point',(4142.19541005,1920.61688658,243.005023605));
#207092=CARTESIAN_POINT('Control Point',(4143.52917675,1920.73775512,242.996047157));
#207093=CARTESIAN_POINT('Control Point',(4135.3,1910.94498519,233.043699369));
#207094=CARTESIAN_POINT('Control Point',(4135.3,1912.28056367,232.938282464));
#207095=CARTESIAN_POINT('Control Point',(4135.54791665,1913.61615704,232.832864385));
#207096=CARTESIAN_POINT('Control Point',(4136.04404504,1914.89068392,232.732266059));
#207097=CARTESIAN_POINT('Control Point',(4137.48537988,1917.19606485,232.550301615));
#207098=CARTESIAN_POINT('Control Point',(4139.65880308,1918.83459521,232.420969463));
#207099=CARTESIAN_POINT('Control Point',(4140.88744063,1919.44188822,232.37303368));
#207100=CARTESIAN_POINT('Control Point',(4142.19942376,1919.80823608,232.344115025));
#207101=CARTESIAN_POINT('Control Point',(4143.53370396,1919.92843459,232.334624403));
#207102=CARTESIAN_POINT('Control Point',(4135.3,1910.215536,224.029194172));
#207103=CARTESIAN_POINT('Control Point',(4135.3,1911.55107013,223.918475391));
#207104=CARTESIAN_POINT('Control Point',(4135.54805854,1912.88661918,223.807755374));
#207105=CARTESIAN_POINT('Control Point',(4136.04447119,1914.16106874,223.702100434));
#207106=CARTESIAN_POINT('Control Point',(4137.48660398,1916.46616398,223.511001617));
#207107=CARTESIAN_POINT('Control Point',(4139.66110226,1918.10408539,223.375210962));
#207108=CARTESIAN_POINT('Control Point',(4140.89030184,1918.71097719,223.324896008));
#207109=CARTESIAN_POINT('Control Point',(4142.20280982,1919.07682898,223.294563203));
#207110=CARTESIAN_POINT('Control Point',(4143.53752288,1919.19645978,223.284642198));
#207111=CARTESIAN_POINT('Control Point',(4135.3,1908.66775477,206.006916238));
#207112=CARTESIAN_POINT('Control Point',(4135.3,1910.00314423,205.885607333));
#207113=CARTESIAN_POINT('Control Point',(4135.54834061,1911.33854865,205.76429707));
#207114=CARTESIAN_POINT('Control Point',(4136.0453184,1912.61279055,205.648542563));
#207115=CARTESIAN_POINT('Control Point',(4137.48903744,1914.91722038,205.439202439));
#207116=CARTESIAN_POINT('Control Point',(4139.66567254,1916.55386212,205.290521863));
#207117=CARTESIAN_POINT('Control Point',(4140.8959891,1917.15993083,205.235461884));
#207118=CARTESIAN_POINT('Control Point',(4142.20953986,1917.52478123,205.202313551));
#207119=CARTESIAN_POINT('Control Point',(4143.54511267,1917.64327884,205.191543518));
#207120=CARTESIAN_POINT('Control Point',(4135.3,1906.94271121,188.000729061));
#207121=CARTESIAN_POINT('Control Point',(4135.3,1908.27784364,187.868848861));
#207122=CARTESIAN_POINT('Control Point',(4135.54861929,1909.61299108,187.736967178));
#207123=CARTESIAN_POINT('Control Point',(4136.04615545,1910.88691898,187.611132365));
#207124=CARTESIAN_POINT('Control Point',(4137.49144153,1913.19049463,187.383591156));
#207125=CARTESIAN_POINT('Control Point',(4139.67018691,1914.82573284,187.222064213));
#207126=CARTESIAN_POINT('Control Point',(4140.90160629,1915.43093703,187.162281818));
#207127=CARTESIAN_POINT('Control Point',(4142.21618616,1915.79476763,187.12634095));
#207128=CARTESIAN_POINT('Control Point',(4143.55260676,1915.91213661,187.114744326));
#207129=CARTESIAN_POINT('Control Point',(4135.3,1906.03599971,179.002314622));
#207130=CARTESIAN_POINT('Control Point',(4135.3,1907.37097543,178.865151375));
#207131=CARTESIAN_POINT('Control Point',(4135.54875779,1908.70596618,178.727986584));
#207132=CARTESIAN_POINT('Control Point',(4136.04657144,1909.9797104,178.597114419));
#207133=CARTESIAN_POINT('Control Point',(4137.49263627,1912.28281162,178.360479061));
#207134=CARTESIAN_POINT('Control Point',(4139.67243018,1913.91731703,178.192537168));
#207135=CARTESIAN_POINT('Control Point',(4140.90439744,1914.52207857,178.130398211));
#207136=CARTESIAN_POINT('Control Point',(4142.21948846,1914.88539468,178.093066183));
#207137=CARTESIAN_POINT('Control Point',(4143.55633,1915.00220052,178.081061608));
#207138=CARTESIAN_POINT('Control Point',(4135.3,1904.38617422,163.397585096));
#207139=CARTESIAN_POINT('Control Point',(4135.3,1905.72082876,163.251256899));
#207140=CARTESIAN_POINT('Control Point',(4135.54899659,1907.05549838,163.104927049));
#207141=CARTESIAN_POINT('Control Point',(4136.04728868,1908.32887726,162.965316707));
#207142=CARTESIAN_POINT('Control Point',(4137.49469614,1910.63107264,162.712908218));
#207143=CARTESIAN_POINT('Control Point',(4139.67629752,1912.26425252,162.533846402));
#207144=CARTESIAN_POINT('Control Point',(4140.90920913,1912.86822808,162.467625247));
#207145=CARTESIAN_POINT('Control Point',(4142.22518098,1913.23064366,162.427887378));
#207146=CARTESIAN_POINT('Control Point',(4143.5627476,1913.34647469,162.415183845));
#207147=CARTESIAN_POINT('Control Point',(4135.3,1902.60360227,147.807801693));
#207148=CARTESIAN_POINT('Control Point',(4135.3,1903.93785144,147.652317576));
#207149=CARTESIAN_POINT('Control Point',(4135.54923299,1905.27211573,147.496831699));
#207150=CARTESIAN_POINT('Control Point',(4136.04799874,1906.54504958,147.348492735));
#207151=CARTESIAN_POINT('Control Point',(4137.4967353,1908.84619765,147.080332301));
#207152=CARTESIAN_POINT('Control Point',(4139.68012542,1910.47795908,146.890176464));
#207153=CARTESIAN_POINT('Control Point',(4140.91397138,1911.08111755,146.819887397));
#207154=CARTESIAN_POINT('Control Point',(4142.23081442,1911.44261872,146.777759074));
#207155=CARTESIAN_POINT('Control Point',(4143.5690977,1911.55747825,146.764372407));
#207156=CARTESIAN_POINT('Control Point',(4135.3,1901.82450748,141.205050788));
#207157=CARTESIAN_POINT('Control Point',(4135.3,1903.15856945,141.045686612));
#207158=CARTESIAN_POINT('Control Point',(4135.54933275,1904.49264654,140.886320629));
#207159=CARTESIAN_POINT('Control Point',(4136.04829839,1905.7653772,140.734282851));
#207160=CARTESIAN_POINT('Control Point',(4137.49759579,1908.06605553,140.459448121));
#207161=CARTESIAN_POINT('Control Point',(4139.68174062,1909.69719881,140.264593551));
#207162=CARTESIAN_POINT('Control Point',(4140.91598079,1910.30000529,140.192582417));
#207163=CARTESIAN_POINT('Control Point',(4142.2331913,1910.66111636,140.149443383));
#207164=CARTESIAN_POINT('Control Point',(4143.57177681,1910.77556475,140.1357699));
#207165=CARTESIAN_POINT('Control Point',(4135.3,1890.30287942,46.4957574198));
#207166=CARTESIAN_POINT('Control Point',(4135.3,1891.63404305,46.2807378944));
#207167=CARTESIAN_POINT('Control Point',(4135.55075836,1892.96522203,46.0657158992));
#207168=CARTESIAN_POINT('Control Point',(4136.05258031,1894.23483629,45.8606249462));
#207169=CARTESIAN_POINT('Control Point',(4137.50989197,1896.5284178,45.4900687706));
#207170=CARTESIAN_POINT('Control Point',(4139.70482014,1898.15045708,45.2278536461));
#207171=CARTESIAN_POINT('Control Point',(4140.94469206,1898.74813448,45.1311672474));
#207172=CARTESIAN_POINT('Control Point',(4142.26715181,1899.10361317,45.0735635402));
#207173=CARTESIAN_POINT('Control Point',(4143.61005314,1899.21217049,45.0558142459));
#207174=CARTESIAN_POINT('Control Point',(4135.3,1873.88612368,-47.588663086));
#207175=CARTESIAN_POINT('Control Point',(4135.30000001,1875.21120122,-47.8594371315));
#207176=CARTESIAN_POINT('Control Point',(4135.5520986,1876.53629429,-48.1302143364));
#207177=CARTESIAN_POINT('Control Point',(4136.0566059,1877.79977417,-48.3884191626));
#207178=CARTESIAN_POINT('Control Point',(4137.52144799,1880.08090025,-48.8546652518));
#207179=CARTESIAN_POINT('Control Point',(4139.72649066,1881.69031076,-49.1838261166));
#207180=CARTESIAN_POINT('Control Point',(4140.97163805,1882.28167622,-49.3048645436));
#207181=CARTESIAN_POINT('Control Point',(4142.29900291,1882.63098997,-49.3764930734));
#207182=CARTESIAN_POINT('Control Point',(4143.64592025,1882.73377324,-49.397784301));
#207183=CARTESIAN_POINT('Control Point',(4135.3,1854.42755182,-134.218844011));
#207184=CARTESIAN_POINT('Control Point',(4135.30000001,1855.7444692,-134.540812356));
#207185=CARTESIAN_POINT('Control Point',(4135.55328484,1857.06140224,-134.862784514));
#207186=CARTESIAN_POINT('Control Point',(4136.06016896,1858.3168116,-135.169731906));
#207187=CARTESIAN_POINT('Control Point',(4137.53167323,1860.58215971,-135.723679689));
#207188=CARTESIAN_POINT('Control Point',(4139.74565081,1862.17708254,-136.113883738));
#207189=CARTESIAN_POINT('Control Point',(4140.99545315,1862.76166485,-136.256989486));
#207190=CARTESIAN_POINT('Control Point',(4142.32713713,1863.1048458,-136.341124838));
#207191=CARTESIAN_POINT('Control Point',(4143.67757795,1863.20237174,-136.36523822));
#207192=CARTESIAN_POINT('Control Point',(4135.3,1830.79465078,-219.877833361));
#207193=CARTESIAN_POINT('Control Point',(4135.3,1832.10015167,-220.251902727));
#207194=CARTESIAN_POINT('Control Point',(4135.55436222,1833.40566827,-220.625976587));
#207195=CARTESIAN_POINT('Control Point',(4136.06340517,1834.64993519,-220.98251037));
#207196=CARTESIAN_POINT('Control Point',(4137.54095813,1836.894097,-221.625596889));
#207197=CARTESIAN_POINT('Control Point',(4139.76303735,1838.47110217,-222.077618757));
#207198=CARTESIAN_POINT('Control Point',(4141.01705641,1839.04780933,-222.242972569));
#207199=CARTESIAN_POINT('Control Point',(4142.35264578,1839.38445889,-222.339570675));
#207200=CARTESIAN_POINT('Control Point',(4143.70626262,1839.47701244,-222.366249011));
#207201=CARTESIAN_POINT('Control Point',(4135.3,1803.07859342,-304.203000412));
#207202=CARTESIAN_POINT('Control Point',(4135.3,1804.37028449,-304.627551089));
#207203=CARTESIAN_POINT('Control Point',(4135.55535472,1805.6619913,-305.052106935));
#207204=CARTESIAN_POINT('Control Point',(4136.06638639,1806.89286175,-305.456667203));
#207205=CARTESIAN_POINT('Control Point',(4137.54950961,1809.11188469,-306.186011633));
#207206=CARTESIAN_POINT('Control Point',(4139.7790417,1810.66851027,-306.697640502));
#207207=CARTESIAN_POINT('Control Point',(4141.03693665,1811.2365801,-306.884352659));
#207208=CARTESIAN_POINT('Control Point',(4142.37611037,1811.56645635,-306.992775788));
#207209=CARTESIAN_POINT('Control Point',(4143.73263456,1811.65430583,-307.021649994));
#207210=B_SPLINE_CURVE_WITH_KNOTS('',5,(#207211,#207212,#207213,#207214,#207215,#207216,#207217,#207218,#207219,#207220,#207221,#207222,#207223,#207224,#207225,#207226,#207227,#207228,#207229,#207230,#207231,#207232,#207233,#207234,#207235,#207236,#207237,#207238,#207239,#207240,#207241,#207242,#207243,#207244,#207245,#207246,#207247,#207248,#207249,#207250,#207251,#207252,#207253,#207254,#207255,#207256,#207257,#207258,#207259,#207260,#207261,#207262,#207263,#207264,#207265,#207266,#207267,#207268,#207269,#207270,#207271,#207272,#207273,#207274,#207275,#207276,#207277,#207278,#207279,#207280,#207281,#207282,#207283,#207284,#207285,#207286,#207287,#207288,#207289,#207290,#207291,#207292,#207293,#207294,#207295,#207296,#207297),.UNSPECIFIED.,.F.,.U.,(6,3,3,3,3,3,3,3,3,3,3,3,3,3,3,3,3,3,3,3,3,3,3,3,3,3,3,3,6),(1506.95354932,1511.56910073,1695.50301429,1700.08057228,1706.10546696,1712.13036165,1717.82570591,1719.7241998,1730.78396662,1735.49413901,1754.15346411,1760.37327422,1810.17096531,1824.81931743,1839.36333045,1848.78372622,1861.40239236,1864.66614807,1871.02586721,1877.26243394,1879.6447127,1887.23688097,1893.76623973,1912.7426454,1924.12849682,2052.27669989,2099.38336266,2723.53676901,2727.96376208),.UNSPECIFIED.);
#207211=CARTESIAN_POINT('Control Point',(4143.36708231,1919.86499872,545.342340321));
#207212=CARTESIAN_POINT('Control Point',(4143.36746514,1919.92364333,544.688454095));
#207213=CARTESIAN_POINT('Control Point',(4143.36784696,1919.98204507,544.033831265));
#207214=CARTESIAN_POINT('Control Point',(4143.36822829,1920.0401052,543.379502865));
#207215=CARTESIAN_POINT('Control Point',(4143.38379304,1922.39021417,516.749295395));
#207216=CARTESIAN_POINT('Control Point',(4143.39955668,1924.2238372,490.073584051));
#207217=CARTESIAN_POINT('Control Point',(4143.41523306,1925.51178493,464.025185752));
#207218=CARTESIAN_POINT('Control Point',(4143.43121273,1926.3089374,437.301446644));
#207219=CARTESIAN_POINT('Control Point',(4143.44746516,1926.5566824,410.571026741));
#207220=CARTESIAN_POINT('Control Point',(4143.4477912,1926.5613655,410.038999186));
#207221=CARTESIAN_POINT('Control Point',(4143.44869491,1926.57387756,408.542698848));
#207222=CARTESIAN_POINT('Control Point',(4143.44956363,1926.58454809,407.065997568));
#207223=CARTESIAN_POINT('Control Point',(4143.45004497,1926.59000357,406.234738588));
#207224=CARTESIAN_POINT('Control Point',(4143.45100509,1926.59970718,404.585449737));
#207225=CARTESIAN_POINT('Control Point',(4143.45199526,1926.60713127,402.949344547));
#207226=CARTESIAN_POINT('Control Point',(4143.45250659,1926.61030466,402.131439063));
#207227=CARTESIAN_POINT('Control Point',(4143.45353964,1926.61553471,400.53232191));
#207228=CARTESIAN_POINT('Control Point',(4143.45458225,1926.61902072,398.91056959));
#207229=CARTESIAN_POINT('Control Point',(4143.45507667,1926.62032275,398.115423774));
#207230=CARTESIAN_POINT('Control Point',(4143.45568164,1926.62153045,397.046569491));
#207231=CARTESIAN_POINT('Control Point',(4143.45612312,1926.6219073,395.971206078));
#207232=CARTESIAN_POINT('Control Point',(4143.45622381,1926.62195062,395.702033053));
#207233=CARTESIAN_POINT('Control Point',(4143.45676059,1926.6217871,393.863854877));
#207234=CARTESIAN_POINT('Control Point',(4143.45693124,1926.61905223,392.030993647));
#207235=CARTESIAN_POINT('Control Point',(4143.45811321,1926.61722938,390.465148118));
#207236=CARTESIAN_POINT('Control Point',(4143.45968316,1926.61171667,388.228360464));
#207237=CARTESIAN_POINT('Control Point',(4143.46100674,1926.60175058,385.991073639));
#207238=CARTESIAN_POINT('Control Point',(4143.461142,1926.60038666,385.722799409));
#207239=CARTESIAN_POINT('Control Point',(4143.46314147,1926.58299523,382.410168717));
#207240=CARTESIAN_POINT('Control Point',(4143.4652342,1926.55802689,379.096343625));
#207241=CARTESIAN_POINT('Control Point',(4143.46634364,1926.53243105,376.45108664));
#207242=CARTESIAN_POINT('Control Point',(4143.46805898,1926.49263292,372.925311315));
#207243=CARTESIAN_POINT('Control Point',(4143.46984534,1926.4450241,369.399438691));
#207244=CARTESIAN_POINT('Control Point',(4143.47028698,1926.43262051,368.517906525));
#207245=CARTESIAN_POINT('Control Point',(4143.47426133,1926.31647065,360.579700073));
#207246=CARTESIAN_POINT('Control Point',(4143.47813784,1926.1604441,352.652158409));
#207247=CARTESIAN_POINT('Control Point',(4143.48152325,1925.991761,345.663153509));
#207248=CARTESIAN_POINT('Control Point',(4143.48608313,1925.73234941,336.564322196));
#207249=CARTESIAN_POINT('Control Point',(4143.49084768,1925.41927408,327.443120725));
#207250=CARTESIAN_POINT('Control Point',(4143.49190077,1925.34797589,325.442532647));
#207251=CARTESIAN_POINT('Control Point',(4143.49410171,1925.19510771,321.307450246));
#207252=CARTESIAN_POINT('Control Point',(4143.49631711,1925.03063785,317.172274021));
#207253=CARTESIAN_POINT('Control Point',(4143.49741689,1924.94572839,315.112421659));
#207254=CARTESIAN_POINT('Control Point',(4143.49910539,1924.80146292,311.719106929));
#207255=CARTESIAN_POINT('Control Point',(4143.50067463,1924.65029917,308.326489288));
#207256=CARTESIAN_POINT('Control Point',(4143.50129126,1924.58892571,306.973057623));
#207257=CARTESIAN_POINT('Control Point',(4143.50273046,1924.44503072,303.85295172));
#207258=CARTESIAN_POINT('Control Point',(4143.50472164,1924.29458597,300.731623062));
#207259=CARTESIAN_POINT('Control Point',(4143.50610639,1924.20598411,298.944351378));
#207260=CARTESIAN_POINT('Control Point',(4143.50680423,1924.09121282,296.695743836));
#207261=CARTESIAN_POINT('Control Point',(4143.50719691,1923.9746219,294.450350495));
#207262=CARTESIAN_POINT('Control Point',(4143.5072665,1923.95408079,294.055642207));
#207263=CARTESIAN_POINT('Control Point',(4143.50754686,1923.88359059,292.70352418));
#207264=CARTESIAN_POINT('Control Point',(4143.5080046,1923.81366892,291.370631109));
#207265=CARTESIAN_POINT('Control Point',(4143.5084319,1923.76847677,290.513136213));
#207266=CARTESIAN_POINT('Control Point',(4143.5095259,1923.67689493,288.792314178));
#207267=CARTESIAN_POINT('Control Point',(4143.51092535,1923.5820293,287.055503332));
#207268=CARTESIAN_POINT('Control Point',(4143.51165084,1923.53402069,286.190132758));
#207269=CARTESIAN_POINT('Control Point',(4143.51263148,1923.46540644,284.973166788));
#207270=CARTESIAN_POINT('Control Point',(4143.51351863,1923.3950669,283.7514764));
#207271=CARTESIAN_POINT('Control Point',(4143.51382728,1923.36942568,283.308961169));
#207272=CARTESIAN_POINT('Control Point',(4143.51474658,1923.28706301,281.896247607));
#207273=CARTESIAN_POINT('Control Point',(4143.51538817,1923.20297963,280.484430774));
#207274=CARTESIAN_POINT('Control Point',(4143.51565606,1923.1381782,279.410609305));
#207275=CARTESIAN_POINT('Control Point',(4143.51591017,1923.01684191,277.414773029));
#207276=CARTESIAN_POINT('Control Point',(4143.51602347,1922.89469468,275.420779951));
#207277=CARTESIAN_POINT('Control Point',(4143.51621416,1922.79224894,273.750081441));
#207278=CARTESIAN_POINT('Control Point',(4143.51710228,1922.57100216,270.14753607));
#207279=CARTESIAN_POINT('Control Point',(4143.51898042,1922.34543003,266.539432749));
#207280=CARTESIAN_POINT('Control Point',(4143.5201942,1922.17213871,263.855421518));
#207281=CARTESIAN_POINT('Control Point',(4143.52207667,1921.88911034,259.563217956));
#207282=CARTESIAN_POINT('Control Point',(4143.52391345,1921.59613541,255.27118011));
#207283=CARTESIAN_POINT('Control Point',(4143.52460562,1921.48481691,253.661750833));
#207284=CARTESIAN_POINT('Control Point',(4143.53305816,1920.1034145,233.93964898));
#207285=CARTESIAN_POINT('Control Point',(4143.54136051,1918.50913562,214.232184553));
#207286=CARTESIAN_POINT('Control Point',(4143.54891058,1916.86634586,196.142732983));
#207287=CARTESIAN_POINT('Control Point',(4143.559088,1914.37748343,171.434834748));
#207288=CARTESIAN_POINT('Control Point',(4143.5690977,1911.55747825,146.764372407));
#207289=CARTESIAN_POINT('Control Point',(4143.57177685,1910.77556556,140.135772182));
#207290=CARTESIAN_POINT('Control Point',(4143.6097838,1899.29337896,45.7236076862));
#207291=CARTESIAN_POINT('Control Point',(4143.6454228,1882.96515402,-48.0705042773));
#207292=CARTESIAN_POINT('Control Point',(4143.67683484,1863.64347808,-134.396877599));
#207293=CARTESIAN_POINT('Control Point',(4143.70561451,1840.02609634,-220.373220786));
#207294=CARTESIAN_POINT('Control Point',(4143.73201011,1812.31211128,-305.017488353));
#207295=CARTESIAN_POINT('Control Point',(4143.73219588,1812.1167217,-305.613558623));
#207296=CARTESIAN_POINT('Control Point',(4143.73238157,1811.92112924,-306.209560462));
#207297=CARTESIAN_POINT('Control Point',(4143.73256722,1811.72533641,-306.805491358));
#207298=CARTESIAN_POINT('Vertex',(4143.73256722,1811.72533908,-306.805492233));
#207299=VERTEX_POINT('',#207298);
#207300=EDGE_CURVE('',#206193,#207299,#207210,.T.);
#207301=B_SPLINE_CURVE_WITH_KNOTS('',5,(#207302,#207303,#207304,#207305,#207306,#207307),.UNSPECIFIED.,.F.,.U.,(6,6),(0.,12.8128407903),.UNSPECIFIED.);
#207302=CARTESIAN_POINT('Control Point',(4135.3,1803.07859342,-304.20300041));
#207303=CARTESIAN_POINT('Control Point',(4135.3,1805.68349342,-304.986950997));
#207304=CARTESIAN_POINT('Control Point',(4136.32164327,1808.29080408,-305.771838906));
#207305=CARTESIAN_POINT('Control Point',(4138.36774732,1810.39137624,-306.403910715));
#207306=CARTESIAN_POINT('Control Point',(4141.01552553,1811.54791458,-306.752049191));
#207307=CARTESIAN_POINT('Control Point',(4143.73256721,1811.72534921,-306.805452413));
#207308=EDGE_CURVE('',#204061,#207299,#207301,.T.);
#207309=EDGE_LOOP('',(#207310,#207311,#207312,#207313));
#207310=ORIENTED_EDGE('',*,*,#204062,.F.);
#207311=ORIENTED_EDGE('',*,*,#206202,.T.);
#207312=ORIENTED_EDGE('',*,*,#207300,.T.);
#207313=ORIENTED_EDGE('',*,*,#207308,.F.);
#207314=FACE_OUTER_BOUND('',#207309,.T.);
#207315=ADVANCED_FACE('PartBody',(#207314),#206210,.F.);
#207316=B_SPLINE_SURFACE_WITH_KNOTS('',5,5,((#207317,#207318,#207319,#207320,#207321,#207322,#207323,#207324,#207325),(#207326,#207327,#207328,#207329,#207330,#207331,#207332,#207333,#207334),(#207335,#207336,#207337,#207338,#207339,#207340,#207341,#207342,#207343),(#207344,#207345,#207346,#207347,#207348,#207349,#207350,#207351,#207352),(#207353,#207354,#207355,#207356,#207357,#207358,#207359,#207360,#207361),(#207362,#207363,#207364,#207365,#207366,#207367,#207368,#207369,#207370),(#207371,#207372,#207373,#207374,#207375,#207376,#207377,#207378,#207379),(#207380,#207381,#207382,#207383,#207384,#207385,#207386,#207387,#207388),(#207389,#207390,#207391,#207392,#207393,#207394,#207395,#207396,#207397)),.UNSPECIFIED.,.F.,.F.,.U.,(6,3,6),(6,3,6),(1235.69560372,1271.46147381,1307.2273439),(0.,4.524,9.048),.UNSPECIFIED.);
#207317=CARTESIAN_POINT('Control Point',(4135.3,1803.07859342,-304.20300041));
#207318=CARTESIAN_POINT('Control Point',(4135.3,1804.39042324,-304.562030315));
#207319=CARTESIAN_POINT('Control Point',(4135.55550534,1805.70226906,-304.921064598));
#207320=CARTESIAN_POINT('Control Point',(4136.0668388,1806.9522935,-305.263179215));
#207321=CARTESIAN_POINT('Control Point',(4137.55080731,1809.20569517,-305.879904476));
#207322=CARTESIAN_POINT('Control Point',(4139.7814703,1810.78601412,-306.312416188));
#207323=CARTESIAN_POINT('Control Point',(4141.03995335,1811.36254558,-306.470204974));
#207324=CARTESIAN_POINT('Control Point',(4142.37967087,1811.69706462,-306.561758268));
#207325=CARTESIAN_POINT('Control Point',(4143.73663608,1811.7857036,-306.586017544));
#207326=CARTESIAN_POINT('Control Point',(4135.3,1801.74597198,-309.072155069));
#207327=CARTESIAN_POINT('Control Point',(4135.3,1803.05717524,-309.434026048));
#207328=CARTESIAN_POINT('Control Point',(4135.55556005,1804.36839451,-309.795901443));
#207329=CARTESIAN_POINT('Control Point',(4136.06700313,1805.61780865,-310.14071965));
#207330=CARTESIAN_POINT('Control Point',(4137.55127869,1807.87005486,-310.762303503));
#207331=CARTESIAN_POINT('Control Point',(4139.78235243,1809.4494098,-311.198180507));
#207332=CARTESIAN_POINT('Control Point',(4141.04104907,1810.02552238,-311.357178627));
#207333=CARTESIAN_POINT('Control Point',(4142.38096408,1810.35969993,-311.449406665));
#207334=CARTESIAN_POINT('Control Point',(4143.73808941,1810.44808586,-311.473800241));
#207335=CARTESIAN_POINT('Control Point',(4135.3,1800.40026806,-313.936579319));
#207336=CARTESIAN_POINT('Control Point',(4135.3,1801.71074705,-314.301602687));
#207337=CARTESIAN_POINT('Control Point',(4135.55561331,1803.02124205,-314.666630512));
#207338=CARTESIAN_POINT('Control Point',(4136.06716313,1804.26995315,-315.014448979));
#207339=CARTESIAN_POINT('Control Point',(4137.55173761,1806.52087823,-315.641426321));
#207340=CARTESIAN_POINT('Control Point',(4139.78321122,1808.09915725,-316.081044));
#207341=CARTESIAN_POINT('Control Point',(4141.04211579,1808.67481197,-316.241388515));
#207342=CARTESIAN_POINT('Control Point',(4142.38222302,1809.00862815,-316.334370992));
#207343=CARTESIAN_POINT('Control Point',(4143.7395042,1809.09676027,-316.358920261));
#207344=CARTESIAN_POINT('Control Point',(4135.3,1799.04037957,-318.799683964));
#207345=CARTESIAN_POINT('Control Point',(4135.3,1800.35023085,-319.167481197));
#207346=CARTESIAN_POINT('Control Point',(4135.55566718,1801.66009814,-319.535282923));
#207347=CARTESIAN_POINT('Control Point',(4136.06732495,1802.90819808,-319.885740847));
#207348=CARTESIAN_POINT('Control Point',(4137.55220176,1805.15796712,-320.51746079));
#207349=CARTESIAN_POINT('Control Point',(4139.78407976,1806.73528449,-320.960361373));
#207350=CARTESIAN_POINT('Control Point',(4141.0431946,1807.31052238,-321.121884707));
#207351=CARTESIAN_POINT('Control Point',(4142.38349621,1807.64400004,-321.215523558));
#207352=CARTESIAN_POINT('Control Point',(4143.74093494,1807.73188284,-321.24020116));
#207353=CARTESIAN_POINT('Control Point',(4135.3,1796.29385039,-328.518236425));
#207354=CARTESIAN_POINT('Control Point',(4135.3,1797.60232076,-328.891959397));
#207355=CARTESIAN_POINT('Control Point',(4135.55577317,1798.91080714,-329.265686941));
#207356=CARTESIAN_POINT('Control Point',(4136.0676433,1800.15756563,-329.621783955));
#207357=CARTESIAN_POINT('Control Point',(4137.55311486,1802.40480976,-330.26363828));
#207358=CARTESIAN_POINT('Control Point',(4139.78578836,1803.98005993,-330.713559648));
#207359=CARTESIAN_POINT('Control Point',(4141.04531679,1804.55441403,-330.877606482));
#207360=CARTESIAN_POINT('Control Point',(4142.3860007,1804.88718898,-330.972654133));
#207361=CARTESIAN_POINT('Control Point',(4143.74374927,1804.97457201,-330.997613553));
#207362=CARTESIAN_POINT('Control Point',(4135.3,1793.49361713,-338.221578166));
#207363=CARTESIAN_POINT('Control Point',(4135.3,1794.80070515,-338.601095938));
#207364=CARTESIAN_POINT('Control Point',(4135.55587821,1796.10780918,-338.980618358));
#207365=CARTESIAN_POINT('Control Point',(4136.06795884,1797.35322515,-339.342229469));
#207366=CARTESIAN_POINT('Control Point',(4137.5540199,1799.59794368,-339.993991937));
#207367=CARTESIAN_POINT('Control Point',(4139.78748177,1801.1711296,-340.450772887));
#207368=CARTESIAN_POINT('Control Point',(4141.04742005,1801.74460248,-340.617283299));
#207369=CARTESIAN_POINT('Control Point',(4142.38848275,1802.07667844,-340.713703359));
#207370=CARTESIAN_POINT('Control Point',(4143.74653821,1802.16356638,-340.73893228));
#207371=CARTESIAN_POINT('Control Point',(4135.3,1792.08037373,-343.068445929));
#207372=CARTESIAN_POINT('Control Point',(4135.3,1793.38674355,-343.450923629));
#207373=CARTESIAN_POINT('Control Point',(4135.55593029,1794.69312938,-343.833406015));
#207374=CARTESIAN_POINT('Control Point',(4136.06811526,1795.93784848,-344.197833717));
#207375=CARTESIAN_POINT('Control Point',(4137.55446854,1798.18125855,-344.854657428));
#207376=CARTESIAN_POINT('Control Point',(4139.78832119,1799.75338178,-345.314942867));
#207377=CARTESIAN_POINT('Control Point',(4141.04846262,1800.32640355,-345.482712119));
#207378=CARTESIAN_POINT('Control Point',(4142.38971304,1800.65812487,-345.579833787));
#207379=CARTESIAN_POINT('Control Point',(4143.74792058,1800.74476547,-345.605201056));
#207380=CARTESIAN_POINT('Control Point',(4135.3,1790.65410477,-347.910102713));
#207381=CARTESIAN_POINT('Control Point',(4135.3,1791.9597559,-348.295508739));
#207382=CARTESIAN_POINT('Control Point',(4135.5559822,1793.26542304,-348.680919491));
#207383=CARTESIAN_POINT('Control Point',(4136.06827119,1794.50944483,-349.048133614));
#207384=CARTESIAN_POINT('Control Point',(4137.55491575,1796.75154593,-349.709963935));
#207385=CARTESIAN_POINT('Control Point',(4139.78915791,1798.3226068,-350.17371488));
#207386=CARTESIAN_POINT('Control Point',(4141.04950182,1798.89517788,-350.342728455));
#207387=CARTESIAN_POINT('Control Point',(4142.39093933,1799.22654523,-350.440542879));
#207388=CARTESIAN_POINT('Control Point',(4143.74929841,1799.3129394,-350.466045445));
#207389=CARTESIAN_POINT('Control Point',(4135.3,1789.21453881,-352.7475581));
#207390=CARTESIAN_POINT('Control Point',(4135.3,1790.51946371,-353.13588736));
#207391=CARTESIAN_POINT('Control Point',(4135.55603398,1791.82440462,-353.524221384));
#207392=CARTESIAN_POINT('Control Point',(4136.06842672,1793.06772198,-353.894217015));
#207393=CARTESIAN_POINT('Control Point',(4137.55536183,1795.30850146,-354.561044842));
#207394=CARTESIAN_POINT('Control Point',(4139.78999248,1796.87849168,-355.028254212));
#207395=CARTESIAN_POINT('Control Point',(4141.05053833,1797.45060929,-355.198509226));
#207396=CARTESIAN_POINT('Control Point',(4142.39216242,1797.78162146,-355.297014288));
#207397=CARTESIAN_POINT('Control Point',(4143.75067259,1797.86776949,-355.322650861));
#207398=B_SPLINE_CURVE_WITH_KNOTS('',5,(#207399,#207400,#207401,#207402,#207403,#207404),.UNSPECIFIED.,.F.,.U.,(6,6),(0.,16.3467748121),.UNSPECIFIED.);
#207399=CARTESIAN_POINT('Control Point',(4143.75065841,1797.88268855,-355.272512106));
#207400=CARTESIAN_POINT('Control Point',(4141.03370082,1797.71037811,-355.221286789));
#207401=CARTESIAN_POINT('Control Point',(4138.38199866,1796.56063914,-354.879486592));
#207402=CARTESIAN_POINT('Control Point',(4136.32180441,1794.45077455,-354.252255402));
#207403=CARTESIAN_POINT('Control Point',(4135.3,1791.83874881,-353.475739217));
#207404=CARTESIAN_POINT('Control Point',(4135.3,1789.22874341,-352.699823649));
#207405=CARTESIAN_POINT('Vertex',(4143.75065841,1797.88268855,-355.272512106));
#207406=VERTEX_POINT('',#207405);
#207407=EDGE_CURVE('',#207406,#204074,#207398,.T.);
#207408=B_SPLINE_CURVE_WITH_KNOTS('',5,(#207409,#207410,#207411,#207412,#207413,#207414,#207415,#207416,#207417),.UNSPECIFIED.,.F.,.U.,(6,3,6),(1236.01697137,1236.74973356,1307.15349604),.UNSPECIFIED.);
#207409=CARTESIAN_POINT('Control Point',(4143.73670128,1811.72559742,-306.805609553));
#207410=CARTESIAN_POINT('Control Point',(4143.73673098,1811.69818209,-306.905749674));
#207411=CARTESIAN_POINT('Control Point',(4143.73676064,1811.67076076,-307.005889808));
#207412=CARTESIAN_POINT('Control Point',(4143.73679026,1811.6433335,-307.106029554));
#207413=CARTESIAN_POINT('Control Point',(4143.73966432,1808.98012942,-316.82750548));
#207414=CARTESIAN_POINT('Control Point',(4143.74247633,1806.26347158,-326.534654699));
#207415=CARTESIAN_POINT('Control Point',(4143.74523404,1803.52008112,-336.135834899));
#207416=CARTESIAN_POINT('Control Point',(4143.74795331,1800.72723393,-345.71239907));
#207417=CARTESIAN_POINT('Control Point',(4143.75065841,1797.88268855,-355.272512106));
#207418=EDGE_CURVE('',#207299,#207406,#207408,.T.);
#207419=EDGE_LOOP('',(#207420,#207421,#207422,#207423));
#207420=ORIENTED_EDGE('',*,*,#207407,.T.);
#207421=ORIENTED_EDGE('',*,*,#204075,.F.);
#207422=ORIENTED_EDGE('',*,*,#207308,.T.);
#207423=ORIENTED_EDGE('',*,*,#207418,.T.);
#207424=FACE_OUTER_BOUND('',#207419,.T.);
#207425=ADVANCED_FACE('PartBody',(#207424),#207316,.F.);
#207426=CARTESIAN_POINT('Axis2P3D Location',(4135.3,1808.81569123,-358.522730283));
#207427=DIRECTION('Axis2P3D Direction',(-0.,0.284959476253,0.958539564595));
#207428=DIRECTION('Axis2P3D XDirection',(0.,-0.958539564595,0.284959476253));
#207429=AXIS2_PLACEMENT_3D('Plane Axis2P3D',#207426,#207427,#207428);
#207430=PLANE('',#207429);
#207431=B_SPLINE_CURVE_WITH_KNOTS('',5,(#207432,#207433,#207434,#207435,#207436,#207437,#207438,#207439,#207440),.UNSPECIFIED.,.F.,.U.,(6,3,6),(25.1727396192,28.8160235717,30.8827794434),.UNSPECIFIED.);
#207432=CARTESIAN_POINT('Control Point',(4153.99153718,1794.64354508,-354.309563197));
#207433=CARTESIAN_POINT('Control Point',(4153.9572566,1795.13760116,-354.456438681));
#207434=CARTESIAN_POINT('Control Point',(4153.92297609,1795.63165718,-354.603314148));
#207435=CARTESIAN_POINT('Control Point',(4153.88869567,1796.12571316,-354.7501896));
#207436=CARTESIAN_POINT('Control Point',(4153.83496883,1796.90003628,-354.980384282));
#207437=CARTESIAN_POINT('Control Point',(4153.78124218,1797.67435927,-355.210578926));
#207438=CARTESIAN_POINT('Control Point',(4153.76179578,1797.9546264,-355.293898153));
#207439=CARTESIAN_POINT('Control Point',(4153.7423494,1798.23489351,-355.377217374));
#207440=CARTESIAN_POINT('Control Point',(4153.72290305,1798.51516061,-355.460536591));
#207441=CARTESIAN_POINT('Vertex',(4153.99153718,1794.64354508,-354.309563197));
#207442=VERTEX_POINT('',#207441);
#207443=CARTESIAN_POINT('Vertex',(4153.72290305,1798.51516061,-355.460536591));
#207444=VERTEX_POINT('',#207443);
#207445=EDGE_CURVE('',#207442,#207444,#207431,.T.);
#207446=B_SPLINE_CURVE_WITH_KNOTS('',5,(#207447,#207448,#207449,#207450,#207451,#207452),.UNSPECIFIED.,.F.,.U.,(6,6),(15.6373506235,29.8469535652),.UNSPECIFIED.);
#207447=CARTESIAN_POINT('Control Point',(4153.99153718,1794.64354508,-354.309563197));
#207448=CARTESIAN_POINT('Control Point',(4151.99681074,1794.51702746,-354.271951402));
#207449=CARTESIAN_POINT('Control Point',(4150.00208422,1794.39051268,-354.234340452));
#207450=CARTESIAN_POINT('Control Point',(4148.00735763,1794.26400075,-354.196730347));
#207451=CARTESIAN_POINT('Control Point',(4146.01263097,1794.13749167,-354.159121088));
#207452=CARTESIAN_POINT('Control Point',(4144.01790423,1794.01098543,-354.121512675));
#207453=CARTESIAN_POINT('Vertex',(4144.01790423,1794.01098543,-354.121512675));
#207454=VERTEX_POINT('',#207453);
#207455=EDGE_CURVE('',#207442,#207454,#207446,.T.);
#207456=B_SPLINE_CURVE_WITH_KNOTS('',5,(#207457,#207458,#207459,#207460,#207461,#207462,#207463,#207464,#207465,#207466,#207467,#207468),.UNSPECIFIED.,.F.,.U.,(6,3,3,6),(0.,4.72250759816,9.44777985137,11.7673412276),.UNSPECIFIED.);
#207457=CARTESIAN_POINT('Control Point',(4144.01790423,1794.01098543,-354.121512675));
#207458=CARTESIAN_POINT('Control Point',(4143.41534158,1793.97277071,-354.110152009));
#207459=CARTESIAN_POINT('Control Point',(4142.81879833,1793.84735873,-354.072868904));
#207460=CARTESIAN_POINT('Control Point',(4142.24658,1793.63587391,-354.00999763));
#207461=CARTESIAN_POINT('Control Point',(4141.18634243,1793.05383941,-353.836967478));
#207462=CARTESIAN_POINT('Control Point',(4140.35268085,1792.19764893,-353.582434855));
#207463=CARTESIAN_POINT('Control Point',(4140.00683242,1791.71175764,-353.437986642));
#207464=CARTESIAN_POINT('Control Point',(4139.61339749,1790.92409402,-353.203826028));
#207465=CARTESIAN_POINT('Control Point',(4139.41398308,1790.0795928,-352.952768445));
#207466=CARTESIAN_POINT('Control Point',(4139.36999418,1789.79736568,-352.868866543));
#207467=CARTESIAN_POINT('Control Point',(4139.348,1789.51305461,-352.784345116));
#207468=CARTESIAN_POINT('Control Point',(4139.348,1789.22874341,-352.699823649));
#207469=EDGE_CURVE('',#207454,#205672,#207456,.T.);
#207470=CARTESIAN_POINT('Line Origine',(4137.324,1781.18146934,-350.307489424));
#207471=DIRECTION('Vector Direction',(1.,0.,0.));
#207472=VECTOR('Line Direction',#207471,1.);
#207473=LINE('Line',#207470,#207472);
#207474=EDGE_CURVE('',#204081,#205666,#207473,.T.);
#207475=B_SPLINE_CURVE_WITH_KNOTS('',5,(#207476,#207477,#207478,#207479,#207480,#207481),.UNSPECIFIED.,.F.,.U.,(6,6),(15.6392850765,29.8469352395),.UNSPECIFIED.);
#207476=CARTESIAN_POINT('Control Point',(4153.72290305,1798.51516061,-355.460536591));
#207477=CARTESIAN_POINT('Control Point',(4151.72845427,1798.38866048,-355.422929993));
#207478=CARTESIAN_POINT('Control Point',(4149.73400541,1798.2621632,-355.385324245));
#207479=CARTESIAN_POINT('Control Point',(4147.73955648,1798.13566879,-355.347719348));
#207480=CARTESIAN_POINT('Control Point',(4145.74510748,1798.00917724,-355.310115301));
#207481=CARTESIAN_POINT('Control Point',(4143.75065841,1797.88268855,-355.272512106));
#207482=EDGE_CURVE('',#207444,#207406,#207475,.T.);
#207483=EDGE_LOOP('',(#207484,#207485,#207486,#207487,#207488,#207489,#207490,#207491));
#207484=ORIENTED_EDGE('',*,*,#207445,.F.);
#207485=ORIENTED_EDGE('',*,*,#207455,.T.);
#207486=ORIENTED_EDGE('',*,*,#207469,.T.);
#207487=ORIENTED_EDGE('',*,*,#205673,.T.);
#207488=ORIENTED_EDGE('',*,*,#207474,.F.);
#207489=ORIENTED_EDGE('',*,*,#204082,.F.);
#207490=ORIENTED_EDGE('',*,*,#207407,.F.);
#207491=ORIENTED_EDGE('',*,*,#207482,.F.);
#207492=FACE_OUTER_BOUND('',#207483,.T.);
#207493=ADVANCED_FACE('PartBody',(#207492),#207430,.F.);
#207494=B_SPLINE_SURFACE_WITH_KNOTS('',3,5,((#207495,#207496,#207497,#207498,#207499,#207500,#207501,#207502,#207503),(#207504,#207505,#207506,#207507,#207508,#207509,#207510,#207511,#207512),(#207513,#207514,#207515,#207516,#207517,#207518,#207519,#207520,#207521),(#207522,#207523,#207524,#207525,#207526,#207527,#207528,#207529,#207530)),.UNSPECIFIED.,.F.,.F.,.U.,(4,4),(6,3,6),(25.1441208157,30.8827794434),(0.,5.5,11.),.UNSPECIFIED.);
#207495=CARTESIAN_POINT('Control Point',(4164.96863477,1798.45884443,-343.966442262));
#207496=CARTESIAN_POINT('Control Point',(4164.96886931,1797.96644212,-345.622827593));
#207497=CARTESIAN_POINT('Control Point',(4164.63060147,1797.45243873,-347.272867967));
#207498=CARTESIAN_POINT('Control Point',(4163.95331018,1796.94215924,-348.831254275));
#207499=CARTESIAN_POINT('Control Point',(4161.99381322,1795.98410098,-351.59660213));
#207500=CARTESIAN_POINT('Control Point',(4159.07682179,1795.2384135,-353.424104222));
#207501=CARTESIAN_POINT('Control Point',(4157.44134349,1794.94065839,-354.043966448));
#207502=CARTESIAN_POINT('Control Point',(4155.71709988,1794.73406228,-354.336472607));
#207503=CARTESIAN_POINT('Control Point',(4153.99288359,1794.62414048,-354.3037945));
#207504=CARTESIAN_POINT('Control Point',(4164.87864076,1799.75597705,-344.351589163));
#207505=CARTESIAN_POINT('Control Point',(4164.87894612,1799.26356638,-346.008019122));
#207506=CARTESIAN_POINT('Control Point',(4164.54073139,1798.74954964,-347.65811718));
#207507=CARTESIAN_POINT('Control Point',(4163.86347179,1798.23925355,-349.216567472));
#207508=CARTESIAN_POINT('Control Point',(4161.90399597,1797.28116038,-351.982039813));
#207509=CARTESIAN_POINT('Control Point',(4158.98695597,1796.5354425,-353.80963598));
#207510=CARTESIAN_POINT('Control Point',(4157.35143953,1796.23767532,-354.429531688));
#207511=CARTESIAN_POINT('Control Point',(4155.62715081,1796.03107179,-354.722054137));
#207512=CARTESIAN_POINT('Control Point',(4153.90288942,1795.92114762,-354.689375326));
#207513=CARTESIAN_POINT('Control Point',(4164.78864738,1801.05310901,-344.7367367));
#207514=CARTESIAN_POINT('Control Point',(4164.78902343,1800.56069,-346.393211205));
#207515=CARTESIAN_POINT('Control Point',(4164.45086173,1800.04665994,-348.043366843));
#207516=CARTESIAN_POINT('Control Point',(4163.77363377,1799.53634727,-349.601881006));
#207517=CARTESIAN_POINT('Control Point',(4161.81417906,1798.57821925,-352.367477613));
#207518=CARTESIAN_POINT('Control Point',(4158.89709058,1797.83247103,-354.195167692));
#207519=CARTESIAN_POINT('Control Point',(4157.26153608,1797.5346918,-354.815096825));
#207520=CARTESIAN_POINT('Control Point',(4155.53720232,1797.32808086,-355.107635535));
#207521=CARTESIAN_POINT('Control Point',(4153.81289591,1797.21815434,-355.074956023));
#207522=CARTESIAN_POINT('Control Point',(4164.69865463,1802.35024032,-345.121884869));
#207523=CARTESIAN_POINT('Control Point',(4164.69910124,1801.85781299,-346.778403838));
#207524=CARTESIAN_POINT('Control Point',(4164.36099248,1801.34376962,-348.428616952));
#207525=CARTESIAN_POINT('Control Point',(4163.68379613,1800.8334404,-349.987194873));
#207526=CARTESIAN_POINT('Control Point',(4161.72436249,1799.8752776,-352.752915531));
#207527=CARTESIAN_POINT('Control Point',(4158.80722561,1799.12949909,-354.58069936));
#207528=CARTESIAN_POINT('Control Point',(4157.17163312,1798.83170782,-355.20066186));
#207529=CARTESIAN_POINT('Control Point',(4155.44725441,1798.6250895,-355.493216804));
#207530=CARTESIAN_POINT('Control Point',(4153.72290305,1798.51516061,-355.460536591));
#207531=B_SPLINE_CURVE_WITH_KNOTS('',5,(#207532,#207533,#207534,#207535,#207536,#207537,#207538,#207539,#207540),.UNSPECIFIED.,.F.,.U.,(6,3,6),(25.1441208157,28.8160235717,30.8542006261),.UNSPECIFIED.);
#207532=CARTESIAN_POINT('Control Point',(4164.96863477,1798.45884443,-343.966442262));
#207533=CARTESIAN_POINT('Control Point',(4164.93408496,1798.9568296,-344.114304896));
#207534=CARTESIAN_POINT('Control Point',(4164.89953523,1799.45481469,-344.262167608));
#207535=CARTESIAN_POINT('Control Point',(4164.86498558,1799.9527997,-344.410030399));
#207536=CARTESIAN_POINT('Control Point',(4164.81125844,1800.72720302,-344.639968072));
#207537=CARTESIAN_POINT('Control Point',(4164.75753149,1801.50160615,-344.869905934));
#207538=CARTESIAN_POINT('Control Point',(4164.73835402,1801.77802445,-344.95198083));
#207539=CARTESIAN_POINT('Control Point',(4164.71917657,1802.05444272,-345.034055751));
#207540=CARTESIAN_POINT('Control Point',(4164.69999914,1802.33086097,-345.116130695));
#207541=CARTESIAN_POINT('Vertex',(4164.96863477,1798.45884443,-343.966442262));
#207542=VERTEX_POINT('',#207541);
#207543=CARTESIAN_POINT('Vertex',(4164.69999914,1802.33086097,-345.116130695));
#207544=VERTEX_POINT('',#207543);
#207545=EDGE_CURVE('',#207542,#207544,#207531,.T.);
#207546=B_SPLINE_CURVE_WITH_KNOTS('',5,(#207547,#207548,#207549,#207550,#207551,#207552),.UNSPECIFIED.,.F.,.U.,(6,6),(0.,20.611362627),.UNSPECIFIED.);
#207547=CARTESIAN_POINT('Control Point',(4153.99153718,1794.64354508,-354.309563197));
#207548=CARTESIAN_POINT('Control Point',(4157.43583111,1794.86200303,-354.37450748));
#207549=CARTESIAN_POINT('Control Point',(4160.8716993,1795.46547312,-353.144601103));
#207550=CARTESIAN_POINT('Control Point',(4163.60094458,1796.41267448,-350.602430404));
#207551=CARTESIAN_POINT('Control Point',(4164.96820699,1797.48202092,-347.299814269));
#207552=CARTESIAN_POINT('Control Point',(4164.96863477,1798.45884443,-343.966442262));
#207553=EDGE_CURVE('',#207442,#207542,#207546,.T.);
#207554=B_SPLINE_CURVE_WITH_KNOTS('',5,(#207555,#207556,#207557,#207558,#207559,#207560),.UNSPECIFIED.,.F.,.U.,(6,6),(0.,20.6005586372),.UNSPECIFIED.);
#207555=CARTESIAN_POINT('Control Point',(4164.69999914,1802.33086097,-345.116130695));
#207556=CARTESIAN_POINT('Control Point',(4164.6999969,1801.35330907,-348.452011319));
#207557=CARTESIAN_POINT('Control Point',(4163.33059432,1800.28278184,-351.758140215));
#207558=CARTESIAN_POINT('Control Point',(4160.59889583,1799.3364733,-354.296622893));
#207559=CARTESIAN_POINT('Control Point',(4157.16545911,1798.73350856,-355.525448171));
#207560=CARTESIAN_POINT('Control Point',(4153.72290305,1798.51516061,-355.460536591));
#207561=EDGE_CURVE('',#207544,#207444,#207554,.T.);
#207562=EDGE_LOOP('',(#207563,#207564,#207565,#207566));
#207563=ORIENTED_EDGE('',*,*,#207545,.F.);
#207564=ORIENTED_EDGE('',*,*,#207553,.F.);
#207565=ORIENTED_EDGE('',*,*,#207445,.T.);
#207566=ORIENTED_EDGE('',*,*,#207561,.F.);
#207567=FACE_OUTER_BOUND('',#207562,.T.);
#207568=ADVANCED_FACE('PartBody',(#207567),#207494,.F.);
#207569=CARTESIAN_POINT('Axis2P3D Location',(4135.3,1779.75667196,-355.100187247));
#207570=DIRECTION('Axis2P3D Direction',(-1.,0.,0.));
#207571=DIRECTION('Axis2P3D XDirection',(0.,-0.942210202002,0.335022290666));
#207572=AXIS2_PLACEMENT_3D('Cylinder Axis2P3D',#207569,#207570,#207571);
#207573=CYLINDRICAL_SURFACE('generated cylinder',#207572,5.);
#207574=EDGE_LOOP('',(#207575,#207576,#207577,#207578));
#207575=ORIENTED_EDGE('',*,*,#204089,.T.);
#207576=ORIENTED_EDGE('',*,*,#207474,.T.);
#207577=ORIENTED_EDGE('',*,*,#205667,.F.);
#207578=ORIENTED_EDGE('',*,*,#205718,.F.);
#207579=FACE_OUTER_BOUND('',#207574,.T.);
#207580=ADVANCED_FACE('PartBody',(#207579),#207573,.F.);
#207581=B_SPLINE_SURFACE_WITH_KNOTS('',5,3,((#207582,#207583,#207584,#207585),(#207586,#207587,#207588,#207589),(#207590,#207591,#207592,#207593),(#207594,#207595,#207596,#207597),(#207598,#207599,#207600,#207601),(#207602,#207603,#207604,#207605)),.UNSPECIFIED.,.F.,.F.,.U.,(6,6),(4,4),(4611.84592464,4654.94258817),(4.99899998,74.00100002),.UNSPECIFIED.);
#207582=CARTESIAN_POINT('Control Point',(4130.30100002,1807.88894024,76.4127122108));
#207583=CARTESIAN_POINT('Control Point',(4107.30033334,1807.88897976,76.4127061348));
#207584=CARTESIAN_POINT('Control Point',(4084.29966666,1807.88899612,76.4127036208));
#207585=CARTESIAN_POINT('Control Point',(4061.29899998,1807.8889883,76.4127048234));
#207586=CARTESIAN_POINT('Control Point',(4130.30100002,1806.70228698,70.6341907445));
#207587=CARTESIAN_POINT('Control Point',(4107.30033334,1806.70232151,70.6341853295));
#207588=CARTESIAN_POINT('Control Point',(4084.29966666,1806.70233097,70.6341838304));
#207589=CARTESIAN_POINT('Control Point',(4061.29899998,1806.70232286,70.634185098));
#207590=CARTESIAN_POINT('Control Point',(4130.30100002,1805.49662762,64.8606851285));
#207591=CARTESIAN_POINT('Control Point',(4107.30033334,1805.49665511,64.8606807421));
#207592=CARTESIAN_POINT('Control Point',(4084.29966666,1805.49665849,64.8606801839));
#207593=CARTESIAN_POINT('Control Point',(4061.29899998,1805.49665127,64.8606813283));
#207594=CARTESIAN_POINT('Control Point',(4130.30100002,1804.27198527,59.092260093));
#207595=CARTESIAN_POINT('Control Point',(4107.30033334,1804.27200513,59.0922568672));
#207596=CARTESIAN_POINT('Control Point',(4084.29966666,1804.27200357,59.0922571077));
#207597=CARTESIAN_POINT('Control Point',(4061.29899998,1804.2719977,59.0922580532));
#207598=CARTESIAN_POINT('Control Point',(4130.30100002,1803.02838201,53.328977365));
#207599=CARTESIAN_POINT('Control Point',(4107.30033334,1803.02839512,53.3289751958));
#207600=CARTESIAN_POINT('Control Point',(4084.29966666,1803.02839006,53.3289760245));
#207601=CARTESIAN_POINT('Control Point',(4061.29899998,1803.0283853,53.3289768081));
#207602=CARTESIAN_POINT('Control Point',(4130.30100002,1801.76583958,47.5708975249));
#207603=CARTESIAN_POINT('Control Point',(4107.30033334,1801.76584826,47.5708960725));
#207604=CARTESIAN_POINT('Control Point',(4084.29966666,1801.76584145,47.5708972108));
#207605=CARTESIAN_POINT('Control Point',(4061.29899998,1801.76583685,47.5708979821));
#207606=B_SPLINE_CURVE_WITH_KNOTS('',5,(#207607,#207608,#207609,#207610,#207611,#207612),.UNSPECIFIED.,.F.,.U.,(6,6),(0.0894529645774,54.721272927),.UNSPECIFIED.);
#207607=CARTESIAN_POINT('Control Point',(4111.3,1807.87866914,76.3625617828));
#207608=CARTESIAN_POINT('Control Point',(4111.3,1806.63761191,70.3198463154));
#207609=CARTESIAN_POINT('Control Point',(4111.3,1805.37473997,64.2899357626));
#207610=CARTESIAN_POINT('Control Point',(4111.3,1804.38347075,59.6208333725));
#207611=CARTESIAN_POINT('Control Point',(4111.3,1803.08628771,53.5930427732));
#207612=CARTESIAN_POINT('Control Point',(4111.3,1801.76599007,47.5715648736));
#207613=CARTESIAN_POINT('Vertex',(4111.3,1807.87866914,76.3625617828));
#207614=VERTEX_POINT('',#207613);
#207615=CARTESIAN_POINT('Vertex',(4111.3,1801.76599007,47.5715648951));
#207616=VERTEX_POINT('',#207615);
#207617=EDGE_CURVE('',#207614,#207616,#207606,.T.);
#207618=B_SPLINE_CURVE_WITH_KNOTS('',3,(#207619,#207620,#207621,#207622),.UNSPECIFIED.,.F.,.U.,(4,4),(4.99999998,24.),.UNSPECIFIED.);
#207619=CARTESIAN_POINT('Control Point',(4130.30000002,1801.76598606,47.5715655673));
#207620=CARTESIAN_POINT('Control Point',(4123.96666668,1801.76598845,47.5715651674));
#207621=CARTESIAN_POINT('Control Point',(4117.63333334,1801.76598966,47.5715649639));
#207622=CARTESIAN_POINT('Control Point',(4111.3,1801.76599007,47.5715648951));
#207623=EDGE_CURVE('',#205605,#207616,#207618,.T.);
#207624=B_SPLINE_CURVE_WITH_KNOTS('',5,(#207625,#207626,#207627,#207628,#207629,#207630),.UNSPECIFIED.,.F.,.U.,(6,6),(4611.92065373,4654.94158817),.UNSPECIFIED.);
#207625=CARTESIAN_POINT('Control Point',(4130.3,1807.87865146,76.3626129284));
#207626=CARTESIAN_POINT('Control Point',(4130.3,1806.69395178,70.5942801613));
#207627=CARTESIAN_POINT('Control Point',(4130.3,1805.49031286,64.8309459678));
#207628=CARTESIAN_POINT('Control Point',(4130.3,1804.26775768,59.0726747273));
#207629=CARTESIAN_POINT('Control Point',(4130.3,1803.02630821,53.3195278399));
#207630=CARTESIAN_POINT('Control Point',(4130.3,1801.76598606,47.5715655673));
#207631=CARTESIAN_POINT('Vertex',(4130.3,1807.87865146,76.3626129284));
#207632=VERTEX_POINT('',#207631);
#207633=EDGE_CURVE('',#205605,#207632,#207624,.F.);
#207634=B_SPLINE_CURVE_WITH_KNOTS('',5,(#207635,#207636,#207637,#207638,#207639,#207640,#207641,#207642,#207643,#207644,#207645,#207646),.UNSPECIFIED.,.F.,.U.,(6,3,3,6),(70.7106880363,83.1848708029,90.7537258844,95.3632914742),.UNSPECIFIED.);
#207635=CARTESIAN_POINT('Control Point',(4111.3,1807.87866914,76.3625617828));
#207636=CARTESIAN_POINT('Control Point',(4113.06411208,1807.87866827,76.3625678229));
#207637=CARTESIAN_POINT('Control Point',(4114.82822434,1807.87866703,76.3625726181));
#207638=CARTESIAN_POINT('Control Point',(4116.59233763,1807.87866501,76.3625742179));
#207639=CARTESIAN_POINT('Control Point',(4119.42685103,1807.87865952,76.3625667469));
#207640=CARTESIAN_POINT('Control Point',(4122.26137628,1807.87864796,76.3625312221));
#207641=CARTESIAN_POINT('Control Point',(4124.90004536,1807.87863563,76.3624913185));
#207642=CARTESIAN_POINT('Control Point',(4126.62190625,1807.87858699,76.3622681942));
#207643=CARTESIAN_POINT('Control Point',(4128.34481563,1807.87867363,76.3627042503));
#207644=CARTESIAN_POINT('Control Point',(4128.99726581,1807.87872615,76.3629654795));
#207645=CARTESIAN_POINT('Control Point',(4129.65009544,1807.87875578,76.3631152892));
#207646=CARTESIAN_POINT('Control Point',(4130.3,1807.87865146,76.3626129214));
#207647=EDGE_CURVE('',#207614,#207632,#207634,.T.);
#207648=EDGE_LOOP('',(#207649,#207650,#207651,#207652));
#207649=ORIENTED_EDGE('',*,*,#207617,.T.);
#207650=ORIENTED_EDGE('',*,*,#207623,.F.);
#207651=ORIENTED_EDGE('',*,*,#207633,.T.);
#207652=ORIENTED_EDGE('',*,*,#207647,.F.);
#207653=FACE_OUTER_BOUND('',#207648,.T.);
#207654=ADVANCED_FACE('PartBody',(#207653),#207581,.F.);
#207655=B_SPLINE_CURVE_WITH_KNOTS('',5,(#207656,#207657,#207658,#207659,#207660,#207661,#207662,#207663,#207664,#207665,#207666,#207667,#207668,#207669,#207670,#207671,#207672,#207673,#207674,#207675,#207676,#207677,#207678,#207679,#207680,#207681,#207682,#207683,#207684,#207685,#207686,#207687,#207688,#207689,#207690,#207691,#207692,#207693,#207694,#207695,#207696,#207697,#207698,#207699,#207700,#207701,#207702,#207703,#207704,#207705,#207706,#207707,#207708,#207709,#207710,#207711,#207712),.UNSPECIFIED.,.F.,.U.,(6,3,3,3,3,3,3,3,3,3,3,3,3,3,3,3,3,3,6),(3348.16750698,3719.66352669,4109.51964514,4128.48046349,4135.5417283,4142.64461599,4149.87275003,4156.90712162,4176.8041657,4242.77920563,4263.28378531,4280.8215131,4289.54376254,4305.60107432,4310.0150938,4314.42674597,4331.87582512,4398.1495526,4611.99424232),.UNSPECIFIED.);
#207656=CARTESIAN_POINT('Control Point',(4135.3,1745.23086048,924.999185018));
#207657=CARTESIAN_POINT('Control Point',(4135.3,1761.1853827,877.077765915));
#207658=CARTESIAN_POINT('Control Point',(4135.3,1775.42167779,828.589070367));
#207659=CARTESIAN_POINT('Control Point',(4135.3,1787.90670289,779.617303882));
#207660=CARTESIAN_POINT('Control Point',(4135.3,1809.83134391,678.430404665));
#207661=CARTESIAN_POINT('Control Point',(4135.3,1824.03637952,575.960877303));
#207662=CARTESIAN_POINT('Control Point',(4135.3,1829.22817488,523.261240089));
#207663=CARTESIAN_POINT('Control Point',(4135.3,1832.41087562,467.881661551));
#207664=CARTESIAN_POINT('Control Point',(4135.3,1833.10480502,412.539167239));
#207665=CARTESIAN_POINT('Control Point',(4135.3,1833.13158936,409.978370412));
#207666=CARTESIAN_POINT('Control Point',(4135.3,1833.16112508,406.451448708));
#207667=CARTESIAN_POINT('Control Point',(4135.3,1833.18034821,402.917060975));
#207668=CARTESIAN_POINT('Control Point',(4135.3,1833.18479839,401.957921505));
#207669=CARTESIAN_POINT('Control Point',(4135.3,1833.19215996,400.040722922));
#207670=CARTESIAN_POINT('Control Point',(4135.3,1833.19647919,398.147313993));
#207671=CARTESIAN_POINT('Control Point',(4135.3,1833.19789909,397.20679303));
#207672=CARTESIAN_POINT('Control Point',(4135.3,1833.19946402,395.321031703));
#207673=CARTESIAN_POINT('Control Point',(4135.3,1833.19883282,393.432350388));
#207674=CARTESIAN_POINT('Control Point',(4135.3,1833.19807143,392.472251016));
#207675=CARTESIAN_POINT('Control Point',(4135.3,1833.19569029,390.558661288));
#207676=CARTESIAN_POINT('Control Point',(4135.3,1833.19108871,388.623236574));
#207677=CARTESIAN_POINT('Control Point',(4135.3,1833.18816781,387.666631685));
#207678=CARTESIAN_POINT('Control Point',(4135.3,1833.17408346,384.010607688));
#207679=CARTESIAN_POINT('Control Point',(4135.3,1833.14884476,380.368885703));
#207680=CARTESIAN_POINT('Control Point',(4135.3,1833.12437476,377.652396));
#207681=CARTESIAN_POINT('Control Point',(4135.3,1832.99859352,365.971432702));
#207682=CARTESIAN_POINT('Control Point',(4135.3,1832.77965576,354.258600041));
#207683=CARTESIAN_POINT('Control Point',(4135.3,1832.56599792,345.569563856));
#207684=CARTESIAN_POINT('Control Point',(4135.3,1832.20926654,333.767066615));
#207685=CARTESIAN_POINT('Control Point',(4135.3,1831.75916535,322.028370652));
#207686=CARTESIAN_POINT('Control Point',(4135.3,1831.64680869,319.251835243));
#207687=CARTESIAN_POINT('Control Point',(4135.3,1831.4311785,314.152409045));
#207688=CARTESIAN_POINT('Control Point',(4135.3,1831.18747233,308.800857918));
#207689=CARTESIAN_POINT('Control Point',(4135.3,1831.06560141,306.202310738));
#207690=CARTESIAN_POINT('Control Point',(4135.3,1830.88485984,302.555689351));
#207691=CARTESIAN_POINT('Control Point',(4135.3,1830.70021673,298.979663093));
#207692=CARTESIAN_POINT('Control Point',(4135.3,1830.63833982,297.789765723));
#207693=CARTESIAN_POINT('Control Point',(4135.3,1830.46094514,294.390142489));
#207694=CARTESIAN_POINT('Control Point',(4135.3,1830.27713077,290.967649397));
#207695=CARTESIAN_POINT('Control Point',(4135.3,1830.1527076,288.760232557));
#207696=CARTESIAN_POINT('Control Point',(4135.3,1829.98724747,285.974162785));
#207697=CARTESIAN_POINT('Control Point',(4135.3,1829.81587699,283.156047018));
#207698=CARTESIAN_POINT('Control Point',(4135.3,1829.77869851,282.546639566));
#207699=CARTESIAN_POINT('Control Point',(4135.3,1829.70401838,281.324694516));
#207700=CARTESIAN_POINT('Control Point',(4135.3,1829.62892895,280.098933629));
#207701=CARTESIAN_POINT('Control Point',(4135.3,1829.59135809,279.485971279));
#207702=CARTESIAN_POINT('Control Point',(4135.3,1829.40529403,276.452794873));
#207703=CARTESIAN_POINT('Control Point',(4135.3,1829.22036381,273.460927784));
#207704=CARTESIAN_POINT('Control Point',(4135.3,1829.07492222,271.164126425));
#207705=CARTESIAN_POINT('Control Point',(4135.3,1828.3315316,259.727410186));
#207706=CARTESIAN_POINT('Control Point',(4135.3,1827.53083343,248.519470589));
#207707=CARTESIAN_POINT('Control Point',(4135.3,1826.84195124,239.514123715));
#207708=CARTESIAN_POINT('Control Point',(4135.3,1823.72145933,201.331160921));
#207709=CARTESIAN_POINT('Control Point',(4135.3,1819.77365477,163.217375762));
#207710=CARTESIAN_POINT('Control Point',(4135.3,1816.28202223,134.178748791));
#207711=CARTESIAN_POINT('Control Point',(4135.3,1812.31416014,105.207876159));
#207712=CARTESIAN_POINT('Control Point',(4135.3,1807.87105194,76.3128889988));
#207713=DIRECTION('Vector Direction',(-1.,0.,0.));
#207714=VECTOR('Extrusion Surface Vector',#207713,1.);
#207715=SURFACE_OF_LINEAR_EXTRUSION('generated tabulated cylinder',#207655,#207714);
#207716=B_SPLINE_CURVE_WITH_KNOTS('',5,(#207717,#207718,#207719,#207720,#207721,#207722,#207723,#207724,#207725,#207726,#207727,#207728,#207729,#207730,#207731,#207732,#207733,#207734,#207735,#207736,#207737,#207738,#207739,#207740,#207741,#207742,#207743,#207744,#207745,#207746,#207747,#207748,#207749,#207750,#207751,#207752,#207753,#207754,#207755,#207756,#207757,#207758,#207759,#207760,#207761,#207762,#207763,#207764,#207765,#207766,#207767,#207768,#207769,#207770,#207771,#207772,#207773,#207774,#207775,#207776,#207777,#207778,#207779,#207780,#207781,#207782,#207783,#207784,#207785,#207786,#207787,#207788,#207789,#207790,#207791,#207792,#207793,#207794,#207795,#207796,#207797,#207798,#207799,#207800,#207801,#207802,#207803,#207804,#207805,#207806,#207807,#207808,#207809,#207810,#207811,#207812,#207813,#207814,#207815,#207816,#207817,#207818,#207819,#207820,#207821,#207822,#207823,#207824,#207825,#207826,#207827,#207828,#207829,#207830,#207831,#207832,#207833,#207834,#207835,#207836,#207837,#207838,#207839,#207840,#207841,#207842,#207843,#207844,#207845,#207846,#207847,#207848,#207849,#207850,#207851,#207852,#207853,#207854,#207855,#207856,#207857,#207858,#207859,#207860),.UNSPECIFIED.,.F.,.U.,(6,3,3,3,3,3,3,3,3,3,3,3,3,3,3,3,3,3,3,3,3,3,3,3,3,3,3,3,3,3,3,3,3,3,3,3,3,3,3,3,3,3,3,3,3,3,3,6),(0.,76.7270195191,153.454039038,305.87740322,458.300767402,896.010839433,916.125547997,939.414299775,951.058403512,956.894569453,962.695410088,965.270904628,973.034041214,978.814271862,984.634387041,990.39625013,1005.29870434,1028.79030917,1046.77879179,1052.28191399,1072.71778209,1083.02352748,1092.10611513,1101.18870315,1111.49412626,1123.09867719,1128.97951758,1131.8875599,1133.34158131,1134.81525846,1140.27475625,1149.51011409,1158.0228916,1163.5316659,1166.47570705,1169.09050033,1173.46118016,1177.87561408,1187.81770442,1191.05320151,1205.15661012,1207.96981621,1210.66591045,1251.10357998,1269.30046588,1283.92045455,1420.39684956,1526.58246006),.UNSPECIFIED.);
#207717=CARTESIAN_POINT('Control Point',(4111.3,1745.23086048,924.999185016));
#207718=CARTESIAN_POINT('Control Point',(4111.3,1747.95469524,916.817803863));
#207719=CARTESIAN_POINT('Control Point',(4111.3,1750.62846971,908.619825605));
#207720=CARTESIAN_POINT('Control Point',(4111.3,1753.23971898,900.4430701));
#207721=CARTESIAN_POINT('Control Point',(4111.3,1758.35155981,884.096195269));
#207722=CARTESIAN_POINT('Control Point',(4111.3,1763.26390213,867.688751921));
#207723=CARTESIAN_POINT('Control Point',(4111.3,1765.67593082,859.45151187));
#207724=CARTESIAN_POINT('Control Point',(4111.3,1772.75963168,834.693958688));
#207725=CARTESIAN_POINT('Control Point',(4111.3,1779.3875919,809.810608833));
#207726=CARTESIAN_POINT('Control Point',(4111.3,1783.60998686,793.144949355));
#207727=CARTESIAN_POINT('Control Point',(4111.3,1791.65427916,759.651769726));
#207728=CARTESIAN_POINT('Control Point',(4111.3,1798.86431459,725.9736745));
#207729=CARTESIAN_POINT('Control Point',(4111.3,1802.25153386,709.122877628));
#207730=CARTESIAN_POINT('Control Point',(4111.3,1814.50914782,643.975056646));
#207731=CARTESIAN_POINT('Control Point',(4111.3,1823.59258466,578.298718489));
#207732=CARTESIAN_POINT('Control Point',(4111.3,1828.53492239,529.394373802));
#207733=CARTESIAN_POINT('Control Point',(4111.3,1831.76690956,478.103681073));
#207734=CARTESIAN_POINT('Control Point',(4111.3,1832.87692736,426.805694695));
#207735=CARTESIAN_POINT('Control Point',(4111.3,1832.92159614,424.552514557));
#207736=CARTESIAN_POINT('Control Point',(4111.3,1833.00944342,419.670308338));
#207737=CARTESIAN_POINT('Control Point',(4111.3,1833.07821721,414.766880346));
#207738=CARTESIAN_POINT('Control Point',(4111.3,1833.10950675,412.133943909));
#207739=CARTESIAN_POINT('Control Point',(4111.3,1833.14799658,408.183443881));
#207740=CARTESIAN_POINT('Control Point',(4111.3,1833.17364528,404.233852249));
#207741=CARTESIAN_POINT('Control Point',(4111.3,1833.18075629,402.91684918));
#207742=CARTESIAN_POINT('Control Point',(4111.3,1833.1892196,400.944895767));
#207743=CARTESIAN_POINT('Control Point',(4111.3,1833.19447246,398.99275906));
#207744=CARTESIAN_POINT('Control Point',(4111.3,1833.19585797,398.351740655));
#207745=CARTESIAN_POINT('Control Point',(4111.3,1833.19799118,397.063588997));
#207746=CARTESIAN_POINT('Control Point',(4111.3,1833.1989101,395.783148476));
#207747=CARTESIAN_POINT('Control Point',(4111.3,1833.19909397,395.134351703));
#207748=CARTESIAN_POINT('Control Point',(4111.3,1833.19901989,394.213017617));
#207749=CARTESIAN_POINT('Control Point',(4111.3,1833.19849353,393.288076911));
#207750=CARTESIAN_POINT('Control Point',(4111.3,1833.19828491,392.996500414));
#207751=CARTESIAN_POINT('Control Point',(4111.3,1833.19729952,391.85122402));
#207752=CARTESIAN_POINT('Control Point',(4111.3,1833.19563909,390.698767314));
#207753=CARTESIAN_POINT('Control Point',(4111.3,1833.19399843,389.829847805));
#207754=CARTESIAN_POINT('Control Point',(4111.3,1833.19023651,388.313832701));
#207755=CARTESIAN_POINT('Control Point',(4111.3,1833.18474467,386.800798921));
#207756=CARTESIAN_POINT('Control Point',(4111.3,1833.18196244,386.13393305));
#207757=CARTESIAN_POINT('Control Point',(4111.3,1833.17585659,384.842371132));
#207758=CARTESIAN_POINT('Control Point',(4111.3,1833.16836495,383.553156632));
#207759=CARTESIAN_POINT('Control Point',(4111.3,1833.16426067,382.906544105));
#207760=CARTESIAN_POINT('Control Point',(4111.3,1833.15542884,381.619406423));
#207761=CARTESIAN_POINT('Control Point',(4111.3,1833.14531695,380.330472827));
#207762=CARTESIAN_POINT('Control Point',(4111.3,1833.13970661,379.656303857));
#207763=CARTESIAN_POINT('Control Point',(4111.3,1833.11945465,377.351359643));
#207764=CARTESIAN_POINT('Control Point',(4111.3,1833.09538983,375.037473547));
#207765=CARTESIAN_POINT('Control Point',(4111.3,1833.07606949,373.362284491));
#207766=CARTESIAN_POINT('Control Point',(4111.3,1833.02126933,369.042721086));
#207767=CARTESIAN_POINT('Control Point',(4111.3,1832.95401034,364.726279258));
#207768=CARTESIAN_POINT('Control Point',(4111.3,1832.90841786,362.095197969));
#207769=CARTESIAN_POINT('Control Point',(4111.3,1832.82007729,357.461312723));
#207770=CARTESIAN_POINT('Control Point',(4111.3,1832.71765347,352.836746603));
#207771=CARTESIAN_POINT('Control Point',(4111.3,1832.67055492,350.831293735));
#207772=CARTESIAN_POINT('Control Point',(4111.3,1832.60547273,348.209892636));
#207773=CARTESIAN_POINT('Control Point',(4111.3,1832.53576478,345.586758465));
#207774=CARTESIAN_POINT('Control Point',(4111.3,1832.52514367,345.192281347));
#207775=CARTESIAN_POINT('Control Point',(4111.3,1832.44611774,342.29482882));
#207776=CARTESIAN_POINT('Control Point',(4111.3,1832.36134152,339.391092302));
#207777=CARTESIAN_POINT('Control Point',(4111.3,1832.2908356,337.094621824));
#207778=CARTESIAN_POINT('Control Point',(4111.3,1832.17921573,333.630355354));
#207779=CARTESIAN_POINT('Control Point',(4111.3,1832.05942545,330.161663553));
#207780=CARTESIAN_POINT('Control Point',(4111.3,1832.02011895,329.048353897));
#207781=CARTESIAN_POINT('Control Point',(4111.3,1831.94124807,326.862513452));
#207782=CARTESIAN_POINT('Control Point',(4111.3,1831.85920095,324.681463585));
#207783=CARTESIAN_POINT('Control Point',(4111.3,1831.8200625,323.661031513));
#207784=CARTESIAN_POINT('Control Point',(4111.3,1831.74041423,321.623231753));
#207785=CARTESIAN_POINT('Control Point',(4111.3,1831.65798556,319.589407955));
#207786=CARTESIAN_POINT('Control Point',(4111.3,1831.6160593,318.572767319));
#207787=CARTESIAN_POINT('Control Point',(4111.3,1831.52501812,316.401715064));
#207788=CARTESIAN_POINT('Control Point',(4111.3,1831.4303885,314.220113223));
#207789=CARTESIAN_POINT('Control Point',(4111.3,1831.37901676,313.055431472));
#207790=CARTESIAN_POINT('Control Point',(4111.3,1831.26673388,310.549261604));
#207791=CARTESIAN_POINT('Control Point',(4111.3,1831.14864776,308.004661209));
#207792=CARTESIAN_POINT('Control Point',(4111.3,1831.08386708,306.635917305));
#207793=CARTESIAN_POINT('Control Point',(4111.3,1830.98597174,304.61451287));
#207794=CARTESIAN_POINT('Control Point',(4111.3,1830.88638278,302.622216471));
#207795=CARTESIAN_POINT('Control Point',(4111.3,1830.85458677,301.99258842));
#207796=CARTESIAN_POINT('Control Point',(4111.3,1830.80404478,300.999812983));
#207797=CARTESIAN_POINT('Control Point',(4111.3,1830.75312645,300.009135887));
#207798=CARTESIAN_POINT('Control Point',(4111.3,1830.73623824,299.681448835));
#207799=CARTESIAN_POINT('Control Point',(4111.3,1830.71084629,299.189925462));
#207800=CARTESIAN_POINT('Control Point',(4111.3,1830.68536494,298.698245346));
#207801=CARTESIAN_POINT('Control Point',(4111.3,1830.67686123,298.534325222));
#207802=CARTESIAN_POINT('Control Point',(4111.3,1830.65971877,298.204199823));
#207803=CARTESIAN_POINT('Control Point',(4111.3,1830.64253546,297.873910762));
#207804=CARTESIAN_POINT('Control Point',(4111.3,1830.63445442,297.718720358));
#207805=CARTESIAN_POINT('Control Point',(4111.3,1830.5936905,296.93657588));
#207806=CARTESIAN_POINT('Control Point',(4111.3,1830.55281566,296.155711619));
#207807=CARTESIAN_POINT('Control Point',(4111.3,1830.52071643,295.544583873));
#207808=CARTESIAN_POINT('Control Point',(4111.3,1830.43427434,293.907453255));
#207809=CARTESIAN_POINT('Control Point',(4111.3,1830.34809032,292.30721243));
#207810=CARTESIAN_POINT('Control Point',(4111.3,1830.29410038,291.322312259));
#207811=CARTESIAN_POINT('Control Point',(4111.3,1830.18974856,289.453872147));
#207812=CARTESIAN_POINT('Control Point',(4111.3,1830.08219105,287.595579981));
#207813=CARTESIAN_POINT('Control Point',(4111.3,1830.03017821,286.711342917));
#207814=CARTESIAN_POINT('Control Point',(4111.3,1829.94054854,285.209948842));
#207815=CARTESIAN_POINT('Control Point',(4111.3,1829.84699766,283.667410387));
#207816=CARTESIAN_POINT('Control Point',(4111.3,1829.80977225,283.055996915));
#207817=CARTESIAN_POINT('Control Point',(4111.3,1829.75181256,282.106455972));
#207818=CARTESIAN_POINT('Control Point',(4111.3,1829.69312008,281.147205151));
#207819=CARTESIAN_POINT('Control Point',(4111.3,1829.67261133,280.812211362));
#207820=CARTESIAN_POINT('Control Point',(4111.3,1829.63381074,280.178722034));
#207821=CARTESIAN_POINT('Control Point',(4111.3,1829.59496664,279.545061934));
#207822=CARTESIAN_POINT('Control Point',(4111.3,1829.56519499,279.059651925));
#207823=CARTESIAN_POINT('Control Point',(4111.3,1829.51640916,278.264724924));
#207824=CARTESIAN_POINT('Control Point',(4111.3,1829.46770485,277.472556143));
#207825=CARTESIAN_POINT('Control Point',(4111.3,1829.43575913,276.953874994));
#207826=CARTESIAN_POINT('Control Point',(4111.3,1829.37469337,275.964927786));
#207827=CARTESIAN_POINT('Control Point',(4111.3,1829.31372885,274.983597597));
#207828=CARTESIAN_POINT('Control Point',(4111.3,1829.28310295,274.492395213));
#207829=CARTESIAN_POINT('Control Point',(4111.3,1829.18343649,272.900292197));
#207830=CARTESIAN_POINT('Control Point',(4111.3,1829.08323722,271.322049055));
#207831=CARTESIAN_POINT('Control Point',(4111.3,1829.01357994,270.237001729));
#207832=CARTESIAN_POINT('Control Point',(4111.3,1828.91951644,268.787662889));
#207833=CARTESIAN_POINT('Control Point',(4111.3,1828.82382476,267.332827174));
#207834=CARTESIAN_POINT('Control Point',(4111.3,1828.7974767,266.933582476));
#207835=CARTESIAN_POINT('Control Point',(4111.3,1828.67055132,265.016439626));
#207836=CARTESIAN_POINT('Control Point',(4111.3,1828.54133613,263.095793363));
#207837=CARTESIAN_POINT('Control Point',(4111.3,1828.43438796,261.526633076));
#207838=CARTESIAN_POINT('Control Point',(4111.3,1828.30374025,259.634952402));
#207839=CARTESIAN_POINT('Control Point',(4111.3,1828.17099972,257.742685938));
#207840=CARTESIAN_POINT('Control Point',(4111.3,1828.15348197,257.493551602));
#207841=CARTESIAN_POINT('Control Point',(4111.3,1828.11005608,256.877405882));
#207842=CARTESIAN_POINT('Control Point',(4111.3,1828.06641591,256.261311634));
#207843=CARTESIAN_POINT('Control Point',(4111.3,1828.04500808,255.959821493));
#207844=CARTESIAN_POINT('Control Point',(4111.3,1827.70168339,251.136485937));
#207845=CARTESIAN_POINT('Control Point',(4111.3,1827.34503537,246.313778221));
#207846=CARTESIAN_POINT('Control Point',(4111.3,1826.99820219,241.782757692));
#207847=CARTESIAN_POINT('Control Point',(4111.3,1826.47734243,235.201382251));
#207848=CARTESIAN_POINT('Control Point',(4111.3,1825.93093206,228.61084603));
#207849=CARTESIAN_POINT('Control Point',(4111.3,1825.7589174,226.564951609));
#207850=CARTESIAN_POINT('Control Point',(4111.3,1825.44435172,222.875014605));
#207851=CARTESIAN_POINT('Control Point',(4111.3,1825.12202746,219.185440142));
#207852=CARTESIAN_POINT('Control Point',(4111.3,1824.79770226,215.531523735));
#207853=CARTESIAN_POINT('Control Point',(4111.3,1823.26646881,198.548232663));
#207854=CARTESIAN_POINT('Control Point',(4111.3,1821.5715458,181.579176014));
#207855=CARTESIAN_POINT('Control Point',(4111.3,1819.90761392,166.265786104));
#207856=CARTESIAN_POINT('Control Point',(4111.3,1816.71326167,139.066206328));
#207857=CARTESIAN_POINT('Control Point',(4111.3,1813.10060818,111.922887598));
#207858=CARTESIAN_POINT('Control Point',(4111.3,1811.43980359,100.056967951));
#207859=CARTESIAN_POINT('Control Point',(4111.3,1809.69914804,88.2033843665));
#207860=CARTESIAN_POINT('Control Point',(4111.3,1807.87868896,76.3625587353));
#207861=CARTESIAN_POINT('Vertex',(4111.3,1745.23086224,924.999185599));
#207862=VERTEX_POINT('',#207861);
#207863=EDGE_CURVE('',#207862,#207614,#207716,.T.);
#207864=B_SPLINE_CURVE_WITH_KNOTS('',5,(#207865,#207866,#207867,#207868,#207869,#207870,#207871,#207872,#207873,#207874,#207875,#207876,#207877,#207878,#207879,#207880,#207881,#207882,#207883,#207884,#207885,#207886,#207887,#207888,#207889,#207890,#207891,#207892,#207893,#207894,#207895,#207896,#207897,#207898,#207899,#207900,#207901,#207902,#207903,#207904,#207905,#207906,#207907,#207908,#207909,#207910,#207911,#207912,#207913,#207914,#207915,#207916,#207917,#207918,#207919,#207920,#207921,#207922,#207923,#207924,#207925,#207926,#207927,#207928,#207929,#207930,#207931,#207932,#207933,#207934,#207935,#207936,#207937,#207938,#207939,#207940,#207941,#207942),.UNSPECIFIED.,.F.,.U.,(6,3,3,3,3,3,3,3,3,3,3,3,3,3,3,3,3,3,3,3,3,3,3,3,3,6),(3348.16750698,3980.04408036,4059.02865203,4098.52093787,4118.26708079,4128.14015225,4138.01322371,4147.88629517,4157.75936662,4167.63243808,4177.50550954,4216.99779538,4236.7439383,4256.49008122,4266.36315267,4276.23622413,4286.10929559,4295.98236705,4305.85543851,4315.72850997,4325.60158143,4335.47465289,4374.96693872,4414.45922456,4453.9515104,4611.92065374),.UNSPECIFIED.);
#207865=CARTESIAN_POINT('Control Point',(4130.3,1745.23086048,924.999185015));
#207866=CARTESIAN_POINT('Control Point',(4130.3,1772.36786405,843.489773084));
#207867=CARTESIAN_POINT('Control Point',(4130.3,1794.53394828,760.339201302));
#207868=CARTESIAN_POINT('Control Point',(4130.3,1811.5672662,675.957528472));
#207869=CARTESIAN_POINT('Control Point',(4130.3,1824.74094303,580.113076189));
#207870=CARTESIAN_POINT('Control Point',(4130.3,1830.70956687,483.927871791));
#207871=CARTESIAN_POINT('Control Point',(4130.3,1831.28307201,473.237491749));
#207872=CARTESIAN_POINT('Control Point',(4130.3,1832.00766287,457.198881995));
#207873=CARTESIAN_POINT('Control Point',(4130.3,1832.52690926,441.158302977));
#207874=CARTESIAN_POINT('Control Point',(4130.3,1832.67707288,435.811368402));
#207875=CARTESIAN_POINT('Control Point',(4130.3,1832.86778214,427.791074032));
#207876=CARTESIAN_POINT('Control Point',(4130.3,1833.00644209,419.771277061));
#207877=CARTESIAN_POINT('Control Point',(4130.3,1833.04687225,417.096286104));
#207878=CARTESIAN_POINT('Control Point',(4130.3,1833.09876913,413.090364293));
#207879=CARTESIAN_POINT('Control Point',(4130.3,1833.13760311,409.081776355));
#207880=CARTESIAN_POINT('Control Point',(4130.3,1833.14909769,407.744621678));
#207881=CARTESIAN_POINT('Control Point',(4130.3,1833.16918019,405.066774601));
#207882=CARTESIAN_POINT('Control Point',(4130.3,1833.18333639,402.384369252));
#207883=CARTESIAN_POINT('Control Point',(4130.3,1833.18891873,401.041338371));
#207884=CARTESIAN_POINT('Control Point',(4130.3,1833.19695719,398.384505324));
#207885=CARTESIAN_POINT('Control Point',(4130.3,1833.1994426,395.781769441));
#207886=CARTESIAN_POINT('Control Point',(4130.3,1833.1994666,394.49244052));
#207887=CARTESIAN_POINT('Control Point',(4130.3,1833.19804471,391.876622783));
#207888=CARTESIAN_POINT('Control Point',(4130.3,1833.19292884,389.204155567));
#207889=CARTESIAN_POINT('Control Point',(4130.3,1833.18924555,387.857937316));
#207890=CARTESIAN_POINT('Control Point',(4130.3,1833.17874998,385.178810499));
#207891=CARTESIAN_POINT('Control Point',(4130.3,1833.16224641,382.50433601));
#207892=CARTESIAN_POINT('Control Point',(4130.3,1833.1524999,381.164959275));
#207893=CARTESIAN_POINT('Control Point',(4130.3,1833.13038671,378.479268352));
#207894=CARTESIAN_POINT('Control Point',(4130.3,1833.10318527,375.791093395));
#207895=CARTESIAN_POINT('Control Point',(4130.3,1833.08836458,374.447952713));
#207896=CARTESIAN_POINT('Control Point',(4130.3,1833.00802748,367.729206831));
#207897=CARTESIAN_POINT('Control Point',(4130.3,1832.89707003,361.005611473));
#207898=CARTESIAN_POINT('Control Point',(4130.3,1832.79064602,355.689820403));
#207899=CARTESIAN_POINT('Control Point',(4130.3,1832.60318707,347.730381608));
#207900=CARTESIAN_POINT('Control Point',(4130.3,1832.37243496,339.736016993));
#207901=CARTESIAN_POINT('Control Point',(4130.3,1832.29062085,337.064220592));
#207902=CARTESIAN_POINT('Control Point',(4130.3,1832.11705189,331.703926209));
#207903=CARTESIAN_POINT('Control Point',(4130.3,1831.92374437,326.330538158));
#207904=CARTESIAN_POINT('Control Point',(4130.3,1831.82202115,323.643732682));
#207905=CARTESIAN_POINT('Control Point',(4130.3,1831.66279083,319.645698491));
#207906=CARTESIAN_POINT('Control Point',(4130.3,1831.49189859,315.631304849));
#207907=CARTESIAN_POINT('Control Point',(4130.3,1831.43364506,314.290832162));
#207908=CARTESIAN_POINT('Control Point',(4130.3,1831.31295419,311.563906085));
#207909=CARTESIAN_POINT('Control Point',(4130.3,1831.18380644,308.755280051));
#207910=CARTESIAN_POINT('Control Point',(4130.3,1831.11722151,307.335562989));
#207911=CARTESIAN_POINT('Control Point',(4130.3,1830.98211855,304.522093868));
#207912=CARTESIAN_POINT('Control Point',(4130.3,1830.84479555,301.786760477));
#207913=CARTESIAN_POINT('Control Point',(4130.3,1830.77598465,300.446354696));
#207914=CARTESIAN_POINT('Control Point',(4130.3,1830.63681807,297.754074484));
#207915=CARTESIAN_POINT('Control Point',(4130.3,1830.49456622,295.043029521));
#207916=CARTESIAN_POINT('Control Point',(4130.3,1830.42259363,293.679994177));
#207917=CARTESIAN_POINT('Control Point',(4130.3,1830.27531941,290.959515818));
#207918=CARTESIAN_POINT('Control Point',(4130.3,1830.12100739,288.250421693));
#207919=CARTESIAN_POINT('Control Point',(4130.3,1830.04195286,286.900797222));
#207920=CARTESIAN_POINT('Control Point',(4130.3,1829.88024962,284.202630042));
#207921=CARTESIAN_POINT('Control Point',(4130.3,1829.71325401,281.474442726));
#207922=CARTESIAN_POINT('Control Point',(4130.3,1829.62887372,280.097706457));
#207923=CARTESIAN_POINT('Control Point',(4130.3,1829.46074964,277.352632792));
#207924=CARTESIAN_POINT('Control Point',(4130.3,1829.29370498,274.655019366));
#207925=CARTESIAN_POINT('Control Point',(4130.3,1829.21038798,273.323736793));
#207926=CARTESIAN_POINT('Control Point',(4130.3,1829.04185546,270.665929556));
#207927=CARTESIAN_POINT('Control Point',(4130.3,1828.86784667,267.992992032));
#207928=CARTESIAN_POINT('Control Point',(4130.3,1828.77884735,266.643470579));
#207929=CARTESIAN_POINT('Control Point',(4130.3,1828.33172893,259.936501073));
#207930=CARTESIAN_POINT('Control Point',(4130.3,1827.86308679,253.286064355));
#207931=CARTESIAN_POINT('Control Point',(4130.3,1827.47088947,247.951701752));
#207932=CARTESIAN_POINT('Control Point',(4130.3,1826.65081069,237.244865475));
#207933=CARTESIAN_POINT('Control Point',(4130.3,1825.7606722,226.485149034));
#207934=CARTESIAN_POINT('Control Point',(4130.3,1825.29855994,221.100285579));
#207935=CARTESIAN_POINT('Control Point',(4130.3,1824.34203698,210.340258193));
#207936=CARTESIAN_POINT('Control Point',(4130.3,1823.3198656,199.586256732));
#207937=CARTESIAN_POINT('Control Point',(4130.3,1822.79239241,194.210865452));
#207938=CARTESIAN_POINT('Control Point',(4130.3,1820.0731973,167.342430207));
#207939=CARTESIAN_POINT('Control Point',(4130.3,1816.94533535,140.518795844));
#207940=CARTESIAN_POINT('Control Point',(4130.3,1814.1827253,119.094180341));
#207941=CARTESIAN_POINT('Control Point',(4130.3,1811.16038004,97.7076896392));
#207942=CARTESIAN_POINT('Control Point',(4130.3,1807.87869623,76.3626060375));
#207943=CARTESIAN_POINT('Vertex',(4130.3,1745.23086118,924.999185247));
#207944=VERTEX_POINT('',#207943);
#207945=EDGE_CURVE('',#207944,#207632,#207864,.T.);
#207946=CARTESIAN_POINT('Line Origine',(4095.8,1745.23086048,924.999185014));
#207947=DIRECTION('Vector Direction',(-1.,0.,0.));
#207948=VECTOR('Line Direction',#207947,1.);
#207949=LINE('Line',#207946,#207948);
#207950=EDGE_CURVE('',#207944,#207862,#207949,.T.);
#207951=EDGE_LOOP('',(#207952,#207953,#207954,#207955));
#207952=ORIENTED_EDGE('',*,*,#207863,.T.);
#207953=ORIENTED_EDGE('',*,*,#207647,.T.);
#207954=ORIENTED_EDGE('',*,*,#207945,.F.);
#207955=ORIENTED_EDGE('',*,*,#207950,.T.);
#207956=FACE_OUTER_BOUND('',#207951,.T.);
#207957=ADVANCED_FACE('PartBody',(#207956),#207715,.F.);
#207958=B_SPLINE_SURFACE_WITH_KNOTS('',5,3,((#207959,#207960,#207961,#207962),(#207963,#207964,#207965,#207966),(#207967,#207968,#207969,#207970),(#207971,#207972,#207973,#207974),(#207975,#207976,#207977,#207978),(#207979,#207980,#207981,#207982)),.UNSPECIFIED.,.F.,.F.,.U.,(6,6),(4,4),(3326.47041027,3348.16850698),(4.99899998,74.00100002),.UNSPECIFIED.);
#207959=CARTESIAN_POINT('Control Point',(4130.30100002,1741.21197326,939.21298479));
#207960=CARTESIAN_POINT('Control Point',(4107.30033334,1741.2119834,939.212988259));
#207961=CARTESIAN_POINT('Control Point',(4084.29966666,1741.21198629,939.21298925));
#207962=CARTESIAN_POINT('Control Point',(4061.29899998,1741.21198522,939.212988883));
#207963=CARTESIAN_POINT('Control Point',(4130.30100002,1742.02788511,936.372862397));
#207964=CARTESIAN_POINT('Control Point',(4107.30033334,1742.02789392,936.372865393));
#207965=CARTESIAN_POINT('Control Point',(4084.29966666,1742.02789468,936.37286565));
#207966=CARTESIAN_POINT('Control Point',(4061.29899998,1742.02789359,936.372865277));
#207967=CARTESIAN_POINT('Control Point',(4130.30100002,1742.83775156,933.531337668));
#207968=CARTESIAN_POINT('Control Point',(4107.30033334,1742.83775868,933.531340075));
#207969=CARTESIAN_POINT('Control Point',(4084.29966666,1742.83775775,933.531339756));
#207970=CARTESIAN_POINT('Control Point',(4061.29899998,1742.83775682,933.531339441));
#207971=CARTESIAN_POINT('Control Point',(4130.30100002,1743.64156914,930.68842863));
#207972=CARTESIAN_POINT('Control Point',(4107.30033334,1743.64157448,930.688430424));
#207973=CARTESIAN_POINT('Control Point',(4084.29966666,1743.64157234,930.688429701));
#207974=CARTESIAN_POINT('Control Point',(4061.29899998,1743.64157164,930.688429468));
#207975=CARTESIAN_POINT('Control Point',(4130.30100002,1744.43933434,927.844153263));
#207976=CARTESIAN_POINT('Control Point',(4107.30033334,1744.43933808,927.844154511));
#207977=CARTESIAN_POINT('Control Point',(4084.29966666,1744.43933526,927.844153569));
#207978=CARTESIAN_POINT('Control Point',(4061.29899998,1744.43933478,927.844153409));
#207979=CARTESIAN_POINT('Control Point',(4130.30100002,1745.23104362,924.998529515));
#207980=CARTESIAN_POINT('Control Point',(4107.30033334,1745.23104621,924.998530377));
#207981=CARTESIAN_POINT('Control Point',(4084.29966666,1745.23104332,924.998529416));
#207982=CARTESIAN_POINT('Control Point',(4061.29899998,1745.23104292,924.998529282));
#207983=B_SPLINE_CURVE_WITH_KNOTS('',3,(#207984,#207985,#207986,#207987),.UNSPECIFIED.,.F.,.U.,(4,4),(0.0895384003874,26.2574492384),.UNSPECIFIED.);
#207984=CARTESIAN_POINT('Control Point',(4111.3,1741.22608022,939.163902853));
#207985=CARTESIAN_POINT('Control Point',(4111.3,1742.58102271,934.446935701));
#207986=CARTESIAN_POINT('Control Point',(4111.3,1743.9159611,929.725304324));
#207987=CARTESIAN_POINT('Control Point',(4111.3,1745.23086225,924.999185575));
#207988=CARTESIAN_POINT('Vertex',(4111.3,1741.22608022,939.163902853));
#207989=VERTEX_POINT('',#207988);
#207990=EDGE_CURVE('',#207989,#207862,#207983,.T.);
#207991=B_SPLINE_CURVE_WITH_KNOTS('',5,(#207992,#207993,#207994,#207995,#207996,#207997),.UNSPECIFIED.,.F.,.U.,(6,6),(3326.54535087,3348.16750698),.UNSPECIFIED.);
#207992=CARTESIAN_POINT('Control Point',(4130.3,1741.22606247,939.163938735));
#207993=CARTESIAN_POINT('Control Point',(4130.3,1742.0390355,936.333737108));
#207994=CARTESIAN_POINT('Control Point',(4130.3,1742.84600535,933.50214313));
#207995=CARTESIAN_POINT('Control Point',(4130.3,1743.64696856,930.669174637));
#207996=CARTESIAN_POINT('Control Point',(4130.3,1744.44192167,927.834849423));
#207997=CARTESIAN_POINT('Control Point',(4130.3,1745.23086118,924.999185247));
#207998=CARTESIAN_POINT('Vertex',(4130.3,1741.22606247,939.163938735));
#207999=VERTEX_POINT('',#207998);
#208000=EDGE_CURVE('',#207944,#207999,#207991,.F.);
#208001=B_SPLINE_CURVE_WITH_KNOTS('',5,(#208002,#208003,#208004,#208005,#208006,#208007,#208008,#208009,#208010,#208011,#208012,#208013),.UNSPECIFIED.,.F.,.U.,(6,3,3,6),(70.7106973958,88.0780798638,91.9519592968,96.6323368258),.UNSPECIFIED.);
#208002=CARTESIAN_POINT('Control Point',(4111.3,1741.22608022,939.163902853));
#208003=CARTESIAN_POINT('Control Point',(4113.75611045,1741.22607781,939.163908628));
#208004=CARTESIAN_POINT('Control Point',(4116.21222233,1741.22607589,939.163912469));
#208005=CARTESIAN_POINT('Control Point',(4118.66834011,1741.22607562,939.163910348));
#208006=CARTESIAN_POINT('Control Point',(4121.67232417,1741.22607982,939.163891668));
#208007=CARTESIAN_POINT('Control Point',(4124.67635034,1741.2260948,939.163835091));
#208008=CARTESIAN_POINT('Control Point',(4125.89485906,1741.22610786,939.163787809));
#208009=CARTESIAN_POINT('Control Point',(4127.10449867,1741.22610884,939.163782516));
#208010=CARTESIAN_POINT('Control Point',(4128.31454157,1741.22604374,939.164007236));
#208011=CARTESIAN_POINT('Control Point',(4128.97696044,1741.22598899,939.164196741));
#208012=CARTESIAN_POINT('Control Point',(4129.63998919,1741.22595872,939.164301036));
#208013=CARTESIAN_POINT('Control Point',(4130.3,1741.22606247,939.16393873));
#208014=EDGE_CURVE('',#207989,#207999,#208001,.T.);
#208015=EDGE_LOOP('',(#208016,#208017,#208018,#208019));
#208016=ORIENTED_EDGE('',*,*,#207990,.T.);
#208017=ORIENTED_EDGE('',*,*,#207950,.F.);
#208018=ORIENTED_EDGE('',*,*,#208000,.T.);
#208019=ORIENTED_EDGE('',*,*,#208014,.F.);
#208020=FACE_OUTER_BOUND('',#208015,.T.);
#208021=ADVANCED_FACE('PartBody',(#208020),#207958,.F.);
#208022=B_SPLINE_SURFACE_WITH_KNOTS('',3,6,((#208023,#208024,#208025,#208026,#208027,#208028,#208029),(#208030,#208031,#208032,#208033,#208034,#208035,#208036),(#208037,#208038,#208039,#208040,#208041,#208042,#208043),(#208044,#208045,#208046,#208047,#208048,#208049,#208050)),.UNSPECIFIED.,.F.,.F.,.U.,(4,4),(7,7),(4339.7047126,4391.88479335),(0.,5.00000002),.UNSPECIFIED.);
#208023=CARTESIAN_POINT('Control Point',(4130.3,1807.87865148,76.3626129246));
#208024=CARTESIAN_POINT('Control Point',(4132.28340381,1807.87864924,76.362613273));
#208025=CARTESIAN_POINT('Control Point',(4134.26663936,1808.49466192,76.2679048326));
#208026=CARTESIAN_POINT('Control Point',(4136.00586068,1809.72768147,76.0783350979));
#208027=CARTESIAN_POINT('Control Point',(4137.25165952,1811.44743006,75.8139335457));
#208028=CARTESIAN_POINT('Control Point',(4137.87337354,1813.4072804,75.5126177176));
#208029=CARTESIAN_POINT('Control Point',(4137.87242293,1815.36671328,75.2113660732));
#208030=CARTESIAN_POINT('Control Point',(4130.3,1805.90374894,66.7467623059));
#208031=CARTESIAN_POINT('Control Point',(4132.41188305,1805.90374717,66.7467625914));
#208032=CARTESIAN_POINT('Control Point',(4134.5236839,1806.55903436,66.6432382821));
#208033=CARTESIAN_POINT('Control Point',(4136.37542187,1807.87115305,66.4359123781));
#208034=CARTESIAN_POINT('Control Point',(4137.70259169,1809.70069836,66.146875822));
#208035=CARTESIAN_POINT('Control Point',(4138.36494164,1811.78640669,65.8173421704));
#208036=CARTESIAN_POINT('Control Point',(4138.36428011,1813.87178161,65.4878690367));
#208037=CARTESIAN_POINT('Control Point',(4130.3,1803.8656649,57.1474577066));
#208038=CARTESIAN_POINT('Control Point',(4132.54036488,1803.86566399,57.1474578597));
#208039=CARTESIAN_POINT('Control Point',(4134.78044231,1804.56044119,57.0345190563));
#208040=CARTESIAN_POINT('Control Point',(4136.74551379,1805.95058417,56.8085904742));
#208041=CARTESIAN_POINT('Control Point',(4138.15324086,1807.89052906,56.4932452415));
#208042=CARTESIAN_POINT('Control Point',(4138.8565184,1810.10146747,56.1338892808));
#208043=CARTESIAN_POINT('Control Point',(4138.856146,1812.31246975,55.7745144863));
#208044=CARTESIAN_POINT('Control Point',(4130.3,1801.76462514,47.5653586744));
#208045=CARTESIAN_POINT('Control Point',(4132.66884311,1801.76462464,47.5653587593));
#208046=CARTESIAN_POINT('Control Point',(4135.03748489,1802.49846754,47.4425576905));
#208047=CARTESIAN_POINT('Control Point',(4137.11507223,1803.96728917,47.196765478));
#208048=CARTESIAN_POINT('Control Point',(4138.6041698,1806.01644735,46.8538599152));
#208049=CARTESIAN_POINT('Control Point',(4139.34808315,1808.35257534,46.4629329193));
#208050=CARTESIAN_POINT('Control Point',(4139.34799999,1810.68885112,46.071981205));
#208051=B_SPLINE_CURVE_WITH_KNOTS('',5,(#208052,#208053,#208054,#208055,#208056,#208057,#208058,#208059,#208060,#208061,#208062,#208063,#208064,#208065,#208066,#208067,#208068,#208069),.UNSPECIFIED.,.F.,.U.,(6,3,3,3,3,6),(0.187274178444,1.9466639302,2.89584495268,5.37350513065,7.85116530862,9.61607239784),.UNSPECIFIED.);
#208052=CARTESIAN_POINT('Control Point',(4130.3,1807.87865148,76.3626129222));
#208053=CARTESIAN_POINT('Control Point',(4130.74753872,1807.87860403,76.36238443));
#208054=CARTESIAN_POINT('Control Point',(4131.196392,1807.9111998,76.356998996));
#208055=CARTESIAN_POINT('Control Point',(4131.64105026,1807.97686264,76.3463402409));
#208056=CARTESIAN_POINT('Control Point',(4132.31423955,1808.12642727,76.322081572));
#208057=CARTESIAN_POINT('Control Point',(4132.96979936,1808.3521484,76.2853268278));
#208058=CARTESIAN_POINT('Control Point',(4133.22140782,1808.45059671,76.2692683498));
#208059=CARTESIAN_POINT('Control Point',(4134.02978255,1808.80668023,76.211158389));
#208060=CARTESIAN_POINT('Control Point',(4134.78364464,1809.27856119,76.134059706));
#208061=CARTESIAN_POINT('Control Point',(4135.27030157,1809.6648618,76.070985891));
#208062=CARTESIAN_POINT('Control Point',(4136.14359654,1810.50450605,75.9337750089));
#208063=CARTESIAN_POINT('Control Point',(4136.82478286,1811.4871663,75.7730837176));
#208064=CARTESIAN_POINT('Control Point',(4137.12107516,1812.01482171,75.6867849868));
#208065=CARTESIAN_POINT('Control Point',(4137.53930916,1812.99461254,75.5266464432));
#208066=CARTESIAN_POINT('Control Point',(4137.77668668,1814.03289847,75.3569703451));
#208067=CARTESIAN_POINT('Control Point',(4137.84305815,1814.4721459,75.2851859737));
#208068=CARTESIAN_POINT('Control Point',(4137.87599898,1814.91479972,75.2128186517));
#208069=CARTESIAN_POINT('Control Point',(4137.8760002,1815.35583947,75.1406473576));
#208070=CARTESIAN_POINT('Vertex',(4137.87600022,1815.35583947,75.140647354));
#208071=VERTEX_POINT('',#208070);
#208072=EDGE_CURVE('',#207632,#208071,#208051,.T.);
#208073=B_SPLINE_CURVE_WITH_KNOTS('',3,(#208074,#208075,#208076,#208077),.UNSPECIFIED.,.F.,.U.,(4,4),(4339.83121435,4391.88479335),.UNSPECIFIED.);
#208074=CARTESIAN_POINT('Control Point',(4137.8760002,1815.35583947,75.140647354));
#208075=CARTESIAN_POINT('Control Point',(4138.366665,1813.86422061,65.4407723488));
#208076=CARTESIAN_POINT('Control Point',(4138.85733841,1812.30853351,55.7509923495));
#208077=CARTESIAN_POINT('Control Point',(4139.34799999,1810.68885107,46.0719812144));
#208078=EDGE_CURVE('',#205593,#208071,#208073,.F.);
#208079=EDGE_LOOP('',(#208080,#208081,#208082,#208083));
#208080=ORIENTED_EDGE('',*,*,#208072,.F.);
#208081=ORIENTED_EDGE('',*,*,#207633,.F.);
#208082=ORIENTED_EDGE('',*,*,#205606,.T.);
#208083=ORIENTED_EDGE('',*,*,#208078,.T.);
#208084=FACE_OUTER_BOUND('',#208079,.T.);
#208085=ADVANCED_FACE('PartBody',(#208084),#208022,.T.);
#208086=B_SPLINE_SURFACE_WITH_KNOTS('',3,3,((#208087,#208088,#208089,#208090),(#208091,#208092,#208093,#208094),(#208095,#208096,#208097,#208098),(#208099,#208100,#208101,#208102)),.UNSPECIFIED.,.F.,.F.,.U.,(4,4),(4,4),(-407.848210778,-352.328317951),(29.8608730023,111.82069385),.UNSPECIFIED.);
#208087=CARTESIAN_POINT('Control Point',(4140.65254386,1816.45070074,18.6392981775));
#208088=CARTESIAN_POINT('Control Point',(4140.15340844,1843.18726248,24.2549373508));
#208089=CARTESIAN_POINT('Control Point',(4139.65425153,1869.92382422,29.8705765241));
#208090=CARTESIAN_POINT('Control Point',(4139.15507445,1896.66038596,35.4862156974));
#208091=CARTESIAN_POINT('Control Point',(4139.79129073,1812.64664551,36.7507462876));
#208092=CARTESIAN_POINT('Control Point',(4139.2921329,1839.38320725,42.3663854609));
#208093=CARTESIAN_POINT('Control Point',(4138.79295951,1866.11976899,47.9820246342));
#208094=CARTESIAN_POINT('Control Point',(4138.29375801,1892.85633073,53.5976638075));
#208095=CARTESIAN_POINT('Control Point',(4138.92999569,1808.84259028,54.8621943977));
#208096=CARTESIAN_POINT('Control Point',(4138.43082483,1835.57915202,60.477833571));
#208097=CARTESIAN_POINT('Control Point',(4137.93162702,1862.31571376,66.0934727443));
#208098=CARTESIAN_POINT('Control Point',(4137.43239047,1889.0522755,71.7091119176));
#208099=CARTESIAN_POINT('Control Point',(4138.06863535,1805.03853505,72.9736425078));
#208100=CARTESIAN_POINT('Control Point',(4137.56943945,1831.77509679,78.5892816811));
#208101=CARTESIAN_POINT('Control Point',(4137.07020956,1858.51165853,84.2049208544));
#208102=CARTESIAN_POINT('Control Point',(4136.57094795,1885.24822027,89.8205600278));
#208103=B_SPLINE_CURVE_WITH_KNOTS('',3,(#208104,#208105,#208106,#208107),.UNSPECIFIED.,.F.,.U.,(4,4),(2193.30038421,2235.03030548),.UNSPECIFIED.);
#208104=CARTESIAN_POINT('Control Point',(4137.87598737,1891.01140057,62.381541756));
#208105=CARTESIAN_POINT('Control Point',(4138.36667285,1889.51175379,52.6826575555));
#208106=CARTESIAN_POINT('Control Point',(4138.85735557,1887.95023318,42.9938193255));
#208107=CARTESIAN_POINT('Control Point',(4139.34800068,1886.32695707,33.3158241321));
#208108=CARTESIAN_POINT('Vertex',(4137.87598958,1891.01140057,62.3815417563));
#208109=VERTEX_POINT('',#208108);
#208110=EDGE_CURVE('',#208109,#205691,#208103,.T.);
#208111=B_SPLINE_CURVE_WITH_KNOTS('',5,(#208112,#208113,#208114,#208115,#208116,#208117,#208118,#208119,#208120,#208121,#208122,#208123,#208124,#208125,#208126,#208127,#208128,#208129),.UNSPECIFIED.,.F.,.U.,(6,3,3,3,3,6),(76.8820441331,83.598689214,115.226647686,145.131066943,150.09335547,153.571251238),.UNSPECIFIED.);
#208112=CARTESIAN_POINT('Control Point',(4137.87600022,1815.35583947,75.140647354));
#208113=CARTESIAN_POINT('Control Point',(4137.87599696,1816.67542907,74.9181708245));
#208114=CARTESIAN_POINT('Control Point',(4137.87599879,1818.04952366,74.6863987819));
#208115=CARTESIAN_POINT('Control Point',(4137.87600306,1819.3949114,74.4594180289));
#208116=CARTESIAN_POINT('Control Point',(4137.87600005,1826.88503455,73.1962982549));
#208117=CARTESIAN_POINT('Control Point',(4137.87600113,1834.48043253,71.9153292876));
#208118=CARTESIAN_POINT('Control Point',(4137.87600099,1840.72671932,70.8619014955));
#208119=CARTESIAN_POINT('Control Point',(4137.8759991,1852.85684555,68.8161913348));
#208120=CARTESIAN_POINT('Control Point',(4137.87599567,1864.98200541,66.7713262273));
#208121=CARTESIAN_POINT('Control Point',(4137.87599402,1870.8820736,65.7762957959));
#208122=CARTESIAN_POINT('Control Point',(4137.87599277,1877.78210768,64.6126056649));
#208123=CARTESIAN_POINT('Control Point',(4137.87598964,1884.62644894,63.4583439567));
#208124=CARTESIAN_POINT('Control Point',(4137.8759886,1885.65156038,63.2854759076));
#208125=CARTESIAN_POINT('Control Point',(4137.8759902,1887.26187273,63.0138576666));
#208126=CARTESIAN_POINT('Control Point',(4137.87598846,1888.9338108,62.7319138954));
#208127=CARTESIAN_POINT('Control Point',(4137.87598773,1889.62802301,62.6148468835));
#208128=CARTESIAN_POINT('Control Point',(4137.87598732,1890.32237442,62.4977500278));
#208129=CARTESIAN_POINT('Control Point',(4137.87598737,1891.01140057,62.381541756));
#208130=EDGE_CURVE('',#208071,#208109,#208111,.T.);
#208131=EDGE_LOOP('',(#208132,#208133,#208134,#208135));
#208132=ORIENTED_EDGE('',*,*,#208078,.F.);
#208133=ORIENTED_EDGE('',*,*,#205696,.F.);
#208134=ORIENTED_EDGE('',*,*,#208110,.F.);
#208135=ORIENTED_EDGE('',*,*,#208130,.F.);
#208136=FACE_OUTER_BOUND('',#208131,.T.);
#208137=ADVANCED_FACE('PartBody',(#208136),#208086,.F.);
#208138=B_SPLINE_SURFACE_WITH_KNOTS('',5,5,((#208139,#208140,#208141,#208142,#208143,#208144,#208145,#208146,#208147),(#208148,#208149,#208150,#208151,#208152,#208153,#208154,#208155,#208156),(#208157,#208158,#208159,#208160,#208161,#208162,#208163,#208164,#208165),(#208166,#208167,#208168,#208169,#208170,#208171,#208172,#208173,#208174),(#208175,#208176,#208177,#208178,#208179,#208180,#208181,#208182,#208183),(#208184,#208185,#208186,#208187,#208188,#208189,#208190,#208191,#208192),(#208193,#208194,#208195,#208196,#208197,#208198,#208199,#208200,#208201),(#208202,#208203,#208204,#208205,#208206,#208207,#208208,#208209,#208210),(#208211,#208212,#208213,#208214,#208215,#208216,#208217,#208218,#208219)),.UNSPECIFIED.,.F.,.F.,.U.,(6,3,6),(6,3,6),(2235.03030548,2481.65761437,2728.28492327),(0.,4.524,9.04800000001),.UNSPECIFIED.);
#208139=CARTESIAN_POINT('Control Point',(4139.348,1886.32695707,33.3158241337));
#208140=CARTESIAN_POINT('Control Point',(4139.348,1887.06150871,33.1926186451));
#208141=CARTESIAN_POINT('Control Point',(4139.48666142,1887.79606885,33.0694117329));
#208142=CARTESIAN_POINT('Control Point',(4139.76415328,1888.49663505,32.951906584));
#208143=CARTESIAN_POINT('Control Point',(4140.56998228,1889.76213003,32.739646592));
#208144=CARTESIAN_POINT('Control Point',(4141.78359475,1890.65684676,32.5895768005));
#208145=CARTESIAN_POINT('Control Point',(4142.46911004,1890.98641654,32.5342984466));
#208146=CARTESIAN_POINT('Control Point',(4143.20023709,1891.18227568,32.5014472231));
#208147=CARTESIAN_POINT('Control Point',(4143.94259829,1891.24183338,32.4914576796));
#208148=CARTESIAN_POINT('Control Point',(4139.348,1880.57073889,-1.00283026216));
#208149=CARTESIAN_POINT('Control Point',(4139.348,1881.30415151,-1.13725169251));
#208150=CARTESIAN_POINT('Control Point',(4139.48693414,1882.03757266,-1.27167468449));
#208151=CARTESIAN_POINT('Control Point',(4139.76497242,1882.73698556,-1.39986561387));
#208152=CARTESIAN_POINT('Control Point',(4140.57233389,1884.00011815,-1.63138147391));
#208153=CARTESIAN_POINT('Control Point',(4141.78800538,1884.8923883,-1.79493512474));
#208154=CARTESIAN_POINT('Control Point',(4142.47459487,1885.22071968,-1.85512371388));
#208155=CARTESIAN_POINT('Control Point',(4143.20672118,1885.41535247,-1.89081077718));
#208156=CARTESIAN_POINT('Control Point',(4143.94990115,1885.47374496,-1.90152976279));
#208157=CARTESIAN_POINT('Control Point',(4139.348,1874.16739552,-35.2079248843));
#208158=CARTESIAN_POINT('Control Point',(4139.348,1874.8994365,-35.3535579038));
#208159=CARTESIAN_POINT('Control Point',(4139.48720068,1875.63148604,-35.4991926246));
#208160=CARTESIAN_POINT('Control Point',(4139.765773,1876.32952556,-35.6380628812));
#208161=CARTESIAN_POINT('Control Point',(4140.57463194,1877.58990566,-35.8888133629));
#208162=CARTESIAN_POINT('Control Point',(4141.79231424,1878.47947434,-36.0658092272));
#208163=CARTESIAN_POINT('Control Point',(4142.4799523,1878.80648259,-36.1308811574));
#208164=CARTESIAN_POINT('Control Point',(4143.21305322,1878.99985214,-36.1693713006));
#208165=CARTESIAN_POINT('Control Point',(4143.95703064,1879.05709018,-36.1807826991));
#208166=CARTESIAN_POINT('Control Point',(4139.348,1867.11935058,-69.2835421914));
#208167=CARTESIAN_POINT('Control Point',(4139.34800001,1867.84977735,-69.4404051083));
#208168=CARTESIAN_POINT('Control Point',(4139.48746075,1868.5802127,-69.5972698679));
#208169=CARTESIAN_POINT('Control Point',(4139.76655418,1869.27664942,-69.7468347174));
#208170=CARTESIAN_POINT('Control Point',(4140.57687406,1870.53387072,-70.0168382517));
#208171=CARTESIAN_POINT('Control Point',(4141.79651698,1871.42047356,-70.2072639931));
#208172=CARTESIAN_POINT('Control Point',(4142.48517701,1871.74607128,-70.277203716));
#208173=CARTESIAN_POINT('Control Point',(4143.21922704,1871.93814033,-70.3184717309));
#208174=CARTESIAN_POINT('Control Point',(4143.96397998,1871.99423649,-70.3305421304));
#208175=CARTESIAN_POINT('Control Point',(4139.348,1851.73756492,-137.153200662));
#208176=CARTESIAN_POINT('Control Point',(4139.348,1852.46433174,-137.332374604));
#208177=CARTESIAN_POINT('Control Point',(4139.48796706,1853.19110719,-137.511550673));
#208178=CARTESIAN_POINT('Control Point',(4139.76807496,1853.88393103,-137.682358868));
#208179=CARTESIAN_POINT('Control Point',(4140.5812385,1855.13411671,-137.990588596));
#208180=CARTESIAN_POINT('Control Point',(4141.80469562,1856.01432997,-138.207630554));
#208181=CARTESIAN_POINT('Control Point',(4142.49534297,1856.33695969,-138.287196365));
#208182=CARTESIAN_POINT('Control Point',(4143.23123726,1856.52637221,-138.333926355));
#208183=CARTESIAN_POINT('Control Point',(4143.97749518,1856.5802195,-138.347240006));
#208184=CARTESIAN_POINT('Control Point',(4139.348,1833.7963619,-204.403596375));
#208185=CARTESIAN_POINT('Control Point',(4139.348,1834.51849356,-204.605078871));
#208186=CARTESIAN_POINT('Control Point',(4139.48844341,1835.24063388,-204.806563785));
#208187=CARTESIAN_POINT('Control Point',(4139.7695058,1835.92892418,-204.998605564));
#208188=CARTESIAN_POINT('Control Point',(4140.58534396,1837.17045037,-205.345013009));
#208189=CARTESIAN_POINT('Control Point',(4141.81238478,1838.043236,-205.588551492));
#208190=CARTESIAN_POINT('Control Point',(4142.50489788,1838.36256329,-205.677662274));
#208191=CARTESIAN_POINT('Control Point',(4143.24252105,1838.54919067,-205.729752367));
#208192=CARTESIAN_POINT('Control Point',(4143.99018621,1838.60086392,-205.744191867));
#208193=CARTESIAN_POINT('Control Point',(4139.348,1824.18837529,-237.861689413));
#208194=CARTESIAN_POINT('Control Point',(4139.348,1824.90800888,-238.07412592));
#208195=CARTESIAN_POINT('Control Point',(4139.48867406,1825.62765115,-238.286564988));
#208196=CARTESIAN_POINT('Control Point',(4139.77019862,1826.31350491,-238.489031012));
#208197=CARTESIAN_POINT('Control Point',(4140.58733163,1827.55040465,-238.854173056));
#208198=CARTESIAN_POINT('Control Point',(4141.81610653,1828.4192945,-239.110691517));
#208199=CARTESIAN_POINT('Control Point',(4142.50952207,1828.73691566,-239.204468241));
#208200=CARTESIAN_POINT('Control Point',(4143.24798088,1828.92213554,-239.259163889));
#208201=CARTESIAN_POINT('Control Point',(4143.99632536,1828.97274598,-239.274125676));
#208202=CARTESIAN_POINT('Control Point',(4139.348,1813.94760229,-271.134408562));
#208203=CARTESIAN_POINT('Control Point',(4139.348,1814.66439422,-271.358079066));
#208204=CARTESIAN_POINT('Control Point',(4139.48889606,1815.38119483,-271.581752281));
#208205=CARTESIAN_POINT('Control Point',(4139.77086543,1816.0642872,-271.794907901));
#208206=CARTESIAN_POINT('Control Point',(4140.58924453,1817.29598553,-272.179256874));
#208207=CARTESIAN_POINT('Control Point',(4141.81968739,1818.16060619,-272.449069897));
#208208=CARTESIAN_POINT('Control Point',(4142.51397066,1818.47639808,-272.547620052));
#208209=CARTESIAN_POINT('Control Point',(4143.25323243,1818.66015828,-272.604972992));
#208210=CARTESIAN_POINT('Control Point',(4144.00222892,1818.70972404,-272.620453254));
#208211=CARTESIAN_POINT('Control Point',(4139.348,1803.07859342,-304.203000412));
#208212=CARTESIAN_POINT('Control Point',(4139.348,1803.79239264,-304.437610645));
#208213=CARTESIAN_POINT('Control Point',(4139.48911114,1804.50620056,-304.672223734));
#208214=CARTESIAN_POINT('Control Point',(4139.77151149,1805.1863898,-304.8957871));
#208215=CARTESIAN_POINT('Control Point',(4140.59109771,1806.41264032,-305.298828894));
#208216=CARTESIAN_POINT('Control Point',(4141.82315567,1807.27284455,-305.581559259));
#208217=CARTESIAN_POINT('Control Point',(4142.51827887,1807.58676466,-305.684737949));
#208218=CARTESIAN_POINT('Control Point',(4143.2583174,1807.76905702,-305.744653471));
#208219=CARTESIAN_POINT('Control Point',(4144.00794394,1807.81760337,-305.760609597));
#208220=B_SPLINE_CURVE_WITH_KNOTS('',5,(#208221,#208222,#208223,#208224,#208225,#208226),.UNSPECIFIED.,.F.,.U.,(6,6),(0.,16.2331700431),.UNSPECIFIED.);
#208221=CARTESIAN_POINT('Control Point',(4143.94259997,1891.24050347,32.4835279969));
#208222=CARTESIAN_POINT('Control Point',(4142.45790802,1891.12142319,32.5036984322));
#208223=CARTESIAN_POINT('Control Point',(4141.01695194,1890.45840158,32.6160045028));
#208224=CARTESIAN_POINT('Control Point',(4139.90142685,1889.26537988,32.8180850039));
#208225=CARTESIAN_POINT('Control Point',(4139.348,1887.79563186,33.0670438865));
#208226=CARTESIAN_POINT('Control Point',(4139.348,1886.32695707,33.3158241321));
#208227=CARTESIAN_POINT('Vertex',(4143.94259938,1891.24050104,32.483528308));
#208228=VERTEX_POINT('',#208227);
#208229=EDGE_CURVE('',#208228,#205691,#208220,.T.);
#208230=B_SPLINE_CURVE_WITH_KNOTS('',5,(#208231,#208232,#208233,#208234,#208235,#208236),.UNSPECIFIED.,.F.,.U.,(6,6),(0.,12.8067660534),.UNSPECIFIED.);
#208231=CARTESIAN_POINT('Control Point',(4139.348,1803.07859342,-304.20300041));
#208232=CARTESIAN_POINT('Control Point',(4139.348,1804.51884126,-304.636446119));
#208233=CARTESIAN_POINT('Control Point',(4139.91329762,1805.96052908,-305.070443218));
#208234=CARTESIAN_POINT('Control Point',(4141.04471262,1807.12030047,-305.419423181));
#208235=CARTESIAN_POINT('Control Point',(4142.50716815,1807.7588649,-305.611643027));
#208236=CARTESIAN_POINT('Control Point',(4144.00792333,1807.85686603,-305.64113885));
#208237=CARTESIAN_POINT('Vertex',(4144.01017513,1807.85699269,-305.641254169));
#208238=VERTEX_POINT('',#208237);
#208239=EDGE_CURVE('',#205681,#208238,#208230,.T.);
#208240=B_SPLINE_CURVE_WITH_KNOTS('',5,(#208241,#208242,#208243,#208244,#208245,#208246,#208247,#208248,#208249),.UNSPECIFIED.,.F.,.U.,(6,3,6),(2235.04167811,2723.53676901,2728.10710313),.UNSPECIFIED.);
#208241=CARTESIAN_POINT('Control Point',(4143.94259997,1891.24050346,32.4835279307));
#208242=CARTESIAN_POINT('Control Point',(4143.9570647,1879.81540488,-35.6386737614));
#208243=CARTESIAN_POINT('Control Point',(4143.97084924,1865.84586594,-103.314666116));
#208244=CARTESIAN_POINT('Control Point',(4143.98391185,1849.35034148,-170.421932763));
#208245=CARTESIAN_POINT('Control Point',(4143.996164,1830.16400462,-237.519517261));
#208246=CARTESIAN_POINT('Control Point',(4144.00760552,1808.46165769,-303.798497264));
#208247=CARTESIAN_POINT('Control Point',(4144.0077115,1808.26027648,-304.412781341));
#208248=CARTESIAN_POINT('Control Point',(4144.00781743,1808.05867883,-305.026994562));
#208249=CARTESIAN_POINT('Control Point',(4144.00792334,1807.85686663,-305.641137025));
#208250=EDGE_CURVE('',#208228,#208238,#208240,.T.);
#208251=EDGE_LOOP('',(#208252,#208253,#208254,#208255));
#208252=ORIENTED_EDGE('',*,*,#208229,.T.);
#208253=ORIENTED_EDGE('',*,*,#205692,.T.);
#208254=ORIENTED_EDGE('',*,*,#208239,.T.);
#208255=ORIENTED_EDGE('',*,*,#208250,.F.);
#208256=FACE_OUTER_BOUND('',#208251,.T.);
#208257=ADVANCED_FACE('PartBody',(#208256),#208138,.T.);
#208258=B_SPLINE_SURFACE_WITH_KNOTS('',5,5,((#208259,#208260,#208261,#208262,#208263,#208264,#208265,#208266,#208267),(#208268,#208269,#208270,#208271,#208272,#208273,#208274,#208275,#208276),(#208277,#208278,#208279,#208280,#208281,#208282,#208283,#208284,#208285),(#208286,#208287,#208288,#208289,#208290,#208291,#208292,#208293,#208294),(#208295,#208296,#208297,#208298,#208299,#208300,#208301,#208302,#208303),(#208304,#208305,#208306,#208307,#208308,#208309,#208310,#208311,#208312),(#208313,#208314,#208315,#208316,#208317,#208318,#208319,#208320,#208321),(#208322,#208323,#208324,#208325,#208326,#208327,#208328,#208329,#208330),(#208331,#208332,#208333,#208334,#208335,#208336,#208337,#208338,#208339)),.UNSPECIFIED.,.F.,.F.,.U.,(6,3,6),(6,3,6),(1235.69560372,1271.4615361,1307.22746848),(0.,4.524,9.048),.UNSPECIFIED.);
#208259=CARTESIAN_POINT('Control Point',(4139.348,1803.07859342,-304.20300041));
#208260=CARTESIAN_POINT('Control Point',(4139.348,1803.80352148,-304.401403319));
#208261=CARTESIAN_POINT('Control Point',(4139.48919437,1804.52845838,-304.599808648));
#208262=CARTESIAN_POINT('Control Point',(4139.77176149,1805.21923228,-304.788864029));
#208263=CARTESIAN_POINT('Control Point',(4140.59181483,1806.46448077,-305.129671534));
#208264=CARTESIAN_POINT('Control Point',(4141.82449773,1807.33777816,-305.368681101));
#208265=CARTESIAN_POINT('Control Point',(4142.51994593,1807.65637423,-305.455876495));
#208266=CARTESIAN_POINT('Control Point',(4143.26028497,1807.84123224,-305.506469606));
#208267=CARTESIAN_POINT('Control Point',(4144.01015522,1807.89021487,-305.519875484));
#208268=CARTESIAN_POINT('Control Point',(4139.348,1801.74596966,-309.072163549));
#208269=CARTESIAN_POINT('Control Point',(4139.348,1802.47055148,-309.272136462));
#208270=CARTESIAN_POINT('Control Point',(4139.48922461,1803.19514214,-309.472111816));
#208271=CARTESIAN_POINT('Control Point',(4139.77185231,1803.88557878,-309.662661225));
#208272=CARTESIAN_POINT('Control Point',(4140.59207531,1805.13018875,-310.006153633));
#208273=CARTESIAN_POINT('Control Point',(4141.82498521,1806.00295342,-310.247022892));
#208274=CARTESIAN_POINT('Control Point',(4142.52055143,1806.32131802,-310.334886575));
#208275=CARTESIAN_POINT('Control Point',(4143.2609996,1806.50598731,-310.385852557));
#208276=CARTESIAN_POINT('Control Point',(4144.01095834,1806.55483011,-310.399332649));
#208277=CARTESIAN_POINT('Control Point',(4139.348,1800.40026337,-313.936596263));
#208278=CARTESIAN_POINT('Control Point',(4139.348,1801.12444495,-314.138311216));
#208279=CARTESIAN_POINT('Control Point',(4139.48925404,1801.84863538,-314.340028632));
#208280=CARTESIAN_POINT('Control Point',(4139.77194072,1802.53868351,-314.532236013));
#208281=CARTESIAN_POINT('Control Point',(4140.59232892,1803.78256341,-314.878708913));
#208282=CARTESIAN_POINT('Control Point',(4141.82545978,1804.65473352,-315.121645304));
#208283=CARTESIAN_POINT('Control Point',(4142.52114091,1804.9728451,-315.210253017));
#208284=CARTESIAN_POINT('Control Point',(4143.26169531,1805.15731469,-315.261635908));
#208285=CARTESIAN_POINT('Control Point',(4144.01174016,1805.20601724,-315.275202039));
#208286=CARTESIAN_POINT('Control Point',(4139.348,1799.04037247,-318.799709369));
#208287=CARTESIAN_POINT('Control Point',(4139.348,1799.76420717,-319.002957185));
#208288=CARTESIAN_POINT('Control Point',(4139.48928381,1800.48805072,-319.206207485));
#208289=CARTESIAN_POINT('Control Point',(4139.77203015,1801.17776111,-319.399873454));
#208290=CARTESIAN_POINT('Control Point',(4140.59258541,1802.42100218,-319.74896716));
#208291=CARTESIAN_POINT('Control Point',(4141.82593975,1803.29264086,-319.993717712));
#208292=CARTESIAN_POINT('Control Point',(4142.52173707,1803.61052211,-320.082976853));
#208293=CARTESIAN_POINT('Control Point',(4143.26239888,1803.79480463,-320.134722462));
#208294=CARTESIAN_POINT('Control Point',(4144.01253081,1803.84336939,-320.148359511));
#208295=CARTESIAN_POINT('Control Point',(4139.348,1796.29383837,-328.518278722));
#208296=CARTESIAN_POINT('Control Point',(4139.348,1797.01690996,-328.724801156));
#208297=CARTESIAN_POINT('Control Point',(4139.48934238,1797.73999041,-328.931326118));
#208298=CARTESIAN_POINT('Control Point',(4139.77220607,1798.42895951,-329.1281083));
#208299=CARTESIAN_POINT('Control Point',(4140.59309,1799.67080529,-329.482802359));
#208300=CARTESIAN_POINT('Control Point',(4141.82688393,1800.54130162,-329.731432663));
#208301=CARTESIAN_POINT('Control Point',(4142.52290981,1800.85869446,-329.822086313));
#208302=CARTESIAN_POINT('Control Point',(4143.26378289,1801.04258866,-329.874610438));
#208303=CARTESIAN_POINT('Control Point',(4144.01408603,1801.09087725,-329.888403222));
#208304=CARTESIAN_POINT('Control Point',(4139.348,1793.49359999,-338.221637286));
#208305=CARTESIAN_POINT('Control Point',(4139.348,1794.21590769,-338.431361981));
#208306=CARTESIAN_POINT('Control Point',(4139.48940043,1794.93822424,-338.641089244));
#208307=CARTESIAN_POINT('Control Point',(4139.77238044,1795.62645145,-338.840918568));
#208308=CARTESIAN_POINT('Control Point',(4140.59359013,1796.86690156,-339.201087959));
#208309=CARTESIAN_POINT('Control Point',(4141.82781973,1797.73625716,-339.453508931));
#208310=CARTESIAN_POINT('Control Point',(4142.5240721,1798.05316304,-339.545523977));
#208311=CARTESIAN_POINT('Control Point',(4143.26515449,1798.23667097,-339.598806509));
#208312=CARTESIAN_POINT('Control Point',(4144.01562722,1798.28468597,-339.612748221));
#208313=CARTESIAN_POINT('Control Point',(4139.348,1792.08035399,-343.06851344));
#208314=CARTESIAN_POINT('Control Point',(4139.348,1792.80226481,-343.279873818));
#208315=CARTESIAN_POINT('Control Point',(4139.48942921,1793.52418447,-343.491236786));
#208316=CARTESIAN_POINT('Control Point',(4139.77246688,1794.21202658,-343.692622584));
#208317=CARTESIAN_POINT('Control Point',(4140.59383806,1795.45175362,-344.055588864));
#208318=CARTESIAN_POINT('Control Point',(4141.8282836,1796.32052198,-344.30994645));
#208319=CARTESIAN_POINT('Control Point',(4142.52464823,1796.63717857,-344.402657143));
#208320=CARTESIAN_POINT('Control Point',(4143.26583436,1796.82049052,-344.456327389));
#208321=CARTESIAN_POINT('Control Point',(4144.01639114,1796.86836884,-344.470345554));
#208322=CARTESIAN_POINT('Control Point',(4139.348,1790.65408239,-347.910178592));
#208323=CARTESIAN_POINT('Control Point',(4139.348,1791.37559605,-348.12315719));
#208324=CARTESIAN_POINT('Control Point',(4139.48945789,1792.09711856,-348.336138401));
#208325=CARTESIAN_POINT('Control Point',(4139.77255305,1792.78457533,-348.539064001));
#208326=CARTESIAN_POINT('Control Point',(4140.59408519,1794.02357902,-348.904796981));
#208327=CARTESIAN_POINT('Control Point',(4141.82874598,1794.89176031,-349.161069637));
#208328=CARTESIAN_POINT('Control Point',(4142.5252225,1795.20816784,-349.254467955));
#208329=CARTESIAN_POINT('Control Point',(4143.26651202,1795.39128419,-349.308521024));
#208330=CARTESIAN_POINT('Control Point',(4144.01715254,1795.43902632,-349.322613955));
#208331=CARTESIAN_POINT('Control Point',(4139.348,1789.21451374,-352.747642345));
#208332=CARTESIAN_POINT('Control Point',(4139.348,1789.93562607,-352.96223635));
#208333=CARTESIAN_POINT('Control Point',(4139.48948651,1790.65674726,-353.176832987));
#208334=CARTESIAN_POINT('Control Point',(4139.77263899,1791.34381476,-353.381295675));
#208335=CARTESIAN_POINT('Control Point',(4140.5943317,1792.58208811,-353.749790322));
#208336=CARTESIAN_POINT('Control Point',(4141.82920717,1793.44967775,-354.007974136));
#208337=CARTESIAN_POINT('Control Point',(4142.52579528,1793.76583469,-354.102058484));
#208338=CARTESIAN_POINT('Control Point',(4143.26718791,1793.94875476,-354.156493207));
#208339=CARTESIAN_POINT('Control Point',(4144.01791192,1793.99636088,-354.170660191));
#208340=B_SPLINE_CURVE_WITH_KNOTS('',5,(#208341,#208342,#208343,#208344,#208345,#208346,#208347,#208348,#208349),.UNSPECIFIED.,.F.,.U.,(6,3,6),(1235.87354447,1236.74973356,1307.15495265),.UNSPECIFIED.);
#208341=CARTESIAN_POINT('Control Point',(4144.01017518,1807.85699292,-305.641254788));
#208342=CARTESIAN_POINT('Control Point',(4144.01019482,1807.82427239,-305.760789576));
#208343=CARTESIAN_POINT('Control Point',(4144.01021443,1807.79154387,-305.880322478));
#208344=CARTESIAN_POINT('Control Point',(4144.01023401,1807.75880729,-305.999853409));
#208345=CARTESIAN_POINT('Control Point',(4144.01182555,1805.09489893,-315.72399369));
#208346=CARTESIAN_POINT('Control Point',(4144.01338265,1802.37742516,-325.433739948));
#208347=CARTESIAN_POINT('Control Point',(4144.01490661,1799.63871325,-335.018238304));
#208348=CARTESIAN_POINT('Control Point',(4144.01640934,1796.85065893,-344.57806875));
#208349=CARTESIAN_POINT('Control Point',(4144.01790423,1794.01098543,-354.121512675));
#208350=EDGE_CURVE('',#208238,#207454,#208340,.T.);
#208351=EDGE_LOOP('',(#208352,#208353,#208354,#208355));
#208352=ORIENTED_EDGE('',*,*,#208350,.F.);
#208353=ORIENTED_EDGE('',*,*,#208239,.F.);
#208354=ORIENTED_EDGE('',*,*,#205682,.T.);
#208355=ORIENTED_EDGE('',*,*,#207469,.F.);
#208356=FACE_OUTER_BOUND('',#208351,.T.);
#208357=ADVANCED_FACE('PartBody',(#208356),#208258,.T.);
#208358=B_SPLINE_SURFACE_WITH_KNOTS('',5,1,((#208359,#208360),(#208361,#208362),(#208363,#208364),(#208365,#208366),(#208367,#208368),(#208369,#208370),(#208371,#208372),(#208373,#208374),(#208375,#208376),(#208377,#208378),(#208379,#208380),(#208381,#208382)),.UNSPECIFIED.,.F.,.F.,.U.,(6,3,3,6),(2,2),(0.,419.593822062,826.6531926,1221.5534088),(0.,29.7704577611),.UNSPECIFIED.);
#208359=CARTESIAN_POINT('Control Point',(4135.3,1268.75944313,1788.24108411));
#208360=CARTESIAN_POINT('Control Point',(4164.7,1272.27534667,1792.4297266));
#208361=CARTESIAN_POINT('Control Point',(4135.3,1332.97089079,1734.48661922));
#208362=CARTESIAN_POINT('Control Point',(4164.7,1336.68709135,1738.3631687));
#208363=CARTESIAN_POINT('Control Point',(4135.3,1394.18326659,1677.14971425));
#208364=CARTESIAN_POINT('Control Point',(4164.7,1398.07562141,1680.69495258));
#208365=CARTESIAN_POINT('Control Point',(4135.3,1452.0776068,1616.41287913));
#208366=CARTESIAN_POINT('Control Point',(4164.7,1456.1092872,1619.61952196));
#208367=CARTESIAN_POINT('Control Point',(4135.3,1559.08797876,1490.45377445));
#208368=CARTESIAN_POINT('Control Point',(4164.7,1563.3250736,1492.99197932));
#208369=CARTESIAN_POINT('Control Point',(4135.3,1651.31471766,1353.28821199));
#208370=CARTESIAN_POINT('Control Point',(4164.7,1655.62938792,1355.16606575));
#208371=CARTESIAN_POINT('Control Point',(4135.3,1692.93968615,1283.30216988));
#208372=CARTESIAN_POINT('Control Point',(4164.7,1697.26355936,1284.85958328));
#208373=CARTESIAN_POINT('Control Point',(4135.3,1767.19971314,1141.16703784));
#208374=CARTESIAN_POINT('Control Point',(4164.7,1771.48798482,1142.10205196));
#208375=CARTESIAN_POINT('Control Point',(4135.3,1825.73184396,991.852848937));
#208376=CARTESIAN_POINT('Control Point',(4164.7,1829.87558245,992.212583768));
#208377=CARTESIAN_POINT('Control Point',(4135.3,1850.63856903,916.86271554));
#208378=CARTESIAN_POINT('Control Point',(4164.7,1854.68417527,916.957913219));
#208379=CARTESIAN_POINT('Control Point',(4135.3,1871.53535662,840.676256024));
#208380=CARTESIAN_POINT('Control Point',(4164.7,1875.45173106,840.538588944));
#208381=CARTESIAN_POINT('Control Point',(4135.3,1888.27180412,763.557367717));
#208382=CARTESIAN_POINT('Control Point',(4164.7,1892.03326113,763.251360296));
#208383=B_SPLINE_CURVE_WITH_KNOTS('',5,(#208384,#208385,#208386,#208387,#208388,#208389,#208390,#208391,#208392,#208393,#208394,#208395),.UNSPECIFIED.,.F.,.U.,(6,3,3,6),(-560.696558721,-215.8764882,191.182882338,358.074644418),.UNSPECIFIED.);
#208384=CARTESIAN_POINT('Control Point',(4164.7,1880.84882038,812.112500888));
#208385=CARTESIAN_POINT('Control Point',(4164.7,1864.52785858,879.189050913));
#208386=CARTESIAN_POINT('Control Point',(4164.7,1845.05569374,945.518321444));
#208387=CARTESIAN_POINT('Control Point',(4164.7,1822.52153813,1010.90513247));
#208388=CARTESIAN_POINT('Control Point',(4164.7,1766.85287589,1151.01686274));
#208389=CARTESIAN_POINT('Control Point',(4164.7,1697.26355936,1284.85958328));
#208390=CARTESIAN_POINT('Control Point',(4164.7,1655.62938792,1355.16606575));
#208391=CARTESIAN_POINT('Control Point',(4164.7,1591.54185251,1450.85956806));
#208392=CARTESIAN_POINT('Control Point',(4164.7,1520.26605906,1541.15475828));
#208393=CARTESIAN_POINT('Control Point',(4164.7,1498.94732526,1566.93437532));
#208394=CARTESIAN_POINT('Control Point',(4164.7,1477.0503471,1592.2207518));
#208395=CARTESIAN_POINT('Control Point',(4164.7,1454.59142872,1616.99850716));
#208396=CARTESIAN_POINT('Vertex',(4164.7,1880.848835,812.112504444));
#208397=VERTEX_POINT('',#208396);
#208398=EDGE_CURVE('',#208397,#203758,#208383,.T.);
#208399=B_SPLINE_CURVE_WITH_KNOTS('',5,(#208400,#208401,#208402,#208403,#208404,#208405),.UNSPECIFIED.,.F.,.U.,(6,6),(-610.7767044,-560.69655873),.UNSPECIFIED.);
#208400=CARTESIAN_POINT('Control Point',(4164.7,1892.03326113,763.251360296));
#208401=CARTESIAN_POINT('Control Point',(4164.7,1889.93043767,773.052711398));
#208402=CARTESIAN_POINT('Control Point',(4164.7,1887.760292,782.840104336));
#208403=CARTESIAN_POINT('Control Point',(4164.7,1885.52311984,792.612933874));
#208404=CARTESIAN_POINT('Control Point',(4164.7,1883.21920487,802.3705987));
#208405=CARTESIAN_POINT('Control Point',(4164.7,1880.84882038,812.112500879));
#208406=CARTESIAN_POINT('Vertex',(4164.7,1892.03326113,763.251360297));
#208407=VERTEX_POINT('',#208406);
#208408=EDGE_CURVE('',#208407,#208397,#208399,.T.);
#208409=B_SPLINE_CURVE_WITH_KNOTS('',5,(#208410,#208411,#208412,#208413,#208414,#208415),.UNSPECIFIED.,.F.,.U.,(6,6),(8.04488554314,29.7704577611),.UNSPECIFIED.);
#208410=CARTESIAN_POINT('Control Point',(4143.24477656,1889.28826452,763.47467518));
#208411=CARTESIAN_POINT('Control Point',(4147.53582125,1889.83726384,763.430012203));
#208412=CARTESIAN_POINT('Control Point',(4151.82686594,1890.38626316,763.385349226));
#208413=CARTESIAN_POINT('Control Point',(4156.11791062,1890.93526249,763.34068625));
#208414=CARTESIAN_POINT('Control Point',(4160.40895531,1891.48426181,763.296023273));
#208415=CARTESIAN_POINT('Control Point',(4164.7,1892.03326113,763.251360296));
#208416=EDGE_CURVE('',#205966,#208407,#208409,.T.);
#208417=EDGE_LOOP('',(#208418,#208419,#208420,#208421,#208422,#208423));
#208418=ORIENTED_EDGE('',*,*,#203767,.T.);
#208419=ORIENTED_EDGE('',*,*,#208398,.F.);
#208420=ORIENTED_EDGE('',*,*,#208408,.F.);
#208421=ORIENTED_EDGE('',*,*,#208416,.F.);
#208422=ORIENTED_EDGE('',*,*,#205967,.F.);
#208423=ORIENTED_EDGE('',*,*,#203625,.F.);
#208424=FACE_OUTER_BOUND('',#208417,.T.);
#208425=ADVANCED_FACE('PartBody',(#208424),#208358,.F.);
#208426=B_SPLINE_SURFACE_WITH_KNOTS('',5,1,((#208427,#208428),(#208429,#208430),(#208431,#208432),(#208433,#208434),(#208435,#208436),(#208437,#208438),(#208439,#208440),(#208441,#208442),(#208443,#208444)),.UNSPECIFIED.,.F.,.F.,.U.,(6,3,6),(2,2),(0.,110.183156317,220.365327117),(0.,29.7704577611),.UNSPECIFIED.);
#208427=CARTESIAN_POINT('Control Point',(4135.3,1888.27180412,763.557367717));
#208428=CARTESIAN_POINT('Control Point',(4164.7,1892.03326113,763.251360296));
#208429=CARTESIAN_POINT('Control Point',(4135.3,1892.67003633,741.982894455));
#208430=CARTESIAN_POINT('Control Point',(4164.7,1896.38775746,741.630484886));
#208431=CARTESIAN_POINT('Control Point',(4135.3,1896.7435332,720.340051281));
#208432=CARTESIAN_POINT('Control Point',(4164.7,1900.41562502,719.946027134));
#208433=CARTESIAN_POINT('Control Point',(4135.3,1900.49411024,698.605903397));
#208434=CARTESIAN_POINT('Control Point',(4164.7,1904.11417902,698.199324785));
#208435=CARTESIAN_POINT('Control Point',(4135.3,1907.3259881,655.046536192));
#208436=CARTESIAN_POINT('Control Point',(4164.7,1910.83834208,654.650877524));
#208437=CARTESIAN_POINT('Control Point',(4135.3,1912.81172434,611.286831352));
#208438=CARTESIAN_POINT('Control Point',(4164.7,1916.21598167,610.925713774));
#208439=CARTESIAN_POINT('Control Point',(4135.3,1915.21525345,589.351481224));
#208440=CARTESIAN_POINT('Control Point',(4164.7,1918.56688243,589.001566059));
#208441=CARTESIAN_POINT('Control Point',(4135.3,1917.26889886,567.410830553));
#208442=CARTESIAN_POINT('Control Point',(4164.7,1920.57121765,567.051359976));
#208443=CARTESIAN_POINT('Control Point',(4135.3,1918.97260247,545.444055256));
#208444=CARTESIAN_POINT('Control Point',(4164.7,1922.22490871,545.073363163));
#208445=B_SPLINE_CURVE_WITH_KNOTS('',5,(#208446,#208447,#208448,#208449,#208450,#208451),.UNSPECIFIED.,.F.,.U.,(6,6),(60.0926641779,110.182663558),.UNSPECIFIED.);
#208446=CARTESIAN_POINT('Control Point',(4164.7,1901.25288935,713.981709517));
#208447=CARTESIAN_POINT('Control Point',(4164.7,1899.54537347,723.85846455));
#208448=CARTESIAN_POINT('Control Point',(4164.7,1897.76924791,733.725081361));
#208449=CARTESIAN_POINT('Control Point',(4164.7,1895.92492395,743.580230937));
#208450=CARTESIAN_POINT('Control Point',(4164.7,1894.01284427,753.42236581));
#208451=CARTESIAN_POINT('Control Point',(4164.7,1892.03326113,763.251360296));
#208452=CARTESIAN_POINT('Vertex',(4164.7,1901.25297066,713.981723575));
#208453=VERTEX_POINT('',#208452);
#208454=EDGE_CURVE('',#208453,#208407,#208445,.T.);
#208455=B_SPLINE_CURVE_WITH_KNOTS('',5,(#208456,#208457,#208458,#208459,#208460,#208461,#208462,#208463,#208464),.UNSPECIFIED.,.F.,.U.,(6,3,6),(-60.0637418923,-0.00049275859832,60.0926641779),.UNSPECIFIED.);
#208456=CARTESIAN_POINT('Control Point',(4164.7,1917.74287911,594.997274213));
#208457=CARTESIAN_POINT('Control Point',(4164.7,1916.49704097,606.946124101));
#208458=CARTESIAN_POINT('Control Point',(4164.7,1915.14916856,618.883060003));
#208459=CARTESIAN_POINT('Control Point',(4164.7,1913.70019668,630.805890979));
#208460=CARTESIAN_POINT('Control Point',(4164.7,1910.60100027,654.625560429));
#208461=CARTESIAN_POINT('Control Point',(4164.7,1907.10147097,678.392690564));
#208462=CARTESIAN_POINT('Control Point',(4164.7,1905.25116637,690.268758826));
#208463=CARTESIAN_POINT('Control Point',(4164.7,1903.30140244,702.132530088));
#208464=CARTESIAN_POINT('Control Point',(4164.7,1901.25288935,713.981709517));
#208465=CARTESIAN_POINT('Vertex',(4164.7,1917.74297297,594.997283999));
#208466=VERTEX_POINT('',#208465);
#208467=EDGE_CURVE('',#208466,#208453,#208455,.T.);
#208468=B_SPLINE_CURVE_WITH_KNOTS('',5,(#208469,#208470,#208471,#208472,#208473,#208474),.UNSPECIFIED.,.F.,.U.,(6,6),(-110.182663558,-60.0637418923),.UNSPECIFIED.);
#208469=CARTESIAN_POINT('Control Point',(4164.7,1922.22490871,545.073363163));
#208470=CARTESIAN_POINT('Control Point',(4164.7,1921.47268889,555.070565911));
#208471=CARTESIAN_POINT('Control Point',(4164.7,1920.6479174,565.062018487));
#208472=CARTESIAN_POINT('Control Point',(4164.7,1919.75097812,575.047883939));
#208473=CARTESIAN_POINT('Control Point',(4164.7,1918.78245098,585.026726829));
#208474=CARTESIAN_POINT('Control Point',(4164.7,1917.74287911,594.997274213));
#208475=CARTESIAN_POINT('Vertex',(4164.7,1922.22490871,545.073363163));
#208476=VERTEX_POINT('',#208475);
#208477=EDGE_CURVE('',#208476,#208466,#208468,.T.);
#208478=B_SPLINE_CURVE_WITH_KNOTS('',5,(#208479,#208480,#208481,#208482,#208483,#208484),.UNSPECIFIED.,.F.,.U.,(6,6),(8.16626315084,29.7704577611),.UNSPECIFIED.);
#208479=CARTESIAN_POINT('Control Point',(4143.36464377,1919.86473483,545.342371594));
#208480=CARTESIAN_POINT('Control Point',(4147.63171501,1920.3367696,545.288569908));
#208481=CARTESIAN_POINT('Control Point',(4151.89878626,1920.80880438,545.234768222));
#208482=CARTESIAN_POINT('Control Point',(4156.16585751,1921.28083916,545.180966535));
#208483=CARTESIAN_POINT('Control Point',(4160.43292875,1921.75287393,545.127164849));
#208484=CARTESIAN_POINT('Control Point',(4164.7,1922.22490871,545.073363163));
#208485=EDGE_CURVE('',#206193,#208476,#208478,.T.);
#208486=EDGE_LOOP('',(#208487,#208488,#208489,#208490,#208491,#208492));
#208487=ORIENTED_EDGE('',*,*,#208454,.F.);
#208488=ORIENTED_EDGE('',*,*,#208467,.F.);
#208489=ORIENTED_EDGE('',*,*,#208477,.F.);
#208490=ORIENTED_EDGE('',*,*,#208485,.F.);
#208491=ORIENTED_EDGE('',*,*,#206194,.F.);
#208492=ORIENTED_EDGE('',*,*,#208416,.T.);
#208493=FACE_OUTER_BOUND('',#208486,.T.);
#208494=ADVANCED_FACE('PartBody',(#208493),#208426,.F.);
#208495=B_SPLINE_SURFACE_WITH_KNOTS('',5,1,((#208496,#208497),(#208498,#208499),(#208500,#208501),(#208502,#208503),(#208504,#208505),(#208506,#208507),(#208508,#208509),(#208510,#208511),(#208512,#208513),(#208514,#208515),(#208516,#208517),(#208518,#208519),(#208520,#208521),(#208522,#208523),(#208524,#208525),(#208526,#208527),(#208528,#208529),(#208530,#208531),(#208532,#208533),(#208534,#208535),(#208536,#208537),(#208538,#208539),(#208540,#208541),(#208542,#208543),(#208544,#208545),(#208546,#208547),(#208548,#208549),(#208550,#208551),(#208552,#208553),(#208554,#208555),(#208556,#208557),(#208558,#208559),(#208560,#208561),(#208562,#208563),(#208564,#208565),(#208566,#208567),(#208568,#208569),(#208570,#208571),(#208572,#208573)),.UNSPECIFIED.,.F.,.F.,.U.,(6,3,3,3,3,3,3,3,3,3,3,3,6),(2,2),(0.,134.343463042,150.903744659,161.075382394,176.368849763,224.451578349,240.918098483,251.315145715,262.856989977,274.230027954,289.394057963,391.756830792,866.093940228),(0.,29.7704577611),.UNSPECIFIED.);
#208496=CARTESIAN_POINT('Control Point',(4135.3,1918.97260247,545.444055256));
#208497=CARTESIAN_POINT('Control Point',(4164.7,1922.22490871,545.073363163));
#208498=CARTESIAN_POINT('Control Point',(4135.3,1921.38761491,518.688633312));
#208499=CARTESIAN_POINT('Control Point',(4164.7,1924.57900726,518.303480525));
#208500=CARTESIAN_POINT('Control Point',(4135.3,1923.2816028,491.888070755));
#208501=CARTESIAN_POINT('Control Point',(4164.7,1926.41221264,491.485996853));
#208502=CARTESIAN_POINT('Control Point',(4135.3,1924.64479096,465.062176627));
#208503=CARTESIAN_POINT('Control Point',(4164.7,1927.71393229,464.640997291));
#208504=CARTESIAN_POINT('Control Point',(4135.3,1925.56814846,434.898891667));
#208505=CARTESIAN_POINT('Control Point',(4164.7,1928.5688333,434.456116345));
#208506=CARTESIAN_POINT('Control Point',(4135.3,1925.7914496,404.729341613));
#208507=CARTESIAN_POINT('Control Point',(4164.7,1928.7226718,404.265196706));
#208508=CARTESIAN_POINT('Control Point',(4135.3,1925.80223393,402.101986608));
#208509=CARTESIAN_POINT('Control Point',(4164.7,1928.72919139,401.635981056));
#208510=CARTESIAN_POINT('Control Point',(4135.3,1925.82077267,396.7574831));
#208511=CARTESIAN_POINT('Control Point',(4164.7,1928.72929528,396.287716406));
#208512=CARTESIAN_POINT('Control Point',(4135.3,1925.81059611,391.412993134));
#208513=CARTESIAN_POINT('Control Point',(4164.7,1928.71975931,390.939445245));
#208514=CARTESIAN_POINT('Control Point',(4135.3,1925.81115553,389.379371654));
#208515=CARTESIAN_POINT('Control Point',(4164.7,1928.71181778,388.904392224));
#208516=CARTESIAN_POINT('Control Point',(4135.3,1925.79372286,384.28819316));
#208517=CARTESIAN_POINT('Control Point',(4164.7,1928.68412792,383.809624501));
#208518=CARTESIAN_POINT('Control Point',(4135.3,1925.75972627,379.19710716));
#208519=CARTESIAN_POINT('Control Point',(4164.7,1928.63720937,378.714975598));
#208520=CARTESIAN_POINT('Control Point',(4135.3,1925.73054837,376.13960093));
#208521=CARTESIAN_POINT('Control Point',(4164.7,1928.603591,375.655313983));
#208522=CARTESIAN_POINT('Control Point',(4135.3,1925.58919452,363.469720288));
#208523=CARTESIAN_POINT('Control Point',(4164.7,1928.43793811,362.976539846));
#208524=CARTESIAN_POINT('Control Point',(4135.3,1925.34489163,350.801259382));
#208525=CARTESIAN_POINT('Control Point',(4164.7,1928.17034077,350.299228107));
#208526=CARTESIAN_POINT('Control Point',(4135.3,1925.1054164,341.37065007));
#208527=CARTESIAN_POINT('Control Point',(4164.7,1927.91371052,340.862047618));
#208528=CARTESIAN_POINT('Control Point',(4135.3,1924.70485227,328.471564743));
#208529=CARTESIAN_POINT('Control Point',(4164.7,1927.48821709,327.954122927));
#208530=CARTESIAN_POINT('Control Point',(4135.3,1924.19305227,315.576686467));
#208531=CARTESIAN_POINT('Control Point',(4164.7,1926.95019932,315.050605506));
#208532=CARTESIAN_POINT('Control Point',(4135.3,1924.05455215,312.287478399));
#208533=CARTESIAN_POINT('Control Point',(4164.7,1926.80505124,311.759209964));
#208534=CARTESIAN_POINT('Control Point',(4135.3,1923.81882464,306.921953214));
#208535=CARTESIAN_POINT('Control Point',(4164.7,1926.56108588,306.389999561));
#208536=CARTESIAN_POINT('Control Point',(4135.3,1923.56593965,301.557218882));
#208537=CARTESIAN_POINT('Control Point',(4164.7,1926.29716928,301.021738883));
#208538=CARTESIAN_POINT('Control Point',(4135.3,1923.46552449,299.481001186));
#208539=CARTESIAN_POINT('Control Point',(4164.7,1926.18981087,298.944300247));
#208540=CARTESIAN_POINT('Control Point',(4135.3,1923.24326591,295.100513738));
#208541=CARTESIAN_POINT('Control Point',(4164.7,1925.96217191,294.560772504));
#208542=CARTESIAN_POINT('Control Point',(4135.3,1923.01297994,290.720441348));
#208543=CARTESIAN_POINT('Control Point',(4164.7,1925.73053085,290.177450961));
#208544=CARTESIAN_POINT('Control Point',(4135.3,1922.9144229,288.794129795));
#208545=CARTESIAN_POINT('Control Point',(4164.7,1925.62511848,288.250035567));
#208546=CARTESIAN_POINT('Control Point',(4135.3,1922.66517017,284.219660052));
#208547=CARTESIAN_POINT('Control Point',(4164.7,1925.36079292,283.672945293));
#208548=CARTESIAN_POINT('Control Point',(4135.3,1922.39438172,279.64641582));
#208549=CARTESIAN_POINT('Control Point',(4164.7,1925.08005902,279.096829509));
#208550=CARTESIAN_POINT('Control Point',(4135.3,1922.25397469,277.377000581));
#208551=CARTESIAN_POINT('Control Point',(4164.7,1924.94086674,276.82561966));
#208552=CARTESIAN_POINT('Control Point',(4135.3,1921.93093385,272.081440635));
#208553=CARTESIAN_POINT('Control Point',(4164.7,1924.61692397,271.526084176));
#208554=CARTESIAN_POINT('Control Point',(4135.3,1921.60430244,266.786101014));
#208555=CARTESIAN_POINT('Control Point',(4164.7,1924.27934186,266.227399682));
#208556=CARTESIAN_POINT('Control Point',(4135.3,1921.40980731,263.760652773));
#208557=CARTESIAN_POINT('Control Point',(4164.7,1924.07971028,263.199982311));
#208558=CARTESIAN_POINT('Control Point',(4135.3,1919.8687607,240.314760298));
#208559=CARTESIAN_POINT('Control Point',(4164.7,1922.50031895,239.738784357));
#208560=CARTESIAN_POINT('Control Point',(4135.3,1918.02627668,216.889185931));
#208561=CARTESIAN_POINT('Control Point',(4164.7,1920.6202284,216.298326277));
#208562=CARTESIAN_POINT('Control Point',(4135.3,1916.19427528,196.496442959));
#208563=CARTESIAN_POINT('Control Point',(4164.7,1918.75571937,195.892959063));
#208564=CARTESIAN_POINT('Control Point',(4135.3,1904.60523146,81.7769282749));
#208565=CARTESIAN_POINT('Control Point',(4164.7,1906.98592975,81.1040850997));
#208566=CARTESIAN_POINT('Control Point',(4135.3,1885.87372258,-32.1407496349));
#208567=CARTESIAN_POINT('Control Point',(4164.7,1888.08373489,-32.8737933889));
#208568=CARTESIAN_POINT('Control Point',(4135.3,1865.70583044,-124.826359257));
#208569=CARTESIAN_POINT('Control Point',(4164.7,1867.78060452,-125.610038276));
#208570=CARTESIAN_POINT('Control Point',(4135.3,1840.77930012,-216.445995518));
#208571=CARTESIAN_POINT('Control Point',(4164.7,1842.72128406,-217.279837883));
#208572=CARTESIAN_POINT('Control Point',(4135.3,1811.19878211,-306.566322561));
#208573=CARTESIAN_POINT('Control Point',(4164.7,1813.03461387,-307.400183492));
#208574=B_SPLINE_CURVE_WITH_KNOTS('',5,(#208575,#208576,#208577,#208578,#208579,#208580),.UNSPECIFIED.,.F.,.U.,(6,6),(382.929324837,433.046970114),.UNSPECIFIED.);
#208575=CARTESIAN_POINT('Control Point',(4164.7,1925.88561866,495.082582448));
#208576=CARTESIAN_POINT('Control Point',(4164.7,1925.30062109,505.090730466));
#208577=CARTESIAN_POINT('Control Point',(4164.7,1924.64151165,515.09452974));
#208578=CARTESIAN_POINT('Control Point',(4164.7,1923.90883711,525.093403696));
#208579=CARTESIAN_POINT('Control Point',(4164.7,1923.10311948,535.086695768));
#208580=CARTESIAN_POINT('Control Point',(4164.7,1922.22490871,545.073363163));
#208581=CARTESIAN_POINT('Vertex',(4164.7,1925.88568119,495.082586103));
#208582=VERTEX_POINT('',#208581);
#208583=EDGE_CURVE('',#208582,#208476,#208574,.T.);
#208584=B_SPLINE_CURVE_WITH_KNOTS('',5,(#208585,#208586,#208587,#208588,#208589,#208590,#208591,#208592,#208593,#208594,#208595,#208596,#208597,#208598,#208599,#208600,#208601,#208602,#208603,#208604,#208605,#208606,#208607,#208608,#208609,#208610,#208611,#208612,#208613,#208614,#208615,#208616,#208617,#208618,#208619,#208620,#208621,#208622,#208623),.UNSPECIFIED.,.F.,.U.,(6,3,3,3,3,3,3,3,3,3,3,3,6),(-382.930289931,41.2901393219,143.652912151,158.81694216,170.189980137,181.731824399,192.128871631,208.595391766,256.678120351,271.97158772,282.143225455,298.703507072,382.929324837),.UNSPECIFIED.);
#208585=CARTESIAN_POINT('Control Point',(4164.7,1828.19952094,-259.623766971));
#208586=CARTESIAN_POINT('Control Point',(4164.7,1852.99340445,-178.466771895));
#208587=CARTESIAN_POINT('Control Point',(4164.7,1874.05670278,-96.1822388007));
#208588=CARTESIAN_POINT('Control Point',(4164.7,1891.31516781,-13.057736162));
#208589=CARTESIAN_POINT('Control Point',(4164.7,1908.00875428,91.0795289344));
#208590=CARTESIAN_POINT('Control Point',(4164.7,1918.75571937,195.892959063));
#208591=CARTESIAN_POINT('Control Point',(4164.7,1920.6202284,216.298326277));
#208592=CARTESIAN_POINT('Control Point',(4164.7,1922.50031895,239.738784357));
#208593=CARTESIAN_POINT('Control Point',(4164.7,1924.07971028,263.199982311));
#208594=CARTESIAN_POINT('Control Point',(4164.7,1924.27934186,266.227399682));
#208595=CARTESIAN_POINT('Control Point',(4164.7,1924.61692397,271.526084176));
#208596=CARTESIAN_POINT('Control Point',(4164.7,1924.94086674,276.82561966));
#208597=CARTESIAN_POINT('Control Point',(4164.7,1925.08005902,279.096829509));
#208598=CARTESIAN_POINT('Control Point',(4164.7,1925.36079292,283.672945293));
#208599=CARTESIAN_POINT('Control Point',(4164.7,1925.62511848,288.250035567));
#208600=CARTESIAN_POINT('Control Point',(4164.7,1925.73053085,290.177450961));
#208601=CARTESIAN_POINT('Control Point',(4164.7,1925.96217191,294.560772504));
#208602=CARTESIAN_POINT('Control Point',(4164.7,1926.18981087,298.944300247));
#208603=CARTESIAN_POINT('Control Point',(4164.7,1926.29716928,301.021738883));
#208604=CARTESIAN_POINT('Control Point',(4164.7,1926.56108588,306.389999561));
#208605=CARTESIAN_POINT('Control Point',(4164.7,1926.80505124,311.759209964));
#208606=CARTESIAN_POINT('Control Point',(4164.7,1926.95019932,315.050605506));
#208607=CARTESIAN_POINT('Control Point',(4164.7,1927.48821709,327.954122927));
#208608=CARTESIAN_POINT('Control Point',(4164.7,1927.91371052,340.862047618));
#208609=CARTESIAN_POINT('Control Point',(4164.7,1928.17034077,350.299228107));
#208610=CARTESIAN_POINT('Control Point',(4164.7,1928.43793811,362.976539846));
#208611=CARTESIAN_POINT('Control Point',(4164.7,1928.603591,375.655313983));
#208612=CARTESIAN_POINT('Control Point',(4164.7,1928.63720937,378.714975598));
#208613=CARTESIAN_POINT('Control Point',(4164.7,1928.68412792,383.809624501));
#208614=CARTESIAN_POINT('Control Point',(4164.7,1928.71181778,388.904392224));
#208615=CARTESIAN_POINT('Control Point',(4164.7,1928.71975931,390.939445245));
#208616=CARTESIAN_POINT('Control Point',(4164.7,1928.72929528,396.287716406));
#208617=CARTESIAN_POINT('Control Point',(4164.7,1928.72919139,401.635981056));
#208618=CARTESIAN_POINT('Control Point',(4164.7,1928.7226718,404.265196706));
#208619=CARTESIAN_POINT('Control Point',(4164.7,1928.61992563,424.429209428));
#208620=CARTESIAN_POINT('Control Point',(4164.7,1928.20445778,444.590528482));
#208621=CARTESIAN_POINT('Control Point',(4164.7,1927.64255486,461.431670811));
#208622=CARTESIAN_POINT('Control Point',(4164.7,1926.86874343,478.263267684));
#208623=CARTESIAN_POINT('Control Point',(4164.7,1925.88561866,495.082582448));
#208624=CARTESIAN_POINT('Vertex',(4164.7,1828.19953778,-259.623772117));
#208625=VERTEX_POINT('',#208624);
#208626=EDGE_CURVE('',#208625,#208582,#208584,.T.);
#208627=B_SPLINE_CURVE_WITH_KNOTS('',5,(#208628,#208629,#208630,#208631,#208632,#208633),.UNSPECIFIED.,.F.,.U.,(6,6),(-432.99739488,-382.930289931),.UNSPECIFIED.);
#208628=CARTESIAN_POINT('Control Point',(4164.7,1813.05012685,-307.353088786));
#208629=CARTESIAN_POINT('Control Point',(4164.7,1816.1834022,-297.840661565));
#208630=CARTESIAN_POINT('Control Point',(4164.7,1819.26512303,-288.310973303));
#208631=CARTESIAN_POINT('Control Point',(4164.7,1822.29513783,-278.764591898));
#208632=CARTESIAN_POINT('Control Point',(4164.7,1825.27331116,-269.202032207));
#208633=CARTESIAN_POINT('Control Point',(4164.7,1828.19952094,-259.623766971));
#208634=CARTESIAN_POINT('Vertex',(4164.70000062,1813.0501268,-307.353088784));
#208635=VERTEX_POINT('',#208634);
#208636=EDGE_CURVE('',#208635,#208625,#208627,.T.);
#208637=B_SPLINE_CURVE_WITH_KNOTS('',3,(#208638,#208639,#208640,#208641),.UNSPECIFIED.,.F.,.U.,(4,4),(1.54602338817,1.61593077815),.UNSPECIFIED.);
#208638=CARTESIAN_POINT('Control Point',(4164.69983213,1813.05011572,-307.353085987));
#208639=CARTESIAN_POINT('Control Point',(4164.69988806,1813.0449489,-307.368784324));
#208640=CARTESIAN_POINT('Control Point',(4164.69994399,1813.03978161,-307.384483488));
#208641=CARTESIAN_POINT('Control Point',(4164.69999993,1813.03461387,-307.400183491));
#208642=CARTESIAN_POINT('Vertex',(4164.7,1813.03461387,-307.400183492));
#208643=VERTEX_POINT('',#208642);
#208644=EDGE_CURVE('',#208643,#208635,#208637,.F.);
#208645=B_SPLINE_CURVE_WITH_KNOTS('',5,(#208646,#208647,#208648,#208649,#208650,#208651),.UNSPECIFIED.,.F.,.U.,(6,6),(8.53882266336,29.7704577611),.UNSPECIFIED.);
#208646=CARTESIAN_POINT('Control Point',(4143.73256722,1811.72533908,-306.805492233));
#208647=CARTESIAN_POINT('Control Point',(4147.92605378,1811.98719404,-306.924430485));
#208648=CARTESIAN_POINT('Control Point',(4152.11954033,1812.249049,-307.043368737));
#208649=CARTESIAN_POINT('Control Point',(4156.31302689,1812.51090396,-307.162306988));
#208650=CARTESIAN_POINT('Control Point',(4160.50651344,1812.77275891,-307.28124524));
#208651=CARTESIAN_POINT('Control Point',(4164.7,1813.03461387,-307.400183492));
#208652=EDGE_CURVE('',#207299,#208643,#208645,.T.);
#208653=EDGE_LOOP('',(#208654,#208655,#208656,#208657,#208658,#208659,#208660));
#208654=ORIENTED_EDGE('',*,*,#208583,.F.);
#208655=ORIENTED_EDGE('',*,*,#208626,.F.);
#208656=ORIENTED_EDGE('',*,*,#208636,.F.);
#208657=ORIENTED_EDGE('',*,*,#208644,.F.);
#208658=ORIENTED_EDGE('',*,*,#208652,.F.);
#208659=ORIENTED_EDGE('',*,*,#207300,.F.);
#208660=ORIENTED_EDGE('',*,*,#208485,.T.);
#208661=FACE_OUTER_BOUND('',#208653,.T.);
#208662=ADVANCED_FACE('PartBody',(#208661),#208495,.F.);
#208663=B_SPLINE_SURFACE_WITH_KNOTS('',5,1,((#208664,#208665),(#208666,#208667),(#208668,#208669),(#208670,#208671),(#208672,#208673),(#208674,#208675)),.UNSPECIFIED.,.F.,.F.,.U.,(6,6),(2,2),(0.,51.4925422873),(0.,29.7704577611),.UNSPECIFIED.);
#208664=CARTESIAN_POINT('Control Point',(4135.3,1811.19878211,-306.566322562));
#208665=CARTESIAN_POINT('Control Point',(4164.7,1813.03461387,-307.400183492));
#208666=CARTESIAN_POINT('Control Point',(4135.3,1808.48278458,-316.498365419));
#208667=CARTESIAN_POINT('Control Point',(4164.7,1810.30701031,-317.332787066));
#208668=CARTESIAN_POINT('Control Point',(4135.3,1805.71089191,-326.415653495));
#208669=CARTESIAN_POINT('Control Point',(4164.7,1807.52393904,-327.249856003));
#208670=CARTESIAN_POINT('Control Point',(4135.3,1802.87755227,-336.337279106));
#208671=CARTESIAN_POINT('Control Point',(4164.7,1804.69019721,-337.13447037));
#208672=CARTESIAN_POINT('Control Point',(4135.3,1799.9955537,-346.218365167));
#208673=CARTESIAN_POINT('Control Point',(4164.7,1801.79549422,-347.022357845));
#208674=CARTESIAN_POINT('Control Point',(4135.3,1797.05926522,-356.079497786));
#208675=CARTESIAN_POINT('Control Point',(4164.7,1798.84385025,-356.898724798));
#208676=B_SPLINE_CURVE_WITH_KNOTS('',5,(#208677,#208678,#208679,#208680,#208681,#208682),.UNSPECIFIED.,.F.,.U.,(6,6),(-13.46557454,25.7462711436),.UNSPECIFIED.);
#208677=CARTESIAN_POINT('Control Point',(4164.7,1802.33088254,-345.116137016));
#208678=CARTESIAN_POINT('Control Point',(4164.7,1804.53668396,-337.588872931));
#208679=CARTESIAN_POINT('Control Point',(4164.7,1806.70898268,-330.056878513));
#208680=CARTESIAN_POINT('Control Point',(4164.7,1808.84827935,-322.518636337));
#208681=CARTESIAN_POINT('Control Point',(4164.7,1810.9575292,-314.963914108));
#208682=CARTESIAN_POINT('Control Point',(4164.7,1813.03461387,-307.400183492));
#208683=EDGE_CURVE('',#207544,#208643,#208676,.T.);
#208684=EDGE_LOOP('',(#208685,#208686,#208687,#208688,#208689));
#208685=ORIENTED_EDGE('',*,*,#207561,.T.);
#208686=ORIENTED_EDGE('',*,*,#207482,.T.);
#208687=ORIENTED_EDGE('',*,*,#207418,.F.);
#208688=ORIENTED_EDGE('',*,*,#208652,.T.);
#208689=ORIENTED_EDGE('',*,*,#208683,.F.);
#208690=FACE_OUTER_BOUND('',#208684,.T.);
#208691=ADVANCED_FACE('PartBody',(#208690),#208663,.F.);
#208692=B_SPLINE_SURFACE_WITH_KNOTS('',5,2,((#208693,#208694,#208695),(#208696,#208697,#208698),(#208699,#208700,#208701),(#208702,#208703,#208704),(#208705,#208706,#208707),(#208708,#208709,#208710),(#208711,#208712,#208713),(#208714,#208715,#208716),(#208717,#208718,#208719)),.UNSPECIFIED.,.F.,.F.,.U.,(6,3,6),(3,3),(-0.101625713699,25.1519078652,50.405441444),(8.54297936676,29.7705028603),.UNSPECIFIED.);
#208693=CARTESIAN_POINT('Control Point',(4144.01017509,1807.85699269,-305.641254168));
#208694=CARTESIAN_POINT('Control Point',(4154.49187797,1808.5119531,-305.937050577));
#208695=CARTESIAN_POINT('Control Point',(4164.97358077,1809.16691445,-306.232848043));
#208696=CARTESIAN_POINT('Control Point',(4144.00952913,1806.52584118,-310.503890162));
#208697=CARTESIAN_POINT('Control Point',(4154.49123188,1807.1787717,-310.799798414));
#208698=CARTESIAN_POINT('Control Point',(4164.97293433,1807.83170313,-311.095707648));
#208699=CARTESIAN_POINT('Control Point',(4144.00889397,1805.18140599,-315.362559616));
#208700=CARTESIAN_POINT('Control Point',(4154.49059601,1805.83233558,-315.65854009));
#208701=CARTESIAN_POINT('Control Point',(4164.97229828,1806.48326641,-315.954520402));
#208702=CARTESIAN_POINT('Control Point',(4144.00826628,1803.82315042,-320.219103389));
#208703=CARTESIAN_POINT('Control Point',(4154.48996805,1804.47255305,-320.513566028));
#208704=CARTESIAN_POINT('Control Point',(4164.97166968,1805.12195717,-320.808027407));
#208705=CARTESIAN_POINT('Control Point',(4144.00701671,1801.07977431,-329.925175809));
#208706=CARTESIAN_POINT('Control Point',(4154.48871727,1801.72656768,-330.215189156));
#208707=CARTESIAN_POINT('Control Point',(4164.97041786,1802.37336278,-330.505200408));
#208708=CARTESIAN_POINT('Control Point',(4144.00576943,1798.28318496,-339.61537468));
#208709=CARTESIAN_POINT('Control Point',(4154.4874692,1798.92715654,-339.9018975));
#208710=CARTESIAN_POINT('Control Point',(4164.96916883,1799.57112931,-340.188420003));
#208711=CARTESIAN_POINT('Control Point',(4144.00514538,1796.87182251,-344.45567506));
#208712=CARTESIAN_POINT('Control Point',(4154.48684482,1797.5140549,-344.741638301));
#208713=CARTESIAN_POINT('Control Point',(4164.96854417,1798.15628803,-345.02760282));
#208714=CARTESIAN_POINT('Control Point',(4144.00453035,1795.44756851,-349.290574822));
#208715=CARTESIAN_POINT('Control Point',(4154.48622976,1796.08743493,-349.578172484));
#208716=CARTESIAN_POINT('Control Point',(4164.96792908,1796.72730156,-349.865773098));
#208717=CARTESIAN_POINT('Control Point',(4144.00391772,1794.01013513,-354.121125543));
#208718=CARTESIAN_POINT('Control Point',(4154.48561736,1794.64736295,-354.4112483));
#208719=CARTESIAN_POINT('Control Point',(4164.96731689,1795.28459072,-354.701374838));
#208720=B_SPLINE_CURVE_WITH_KNOTS('',4,(#208721,#208722,#208723,#208724,#208725),.UNSPECIFIED.,.F.,.U.,(5,5),(-13.4511316196,25.3575920506),.UNSPECIFIED.);
#208721=CARTESIAN_POINT('Control Point',(4164.96863982,1798.45886013,-343.966446866));
#208722=CARTESIAN_POINT('Control Point',(4164.96983201,1801.18298229,-334.670486394));
#208723=CARTESIAN_POINT('Control Point',(4164.971037,1803.85190233,-325.368937122));
#208724=CARTESIAN_POINT('Control Point',(4164.97223495,1806.47043572,-316.045474386));
#208725=CARTESIAN_POINT('Control Point',(4164.9734736,1809.0372464,-306.704893207));
#208726=CARTESIAN_POINT('Vertex',(4164.9734736,1809.0372464,-306.704893207));
#208727=VERTEX_POINT('',#208726);
#208728=EDGE_CURVE('',#207542,#208727,#208720,.T.);
#208729=B_SPLINE_CURVE_WITH_KNOTS('',3,(#208730,#208731,#208732,#208733),.UNSPECIFIED.,.F.,.U.,(4,4),(25.3575920506,25.8478569429),.UNSPECIFIED.);
#208730=CARTESIAN_POINT('Control Point',(4164.9734736,1809.0372464,-306.704893207));
#208731=CARTESIAN_POINT('Control Point',(4164.97349446,1809.08048126,-306.547562292));
#208732=CARTESIAN_POINT('Control Point',(4164.97351531,1809.12369876,-306.390228828));
#208733=CARTESIAN_POINT('Control Point',(4164.97353622,1809.16690111,-306.232885216));
#208734=CARTESIAN_POINT('Vertex',(4164.97353622,1809.16690111,-306.232885216));
#208735=VERTEX_POINT('',#208734);
#208736=EDGE_CURVE('',#208727,#208735,#208729,.T.);
#208737=B_SPLINE_CURVE_WITH_KNOTS('',2,(#208738,#208739,#208740),.UNSPECIFIED.,.F.,.U.,(3,3),(-10.6125991065,10.6148792459),.UNSPECIFIED.);
#208738=CARTESIAN_POINT('Control Point',(4144.01017513,1807.85699269,-305.641254169));
#208739=CARTESIAN_POINT('Control Point',(4154.49185572,1808.51194645,-305.937069163));
#208740=CARTESIAN_POINT('Control Point',(4164.97353622,1809.16690111,-306.232885216));
#208741=EDGE_CURVE('',#208238,#208735,#208737,.T.);
#208742=EDGE_LOOP('',(#208743,#208744,#208745,#208746,#208747,#208748));
#208743=ORIENTED_EDGE('',*,*,#208728,.T.);
#208744=ORIENTED_EDGE('',*,*,#208736,.T.);
#208745=ORIENTED_EDGE('',*,*,#208741,.F.);
#208746=ORIENTED_EDGE('',*,*,#208350,.T.);
#208747=ORIENTED_EDGE('',*,*,#207455,.F.);
#208748=ORIENTED_EDGE('',*,*,#207553,.T.);
#208749=FACE_OUTER_BOUND('',#208742,.T.);
#208750=ADVANCED_FACE('PartBody',(#208749),#208692,.T.);
#208751=B_SPLINE_SURFACE_WITH_KNOTS('',5,1,((#208752,#208753),(#208754,#208755),(#208756,#208757),(#208758,#208759),(#208760,#208761),(#208762,#208763),(#208764,#208765),(#208766,#208767),(#208768,#208769),(#208770,#208771),(#208772,#208773),(#208774,#208775)),.UNSPECIFIED.,.F.,.F.,.U.,(6,3,3,6),(2,2),(0.,19.4307421549,37.890485129,54.7852673548),(0.,20.0087453868),.UNSPECIFIED.);
#208752=CARTESIAN_POINT('Control Point',(4165.38147984,1803.93260649,-302.583003676));
#208753=CARTESIAN_POINT('Control Point',(4164.018294,1823.32610806,-307.890862551));
#208754=CARTESIAN_POINT('Control Point',(4165.38011887,1802.91116967,-306.319109838));
#208755=CARTESIAN_POINT('Control Point',(4164.01965118,1822.29585506,-311.651321552));
#208756=CARTESIAN_POINT('Control Point',(4165.37876461,1801.88709696,-310.046194762));
#208757=CARTESIAN_POINT('Control Point',(4164.02100612,1821.25613375,-315.417491591));
#208758=CARTESIAN_POINT('Control Point',(4165.37728389,1800.74959042,-314.137795922));
#208759=CARTESIAN_POINT('Control Point',(4164.02248459,1820.10574682,-319.541899529));
#208760=CARTESIAN_POINT('Control Point',(4165.37466337,1798.71495739,-321.403213769));
#208761=CARTESIAN_POINT('Control Point',(4164.02509888,1818.04635047,-326.869140778));
#208762=CARTESIAN_POINT('Control Point',(4165.37206406,1796.65051906,-328.660213836));
#208763=CARTESIAN_POINT('Control Point',(4164.02769621,1815.95667357,-334.187805645));
#208764=CARTESIAN_POINT('Control Point',(4165.37080244,1795.63765931,-332.193756836));
#208765=CARTESIAN_POINT('Control Point',(4164.02895476,1814.93141933,-337.751355615));
#208766=CARTESIAN_POINT('Control Point',(4165.3683955,1793.68426704,-338.957281019));
#208767=CARTESIAN_POINT('Control Point',(4164.03135773,1812.95413119,-344.572287791));
#208768=CARTESIAN_POINT('Control Point',(4165.36600704,1791.70487943,-345.713242127));
#208769=CARTESIAN_POINT('Control Point',(4164.03374223,1810.9505965,-351.385553449));
#208770=CARTESIAN_POINT('Control Point',(4165.36476525,1790.66620375,-349.23529931));
#208771=CARTESIAN_POINT('Control Point',(4164.03497924,1809.90053276,-354.934742435));
#208772=CARTESIAN_POINT('Control Point',(4165.36363405,1789.70859885,-352.456618742));
#208773=CARTESIAN_POINT('Control Point',(4164.03611226,1808.9283221,-358.18989923));
#208774=CARTESIAN_POINT('Control Point',(4165.36250453,1788.74352284,-355.682305849));
#208775=CARTESIAN_POINT('Control Point',(4164.03723854,1807.95395123,-361.437800576));
#208776=B_SPLINE_CURVE_WITH_KNOTS('',3,(#208777,#208778,#208779,#208780),.UNSPECIFIED.,.F.,.U.,(4,4),(8.53903553738,14.2792732643),.UNSPECIFIED.);
#208777=CARTESIAN_POINT('Control Point',(4164.97347223,1809.03724667,-306.704893281));
#208778=CARTESIAN_POINT('Control Point',(4164.88227695,1810.37479208,-306.921334555));
#208779=CARTESIAN_POINT('Control Point',(4164.79106363,1811.71241481,-307.137400489));
#208780=CARTESIAN_POINT('Control Point',(4164.69983213,1813.05011579,-307.353085763));
#208781=EDGE_CURVE('',#208727,#208635,#208776,.T.);
#208782=EDGE_LOOP('',(#208783,#208784,#208785,#208786,#208787));
#208783=ORIENTED_EDGE('',*,*,#208683,.T.);
#208784=ORIENTED_EDGE('',*,*,#208644,.T.);
#208785=ORIENTED_EDGE('',*,*,#208781,.F.);
#208786=ORIENTED_EDGE('',*,*,#208728,.F.);
#208787=ORIENTED_EDGE('',*,*,#207545,.T.);
#208788=FACE_OUTER_BOUND('',#208782,.T.);
#208789=ADVANCED_FACE('PartBody',(#208788),#208751,.T.);
#208790=B_SPLINE_SURFACE_WITH_KNOTS('',5,5,((#208791,#208792,#208793,#208794,#208795,#208796,#208797,#208798,#208799),(#208800,#208801,#208802,#208803,#208804,#208805,#208806,#208807,#208808),(#208809,#208810,#208811,#208812,#208813,#208814,#208815,#208816,#208817),(#208818,#208819,#208820,#208821,#208822,#208823,#208824,#208825,#208826),(#208827,#208828,#208829,#208830,#208831,#208832,#208833,#208834,#208835),(#208836,#208837,#208838,#208839,#208840,#208841,#208842,#208843,#208844),(#208845,#208846,#208847,#208848,#208849,#208850,#208851,#208852,#208853),(#208854,#208855,#208856,#208857,#208858,#208859,#208860,#208861,#208862),(#208863,#208864,#208865,#208866,#208867,#208868,#208869,#208870,#208871),(#208872,#208873,#208874,#208875,#208876,#208877,#208878,#208879,#208880),(#208881,#208882,#208883,#208884,#208885,#208886,#208887,#208888,#208889),(#208890,#208891,#208892,#208893,#208894,#208895,#208896,#208897,#208898),(#208899,#208900,#208901,#208902,#208903,#208904,#208905,#208906,#208907),(#208908,#208909,#208910,#208911,#208912,#208913,#208914,#208915,#208916),(#208917,#208918,#208919,#208920,#208921,#208922,#208923,#208924,#208925),(#208926,#208927,#208928,#208929,#208930,#208931,#208932,#208933,#208934),(#208935,#208936,#208937,#208938,#208939,#208940,#208941,#208942,#208943),(#208944,#208945,#208946,#208947,#208948,#208949,#208950,#208951,#208952),(#208953,#208954,#208955,#208956,#208957,#208958,#208959,#208960,#208961),(#208962,#208963,#208964,#208965,#208966,#208967,#208968,#208969,#208970),(#208971,#208972,#208973,#208974,#208975,#208976,#208977,#208978,#208979),(#208980,#208981,#208982,#208983,#208984,#208985,#208986,#208987,#208988),(#208989,#208990,#208991,#208992,#208993,#208994,#208995,#208996,#208997),(#208998,#208999,#209000,#209001,#209002,#209003,#209004,#209005,#209006),(#209007,#209008,#209009,#209010,#209011,#209012,#209013,#209014,#209015),(#209016,#209017,#209018,#209019,#209020,#209021,#209022,#209023,#209024),(#209025,#209026,#209027,#209028,#209029,#209030,#209031,#209032,#209033),(#209034,#209035,#209036,#209037,#209038,#209039,#209040,#209041,#209042),(#209043,#209044,#209045,#209046,#209047,#209048,#209049,#209050,#209051),(#209052,#209053,#209054,#209055,#209056,#209057,#209058,#209059,#209060),(#209061,#209062,#209063,#209064,#209065,#209066,#209067,#209068,#209069),(#209070,#209071,#209072,#209073,#209074,#209075,#209076,#209077,#209078),(#209079,#209080,#209081,#209082,#209083,#209084,#209085,#209086,#209087),(#209088,#209089,#209090,#209091,#209092,#209093,#209094,#209095,#209096),(#209097,#209098,#209099,#209100,#209101,#209102,#209103,#209104,#209105),(#209106,#209107,#209108,#209109,#209110,#209111,#209112,#209113,#209114),(#209115,#209116,#209117,#209118,#209119,#209120,#209121,#209122,#209123),(#209124,#209125,#209126,#209127,#209128,#209129,#209130,#209131,#209132),(#209133,#209134,#209135,#209136,#209137,#209138,#209139,#209140,#209141),(#209142,#209143,#209144,#209145,#209146,#209147,#209148,#209149,#209150),(#209151,#209152,#209153,#209154,#209155,#209156,#209157,#209158,#209159),(#209160,#209161,#209162,#209163,#209164,#209165,#209166,#209167,#209168),(#209169,#209170,#209171,#209172,#209173,#209174,#209175,#209176,#209177),(#209178,#209179,#209180,#209181,#209182,#209183,#209184,#209185,#209186),(#209187,#209188,#209189,#209190,#209191,#209192,#209193,#209194,#209195),(#209196,#209197,#209198,#209199,#209200,#209201,#209202,#209203,#209204),(#209205,#209206,#209207,#209208,#209209,#209210,#209211,#209212,#209213),(#209214,#209215,#209216,#209217,#209218,#209219,#209220,#209221,#209222),(#209223,#209224,#209225,#209226,#209227,#209228,#209229,#209230,#209231),(#209232,#209233,#209234,#209235,#209236,#209237,#209238,#209239,#209240),(#209241,#209242,#209243,#209244,#209245,#209246,#209247,#209248,#209249),(#209250,#209251,#209252,#209253,#209254,#209255,#209256,#209257,#209258),(#209259,#209260,#209261,#209262,#209263,#209264,#209265,#209266,#209267),(#209268,#209269,#209270,#209271,#209272,#209273,#209274,#209275,#209276),(#209277,#209278,#209279,#209280,#209281,#209282,#209283,#209284,#209285),(#209286,#209287,#209288,#209289,#209290,#209291,#209292,#209293,#209294),(#209295,#209296,#209297,#209298,#209299,#209300,#209301,#209302,#209303),(#209304,#209305,#209306,#209307,#209308,#209309,#209310,#209311,#209312),(#209313,#209314,#209315,#209316,#209317,#209318,#209319,#209320,#209321),(#209322,#209323,#209324,#209325,#209326,#209327,#209328,#209329,#209330),(#209331,#209332,#209333,#209334,#209335,#209336,#209337,#209338,#209339),(#209340,#209341,#209342,#209343,#209344,#209345,#209346,#209347,#209348),(#209349,#209350,#209351,#209352,#209353,#209354,#209355,#209356,#209357),(#209358,#209359,#209360,#209361,#209362,#209363,#209364,#209365,#209366),(#209367,#209368,#209369,#209370,#209371,#209372,#209373,#209374,#209375),(#209376,#209377,#209378,#209379,#209380,#209381,#209382,#209383,#209384),(#209385,#209386,#209387,#209388,#209389,#209390,#209391,#209392,#209393),(#209394,#209395,#209396,#209397,#209398,#209399,#209400,#209401,#209402),(#209403,#209404,#209405,#209406,#209407,#209408,#209409,#209410,#209411),(#209412,#209413,#209414,#209415,#209416,#209417,#209418,#209419,#209420),(#209421,#209422,#209423,#209424,#209425,#209426,#209427,#209428,#209429),(#209430,#209431,#209432,#209433,#209434,#209435,#209436,#209437,#209438),(#209439,#209440,#209441,#209442,#209443,#209444,#209445,#209446,#209447),(#209448,#209449,#209450,#209451,#209452,#209453,#209454,#209455,#209456),(#209457,#209458,#209459,#209460,#209461,#209462,#209463,#209464,#209465),(#209466,#209467,#209468,#209469,#209470,#209471,#209472,#209473,#209474),(#209475,#209476,#209477,#209478,#209479,#209480,#209481,#209482,#209483),(#209484,#209485,#209486,#209487,#209488,#209489,#209490,#209491,#209492),(#209493,#209494,#209495,#209496,#209497,#209498,#209499,#209500,#209501),(#209502,#209503,#209504,#209505,#209506,#209507,#209508,#209509,#209510),(#209511,#209512,#209513,#209514,#209515,#209516,#209517,#209518,#209519),(#209520,#209521,#209522,#209523,#209524,#209525,#209526,#209527,#209528),(#209529,#209530,#209531,#209532,#209533,#209534,#209535,#209536,#209537),(#209538,#209539,#209540,#209541,#209542,#209543,#209544,#209545,#209546),(#209547,#209548,#209549,#209550,#209551,#209552,#209553,#209554,#209555),(#209556,#209557,#209558,#209559,#209560,#209561,#209562,#209563,#209564),(#209565,#209566,#209567,#209568,#209569,#209570,#209571,#209572,#209573),(#209574,#209575,#209576,#209577,#209578,#209579,#209580,#209581,#209582),(#209583,#209584,#209585,#209586,#209587,#209588,#209589,#209590,#209591),(#209592,#209593,#209594,#209595,#209596,#209597,#209598,#209599,#209600),(#209601,#209602,#209603,#209604,#209605,#209606,#209607,#209608,#209609),(#209610,#209611,#209612,#209613,#209614,#209615,#209616,#209617,#209618),(#209619,#209620,#209621,#209622,#209623,#209624,#209625,#209626,#209627)),.UNSPECIFIED.,.F.,.F.,.U.,(6,3,3,3,3,3,3,3,3,3,3,3,3,3,3,3,3,3,3,3,3,3,3,3,3,3,3,3,3,3,6),(6,3,6),(2809.50163706,3521.72724925,3628.63733447,3682.09237708,3719.33728226,3735.54741969,3751.76300555,3759.76915823,3767.85227946,3776.07524925,3784.10174085,3792.98285567,3801.774375,3819.10348153,3853.14111909,3887.17875664,3904.35618473,3912.12842554,3919.7982657,3935.5125587,3943.98183239,3952.9251633,3970.60315602,3982.32498681,3999.97516609,4005.4677506,4023.05032476,4040.63289892,4075.79804724,4102.74798912,4339.83121435),(0.,2.50000001,5.00000002),.UNSPECIFIED.);
#208791=CARTESIAN_POINT('Control Point',(4130.3,1745.23078555,924.99940795));
#208792=CARTESIAN_POINT('Control Point',(4131.4900353,1745.23078555,924.99940795));
#208793=CARTESIAN_POINT('Control Point',(4132.68008946,1745.45243462,925.073201801));
#208794=CARTESIAN_POINT('Control Point',(4133.8088894,1745.89606594,925.220900423));
#208795=CARTESIAN_POINT('Control Point',(4135.82222853,1747.17939935,925.648161909));
#208796=CARTESIAN_POINT('Control Point',(4137.17481751,1749.08965101,926.284143922));
#208797=CARTESIAN_POINT('Control Point',(4137.64238956,1750.16065386,926.640713982));
#208798=CARTESIAN_POINT('Control Point',(4137.87600001,1751.28977457,927.016633281));
#208799=CARTESIAN_POINT('Control Point',(4137.876,1752.4188774,927.392546624));
#208800=CARTESIAN_POINT('Control Point',(4130.3,1770.49284621,849.121681935));
#208801=CARTESIAN_POINT('Control Point',(4131.4900353,1770.49284621,849.121681934));
#208802=CARTESIAN_POINT('Control Point',(4132.68008946,1770.71784398,849.185417515));
#208803=CARTESIAN_POINT('Control Point',(4133.8088894,1771.16817773,849.31298448));
#208804=CARTESIAN_POINT('Control Point',(4135.82222853,1772.47089988,849.68200926));
#208805=CARTESIAN_POINT('Control Point',(4137.17481751,1774.41001183,850.231305489));
#208806=CARTESIAN_POINT('Control Point',(4137.64238956,1775.4971955,850.539274245));
#208807=CARTESIAN_POINT('Control Point',(4137.87600001,1776.6433751,850.863954895));
#208808=CARTESIAN_POINT('Control Point',(4137.876,1777.78953653,851.188630402));
#208809=CARTESIAN_POINT('Control Point',(4130.3,1791.44769749,771.820685887));
#208810=CARTESIAN_POINT('Control Point',(4131.4900353,1791.44769749,771.82068589));
#208811=CARTESIAN_POINT('Control Point',(4132.68008946,1791.67548571,771.874137323));
#208812=CARTESIAN_POINT('Control Point',(4133.8088894,1792.13140457,771.981120532));
#208813=CARTESIAN_POINT('Control Point',(4135.82222853,1793.45028327,772.290600766));
#208814=CARTESIAN_POINT('Control Point',(4137.17481751,1795.41344437,772.751264473));
#208815=CARTESIAN_POINT('Control Point',(4137.64238956,1796.51411147,773.009540466));
#208816=CARTESIAN_POINT('Control Point',(4137.87600001,1797.67450615,773.281831778));
#208817=CARTESIAN_POINT('Control Point',(4137.876,1798.83488245,773.554118776));
#208818=CARTESIAN_POINT('Control Point',(4130.3,1807.9662308,693.418875979));
#208819=CARTESIAN_POINT('Control Point',(4131.4900353,1807.9662308,693.418875991));
#208820=CARTESIAN_POINT('Control Point',(4132.68008945,1808.19624875,693.461790985));
#208821=CARTESIAN_POINT('Control Point',(4133.80888938,1808.65663041,693.547685469));
#208822=CARTESIAN_POINT('Control Point',(4135.82222851,1809.98841909,693.796160388));
#208823=CARTESIAN_POINT('Control Point',(4137.17481749,1811.9707968,694.166017204));
#208824=CARTESIAN_POINT('Control Point',(4137.64238955,1813.08223789,694.373381347));
#208825=CARTESIAN_POINT('Control Point',(4137.876,1814.25399122,694.591998083));
#208826=CARTESIAN_POINT('Control Point',(4137.876,1815.42572598,694.810611352));
#208827=CARTESIAN_POINT('Control Point',(4130.3,1821.68625702,602.368446833));
#208828=CARTESIAN_POINT('Control Point',(4131.4900353,1821.68625702,602.368446832));
#208829=CARTESIAN_POINT('Control Point',(4132.68008946,1821.91819264,602.398853838));
#208830=CARTESIAN_POINT('Control Point',(4133.8088894,1822.38241251,602.459713559));
#208831=CARTESIAN_POINT('Control Point',(4135.82222853,1823.72530435,602.635768114));
#208832=CARTESIAN_POINT('Control Point',(4137.17481752,1825.72420919,602.897826677));
#208833=CARTESIAN_POINT('Control Point',(4137.64238956,1826.84491639,603.044752589));
#208834=CARTESIAN_POINT('Control Point',(4137.87600001,1828.02643865,603.199651422));
#208835=CARTESIAN_POINT('Control Point',(4137.876,1829.2079422,603.354547802));
#208836=CARTESIAN_POINT('Control Point',(4130.3,1828.96097486,510.84413642));
#208837=CARTESIAN_POINT('Control Point',(4131.4900353,1828.96097486,510.84413642));
#208838=CARTESIAN_POINT('Control Point',(4132.68008946,1829.19395965,510.861353326));
#208839=CARTESIAN_POINT('Control Point',(4133.8088894,1829.66027945,510.895813018));
#208840=CARTESIAN_POINT('Control Point',(4135.82222853,1831.00924593,510.995497761));
#208841=CARTESIAN_POINT('Control Point',(4137.17481751,1833.01719293,511.143879267));
#208842=CARTESIAN_POINT('Control Point',(4137.64238956,1834.14296971,511.227070932));
#208843=CARTESIAN_POINT('Control Point',(4137.87600001,1835.32983665,511.314776985));
#208844=CARTESIAN_POINT('Control Point',(4137.876,1836.51668479,511.402481648));
#208845=CARTESIAN_POINT('Control Point',(4130.3,1829.79967364,498.892138957));
#208846=CARTESIAN_POINT('Control Point',(4131.4900353,1829.79967364,498.892138958));
#208847=CARTESIAN_POINT('Control Point',(4132.68008946,1830.03278024,498.907622114));
#208848=CARTESIAN_POINT('Control Point',(4133.80888939,1830.49934383,498.938611699));
#208849=CARTESIAN_POINT('Control Point',(4135.82222853,1831.84901553,499.02825814));
#208850=CARTESIAN_POINT('Control Point',(4137.17481751,1833.85801227,499.161697558));
#208851=CARTESIAN_POINT('Control Point',(4137.64238956,1834.98437759,499.236511782));
#208852=CARTESIAN_POINT('Control Point',(4137.87600001,1836.17186502,499.315385793));
#208853=CARTESIAN_POINT('Control Point',(4137.876,1837.35933363,499.394258553));
#208854=CARTESIAN_POINT('Control Point',(4130.3,1830.89003625,480.956298505));
#208855=CARTESIAN_POINT('Control Point',(4131.4900353,1830.89003625,480.956298506));
#208856=CARTESIAN_POINT('Control Point',(4132.68008946,1831.1233023,480.969161728));
#208857=CARTESIAN_POINT('Control Point',(4133.80888939,1831.59018504,480.994907506));
#208858=CARTESIAN_POINT('Control Point',(4135.82222853,1832.94078,481.069384701));
#208859=CARTESIAN_POINT('Control Point',(4137.17481751,1834.95115098,481.180244578));
#208860=CARTESIAN_POINT('Control Point',(4137.64238956,1836.0782868,481.242399343));
#208861=CARTESIAN_POINT('Control Point',(4137.87600001,1837.26658653,481.307926931));
#208862=CARTESIAN_POINT('Control Point',(4137.876,1838.45486743,481.37345348));
#208863=CARTESIAN_POINT('Control Point',(4130.3,1831.72635461,463.012117182));
#208864=CARTESIAN_POINT('Control Point',(4131.4900353,1831.72635461,463.012117183));
#208865=CARTESIAN_POINT('Control Point',(4132.68008946,1831.95974424,463.022329932));
#208866=CARTESIAN_POINT('Control Point',(4133.80888939,1832.42687432,463.042770779));
#208867=CARTESIAN_POINT('Control Point',(4135.82222853,1833.77818477,463.101901911));
#208868=CARTESIAN_POINT('Control Point',(4137.17481751,1835.78962078,463.189919055));
#208869=CARTESIAN_POINT('Control Point',(4137.64238956,1836.91735371,463.2392668));
#208870=CARTESIAN_POINT('Control Point',(4137.87600001,1838.10628296,463.291292395));
#208871=CARTESIAN_POINT('Control Point',(4137.876,1839.29519337,463.343317166));
#208872=CARTESIAN_POINT('Control Point',(4130.3,1831.97676093,457.029985277));
#208873=CARTESIAN_POINT('Control Point',(4131.4900353,1831.97676093,457.029985278));
#208874=CARTESIAN_POINT('Control Point',(4132.68008946,1832.21018771,457.039311055));
#208875=CARTESIAN_POINT('Control Point',(4133.8088894,1832.67739214,457.057976627));
#208876=CARTESIAN_POINT('Control Point',(4135.82222853,1834.02891768,457.111972254));
#208877=CARTESIAN_POINT('Control Point',(4137.17481751,1836.04067386,457.19234516));
#208878=CARTESIAN_POINT('Control Point',(4137.64238956,1837.1685863,457.237407082));
#208879=CARTESIAN_POINT('Control Point',(4137.87600001,1838.35770479,457.284914284));
#208880=CARTESIAN_POINT('Control Point',(4137.876,1839.54680445,457.332420734));
#208881=CARTESIAN_POINT('Control Point',(4130.3,1832.35326252,446.878865532));
#208882=CARTESIAN_POINT('Control Point',(4131.4900353,1832.35326252,446.878865533));
#208883=CARTESIAN_POINT('Control Point',(4132.68008946,1832.58674538,446.886680282));
#208884=CARTESIAN_POINT('Control Point',(4133.8088894,1833.05406204,446.902321527));
#208885=CARTESIAN_POINT('Control Point',(4135.82222853,1834.40591224,446.947568404));
#208886=CARTESIAN_POINT('Control Point',(4137.17481751,1836.41815168,447.01491873));
#208887=CARTESIAN_POINT('Control Point',(4137.64238956,1837.54633506,447.052679403));
#208888=CARTESIAN_POINT('Control Point',(4137.87600001,1838.7357392,447.092489156));
#208889=CARTESIAN_POINT('Control Point',(4137.876,1839.92512449,447.132298279));
#208890=CARTESIAN_POINT('Control Point',(4130.3,1832.6472515,436.726741437));
#208891=CARTESIAN_POINT('Control Point',(4131.4900353,1832.6472515,436.726741438));
#208892=CARTESIAN_POINT('Control Point',(4132.68008946,1832.88077843,436.733034614));
#208893=CARTESIAN_POINT('Control Point',(4133.8088894,1833.34818331,436.745630427));
#208894=CARTESIAN_POINT('Control Point',(4135.82222853,1834.70028872,436.782067501));
#208895=CARTESIAN_POINT('Control Point',(4137.17481751,1836.71290802,436.836304366));
#208896=CARTESIAN_POINT('Control Point',(4137.64238956,1837.84130438,436.86671284));
#208897=CARTESIAN_POINT('Control Point',(4137.87600001,1839.03093305,436.898771427));
#208898=CARTESIAN_POINT('Control Point',(4137.876,1840.22054288,436.930829505));
#208899=CARTESIAN_POINT('Control Point',(4130.3,1832.7540105,432.557783979));
#208900=CARTESIAN_POINT('Control Point',(4131.4900353,1832.7540105,432.557783979));
#208901=CARTESIAN_POINT('Control Point',(4132.68008946,1832.98755348,432.56345053));
#208902=CARTESIAN_POINT('Control Point',(4133.8088894,1833.4549905,432.574792149));
#208903=CARTESIAN_POINT('Control Point',(4135.82222853,1834.80718886,432.607601101));
#208904=CARTESIAN_POINT('Control Point',(4137.17481751,1836.81994653,432.656437478));
#208905=CARTESIAN_POINT('Control Point',(4137.64238956,1837.94842046,432.683818111));
#208906=CARTESIAN_POINT('Control Point',(4137.87600001,1839.13813092,432.712684551));
#208907=CARTESIAN_POINT('Control Point',(4137.876,1840.32782253,432.741550534));
#208908=CARTESIAN_POINT('Control Point',(4130.3,1832.88711795,426.574316386));
#208909=CARTESIAN_POINT('Control Point',(4131.4900353,1832.88711795,426.574316386));
#208910=CARTESIAN_POINT('Control Point',(4132.68008946,1833.12068101,426.579080941));
#208911=CARTESIAN_POINT('Control Point',(4133.8088894,1833.58815821,426.588617212));
#208912=CARTESIAN_POINT('Control Point',(4135.82222853,1834.9404728,426.616203668));
#208913=CARTESIAN_POINT('Control Point',(4137.17481751,1836.95340348,426.65726632));
#208914=CARTESIAN_POINT('Control Point',(4137.64238956,1838.08197441,426.680288532));
#208915=CARTESIAN_POINT('Control Point',(4137.87600001,1839.27178714,426.704560041));
#208916=CARTESIAN_POINT('Control Point',(4137.876,1840.46158101,426.728831166));
#208917=CARTESIAN_POINT('Control Point',(4130.3,1832.99124421,420.590917489));
#208918=CARTESIAN_POINT('Control Point',(4131.4900353,1832.99124421,420.590917489));
#208919=CARTESIAN_POINT('Control Point',(4132.68008946,1833.22482303,420.594776187));
#208920=CARTESIAN_POINT('Control Point',(4133.8088894,1833.69233179,420.602499385));
#208921=CARTESIAN_POINT('Control Point',(4135.82222853,1835.04473766,420.624840994));
#208922=CARTESIAN_POINT('Control Point',(4137.17481751,1837.05780422,420.658096651));
#208923=CARTESIAN_POINT('Control Point',(4137.64238956,1838.18645134,420.676741788));
#208924=CARTESIAN_POINT('Control Point',(4137.87600001,1839.37634437,420.696398702));
#208925=CARTESIAN_POINT('Control Point',(4137.876,1840.56621856,420.716055304));
#208926=CARTESIAN_POINT('Control Point',(4130.3,1833.02019825,418.77333905));
#208927=CARTESIAN_POINT('Control Point',(4131.4900353,1833.02019825,418.773339049));
#208928=CARTESIAN_POINT('Control Point',(4132.68008946,1833.25378147,418.776921543));
#208929=CARTESIAN_POINT('Control Point',(4133.8088894,1833.72129903,418.784091917));
#208930=CARTESIAN_POINT('Control Point',(4135.82222853,1835.07373037,418.804834321));
#208931=CARTESIAN_POINT('Control Point',(4137.17481751,1837.08683485,418.835709549));
#208932=CARTESIAN_POINT('Control Point',(4137.64238956,1838.21550322,418.853020074));
#208933=CARTESIAN_POINT('Control Point',(4137.87600001,1839.40541867,418.871269953));
#208934=CARTESIAN_POINT('Control Point',(4137.876,1840.59531526,418.889519542));
#208935=CARTESIAN_POINT('Control Point',(4130.3,1833.07266393,415.14369733));
#208936=CARTESIAN_POINT('Control Point',(4131.4900353,1833.07266393,415.143697331));
#208937=CARTESIAN_POINT('Control Point',(4132.68008946,1833.3062551,415.14673025));
#208938=CARTESIAN_POINT('Control Point',(4133.8088894,1833.77378856,415.152800646));
#208939=CARTESIAN_POINT('Control Point',(4135.82222853,1835.1262659,415.170361043));
#208940=CARTESIAN_POINT('Control Point',(4137.17481751,1837.13943885,415.196499829));
#208941=CARTESIAN_POINT('Control Point',(4137.64238956,1838.26814562,415.211154816));
#208942=CARTESIAN_POINT('Control Point',(4137.87600001,1839.45810154,415.226605055));
#208943=CARTESIAN_POINT('Control Point',(4137.876,1840.64803861,415.242055048));
#208944=CARTESIAN_POINT('Control Point',(4130.3,1833.11441542,411.516002527));
#208945=CARTESIAN_POINT('Control Point',(4131.4900353,1833.11441542,411.516002527));
#208946=CARTESIAN_POINT('Control Point',(4132.68008946,1833.34801293,411.51848427));
#208947=CARTESIAN_POINT('Control Point',(4133.8088894,1833.81555909,411.523451488));
#208948=CARTESIAN_POINT('Control Point',(4135.82222853,1835.16807318,411.53782062));
#208949=CARTESIAN_POINT('Control Point',(4137.17481751,1837.18130081,411.559209185));
#208950=CARTESIAN_POINT('Control Point',(4137.64238956,1838.31003823,411.571200911));
#208951=CARTESIAN_POINT('Control Point',(4137.87600001,1839.50002648,411.583843367));
#208952=CARTESIAN_POINT('Control Point',(4137.876,1840.68999587,411.596485623));
#208953=CARTESIAN_POINT('Control Point',(4130.3,1833.13261309,409.70216588));
#208954=CARTESIAN_POINT('Control Point',(4131.4900353,1833.13261309,409.702165882));
#208955=CARTESIAN_POINT('Control Point',(4132.68008946,1833.36621339,409.704370592));
#208956=CARTESIAN_POINT('Control Point',(4133.8088894,1833.83376511,409.708783327));
#208957=CARTESIAN_POINT('Control Point',(4135.82222853,1835.18629529,409.721548451));
#208958=CARTESIAN_POINT('Control Point',(4137.17481751,1837.19954688,409.740549436));
#208959=CARTESIAN_POINT('Control Point',(4137.64238956,1838.32829774,409.751202539));
#208960=CARTESIAN_POINT('Control Point',(4137.87600001,1839.51830014,409.762433731));
#208961=CARTESIAN_POINT('Control Point',(4137.876,1840.7082837,409.773664746));
#208962=CARTESIAN_POINT('Control Point',(4130.3,1833.15581028,406.989669384));
#208963=CARTESIAN_POINT('Control Point',(4131.4900353,1833.15581028,406.989669383));
#208964=CARTESIAN_POINT('Control Point',(4132.68008946,1833.38941413,406.991459848));
#208965=CARTESIAN_POINT('Control Point',(4133.8088894,1833.85697295,406.99504347));
#208966=CARTESIAN_POINT('Control Point',(4135.82222853,1835.20952368,407.005410145));
#208967=CARTESIAN_POINT('Control Point',(4137.17481751,1837.22280585,407.020841022));
#208968=CARTESIAN_POINT('Control Point',(4137.64238956,1838.35157385,407.029492507));
#208969=CARTESIAN_POINT('Control Point',(4137.87600001,1839.54159434,407.038613464));
#208970=CARTESIAN_POINT('Control Point',(4137.876,1840.73159597,407.047734277));
#208971=CARTESIAN_POINT('Control Point',(4130.3,1833.17295224,404.273486193));
#208972=CARTESIAN_POINT('Control Point',(4131.4900353,1833.17295224,404.273486193));
#208973=CARTESIAN_POINT('Control Point',(4132.68008946,1833.40655874,404.274855941));
#208974=CARTESIAN_POINT('Control Point',(4133.8088894,1833.87412289,404.277597495));
#208975=CARTESIAN_POINT('Control Point',(4135.82222853,1835.22668899,404.285528241));
#208976=CARTESIAN_POINT('Control Point',(4137.17481751,1837.23999406,404.297333218));
#208977=CARTESIAN_POINT('Control Point',(4137.64238956,1838.3687749,404.303951804));
#208978=CARTESIAN_POINT('Control Point',(4137.87600001,1839.55880892,404.310929546));
#208979=CARTESIAN_POINT('Control Point',(4137.876,1840.74882408,404.317907178));
#208980=CARTESIAN_POINT('Control Point',(4130.3,1833.17801025,403.363734462));
#208981=CARTESIAN_POINT('Control Point',(4131.4900353,1833.17801025,403.363734472));
#208982=CARTESIAN_POINT('Control Point',(4132.68008946,1833.41161754,403.364962459));
#208983=CARTESIAN_POINT('Control Point',(4133.8088894,1833.87918326,403.36742027));
#208984=CARTESIAN_POINT('Control Point',(4135.82222853,1835.23175393,403.374530195));
#208985=CARTESIAN_POINT('Control Point',(4137.17481751,1837.2450658,403.38511336));
#208986=CARTESIAN_POINT('Control Point',(4137.64238956,1838.37385045,403.391046922));
#208987=CARTESIAN_POINT('Control Point',(4137.87600001,1839.56388848,403.397302465));
#208988=CARTESIAN_POINT('Control Point',(4137.876,1840.75390766,403.403557907));
#208989=CARTESIAN_POINT('Control Point',(4130.3,1833.18668422,401.559025626));
#208990=CARTESIAN_POINT('Control Point',(4131.4900353,1833.18668422,401.559025616));
#208991=CARTESIAN_POINT('Control Point',(4132.68008946,1833.42029285,401.559973395));
#208992=CARTESIAN_POINT('Control Point',(4133.8088894,1833.88786127,401.561870387));
#208993=CARTESIAN_POINT('Control Point',(4135.82222853,1835.24043973,401.567358005));
#208994=CARTESIAN_POINT('Control Point',(4137.17481751,1837.25376319,401.57552638));
#208995=CARTESIAN_POINT('Control Point',(4137.64238956,1838.38255435,401.580106069));
#208996=CARTESIAN_POINT('Control Point',(4137.87600001,1839.57259924,401.584934276));
#208997=CARTESIAN_POINT('Control Point',(4137.876,1840.76262527,401.589762409));
#208998=CARTESIAN_POINT('Control Point',(4130.3,1833.19264393,399.762372829));
#208999=CARTESIAN_POINT('Control Point',(4131.4900353,1833.19264393,399.76237284));
#209000=CARTESIAN_POINT('Control Point',(4132.68008946,1833.42625348,399.763044255));
#209001=CARTESIAN_POINT('Control Point',(4133.8088894,1833.89382373,399.764388084));
#209002=CARTESIAN_POINT('Control Point',(4135.82222853,1835.2464075,399.768275491));
#209003=CARTESIAN_POINT('Control Point',(4137.17481751,1837.25973886,399.774061913));
#209004=CARTESIAN_POINT('Control Point',(4137.64238956,1838.38853443,399.777306129));
#209005=CARTESIAN_POINT('Control Point',(4137.87600001,1839.57858399,399.78072639));
#209006=CARTESIAN_POINT('Control Point',(4137.876,1840.76861469,399.784146595));
#209007=CARTESIAN_POINT('Control Point',(4130.3,1833.19488271,398.894919512));
#209008=CARTESIAN_POINT('Control Point',(4131.4900353,1833.19488271,398.894919499));
#209009=CARTESIAN_POINT('Control Point',(4132.68008946,1833.4284926,398.895457701));
#209010=CARTESIAN_POINT('Control Point',(4133.8088894,1833.89606353,398.896534927));
#209011=CARTESIAN_POINT('Control Point',(4135.82222853,1835.24864928,398.899651132));
#209012=CARTESIAN_POINT('Control Point',(4137.17481751,1837.26198358,398.904289646));
#209013=CARTESIAN_POINT('Control Point',(4137.64238956,1838.39078081,398.906890281));
#209014=CARTESIAN_POINT('Control Point',(4137.87600001,1839.58083211,398.909632042));
#209015=CARTESIAN_POINT('Control Point',(4137.876,1840.77086455,398.912373763));
#209016=CARTESIAN_POINT('Control Point',(4130.3,1833.1982466,397.092597768));
#209017=CARTESIAN_POINT('Control Point',(4131.4900353,1833.1982466,397.092597782));
#209018=CARTESIAN_POINT('Control Point',(4132.68008946,1833.43185698,397.092869379));
#209019=CARTESIAN_POINT('Control Point',(4133.8088894,1833.89942888,397.093412968));
#209020=CARTESIAN_POINT('Control Point',(4135.82222853,1835.25201744,397.094985443));
#209021=CARTESIAN_POINT('Control Point',(4137.17481751,1837.26535592,397.097326066));
#209022=CARTESIAN_POINT('Control Point',(4137.64238956,1838.39415549,397.098638357));
#209023=CARTESIAN_POINT('Control Point',(4137.87600001,1839.58420925,397.100021858));
#209024=CARTESIAN_POINT('Control Point',(4137.876,1840.77424417,397.101405333));
#209025=CARTESIAN_POINT('Control Point',(4130.3,1833.19922972,395.302906222));
#209026=CARTESIAN_POINT('Control Point',(4131.4900353,1833.19922972,395.302906209));
#209027=CARTESIAN_POINT('Control Point',(4132.68008946,1833.43284021,395.302952499));
#209028=CARTESIAN_POINT('Control Point',(4133.8088894,1833.90041233,395.303045164));
#209029=CARTESIAN_POINT('Control Point',(4135.82222853,1835.25300152,395.303313239));
#209030=CARTESIAN_POINT('Control Point',(4137.17481751,1837.26634096,395.303712289));
#209031=CARTESIAN_POINT('Control Point',(4137.64238956,1838.39514106,395.303936024));
#209032=CARTESIAN_POINT('Control Point',(4137.87600001,1839.58519539,395.304171903));
#209033=CARTESIAN_POINT('Control Point',(4137.876,1840.77523087,395.304407781));
#209034=CARTESIAN_POINT('Control Point',(4130.3,1833.19921667,394.509197453));
#209035=CARTESIAN_POINT('Control Point',(4131.4900353,1833.19921667,394.509197448));
#209036=CARTESIAN_POINT('Control Point',(4132.68008946,1833.43282714,394.509159591));
#209037=CARTESIAN_POINT('Control Point',(4133.8088894,1833.90039924,394.509083824));
#209038=CARTESIAN_POINT('Control Point',(4135.82222853,1835.25298836,394.50886465));
#209039=CARTESIAN_POINT('Control Point',(4137.17481751,1837.26632767,394.508538414));
#209040=CARTESIAN_POINT('Control Point',(4137.64238956,1838.39512771,394.508355507));
#209041=CARTESIAN_POINT('Control Point',(4137.87600001,1839.58518197,394.508162676));
#209042=CARTESIAN_POINT('Control Point',(4137.876,1840.77521738,394.50796985));
#209043=CARTESIAN_POINT('Control Point',(4130.3,1833.19843953,392.718743065));
#209044=CARTESIAN_POINT('Control Point',(4131.4900353,1833.19843953,392.71874307));
#209045=CARTESIAN_POINT('Control Point',(4132.68008946,1833.43204993,392.718535999));
#209046=CARTESIAN_POINT('Control Point',(4133.8088894,1833.89962188,392.718121542));
#209047=CARTESIAN_POINT('Control Point',(4135.82222853,1835.25221057,392.716922599));
#209048=CARTESIAN_POINT('Control Point',(4137.17481751,1837.26554926,392.715137957));
#209049=CARTESIAN_POINT('Control Point',(4137.64238956,1838.39434894,392.714137377));
#209050=CARTESIAN_POINT('Control Point',(4137.87600001,1839.58440283,392.7130825));
#209051=CARTESIAN_POINT('Control Point',(4137.876,1840.77443786,392.712027638));
#209052=CARTESIAN_POINT('Control Point',(4130.3,1833.19600671,390.91022015));
#209053=CARTESIAN_POINT('Control Point',(4131.4900353,1833.19600671,390.910220146));
#209054=CARTESIAN_POINT('Control Point',(4132.68008946,1833.42961688,390.909841796));
#209055=CARTESIAN_POINT('Control Point',(4133.8088894,1833.89718837,390.909084533));
#209056=CARTESIAN_POINT('Control Point',(4135.82222853,1835.24977573,390.906893932));
#209057=CARTESIAN_POINT('Control Point',(4137.17481751,1837.26311243,390.903633212));
#209058=CARTESIAN_POINT('Control Point',(4137.64238956,1838.391911,390.901805055));
#209059=CARTESIAN_POINT('Control Point',(4137.87600001,1839.58196371,390.899877695));
#209060=CARTESIAN_POINT('Control Point',(4137.876,1840.77199757,390.897950367));
#209061=CARTESIAN_POINT('Control Point',(4130.3,1833.19439885,390.011832491));
#209062=CARTESIAN_POINT('Control Point',(4131.4900353,1833.19439885,390.011832501));
#209063=CARTESIAN_POINT('Control Point',(4132.68008946,1833.42800886,390.011357117));
#209064=CARTESIAN_POINT('Control Point',(4133.8088894,1833.89558002,390.010405624));
#209065=CARTESIAN_POINT('Control Point',(4135.82222853,1835.24816644,390.007653143));
#209066=CARTESIAN_POINT('Control Point',(4137.17481751,1837.26150175,390.003556039));
#209067=CARTESIAN_POINT('Control Point',(4137.64238956,1838.39029954,390.001258952));
#209068=CARTESIAN_POINT('Control Point',(4137.87600001,1839.58035143,389.998837212));
#209069=CARTESIAN_POINT('Control Point',(4137.876,1840.77038447,389.996415509));
#209070=CARTESIAN_POINT('Control Point',(4130.3,1833.18986674,388.116113774));
#209071=CARTESIAN_POINT('Control Point',(4131.4900353,1833.18986674,388.116113763));
#209072=CARTESIAN_POINT('Control Point',(4132.68008946,1833.42347619,388.115396611));
#209073=CARTESIAN_POINT('Control Point',(4133.8088894,1833.89104623,388.113961241));
#209074=CARTESIAN_POINT('Control Point',(4135.82222853,1835.2436294,388.109809023));
#209075=CARTESIAN_POINT('Control Point',(4137.17481751,1837.25695987,388.103628431));
#209076=CARTESIAN_POINT('Control Point',(4137.64238956,1838.38575495,388.100163218));
#209077=CARTESIAN_POINT('Control Point',(4137.87600001,1839.57580398,388.096509969));
#209078=CARTESIAN_POINT('Control Point',(4137.876,1840.76583416,388.09285678));
#209079=CARTESIAN_POINT('Control Point',(4130.3,1833.18262766,386.218808602));
#209080=CARTESIAN_POINT('Control Point',(4131.4900353,1833.18262766,386.218808614));
#209081=CARTESIAN_POINT('Control Point',(4132.68008946,1833.41623601,386.217798067));
#209082=CARTESIAN_POINT('Control Point',(4133.8088894,1833.88380385,386.215775441));
#209083=CARTESIAN_POINT('Control Point',(4135.82222853,1835.23638065,386.209924392));
#209084=CARTESIAN_POINT('Control Point',(4137.17481751,1837.24970165,386.201215045));
#209085=CARTESIAN_POINT('Control Point',(4137.64238956,1838.37849141,386.196332054));
#209086=CARTESIAN_POINT('Control Point',(4137.87600001,1839.56853485,386.191184086));
#209087=CARTESIAN_POINT('Control Point',(4137.876,1840.75855942,386.186036196));
#209088=CARTESIAN_POINT('Control Point',(4130.3,1833.17857687,385.345394252));
#209089=CARTESIAN_POINT('Control Point',(4131.4900353,1833.17857687,385.345394248));
#209090=CARTESIAN_POINT('Control Point',(4132.68008946,1833.41218456,385.344241069));
#209091=CARTESIAN_POINT('Control Point',(4133.8088894,1833.87975108,385.34193298));
#209092=CARTESIAN_POINT('Control Point',(4135.82222853,1835.23232407,385.33525616));
#209093=CARTESIAN_POINT('Control Point',(4137.17481751,1837.24563938,385.325317668));
#209094=CARTESIAN_POINT('Control Point',(4137.64238956,1838.37442596,385.319745548));
#209095=CARTESIAN_POINT('Control Point',(4137.87600001,1839.56446603,385.313871058));
#209096=CARTESIAN_POINT('Control Point',(4137.876,1840.75448724,385.307996662));
#209097=CARTESIAN_POINT('Control Point',(4130.3,1833.16779892,383.36628772));
#209098=CARTESIAN_POINT('Control Point',(4131.4900353,1833.16779892,383.366287723));
#209099=CARTESIAN_POINT('Control Point',(4132.68008946,1833.4014049,383.364822309));
#209100=CARTESIAN_POINT('Control Point',(4133.8088894,1833.868968,383.361889275));
#209101=CARTESIAN_POINT('Control Point',(4135.82222853,1835.22153108,383.353404612));
#209102=CARTESIAN_POINT('Control Point',(4137.17481751,1837.23483166,383.340775121));
#209103=CARTESIAN_POINT('Control Point',(4137.64238956,1838.36360997,383.333694262));
#209104=CARTESIAN_POINT('Control Point',(4137.87600001,1839.55364133,383.32622916));
#209105=CARTESIAN_POINT('Control Point',(4137.876,1840.74365384,383.318764176));
#209106=CARTESIAN_POINT('Control Point',(4130.3,1833.15382143,381.385442379));
#209107=CARTESIAN_POINT('Control Point',(4131.4900353,1833.15382143,381.385442376));
#209108=CARTESIAN_POINT('Control Point',(4132.68008946,1833.38742536,381.383687169));
#209109=CARTESIAN_POINT('Control Point',(4133.8088894,1833.85498434,381.380174123));
#209110=CARTESIAN_POINT('Control Point',(4135.82222853,1835.20753554,381.37001161));
#209111=CARTESIAN_POINT('Control Point',(4137.17481751,1837.22081841,381.354884637));
#209112=CARTESIAN_POINT('Control Point',(4137.64238956,1838.34958681,381.346403539));
#209113=CARTESIAN_POINT('Control Point',(4137.87600001,1839.5396077,381.337462217));
#209114=CARTESIAN_POINT('Control Point',(4137.876,1840.72960975,381.328521037));
#209115=CARTESIAN_POINT('Control Point',(4130.3,1833.14668764,380.470107648));
#209116=CARTESIAN_POINT('Control Point',(4131.4900353,1833.14668764,380.470107649));
#209117=CARTESIAN_POINT('Control Point',(4132.68008946,1833.38029059,380.468227367));
#209118=CARTESIAN_POINT('Control Point',(4133.8088894,1833.84784761,380.464463974));
#209119=CARTESIAN_POINT('Control Point',(4135.82222853,1835.20039313,380.453577258));
#209120=CARTESIAN_POINT('Control Point',(4137.17481751,1837.21366754,380.437372295));
#209121=CARTESIAN_POINT('Control Point',(4137.64238956,1838.3424312,380.428286811));
#209122=CARTESIAN_POINT('Control Point',(4137.87600001,1839.5324471,380.418708303));
#209123=CARTESIAN_POINT('Control Point',(4137.876,1840.72244414,380.409129947));
#209124=CARTESIAN_POINT('Control Point',(4130.3,1833.12182287,377.536178798));
#209125=CARTESIAN_POINT('Control Point',(4131.4900353,1833.12182287,377.536178796));
#209126=CARTESIAN_POINT('Control Point',(4132.68008946,1833.35542249,377.53390706));
#209127=CARTESIAN_POINT('Control Point',(4133.8088894,1833.82297287,377.529360175));
#209128=CARTESIAN_POINT('Control Point',(4135.82222853,1835.17549913,377.516206985));
#209129=CARTESIAN_POINT('Control Point',(4137.17481751,1837.1887449,377.496628363));
#209130=CARTESIAN_POINT('Control Point',(4137.64238956,1838.31749249,377.485651401));
#209131=CARTESIAN_POINT('Control Point',(4137.87600001,1839.50749146,377.474078776));
#209132=CARTESIAN_POINT('Control Point',(4137.876,1840.69747157,377.462506335));
#209133=CARTESIAN_POINT('Control Point',(4130.3,1833.09089953,374.60006393));
#209134=CARTESIAN_POINT('Control Point',(4131.4900353,1833.09089953,374.600063934));
#209135=CARTESIAN_POINT('Control Point',(4132.68008946,1833.32449522,374.597420374));
#209136=CARTESIAN_POINT('Control Point',(4133.8088894,1833.79203772,374.592129276));
#209137=CARTESIAN_POINT('Control Point',(4135.82222853,1835.14454124,374.576823222));
#209138=CARTESIAN_POINT('Control Point',(4137.17481751,1837.15775313,374.554040035));
#209139=CARTESIAN_POINT('Control Point',(4137.64238956,1838.28648173,374.541266399));
#209140=CARTESIAN_POINT('Control Point',(4137.87600001,1839.47646067,374.527799602));
#209141=CARTESIAN_POINT('Control Point',(4137.876,1840.66642076,374.514333017));
#209142=CARTESIAN_POINT('Control Point',(4130.3,1833.06783255,372.653918507));
#209143=CARTESIAN_POINT('Control Point',(4131.4900353,1833.06783255,372.653918509));
#209144=CARTESIAN_POINT('Control Point',(4132.68008946,1833.30142526,372.651023655));
#209145=CARTESIAN_POINT('Control Point',(4133.8088894,1833.76896181,372.645229595));
#209146=CARTESIAN_POINT('Control Point',(4135.82222853,1835.12144808,372.62846858));
#209147=CARTESIAN_POINT('Control Point',(4137.17481751,1837.13463432,372.603519676));
#209148=CARTESIAN_POINT('Control Point',(4137.64238956,1838.26334854,372.589531809));
#209149=CARTESIAN_POINT('Control Point',(4137.87600001,1839.45331232,372.57478489));
#209150=CARTESIAN_POINT('Control Point',(4137.876,1840.64325725,372.560038205));
#209151=CARTESIAN_POINT('Control Point',(4130.3,1832.99169778,366.878588045));
#209152=CARTESIAN_POINT('Control Point',(4131.4900353,1832.99169778,366.878588041));
#209153=CARTESIAN_POINT('Control Point',(4132.68008946,1833.22528093,366.874968314));
#209154=CARTESIAN_POINT('Control Point',(4133.8088894,1833.69279832,366.867723422));
#209155=CARTESIAN_POINT('Control Point',(4135.82222853,1835.04522919,366.846765456));
#209156=CARTESIAN_POINT('Control Point',(4137.17481751,1837.05833296,366.815569366));
#209157=CARTESIAN_POINT('Control Point',(4137.64238956,1838.18700094,366.798078949));
#209158=CARTESIAN_POINT('Control Point',(4137.87600001,1839.37691598,366.779639416));
#209159=CARTESIAN_POINT('Control Point',(4137.876,1840.56681216,366.761200176));
#209160=CARTESIAN_POINT('Control Point',(4130.3,1832.89357337,361.117221135));
#209161=CARTESIAN_POINT('Control Point',(4131.4900353,1832.89357337,361.117221141));
#209162=CARTESIAN_POINT('Control Point',(4132.68008946,1833.12714443,361.112892649));
#209163=CARTESIAN_POINT('Control Point',(4133.8088894,1833.59463764,361.104229152));
#209164=CARTESIAN_POINT('Control Point',(4135.82222853,1834.94699856,361.079167444));
#209165=CARTESIAN_POINT('Control Point',(4137.17481751,1836.9599982,361.04186289));
#209166=CARTESIAN_POINT('Control Point',(4137.64238956,1838.0886078,361.020947694));
#209167=CARTESIAN_POINT('Control Point',(4137.87600001,1839.27846128,360.998897536));
#209168=CARTESIAN_POINT('Control Point',(4137.876,1840.46829592,360.976847726));
#209169=CARTESIAN_POINT('Control Point',(4130.3,1832.81929051,357.318466541));
#209170=CARTESIAN_POINT('Control Point',(4131.4900353,1832.81929051,357.318466573));
#209171=CARTESIAN_POINT('Control Point',(4132.68008946,1833.05285224,357.313666013));
#209172=CARTESIAN_POINT('Control Point',(4133.8088894,1833.52032677,357.304057642));
#209173=CARTESIAN_POINT('Control Point',(4135.82222853,1834.87263364,357.276262584));
#209174=CARTESIAN_POINT('Control Point',(4137.17481751,1836.88555284,357.234889381));
#209175=CARTESIAN_POINT('Control Point',(4137.64238956,1838.01411733,357.211693048));
#209176=CARTESIAN_POINT('Control Point',(4137.87600001,1839.20392327,357.187237962));
#209177=CARTESIAN_POINT('Control Point',(4137.876,1840.39371035,357.162783257));
#209178=CARTESIAN_POINT('Control Point',(4130.3,1832.65207298,349.743566737));
#209179=CARTESIAN_POINT('Control Point',(4131.4900353,1832.65207299,349.743566787));
#209180=CARTESIAN_POINT('Control Point',(4132.68008946,1832.88561371,349.737819766));
#209181=CARTESIAN_POINT('Control Point',(4133.8088894,1833.35304621,349.726317033));
#209182=CARTESIAN_POINT('Control Point',(4135.82222853,1834.70523149,349.693041958));
#209183=CARTESIAN_POINT('Control Point',(4137.17481751,1836.71796969,349.643511683));
#209184=CARTESIAN_POINT('Control Point',(4137.64238956,1837.84643271,349.615741997));
#209185=CARTESIAN_POINT('Control Point',(4137.87600001,1839.03613166,349.58646538));
#209186=CARTESIAN_POINT('Control Point',(4137.876,1840.22581177,349.557189218));
#209187=CARTESIAN_POINT('Control Point',(4130.3,1832.44654293,342.168287269));
#209188=CARTESIAN_POINT('Control Point',(4131.4900353,1832.44654293,342.168287304));
#209189=CARTESIAN_POINT('Control Point',(4132.68008946,1832.68005821,342.16159868));
#209190=CARTESIAN_POINT('Control Point',(4133.80888939,1833.14743976,342.148211342));
#209191=CARTESIAN_POINT('Control Point',(4135.82222853,1834.49947768,342.109484511));
#209192=CARTESIAN_POINT('Control Point',(4137.17481751,1836.51199652,342.051839276));
#209193=CARTESIAN_POINT('Control Point',(4137.64238956,1837.64033656,342.019519856));
#209194=CARTESIAN_POINT('Control Point',(4137.87600001,1838.82990585,341.985446618));
#209195=CARTESIAN_POINT('Control Point',(4137.876,1840.01945629,341.951373912));
#209196=CARTESIAN_POINT('Control Point',(4130.3,1832.33397571,338.370201677));
#209197=CARTESIAN_POINT('Control Point',(4131.4900353,1832.33397571,338.370201695));
#209198=CARTESIAN_POINT('Control Point',(4132.68008946,1832.5674772,338.363045168));
#209199=CARTESIAN_POINT('Control Point',(4133.8088894,1833.03483116,338.348721337));
#209200=CARTESIAN_POINT('Control Point',(4135.82222853,1834.38678926,338.307285446));
#209201=CARTESIAN_POINT('Control Point',(4137.17481751,1836.3991893,338.245607778));
#209202=CARTESIAN_POINT('Control Point',(4137.64238956,1837.52746272,338.211027535));
#209203=CARTESIAN_POINT('Control Point',(4137.87600001,1838.71696179,338.174570794));
#209204=CARTESIAN_POINT('Control Point',(4137.876,1839.90644201,338.138114628));
#209205=CARTESIAN_POINT('Control Point',(4130.3,1832.14940077,332.624753095));
#209206=CARTESIAN_POINT('Control Point',(4131.4900353,1832.14940077,332.624753086));
#209207=CARTESIAN_POINT('Control Point',(4132.68008946,1832.38287984,332.616896945));
#209208=CARTESIAN_POINT('Control Point',(4133.8088894,1832.85018893,332.601172864));
#209209=CARTESIAN_POINT('Control Point',(4135.82222853,1834.20201724,332.55568637));
#209210=CARTESIAN_POINT('Control Point',(4137.17481751,1836.21422408,332.487979385));
#209211=CARTESIAN_POINT('Control Point',(4137.64238956,1837.34238918,332.450018748));
#209212=CARTESIAN_POINT('Control Point',(4137.87600001,1838.53177406,332.409998183));
#209213=CARTESIAN_POINT('Control Point',(4137.876,1839.72114009,332.369978254));
#209214=CARTESIAN_POINT('Control Point',(4130.3,1831.94235533,326.873419309));
#209215=CARTESIAN_POINT('Control Point',(4131.4900353,1831.94235533,326.873419314));
#209216=CARTESIAN_POINT('Control Point',(4132.68008946,1832.175808,326.864829153));
#209217=CARTESIAN_POINT('Control Point',(4133.8088894,1832.64306423,326.847635913));
#209218=CARTESIAN_POINT('Control Point',(4135.82222853,1833.99473962,326.797899431));
#209219=CARTESIAN_POINT('Control Point',(4137.17481751,1836.00671885,326.723866289));
#209220=CARTESIAN_POINT('Control Point',(4137.64238956,1837.13475634,326.682358821));
#209221=CARTESIAN_POINT('Control Point',(4137.87600001,1838.32400668,326.638598954));
#209222=CARTESIAN_POINT('Control Point',(4137.876,1839.51323817,326.594839779));
#209223=CARTESIAN_POINT('Control Point',(4130.3,1831.86723842,324.862588269));
#209224=CARTESIAN_POINT('Control Point',(4131.4900353,1831.86723842,324.862588261));
#209225=CARTESIAN_POINT('Control Point',(4132.68008946,1832.100681,324.853727599));
#209226=CARTESIAN_POINT('Control Point',(4133.8088894,1832.56791704,324.835992964));
#209227=CARTESIAN_POINT('Control Point',(4135.82222853,1833.91953401,324.78469035));
#209228=CARTESIAN_POINT('Control Point',(4137.17481751,1835.93142629,324.708326024));
#209229=CARTESIAN_POINT('Control Point',(4137.64238956,1837.05941504,324.665511556));
#209230=CARTESIAN_POINT('Control Point',(4137.87600001,1838.24861398,324.620373768));
#209231=CARTESIAN_POINT('Control Point',(4137.876,1839.43779408,324.575236696));
#209232=CARTESIAN_POINT('Control Point',(4130.3,1831.75881738,322.067904118));
#209233=CARTESIAN_POINT('Control Point',(4131.4900353,1831.75881738,322.067904121));
#209234=CARTESIAN_POINT('Control Point',(4132.68008946,1831.99224538,322.058667981));
#209235=CARTESIAN_POINT('Control Point',(4133.8088894,1832.45945224,322.040181816));
#209236=CARTESIAN_POINT('Control Point',(4135.82222853,1833.81098481,321.986705168));
#209237=CARTESIAN_POINT('Control Point',(4137.17481751,1835.82275146,321.907104761));
#209238=CARTESIAN_POINT('Control Point',(4137.64238956,1836.95066976,321.862475947));
#209239=CARTESIAN_POINT('Control Point',(4137.87600001,1838.13979444,321.815425355));
#209240=CARTESIAN_POINT('Control Point',(4137.876,1839.32890028,321.768375508));
#209241=CARTESIAN_POINT('Control Point',(4130.3,1831.6450412,319.276845762));
#209242=CARTESIAN_POINT('Control Point',(4131.4900353,1831.6450412,319.276845761));
#209243=CARTESIAN_POINT('Control Point',(4132.68008946,1831.87845437,319.267246037));
#209244=CARTESIAN_POINT('Control Point',(4133.8088894,1832.34563156,319.248032161));
#209245=CARTESIAN_POINT('Control Point',(4135.82222853,1833.69707831,319.192450403));
#209246=CARTESIAN_POINT('Control Point',(4137.17481751,1835.7087172,319.109716531));
#209247=CARTESIAN_POINT('Control Point',(4137.64238956,1836.83656388,319.063330909));
#209248=CARTESIAN_POINT('Control Point',(4137.87600001,1838.02561304,319.014428176));
#209249=CARTESIAN_POINT('Control Point',(4137.876,1839.21464337,318.965526218));
#209250=CARTESIAN_POINT('Control Point',(4130.3,1831.60907651,318.407497932));
#209251=CARTESIAN_POINT('Control Point',(4131.4900353,1831.60907651,318.407497924));
#209252=CARTESIAN_POINT('Control Point',(4132.68008946,1831.84248505,318.397786461));
#209253=CARTESIAN_POINT('Control Point',(4133.8088894,1832.30965299,318.378348944));
#209254=CARTESIAN_POINT('Control Point',(4135.82222853,1833.66107297,318.322120246));
#209255=CARTESIAN_POINT('Control Point',(4137.17481751,1835.67267201,318.238423408));
#209256=CARTESIAN_POINT('Control Point',(4137.64238956,1836.80049634,318.191497889));
#209257=CARTESIAN_POINT('Control Point',(4137.87600001,1837.98952195,318.142025964));
#209258=CARTESIAN_POINT('Control Point',(4137.876,1839.17852873,318.092554824));
#209259=CARTESIAN_POINT('Control Point',(4130.3,1831.53656015,316.67936416));
#209260=CARTESIAN_POINT('Control Point',(4131.4900353,1831.53656015,316.679364167));
#209261=CARTESIAN_POINT('Control Point',(4132.68008946,1831.76995953,316.669434207));
#209262=CARTESIAN_POINT('Control Point',(4133.8088894,1832.23710911,316.649559353));
#209263=CARTESIAN_POINT('Control Point',(4135.82222853,1833.58847598,316.592065514));
#209264=CARTESIAN_POINT('Control Point',(4137.17481751,1835.59999598,316.506485481));
#209265=CARTESIAN_POINT('Control Point',(4137.64238956,1836.727776,316.458504126));
#209266=CARTESIAN_POINT('Control Point',(4137.87600001,1837.91675488,316.407919066));
#209267=CARTESIAN_POINT('Control Point',(4137.876,1839.10571493,316.357334805));
#209268=CARTESIAN_POINT('Control Point',(4130.3,1831.46178117,314.944870874));
#209269=CARTESIAN_POINT('Control Point',(4131.4900353,1831.46178117,314.944870866));
#209270=CARTESIAN_POINT('Control Point',(4132.68008946,1831.69517147,314.934730444));
#209271=CARTESIAN_POINT('Control Point',(4133.8088894,1832.16230289,314.914434366));
#209272=CARTESIAN_POINT('Control Point',(4135.82222853,1833.51361721,314.855722029));
#209273=CARTESIAN_POINT('Control Point',(4137.17481751,1835.52505899,314.768328274));
#209274=CARTESIAN_POINT('Control Point',(4137.64238956,1836.65279515,314.71933004));
#209275=CARTESIAN_POINT('Control Point',(4137.87600001,1837.84172781,314.667672924));
#209276=CARTESIAN_POINT('Control Point',(4137.876,1839.03064163,314.616016627));
#209277=CARTESIAN_POINT('Control Point',(4130.3,1831.42151907,314.023245207));
#209278=CARTESIAN_POINT('Control Point',(4131.4900353,1831.42151907,314.023245207));
#209279=CARTESIAN_POINT('Control Point',(4132.68008946,1831.65490464,314.012996518));
#209280=CARTESIAN_POINT('Control Point',(4133.8088894,1832.12202658,313.992483736));
#209281=CARTESIAN_POINT('Control Point',(4135.82222853,1833.4733135,313.93314451));
#209282=CARTESIAN_POINT('Control Point',(4137.17481751,1835.48471449,313.844817616));
#209283=CARTESIAN_POINT('Control Point',(4137.64238956,1836.61242779,313.795296206));
#209284=CARTESIAN_POINT('Control Point',(4137.87600001,1837.80133633,313.743087522));
#209285=CARTESIAN_POINT('Control Point',(4137.876,1838.99022604,313.690879665));
#209286=CARTESIAN_POINT('Control Point',(4130.3,1831.30428175,311.372404204));
#209287=CARTESIAN_POINT('Control Point',(4131.4900353,1831.30428175,311.372404205));
#209288=CARTESIAN_POINT('Control Point',(4132.68008946,1831.53765398,311.361853844));
#209289=CARTESIAN_POINT('Control Point',(4133.8088894,1832.00474922,311.340737263));
#209290=CARTESIAN_POINT('Control Point',(4135.82222853,1833.3559589,311.27965137));
#209291=CARTESIAN_POINT('Control Point',(4137.17481751,1835.36724492,311.188724548));
#209292=CARTESIAN_POINT('Control Point',(4137.64238956,1836.49489375,311.137745461));
#209293=CARTESIAN_POINT('Control Point',(4137.87600001,1837.68373434,311.083999999));
#209294=CARTESIAN_POINT('Control Point',(4137.876,1838.87255609,311.030255388));
#209295=CARTESIAN_POINT('Control Point',(4130.3,1831.18026498,308.668150177));
#209296=CARTESIAN_POINT('Control Point',(4131.4900353,1831.18026498,308.668150176));
#209297=CARTESIAN_POINT('Control Point',(4132.68008946,1831.41362271,308.657283666));
#209298=CARTESIAN_POINT('Control Point',(4133.8088894,1831.88068895,308.635534313));
#209299=CARTESIAN_POINT('Control Point',(4135.82222853,1833.23181472,308.572617947));
#209300=CARTESIAN_POINT('Control Point',(4137.17481751,1835.24297583,308.478966455));
#209301=CARTESIAN_POINT('Control Point',(4137.64238956,1836.37055464,308.426459752));
#209302=CARTESIAN_POINT('Control Point',(4137.87600001,1837.5593214,308.37110378));
#209303=CARTESIAN_POINT('Control Point',(4137.876,1838.74806932,308.315748684));
#209304=CARTESIAN_POINT('Control Point',(4130.3,1831.09376954,306.82749684));
#209305=CARTESIAN_POINT('Control Point',(4131.4900353,1831.09376954,306.827496827));
#209306=CARTESIAN_POINT('Control Point',(4132.68008946,1831.32711628,306.816393724));
#209307=CARTESIAN_POINT('Control Point',(4133.8088894,1831.79416051,306.794170844));
#209308=CARTESIAN_POINT('Control Point',(4135.82222853,1833.14522263,306.729884673));
#209309=CARTESIAN_POINT('Control Point',(4137.17481752,1835.15628899,306.634194231));
#209310=CARTESIAN_POINT('Control Point',(4137.64238956,1836.28381467,306.580544374));
#209311=CARTESIAN_POINT('Control Point',(4137.87600001,1837.47252543,306.523983215));
#209312=CARTESIAN_POINT('Control Point',(4137.876,1838.66121734,306.467422955));
#209313=CARTESIAN_POINT('Control Point',(4130.3,1830.9582606,304.037808878));
#209314=CARTESIAN_POINT('Control Point',(4131.4900353,1830.9582606,304.037808885));
#209315=CARTESIAN_POINT('Control Point',(4132.68008946,1831.19158557,304.026258973));
#209316=CARTESIAN_POINT('Control Point',(4133.80888939,1831.65858622,304.003141779));
#209317=CARTESIAN_POINT('Control Point',(4135.82222853,1833.00952225,303.936268523));
#209318=CARTESIAN_POINT('Control Point',(4137.17481751,1835.02040094,303.836727156));
#209319=CARTESIAN_POINT('Control Point',(4137.64238956,1836.14782141,303.780918231));
#209320=CARTESIAN_POINT('Control Point',(4137.87600001,1837.33642123,303.722080839));
#209321=CARTESIAN_POINT('Control Point',(4137.876,1838.52500222,303.663244378));
#209322=CARTESIAN_POINT('Control Point',(4130.3,1830.81974122,301.303094267));
#209323=CARTESIAN_POINT('Control Point',(4131.4900353,1830.81974122,301.303094263));
#209324=CARTESIAN_POINT('Control Point',(4132.68008946,1831.05304804,301.291186428));
#209325=CARTESIAN_POINT('Control Point',(4133.8088894,1831.52001236,301.267352864));
#209326=CARTESIAN_POINT('Control Point',(4135.82222853,1832.8708433,301.198407311));
#209327=CARTESIAN_POINT('Control Point',(4137.17481751,1834.88156557,301.095781328));
#209328=CARTESIAN_POINT('Control Point',(4137.64238956,1836.00889834,301.038242984));
#209329=CARTESIAN_POINT('Control Point',(4137.87600001,1837.1974057,300.977582328));
#209330=CARTESIAN_POINT('Control Point',(4137.876,1838.38589424,300.916922634));
#209331=CARTESIAN_POINT('Control Point',(4130.3,1830.76016868,300.142446562));
#209332=CARTESIAN_POINT('Control Point',(4131.4900353,1830.76016868,300.142446554));
#209333=CARTESIAN_POINT('Control Point',(4132.68008946,1830.99347012,300.130434462));
#209334=CARTESIAN_POINT('Control Point',(4133.8088894,1831.46042367,300.106392232));
#209335=CARTESIAN_POINT('Control Point',(4135.82222853,1832.81122347,300.036843052));
#209336=CARTESIAN_POINT('Control Point',(4137.17481751,1834.82189937,299.933318574));
#209337=CARTESIAN_POINT('Control Point',(4137.64238956,1835.94920614,299.87527648));
#209338=CARTESIAN_POINT('Control Point',(4137.87600001,1837.1376861,299.814084739));
#209339=CARTESIAN_POINT('Control Point',(4137.876,1838.32614723,299.752893969));
#209340=CARTESIAN_POINT('Control Point',(4130.3,1830.65884951,298.182116566));
#209341=CARTESIAN_POINT('Control Point',(4131.4900353,1830.65884951,298.182116575));
#209342=CARTESIAN_POINT('Control Point',(4132.68008946,1830.89214465,298.169982719));
#209343=CARTESIAN_POINT('Control Point',(4133.8088894,1831.3590856,298.145696761));
#209344=CARTESIAN_POINT('Control Point',(4135.82222853,1832.70984893,298.07544251));
#209345=CARTESIAN_POINT('Control Point',(4137.17481751,1834.72047056,297.970868505));
#209346=CARTESIAN_POINT('Control Point',(4137.64238956,1835.8477469,297.912237977));
#209347=CARTESIAN_POINT('Control Point',(4137.87600001,1837.03619477,297.850425868));
#209348=CARTESIAN_POINT('Control Point',(4137.876,1838.22462382,297.788614737));
#209349=CARTESIAN_POINT('Control Point',(4130.3,1830.55608617,296.216055653));
#209350=CARTESIAN_POINT('Control Point',(4131.4900353,1830.55608617,296.216055644));
#209351=CARTESIAN_POINT('Control Point',(4132.68008946,1830.78937634,296.203826904));
#209352=CARTESIAN_POINT('Control Point',(4133.8088894,1831.25630736,296.179351051));
#209353=CARTESIAN_POINT('Control Point',(4135.82222853,1832.60704196,296.108547492));
#209354=CARTESIAN_POINT('Control Point',(4137.17481751,1834.61762081,296.003155863));
#209355=CARTESIAN_POINT('Control Point',(4137.64238956,1835.74487317,295.944066931));
#209356=CARTESIAN_POINT('Control Point',(4137.87600001,1836.93329577,295.881771545));
#209357=CARTESIAN_POINT('Control Point',(4137.876,1838.12169953,295.819477149));
#209358=CARTESIAN_POINT('Control Point',(4130.3,1830.50606467,295.262169146));
#209359=CARTESIAN_POINT('Control Point',(4131.4900353,1830.50606467,295.262169149));
#209360=CARTESIAN_POINT('Control Point',(4132.68008946,1830.73935219,295.249888773));
#209361=CARTESIAN_POINT('Control Point',(4133.80888939,1831.20627789,295.225309557));
#209362=CARTESIAN_POINT('Control Point',(4135.82222853,1832.5569971,295.154206979));
#209363=CARTESIAN_POINT('Control Point',(4137.17481751,1834.56755307,295.048370239));
#209364=CARTESIAN_POINT('Control Point',(4137.64238956,1835.69479259,294.989031748));
#209365=CARTESIAN_POINT('Control Point',(4137.87600001,1836.88320165,294.92647326));
#209366=CARTESIAN_POINT('Control Point',(4137.876,1838.07159188,294.863915761));
#209367=CARTESIAN_POINT('Control Point',(4130.3,1830.34625949,292.247646865));
#209368=CARTESIAN_POINT('Control Point',(4131.4900353,1830.34625949,292.247646859));
#209369=CARTESIAN_POINT('Control Point',(4132.68008946,1830.57952752,292.234998922));
#209370=CARTESIAN_POINT('Control Point',(4133.8088894,1831.04641423,292.209684041));
#209371=CARTESIAN_POINT('Control Point',(4135.82222853,1832.39702064,292.136453347));
#209372=CARTESIAN_POINT('Control Point',(4137.17481752,1834.40740868,292.027448902));
#209373=CARTESIAN_POINT('Control Point',(4137.64238956,1835.53455406,291.966334406));
#209374=CARTESIAN_POINT('Control Point',(4137.87600001,1836.72286387,291.901903539));
#209375=CARTESIAN_POINT('Control Point',(4137.876,1837.91115485,291.837473694));
#209376=CARTESIAN_POINT('Control Point',(4130.3,1830.17927286,289.236276371));
#209377=CARTESIAN_POINT('Control Point',(4131.4900353,1830.17927286,289.236276382));
#209378=CARTESIAN_POINT('Control Point',(4132.68008945,1830.41250622,289.22299537));
#209379=CARTESIAN_POINT('Control Point',(4133.80888939,1830.87932352,289.19641337));
#209380=CARTESIAN_POINT('Control Point',(4135.82222852,1832.22972915,289.119517143));
#209381=CARTESIAN_POINT('Control Point',(4137.17481751,1834.23981833,289.005056502));
#209382=CARTESIAN_POINT('Control Point',(4137.64238956,1835.36679615,288.940882926));
#209383=CARTESIAN_POINT('Control Point',(4137.87600001,1836.55492931,288.873226976));
#209384=CARTESIAN_POINT('Control Point',(4137.876,1837.74304364,288.805572095));
#209385=CARTESIAN_POINT('Control Point',(4130.3,1830.06377728,287.249394826));
#209386=CARTESIAN_POINT('Control Point',(4131.4900353,1830.06377728,287.249394824));
#209387=CARTESIAN_POINT('Control Point',(4132.68008946,1830.2969797,287.235588079));
#209388=CARTESIAN_POINT('Control Point',(4133.8088894,1830.76373508,287.207953838));
#209389=CARTESIAN_POINT('Control Point',(4135.82222853,1832.11396159,287.128013712));
#209390=CARTESIAN_POINT('Control Point',(4137.17481752,1834.12378416,287.00902222));
#209391=CARTESIAN_POINT('Control Point',(4137.64238956,1835.2506125,286.942308379));
#209392=CARTESIAN_POINT('Control Point',(4137.87600001,1836.43858806,286.871974318));
#209393=CARTESIAN_POINT('Control Point',(4137.876,1837.6265448,286.801641372));
#209394=CARTESIAN_POINT('Control Point',(4130.3,1829.86440792,283.94145202));
#209395=CARTESIAN_POINT('Control Point',(4131.4900353,1829.86440792,283.941452021));
#209396=CARTESIAN_POINT('Control Point',(4132.68008946,1830.09758327,283.927200529));
#209397=CARTESIAN_POINT('Control Point',(4133.80888939,1830.56428445,283.898676121));
#209398=CARTESIAN_POINT('Control Point',(4135.82222853,1831.9143542,283.816160922));
#209399=CARTESIAN_POINT('Control Point',(4137.17481751,1833.92394343,283.693336412));
#209400=CARTESIAN_POINT('Control Point',(4137.64238956,1835.05064093,283.624473547));
#209401=CARTESIAN_POINT('Control Point',(4137.87600001,1836.23847857,283.551873846));
#209402=CARTESIAN_POINT('Control Point',(4137.876,1837.42629739,283.479275295));
#209403=CARTESIAN_POINT('Control Point',(4130.3,1829.65920726,280.592015907));
#209404=CARTESIAN_POINT('Control Point',(4131.4900353,1829.65920726,280.592015906));
#209405=CARTESIAN_POINT('Control Point',(4132.68008946,1829.89238043,280.577728511));
#209406=CARTESIAN_POINT('Control Point',(4133.8088894,1830.35907724,280.549132246));
#209407=CARTESIAN_POINT('Control Point',(4135.82222853,1831.70913435,280.466409184));
#209408=CARTESIAN_POINT('Control Point',(4137.17481751,1833.71870476,280.343275269));
#209409=CARTESIAN_POINT('Control Point',(4137.64238956,1834.84539172,280.274238933));
#209410=CARTESIAN_POINT('Control Point',(4137.87600001,1836.03321823,280.201456349));
#209411=CARTESIAN_POINT('Control Point',(4137.876,1837.22102593,280.128674917));
#209412=CARTESIAN_POINT('Control Point',(4130.3,1829.57705875,279.251670929));
#209413=CARTESIAN_POINT('Control Point',(4131.4900353,1829.57705875,279.251670934));
#209414=CARTESIAN_POINT('Control Point',(4132.68008946,1829.81023232,279.237390534));
#209415=CARTESIAN_POINT('Control Point',(4133.80888939,1830.27692995,279.208808264));
#209416=CARTESIAN_POINT('Control Point',(4135.82222853,1831.62698941,279.12612568));
#209417=CARTESIAN_POINT('Control Point',(4137.17481751,1833.63656332,279.003052011));
#209418=CARTESIAN_POINT('Control Point',(4137.64238956,1834.76325225,278.934049453));
#209419=CARTESIAN_POINT('Control Point',(4137.87600001,1835.95108084,278.861302477));
#209420=CARTESIAN_POINT('Control Point',(4137.876,1837.1388906,278.788556652));
#209421=CARTESIAN_POINT('Control Point',(4130.3,1829.37210904,275.909517585));
#209422=CARTESIAN_POINT('Control Point',(4131.4900353,1829.37210904,275.909517578));
#209423=CARTESIAN_POINT('Control Point',(4132.68008946,1829.60527655,275.895137737));
#209424=CARTESIAN_POINT('Control Point',(4133.8088894,1830.07196205,275.866356445));
#209425=CARTESIAN_POINT('Control Point',(4135.82222853,1831.42198644,275.783098143));
#209426=CARTESIAN_POINT('Control Point',(4137.17481752,1833.43150813,275.659167528));
#209427=CARTESIAN_POINT('Control Point',(4137.64238956,1834.55816778,275.589684516));
#209428=CARTESIAN_POINT('Control Point',(4137.87600001,1835.7459655,275.516431016));
#209429=CARTESIAN_POINT('Control Point',(4137.876,1836.93374441,275.443178678));
#209430=CARTESIAN_POINT('Control Point',(4130.3,1829.16699823,272.623903032));
#209431=CARTESIAN_POINT('Control Point',(4131.4900353,1829.16699823,272.623903042));
#209432=CARTESIAN_POINT('Control Point',(4132.68008946,1829.40014385,272.609170702));
#209433=CARTESIAN_POINT('Control Point',(4133.80888939,1829.86678553,272.579683868));
#209434=CARTESIAN_POINT('Control Point',(4135.82222852,1831.21668315,272.494384562));
#209435=CARTESIAN_POINT('Control Point',(4137.17481751,1833.22601615,272.367415875));
#209436=CARTESIAN_POINT('Control Point',(4137.64238956,1834.35257,272.296229532));
#209437=CARTESIAN_POINT('Control Point',(4137.87600001,1835.54025619,272.221180267));
#209438=CARTESIAN_POINT('Control Point',(4137.876,1836.72792356,272.146132189));
#209439=CARTESIAN_POINT('Control Point',(4130.3,1829.0450714,270.709632769));
#209440=CARTESIAN_POINT('Control Point',(4131.4900353,1829.04507141,270.709632864));
#209441=CARTESIAN_POINT('Control Point',(4132.68008946,1829.27820105,270.694649517));
#209442=CARTESIAN_POINT('Control Point',(4133.8088894,1829.74481075,270.664660203));
#209443=CARTESIAN_POINT('Control Point',(4135.82222853,1831.09461584,270.577907234));
#209444=CARTESIAN_POINT('Control Point',(4137.17481751,1833.10381111,270.448774641));
#209445=CARTESIAN_POINT('Control Point',(4137.64238956,1834.23028775,270.37637506));
#209446=CARTESIAN_POINT('Control Point',(4137.87600001,1835.41789252,270.300046703));
#209447=CARTESIAN_POINT('Control Point',(4137.876,1836.60547848,270.223719536));
#209448=CARTESIAN_POINT('Control Point',(4130.3,1828.87595051,268.109591783));
#209449=CARTESIAN_POINT('Control Point',(4131.4900353,1828.87595051,268.109591753));
#209450=CARTESIAN_POINT('Control Point',(4132.68008946,1829.10906033,268.094304187));
#209451=CARTESIAN_POINT('Control Point',(4133.8088894,1829.57563036,268.063706105));
#209452=CARTESIAN_POINT('Control Point',(4135.82222853,1830.92532072,267.975192232));
#209453=CARTESIAN_POINT('Control Point',(4137.17481751,1832.93434521,267.843438691));
#209454=CARTESIAN_POINT('Control Point',(4137.64238956,1834.0607261,267.769569678));
#209455=CARTESIAN_POINT('Control Point',(4137.87600001,1835.24822994,267.691692176));
#209456=CARTESIAN_POINT('Control Point',(4137.876,1836.43571496,267.613815915));
#209457=CARTESIAN_POINT('Control Point',(4130.3,1828.70308788,265.510898843));
#209458=CARTESIAN_POINT('Control Point',(4131.4900353,1828.70308788,265.510898853));
#209459=CARTESIAN_POINT('Control Point',(4132.68008946,1828.93618013,265.495347118));
#209460=CARTESIAN_POINT('Control Point',(4133.8088894,1829.40271498,265.464220263));
#209461=CARTESIAN_POINT('Control Point',(4135.82222853,1830.75230356,265.374176716));
#209462=CARTESIAN_POINT('Control Point',(4137.17481751,1832.76117657,265.240146191));
#209463=CARTESIAN_POINT('Control Point',(4137.64238956,1833.88747252,265.165000553));
#209464=CARTESIAN_POINT('Control Point',(4137.87600001,1835.07488681,265.085777143));
#209465=CARTESIAN_POINT('Control Point',(4137.876,1836.26228229,265.006554986));
#209466=CARTESIAN_POINT('Control Point',(4130.3,1828.64807497,264.688640632));
#209467=CARTESIAN_POINT('Control Point',(4131.4900353,1828.64807497,264.688640631));
#209468=CARTESIAN_POINT('Control Point',(4132.68008946,1828.88116143,264.673002371));
#209469=CARTESIAN_POINT('Control Point',(4133.8088894,1829.34768469,264.641702346));
#209470=CARTESIAN_POINT('Control Point',(4135.82222853,1830.69723977,264.551157863));
#209471=CARTESIAN_POINT('Control Point',(4137.17481751,1832.70606289,264.416381703));
#209472=CARTESIAN_POINT('Control Point',(4137.64238956,1833.83233088,264.34081802));
#209473=CARTESIAN_POINT('Control Point',(4137.87600001,1835.01971569,264.261153882));
#209474=CARTESIAN_POINT('Control Point',(4137.876,1836.20708169,264.181491005));
#209475=CARTESIAN_POINT('Control Point',(4130.3,1828.47403003,262.102559152));
#209476=CARTESIAN_POINT('Control Point',(4131.4900353,1828.47403003,262.102559153));
#209477=CARTESIAN_POINT('Control Point',(4132.68008946,1828.70709824,262.086649855));
#209478=CARTESIAN_POINT('Control Point',(4133.8088894,1829.173585,262.054807343));
#209479=CARTESIAN_POINT('Control Point',(4135.82222853,1830.52303446,261.962693556));
#209480=CARTESIAN_POINT('Control Point',(4137.17481751,1832.53170038,261.825581472));
#209481=CARTESIAN_POINT('Control Point',(4137.64238956,1833.65788023,261.748708128));
#209482=CARTESIAN_POINT('Control Point',(4137.87600001,1834.84517212,261.667663259));
#209483=CARTESIAN_POINT('Control Point',(4137.876,1836.03244519,261.586619675));
#209484=CARTESIAN_POINT('Control Point',(4130.3,1828.29656936,259.521903183));
#209485=CARTESIAN_POINT('Control Point',(4131.4900353,1828.29656936,259.521903179));
#209486=CARTESIAN_POINT('Control Point',(4132.68008946,1828.52961877,259.505720324));
#209487=CARTESIAN_POINT('Control Point',(4133.8088894,1828.99606788,259.473330294));
#209488=CARTESIAN_POINT('Control Point',(4135.82222853,1830.34540844,259.379632661));
#209489=CARTESIAN_POINT('Control Point',(4137.17481751,1832.35391226,259.240163018));
#209490=CARTESIAN_POINT('Control Point',(4137.64238956,1833.48000123,259.161967885));
#209491=CARTESIAN_POINT('Control Point',(4137.87600001,1834.66719731,259.079529502));
#209492=CARTESIAN_POINT('Control Point',(4137.876,1835.85437457,258.997092426));
#209493=CARTESIAN_POINT('Control Point',(4130.3,1828.15925169,257.557106033));
#209494=CARTESIAN_POINT('Control Point',(4131.4900353,1828.15925169,257.557106023));
#209495=CARTESIAN_POINT('Control Point',(4132.68008946,1828.39228648,257.540714033));
#209496=CARTESIAN_POINT('Control Point',(4133.8088894,1828.85870635,257.507905426));
#209497=CARTESIAN_POINT('Control Point',(4135.82222853,1830.20796231,257.412996939));
#209498=CARTESIAN_POINT('Control Point',(4137.17481751,1832.2163402,257.271724941));
#209499=CARTESIAN_POINT('Control Point',(4137.64238956,1833.34235856,257.1925193));
#209500=CARTESIAN_POINT('Control Point',(4137.87600001,1834.5294802,257.109015574));
#209501=CARTESIAN_POINT('Control Point',(4137.876,1835.71658303,257.025513174));
#209502=CARTESIAN_POINT('Control Point',(4130.3,1827.8802598,253.628535064));
#209503=CARTESIAN_POINT('Control Point',(4131.4900353,1827.8802598,253.628535043));
#209504=CARTESIAN_POINT('Control Point',(4132.68008946,1828.11326486,253.611724262));
#209505=CARTESIAN_POINT('Control Point',(4133.8088894,1828.57962522,253.578077452));
#209506=CARTESIAN_POINT('Control Point',(4135.82222853,1829.92870905,253.48074423));
#209507=CARTESIAN_POINT('Control Point',(4137.17481751,1831.93683072,253.335863009));
#209508=CARTESIAN_POINT('Control Point',(4137.64238956,1833.06270543,253.25463382));
#209509=CARTESIAN_POINT('Control Point',(4137.87600001,1834.24967562,253.168996743));
#209510=CARTESIAN_POINT('Control Point',(4137.876,1835.43662701,253.083361026));
#209511=CARTESIAN_POINT('Control Point',(4130.3,1827.59233877,249.699186421));
#209512=CARTESIAN_POINT('Control Point',(4131.4900353,1827.59233877,249.699186396));
#209513=CARTESIAN_POINT('Control Point',(4132.68008946,1827.82531315,249.681956689));
#209514=CARTESIAN_POINT('Control Point',(4133.8088894,1828.2916121,249.647471402));
#209515=CARTESIAN_POINT('Control Point',(4135.82222853,1829.64051827,249.547712644));
#209516=CARTESIAN_POINT('Control Point',(4137.17481751,1831.6483755,249.399220999));
#209517=CARTESIAN_POINT('Control Point',(4137.64238956,1832.77410195,249.31596759));
#209518=CARTESIAN_POINT('Control Point',(4137.87600001,1833.96091583,249.228196448));
#209519=CARTESIAN_POINT('Control Point',(4137.876,1835.14771091,249.140426702));
#209520=CARTESIAN_POINT('Control Point',(4130.3,1827.44609196,247.733611597));
#209521=CARTESIAN_POINT('Control Point',(4131.4900353,1827.44609196,247.733611572));
#209522=CARTESIAN_POINT('Control Point',(4132.68008946,1827.67905077,247.716172596));
#209523=CARTESIAN_POINT('Control Point',(4133.8088894,1828.14531857,247.681268456));
#209524=CARTESIAN_POINT('Control Point',(4135.82222853,1829.49413462,247.580298045));
#209525=CARTESIAN_POINT('Control Point',(4137.17481751,1831.50185769,247.430002846));
#209526=CARTESIAN_POINT('Control Point',(4137.64238956,1832.62750893,247.345738254));
#209527=CARTESIAN_POINT('Control Point',(4137.87600001,1833.81424352,247.256901058));
#209528=CARTESIAN_POINT('Control Point',(4137.876,1835.0009593,247.168065275));
#209529=CARTESIAN_POINT('Control Point',(4130.3,1827.00040934,241.833168444));
#209530=CARTESIAN_POINT('Control Point',(4131.4900353,1827.00040934,241.833168425));
#209531=CARTESIAN_POINT('Control Point',(4132.68008946,1827.23332079,241.815102293));
#209532=CARTESIAN_POINT('Control Point',(4133.8088894,1827.69949378,241.778942895));
#209533=CARTESIAN_POINT('Control Point',(4135.82222853,1829.04803559,241.674341274));
#209534=CARTESIAN_POINT('Control Point',(4137.17481751,1831.05535046,241.518640982));
#209535=CARTESIAN_POINT('Control Point',(4137.64238956,1832.18077283,241.431345966));
#209536=CARTESIAN_POINT('Control Point',(4137.87600001,1833.36726613,241.3393139));
#209537=CARTESIAN_POINT('Control Point',(4137.876,1834.55374063,241.247283296));
#209538=CARTESIAN_POINT('Control Point',(4130.3,1826.5338115,235.920694833));
#209539=CARTESIAN_POINT('Control Point',(4131.4900353,1826.5338115,235.920694828));
#209540=CARTESIAN_POINT('Control Point',(4132.68008946,1826.76667356,235.902003047));
#209541=CARTESIAN_POINT('Control Point',(4133.8088894,1827.23274769,235.864591394));
#209542=CARTESIAN_POINT('Control Point',(4135.82222853,1828.5810035,235.756367243));
#209543=CARTESIAN_POINT('Control Point',(4137.17481751,1830.58789266,235.595274767));
#209544=CARTESIAN_POINT('Control Point',(4137.64238956,1831.71307636,235.504956563));
#209545=CARTESIAN_POINT('Control Point',(4137.87600001,1832.89931803,235.409737252));
#209546=CARTESIAN_POINT('Control Point',(4137.876,1834.08554091,235.314519451));
#209547=CARTESIAN_POINT('Control Point',(4130.3,1826.21337185,231.972921627));
#209548=CARTESIAN_POINT('Control Point',(4131.4900353,1826.21337185,231.97292163));
#209549=CARTESIAN_POINT('Control Point',(4132.68008946,1826.44620004,231.95381302));
#209550=CARTESIAN_POINT('Control Point',(4133.8088894,1826.91220641,231.915567074));
#209551=CARTESIAN_POINT('Control Point',(4135.82222853,1828.26026619,231.804929479));
#209552=CARTESIAN_POINT('Control Point',(4137.17481751,1830.26686356,231.640244562));
#209553=CARTESIAN_POINT('Control Point',(4137.64238956,1831.39188365,231.547912216));
#209554=CARTESIAN_POINT('Control Point',(4137.87600001,1832.57795285,231.450569464));
#209555=CARTESIAN_POINT('Control Point',(4137.876,1833.76400325,231.353228253));
#209556=CARTESIAN_POINT('Control Point',(4130.3,1825.63116134,224.99429161));
#209557=CARTESIAN_POINT('Control Point',(4131.4900353,1825.63116134,224.994291607));
#209558=CARTESIAN_POINT('Control Point',(4132.68008946,1825.86392792,224.974444437));
#209559=CARTESIAN_POINT('Control Point',(4133.8088894,1826.32981096,224.934720267));
#209560=CARTESIAN_POINT('Control Point',(4135.82222853,1827.67751399,224.819806482));
#209561=CARTESIAN_POINT('Control Point',(4137.17481751,1829.68358032,224.648756431));
#209562=CARTESIAN_POINT('Control Point',(4137.64238956,1830.80830268,224.552855407));
#209563=CARTESIAN_POINT('Control Point',(4137.87600001,1831.99405799,224.451750324));
#209564=CARTESIAN_POINT('Control Point',(4137.876,1833.17979451,224.350646843));
#209565=CARTESIAN_POINT('Control Point',(4130.3,1825.02106153,218.015438365));
#209566=CARTESIAN_POINT('Control Point',(4131.4900353,1825.02106153,218.015438367));
#209567=CARTESIAN_POINT('Control Point',(4132.68008946,1825.25376359,217.99485326));
#209568=CARTESIAN_POINT('Control Point',(4133.8088894,1825.71951751,217.953652102));
#209569=CARTESIAN_POINT('Control Point',(4135.82222853,1827.06684702,217.834465693));
#209570=CARTESIAN_POINT('Control Point',(4137.17481751,1829.07235736,217.657055803));
#209571=CARTESIAN_POINT('Control Point',(4137.64238956,1830.196768,217.557589066));
#209572=CARTESIAN_POINT('Control Point',(4137.87600001,1831.38219467,217.452724776));
#209573=CARTESIAN_POINT('Control Point',(4137.876,1832.56760256,217.347862147));
#209574=CARTESIAN_POINT('Control Point',(4130.3,1824.75092635,214.985462156));
#209575=CARTESIAN_POINT('Control Point',(4131.4900353,1824.75092635,214.985462156));
#209576=CARTESIAN_POINT('Control Point',(4132.68008946,1824.98359989,214.964557097));
#209577=CARTESIAN_POINT('Control Point',(4133.8088894,1825.44929671,214.922715556));
#209578=CARTESIAN_POINT('Control Point',(4135.82222853,1826.79646105,214.801676655));
#209579=CARTESIAN_POINT('Control Point',(4137.17481751,1828.80172555,214.621509318));
#209580=CARTESIAN_POINT('Control Point',(4137.64238956,1829.92599836,214.52049659));
#209581=CARTESIAN_POINT('Control Point',(4137.87600001,1831.11127972,214.414002416));
#209582=CARTESIAN_POINT('Control Point',(4137.876,1832.2965423,214.30750993));
#209583=CARTESIAN_POINT('Control Point',(4130.3,1822.05587274,185.332383252));
#209584=CARTESIAN_POINT('Control Point',(4131.4900353,1822.05587274,185.332383252));
#209585=CARTESIAN_POINT('Control Point',(4132.68008946,1822.28826167,185.308346648));
#209586=CARTESIAN_POINT('Control Point',(4133.8088894,1822.75338883,185.26023731));
#209587=CARTESIAN_POINT('Control Point',(4135.82222853,1824.09890527,185.121066972));
#209588=CARTESIAN_POINT('Control Point',(4137.17481751,1826.10171684,184.913910853));
#209589=CARTESIAN_POINT('Control Point',(4137.64238956,1827.22461439,184.797766577));
#209590=CARTESIAN_POINT('Control Point',(4137.87600001,1828.40844586,184.675319744));
#209591=CARTESIAN_POINT('Control Point',(4137.876,1829.59225858,184.552874852));
#209592=CARTESIAN_POINT('Control Point',(4130.3,1818.86215985,155.725428192));
#209593=CARTESIAN_POINT('Control Point',(4131.4900353,1818.86215985,155.725428193));
#209594=CARTESIAN_POINT('Control Point',(4132.68008946,1819.09421259,155.698276493));
#209595=CARTESIAN_POINT('Control Point',(4133.8088894,1819.55866688,155.643932279));
#209596=CARTESIAN_POINT('Control Point',(4135.82222853,1820.90223682,155.486725737));
#209597=CARTESIAN_POINT('Control Point',(4137.17481751,1822.90215103,155.252722585));
#209598=CARTESIAN_POINT('Control Point',(4137.64238956,1824.02342414,155.121526236));
#209599=CARTESIAN_POINT('Control Point',(4137.87600001,1825.20554303,154.98321053));
#209600=CARTESIAN_POINT('Control Point',(4137.876,1826.38764318,154.844897016));
#209601=CARTESIAN_POINT('Control Point',(4130.3,1815.59524743,129.189329617));
#209602=CARTESIAN_POINT('Control Point',(4131.4900353,1815.59524743,129.18932962));
#209603=CARTESIAN_POINT('Control Point',(4132.68008946,1815.82695665,129.159387987));
#209604=CARTESIAN_POINT('Control Point',(4133.8088894,1816.29072339,129.099459714));
#209605=CARTESIAN_POINT('Control Point',(4135.82222853,1817.63230438,128.926099642));
#209606=CARTESIAN_POINT('Control Point',(4137.17481751,1819.62925802,128.668051836));
#209607=CARTESIAN_POINT('Control Point',(4137.64238956,1820.74887125,128.523374597));
#209608=CARTESIAN_POINT('Control Point',(4137.87600001,1821.92924019,128.370846461));
#209609=CARTESIAN_POINT('Control Point',(4137.876,1823.10959042,128.218320741));
#209610=CARTESIAN_POINT('Control Point',(4130.3,1811.93023264,102.709400082));
#209611=CARTESIAN_POINT('Control Point',(4131.4900353,1811.93023264,102.709400085));
#209612=CARTESIAN_POINT('Control Point',(4132.68008946,1812.16155642,102.676673566));
#209613=CARTESIAN_POINT('Control Point',(4133.8088894,1812.6245517,102.611171332));
#209614=CARTESIAN_POINT('Control Point',(4135.82222853,1813.96390102,102.421686949));
#209615=CARTESIAN_POINT('Control Point',(4137.17481751,1815.9575328,102.139637982));
#209616=CARTESIAN_POINT('Control Point',(4137.64238956,1817.07528359,101.981504236));
#209617=CARTESIAN_POINT('Control Point',(4137.87600001,1818.25368903,101.814789378));
#209618=CARTESIAN_POINT('Control Point',(4137.876,1819.43207579,101.648077161));
#209619=CARTESIAN_POINT('Control Point',(4130.3,1807.86786033,76.292127943));
#209620=CARTESIAN_POINT('Control Point',(4131.4900353,1807.86786033,76.2921279457));
#209621=CARTESIAN_POINT('Control Point',(4132.68008946,1808.09875661,76.256621361));
#209622=CARTESIAN_POINT('Control Point',(4133.8088894,1808.56089624,76.1855548177));
#209623=CARTESIAN_POINT('Control Point',(4135.82222853,1809.89777034,75.979974042));
#209624=CARTESIAN_POINT('Control Point',(4137.17481751,1811.88771774,75.6739654704));
#209625=CARTESIAN_POINT('Control Point',(4137.64238956,1813.00340285,75.5023985187));
#209626=CARTESIAN_POINT('Control Point',(4137.87600001,1814.1796305,75.321521503));
#209627=CARTESIAN_POINT('Control Point',(4137.876,1815.35583952,75.1406473525));
#209628=B_SPLINE_CURVE_WITH_KNOTS('',5,(#209629,#209630,#209631,#209632,#209633,#209634,#209635,#209636,#209637,#209638,#209639,#209640,#209641,#209642,#209643,#209644,#209645,#209646,#209647,#209648,#209649,#209650,#209651,#209652,#209653,#209654,#209655,#209656,#209657,#209658,#209659,#209660,#209661,#209662,#209663,#209664,#209665,#209666,#209667,#209668,#209669,#209670,#209671,#209672,#209673,#209674,#209675,#209676,#209677,#209678,#209679,#209680,#209681,#209682,#209683,#209684,#209685,#209686,#209687,#209688,#209689,#209690,#209691,#209692,#209693,#209694,#209695,#209696,#209697,#209698,#209699,#209700,#209701,#209702,#209703,#209704,#209705,#209706,#209707,#209708,#209709,#209710,#209711,#209712,#209713,#209714,#209715,#209716,#209717,#209718,#209719,#209720,#209721),.UNSPECIFIED.,.F.,.U.,(6,3,3,3,3,3,3,3,3,3,3,3,3,3,3,3,3,3,3,3,3,3,3,3,3,3,3,3,3,3,6),(2809.51727879,2840.37984227,3183.83808253,3521.72724925,3719.33728226,3735.54741969,3751.76300555,3759.76915823,3767.85227946,3776.07524925,3784.10174085,3792.98285567,3801.774375,3810.43892827,3819.10348153,3887.17875664,3904.35618473,3912.12842554,3919.7982657,3935.5125587,3943.98183239,3952.9251633,3966.1836552,3970.60315602,3976.46407142,3982.32498681,3999.97516609,4005.4677506,4075.79804724,4102.74798912,4339.83121435),.UNSPECIFIED.);
#209629=CARTESIAN_POINT('Control Point',(4137.876,1752.42166325,927.38417874));
#209630=CARTESIAN_POINT('Control Point',(4137.876,1753.52102255,924.082062054));
#209631=CARTESIAN_POINT('Control Point',(4137.876,1754.61225924,920.777260493));
#209632=CARTESIAN_POINT('Control Point',(4137.876,1755.69536303,917.469799883));
#209633=CARTESIAN_POINT('Control Point',(4137.876,1768.73317153,877.322867637));
#209634=CARTESIAN_POINT('Control Point',(4137.876,1780.5716596,836.792044111));
#209635=CARTESIAN_POINT('Control Point',(4137.876,1790.40943901,799.316749767));
#209636=CARTESIAN_POINT('Control Point',(4137.876,1807.86087712,724.477459112));
#209637=CARTESIAN_POINT('Control Point',(4137.876,1821.1348791,648.809111829));
#209638=CARTESIAN_POINT('Control Point',(4137.876,1826.67043075,611.118229997));
#209639=CARTESIAN_POINT('Control Point',(4137.876,1833.74647426,551.181639075));
#209640=CARTESIAN_POINT('Control Point',(4137.876,1838.05584704,491.03340304));
#209641=CARTESIAN_POINT('Control Point',(4137.876,1839.26318327,468.817358281));
#209642=CARTESIAN_POINT('Control Point',(4137.876,1840.14766832,444.767158754));
#209643=CARTESIAN_POINT('Control Point',(4137.876,1840.56621851,420.716055303));
#209644=CARTESIAN_POINT('Control Point',(4137.876,1840.59531521,418.889519541));
#209645=CARTESIAN_POINT('Control Point',(4137.876,1840.64803856,415.242055048));
#209646=CARTESIAN_POINT('Control Point',(4137.876,1840.68999582,411.596485622));
#209647=CARTESIAN_POINT('Control Point',(4137.876,1840.70828365,409.773664745));
#209648=CARTESIAN_POINT('Control Point',(4137.876,1840.73159592,407.047734276));
#209649=CARTESIAN_POINT('Control Point',(4137.876,1840.74882403,404.317907177));
#209650=CARTESIAN_POINT('Control Point',(4137.876,1840.75390761,403.403557907));
#209651=CARTESIAN_POINT('Control Point',(4137.876,1840.76262522,401.589762409));
#209652=CARTESIAN_POINT('Control Point',(4137.876,1840.76861464,399.784146595));
#209653=CARTESIAN_POINT('Control Point',(4137.876,1840.7708645,398.912373763));
#209654=CARTESIAN_POINT('Control Point',(4137.876,1840.77424412,397.101405333));
#209655=CARTESIAN_POINT('Control Point',(4137.876,1840.77523082,395.304407781));
#209656=CARTESIAN_POINT('Control Point',(4137.876,1840.77521733,394.50796985));
#209657=CARTESIAN_POINT('Control Point',(4137.876,1840.77443781,392.712027638));
#209658=CARTESIAN_POINT('Control Point',(4137.876,1840.77199753,390.897950367));
#209659=CARTESIAN_POINT('Control Point',(4137.876,1840.77038442,389.996415509));
#209660=CARTESIAN_POINT('Control Point',(4137.876,1840.76583411,388.09285678));
#209661=CARTESIAN_POINT('Control Point',(4137.876,1840.75855937,386.186036196));
#209662=CARTESIAN_POINT('Control Point',(4137.876,1840.75448719,385.307996662));
#209663=CARTESIAN_POINT('Control Point',(4137.876,1840.74365379,383.318764176));
#209664=CARTESIAN_POINT('Control Point',(4137.876,1840.7296097,381.328521038));
#209665=CARTESIAN_POINT('Control Point',(4137.876,1840.72244339,380.409122542));
#209666=CARTESIAN_POINT('Control Point',(4137.876,1840.70575594,378.439947229));
#209667=CARTESIAN_POINT('Control Point',(4137.876,1840.68635114,376.470050609));
#209668=CARTESIAN_POINT('Control Point',(4137.876,1840.67606699,375.492408499));
#209669=CARTESIAN_POINT('Control Point',(4137.876,1840.65419537,373.537271852));
#209670=CARTESIAN_POINT('Control Point',(4137.876,1840.62972396,371.581993));
#209671=CARTESIAN_POINT('Control Point',(4137.876,1840.61683784,370.604085398));
#209672=CARTESIAN_POINT('Control Point',(4137.876,1840.49708619,361.945096501));
#209673=CARTESIAN_POINT('Control Point',(4137.876,1840.3279304,353.313220694));
#209674=CARTESIAN_POINT('Control Point',(4137.876,1840.14276372,345.802052335));
#209675=CARTESIAN_POINT('Control Point',(4137.876,1839.85931208,336.208147117));
#209676=CARTESIAN_POINT('Control Point',(4137.876,1839.51323812,326.594839781));
#209677=CARTESIAN_POINT('Control Point',(4137.876,1839.43779403,324.575236698));
#209678=CARTESIAN_POINT('Control Point',(4137.876,1839.32890023,321.76837551));
#209679=CARTESIAN_POINT('Control Point',(4137.876,1839.21464332,318.96552622));
#209680=CARTESIAN_POINT('Control Point',(4137.876,1839.17852868,318.092554826));
#209681=CARTESIAN_POINT('Control Point',(4137.876,1839.10571489,316.357334807));
#209682=CARTESIAN_POINT('Control Point',(4137.876,1839.03064158,314.616016629));
#209683=CARTESIAN_POINT('Control Point',(4137.876,1838.99022599,313.690879667));
#209684=CARTESIAN_POINT('Control Point',(4137.876,1838.87255604,311.03025539));
#209685=CARTESIAN_POINT('Control Point',(4137.876,1838.74806928,308.315748686));
#209686=CARTESIAN_POINT('Control Point',(4137.876,1838.6612173,306.467422957));
#209687=CARTESIAN_POINT('Control Point',(4137.876,1838.52500217,303.66324438));
#209688=CARTESIAN_POINT('Control Point',(4137.876,1838.38589419,300.916922636));
#209689=CARTESIAN_POINT('Control Point',(4137.876,1838.32614719,299.752893971));
#209690=CARTESIAN_POINT('Control Point',(4137.876,1838.22462377,297.78861474));
#209691=CARTESIAN_POINT('Control Point',(4137.876,1838.12169948,295.819477151));
#209692=CARTESIAN_POINT('Control Point',(4137.876,1838.07158781,294.863952415));
#209693=CARTESIAN_POINT('Control Point',(4137.876,1837.93779549,292.339849795));
#209694=CARTESIAN_POINT('Control Point',(4137.876,1837.79864073,289.812175765));
#209695=CARTESIAN_POINT('Control Point',(4137.876,1837.71307347,288.305475626));
#209696=CARTESIAN_POINT('Control Point',(4137.876,1837.59571853,286.302859242));
#209697=CARTESIAN_POINT('Control Point',(4137.876,1837.47520668,284.300187851));
#209698=CARTESIAN_POINT('Control Point',(4137.876,1837.444909,283.799377376));
#209699=CARTESIAN_POINT('Control Point',(4137.876,1837.37409989,282.63302144));
#209700=CARTESIAN_POINT('Control Point',(4137.876,1837.3026651,281.463565554));
#209701=CARTESIAN_POINT('Control Point',(4137.876,1837.26180212,280.79574479));
#209702=CARTESIAN_POINT('Control Point',(4137.876,1837.17994265,279.458947329));
#209703=CARTESIAN_POINT('Control Point',(4137.876,1837.09796921,278.122714333));
#209704=CARTESIAN_POINT('Control Point',(4137.876,1837.05699537,277.45538422));
#209705=CARTESIAN_POINT('Control Point',(4137.876,1836.89266938,274.785336889));
#209706=CARTESIAN_POINT('Control Point',(4137.876,1836.72793952,272.14597073));
#209707=CARTESIAN_POINT('Control Point',(4137.876,1836.60547843,270.223719539));
#209708=CARTESIAN_POINT('Control Point',(4137.876,1836.43571491,267.613815918));
#209709=CARTESIAN_POINT('Control Point',(4137.876,1836.26228224,265.006554989));
#209710=CARTESIAN_POINT('Control Point',(4137.876,1836.20708164,264.181491008));
#209711=CARTESIAN_POINT('Control Point',(4137.876,1835.63324193,255.654978869));
#209712=CARTESIAN_POINT('Control Point',(4137.876,1835.0223233,247.186167859));
#209713=CARTESIAN_POINT('Control Point',(4137.876,1834.41650944,239.281890668));
#209714=CARTESIAN_POINT('Control Point',(4137.876,1833.52637403,228.315125715));
#209715=CARTESIAN_POINT('Control Point',(4137.876,1832.56760252,217.347862151));
#209716=CARTESIAN_POINT('Control Point',(4137.876,1832.29654225,214.307509934));
#209717=CARTESIAN_POINT('Control Point',(4137.876,1829.59225853,184.552874856));
#209718=CARTESIAN_POINT('Control Point',(4137.876,1826.38764313,154.844897021));
#209719=CARTESIAN_POINT('Control Point',(4137.876,1823.10959038,128.218320747));
#209720=CARTESIAN_POINT('Control Point',(4137.876,1819.43207574,101.648077168));
#209721=CARTESIAN_POINT('Control Point',(4137.876,1815.35583947,75.1406473598));
#209722=CARTESIAN_POINT('Vertex',(4137.876,1752.42166325,927.384178739));
#209723=VERTEX_POINT('',#209722);
#209724=EDGE_CURVE('',#209723,#208071,#209628,.T.);
#209725=B_SPLINE_CURVE_WITH_KNOTS('',5,(#209726,#209727,#209728,#209729,#209730,#209731),.UNSPECIFIED.,.F.,.U.,(6,6),(0.,9.31023922897),.UNSPECIFIED.);
#209726=CARTESIAN_POINT('Control Point',(4130.3,1745.2308598,924.999184933));
#209727=CARTESIAN_POINT('Control Point',(4132.68000919,1745.2308598,924.999184933));
#209728=CARTESIAN_POINT('Control Point',(4135.06249026,1746.11544856,925.292580539));
#209729=CARTESIAN_POINT('Control Point',(4136.94401845,1747.9014453,925.884950538));
#209730=CARTESIAN_POINT('Control Point',(4137.87600001,1750.16267259,926.63493715));
#209731=CARTESIAN_POINT('Control Point',(4137.876,1752.4216633,927.384178755));
#209732=EDGE_CURVE('',#207944,#209723,#209725,.T.);
#209733=EDGE_LOOP('',(#209734,#209735,#209736,#209737));
#209734=ORIENTED_EDGE('',*,*,#208072,.T.);
#209735=ORIENTED_EDGE('',*,*,#209724,.F.);
#209736=ORIENTED_EDGE('',*,*,#209732,.F.);
#209737=ORIENTED_EDGE('',*,*,#207945,.T.);
#209738=FACE_OUTER_BOUND('',#209733,.T.);
#209739=ADVANCED_FACE('PartBody',(#209738),#208790,.T.);
#209740=B_SPLINE_SURFACE_WITH_KNOTS('',3,6,((#209741,#209742,#209743,#209744,#209745,#209746,#209747),(#209748,#209749,#209750,#209751,#209752,#209753,#209754),(#209755,#209756,#209757,#209758,#209759,#209760,#209761),(#209762,#209763,#209764,#209765,#209766,#209767,#209768)),.UNSPECIFIED.,.F.,.F.,.U.,(4,4),(7,7),(2783.32156912,2809.5172788),(0.,5.00000002),.UNSPECIFIED.);
#209741=CARTESIAN_POINT('Control Point',(4130.3,1741.22606006,939.163937611));
#209742=CARTESIAN_POINT('Control Point',(4132.09071043,1741.22605949,939.163937414));
#209743=CARTESIAN_POINT('Control Point',(4133.88126825,1741.75839061,939.346111579));
#209744=CARTESIAN_POINT('Control Point',(4135.45158982,1742.82390174,939.710750411));
#209745=CARTESIAN_POINT('Control Point',(4136.57658217,1744.31011292,940.219361062));
#209746=CARTESIAN_POINT('Control Point',(4137.13815661,1746.00398025,940.799035721));
#209747=CARTESIAN_POINT('Control Point',(4137.1374985,1747.69760454,941.378627205));
#209748=CARTESIAN_POINT('Control Point',(4130.3,1742.58180432,934.444190216));
#209749=CARTESIAN_POINT('Control Point',(4132.15497469,1742.58180387,934.444190065));
#209750=CARTESIAN_POINT('Control Point',(4134.00983864,1743.13363384,934.631388013));
#209751=CARTESIAN_POINT('Control Point',(4135.63645734,1744.23841493,935.006143949));
#209752=CARTESIAN_POINT('Control Point',(4136.80219005,1745.77915106,935.528810015));
#209753=CARTESIAN_POINT('Control Point',(4137.38414064,1747.53554441,936.124616586));
#209754=CARTESIAN_POINT('Control Point',(4137.38366451,1749.2917547,936.720365635));
#209755=CARTESIAN_POINT('Control Point',(4130.3,1743.9175136,929.719800099));
#209756=CARTESIAN_POINT('Control Point',(4132.21923978,1743.91751335,929.719800014));
#209757=CARTESIAN_POINT('Control Point',(4134.13826887,1744.48904713,929.911900013));
#209758=CARTESIAN_POINT('Control Point',(4135.8215824,1745.63275748,930.296340051));
#209759=CARTESIAN_POINT('Control Point',(4137.02765896,1747.22859214,930.832721216));
#209760=CARTESIAN_POINT('Control Point',(4137.63012776,1749.04751032,931.444105149));
#209761=CARTESIAN_POINT('Control Point',(4137.62983365,1750.86646212,932.055495728));
#209762=CARTESIAN_POINT('Control Point',(4130.3,1745.23315431,924.990940586));
#209763=CARTESIAN_POINT('Control Point',(4132.28350402,1745.23315417,924.990940537));
#209764=CARTESIAN_POINT('Control Point',(4134.26683926,1745.82428115,925.187741802));
#209765=CARTESIAN_POINT('Control Point',(4136.00644996,1747.00745148,925.581649414));
#209766=CARTESIAN_POINT('Control Point',(4137.25326698,1748.65807506,926.131184147));
#209767=CARTESIAN_POINT('Control Point',(4137.87611205,1750.53982217,926.757665799));
#209768=CARTESIAN_POINT('Control Point',(4137.87600001,1752.4216633,927.384178753));
#209769=B_SPLINE_CURVE_WITH_KNOTS('',3,(#209770,#209771,#209772,#209773),.UNSPECIFIED.,.F.,.U.,(4,4),(2783.41029388,2809.5172788),.UNSPECIFIED.);
#209770=CARTESIAN_POINT('Control Point',(4137.13999979,1747.71380197,941.331294427));
#209771=CARTESIAN_POINT('Control Point',(4137.38533206,1749.30242149,936.688765757));
#209772=CARTESIAN_POINT('Control Point',(4137.63066742,1750.87172954,932.039673983));
#209773=CARTESIAN_POINT('Control Point',(4137.87600001,1752.42166326,927.384178738));
#209774=CARTESIAN_POINT('Vertex',(4137.13999935,1747.71380197,941.331294427));
#209775=VERTEX_POINT('',#209774);
#209776=EDGE_CURVE('',#209723,#209775,#209769,.F.);
#209777=B_SPLINE_CURVE_WITH_KNOTS('',5,(#209778,#209779,#209780,#209781,#209782,#209783,#209784,#209785,#209786,#209787,#209788,#209789,#209790,#209791,#209792,#209793,#209794,#209795,#209796,#209797,#209798),.UNSPECIFIED.,.F.,.U.,(6,3,3,3,3,3,6),(0.187256763197,1.94630120081,2.79490727044,3.64351334006,6.51034264001,8.58979433648,9.37717193995),.UNSPECIFIED.);
#209778=CARTESIAN_POINT('Control Point',(4130.3,1741.22606006,939.163937609));
#209779=CARTESIAN_POINT('Control Point',(4130.70403279,1741.22610654,939.16377532));
#209780=CARTESIAN_POINT('Control Point',(4131.10932374,1741.25440859,939.173180552));
#209781=CARTESIAN_POINT('Control Point',(4131.51089126,1741.31136913,939.192254497));
#209782=CARTESIAN_POINT('Control Point',(4132.09620941,1741.43634072,939.234123618));
#209783=CARTESIAN_POINT('Control Point',(4132.66607095,1741.62230278,939.296337062));
#209784=CARTESIAN_POINT('Control Point',(4132.88212394,1741.69919218,939.322002226));
#209785=CARTESIAN_POINT('Control Point',(4133.33662711,1741.88853218,939.38524733));
#209786=CARTESIAN_POINT('Control Point',(4133.77236929,1742.11674019,939.461529895));
#209787=CARTESIAN_POINT('Control Point',(4133.96908566,1742.23359596,939.500608383));
#209788=CARTESIAN_POINT('Control Point',(4134.69055938,1742.68935929,939.652860305));
#209789=CARTESIAN_POINT('Control Point',(4135.32813753,1743.24770405,939.839358823));
#209790=CARTESIAN_POINT('Control Point',(4135.74261386,1743.71616231,939.995854949));
#209791=CARTESIAN_POINT('Control Point',(4136.3522064,1744.57955095,940.284238771));
#209792=CARTESIAN_POINT('Control Point',(4136.77173739,1745.54587124,940.607041217));
#209793=CARTESIAN_POINT('Control Point',(4136.91438645,1745.97062232,940.748945318));
#209794=CARTESIAN_POINT('Control Point',(4137.05736986,1746.58094923,940.952875321));
#209795=CARTESIAN_POINT('Control Point',(4137.12221462,1747.201349,941.160133855));
#209796=CARTESIAN_POINT('Control Point',(4137.13408447,1747.37219358,941.217203911));
#209797=CARTESIAN_POINT('Control Point',(4137.13999924,1747.54313858,941.274300869));
#209798=CARTESIAN_POINT('Control Point',(4137.13999979,1747.71380197,941.331294427));
#209799=EDGE_CURVE('',#207999,#209775,#209777,.T.);
#209800=EDGE_LOOP('',(#209801,#209802,#209803,#209804));
#209801=ORIENTED_EDGE('',*,*,#209732,.T.);
#209802=ORIENTED_EDGE('',*,*,#209776,.T.);
#209803=ORIENTED_EDGE('',*,*,#209799,.F.);
#209804=ORIENTED_EDGE('',*,*,#208000,.F.);
#209805=FACE_OUTER_BOUND('',#209800,.T.);
#209806=ADVANCED_FACE('PartBody',(#209805),#209740,.T.);
#209807=B_SPLINE_SURFACE_WITH_KNOTS('',5,5,((#209808,#209809,#209810,#209811,#209812,#209813,#209814,#209815,#209816),(#209817,#209818,#209819,#209820,#209821,#209822,#209823,#209824,#209825),(#209826,#209827,#209828,#209829,#209830,#209831,#209832,#209833,#209834),(#209835,#209836,#209837,#209838,#209839,#209840,#209841,#209842,#209843),(#209844,#209845,#209846,#209847,#209848,#209849,#209850,#209851,#209852),(#209853,#209854,#209855,#209856,#209857,#209858,#209859,#209860,#209861),(#209862,#209863,#209864,#209865,#209866,#209867,#209868,#209869,#209870),(#209871,#209872,#209873,#209874,#209875,#209876,#209877,#209878,#209879),(#209880,#209881,#209882,#209883,#209884,#209885,#209886,#209887,#209888),(#209889,#209890,#209891,#209892,#209893,#209894,#209895,#209896,#209897),(#209898,#209899,#209900,#209901,#209902,#209903,#209904,#209905,#209906),(#209907,#209908,#209909,#209910,#209911,#209912,#209913,#209914,#209915)),.UNSPECIFIED.,.F.,.F.,.U.,(6,3,3,6),(6,3,6),(1173.9432086,1706.75193384,2032.17955685,2783.41029388),(0.,2.50000001,5.00000002),.UNSPECIFIED.);
#209808=CARTESIAN_POINT('Control Point',(4130.3,1245.86350609,1683.09469941));
#209809=CARTESIAN_POINT('Control Point',(4131.37442469,1245.86350608,1683.09469941));
#209810=CARTESIAN_POINT('Control Point',(4132.44886641,1246.00339078,1683.25255251));
#209811=CARTESIAN_POINT('Control Point',(4133.46800468,1246.28337045,1683.56849599));
#209812=CARTESIAN_POINT('Control Point',(4135.28575015,1247.09329356,1684.48245495));
#209813=CARTESIAN_POINT('Control Point',(4136.50693661,1248.29887035,1685.84288991));
#209814=CARTESIAN_POINT('Control Point',(4136.92908456,1248.97478976,1686.60563219));
#209815=CARTESIAN_POINT('Control Point',(4137.14000001,1249.68738788,1687.40976461));
#209816=CARTESIAN_POINT('Control Point',(4137.14,1250.3999747,1688.21388429));
#209817=CARTESIAN_POINT('Control Point',(4130.3,1290.66092867,1643.39654262));
#209818=CARTESIAN_POINT('Control Point',(4131.37442469,1290.66092867,1643.39654262));
#209819=CARTESIAN_POINT('Control Point',(4132.4488664,1290.80614566,1643.54967041));
#209820=CARTESIAN_POINT('Control Point',(4133.46800468,1291.09679792,1643.85615616));
#209821=CARTESIAN_POINT('Control Point',(4135.28575015,1291.93759465,1644.74275587));
#209822=CARTESIAN_POINT('Control Point',(4136.50693661,1293.18912705,1646.06246637));
#209823=CARTESIAN_POINT('Control Point',(4136.92908455,1293.89081197,1646.80237606));
#209824=CARTESIAN_POINT('Control Point',(4137.14000001,1294.63057375,1647.58243687));
#209825=CARTESIAN_POINT('Control Point',(4137.14,1295.37032381,1648.36248533));
#209826=CARTESIAN_POINT('Control Point',(4130.3,1333.77829655,1601.81016622));
#209827=CARTESIAN_POINT('Control Point',(4131.37442469,1333.77829656,1601.81016621));
#209828=CARTESIAN_POINT('Control Point',(4132.44886641,1333.92868513,1601.9583093));
#209829=CARTESIAN_POINT('Control Point',(4133.46800468,1334.22968833,1602.25481816));
#209830=CARTESIAN_POINT('Control Point',(4135.28575015,1335.10042817,1603.11255681));
#209831=CARTESIAN_POINT('Control Point',(4136.50693662,1336.39653112,1604.38930741));
#209832=CARTESIAN_POINT('Control Point',(4136.92908456,1337.12320499,1605.10513118));
#209833=CARTESIAN_POINT('Control Point',(4137.14000001,1337.88931173,1605.85979905));
#209834=CARTESIAN_POINT('Control Point',(4137.14,1338.65540634,1606.61445496));
#209835=CARTESIAN_POINT('Control Point',(4130.3,1375.08773347,1558.41627752));
#209836=CARTESIAN_POINT('Control Point',(4131.37442469,1375.08773347,1558.41627753));
#209837=CARTESIAN_POINT('Control Point',(4132.44886641,1375.24311149,1558.55918264));
#209838=CARTESIAN_POINT('Control Point',(4133.46800468,1375.5541011,1558.84520766));
#209839=CARTESIAN_POINT('Control Point',(4135.28575015,1376.45372955,1559.67261874));
#209840=CARTESIAN_POINT('Control Point',(4136.50693661,1377.79283343,1560.90422648));
#209841=CARTESIAN_POINT('Control Point',(4136.92908456,1378.54361623,1561.59474043));
#209842=CARTESIAN_POINT('Control Point',(4137.14000001,1379.33514018,1562.32272504));
#209843=CARTESIAN_POINT('Control Point',(4137.14,1380.12665159,1563.05069811));
#209844=CARTESIAN_POINT('Control Point',(4130.3,1438.53587594,1485.7561032));
#209845=CARTESIAN_POINT('Control Point',(4131.37442469,1438.53587594,1485.7561032));
#209846=CARTESIAN_POINT('Control Point',(4132.44886641,1438.69893962,1485.89020711));
#209847=CARTESIAN_POINT('Control Point',(4133.46800468,1439.02531207,1486.15861651));
#209848=CARTESIAN_POINT('Control Point',(4135.28575015,1439.96943988,1486.93506924));
#209849=CARTESIAN_POINT('Control Point',(4136.50693661,1441.37478139,1488.09082513));
#209850=CARTESIAN_POINT('Control Point',(4136.92908456,1442.16270102,1488.73881193));
#209851=CARTESIAN_POINT('Control Point',(4137.14000001,1442.99337702,1489.42196166));
#209852=CARTESIAN_POINT('Control Point',(4137.14,1443.82403986,1490.10510058));
#209853=CARTESIAN_POINT('Control Point',(4130.3,1496.77896789,1408.92337213));
#209854=CARTESIAN_POINT('Control Point',(4131.37442469,1496.77896789,1408.92337213));
#209855=CARTESIAN_POINT('Control Point',(4132.44886641,1496.94909217,1409.04816205));
#209856=CARTESIAN_POINT('Control Point',(4133.46800468,1497.28959647,1409.29792947));
#209857=CARTESIAN_POINT('Control Point',(4135.28575015,1498.27460478,1410.02045479));
#209858=CARTESIAN_POINT('Control Point',(4136.50693661,1499.74079724,1411.0959393));
#209859=CARTESIAN_POINT('Control Point',(4136.92908456,1500.56283359,1411.6989211));
#209860=CARTESIAN_POINT('Control Point',(4137.14000001,1501.42947767,1412.33462364));
#209861=CARTESIAN_POINT('Control Point',(4137.14,1502.29610801,1412.97031611));
#209862=CARTESIAN_POINT('Control Point',(4130.3,1518.09464101,1379.21474604));
#209863=CARTESIAN_POINT('Control Point',(4131.37442469,1518.09464101,1379.21474605));
#209864=CARTESIAN_POINT('Control Point',(4132.44886641,1518.26734774,1379.3359367));
#209865=CARTESIAN_POINT('Control Point',(4133.46800468,1518.6130208,1379.57850018));
#209866=CARTESIAN_POINT('Control Point',(4135.28575015,1519.61298129,1380.28018601));
#209867=CARTESIAN_POINT('Control Point',(4136.50693662,1521.10143018,1381.32465077));
#209868=CARTESIAN_POINT('Control Point',(4136.92908456,1521.93594483,1381.91024101));
#209869=CARTESIAN_POINT('Control Point',(4137.14000001,1522.81574435,1382.52760825));
#209870=CARTESIAN_POINT('Control Point',(4137.14,1523.69552992,1383.1449657));
#209871=CARTESIAN_POINT('Control Point',(4130.3,1586.00419473,1279.1220793));
#209872=CARTESIAN_POINT('Control Point',(4131.37442469,1586.00419473,1279.12207929));
#209873=CARTESIAN_POINT('Control Point',(4132.4488664,1586.1851233,1279.2311502));
#209874=CARTESIAN_POINT('Control Point',(4133.46800468,1586.54725241,1279.44945598));
#209875=CARTESIAN_POINT('Control Point',(4135.28575015,1587.59481681,1280.08096934));
#209876=CARTESIAN_POINT('Control Point',(4136.50693661,1589.15412449,1281.02098185));
#209877=CARTESIAN_POINT('Control Point',(4136.92908455,1590.02836687,1281.54800983));
#209878=CARTESIAN_POINT('Control Point',(4137.14000001,1590.95004993,1282.10363694));
#209879=CARTESIAN_POINT('Control Point',(4137.14,1591.87171839,1282.65925524));
#209880=CARTESIAN_POINT('Control Point',(4130.3,1645.09629456,1173.36845243));
#209881=CARTESIAN_POINT('Control Point',(4131.37442469,1645.09629455,1173.36845245));
#209882=CARTESIAN_POINT('Control Point',(4132.44886641,1645.2843479,1173.46476919));
#209883=CARTESIAN_POINT('Control Point',(4133.46800469,1645.66073729,1173.65754744));
#209884=CARTESIAN_POINT('Control Point',(4135.28575016,1646.74955375,1174.21521491));
#209885=CARTESIAN_POINT('Control Point',(4136.50693662,1648.37026545,1175.04530722));
#209886=CARTESIAN_POINT('Control Point',(4136.92908456,1649.27893465,1175.51070727));
#209887=CARTESIAN_POINT('Control Point',(4137.14000001,1650.2369127,1176.00136221));
#209888=CARTESIAN_POINT('Control Point',(4137.14,1651.19487557,1176.49200937));
#209889=CARTESIAN_POINT('Control Point',(4130.3,1681.82170294,1097.18216813));
#209890=CARTESIAN_POINT('Control Point',(4131.37442469,1681.82170294,1097.18216812));
#209891=CARTESIAN_POINT('Control Point',(4132.4488664,1682.01416483,1097.26932366));
#209892=CARTESIAN_POINT('Control Point',(4133.46800468,1682.39937789,1097.44376576));
#209893=CARTESIAN_POINT('Control Point',(4135.28575015,1683.5137194,1097.94839059));
#209894=CARTESIAN_POINT('Control Point',(4136.50693661,1685.17242531,1098.69952855));
#209895=CARTESIAN_POINT('Control Point',(4136.92908455,1686.10239637,1099.12066201));
#209896=CARTESIAN_POINT('Control Point',(4137.14000001,1687.08283222,1099.56464824));
#209897=CARTESIAN_POINT('Control Point',(4137.14,1688.06325253,1100.00862744));
#209898=CARTESIAN_POINT('Control Point',(4130.3,1713.92055241,1018.9606723));
#209899=CARTESIAN_POINT('Control Point',(4131.37442469,1713.92055241,1018.9606723));
#209900=CARTESIAN_POINT('Control Point',(4132.44886641,1714.11684105,1019.03850502));
#209901=CARTESIAN_POINT('Control Point',(4133.46800468,1714.50971339,1019.19428744));
#209902=CARTESIAN_POINT('Control Point',(4135.28575015,1715.64621157,1019.6449337));
#209903=CARTESIAN_POINT('Control Point',(4136.50693661,1717.33789788,1020.31572411));
#209904=CARTESIAN_POINT('Control Point',(4136.92908456,1718.28635975,1020.69180988));
#209905=CARTESIAN_POINT('Control Point',(4137.14000001,1719.28628981,1021.08830389));
#209906=CARTESIAN_POINT('Control Point',(4137.14,1720.28620403,1021.48479163));
#209907=CARTESIAN_POINT('Control Point',(4130.3,1741.2422041,939.116791635));
#209908=CARTESIAN_POINT('Control Point',(4131.37442469,1741.2422041,939.116791635));
#209909=CARTESIAN_POINT('Control Point',(4132.44886641,1741.44175966,939.185077143));
#209910=CARTESIAN_POINT('Control Point',(4133.46800468,1741.84117073,939.3217508));
#209911=CARTESIAN_POINT('Control Point',(4135.28575015,1742.99658415,939.717119347));
#209912=CARTESIAN_POINT('Control Point',(4136.50693661,1744.71642593,940.305628473));
#209913=CARTESIAN_POINT('Control Point',(4136.92908456,1745.68067346,940.635582356));
#209914=CARTESIAN_POINT('Control Point',(4137.14000001,1746.69724579,940.983441154));
#209915=CARTESIAN_POINT('Control Point',(4137.14,1747.71380201,941.33129444));
#209916=B_SPLINE_CURVE_WITH_KNOTS('',5,(#209917,#209918,#209919,#209920,#209921,#209922,#209923,#209924,#209925,#209926,#209927,#209928,#209929,#209930,#209931,#209932,#209933,#209934),.UNSPECIFIED.,.F.,.U.,(6,3,3,3,3,6),(1173.94626135,1363.60465868,1706.75193384,2032.17955685,2547.40420761,2783.32157002),.UNSPECIFIED.);
#209917=CARTESIAN_POINT('Control Point',(4130.3,1245.86478943,1683.09356214));
#209918=CARTESIAN_POINT('Control Point',(4130.3,1261.81084974,1668.9626055));
#209919=CARTESIAN_POINT('Control Point',(4130.3,1277.5438741,1654.59253454));
#209920=CARTESIAN_POINT('Control Point',(4130.3,1293.0583878,1639.98673128));
#209921=CARTESIAN_POINT('Control Point',(4130.3,1336.01403941,1598.30320076));
#209922=CARTESIAN_POINT('Control Point',(4130.3,1377.15936614,1554.82251291));
#209923=CARTESIAN_POINT('Control Point',(4130.3,1402.8760717,1526.09839555));
#209924=CARTESIAN_POINT('Control Point',(4130.3,1451.40723633,1468.77666539));
#209925=CARTESIAN_POINT('Control Point',(4130.3,1496.77874682,1408.92355281));
#209926=CARTESIAN_POINT('Control Point',(4130.3,1518.0944839,1379.21486028));
#209927=CARTESIAN_POINT('Control Point',(4130.3,1571.11850695,1301.06245026));
#209928=CARTESIAN_POINT('Control Point',(4130.3,1618.76596576,1219.45962703));
#209929=CARTESIAN_POINT('Control Point',(4130.3,1645.88217489,1168.26457468));
#209930=CARTESIAN_POINT('Control Point',(4130.3,1682.29814814,1092.0772879));
#209931=CARTESIAN_POINT('Control Point',(4130.3,1714.07440916,1013.89368735));
#209932=CARTESIAN_POINT('Control Point',(4130.3,1723.59312032,989.151892549));
#209933=CARTESIAN_POINT('Control Point',(4130.3,1732.64523755,964.237964136));
#209934=CARTESIAN_POINT('Control Point',(4130.3,1741.22606936,939.163941087));
#209935=CARTESIAN_POINT('Vertex',(4130.3,1245.86478994,1683.09356272));
#209936=VERTEX_POINT('',#209935);
#209937=EDGE_CURVE('',#209936,#207999,#209916,.T.);
#209938=B_SPLINE_CURVE_WITH_KNOTS('',5,(#209939,#209940,#209941,#209942,#209943,#209944,#209945,#209946,#209947,#209948,#209949,#209950,#209951,#209952,#209953,#209954,#209955,#209956),.UNSPECIFIED.,.F.,.U.,(6,3,3,3,3,6),(1174.05696457,1363.60465868,1706.75193384,2032.17955685,2547.40420761,2783.41029388),.UNSPECIFIED.);
#209939=CARTESIAN_POINT('Control Point',(4137.14,1250.44798031,1688.17134153));
#209940=CARTESIAN_POINT('Control Point',(4137.14,1266.44575317,1673.9935564));
#209941=CARTESIAN_POINT('Control Point',(4137.14,1282.23007339,1659.57587316));
#209942=CARTESIAN_POINT('Control Point',(4137.14,1297.79543555,1644.92168652));
#209943=CARTESIAN_POINT('Control Point',(4137.14,1340.9088164,1603.08436713));
#209944=CARTESIAN_POINT('Control Point',(4137.14,1382.20654742,1559.44266017));
#209945=CARTESIAN_POINT('Control Point',(4137.14,1408.02416301,1530.60584994));
#209946=CARTESIAN_POINT('Control Point',(4137.14,1456.74600012,1473.05891468));
#209947=CARTESIAN_POINT('Control Point',(4137.14,1502.29588833,1412.97049425));
#209948=CARTESIAN_POINT('Control Point',(4137.14,1523.69537493,1383.1450695));
#209949=CARTESIAN_POINT('Control Point',(4137.14,1576.92758019,1304.68579879));
#209950=CARTESIAN_POINT('Control Point',(4137.14,1624.761546,1222.76350176));
#209951=CARTESIAN_POINT('Control Point',(4137.14,1651.98358811,1171.36854937));
#209952=CARTESIAN_POINT('Control Point',(4137.14,1688.54557424,1094.87570527));
#209953=CARTESIAN_POINT('Control Point',(4137.14,1720.4482647,1016.3794233));
#209954=CARTESIAN_POINT('Control Point',(4137.14,1730.00709238,991.532304641));
#209955=CARTESIAN_POINT('Control Point',(4137.14,1739.09716831,966.512257132));
#209956=CARTESIAN_POINT('Control Point',(4137.14,1747.71380197,941.331294427));
#209957=CARTESIAN_POINT('Vertex',(4137.14,1250.44798031,1688.17134153));
#209958=VERTEX_POINT('',#209957);
#209959=EDGE_CURVE('',#209958,#209775,#209938,.T.);
#209960=B_SPLINE_CURVE_WITH_KNOTS('',5,(#209961,#209962,#209963,#209964,#209965,#209966),.UNSPECIFIED.,.F.,.U.,(6,6),(0.,11.8510421763),.UNSPECIFIED.);
#209961=CARTESIAN_POINT('Control Point',(4130.3,1245.86478943,1683.09356214));
#209962=CARTESIAN_POINT('Control Point',(4132.44891333,1245.86478943,1683.09356214));
#209963=CARTESIAN_POINT('Control Point',(4134.60019004,1246.42868938,1683.71831438));
#209964=CARTESIAN_POINT('Control Point',(4136.29867749,1247.56714957,1684.97963008));
#209965=CARTESIAN_POINT('Control Point',(4137.14000001,1249.00828853,1686.57628747));
#209966=CARTESIAN_POINT('Control Point',(4137.14,1250.44798034,1688.17134156));
#209967=EDGE_CURVE('',#209936,#209958,#209960,.T.);
#209968=EDGE_LOOP('',(#209969,#209970,#209971,#209972));
#209969=ORIENTED_EDGE('',*,*,#209937,.T.);
#209970=ORIENTED_EDGE('',*,*,#209799,.T.);
#209971=ORIENTED_EDGE('',*,*,#209959,.F.);
#209972=ORIENTED_EDGE('',*,*,#209967,.F.);
#209973=FACE_OUTER_BOUND('',#209968,.T.);
#209974=ADVANCED_FACE('PartBody',(#209973),#209807,.T.);
#209975=CARTESIAN_POINT('Axis2P3D Location',(4137.876,1703.39388466,411.640559128));
#209976=DIRECTION('Axis2P3D Direction',(-1.,0.,0.));
#209977=DIRECTION('Axis2P3D XDirection',(0.,-0.205550931489,0.978646419584));
#209978=AXIS2_PLACEMENT_3D('Plane Axis2P3D',#209975,#209976,#209977);
#209979=PLANE('',#209978);
#209980=B_SPLINE_CURVE_WITH_KNOTS('',5,(#209981,#209982,#209983,#209984,#209985,#209986,#209987,#209988,#209989,#209990,#209991,#209992,#209993,#209994,#209995,#209996,#209997,#209998,#209999,#210000,#210001,#210002,#210003,#210004,#210005,#210006,#210007,#210008,#210009,#210010,#210011,#210012,#210013,#210014,#210015,#210016,#210017,#210018,#210019,#210020,#210021,#210022,#210023,#210024,#210025,#210026,#210027,#210028,#210029,#210030,#210031,#210032,#210033,#210034,#210035,#210036,#210037,#210038,#210039,#210040,#210041,#210042,#210043,#210044,#210045,#210046,#210047,#210048,#210049,#210050,#210051,#210052,#210053,#210054,#210055,#210056,#210057,#210058,#210059,#210060,#210061,#210062,#210063,#210064,#210065,#210066,#210067),.UNSPECIFIED.,.F.,.U.,(6,3,3,3,3,3,3,3,3,3,3,3,3,3,3,3,3,3,3,3,3,3,3,3,3,3,3,3,6),(1506.87371045,1511.56910073,1530.45237343,1554.03103641,1601.18836237,1695.50301429,1700.08057228,1706.10546696,1712.13036165,1719.7241998,1730.78396662,1735.49413901,1754.15346411,1760.37327422,1810.17096531,1824.81931743,1839.36333045,1848.78372622,1861.40239236,1864.66614807,1871.02586721,1877.26243394,1879.6447127,1887.23688097,1893.76623973,1912.7426454,1924.12849682,2052.27669989,2193.30038421),.UNSPECIFIED.);
#209981=CARTESIAN_POINT('Control Point',(4137.876,1910.90119627,544.595647327));
#209982=CARTESIAN_POINT('Control Point',(4137.876,1910.96052333,543.933919928));
#209983=CARTESIAN_POINT('Control Point',(4137.876,1911.01959889,543.271455312));
#209984=CARTESIAN_POINT('Control Point',(4137.876,1911.07832768,542.609239114));
#209985=CARTESIAN_POINT('Control Point',(4137.876,1911.37049915,539.296416736));
#209986=CARTESIAN_POINT('Control Point',(4137.876,1911.65463367,535.982913609));
#209987=CARTESIAN_POINT('Control Point',(4137.876,1911.87702173,533.328835205));
#209988=CARTESIAN_POINT('Control Point',(4137.876,1912.36545946,527.359833571));
#209989=CARTESIAN_POINT('Control Point',(4137.876,1912.82768152,521.388889481));
#209990=CARTESIAN_POINT('Control Point',(4137.876,1913.0762456,518.072719132));
#209991=CARTESIAN_POINT('Control Point',(4137.876,1913.79757048,508.122582934));
#209992=CARTESIAN_POINT('Control Point',(4137.876,1914.4456156,498.167788056));
#209993=CARTESIAN_POINT('Control Point',(4137.876,1914.84491895,491.529380301));
#209994=CARTESIAN_POINT('Control Point',(4137.876,1915.94416454,471.608978889));
#209995=CARTESIAN_POINT('Control Point',(4137.876,1916.74589657,451.674441346));
#209996=CARTESIAN_POINT('Control Point',(4137.876,1917.14680513,438.379709869));
#209997=CARTESIAN_POINT('Control Point',(4137.876,1917.42556709,424.43579809));
#209998=CARTESIAN_POINT('Control Point',(4137.876,1917.55396451,410.490832553));
#209999=CARTESIAN_POINT('Control Point',(4137.876,1917.55859029,409.961637236));
#210000=CARTESIAN_POINT('Control Point',(4137.876,1917.57094505,408.473395132));
#210001=CARTESIAN_POINT('Control Point',(4137.876,1917.58146938,407.004974569));
#210002=CARTESIAN_POINT('Control Point',(4137.876,1917.5868451,406.178567341));
#210003=CARTESIAN_POINT('Control Point',(4137.876,1917.59639581,404.539103506));
#210004=CARTESIAN_POINT('Control Point',(4137.876,1917.60367842,402.912590805));
#210005=CARTESIAN_POINT('Control Point',(4137.876,1917.60678355,402.099304296));
#210006=CARTESIAN_POINT('Control Point',(4137.876,1917.61271028,400.250966904));
#210007=CARTESIAN_POINT('Control Point',(4137.876,1917.61629592,398.371080395));
#210008=CARTESIAN_POINT('Control Point',(4137.876,1917.61770591,397.306438216));
#210009=CARTESIAN_POINT('Control Point',(4137.876,1917.61899374,394.680296425));
#210010=CARTESIAN_POINT('Control Point',(4137.876,1917.61504988,392.043087801));
#210011=CARTESIAN_POINT('Control Point',(4137.876,1917.61310331,390.480981405));
#210012=CARTESIAN_POINT('Control Point',(4137.876,1917.60746886,388.257715616));
#210013=CARTESIAN_POINT('Control Point',(4137.876,1917.59743789,386.034995266));
#210014=CARTESIAN_POINT('Control Point',(4137.876,1917.59606883,385.768217415));
#210015=CARTESIAN_POINT('Control Point',(4137.876,1917.57856516,382.471566927));
#210016=CARTESIAN_POINT('Control Point',(4137.876,1917.55352794,379.176199448));
#210017=CARTESIAN_POINT('Control Point',(4137.876,1917.52796081,376.544405256));
#210018=CARTESIAN_POINT('Control Point',(4137.876,1917.4881719,373.034289408));
#210019=CARTESIAN_POINT('Control Point',(4137.876,1917.44060653,369.524487687));
#210020=CARTESIAN_POINT('Control Point',(4137.876,1917.42821785,368.647063004));
#210021=CARTESIAN_POINT('Control Point',(4137.876,1917.31221498,360.745245603));
#210022=CARTESIAN_POINT('Control Point',(4137.876,1917.15652161,352.853522287));
#210023=CARTESIAN_POINT('Control Point',(4137.876,1916.98829535,345.896857402));
#210024=CARTESIAN_POINT('Control Point',(4137.876,1916.72960889,336.838876217));
#210025=CARTESIAN_POINT('Control Point',(4137.876,1916.4175252,327.759744531));
#210026=CARTESIAN_POINT('Control Point',(4137.876,1916.34645754,325.768431793));
#210027=CARTESIAN_POINT('Control Point',(4137.876,1916.19410647,321.652987707));
#210028=CARTESIAN_POINT('Control Point',(4137.876,1916.03025078,317.538521321));
#210029=CARTESIAN_POINT('Control Point',(4137.876,1915.94564507,315.488510919));
#210030=CARTESIAN_POINT('Control Point',(4137.876,1915.80186468,312.110325796));
#210031=CARTESIAN_POINT('Control Point',(4137.876,1915.65119338,308.732058388));
#210032=CARTESIAN_POINT('Control Point',(4137.876,1915.59001409,307.38418626));
#210033=CARTESIAN_POINT('Control Point',(4137.876,1915.44661802,304.277845988));
#210034=CARTESIAN_POINT('Control Point',(4137.876,1915.29679582,301.173332849));
#210035=CARTESIAN_POINT('Control Point',(4137.876,1915.20856692,299.396163549));
#210036=CARTESIAN_POINT('Control Point',(4137.876,1915.09430617,297.158764032));
#210037=CARTESIAN_POINT('Control Point',(4137.876,1914.97793733,294.918348414));
#210038=CARTESIAN_POINT('Control Point',(4137.876,1914.9574229,294.524277354));
#210039=CARTESIAN_POINT('Control Point',(4137.876,1914.8870237,293.17440691));
#210040=CARTESIAN_POINT('Control Point',(4137.876,1914.81720343,291.84426154));
#210041=CARTESIAN_POINT('Control Point',(4137.876,1914.7721178,290.989556693));
#210042=CARTESIAN_POINT('Control Point',(4137.876,1914.68087641,289.27706413));
#210043=CARTESIAN_POINT('Control Point',(4137.876,1914.58653416,287.552227542));
#210044=CARTESIAN_POINT('Control Point',(4137.876,1914.53881305,286.693247295));
#210045=CARTESIAN_POINT('Control Point',(4137.876,1914.47059697,285.48494507));
#210046=CARTESIAN_POINT('Control Point',(4137.876,1914.40066159,284.27169383));
#210047=CARTESIAN_POINT('Control Point',(4137.876,1914.37516661,283.832192754));
#210048=CARTESIAN_POINT('Control Point',(4137.876,1914.29325898,282.428734774));
#210049=CARTESIAN_POINT('Control Point',(4137.876,1914.20957415,281.024582686));
#210050=CARTESIAN_POINT('Control Point',(4137.876,1914.14501072,279.955089997));
#210051=CARTESIAN_POINT('Control Point',(4137.876,1914.02396726,277.964448655));
#210052=CARTESIAN_POINT('Control Point',(4137.876,1913.90190908,275.972074275));
#210053=CARTESIAN_POINT('Control Point',(4137.876,1913.79946993,274.301772376));
#210054=CARTESIAN_POINT('Control Point',(4137.876,1913.57845565,270.704362273));
#210055=CARTESIAN_POINT('Control Point',(4137.876,1913.35375041,267.11300353));
#210056=CARTESIAN_POINT('Control Point',(4137.876,1913.18114252,264.441234551));
#210057=CARTESIAN_POINT('Control Point',(4137.876,1912.89899441,260.165010216));
#210058=CARTESIAN_POINT('Control Point',(4137.876,1912.60701133,255.889966322));
#210059=CARTESIAN_POINT('Control Point',(4137.876,1912.49607187,254.28693038));
#210060=CARTESIAN_POINT('Control Point',(4137.876,1911.11934015,234.642515183));
#210061=CARTESIAN_POINT('Control Point',(4137.876,1909.53056566,215.012291556));
#210062=CARTESIAN_POINT('Control Point',(4137.876,1907.89351834,196.993465926));
#210063=CARTESIAN_POINT('Control Point',(4137.876,1904.08445737,159.193104988));
#210064=CARTESIAN_POINT('Control Point',(4137.876,1899.49731858,121.480348995));
#210065=CARTESIAN_POINT('Control Point',(4137.876,1896.88096352,101.748074221));
#210066=CARTESIAN_POINT('Control Point',(4137.876,1894.05217863,82.0476088191));
#210067=CARTESIAN_POINT('Control Point',(4137.876,1891.01140057,62.381541756));
#210068=CARTESIAN_POINT('Vertex',(4137.876,1910.90119627,544.595647327));
#210069=VERTEX_POINT('',#210068);
#210070=EDGE_CURVE('',#210069,#208109,#209980,.T.);
#210071=B_SPLINE_CURVE_WITH_KNOTS('',5,(#210072,#210073,#210074,#210075,#210076,#210077,#210078,#210079,#210080,#210081,#210082,#210083,#210084,#210085,#210086,#210087,#210088,#210089,#210090,#210091,#210092,#210093,#210094,#210095,#210096,#210097,#210098,#210099,#210100,#210101),.UNSPECIFIED.,.F.,.U.,(6,3,3,3,3,3,3,3,3,6),(2238.72595544,2241.81296952,2248.13380644,2257.54165744,2276.35735944,2313.98876344,2389.25157143,2499.39659337,2524.51406817,2549.63154297),.UNSPECIFIED.);
#210072=CARTESIAN_POINT('Control Point',(4137.876,1880.4990426,761.630241355));
#210073=CARTESIAN_POINT('Control Point',(4137.876,1880.58404084,761.211861116));
#210074=CARTESIAN_POINT('Control Point',(4137.876,1880.66914518,760.792324746));
#210075=CARTESIAN_POINT('Control Point',(4137.876,1880.75474291,760.369713937));
#210076=CARTESIAN_POINT('Control Point',(4137.876,1881.01777941,759.069100021));
#210077=CARTESIAN_POINT('Control Point',(4137.876,1881.27962883,757.768243286));
#210078=CARTESIAN_POINT('Control Point',(4137.876,1881.45502131,756.894128422));
#210079=CARTESIAN_POINT('Control Point',(4137.876,1881.89013214,754.71871586));
#210080=CARTESIAN_POINT('Control Point',(4137.876,1882.32192436,752.54261168));
#210081=CARTESIAN_POINT('Control Point',(4137.876,1882.57900616,751.240762194));
#210082=CARTESIAN_POINT('Control Point',(4137.876,1883.3466882,747.334462591));
#210083=CARTESIAN_POINT('Control Point',(4137.876,1884.1036763,743.425904725));
#210084=CARTESIAN_POINT('Control Point',(4137.876,1884.60357877,740.81919152));
#210085=CARTESIAN_POINT('Control Point',(4137.876,1886.08900193,732.996043691));
#210086=CARTESIAN_POINT('Control Point',(4137.876,1887.53151481,725.163977668));
#210087=CARTESIAN_POINT('Control Point',(4137.876,1888.47406772,719.938731295));
#210088=CARTESIAN_POINT('Control Point',(4137.876,1891.2441468,704.251985926));
#210089=CARTESIAN_POINT('Control Point',(4137.876,1893.84081936,688.534137441));
#210090=CARTESIAN_POINT('Control Point',(4137.876,1895.49427142,678.043450957));
#210091=CARTESIAN_POINT('Control Point',(4137.876,1899.37459148,652.174768151));
#210092=CARTESIAN_POINT('Control Point',(4137.876,1902.77862513,626.238780297));
#210093=CARTESIAN_POINT('Control Point',(4137.876,1904.63161918,610.807717779));
#210094=CARTESIAN_POINT('Control Point',(4137.876,1906.69701199,591.833847069));
#210095=CARTESIAN_POINT('Control Point',(4137.876,1908.50134713,572.837570049));
#210096=CARTESIAN_POINT('Control Point',(4137.876,1908.82738188,569.309298397));
#210097=CARTESIAN_POINT('Control Point',(4137.876,1909.46136709,562.251319796));
#210098=CARTESIAN_POINT('Control Point',(4137.876,1910.05910934,555.190612484));
#210099=CARTESIAN_POINT('Control Point',(4137.876,1910.34909415,551.658698218));
#210100=CARTESIAN_POINT('Control Point',(4137.876,1910.62958858,548.128077343));
#210101=CARTESIAN_POINT('Control Point',(4137.876,1910.90119627,544.595647327));
#210102=CARTESIAN_POINT('Vertex',(4137.876,1880.4990426,761.630241355));
#210103=VERTEX_POINT('',#210102);
#210104=EDGE_CURVE('',#210103,#210069,#210071,.T.);
#210105=B_SPLINE_CURVE_WITH_KNOTS('',5,(#210106,#210107,#210108,#210109,#210110,#210111,#210112,#210113,#210114,#210115,#210116,#210117,#210118,#210119,#210120),.UNSPECIFIED.,.F.,.U.,(6,3,3,3,6),(1783.17490058,1941.00951048,2002.47317552,2053.15883088,2063.93684056),.UNSPECIFIED.);
#210106=CARTESIAN_POINT('Control Point',(4137.876,1828.26288887,952.489519993));
#210107=CARTESIAN_POINT('Control Point',(4137.876,1835.28396173,931.365371877));
#210108=CARTESIAN_POINT('Control Point',(4137.876,1841.98723253,910.135361323));
#210109=CARTESIAN_POINT('Control Point',(4137.876,1848.37019916,888.80574751));
#210110=CARTESIAN_POINT('Control Point',(4137.876,1856.79009256,859.040291797));
#210111=CARTESIAN_POINT('Control Point',(4137.876,1864.58092925,829.106705218));
#210112=CARTESIAN_POINT('Control Point',(4137.876,1866.71503147,820.703762855));
#210113=CARTESIAN_POINT('Control Point',(4137.876,1870.51827968,805.348316112));
#210114=CARTESIAN_POINT('Control Point',(4137.876,1874.15517329,789.952812252));
#210115=CARTESIAN_POINT('Control Point',(4137.876,1875.764745,782.987006059));
#210116=CARTESIAN_POINT('Control Point',(4137.876,1877.67505623,774.530826971));
#210117=CARTESIAN_POINT('Control Point',(4137.876,1879.53494895,766.063474715));
#210118=CARTESIAN_POINT('Control Point',(4137.876,1879.85823376,764.584326803));
#210119=CARTESIAN_POINT('Control Point',(4137.876,1880.17937138,763.107585602));
#210120=CARTESIAN_POINT('Control Point',(4137.876,1880.4990426,761.630241355));
#210121=CARTESIAN_POINT('Vertex',(4137.87600001,1828.26288887,952.489519993));
#210122=VERTEX_POINT('',#210121);
#210123=EDGE_CURVE('',#210122,#210103,#210105,.T.);
#210124=B_SPLINE_CURVE_WITH_KNOTS('',1,(#210125,#210126),.UNSPECIFIED.,.F.,.U.,(2,2),(-220.482696984,-140.594214323),.UNSPECIFIED.);
#210125=CARTESIAN_POINT('Control Point',(4137.876,1828.26288887,952.489519993));
#210126=CARTESIAN_POINT('Control Point',(4137.876,1752.42166325,927.384178739));
#210127=EDGE_CURVE('',#210122,#209723,#210124,.T.);
#210128=EDGE_LOOP('',(#210129,#210130,#210131,#210132,#210133,#210134));
#210129=ORIENTED_EDGE('',*,*,#209724,.T.);
#210130=ORIENTED_EDGE('',*,*,#208130,.T.);
#210131=ORIENTED_EDGE('',*,*,#210070,.F.);
#210132=ORIENTED_EDGE('',*,*,#210104,.F.);
#210133=ORIENTED_EDGE('',*,*,#210123,.F.);
#210134=ORIENTED_EDGE('',*,*,#210127,.T.);
#210135=FACE_OUTER_BOUND('',#210128,.T.);
#210136=ADVANCED_FACE('PartBody',(#210135),#209979,.F.);
#210137=B_SPLINE_SURFACE_WITH_KNOTS('',3,6,((#210138,#210139,#210140,#210141,#210142,#210143,#210144),(#210145,#210146,#210147,#210148,#210149,#210150,#210151),(#210152,#210153,#210154,#210155,#210156,#210157,#210158),(#210159,#210160,#210161,#210162,#210163,#210164,#210165)),.UNSPECIFIED.,.F.,.F.,.U.,(4,4),(7,7),(2193.30038421,2235.04167801),(0.,9.04800000001),.UNSPECIFIED.);
#210138=CARTESIAN_POINT('Control Point',(4137.87598958,1891.01140057,62.3815417579));
#210139=CARTESIAN_POINT('Control Point',(4137.87445479,1892.59801051,62.1362188426));
#210140=CARTESIAN_POINT('Control Point',(4138.35074803,1894.18541532,61.8907730904));
#210141=CARTESIAN_POINT('Control Point',(4139.30607354,1895.59863577,61.6722599338));
#210142=CARTESIAN_POINT('Control Point',(4140.65120666,1896.65854114,61.5083766506));
#210143=CARTESIAN_POINT('Control Point',(4142.21314702,1897.26089803,61.4152398239));
#210144=CARTESIAN_POINT('Control Point',(4143.8146779,1897.39176728,61.3950047319));
#210145=CARTESIAN_POINT('Control Point',(4138.36680877,1889.51134509,52.6800143487));
#210146=CARTESIAN_POINT('Control Point',(4138.36575176,1890.97703311,52.4464692839));
#210147=CARTESIAN_POINT('Control Point',(4138.80664637,1892.44317316,52.2128467436));
#210148=CARTESIAN_POINT('Control Point',(4139.6900098,1893.74835421,52.0048875103));
#210149=CARTESIAN_POINT('Control Point',(4140.93396828,1894.72652044,51.8490088359));
#210150=CARTESIAN_POINT('Control Point',(4142.37772843,1895.28225789,51.7604577062));
#210151=CARTESIAN_POINT('Control Point',(4143.85795474,1895.40242915,51.7413060348));
#210152=CARTESIAN_POINT('Control Point',(4138.85762285,1887.94938205,42.9885383897));
#210153=CARTESIAN_POINT('Control Point',(4138.85704413,1889.29423729,42.7683247429));
#210154=CARTESIAN_POINT('Control Point',(4139.2613735,1890.64016586,42.5479343835));
#210155=CARTESIAN_POINT('Control Point',(4140.07574045,1891.83471047,42.3523310759));
#210156=CARTESIAN_POINT('Control Point',(4141.21526606,1892.73396757,42.2050790098));
#210157=CARTESIAN_POINT('Control Point',(4142.54178897,1893.24227771,42.1218428541));
#210158=CARTESIAN_POINT('Control Point',(4143.90059131,1893.35191611,42.1038878122));
#210159=CARTESIAN_POINT('Control Point',(4139.34840177,1886.32562988,33.3079115892));
#210160=CARTESIAN_POINT('Control Point',(4139.34830178,1887.54978137,33.1025814333));
#210161=CARTESIAN_POINT('Control Point',(4139.71711189,1888.77466287,32.8971289802));
#210162=CARTESIAN_POINT('Control Point',(4140.45926877,1889.86141011,32.7148463102));
#210163=CARTESIAN_POINT('Control Point',(4141.49729883,1890.67921313,32.5776743787));
#210164=CARTESIAN_POINT('Control Point',(4142.7053293,1891.14123008,32.5001792457));
#210165=CARTESIAN_POINT('Control Point',(4143.94259938,1891.24050103,32.4835283065));
#210166=B_SPLINE_CURVE_WITH_KNOTS('',5,(#210167,#210168,#210169,#210170,#210171,#210172,#210173,#210174,#210175,#210176,#210177,#210178,#210179,#210180,#210181,#210182,#210183,#210184,#210185,#210186,#210187,#210188,#210189,#210190),.UNSPECIFIED.,.F.,.U.,(6,3,3,3,3,3,3,6),(0.,2.40272374608,4.80544749216,7.27746504903,9.7494826059,12.2788154295,14.808148253,16.436726644),.UNSPECIFIED.);
#210167=CARTESIAN_POINT('Control Point',(4137.87598958,1891.01140057,62.3815417563));
#210168=CARTESIAN_POINT('Control Point',(4137.87599024,1891.29291403,62.3324728737));
#210169=CARTESIAN_POINT('Control Point',(4137.89175273,1891.5744414,62.2834240516));
#210170=CARTESIAN_POINT('Control Point',(4137.92344534,1891.85938607,62.2337807762));
#210171=CARTESIAN_POINT('Control Point',(4138.02088691,1892.42839848,62.1346275002));
#210172=CARTESIAN_POINT('Control Point',(4138.18229817,1892.9817816,62.0381550587));
#210173=CARTESIAN_POINT('Control Point',(4138.27826275,1893.2510251,61.9912036986));
#210174=CARTESIAN_POINT('Control Point',(4138.49839787,1893.7769067,61.8995078079));
#210175=CARTESIAN_POINT('Control Point',(4138.77727201,1894.27683401,61.8123291896));
#210176=CARTESIAN_POINT('Control Point',(4138.93059245,1894.51734396,61.770372555));
#210177=CARTESIAN_POINT('Control Point',(4139.25969801,1894.97721687,61.6901542036));
#210178=CARTESIAN_POINT('Control Point',(4139.63891276,1895.39955411,61.6164866393));
#210179=CARTESIAN_POINT('Control Point',(4139.84203009,1895.60277644,61.5810424546));
#210180=CARTESIAN_POINT('Control Point',(4140.28539701,1895.99712287,61.512210607));
#210181=CARTESIAN_POINT('Control Point',(4140.7704293,1896.33787879,61.4527341689));
#210182=CARTESIAN_POINT('Control Point',(4141.0138732,1896.48738462,61.4266012652));
#210183=CARTESIAN_POINT('Control Point',(4141.50187547,1896.75505099,61.3799182853));
#210184=CARTESIAN_POINT('Control Point',(4142.01530308,1896.9692289,61.3427292381));
#210185=CARTESIAN_POINT('Control Point',(4142.28373653,1897.0661231,61.325954674));
#210186=CARTESIAN_POINT('Control Point',(4142.75622257,1897.20475981,61.3018480724));
#210187=CARTESIAN_POINT('Control Point',(4143.24015867,1897.29857273,61.2853691466));
#210188=CARTESIAN_POINT('Control Point',(4143.43110044,1897.32833783,61.2800910643));
#210189=CARTESIAN_POINT('Control Point',(4143.622978,1897.35103023,61.2759923127));
#210190=CARTESIAN_POINT('Control Point',(4143.81522452,1897.36663537,61.2730633066));
#210191=CARTESIAN_POINT('Vertex',(4143.81522452,1897.36663537,61.2730633066));
#210192=VERTEX_POINT('',#210191);
#210193=EDGE_CURVE('',#208109,#210192,#210166,.T.);
#210194=B_SPLINE_CURVE_WITH_KNOTS('',3,(#210195,#210196,#210197,#210198),.UNSPECIFIED.,.F.,.U.,(4,4),(2193.47613823,2235.04167801),.UNSPECIFIED.);
#210195=CARTESIAN_POINT('Control Point',(4143.81522452,1897.36663537,61.2730633066));
#210196=CARTESIAN_POINT('Control Point',(4143.85831378,1895.38516047,51.6601485761));
#210197=CARTESIAN_POINT('Control Point',(4143.90076819,1893.34302588,42.0633807582));
#210198=CARTESIAN_POINT('Control Point',(4143.94259938,1891.24050103,32.4835283065));
#210199=EDGE_CURVE('',#210192,#208228,#210194,.T.);
#210200=EDGE_LOOP('',(#210201,#210202,#210203,#210204));
#210201=ORIENTED_EDGE('',*,*,#210193,.F.);
#210202=ORIENTED_EDGE('',*,*,#208110,.T.);
#210203=ORIENTED_EDGE('',*,*,#208229,.F.);
#210204=ORIENTED_EDGE('',*,*,#210199,.F.);
#210205=FACE_OUTER_BOUND('',#210200,.T.);
#210206=ADVANCED_FACE('PartBody',(#210205),#210137,.T.);
#210207=B_SPLINE_SURFACE_WITH_KNOTS('',5,2,((#210208,#210209,#210210),(#210211,#210212,#210213),(#210214,#210215,#210216),(#210217,#210218,#210219),(#210220,#210221,#210222),(#210223,#210224,#210225),(#210226,#210227,#210228),(#210229,#210230,#210231),(#210232,#210233,#210234)),.UNSPECIFIED.,.F.,.F.,.U.,(6,3,6),(3,3),(516.603032383,691.399297777,866.195563171),(8.4191544174,29.7704577612),.UNSPECIFIED.);
#210208=CARTESIAN_POINT('Control Point',(4143.94264128,1891.27653355,32.6984084842));
#210209=CARTESIAN_POINT('Control Point',(4154.48546782,1892.10462113,32.4500974683));
#210210=CARTESIAN_POINT('Control Point',(4165.02829418,1892.93271026,32.2017839353));
#210211=CARTESIAN_POINT('Control Point',(4143.93673037,1885.50928637,-1.70220376046));
#210212=CARTESIAN_POINT('Control Point',(4154.4795559,1886.31880914,-1.95735036852));
#210213=CARTESIAN_POINT('Control Point',(4165.02238126,1887.12833334,-2.21249948385));
#210214=CARTESIAN_POINT('Control Point',(4143.93096112,1879.09334786,-35.9885941565));
#210215=CARTESIAN_POINT('Control Point',(4154.47378576,1879.88458631,-36.2504309634));
#210216=CARTESIAN_POINT('Control Point',(4165.01661023,1880.67582609,-36.5122702617));
#210217=CARTESIAN_POINT('Control Point',(4143.92533534,1872.03105781,-70.1454456093));
#210218=CARTESIAN_POINT('Control Point',(4154.46815916,1872.80428746,-70.4138265997));
#210219=CARTESIAN_POINT('Control Point',(4165.01098284,1873.57751834,-70.6822100466));
#210220=CARTESIAN_POINT('Control Point',(4143.91438984,1856.617573,-138.177135826));
#210221=CARTESIAN_POINT('Control Point',(4154.45721214,1857.35540904,-138.458057762));
#210222=CARTESIAN_POINT('Control Point',(4165.00003431,1858.09324612,-138.738982015));
#210223=CARTESIAN_POINT('Control Point',(4143.90410058,1838.63733848,-205.591097509));
#210224=CARTESIAN_POINT('Control Point',(4154.44692125,1839.34161433,-205.88206225));
#210225=CARTESIAN_POINT('Control Point',(4164.98974181,1840.04589108,-206.173028976));
#210226=CARTESIAN_POINT('Control Point',(4143.89912778,1829.00821073,-239.13050299));
#210227=CARTESIAN_POINT('Control Point',(4154.44194757,1829.69631121,-239.425513448));
#210228=CARTESIAN_POINT('Control Point',(4164.98476723,1830.38441254,-239.720525668));
#210229=CARTESIAN_POINT('Control Point',(4143.89434037,1818.74378144,-272.486703969));
#210230=CARTESIAN_POINT('Control Point',(4154.43715906,1819.41656756,-272.7842108));
#210231=CARTESIAN_POINT('Control Point',(4164.97997766,1820.08935451,-273.081719095));
#210232=CARTESIAN_POINT('Control Point',(4143.88971409,1807.84946568,-305.63785429));
#210233=CARTESIAN_POINT('Control Point',(4154.43253146,1808.50823339,-305.93541361));
#210234=CARTESIAN_POINT('Control Point',(4164.97534874,1809.16700196,-306.232974029));
#210235=B_SPLINE_CURVE_WITH_KNOTS('',5,(#210236,#210237,#210238,#210239,#210240,#210241),.UNSPECIFIED.,.F.,.U.,(6,6),(-0.000917668744604,0.0009176687446),.UNSPECIFIED.);
#210236=CARTESIAN_POINT('Control Point',(4164.97534872,1809.16701437,-306.232936367));
#210237=CARTESIAN_POINT('Control Point',(4164.97498622,1809.16699172,-306.232926137));
#210238=CARTESIAN_POINT('Control Point',(4164.97462372,1809.16696907,-306.232915906));
#210239=CARTESIAN_POINT('Control Point',(4164.97426122,1809.16694642,-306.232905676));
#210240=CARTESIAN_POINT('Control Point',(4164.97389872,1809.16692377,-306.232895445));
#210241=CARTESIAN_POINT('Control Point',(4164.97353622,1809.16690111,-306.232885215));
#210242=CARTESIAN_POINT('Vertex',(4164.97534927,1809.16701441,-306.23293638));
#210243=VERTEX_POINT('',#210242);
#210244=EDGE_CURVE('',#210243,#208735,#210235,.T.);
#210245=B_SPLINE_CURVE_WITH_KNOTS('',3,(#210246,#210247,#210248,#210249),.UNSPECIFIED.,.F.,.U.,(4,4),(-433.148553351,-382.930286319),.UNSPECIFIED.);
#210246=CARTESIAN_POINT('Control Point',(4164.97534875,1809.16701437,-306.232936376));
#210247=CARTESIAN_POINT('Control Point',(4164.9775652,1814.39692767,-290.359231666));
#210248=CARTESIAN_POINT('Control Point',(4164.97982613,1819.45422804,-274.427848958));
#210249=CARTESIAN_POINT('Control Point',(4164.98213529,1824.33757083,-258.443917384));
#210250=CARTESIAN_POINT('Vertex',(4164.98214346,1824.33758822,-258.443922697));
#210251=VERTEX_POINT('',#210250);
#210252=EDGE_CURVE('',#210243,#210251,#210245,.T.);
#210253=B_SPLINE_CURVE_WITH_KNOTS('',4,(#210254,#210255,#210256,#210257,#210258),.UNSPECIFIED.,.F.,.U.,(5,5),(-382.930286319,-83.5560622688),.UNSPECIFIED.);
#210254=CARTESIAN_POINT('Control Point',(4164.98213529,1824.33757083,-258.443917384));
#210255=CARTESIAN_POINT('Control Point',(4164.99245974,1846.1714628,-186.978232756));
#210256=CARTESIAN_POINT('Control Point',(4165.00365364,1864.91277439,-114.585034037));
#210257=CARTESIAN_POINT('Control Point',(4165.01563534,1880.50623741,-41.4750575841));
#210258=CARTESIAN_POINT('Control Point',(4165.02829418,1892.93271026,32.2017839348));
#210259=CARTESIAN_POINT('Vertex',(4165.02763921,1892.93241134,32.201834463));
#210260=VERTEX_POINT('',#210259);
#210261=EDGE_CURVE('',#210251,#210260,#210253,.T.);
#210262=B_SPLINE_CURVE_WITH_KNOTS('',3,(#210263,#210264,#210265,#210266),.UNSPECIFIED.,.F.,.U.,(4,4),(0.352537424687,30.409382616),.UNSPECIFIED.);
#210263=CARTESIAN_POINT('Control Point',(4143.94260436,1891.24049864,32.4835287402));
#210264=CARTESIAN_POINT('Control Point',(4150.97094516,1891.80448361,32.3896287081));
#210265=CARTESIAN_POINT('Control Point',(4157.99928338,1892.36853612,32.2957167752));
#210266=CARTESIAN_POINT('Control Point',(4165.02761901,1892.93265606,32.2017929574));
#210267=EDGE_CURVE('',#208228,#210260,#210262,.T.);
#210268=EDGE_LOOP('',(#210269,#210270,#210271,#210272,#210273,#210274));
#210269=ORIENTED_EDGE('',*,*,#208741,.T.);
#210270=ORIENTED_EDGE('',*,*,#210244,.F.);
#210271=ORIENTED_EDGE('',*,*,#210252,.T.);
#210272=ORIENTED_EDGE('',*,*,#210261,.T.);
#210273=ORIENTED_EDGE('',*,*,#210267,.F.);
#210274=ORIENTED_EDGE('',*,*,#208250,.T.);
#210275=FACE_OUTER_BOUND('',#210268,.T.);
#210276=ADVANCED_FACE('PartBody',(#210275),#210207,.T.);
#210277=B_SPLINE_SURFACE_WITH_KNOTS('',5,3,((#210278,#210279,#210280,#210281),(#210282,#210283,#210284,#210285),(#210286,#210287,#210288,#210289),(#210290,#210291,#210292,#210293),(#210294,#210295,#210296,#210297),(#210298,#210299,#210300,#210301)),.UNSPECIFIED.,.F.,.F.,.U.,(6,6),(4,4),(0.,50.1253103507),(0.,10.),.UNSPECIFIED.);
#210278=CARTESIAN_POINT('Control Point',(4165.94804065,1871.20829443,809.766790863));
#210279=CARTESIAN_POINT('Control Point',(4165.5320271,1874.42180795,810.54869539));
#210280=CARTESIAN_POINT('Control Point',(4165.11601355,1877.63532148,811.330599917));
#210281=CARTESIAN_POINT('Control Point',(4164.7,1880.848835,812.112504444));
#210282=CARTESIAN_POINT('Control Point',(4165.94211385,1873.56184131,800.090903087));
#210283=CARTESIAN_POINT('Control Point',(4165.52807326,1876.78087365,800.851175784));
#210284=CARTESIAN_POINT('Control Point',(4165.11403546,1879.99990557,801.611451855));
#210285=CARTESIAN_POINT('Control Point',(4164.7,1883.2189378,802.371727691));
#210286=CARTESIAN_POINT('Control Point',(4165.93642353,1875.84906159,790.401238389));
#210287=CARTESIAN_POINT('Control Point',(4165.52430132,1879.07342175,791.139829233));
#210288=CARTESIAN_POINT('Control Point',(4165.11214833,1882.29778108,791.878426824));
#210289=CARTESIAN_POINT('Control Point',(4164.7,1885.52213647,792.617019399));
#210290=CARTESIAN_POINT('Control Point',(4165.93102351,1878.07165908,780.690206587));
#210291=CARTESIAN_POINT('Control Point',(4165.52066128,1881.30115164,781.407063135));
#210292=CARTESIAN_POINT('Control Point',(4165.11033815,1884.53063902,782.123926825));
#210293=CARTESIAN_POINT('Control Point',(4164.7,1887.76013585,782.840790387));
#210294=CARTESIAN_POINT('Control Point',(4165.92566711,1880.22701779,770.968015816));
#210295=CARTESIAN_POINT('Control Point',(4165.51710992,1883.46145034,771.6631032));
#210296=CARTESIAN_POINT('Control Point',(4165.10855415,1886.69588239,772.358193943));
#210297=CARTESIAN_POINT('Control Point',(4164.7,1889.93031463,773.053284809));
#210298=CARTESIAN_POINT('Control Point',(4165.92031071,1882.31568978,761.231531139));
#210299=CARTESIAN_POINT('Control Point',(4165.51354039,1885.55488046,761.904806166));
#210300=CARTESIAN_POINT('Control Point',(4165.10677015,1888.79407079,762.578083045));
#210301=CARTESIAN_POINT('Control Point',(4164.7,1892.03326113,763.251360297));
#210302=B_SPLINE_CURVE_WITH_KNOTS('',3,(#210303,#210304,#210305,#210306),.UNSPECIFIED.,.F.,.U.,(4,4),(7.42398339744,10.),.UNSPECIFIED.);
#210303=CARTESIAN_POINT('Control Point',(4165.02149734,1878.36541574,811.508244731));
#210304=CARTESIAN_POINT('Control Point',(4164.91433156,1879.19322216,811.709664635));
#210305=CARTESIAN_POINT('Control Point',(4164.80716578,1880.02102858,811.91108454));
#210306=CARTESIAN_POINT('Control Point',(4164.7,1880.848835,812.112504444));
#210307=CARTESIAN_POINT('Vertex',(4165.02149734,1878.36541574,811.508244731));
#210308=VERTEX_POINT('',#210307);
#210309=EDGE_CURVE('',#210308,#208397,#210302,.T.);
#210310=B_SPLINE_CURVE_WITH_KNOTS('',3,(#210311,#210312,#210313,#210314),.UNSPECIFIED.,.F.,.U.,(4,4),(1.35478550543E-010,70.963177634),.UNSPECIFIED.);
#210311=CARTESIAN_POINT('Control Point',(4165.02149734,1878.36541574,811.508244731));
#210312=CARTESIAN_POINT('Control Point',(4165.01894873,1882.3083217,795.30217917));
#210313=CARTESIAN_POINT('Control Point',(4165.01665263,1886.03089812,779.040974293));
#210314=CARTESIAN_POINT('Control Point',(4165.01435824,1889.52996504,762.731041396));
#210315=CARTESIAN_POINT('Vertex',(4165.01435824,1889.52996504,762.731041396));
#210316=VERTEX_POINT('',#210315);
#210317=EDGE_CURVE('',#210316,#210308,#210310,.F.);
#210318=B_SPLINE_CURVE_WITH_KNOTS('',3,(#210319,#210320,#210321,#210322),.UNSPECIFIED.,.F.,.U.,(4,4),(7.42394875613,10.),.UNSPECIFIED.);
#210319=CARTESIAN_POINT('Control Point',(4165.01435824,1889.52996504,762.731041386));
#210320=CARTESIAN_POINT('Control Point',(4164.90957215,1890.36439707,762.904480981));
#210321=CARTESIAN_POINT('Control Point',(4164.80478607,1891.1988291,763.077920627));
#210322=CARTESIAN_POINT('Control Point',(4164.7,1892.03326113,763.251360297));
#210323=EDGE_CURVE('',#210316,#208407,#210318,.T.);
#210324=EDGE_LOOP('',(#210325,#210326,#210327,#210328));
#210325=ORIENTED_EDGE('',*,*,#208408,.T.);
#210326=ORIENTED_EDGE('',*,*,#210309,.F.);
#210327=ORIENTED_EDGE('',*,*,#210317,.F.);
#210328=ORIENTED_EDGE('',*,*,#210323,.T.);
#210329=FACE_OUTER_BOUND('',#210324,.T.);
#210330=ADVANCED_FACE('PartBody',(#210329),#210277,.T.);
#210331=B_SPLINE_SURFACE_WITH_KNOTS('',5,1,((#210332,#210333),(#210334,#210335),(#210336,#210337),(#210338,#210339),(#210340,#210341),(#210342,#210343),(#210344,#210345),(#210346,#210347),(#210348,#210349),(#210350,#210351),(#210352,#210353),(#210354,#210355)),.UNSPECIFIED.,.F.,.F.,.U.,(6,3,3,6),(2,2),(0.,409.399475338,800.284292488,1173.47357856),(0.,20.),.UNSPECIFIED.);
#210332=CARTESIAN_POINT('Control Point',(4166.52872304,1265.95458405,1784.89953855));
#210333=CARTESIAN_POINT('Control Point',(4162.87127696,1278.59610929,1799.95991464));
#210334=CARTESIAN_POINT('Control Point',(4166.49417262,1328.33629912,1732.52857606));
#210335=CARTESIAN_POINT('Control Point',(4162.90582738,1341.64202502,1747.04821019));
#210336=CARTESIAN_POINT('Control Point',(4166.45863476,1387.86307961,1676.76451064));
#210337=CARTESIAN_POINT('Control Point',(4162.94136524,1401.81102433,1690.70106421));
#210338=CARTESIAN_POINT('Control Point',(4166.42224563,1444.23873483,1617.77962894));
#210339=CARTESIAN_POINT('Control Point',(4162.97775437,1458.80150219,1631.09230338));
#210340=CARTESIAN_POINT('Control Point',(4166.34942414,1547.80787914,1496.55475472));
#210341=CARTESIAN_POINT('Control Point',(4163.05057586,1563.50614761,1508.57729627));
#210342=CARTESIAN_POINT('Control Point',(4166.27296482,1637.60384309,1364.82967497));
#210343=CARTESIAN_POINT('Control Point',(4163.12703518,1654.29184249,1375.44481016));
#210344=CARTESIAN_POINT('Control Point',(4166.23468079,1677.9976687,1298.22468809));
#210345=CARTESIAN_POINT('Control Point',(4163.16531921,1695.13122001,1308.12826649));
#210346=CARTESIAN_POINT('Control Point',(4166.15772252,1749.92804199,1164.08733613));
#210347=CARTESIAN_POINT('Control Point',(4163.24227748,1767.85524693,1172.56042945));
#210348=CARTESIAN_POINT('Control Point',(4166.07597908,1807.70144881,1023.28755642));
#210349=CARTESIAN_POINT('Control Point',(4163.32402092,1826.2680365,1030.26353849));
#210350=CARTESIAN_POINT('Control Point',(4166.03484527,1832.45891559,953.143085586));
#210351=CARTESIAN_POINT('Control Point',(4163.36515473,1851.30027179,959.374518787));
#210352=CARTESIAN_POINT('Control Point',(4165.99222207,1853.66326152,881.897822977));
#210353=CARTESIAN_POINT('Control Point',(4163.40777793,1872.74318932,887.368947379));
#210354=CARTESIAN_POINT('Control Point',(4165.94804065,1871.20829443,809.766790863));
#210355=CARTESIAN_POINT('Control Point',(4163.45195935,1890.48937556,814.458218025));
#210356=B_SPLINE_CURVE_WITH_KNOTS('',5,(#210357,#210358,#210359,#210360,#210361,#210362,#210363,#210364,#210365,#210366,#210367,#210368,#210369,#210370,#210371,#210372,#210373,#210374,#210375,#210376,#210377,#210378,#210379,#210380,#210381,#210382,#210383,#210384,#210385,#210386,#210387,#210388,#210389,#210390,#210391,#210392,#210393,#210394,#210395),.UNSPECIFIED.,.F.,.U.,(6,3,3,3,3,3,3,3,3,3,3,3,6),(358.424346721,475.509747744,592.595148766,890.481038487,954.5905526,1018.70006671,1082.80958083,1146.91909494,1185.13342604,1223.34775714,1261.56208824,1299.77641934,1384.55556007),.UNSPECIFIED.);
#210357=CARTESIAN_POINT('Control Point',(4165.01616748,1453.25802023,1615.77055676));
#210358=CARTESIAN_POINT('Control Point',(4165.01478211,1464.49919561,1603.36820103));
#210359=CARTESIAN_POINT('Control Point',(4165.01337584,1475.71292452,1590.7130949));
#210360=CARTESIAN_POINT('Control Point',(4165.01194738,1486.89690459,1577.7944814));
#210361=CARTESIAN_POINT('Control Point',(4165.009072,1508.98169591,1551.66605255));
#210362=CARTESIAN_POINT('Control Point',(4165.00619512,1530.24512803,1525.29454758));
#210363=CARTESIAN_POINT('Control Point',(4165.00476511,1540.60616222,1512.13158932));
#210364=CARTESIAN_POINT('Control Point',(4164.99974344,1576.30715975,1465.73651496));
#210365=CARTESIAN_POINT('Control Point',(4164.99463636,1610.14834499,1417.93536915));
#210366=CARTESIAN_POINT('Control Point',(4164.99091439,1633.45258177,1382.93724429));
#210367=CARTESIAN_POINT('Control Point',(4164.98633067,1660.5416655,1339.62387574));
#210368=CARTESIAN_POINT('Control Point',(4164.98166595,1686.10532451,1295.41709655));
#210369=CARTESIAN_POINT('Control Point',(4164.98082494,1690.65327844,1287.44312109));
#210370=CARTESIAN_POINT('Control Point',(4164.97910625,1699.81390201,1271.14140108));
#210371=CARTESIAN_POINT('Control Point',(4164.97731941,1709.05676911,1254.18604342));
#210372=CARTESIAN_POINT('Control Point',(4164.97641023,1713.68676431,1245.55829994));
#210373=CARTESIAN_POINT('Control Point',(4164.9745724,1722.89310076,1228.12028186));
#210374=CARTESIAN_POINT('Control Point',(4164.97272067,1731.86638641,1210.56076185));
#210375=CARTESIAN_POINT('Control Point',(4164.9717976,1736.26308548,1201.8113888));
#210376=CARTESIAN_POINT('Control Point',(4164.96997002,1744.82119196,1184.49900617));
#210377=CARTESIAN_POINT('Control Point',(4164.96818696,1752.89279826,1167.62938973));
#210378=CARTESIAN_POINT('Control Point',(4164.96730838,1756.80277125,1159.32270334));
#210379=CARTESIAN_POINT('Control Point',(4164.96592219,1762.87355806,1146.22440137));
#210380=CARTESIAN_POINT('Control Point',(4164.96452891,1768.81687433,1133.06715193));
#210381=CARTESIAN_POINT('Control Point',(4164.96397906,1771.14083933,1127.87714689));
#210382=CARTESIAN_POINT('Control Point',(4164.96280505,1776.04413901,1116.80432146));
#210383=CARTESIAN_POINT('Control Point',(4164.96149524,1781.37830293,1104.47243166));
#210384=CARTESIAN_POINT('Control Point',(4164.96080957,1784.13288783,1098.02323972));
#210385=CARTESIAN_POINT('Control Point',(4164.95940479,1789.69125077,1084.82554124));
#210386=CARTESIAN_POINT('Control Point',(4164.9579911,1795.12238201,1071.57462904));
#210387=CARTESIAN_POINT('Control Point',(4164.95729649,1797.7493226,1065.07205097));
#210388=CARTESIAN_POINT('Control Point',(4164.95596155,1802.72538339,1052.5903797));
#210389=CARTESIAN_POINT('Control Point',(4164.95475138,1807.11347191,1041.30202056));
#210390=CARTESIAN_POINT('Control Point',(4164.95418152,1809.15218232,1035.99266832));
#210391=CARTESIAN_POINT('Control Point',(4164.95243874,1815.32086957,1019.76953642));
#210392=CARTESIAN_POINT('Control Point',(4164.95068378,1821.30005733,1003.47522502));
#210393=CARTESIAN_POINT('Control Point',(4164.94946858,1825.33107558,992.210799991));
#210394=CARTESIAN_POINT('Control Point',(4164.94824793,1829.2712894,980.914596392));
#210395=CARTESIAN_POINT('Control Point',(4164.94702158,1833.12031688,969.587602586));
#210396=CARTESIAN_POINT('Vertex',(4164.94702232,1833.12031168,969.587601053));
#210397=VERTEX_POINT('',#210396);
#210398=EDGE_CURVE('',#210397,#203745,#210356,.F.);
#210399=B_SPLINE_CURVE_WITH_KNOTS('',3,(#210400,#210401,#210402,#210403),.UNSPECIFIED.,.F.,.U.,(4,4),(2.1196436278,22.9756204149),.UNSPECIFIED.);
#210400=CARTESIAN_POINT('Control Point',(4164.94702232,1833.12031168,969.587601053));
#210401=CARTESIAN_POINT('Control Point',(4164.97945732,1834.46727068,964.868136709));
#210402=CARTESIAN_POINT('Control Point',(4165.01169048,1835.79521044,960.144280485));
#210403=CARTESIAN_POINT('Control Point',(4165.04371902,1837.10410345,955.416189864));
#210404=CARTESIAN_POINT('Vertex',(4165.04371905,1837.10410332,955.416189462));
#210405=VERTEX_POINT('',#210404);
#210406=EDGE_CURVE('',#210405,#210397,#210399,.F.);
#210407=B_SPLINE_CURVE_WITH_KNOTS('',3,(#210408,#210409,#210410,#210411),.UNSPECIFIED.,.F.,.U.,(4,4),(2.22167204022,214.564725838),.UNSPECIFIED.);
#210408=CARTESIAN_POINT('Control Point',(4165.04371905,1837.10410332,955.416189462));
#210409=CARTESIAN_POINT('Control Point',(4165.03651639,1852.79028609,908.025995959));
#210410=CARTESIAN_POINT('Control Point',(4165.02912468,1866.56514489,860.009518878));
#210411=CARTESIAN_POINT('Control Point',(4165.02149734,1878.36541574,811.508244731));
#210412=EDGE_CURVE('',#210308,#210405,#210407,.F.);
#210413=EDGE_LOOP('',(#210414,#210415,#210416,#210417,#210418,#210419));
#210414=ORIENTED_EDGE('',*,*,#210398,.F.);
#210415=ORIENTED_EDGE('',*,*,#210406,.F.);
#210416=ORIENTED_EDGE('',*,*,#210412,.F.);
#210417=ORIENTED_EDGE('',*,*,#210309,.T.);
#210418=ORIENTED_EDGE('',*,*,#208398,.T.);
#210419=ORIENTED_EDGE('',*,*,#203759,.F.);
#210420=FACE_OUTER_BOUND('',#210413,.T.);
#210421=ADVANCED_FACE('PartBody',(#210420),#210331,.T.);
#210422=B_SPLINE_SURFACE_WITH_KNOTS('',5,3,((#210423,#210424,#210425,#210426),(#210427,#210428,#210429,#210430),(#210431,#210432,#210433,#210434),(#210435,#210436,#210437,#210438),(#210439,#210440,#210441,#210442),(#210443,#210444,#210445,#210446)),.UNSPECIFIED.,.F.,.F.,.U.,(6,6),(4,4),(0.,50.1249036744),(0.,10.),.UNSPECIFIED.);
#210423=CARTESIAN_POINT('Control Point',(4165.81693866,1907.85912399,593.966761178));
#210424=CARTESIAN_POINT('Control Point',(4165.44462578,1911.15374032,594.310268785));
#210425=CARTESIAN_POINT('Control Point',(4165.07231289,1914.44835664,594.653776392));
#210426=CARTESIAN_POINT('Control Point',(4164.7,1917.74297297,594.997283999));
#210427=CARTESIAN_POINT('Control Point',(4165.81059635,1908.89332413,584.040766499));
#210428=CARTESIAN_POINT('Control Point',(4165.44039999,1912.18974024,584.369306825));
#210429=CARTESIAN_POINT('Control Point',(4165.07020126,1915.48615572,584.697851255));
#210430=CARTESIAN_POINT('Control Point',(4164.7,1918.78257113,585.026392509));
#210431=CARTESIAN_POINT('Control Point',(4165.80410854,1909.85649562,574.108510603));
#210432=CARTESIAN_POINT('Control Point',(4165.43610144,1913.15462968,574.422070007));
#210433=CARTESIAN_POINT('Control Point',(4165.06805326,1916.45275792,574.735637621));
#210434=CARTESIAN_POINT('Control Point',(4164.7,1919.75089511,575.049205701));
#210435=CARTESIAN_POINT('Control Point',(4165.79742986,1910.7487794,564.164231435));
#210436=CARTESIAN_POINT('Control Point',(4165.43162845,1914.04854347,564.462805785));
#210437=CARTESIAN_POINT('Control Point',(4165.06580612,1917.34832038,564.761390494));
#210438=CARTESIAN_POINT('Control Point',(4164.7,1920.64808374,565.059961749));
#210439=CARTESIAN_POINT('Control Point',(4165.79070072,1911.56875569,554.219306894));
#210440=CARTESIAN_POINT('Control Point',(4165.42713481,1914.8700802,554.502883381));
#210441=CARTESIAN_POINT('Control Point',(4165.06356778,1918.17140406,554.786467034));
#210442=CARTESIAN_POINT('Control Point',(4164.7,1921.4727281,555.070044629));
#210443=CARTESIAN_POINT('Control Point',(4165.78398977,1912.31654106,544.267647568));
#210444=CARTESIAN_POINT('Control Point',(4165.42265936,1915.61933052,544.536217094));
#210445=CARTESIAN_POINT('Control Point',(4165.06132943,1918.92211947,544.804792871));
#210446=CARTESIAN_POINT('Control Point',(4164.7,1922.22490871,545.073363163));
#210447=B_SPLINE_CURVE_WITH_KNOTS('',3,(#210448,#210449,#210450,#210451),.UNSPECIFIED.,.F.,.U.,(4,4),(7.42395324446,10.),.UNSPECIFIED.);
#210448=CARTESIAN_POINT('Control Point',(4164.97924055,1919.6724669,544.865807383));
#210449=CARTESIAN_POINT('Control Point',(4164.88616034,1920.52328083,544.934992873));
#210450=CARTESIAN_POINT('Control Point',(4164.79308015,1921.37409476,545.0041782));
#210451=CARTESIAN_POINT('Control Point',(4164.7,1922.22490871,545.073363163));
#210452=CARTESIAN_POINT('Vertex',(4164.97924092,1919.67252273,544.865121383));
#210453=VERTEX_POINT('',#210452);
#210454=EDGE_CURVE('',#210453,#208476,#210447,.T.);
#210455=B_SPLINE_CURVE_WITH_KNOTS('',3,(#210456,#210457,#210458,#210459),.UNSPECIFIED.,.F.,.U.,(4,4),(7.42398806199,10.),.UNSPECIFIED.);
#210456=CARTESIAN_POINT('Control Point',(4164.98772473,1915.19688167,594.731820091));
#210457=CARTESIAN_POINT('Control Point',(4164.89181649,1916.04557877,594.82030806));
#210458=CARTESIAN_POINT('Control Point',(4164.79590824,1916.89427587,594.90879603));
#210459=CARTESIAN_POINT('Control Point',(4164.7,1917.74297297,594.997283999));
#210460=CARTESIAN_POINT('Vertex',(4164.98772473,1915.19688167,594.731820091));
#210461=VERTEX_POINT('',#210460);
#210462=EDGE_CURVE('',#210461,#208466,#210455,.T.);
#210463=B_SPLINE_CURVE_WITH_KNOTS('',3,(#210464,#210465,#210466,#210467),.UNSPECIFIED.,.F.,.U.,(4,4),(2.05517800104E-012,70.892052528),.UNSPECIFIED.);
#210464=CARTESIAN_POINT('Control Point',(4164.98772473,1915.19688167,594.731820091));
#210465=CARTESIAN_POINT('Control Point',(4164.98500351,1916.92729451,578.132348643));
#210466=CARTESIAN_POINT('Control Point',(4164.98211963,1918.42078262,561.507201078));
#210467=CARTESIAN_POINT('Control Point',(4164.97924058,1919.67246663,544.865807363));
#210468=EDGE_CURVE('',#210453,#210461,#210463,.F.);
#210469=EDGE_LOOP('',(#210470,#210471,#210472,#210473));
#210470=ORIENTED_EDGE('',*,*,#210454,.T.);
#210471=ORIENTED_EDGE('',*,*,#208477,.T.);
#210472=ORIENTED_EDGE('',*,*,#210462,.F.);
#210473=ORIENTED_EDGE('',*,*,#210468,.F.);
#210474=FACE_OUTER_BOUND('',#210469,.T.);
#210475=ADVANCED_FACE('PartBody',(#210474),#210422,.T.);
#210476=B_SPLINE_SURFACE_WITH_KNOTS('',5,1,((#210477,#210478),(#210479,#210480),(#210481,#210482),(#210483,#210484),(#210485,#210486),(#210487,#210488)),.UNSPECIFIED.,.F.,.F.,.U.,(6,6),(2,2),(0.,120.123559333),(0.,20.),.UNSPECIFIED.);
#210477=CARTESIAN_POINT('Control Point',(4165.89200943,1891.46940128,712.290308877));
#210478=CARTESIAN_POINT('Control Point',(4163.50799057,1911.03654004,715.673138273));
#210479=CARTESIAN_POINT('Control Point',(4165.877241,1895.5379068,688.746638713));
#210480=CARTESIAN_POINT('Control Point',(4163.522759,1915.15342158,691.870464707));
#210481=CARTESIAN_POINT('Control Point',(4165.8623271,1899.21576782,665.136600444));
#210482=CARTESIAN_POINT('Control Point',(4163.5376729,1918.87562199,667.998991054));
#210483=CARTESIAN_POINT('Control Point',(4165.84724659,1902.50164666,641.444002083));
#210484=CARTESIAN_POINT('Control Point',(4163.55275341,1922.20176175,644.042144886));
#210485=CARTESIAN_POINT('Control Point',(4165.8321199,1905.38357147,617.72649098));
#210486=CARTESIAN_POINT('Control Point',(4163.5678801,1925.1196736,620.057667125));
#210487=CARTESIAN_POINT('Control Point',(4165.81693866,1907.85912399,593.966761178));
#210488=CARTESIAN_POINT('Control Point',(4163.58306134,1927.62682196,596.027806821));
#210489=B_SPLINE_CURVE_WITH_KNOTS('',1,(#210490,#210491),.UNSPECIFIED.,.F.,.U.,(2,2),(7.42398638191,10.),.UNSPECIFIED.);
#210490=CARTESIAN_POINT('Control Point',(4165.00706325,1898.73270987,713.546012845));
#210491=CARTESIAN_POINT('Control Point',(4164.7,1901.25297066,713.981723575));
#210492=CARTESIAN_POINT('Vertex',(4165.00706325,1898.73270987,713.546012845));
#210493=VERTEX_POINT('',#210492);
#210494=EDGE_CURVE('',#210493,#208453,#210489,.T.);
#210495=B_SPLINE_CURVE_WITH_KNOTS('',5,(#210496,#210497,#210498,#210499,#210500,#210501,#210502,#210503,#210504,#210505,#210506,#210507),.UNSPECIFIED.,.F.,.U.,(6,3,3,6),(2.55757225131E-010,85.0689969643,153.14029876,170.137993928),.UNSPECIFIED.);
#210496=CARTESIAN_POINT('Control Point',(4165.00706325,1898.73270987,713.546012845));
#210497=CARTESIAN_POINT('Control Point',(4165.00515878,1900.77887918,701.709089067));
#210498=CARTESIAN_POINT('Control Point',(4165.00324437,1902.72677364,689.855072291));
#210499=CARTESIAN_POINT('Control Point',(4165.00132072,1904.57110537,678.0127702));
#210500=CARTESIAN_POINT('Control Point',(4164.99784674,1907.71159545,656.683635272));
#210501=CARTESIAN_POINT('Control Point',(4164.99435557,1910.53141657,635.294604274));
#210502=CARTESIAN_POINT('Control Point',(4164.9928008,1911.72205874,625.768898016));
#210503=CARTESIAN_POINT('Control Point',(4164.99085367,1913.13097128,613.836605441));
#210504=CARTESIAN_POINT('Control Point',(4164.9888984,1914.43792632,601.893483997));
#210505=CARTESIAN_POINT('Control Point',(4164.98850741,1914.69499405,599.506691857));
#210506=CARTESIAN_POINT('Control Point',(4164.98811615,1914.94798081,597.119471574));
#210507=CARTESIAN_POINT('Control Point',(4164.98772473,1915.19688167,594.731820091));
#210508=EDGE_CURVE('',#210461,#210493,#210495,.F.);
#210509=EDGE_LOOP('',(#210510,#210511,#210512,#210513));
#210510=ORIENTED_EDGE('',*,*,#208467,.T.);
#210511=ORIENTED_EDGE('',*,*,#210494,.F.);
#210512=ORIENTED_EDGE('',*,*,#210508,.F.);
#210513=ORIENTED_EDGE('',*,*,#210462,.T.);
#210514=FACE_OUTER_BOUND('',#210509,.T.);
#210515=ADVANCED_FACE('PartBody',(#210514),#210476,.T.);
#210516=B_SPLINE_SURFACE_WITH_KNOTS('',5,3,((#210517,#210518,#210519,#210520),(#210521,#210522,#210523,#210524),(#210525,#210526,#210527,#210528),(#210529,#210530,#210531,#210532),(#210533,#210534,#210535,#210536),(#210537,#210538,#210539,#210540)),.UNSPECIFIED.,.F.,.F.,.U.,(6,6),(4,4),(0.,50.1252836473),(0.,10.),.UNSPECIFIED.);
#210517=CARTESIAN_POINT('Control Point',(4165.92031071,1882.31568978,761.231531139));
#210518=CARTESIAN_POINT('Control Point',(4165.51354039,1885.55488046,761.904806166));
#210519=CARTESIAN_POINT('Control Point',(4165.10677015,1888.79407079,762.578083045));
#210520=CARTESIAN_POINT('Control Point',(4164.7,1892.03326113,763.251360297));
#210521=CARTESIAN_POINT('Control Point',(4165.91495451,1884.28072386,751.469339716));
#210522=CARTESIAN_POINT('Control Point',(4165.50997083,1887.5246727,752.120802334));
#210523=CARTESIAN_POINT('Control Point',(4165.10498614,1890.76862134,752.772265319));
#210524=CARTESIAN_POINT('Control Point',(4164.7,1894.01256973,753.423728917));
#210525=CARTESIAN_POINT('Control Point',(4165.90956194,1886.178466,741.695964039));
#210526=CARTESIAN_POINT('Control Point',(4165.50636491,1889.42698661,742.325571055));
#210527=CARTESIAN_POINT('Control Point',(4165.10320213,1892.67551624,742.955179228));
#210528=CARTESIAN_POINT('Control Point',(4164.7,1895.92403172,743.584788255));
#210529=CARTESIAN_POINT('Control Point',(4165.90399264,1888.01001919,731.904823922));
#210530=CARTESIAN_POINT('Control Point',(4165.5026669,1891.26293151,732.512530885));
#210531=CARTESIAN_POINT('Control Point',(4165.10133571,1894.51585284,733.120229403));
#210532=CARTESIAN_POINT('Control Point',(4164.7,1897.76877816,733.727940487));
#210533=CARTESIAN_POINT('Control Point',(4165.89816475,1889.77373047,722.102834737));
#210534=CARTESIAN_POINT('Control Point',(4165.49877907,1893.03087248,722.688608859));
#210535=CARTESIAN_POINT('Control Point',(4165.09939066,1896.28801444,723.274381031));
#210536=CARTESIAN_POINT('Control Point',(4164.7,1899.54515612,723.860153803));
#210537=CARTESIAN_POINT('Control Point',(4165.89200943,1891.46940128,712.290308877));
#210538=CARTESIAN_POINT('Control Point',(4165.49467296,1894.73059108,712.854113776));
#210539=CARTESIAN_POINT('Control Point',(4165.09733648,1897.99178087,713.417918675));
#210540=CARTESIAN_POINT('Control Point',(4164.7,1901.25297066,713.981723575));
#210541=B_SPLINE_CURVE_WITH_KNOTS('',3,(#210542,#210543,#210544,#210545),.UNSPECIFIED.,.F.,.U.,(4,4),(5.0078999899E-005,70.8831266868),.UNSPECIFIED.);
#210542=CARTESIAN_POINT('Control Point',(4165.01435779,1889.53002601,762.730755643));
#210543=CARTESIAN_POINT('Control Point',(4165.01205531,1892.82292137,746.378743739));
#210544=CARTESIAN_POINT('Control Point',(4165.0097077,1895.89154986,729.981893429));
#210545=CARTESIAN_POINT('Control Point',(4165.00706325,1898.73270987,713.546012845));
#210546=EDGE_CURVE('',#210493,#210316,#210541,.F.);
#210547=EDGE_LOOP('',(#210548,#210549,#210550,#210551));
#210548=ORIENTED_EDGE('',*,*,#210323,.F.);
#210549=ORIENTED_EDGE('',*,*,#210546,.F.);
#210550=ORIENTED_EDGE('',*,*,#210494,.T.);
#210551=ORIENTED_EDGE('',*,*,#208454,.T.);
#210552=FACE_OUTER_BOUND('',#210547,.T.);
#210553=ADVANCED_FACE('PartBody',(#210552),#210516,.T.);
#210554=B_SPLINE_SURFACE_WITH_KNOTS('',5,1,((#210555,#210556),(#210557,#210558),(#210559,#210560),(#210561,#210562),(#210563,#210564),(#210565,#210566)),.UNSPECIFIED.,.F.,.F.,.U.,(6,6),(2,2),(0.,53.0184696162),(0.,20.0087453868),.UNSPECIFIED.);
#210555=CARTESIAN_POINT('Control Point',(4165.39699469,1818.65914909,-256.709124507));
#210556=CARTESIAN_POINT('Control Point',(4164.00300534,1837.73992613,-262.538419623));
#210557=CARTESIAN_POINT('Control Point',(4165.3934952,1815.57270788,-266.805708975));
#210558=CARTESIAN_POINT('Control Point',(4164.0065079,1834.63010763,-272.723630312));
#210559=CARTESIAN_POINT('Control Point',(4165.39004983,1812.42821083,-276.884521589));
#210560=CARTESIAN_POINT('Control Point',(4164.00995635,1831.46196723,-282.891054491));
#210561=CARTESIAN_POINT('Control Point',(4165.38654264,1809.15744568,-287.162011111));
#210562=CARTESIAN_POINT('Control Point',(4164.01346834,1828.16994572,-293.25207398));
#210563=CARTESIAN_POINT('Control Point',(4165.38317203,1805.89657489,-297.19826974));
#210564=CARTESIAN_POINT('Control Point',(4164.01684215,1824.88050344,-303.386403324));
#210565=CARTESIAN_POINT('Control Point',(4165.37983748,1802.57721078,-307.222267861));
#210566=CARTESIAN_POINT('Control Point',(4164.02017989,1821.53792478,-313.496056081));
#210567=B_SPLINE_CURVE_WITH_KNOTS('',1,(#210568,#210569),.UNSPECIFIED.,.F.,.U.,(2,2),(5.95460250163,10.0043728692),.UNSPECIFIED.);
#210568=CARTESIAN_POINT('Control Point',(4164.98214346,1824.33758822,-258.443922697));
#210569=CARTESIAN_POINT('Control Point',(4164.7,1828.19953778,-259.623772117));
#210570=EDGE_CURVE('',#210251,#208625,#210567,.T.);
#210571=B_SPLINE_CURVE_WITH_KNOTS('',3,(#210572,#210573,#210574,#210575),.UNSPECIFIED.,.F.,.U.,(4,4),(0.,0.693340231309),.UNSPECIFIED.);
#210572=CARTESIAN_POINT('Control Point',(4164.97534927,1809.16701441,-306.232936362));
#210573=CARTESIAN_POINT('Control Point',(4164.97477074,1809.12377685,-306.390265531));
#210574=CARTESIAN_POINT('Control Point',(4164.97419239,1809.08052434,-306.547583869));
#210575=CARTESIAN_POINT('Control Point',(4164.9736142,1809.03725557,-306.704895786));
#210576=EDGE_CURVE('',#210243,#208727,#210571,.T.);
#210577=EDGE_LOOP('',(#210578,#210579,#210580,#210581,#210582));
#210578=ORIENTED_EDGE('',*,*,#208636,.T.);
#210579=ORIENTED_EDGE('',*,*,#210570,.F.);
#210580=ORIENTED_EDGE('',*,*,#210252,.F.);
#210581=ORIENTED_EDGE('',*,*,#210576,.T.);
#210582=ORIENTED_EDGE('',*,*,#208781,.T.);
#210583=FACE_OUTER_BOUND('',#210577,.T.);
#210584=ADVANCED_FACE('PartBody',(#210583),#210554,.T.);
#210585=B_SPLINE_SURFACE_WITH_KNOTS('',5,1,((#210586,#210587),(#210588,#210589),(#210590,#210591),(#210592,#210593),(#210594,#210595),(#210596,#210597),(#210598,#210599),(#210600,#210601),(#210602,#210603),(#210604,#210605),(#210606,#210607),(#210608,#210609),(#210610,#210611),(#210612,#210613),(#210614,#210615),(#210616,#210617),(#210618,#210619),(#210620,#210621),(#210622,#210623),(#210624,#210625),(#210626,#210627),(#210628,#210629),(#210630,#210631),(#210632,#210633),(#210634,#210635),(#210636,#210637),(#210638,#210639),(#210640,#210641),(#210642,#210643),(#210644,#210645)),.UNSPECIFIED.,.F.,.F.,.U.,(6,3,3,3,3,3,3,3,3,6),(2,2),(0.,89.1695710646,104.098670297,142.391470105,177.816664318,196.975608779,212.529969348,232.86294491,278.048031254,767.98931625),(0.,20.),.UNSPECIFIED.);
#210586=CARTESIAN_POINT('Control Point',(4165.75145068,1915.95805906,494.502267067));
#210587=CARTESIAN_POINT('Control Point',(4163.64854932,1935.81330333,495.662905139));
#210588=CARTESIAN_POINT('Control Point',(4165.74047503,1916.99147184,476.803602416));
#210589=CARTESIAN_POINT('Control Point',(4163.65952497,1936.86126367,477.755145423));
#210590=CARTESIAN_POINT('Control Point',(4165.72960127,1917.79172176,459.092326233));
#210591=CARTESIAN_POINT('Control Point',(4163.67039873,1937.67337031,459.832589508));
#210592=CARTESIAN_POINT('Control Point',(4165.7194122,1918.35825641,441.342135818));
#210593=CARTESIAN_POINT('Control Point',(4163.6805878,1938.24913841,441.819697556));
#210594=CARTESIAN_POINT('Control Point',(4165.70637454,1918.73439761,420.622943725));
#210595=CARTESIAN_POINT('Control Point',(4163.69362546,1938.63228958,420.903255975));
#210596=CARTESIAN_POINT('Control Point',(4165.69458552,1918.78110434,399.93502282));
#210597=CARTESIAN_POINT('Control Point',(4163.70541448,1938.68198598,399.95248934));
#210598=CARTESIAN_POINT('Control Point',(4165.69267109,1918.77777369,396.953077181));
#210599=CARTESIAN_POINT('Control Point',(4163.70732891,1938.67900444,396.962603495));
#210600=CARTESIAN_POINT('Control Point',(4165.68614295,1918.7722841,386.360543022));
#210601=CARTESIAN_POINT('Control Point',(4163.71385705,1938.67488895,386.266837068));
#210602=CARTESIAN_POINT('Control Point',(4165.68127354,1918.66827427,375.849952355));
#210603=CARTESIAN_POINT('Control Point',(4163.71872646,1938.57001662,375.48972215));
#210604=CARTESIAN_POINT('Control Point',(4165.67606049,1918.57056648,368.505477721));
#210605=CARTESIAN_POINT('Control Point',(4163.72393951,1938.47286007,368.194416928));
#210606=CARTESIAN_POINT('Control Point',(4165.66758568,1918.29836695,353.837998419));
#210607=CARTESIAN_POINT('Control Point',(4163.73241432,1938.19960165,353.379778284));
#210608=CARTESIAN_POINT('Control Point',(4165.65928258,1917.88939716,339.175096699));
#210609=CARTESIAN_POINT('Control Point',(4163.74071742,1937.78807122,338.566981601));
#210610=CARTESIAN_POINT('Control Point',(4165.65500064,1917.64940239,331.737456757));
#210611=CARTESIAN_POINT('Control Point',(4163.74499936,1937.54686198,331.063339109));
#210612=CARTESIAN_POINT('Control Point',(4165.64916794,1917.24560195,320.893039995));
#210613=CARTESIAN_POINT('Control Point',(4163.75083206,1937.13928096,320.089250453));
#210614=CARTESIAN_POINT('Control Point',(4165.6431584,1916.76395209,310.039367589));
#210615=CARTESIAN_POINT('Control Point',(4163.7568416,1936.65411156,309.130911996));
#210616=CARTESIAN_POINT('Control Point',(4165.64059935,1916.55350493,305.449379108));
#210617=CARTESIAN_POINT('Control Point',(4163.75940065,1936.44142885,304.482437912));
#210618=CARTESIAN_POINT('Control Point',(4165.63723259,1916.20360069,298.557821611));
#210619=CARTESIAN_POINT('Control Point',(4163.76276741,1936.08782353,297.506548306));
#210620=CARTESIAN_POINT('Control Point',(4165.63273046,1915.83658109,291.621138173));
#210621=CARTESIAN_POINT('Control Point',(4163.76726954,1935.72200381,290.577292812));
#210622=CARTESIAN_POINT('Control Point',(4165.63198904,1915.73304274,289.624155915));
#210623=CARTESIAN_POINT('Control Point',(4163.76801096,1935.61575859,288.524578153));
#210624=CARTESIAN_POINT('Control Point',(4165.6288147,1915.32208322,282.527389893));
#210625=CARTESIAN_POINT('Control Point',(4163.7711853,1935.19732548,281.290576972));
#210626=CARTESIAN_POINT('Control Point',(4165.62420393,1914.87176513,275.365000771));
#210627=CARTESIAN_POINT('Control Point',(4163.77579607,1934.74754201,274.126437533));
#210628=CARTESIAN_POINT('Control Point',(4165.62334794,1914.78057262,273.748852542));
#210629=CARTESIAN_POINT('Control Point',(4163.77665206,1934.6573124,272.521211208));
#210630=CARTESIAN_POINT('Control Point',(4165.61657899,1913.95736406,260.731925434));
#210631=CARTESIAN_POINT('Control Point',(4163.78342101,1933.82770817,259.383289067));
#210632=CARTESIAN_POINT('Control Point',(4165.60952856,1913.03680212,247.717635904));
#210633=CARTESIAN_POINT('Control Point',(4163.79047144,1932.90039378,246.255505268));
#210634=CARTESIAN_POINT('Control Point',(4165.60519091,1912.38453254,239.043223837));
#210635=CARTESIAN_POINT('Control Point',(4163.79480909,1932.24347231,237.508844904));
#210636=CARTESIAN_POINT('Control Point',(4165.55113922,1903.85798319,132.821945249));
#210637=CARTESIAN_POINT('Control Point',(4163.84886078,1923.65268511,130.364532716));
#210638=CARTESIAN_POINT('Control Point',(4165.50419452,1889.17571544,27.1177104583));
#210639=CARTESIAN_POINT('Control Point',(4163.89580548,1908.85203542,23.7563910993));
#210640=CARTESIAN_POINT('Control Point',(4165.4664284,1870.72612503,-68.5835078751));
#210641=CARTESIAN_POINT('Control Point',(4163.9335716,1890.24834067,-72.7799866179));
#210642=CARTESIAN_POINT('Control Point',(4165.43032671,1847.16673196,-163.402888117));
#210643=CARTESIAN_POINT('Control Point',(4163.96967329,1866.49042422,-168.421111474));
#210644=CARTESIAN_POINT('Control Point',(4165.39699473,1818.65906292,-256.709139237));
#210645=CARTESIAN_POINT('Control Point',(4164.00300527,1837.73986433,-262.538359688));
#210646=B_SPLINE_CURVE_WITH_KNOTS('',1,(#210647,#210648),.UNSPECIFIED.,.F.,.U.,(2,2),(7.42384486763,10.),.UNSPECIFIED.);
#210647=CARTESIAN_POINT('Control Point',(4164.97087001,1923.32817172,494.933086917));
#210648=CARTESIAN_POINT('Control Point',(4164.7,1925.88568119,495.082586103));
#210649=CARTESIAN_POINT('Vertex',(4164.97087001,1923.32817172,494.933086917));
#210650=VERTEX_POINT('',#210649);
#210651=EDGE_CURVE('',#210650,#208582,#210646,.T.);
#210652=B_SPLINE_CURVE_WITH_KNOTS('',5,(#210653,#210654,#210655,#210656,#210657,#210658,#210659,#210660,#210661,#210662,#210663,#210664,#210665,#210666,#210667,#210668,#210669,#210670,#210671,#210672,#210673,#210674,#210675,#210676,#210677,#210678,#210679,#210680,#210681,#210682,#210683,#210684,#210685,#210686,#210687,#210688,#210689,#210690,#210691,#210692,#210693,#210694,#210695,#210696,#210697,#210698,#210699,#210700,#210701,#210702,#210703,#210704,#210705,#210706,#210707,#210708,#210709,#210710,#210711,#210712,#210713,#210714,#210715,#210716,#210717,#210718,#210719,#210720,#210721,#210722,#210723,#210724,#210725,#210726,#210727,#210728,#210729,#210730,#210731,#210732,#210733,#210734,#210735,#210736,#210737,#210738,#210739,#210740,#210741,#210742,#210743,#210744,#210745,#210746,#210747,#210748,#210749,#210750,#210751,#210752,#210753,#210754,#210755,#210756,#210757,#210758,#210759,#210760,#210761,#210762,#210763,#210764,#210765,#210766,#210767,#210768,#210769,#210770,#210771,#210772,#210773,#210774,#210775,#210776,#210777,#210778),.UNSPECIFIED.,.F.,.U.,(6,3,3,3,3,3,3,3,3,3,3,3,3,3,3,3,3,3,3,3,3,3,3,3,3,3,3,3,3,3,3,3,3,3,3,3,3,3,3,3,3,6),(0.,190.351012891,206.138145317,221.522518889,229.400990335,237.093177146,265.499959366,282.134484112,286.471425343,288.630985966,289.715234196,290.810263638,294.701204242,298.582183432,304.116487341,310.902364928,315.989675331,318.534164588,321.108162644,326.204251724,331.292839443,339.652099921,342.602834841,351.86401906,358.053747589,364.243476117,367.200597843,369.901195538,387.643924844,405.373131097,414.244466724,418.555487621,423.091973863,451.84465121,470.890925766,472.08816255,477.22990358,484.594354205,494.201350666,500.803902346,566.898785905,619.414247861),.UNSPECIFIED.);
#210653=CARTESIAN_POINT('Control Point',(4164.91170073,1899.08551443,60.9859497905));
#210654=CARTESIAN_POINT('Control Point',(4164.9146575,1903.21505592,87.5216935908));
#210655=CARTESIAN_POINT('Control Point',(4164.91770231,1906.96056919,114.120846756));
#210656=CARTESIAN_POINT('Control Point',(4164.92084889,1910.32132375,140.778479854));
#210657=CARTESIAN_POINT('Control Point',(4164.92438669,1913.54282829,169.704018893));
#210658=CARTESIAN_POINT('Control Point',(4164.92805224,1916.30888578,198.680829011));
#210659=CARTESIAN_POINT('Control Point',(4164.92846918,1916.61782992,201.967230273));
#210660=CARTESIAN_POINT('Control Point',(4164.929027,1917.02351791,206.350411924));
#210661=CARTESIAN_POINT('Control Point',(4164.92958751,1917.41876882,210.734635944));
#210662=CARTESIAN_POINT('Control Point',(4164.92986345,1917.61123005,212.897785745));
#210663=CARTESIAN_POINT('Control Point',(4164.9302804,1917.89825087,216.167139845));
#210664=CARTESIAN_POINT('Control Point',(4164.93069843,1918.1792001,219.433948628));
#210665=CARTESIAN_POINT('Control Point',(4164.93082342,1918.26251692,220.409295571));
#210666=CARTESIAN_POINT('Control Point',(4164.9311042,1918.44794812,222.594867874));
#210667=CARTESIAN_POINT('Control Point',(4164.93138704,1918.63057343,224.778314193));
#210668=CARTESIAN_POINT('Control Point',(4164.93152738,1918.72009546,225.856293923));
#210669=CARTESIAN_POINT('Control Point',(4164.93218863,1919.13692048,230.911674469));
#210670=CARTESIAN_POINT('Control Point',(4164.93286022,1919.5383135,235.950621934));
#210671=CARTESIAN_POINT('Control Point',(4164.93338631,1919.84350274,239.889944755));
#210672=CARTESIAN_POINT('Control Point',(4164.93421454,1920.31621894,246.165850257));
#210673=CARTESIAN_POINT('Control Point',(4164.93504713,1920.7692229,252.4660138));
#210674=CARTESIAN_POINT('Control Point',(4164.9353563,1920.93392926,254.797414782));
#210675=CARTESIAN_POINT('Control Point',(4164.93575033,1921.13831771,257.743179295));
#210676=CARTESIAN_POINT('Control Point',(4164.9361453,1921.33833421,260.694595569));
#210677=CARTESIAN_POINT('Control Point',(4164.93622697,1921.37950813,261.305167466));
#210678=CARTESIAN_POINT('Control Point',(4164.93634919,1921.44089442,262.220032139));
#210679=CARTESIAN_POINT('Control Point',(4164.93647098,1921.50183597,263.135175839));
#210680=CARTESIAN_POINT('Control Point',(4164.93651226,1921.52246874,263.445808331));
#210681=CARTESIAN_POINT('Control Point',(4164.93657277,1921.55271971,263.902411827));
#210682=CARTESIAN_POINT('Control Point',(4164.93663286,1921.58276824,264.35770177));
#210683=CARTESIAN_POINT('Control Point',(4164.9366529,1921.59278732,264.509705043));
#210684=CARTESIAN_POINT('Control Point',(4164.93669307,1921.61287139,264.814802856));
#210685=CARTESIAN_POINT('Control Point',(4164.93673302,1921.63284066,265.118951828));
#210686=CARTESIAN_POINT('Control Point',(4164.93675206,1921.64235323,265.264024717));
#210687=CARTESIAN_POINT('Control Point',(4164.936843,1921.6877582,265.957384026));
#210688=CARTESIAN_POINT('Control Point',(4164.9369333,1921.7323447,266.642442214));
#210689=CARTESIAN_POINT('Control Point',(4164.93700303,1921.76599028,267.16193845));
#210690=CARTESIAN_POINT('Control Point',(4164.93714421,1921.8324585,268.193206997));
#210691=CARTESIAN_POINT('Control Point',(4164.93728437,1921.8956233,269.182716146));
#210692=CARTESIAN_POINT('Control Point',(4164.93735381,1921.9263248,269.665977269));
#210693=CARTESIAN_POINT('Control Point',(4164.9375197,1921.99889448,270.813377891));
#210694=CARTESIAN_POINT('Control Point',(4164.93767792,1922.06741468,271.907894659));
#210695=CARTESIAN_POINT('Control Point',(4164.93776689,1922.10632453,272.532646122));
#210696=CARTESIAN_POINT('Control Point',(4164.93796031,1922.19207943,273.915064547));
#210697=CARTESIAN_POINT('Control Point',(4164.93815129,1922.27705547,275.294528363));
#210698=CARTESIAN_POINT('Control Point',(4164.93825977,1922.32452324,276.066856169));
#210699=CARTESIAN_POINT('Control Point',(4164.93846373,1922.41030557,277.46441767));
#210700=CARTESIAN_POINT('Control Point',(4164.93869139,1922.50174062,278.958441862));
#210701=CARTESIAN_POINT('Control Point',(4164.93879337,1922.54214749,279.619605645));
#210702=CARTESIAN_POINT('Control Point',(4164.93895087,1922.60431165,280.638989186));
#210703=CARTESIAN_POINT('Control Point',(4164.93910963,1922.66815166,281.691781557));
#210704=CARTESIAN_POINT('Control Point',(4164.93916236,1922.6895782,282.045923666));
#210705=CARTESIAN_POINT('Control Point',(4164.93926715,1922.73283874,282.762925416));
#210706=CARTESIAN_POINT('Control Point',(4164.93936638,1922.77607325,283.484418603));
#210707=CARTESIAN_POINT('Control Point',(4164.93941148,1922.79648152,283.826382787));
#210708=CARTESIAN_POINT('Control Point',(4164.93955457,1922.86041488,284.9029999));
#210709=CARTESIAN_POINT('Control Point',(4164.93969083,1922.92208887,285.95771062));
#210710=CARTESIAN_POINT('Control Point',(4164.93977667,1922.96131739,286.636407967));
#210711=CARTESIAN_POINT('Control Point',(4164.93994183,1923.03745007,287.96976673));
#210712=CARTESIAN_POINT('Control Point',(4164.94009749,1923.10886739,289.252471095));
#210713=CARTESIAN_POINT('Control Point',(4164.94017432,1923.14361991,289.884603686));
#210714=CARTESIAN_POINT('Control Point',(4164.94038217,1923.23421531,291.551270535));
#210715=CARTESIAN_POINT('Control Point',(4164.94061559,1923.32430152,293.250652071));
#210716=CARTESIAN_POINT('Control Point',(4164.94077955,1923.38197668,294.349018161));
#210717=CARTESIAN_POINT('Control Point',(4164.94102212,1923.46384537,295.912630188));
#210718=CARTESIAN_POINT('Control Point',(4164.94126365,1923.54688391,297.51047137));
#210719=CARTESIAN_POINT('Control Point',(4164.94134053,1923.57373031,298.02836662));
#210720=CARTESIAN_POINT('Control Point',(4164.94159251,1923.6628261,299.753882087));
#210721=CARTESIAN_POINT('Control Point',(4164.94183448,1923.75157368,301.50383702));
#210722=CARTESIAN_POINT('Control Point',(4164.94202017,1923.81991274,302.879436905));
#210723=CARTESIAN_POINT('Control Point',(4164.94233389,1923.93198774,305.184027419));
#210724=CARTESIAN_POINT('Control Point',(4164.94265803,1924.04171059,307.517262953));
#210725=CARTESIAN_POINT('Control Point',(4164.94278937,1924.08512425,308.452759264));
#210726=CARTESIAN_POINT('Control Point',(4164.94305293,1924.17050108,310.315747135));
#210727=CARTESIAN_POINT('Control Point',(4164.94331418,1924.25252585,312.150012182));
#210728=CARTESIAN_POINT('Control Point',(4164.94344323,1924.29258762,313.056790926));
#210729=CARTESIAN_POINT('Control Point',(4164.94363016,1924.35032057,314.379145338));
#210730=CARTESIAN_POINT('Control Point',(4164.94381215,1924.40613992,315.681277094));
#210731=CARTESIAN_POINT('Control Point',(4164.9438705,1924.42399875,316.100426144));
#210732=CARTESIAN_POINT('Control Point',(4164.94398141,1924.45784926,316.899857033));
#210733=CARTESIAN_POINT('Control Point',(4164.94409174,1924.49120692,317.69741867));
#210734=CARTESIAN_POINT('Control Point',(4164.94416952,1924.51454267,318.259404269));
#210735=CARTESIAN_POINT('Control Point',(4164.94456835,1924.63344591,321.14381031));
#210736=CARTESIAN_POINT('Control Point',(4164.94496568,1924.74705969,324.0347258));
#210737=CARTESIAN_POINT('Control Point',(4164.94530961,1924.84196638,326.558918894));
#210738=CARTESIAN_POINT('Control Point',(4164.94601172,1925.02408389,331.630286129));
#210739=CARTESIAN_POINT('Control Point',(4164.94674442,1925.19034886,336.728151143));
#210740=CARTESIAN_POINT('Control Point',(4164.94712092,1925.26962603,339.286586075));
#210741=CARTESIAN_POINT('Control Point',(4164.94768806,1925.3816323,343.098350834));
#210742=CARTESIAN_POINT('Control Point',(4164.94825113,1925.48388091,346.886051139));
#210743=CARTESIAN_POINT('Control Point',(4164.94843792,1925.51689356,348.146272452));
#210744=CARTESIAN_POINT('Control Point',(4164.94871349,1925.56434618,350.01461814));
#210745=CARTESIAN_POINT('Control Point',(4164.9489876,1925.60947205,351.878436118));
#210746=CARTESIAN_POINT('Control Point',(4164.94909009,1925.62606455,352.575577443));
#210747=CARTESIAN_POINT('Control Point',(4164.94927414,1925.65529552,353.82529524));
#210748=CARTESIAN_POINT('Control Point',(4164.9494592,1925.68351318,355.074177809));
#210749=CARTESIAN_POINT('Control Point',(4164.94954392,1925.69614717,355.643180197));
#210750=CARTESIAN_POINT('Control Point',(4164.95024451,1925.7985953,360.338539214));
#210751=CARTESIAN_POINT('Control Point',(4164.95096771,1925.88688293,365.025663525));
#210752=CARTESIAN_POINT('Control Point',(4164.95163411,1925.95298236,369.096186915));
#210753=CARTESIAN_POINT('Control Point',(4164.95261279,1926.04656222,375.870630765));
#210754=CARTESIAN_POINT('Control Point',(4164.95356826,1926.10991118,382.63981587));
#210755=CARTESIAN_POINT('Control Point',(4164.95395465,1926.13008246,385.335655729));
#210756=CARTESIAN_POINT('Control Point',(4164.95441094,1926.14550312,388.192162923));
#210757=CARTESIAN_POINT('Control Point',(4164.95482824,1926.15450202,391.048977543));
#210758=CARTESIAN_POINT('Control Point',(4164.95485965,1926.15515241,391.265771824));
#210759=CARTESIAN_POINT('Control Point',(4164.95498862,1926.15771172,392.160234609));
#210760=CARTESIAN_POINT('Control Point',(4164.95511528,1926.15970726,393.052702152));
#210761=CARTESIAN_POINT('Control Point',(4164.95521933,1926.16103327,393.773481865));
#210762=CARTESIAN_POINT('Control Point',(4164.9554767,1926.16362299,395.511533245));
#210763=CARTESIAN_POINT('Control Point',(4164.95574235,1926.16474709,397.215591874));
#210764=CARTESIAN_POINT('Control Point',(4164.9558994,1926.16493556,398.201745134));
#210765=CARTESIAN_POINT('Control Point',(4164.95625968,1926.16411461,400.463566492));
#210766=CARTESIAN_POINT('Control Point',(4164.95660957,1926.15990938,402.709555607));
#210767=CARTESIAN_POINT('Control Point',(4164.95679711,1926.15623599,403.988654191));
#210768=CARTESIAN_POINT('Control Point',(4164.95711533,1926.14753178,406.186673876));
#210769=CARTESIAN_POINT('Control Point',(4164.95745742,1926.13460355,408.442453939));
#210770=CARTESIAN_POINT('Control Point',(4164.95759824,1926.12862908,409.371374383));
#210771=CARTESIAN_POINT('Control Point',(4164.95913988,1926.05541291,419.632290638));
#210772=CARTESIAN_POINT('Control Point',(4164.96076374,1925.90117068,429.894785891));
#210773=CARTESIAN_POINT('Control Point',(4164.96220349,1925.69420467,439.233925439));
#210774=CARTESIAN_POINT('Control Point',(4164.96477567,1925.20442108,455.981697561));
#210775=CARTESIAN_POINT('Control Point',(4164.96736639,1924.50381829,472.719897437));
#210776=CARTESIAN_POINT('Control Point',(4164.96852472,1924.15259262,480.127761119));
#210777=CARTESIAN_POINT('Control Point',(4164.96969569,1923.76066641,487.531711209));
#210778=CARTESIAN_POINT('Control Point',(4164.97087001,1923.32817172,494.933086915));
#210779=CARTESIAN_POINT('Vertex',(4164.91170179,1899.08550161,60.985951431));
#210780=VERTEX_POINT('',#210779);
#210781=EDGE_CURVE('',#210780,#210650,#210652,.T.);
#210782=B_SPLINE_CURVE_WITH_KNOTS('',3,(#210783,#210784,#210785,#210786),.UNSPECIFIED.,.F.,.U.,(4,4),(0.822196317614,42.5384415199),.UNSPECIFIED.);
#210783=CARTESIAN_POINT('Control Point',(4164.91170179,1899.08550161,60.985951431));
#210784=CARTESIAN_POINT('Control Point',(4164.95094548,1897.09489357,51.374802447));
#210785=CARTESIAN_POINT('Control Point',(4164.98958481,1895.04379134,41.7799363276));
#210786=CARTESIAN_POINT('Control Point',(4165.02763906,1892.93241308,32.2018340784));
#210787=EDGE_CURVE('',#210260,#210780,#210782,.F.);
#210788=EDGE_LOOP('',(#210789,#210790,#210791,#210792,#210793,#210794));
#210789=ORIENTED_EDGE('',*,*,#208626,.T.);
#210790=ORIENTED_EDGE('',*,*,#210651,.F.);
#210791=ORIENTED_EDGE('',*,*,#210781,.F.);
#210792=ORIENTED_EDGE('',*,*,#210787,.F.);
#210793=ORIENTED_EDGE('',*,*,#210261,.F.);
#210794=ORIENTED_EDGE('',*,*,#210570,.T.);
#210795=FACE_OUTER_BOUND('',#210788,.T.);
#210796=ADVANCED_FACE('PartBody',(#210795),#210585,.T.);
#210797=B_SPLINE_SURFACE_WITH_KNOTS('',5,3,((#210798,#210799,#210800,#210801),(#210802,#210803,#210804,#210805),(#210806,#210807,#210808,#210809),(#210810,#210811,#210812,#210813),(#210814,#210815,#210816,#210817),(#210818,#210819,#210820,#210821)),.UNSPECIFIED.,.F.,.F.,.U.,(6,6),(4,4),(0.,50.1248373557),(0.,10.),.UNSPECIFIED.);
#210798=CARTESIAN_POINT('Control Point',(4165.78398977,1912.31654106,544.267647568));
#210799=CARTESIAN_POINT('Control Point',(4165.42265936,1915.61933052,544.536217094));
#210800=CARTESIAN_POINT('Control Point',(4165.06132943,1918.92211947,544.804792871));
#210801=CARTESIAN_POINT('Control Point',(4164.7,1922.22490871,545.073363163));
#210802=CARTESIAN_POINT('Control Point',(4165.77727898,1913.19033202,534.326281763));
#210803=CARTESIAN_POINT('Control Point',(4165.41818394,1916.49458637,534.579844418));
#210804=CARTESIAN_POINT('Control Point',(4165.0590911,1919.79884045,534.83341242));
#210805=CARTESIAN_POINT('Control Point',(4164.7,1923.10309489,535.086975471));
#210806=CARTESIAN_POINT('Control Point',(4165.77058638,1913.99198191,524.377437644));
#210807=CARTESIAN_POINT('Control Point',(4165.41372671,1917.2976193,524.615984332));
#210808=CARTESIAN_POINT('Control Point',(4165.05685278,1920.60324757,524.854528645));
#210809=CARTESIAN_POINT('Control Point',(4164.7,1923.90887625,525.093077631));
#210810=CARTESIAN_POINT('Control Point',(4165.76402516,1914.72087042,514.42225478));
#210811=CARTESIAN_POINT('Control Point',(4165.4093445,1918.02778231,514.645772539));
#210812=CARTESIAN_POINT('Control Point',(4165.05463317,1921.3346993,514.869290923));
#210813=CARTESIAN_POINT('Control Point',(4164.7,1924.64162141,515.092810297));
#210814=CARTESIAN_POINT('Control Point',(4165.75762879,1915.376343,504.464980016));
#210815=CARTESIAN_POINT('Control Point',(4165.40508306,1918.68445265,504.673463282));
#210816=CARTESIAN_POINT('Control Point',(4165.05254018,1921.99256258,504.881947429));
#210817=CARTESIAN_POINT('Control Point',(4164.7,1925.30067279,505.090430365));
#210818=CARTESIAN_POINT('Control Point',(4165.75145068,1915.95805906,494.502267067));
#210819=CARTESIAN_POINT('Control Point',(4165.40096712,1919.26726644,494.695706746));
#210820=CARTESIAN_POINT('Control Point',(4165.05048356,1922.57647382,494.889146425));
#210821=CARTESIAN_POINT('Control Point',(4164.7,1925.88568119,495.082586103));
#210822=B_SPLINE_CURVE_WITH_KNOTS('',3,(#210823,#210824,#210825,#210826),.UNSPECIFIED.,.F.,.U.,(4,4),(0.000975078991546,70.920082192),.UNSPECIFIED.);
#210823=CARTESIAN_POINT('Control Point',(4164.97924092,1919.67252273,544.865121383));
#210824=CARTESIAN_POINT('Control Point',(4164.9763556,1921.13411206,528.242620189));
#210825=CARTESIAN_POINT('Control Point',(4164.97351354,1922.35456215,511.594679153));
#210826=CARTESIAN_POINT('Control Point',(4164.97087001,1923.32817172,494.933086917));
#210827=EDGE_CURVE('',#210650,#210453,#210822,.F.);
#210828=EDGE_LOOP('',(#210829,#210830,#210831,#210832));
#210829=ORIENTED_EDGE('',*,*,#210651,.T.);
#210830=ORIENTED_EDGE('',*,*,#208583,.T.);
#210831=ORIENTED_EDGE('',*,*,#210454,.F.);
#210832=ORIENTED_EDGE('',*,*,#210827,.F.);
#210833=FACE_OUTER_BOUND('',#210828,.T.);
#210834=ADVANCED_FACE('PartBody',(#210833),#210797,.T.);
#210835=B_SPLINE_SURFACE_WITH_KNOTS('',5,1,((#210836,#210837),(#210838,#210839),(#210840,#210841),(#210842,#210843),(#210844,#210845),(#210846,#210847)),.UNSPECIFIED.,.F.,.F.,.U.,(6,6),(2,2),(-0.10160482,0.388750530555),(49.9481826972,50.0498590673),.UNSPECIFIED.);
#210836=CARTESIAN_POINT('Control Point',(4165.02523216,1809.17013138,-306.234344132));
#210837=CARTESIAN_POINT('Control Point',(4164.92379394,1809.16379293,-306.231481394));
#210838=CARTESIAN_POINT('Control Point',(4165.02521962,1809.14420988,-306.328749957));
#210839=CARTESIAN_POINT('Control Point',(4164.92378138,1809.13787177,-306.325887307));
#210840=CARTESIAN_POINT('Control Point',(4165.02520711,1809.11828401,-306.423152188));
#210841=CARTESIAN_POINT('Control Point',(4164.92376884,1809.11194626,-306.420289628));
#210842=CARTESIAN_POINT('Control Point',(4165.02519461,1809.09235308,-306.517552994));
#210843=CARTESIAN_POINT('Control Point',(4164.92375631,1809.08601568,-306.514690524));
#210844=CARTESIAN_POINT('Control Point',(4165.0251821,1809.06641696,-306.611953088));
#210845=CARTESIAN_POINT('Control Point',(4164.92374378,1809.0600799,-306.609090706));
#210846=CARTESIAN_POINT('Control Point',(4165.02516959,1809.04047578,-306.706351917));
#210847=CARTESIAN_POINT('Control Point',(4164.92373125,1809.03413907,-306.703489625));
#210848=EDGE_LOOP('',(#210849,#210850,#210851));
#210849=ORIENTED_EDGE('',*,*,#210576,.F.);
#210850=ORIENTED_EDGE('',*,*,#210244,.T.);
#210851=ORIENTED_EDGE('',*,*,#208736,.F.);
#210852=FACE_OUTER_BOUND('',#210848,.T.);
#210853=ADVANCED_FACE('PartBody',(#210852),#210835,.F.);
#210854=B_SPLINE_SURFACE_WITH_KNOTS('',3,3,((#210855,#210856,#210857,#210858),(#210859,#210860,#210861,#210862),(#210863,#210864,#210865,#210866),(#210867,#210868,#210869,#210870)),.UNSPECIFIED.,.F.,.F.,.U.,(4,4),(4,4),(494.652941195,518.25107651),(152.251952434,233.374611588),.UNSPECIFIED.);
#210855=CARTESIAN_POINT('Control Point',(4137.86621799,1750.71833996,927.02641961));
#210856=CARTESIAN_POINT('Control Point',(4138.01819495,1777.1818066,932.584698994));
#210857=CARTESIAN_POINT('Control Point',(4138.17017097,1803.64527324,938.142978379));
#210858=CARTESIAN_POINT('Control Point',(4138.32214641,1830.10873988,943.701257764));
#210859=CARTESIAN_POINT('Control Point',(4137.47541337,1749.10146706,934.724496488));
#210860=CARTESIAN_POINT('Control Point',(4137.62739216,1775.5649337,940.282775872));
#210861=CARTESIAN_POINT('Control Point',(4137.77936997,1802.02840034,945.841055257));
#210862=CARTESIAN_POINT('Control Point',(4137.93134726,1828.49186699,951.399334642));
#210863=CARTESIAN_POINT('Control Point',(4137.08460133,1747.48459416,942.422573366));
#210864=CARTESIAN_POINT('Control Point',(4137.23658356,1773.9480608,947.98085275));
#210865=CARTESIAN_POINT('Control Point',(4137.38856354,1800.41152744,953.539132135));
#210866=CARTESIAN_POINT('Control Point',(4137.54054223,1826.87499409,959.09741152));
#210867=CARTESIAN_POINT('Control Point',(4136.69377639,1745.86772126,950.120650244));
#210868=CARTESIAN_POINT('Control Point',(4136.84576155,1772.3311879,955.678929629));
#210869=CARTESIAN_POINT('Control Point',(4136.99774523,1798.79465455,961.237209013));
#210870=CARTESIAN_POINT('Control Point',(4137.14972675,1825.25812119,966.795488398));
#210871=B_SPLINE_CURVE_WITH_KNOTS('',3,(#210872,#210873,#210874,#210875),.UNSPECIFIED.,.F.,.U.,(4,4),(1762.30043204,1783.17490058),.UNSPECIFIED.);
#210872=CARTESIAN_POINT('Control Point',(4137.14000009,1823.56448671,966.439764268));
#210873=CARTESIAN_POINT('Control Point',(4137.38533024,1825.14911181,961.795951684));
#210874=CARTESIAN_POINT('Control Point',(4137.63066585,1826.71526501,957.145821986));
#210875=CARTESIAN_POINT('Control Point',(4137.87600031,1828.26288887,952.489519993));
#210876=CARTESIAN_POINT('Vertex',(4137.14000008,1823.56448671,966.439764268));
#210877=VERTEX_POINT('',#210876);
#210878=EDGE_CURVE('',#210877,#210122,#210871,.T.);
#210879=B_SPLINE_CURVE_WITH_KNOTS('',5,(#210880,#210881,#210882,#210883,#210884,#210885,#210886,#210887,#210888,#210889,#210890,#210891,#210892,#210893,#210894,#210895,#210896,#210897,#210898,#210899,#210900),.UNSPECIFIED.,.F.,.U.,(6,3,3,3,3,3,6),(76.8824549255,83.5956423806,96.8476632648,116.812871604,146.982234224,152.012916116,156.743288282),.UNSPECIFIED.);
#210880=CARTESIAN_POINT('Control Point',(4137.13999935,1747.71380197,941.331294427));
#210881=CARTESIAN_POINT('Control Point',(4137.1399985,1748.98303943,941.751461709));
#210882=CARTESIAN_POINT('Control Point',(4137.139999,1750.30438871,942.188850976));
#210883=CARTESIAN_POINT('Control Point',(4137.14000013,1751.59845741,942.617196333));
#210884=CARTESIAN_POINT('Control Point',(4137.13999967,1755.35674385,943.861293358));
#210885=CARTESIAN_POINT('Control Point',(4137.13999955,1759.13898188,945.113311741));
#210886=CARTESIAN_POINT('Control Point',(4137.13999955,1761.65465056,945.946061347));
#210887=CARTESIAN_POINT('Control Point',(4137.13999964,1767.96579683,948.035207654));
#210888=CARTESIAN_POINT('Control Point',(4137.1399998,1774.28049114,950.125526906));
#210889=CARTESIAN_POINT('Control Point',(4137.13999985,1778.07174786,951.380527318));
#210890=CARTESIAN_POINT('Control Point',(4137.13999989,1787.58610431,954.530018123));
#210891=CARTESIAN_POINT('Control Point',(4137.13999989,1797.09857261,957.678884983));
#210892=CARTESIAN_POINT('Control Point',(4137.13999995,1802.82919816,959.575865026));
#210893=CARTESIAN_POINT('Control Point',(4137.14000026,1809.53203281,961.794665623));
#210894=CARTESIAN_POINT('Control Point',(4137.14000007,1816.18962051,963.998498536));
#210895=CARTESIAN_POINT('Control Point',(4137.13999986,1817.17443987,964.32450304));
#210896=CARTESIAN_POINT('Control Point',(4137.14000055,1818.99701683,964.927807302));
#210897=CARTESIAN_POINT('Control Point',(4137.14000017,1820.85061051,965.541401355));
#210898=CARTESIAN_POINT('Control Point',(4137.13999998,1821.756927,965.841418797));
#210899=CARTESIAN_POINT('Control Point',(4137.13999994,1822.66519961,966.142080851));
#210900=CARTESIAN_POINT('Control Point',(4137.14000009,1823.56448671,966.439764268));
#210901=EDGE_CURVE('',#209775,#210877,#210879,.T.);
#210902=EDGE_LOOP('',(#210903,#210904,#210905,#210906));
#210903=ORIENTED_EDGE('',*,*,#210878,.F.);
#210904=ORIENTED_EDGE('',*,*,#210901,.F.);
#210905=ORIENTED_EDGE('',*,*,#209776,.F.);
#210906=ORIENTED_EDGE('',*,*,#210127,.F.);
#210907=FACE_OUTER_BOUND('',#210902,.T.);
#210908=ADVANCED_FACE('PartBody',(#210907),#210854,.F.);
#210909=CARTESIAN_POINT('Axis2P3D Location',(4137.14,1703.39388466,411.640559128));
#210910=DIRECTION('Axis2P3D Direction',(-1.,0.,0.));
#210911=DIRECTION('Axis2P3D XDirection',(0.,-0.205550931489,0.978646419584));
#210912=AXIS2_PLACEMENT_3D('Plane Axis2P3D',#210909,#210910,#210911);
#210913=PLANE('',#210912);
#210914=B_SPLINE_CURVE_WITH_KNOTS('',1,(#210915,#210916),.UNSPECIFIED.,.F.,.U.,(2,2),(-21.538726589,36.53935095),.UNSPECIFIED.);
#210915=CARTESIAN_POINT('Control Point',(4137.14,1250.44798031,1688.17134153));
#210916=CARTESIAN_POINT('Control Point',(4137.14,1289.36199673,1731.28470856));
#210917=EDGE_CURVE('',#209958,#203861,#210914,.T.);
#210918=B_SPLINE_CURVE_WITH_KNOTS('',5,(#210919,#210920,#210921,#210922,#210923,#210924,#210925,#210926,#210927,#210928,#210929,#210930,#210931,#210932,#210933),.UNSPECIFIED.,.F.,.U.,(6,3,3,3,6),(682.483002903,929.56917624,1349.99848113,1645.34163306,1762.30043204),.UNSPECIFIED.);
#210919=CARTESIAN_POINT('Control Point',(4137.14,1437.79273213,1616.51015251));
#210920=CARTESIAN_POINT('Control Point',(4137.14,1461.371145,1590.86140973));
#210921=CARTESIAN_POINT('Control Point',(4137.14,1484.34047218,1564.6523524));
#210922=CARTESIAN_POINT('Control Point',(4137.14,1506.68155813,1537.90044249));
#210923=CARTESIAN_POINT('Control Point',(4137.14,1565.29287169,1464.21418224));
#210924=CARTESIAN_POINT('Control Point',(4137.14,1619.07304426,1386.86636828));
#210925=CARTESIAN_POINT('Control Point',(4137.14,1650.9501245,1336.80371935));
#210926=CARTESIAN_POINT('Control Point',(4137.14,1701.71591095,1249.46884008));
#210927=CARTESIAN_POINT('Control Point',(4137.14,1746.36092039,1158.89275757));
#210928=CARTESIAN_POINT('Control Point',(4137.14,1763.7192919,1121.01308502));
#210929=CARTESIAN_POINT('Control Point',(4137.14,1786.45355208,1067.47030815));
#210930=CARTESIAN_POINT('Control Point',(4137.14,1807.06212361,1013.09310161));
#210931=CARTESIAN_POINT('Control Point',(4137.14,1812.7362106,997.603181852));
#210932=CARTESIAN_POINT('Control Point',(4137.14,1818.23733267,982.051220192));
#210933=CARTESIAN_POINT('Control Point',(4137.14,1823.56448671,966.439764268));
#210934=EDGE_CURVE('',#203664,#210877,#210918,.T.);
#210935=EDGE_LOOP('',(#210936,#210937,#210938,#210939,#210940,#210941,#210942,#210943));
#210936=ORIENTED_EDGE('',*,*,#203665,.F.);
#210937=ORIENTED_EDGE('',*,*,#203799,.T.);
#210938=ORIENTED_EDGE('',*,*,#203833,.F.);
#210939=ORIENTED_EDGE('',*,*,#203867,.F.);
#210940=ORIENTED_EDGE('',*,*,#210917,.F.);
#210941=ORIENTED_EDGE('',*,*,#209959,.T.);
#210942=ORIENTED_EDGE('',*,*,#210901,.T.);
#210943=ORIENTED_EDGE('',*,*,#210934,.F.);
#210944=FACE_OUTER_BOUND('',#210935,.T.);
#210945=ADVANCED_FACE('PartBody',(#210944),#210913,.F.);
#210946=B_SPLINE_SURFACE_WITH_KNOTS('',5,5,((#210947,#210948,#210949,#210950,#210951,#210952,#210953,#210954,#210955),(#210956,#210957,#210958,#210959,#210960,#210961,#210962,#210963,#210964),(#210965,#210966,#210967,#210968,#210969,#210970,#210971,#210972,#210973),(#210974,#210975,#210976,#210977,#210978,#210979,#210980,#210981,#210982),(#210983,#210984,#210985,#210986,#210987,#210988,#210989,#210990,#210991),(#210992,#210993,#210994,#210995,#210996,#210997,#210998,#210999,#211000),(#211001,#211002,#211003,#211004,#211005,#211006,#211007,#211008,#211009),(#211010,#211011,#211012,#211013,#211014,#211015,#211016,#211017,#211018),(#211019,#211020,#211021,#211022,#211023,#211024,#211025,#211026,#211027),(#211028,#211029,#211030,#211031,#211032,#211033,#211034,#211035,#211036),(#211037,#211038,#211039,#211040,#211041,#211042,#211043,#211044,#211045),(#211046,#211047,#211048,#211049,#211050,#211051,#211052,#211053,#211054),(#211055,#211056,#211057,#211058,#211059,#211060,#211061,#211062,#211063),(#211064,#211065,#211066,#211067,#211068,#211069,#211070,#211071,#211072),(#211073,#211074,#211075,#211076,#211077,#211078,#211079,#211080,#211081),(#211082,#211083,#211084,#211085,#211086,#211087,#211088,#211089,#211090),(#211091,#211092,#211093,#211094,#211095,#211096,#211097,#211098,#211099),(#211100,#211101,#211102,#211103,#211104,#211105,#211106,#211107,#211108)),.UNSPECIFIED.,.F.,.F.,.U.,(6,3,3,3,3,6),(6,3,6),(1783.17490058,1862.09220553,1941.00951048,2002.50184444,2053.15883088,2063.99417839),(0.,4.524,9.048),.UNSPECIFIED.);
#210947=CARTESIAN_POINT('Control Point',(4137.876,1828.26288887,952.489519994));
#210948=CARTESIAN_POINT('Control Point',(4137.876,1829.14555771,952.78289431));
#210949=CARTESIAN_POINT('Control Point',(4138.04307262,1830.0282348,953.076271364));
#210950=CARTESIAN_POINT('Control Point',(4138.37739459,1830.87289429,953.35701244));
#210951=CARTESIAN_POINT('Control Point',(4139.35055222,1832.41047009,953.868059422));
#210952=CARTESIAN_POINT('Control Point',(4140.82675402,1833.53054948,954.24034233));
#210953=CARTESIAN_POINT('Control Point',(4141.66437762,1833.95749888,954.38224831));
#210954=CARTESIAN_POINT('Control Point',(4142.56398653,1834.23221488,954.47355619));
#210955=CARTESIAN_POINT('Control Point',(4143.48584313,1834.34979816,954.512637568));
#210956=CARTESIAN_POINT('Control Point',(4137.876,1831.7734253,941.927445936));
#210957=CARTESIAN_POINT('Control Point',(4137.876,1832.65823899,942.215633326));
#210958=CARTESIAN_POINT('Control Point',(4138.04321605,1833.54306096,942.503823414));
#210959=CARTESIAN_POINT('Control Point',(4138.37782532,1834.38974025,942.779590058));
#210960=CARTESIAN_POINT('Control Point',(4139.3517928,1835.93085694,943.281536681));
#210961=CARTESIAN_POINT('Control Point',(4140.82910054,1837.05313627,943.647064111));
#210962=CARTESIAN_POINT('Control Point',(4141.66730814,1837.48076349,943.786341623));
#210963=CARTESIAN_POINT('Control Point',(4142.56747242,1837.75568767,943.875882477));
#210964=CARTESIAN_POINT('Control Point',(4143.4898013,1837.87301685,943.914093465));
#210965=CARTESIAN_POINT('Control Point',(4137.876,1835.20451121,931.338906268));
#210966=CARTESIAN_POINT('Control Point',(4137.876,1836.09143419,931.621885997));
#210967=CARTESIAN_POINT('Control Point',(4138.04336021,1836.97836549,931.90486838));
#210968=CARTESIAN_POINT('Control Point',(4138.37825828,1837.82703019,932.175641174));
#210969=CARTESIAN_POINT('Control Point',(4139.3530397,1839.37162363,932.66845385));
#210970=CARTESIAN_POINT('Control Point',(4140.83145875,1840.496052,933.027206284));
#210971=CARTESIAN_POINT('Control Point',(4141.67025307,1840.92433587,933.163849989));
#210972=CARTESIAN_POINT('Control Point',(4142.57097515,1841.19945214,933.251623368));
#210973=CARTESIAN_POINT('Control Point',(4143.49377813,1841.31651666,933.288968288));
#210974=CARTESIAN_POINT('Control Point',(4137.876,1838.55583385,920.724683389));
#210975=CARTESIAN_POINT('Control Point',(4137.876,1839.44483058,921.00243435));
#210976=CARTESIAN_POINT('Control Point',(4138.04350514,1840.33383568,921.280187924));
#210977=CARTESIAN_POINT('Control Point',(4138.37869352,1841.18445141,921.545947101));
#210978=CARTESIAN_POINT('Control Point',(4139.35429316,1842.7324575,922.029591643));
#210979=CARTESIAN_POINT('Control Point',(4140.83382906,1843.85898401,922.381549201));
#210980=CARTESIAN_POINT('Control Point',(4141.67321293,1844.28790336,922.515553653));
#210981=CARTESIAN_POINT('Control Point',(4142.57449533,1844.56319562,922.601559089));
#210982=CARTESIAN_POINT('Control Point',(4143.4977743,1844.67998489,922.63804232));
#210983=CARTESIAN_POINT('Control Point',(4137.876,1845.09830873,899.446435213));
#210984=CARTESIAN_POINT('Control Point',(4137.876,1845.9913819,899.713685555));
#210985=CARTESIAN_POINT('Control Point',(4138.04379658,1846.88446352,899.980938426));
#210986=CARTESIAN_POINT('Control Point',(4138.37956876,1847.73891255,900.236630019));
#210987=CARTESIAN_POINT('Control Point',(4139.3568136,1849.29361573,900.701868486));
#210988=CARTESIAN_POINT('Control Point',(4140.83859467,1850.42423668,901.040195662));
#210989=CARTESIAN_POINT('Control Point',(4141.6791635,1850.85438462,901.168910458));
#210990=CARTESIAN_POINT('Control Point',(4142.58157173,1851.12999663,901.251378998));
#210991=CARTESIAN_POINT('Control Point',(4143.50580662,1851.24621426,901.286147735));
#210992=CARTESIAN_POINT('Control Point',(4137.876,1851.31910518,878.071710037));
#210993=CARTESIAN_POINT('Control Point',(4137.876,1852.21611247,878.328371569));
#210994=CARTESIAN_POINT('Control Point',(4138.04409125,1853.11312829,878.585035542));
#210995=CARTESIAN_POINT('Control Point',(4138.38045372,1853.97127298,878.830576946));
#210996=CARTESIAN_POINT('Control Point',(4139.3593618,1855.53241651,879.277266395));
#210997=CARTESIAN_POINT('Control Point',(4140.84341157,1856.66692803,879.601879889));
#210998=CARTESIAN_POINT('Control Point',(4141.68517735,1857.09821976,879.72528211));
#210999=CARTESIAN_POINT('Control Point',(4142.5887221,1857.37408703,879.804211567));
#211000=CARTESIAN_POINT('Control Point',(4143.51392095,1857.48969069,879.837283831));
#211001=CARTESIAN_POINT('Control Point',(4137.876,1854.34874939,867.361010158));
#211002=CARTESIAN_POINT('Control Point',(4137.876,1855.24768813,867.612354731));
#211003=CARTESIAN_POINT('Control Point',(4138.04423942,1856.14663543,867.8637017));
#211004=CARTESIAN_POINT('Control Point',(4138.38089869,1857.00659349,868.104146881));
#211005=CARTESIAN_POINT('Control Point',(4139.36064301,1858.57089294,868.541525256));
#211006=CARTESIAN_POINT('Control Point',(4140.84583317,1859.70729872,868.859260572));
#211007=CARTESIAN_POINT('Control Point',(4141.68820049,1860.13914113,868.980000621));
#211008=CARTESIAN_POINT('Control Point',(4142.59231624,1860.4151199,869.057159947));
#211009=CARTESIAN_POINT('Control Point',(4143.51799915,1860.530406,869.089388544));
#211010=CARTESIAN_POINT('Control Point',(4137.876,1859.59479649,848.264406492));
#211011=CARTESIAN_POINT('Control Point',(4137.876,1860.49710813,848.506249982));
#211012=CARTESIAN_POINT('Control Point',(4138.04450454,1861.39942841,848.748095787));
#211013=CARTESIAN_POINT('Control Point',(4138.3816949,1862.26255138,848.979435218));
#211014=CARTESIAN_POINT('Control Point',(4139.36293546,1863.83235128,849.400180585));
#211015=CARTESIAN_POINT('Control Point',(4140.85016554,1864.97203642,849.705639248));
#211016=CARTESIAN_POINT('Control Point',(4141.69360873,1865.40482079,849.821631976));
#211017=CARTESIAN_POINT('Control Point',(4142.59874536,1865.68096923,849.895640739));
#211018=CARTESIAN_POINT('Control Point',(4143.52529325,1865.79567151,849.926376538));
#211019=CARTESIAN_POINT('Control Point',(4137.876,1864.58296623,829.098878765));
#211020=CARTESIAN_POINT('Control Point',(4137.876,1865.48853736,829.331145909));
#211021=CARTESIAN_POINT('Control Point',(4138.04477238,1866.39411719,829.563415287));
#211022=CARTESIAN_POINT('Control Point',(4138.38249928,1867.26029537,829.785578449));
#211023=CARTESIAN_POINT('Control Point',(4139.36525121,1868.83539123,830.189568685));
#211024=CARTESIAN_POINT('Control Point',(4140.85454094,1869.97819352,830.48267921));
#211025=CARTESIAN_POINT('Control Point',(4141.69907006,1870.41185248,830.593904778));
#211026=CARTESIAN_POINT('Control Point',(4142.60523653,1870.68811949,830.664760741));
#211027=CARTESIAN_POINT('Control Point',(4143.53265614,1870.80220459,830.694018661));
#211028=CARTESIAN_POINT('Control Point',(4137.876,1866.71801771,820.692004522));
#211029=CARTESIAN_POINT('Control Point',(4137.876,1867.62499459,820.920062723));
#211030=CARTESIAN_POINT('Control Point',(4138.04489021,1868.53198021,821.148123124));
#211031=CARTESIAN_POINT('Control Point',(4138.38285316,1869.39947539,821.366253494));
#211032=CARTESIAN_POINT('Control Point',(4139.36626997,1870.9768514,821.762881472));
#211033=CARTESIAN_POINT('Control Point',(4140.8564656,1872.12098777,822.050569797));
#211034=CARTESIAN_POINT('Control Point',(4141.70147228,1872.55501683,822.159703567));
#211035=CARTESIAN_POINT('Control Point',(4142.60809153,1872.83132596,822.229178222));
#211036=CARTESIAN_POINT('Control Point',(4143.53589424,1872.94513436,822.257791762));
#211037=CARTESIAN_POINT('Control Point',(4137.876,1870.52113896,805.336525502));
#211038=CARTESIAN_POINT('Control Point',(4137.876,1871.43063975,805.55687982));
#211039=CARTESIAN_POINT('Control Point',(4138.04510609,1872.34014935,805.777236271));
#211040=CARTESIAN_POINT('Control Point',(4138.38350149,1873.2100079,805.987985754));
#211041=CARTESIAN_POINT('Control Point',(4139.36813633,1874.79147058,806.371141588));
#211042=CARTESIAN_POINT('Control Point',(4140.85999122,1875.93798305,806.648914541));
#211043=CARTESIAN_POINT('Control Point',(4141.70587247,1876.37266349,806.754225918));
#211044=CARTESIAN_POINT('Control Point',(4142.6133207,1876.64903155,806.821180404));
#211045=CARTESIAN_POINT('Control Point',(4143.54182452,1876.76232366,806.848624052));
#211046=CARTESIAN_POINT('Control Point',(4137.876,1874.15790449,789.940992207));
#211047=CARTESIAN_POINT('Control Point',(4137.876,1875.069856,790.153591457));
#211048=CARTESIAN_POINT('Control Point',(4138.04532375,1875.98181638,790.366192773));
#211049=CARTESIAN_POINT('Control Point',(4138.38415517,1876.85396754,790.569513397));
#211050=CARTESIAN_POINT('Control Point',(4139.37001793,1878.43938503,790.939113954));
#211051=CARTESIAN_POINT('Control Point',(4140.86354498,1879.58816931,791.2069227));
#211052=CARTESIAN_POINT('Control Point',(4141.71030737,1880.02345789,791.308398039));
#211053=CARTESIAN_POINT('Control Point',(4142.61859041,1880.29985223,791.372830628));
#211054=CARTESIAN_POINT('Control Point',(4143.54779973,1880.41260692,791.399114275));
#211055=CARTESIAN_POINT('Control Point',(4137.876,1875.76652707,782.97911751));
#211056=CARTESIAN_POINT('Control Point',(4137.876,1876.67957055,783.188203283));
#211057=CARTESIAN_POINT('Control Point',(4138.04542242,1877.59262291,783.397291091));
#211058=CARTESIAN_POINT('Control Point',(4138.38445152,1878.46579511,783.597246248));
#211059=CARTESIAN_POINT('Control Point',(4139.37087095,1880.05297194,783.960706822));
#211060=CARTESIAN_POINT('Control Point',(4140.86515593,1881.20276103,784.224004732));
#211061=CARTESIAN_POINT('Control Point',(4141.71231767,1881.63831546,784.323744548));
#211062=CARTESIAN_POINT('Control Point',(4142.62097897,1881.914715,784.387037664));
#211063=CARTESIAN_POINT('Control Point',(4143.55050784,1882.02722264,784.412799396));
#211064=CARTESIAN_POINT('Control Point',(4137.876,1877.67770581,774.518988934));
#211065=CARTESIAN_POINT('Control Point',(4137.876,1878.5920565,774.723796685));
#211066=CARTESIAN_POINT('Control Point',(4138.04554265,1879.5064161,774.928606434));
#211067=CARTESIAN_POINT('Control Point',(4138.38481258,1880.38081003,775.124464057));
#211068=CARTESIAN_POINT('Control Point',(4139.37191021,1881.97008954,775.480450175));
#211069=CARTESIAN_POINT('Control Point',(4140.86711843,1883.12107233,775.738259978));
#211070=CARTESIAN_POINT('Control Point',(4141.71476656,1883.55693872,775.835889579));
#211071=CARTESIAN_POINT('Control Point',(4142.62388847,1883.83333648,775.897799058));
#211072=CARTESIAN_POINT('Control Point',(4143.55380633,1883.94553903,775.92292976));
#211073=CARTESIAN_POINT('Control Point',(4137.876,1879.53841899,766.047676765));
#211074=CARTESIAN_POINT('Control Point',(4137.876,1880.45405461,766.248190161));
#211075=CARTESIAN_POINT('Control Point',(4138.04566342,1881.36969918,766.448705516));
#211076=CARTESIAN_POINT('Control Point',(4138.38517528,1882.2452933,766.640450291));
#211077=CARTESIAN_POINT('Control Point',(4139.37295412,1883.8366354,766.988935394));
#211078=CARTESIAN_POINT('Control Point',(4140.86908953,1884.98878027,767.241241419));
#211079=CARTESIAN_POINT('Control Point',(4141.71722605,1885.42494554,767.336756393));
#211080=CARTESIAN_POINT('Control Point',(4142.62681035,1885.70133169,767.397281604));
#211081=CARTESIAN_POINT('Control Point',(4143.55711852,1885.81322282,767.421784334));
#211082=CARTESIAN_POINT('Control Point',(4137.876,1879.86339303,764.560720569));
#211083=CARTESIAN_POINT('Control Point',(4137.876,1880.77925461,764.760473687));
#211084=CARTESIAN_POINT('Control Point',(4138.04568457,1881.69512514,764.960228757));
#211085=CARTESIAN_POINT('Control Point',(4138.38523881,1882.57093034,765.151245411));
#211086=CARTESIAN_POINT('Control Point',(4139.37313698,1884.16263526,765.498402658));
#211087=CARTESIAN_POINT('Control Point',(4140.86943478,1885.31498475,765.749734642));
#211088=CARTESIAN_POINT('Control Point',(4141.71765684,1885.75120276,765.844875483));
#211089=CARTESIAN_POINT('Control Point',(4142.62732213,1886.0275871,765.905155934));
#211090=CARTESIAN_POINT('Control Point',(4143.55769865,1886.13942375,765.929547853));
#211091=CARTESIAN_POINT('Control Point',(4137.876,1880.18620468,763.076161602));
#211092=CARTESIAN_POINT('Control Point',(4137.876,1881.10229056,763.275158197));
#211093=CARTESIAN_POINT('Control Point',(4138.04570573,1882.0183854,763.474156737));
#211094=CARTESIAN_POINT('Control Point',(4138.38530235,1882.89440008,763.66444887));
#211095=CARTESIAN_POINT('Control Point',(4139.37331986,1884.48646491,764.010284847));
#211096=CARTESIAN_POINT('Control Point',(4140.86978009,1885.63901687,764.260647675));
#211097=CARTESIAN_POINT('Control Point',(4141.7180877,1886.07528679,764.355416284));
#211098=CARTESIAN_POINT('Control Point',(4142.62783398,1886.35166877,764.41545325));
#211099=CARTESIAN_POINT('Control Point',(4143.55827885,1886.46345068,764.439734984));
#211100=CARTESIAN_POINT('Control Point',(4137.876,1880.50754527,761.590944631));
#211101=CARTESIAN_POINT('Control Point',(4137.876,1881.42385266,761.789195479));
#211102=CARTESIAN_POINT('Control Point',(4138.04572701,1882.34016901,761.987448266));
#211103=CARTESIAN_POINT('Control Point',(4138.38536627,1883.21639048,762.177026186));
#211104=CARTESIAN_POINT('Control Point',(4139.37350383,1884.80881017,762.521559644));
#211105=CARTESIAN_POINT('Control Point',(4140.87012744,1885.96156057,762.770966936));
#211106=CARTESIAN_POINT('Control Point',(4141.71852111,1886.39788072,762.865368486));
#211107=CARTESIAN_POINT('Control Point',(4142.62834885,1886.67425904,762.925165272));
#211108=CARTESIAN_POINT('Control Point',(4143.55886247,1886.78598533,762.949338199));
#211109=B_SPLINE_CURVE_WITH_KNOTS('',5,(#211110,#211111,#211112,#211113,#211114,#211115),.UNSPECIFIED.,.F.,.U.,(6,6),(0.,15.6781916087),.UNSPECIFIED.);
#211110=CARTESIAN_POINT('Control Point',(4137.876,1880.4990426,761.630241355));
#211111=CARTESIAN_POINT('Control Point',(4137.876,1882.33463231,762.01535198));
#211112=CARTESIAN_POINT('Control Point',(4138.55538841,1884.17020482,762.400459522));
#211113=CARTESIAN_POINT('Control Point',(4139.91335297,1885.67550229,762.716289953));
#211114=CARTESIAN_POINT('Control Point',(4141.69423209,1886.56096748,762.902103776));
#211115=CARTESIAN_POINT('Control Point',(4143.55596923,1886.78562805,762.949305594));
#211116=CARTESIAN_POINT('Vertex',(4143.55596864,1886.78563275,762.949306577));
#211117=VERTEX_POINT('',#211116);
#211118=EDGE_CURVE('',#210103,#211117,#211109,.T.);
#211119=B_SPLINE_CURVE_WITH_KNOTS('',5,(#211120,#211121,#211122,#211123,#211124,#211125,#211126,#211127,#211128,#211129,#211130,#211131),.UNSPECIFIED.,.F.,.U.,(6,3,3,6),(1783.1902561,1941.00951048,2053.15883088,2063.99417839),.UNSPECIFIED.);
#211120=CARTESIAN_POINT('Control Point',(4143.48584698,1834.35322583,954.502326371));
#211121=CARTESIAN_POINT('Control Point',(4143.49376258,1841.39885358,933.307259029));
#211122=CARTESIAN_POINT('Control Point',(4143.5017528,1848.12566712,912.005889903));
#211123=CARTESIAN_POINT('Control Point',(4143.50982316,1854.53116566,890.604459426));
#211124=CARTESIAN_POINT('Control Point',(4143.52377336,1864.93435176,853.834257151));
#211125=CARTESIAN_POINT('Control Point',(4143.53797786,1874.38104119,816.807693146));
#211126=CARTESIAN_POINT('Control Point',(4143.54392457,1878.13995725,801.381262881));
#211127=CARTESIAN_POINT('Control Point',(4143.55049414,1882.07785523,784.424075185));
#211128=CARTESIAN_POINT('Control Point',(4143.55711852,1885.81322282,767.421784334));
#211129=CARTESIAN_POINT('Control Point',(4143.55769865,1886.13942375,765.929547853));
#211130=CARTESIAN_POINT('Control Point',(4143.55827885,1886.46345068,764.439734984));
#211131=CARTESIAN_POINT('Control Point',(4143.55886247,1886.78598533,762.949338199));
#211132=CARTESIAN_POINT('Vertex',(4143.48584691,1834.35322628,954.502326507));
#211133=VERTEX_POINT('',#211132);
#211134=EDGE_CURVE('',#211133,#211117,#211119,.T.);
#211135=B_SPLINE_CURVE_WITH_KNOTS('',5,(#211136,#211137,#211138,#211139,#211140,#211141),.UNSPECIFIED.,.F.,.U.,(6,6),(0.,15.8415113002),.UNSPECIFIED.);
#211136=CARTESIAN_POINT('Control Point',(4143.48584698,1834.35322584,954.502326331));
#211137=CARTESIAN_POINT('Control Point',(4141.64216247,1834.11793178,954.424562971));
#211138=CARTESIAN_POINT('Control Point',(4139.8861835,1833.25484017,954.13931613));
#211139=CARTESIAN_POINT('Control Point',(4138.54299087,1831.79654152,953.657357321));
#211140=CARTESIAN_POINT('Control Point',(4137.876,1830.02919138,953.073263897));
#211141=CARTESIAN_POINT('Control Point',(4137.876,1828.26288887,952.489519993));
#211142=EDGE_CURVE('',#211133,#210122,#211135,.T.);
#211143=EDGE_LOOP('',(#211144,#211145,#211146,#211147));
#211144=ORIENTED_EDGE('',*,*,#210123,.T.);
#211145=ORIENTED_EDGE('',*,*,#211118,.T.);
#211146=ORIENTED_EDGE('',*,*,#211134,.F.);
#211147=ORIENTED_EDGE('',*,*,#211142,.T.);
#211148=FACE_OUTER_BOUND('',#211143,.T.);
#211149=ADVANCED_FACE('PartBody',(#211148),#210946,.T.);
#211150=B_SPLINE_SURFACE_WITH_KNOTS('',5,5,((#211151,#211152,#211153,#211154,#211155,#211156,#211157,#211158,#211159),(#211160,#211161,#211162,#211163,#211164,#211165,#211166,#211167,#211168),(#211169,#211170,#211171,#211172,#211173,#211174,#211175,#211176,#211177),(#211178,#211179,#211180,#211181,#211182,#211183,#211184,#211185,#211186),(#211187,#211188,#211189,#211190,#211191,#211192,#211193,#211194,#211195),(#211196,#211197,#211198,#211199,#211200,#211201,#211202,#211203,#211204),(#211205,#211206,#211207,#211208,#211209,#211210,#211211,#211212,#211213),(#211214,#211215,#211216,#211217,#211218,#211219,#211220,#211221,#211222),(#211223,#211224,#211225,#211226,#211227,#211228,#211229,#211230,#211231),(#211232,#211233,#211234,#211235,#211236,#211237,#211238,#211239,#211240),(#211241,#211242,#211243,#211244,#211245,#211246,#211247,#211248,#211249),(#211250,#211251,#211252,#211253,#211254,#211255,#211256,#211257,#211258),(#211259,#211260,#211261,#211262,#211263,#211264,#211265,#211266,#211267),(#211268,#211269,#211270,#211271,#211272,#211273,#211274,#211275,#211276),(#211277,#211278,#211279,#211280,#211281,#211282,#211283,#211284,#211285),(#211286,#211287,#211288,#211289,#211290,#211291,#211292,#211293,#211294),(#211295,#211296,#211297,#211298,#211299,#211300,#211301,#211302,#211303),(#211304,#211305,#211306,#211307,#211308,#211309,#211310,#211311,#211312),(#211313,#211314,#211315,#211316,#211317,#211318,#211319,#211320,#211321),(#211322,#211323,#211324,#211325,#211326,#211327,#211328,#211329,#211330),(#211331,#211332,#211333,#211334,#211335,#211336,#211337,#211338,#211339)),.UNSPECIFIED.,.F.,.F.,.U.,(6,3,3,3,3,3,6),(6,3,6),(2238.66682326,2241.81296952,2257.48991678,2276.3130103,2313.95919735,2389.25157143,2549.63154297),(0.,4.524,9.048),.UNSPECIFIED.);
#211151=CARTESIAN_POINT('Control Point',(4137.876,1880.4909022,761.670307905));
#211152=CARTESIAN_POINT('Control Point',(4137.876,1881.40935232,761.856923753));
#211153=CARTESIAN_POINT('Control Point',(4138.04562149,1882.3278114,762.043541424));
#211154=CARTESIAN_POINT('Control Point',(4138.38504936,1883.20610689,762.221998429));
#211155=CARTESIAN_POINT('Control Point',(4139.37259172,1884.8023999,762.5463422));
#211156=CARTESIAN_POINT('Control Point',(4140.86840525,1885.95824464,762.78119322));
#211157=CARTESIAN_POINT('Control Point',(4141.71637221,1886.39585969,762.8701103));
#211158=CARTESIAN_POINT('Control Point',(4142.62579599,1886.67323453,762.926468877));
#211159=CARTESIAN_POINT('Control Point',(4143.55596864,1886.78563275,762.949306578));
#211160=CARTESIAN_POINT('Control Point',(4137.876,1880.57752118,761.243999487));
#211161=CARTESIAN_POINT('Control Point',(4137.876,1881.49603209,761.430401722));
#211162=CARTESIAN_POINT('Control Point',(4138.04562766,1882.41455198,761.616805777));
#211163=CARTESIAN_POINT('Control Point',(4138.38506789,1883.29290414,761.795058211));
#211164=CARTESIAN_POINT('Control Point',(4139.37264504,1884.88929408,762.11902894));
#211165=CARTESIAN_POINT('Control Point',(4140.86850591,1886.04519202,762.353606398));
#211166=CARTESIAN_POINT('Control Point',(4141.71649782,1886.48281998,762.442418436));
#211167=CARTESIAN_POINT('Control Point',(4142.62594522,1886.76019272,762.498708342));
#211168=CARTESIAN_POINT('Control Point',(4143.55613781,1886.87257437,762.521515024));
#211169=CARTESIAN_POINT('Control Point',(4137.876,1880.66422706,760.816605641));
#211170=CARTESIAN_POINT('Control Point',(4137.876,1881.58279939,761.002790769));
#211171=CARTESIAN_POINT('Control Point',(4138.04563382,1882.50138069,761.188977715));
#211172=CARTESIAN_POINT('Control Point',(4138.38508638,1883.37979012,761.367022237));
#211173=CARTESIAN_POINT('Control Point',(4139.37269827,1884.97627806,761.690613858));
#211174=CARTESIAN_POINT('Control Point',(4140.86860644,1886.13223002,761.924913377));
#211175=CARTESIAN_POINT('Control Point',(4141.71662326,1886.56987121,762.013618722));
#211176=CARTESIAN_POINT('Control Point',(4142.62609423,1886.84724205,762.069838919));
#211177=CARTESIAN_POINT('Control Point',(4143.55630673,1886.95960724,762.092614174));
#211178=CARTESIAN_POINT('Control Point',(4137.876,1880.75143628,760.386063705));
#211179=CARTESIAN_POINT('Control Point',(4137.876,1881.67007057,760.572029209));
#211180=CARTESIAN_POINT('Control Point',(4138.04564002,1882.58871383,760.757996531));
#211181=CARTESIAN_POINT('Control Point',(4138.385105,1883.46718105,760.935830735));
#211182=CARTESIAN_POINT('Control Point',(4139.37275185,1885.0637679,761.259038871));
#211183=CARTESIAN_POINT('Control Point',(4140.86870759,1886.21977441,761.49305727));
#211184=CARTESIAN_POINT('Control Point',(4141.71674947,1886.657429,761.581654713));
#211185=CARTESIAN_POINT('Control Point',(4142.62624418,1886.93479796,761.637804427));
#211186=CARTESIAN_POINT('Control Point',(4143.55647672,1887.04714661,761.660547933));
#211187=CARTESIAN_POINT('Control Point',(4137.876,1881.27773086,757.783817066));
#211188=CARTESIAN_POINT('Control Point',(4137.876,1882.19673829,757.968460577));
#211189=CARTESIAN_POINT('Control Point',(4138.04567753,1883.11575469,758.153105894));
#211190=CARTESIAN_POINT('Control Point',(4138.38521766,1883.99456983,758.329674111));
#211191=CARTESIAN_POINT('Control Point',(4139.37307612,1885.591752,758.650573876));
#211192=CARTESIAN_POINT('Control Point',(4140.86931989,1886.74808628,758.882900033));
#211193=CARTESIAN_POINT('Control Point',(4141.71751348,1887.18582097,758.970847922));
#211194=CARTESIAN_POINT('Control Point',(4142.62715182,1887.46317804,759.026573311));
#211195=CARTESIAN_POINT('Control Point',(4143.5575056,1887.57542627,759.049125626));
#211196=CARTESIAN_POINT('Control Point',(4137.876,1881.79927343,755.180598388));
#211197=CARTESIAN_POINT('Control Point',(4137.876,1882.71865192,755.363918141));
#211198=CARTESIAN_POINT('Control Point',(4138.0457151,1883.6380394,755.547239688));
#211199=CARTESIAN_POINT('Control Point',(4138.38533048,1884.51720045,755.722540259));
#211200=CARTESIAN_POINT('Control Point',(4139.37340083,1886.11497422,756.041128763));
#211201=CARTESIAN_POINT('Control Point',(4140.86993296,1887.27163332,756.271760931));
#211202=CARTESIAN_POINT('Control Point',(4141.71827845,1887.70944691,756.359058751));
#211203=CARTESIAN_POINT('Control Point',(4142.62806059,1887.98679118,756.414359699));
#211204=CARTESIAN_POINT('Control Point',(4143.55853574,1888.09893841,756.436721098));
#211205=CARTESIAN_POINT('Control Point',(4137.876,1882.23034755,753.011802094));
#211206=CARTESIAN_POINT('Control Point',(4137.876,1883.15003364,753.194018167));
#211207=CARTESIAN_POINT('Control Point',(4138.04574642,1884.06972872,753.376236024));
#211208=CARTESIAN_POINT('Control Point',(4138.38542454,1884.94917647,753.550479722));
#211209=CARTESIAN_POINT('Control Point',(4139.37367156,1886.54744036,753.867141351));
#211210=CARTESIAN_POINT('Control Point',(4140.87044413,1887.70436794,754.096361514));
#211211=CARTESIAN_POINT('Control Point',(4141.71891625,1888.1422464,754.183117585));
#211212=CARTESIAN_POINT('Control Point',(4142.62881827,1888.41957938,754.238064968));
#211213=CARTESIAN_POINT('Control Point',(4143.55939458,1888.53164208,754.260267558));
#211214=CARTESIAN_POINT('Control Point',(4137.876,1883.1717498,748.23743438));
#211215=CARTESIAN_POINT('Control Point',(4137.876,1884.0921096,748.417219076));
#211216=CARTESIAN_POINT('Control Point',(4138.04581542,1885.01247841,748.597005535));
#211217=CARTESIAN_POINT('Control Point',(4138.38563179,1885.89255401,748.768921016));
#211218=CARTESIAN_POINT('Control Point',(4139.37426804,1887.49189073,749.081338083));
#211219=CARTESIAN_POINT('Control Point',(4140.87157029,1888.64940462,749.307448416));
#211220=CARTESIAN_POINT('Control Point',(4141.72032139,1889.08742396,749.393011567));
#211221=CARTESIAN_POINT('Control Point',(4142.63048748,1889.36473067,749.447180743));
#211222=CARTESIAN_POINT('Control Point',(4143.56128662,1889.47660647,749.469034286));
#211223=CARTESIAN_POINT('Control Point',(4137.876,1884.097173,743.459692434));
#211224=CARTESIAN_POINT('Control Point',(4137.876,1885.01819943,743.637040297));
#211225=CARTESIAN_POINT('Control Point',(4138.04588461,1885.9392349,743.814389901));
#211226=CARTESIAN_POINT('Control Point',(4138.38583957,1886.8199315,743.983972049));
#211227=CARTESIAN_POINT('Control Point',(4139.37486603,1888.42032832,744.292135672));
#211228=CARTESIAN_POINT('Control Point',(4140.87269925,1889.57841848,744.515130916));
#211229=CARTESIAN_POINT('Control Point',(4141.72172998,1890.01657455,744.599499652));
#211230=CARTESIAN_POINT('Control Point',(4142.63216071,1890.29385189,744.652890388));
#211231=CARTESIAN_POINT('Control Point',(4143.5631831,1890.4055388,744.674395878));
#211232=CARTESIAN_POINT('Control Point',(4137.876,1884.59732048,740.851965483));
#211233=CARTESIAN_POINT('Control Point',(4137.876,1885.51870851,741.027982231));
#211234=CARTESIAN_POINT('Control Point',(4138.04592241,1886.44010558,741.204000707));
#211235=CARTESIAN_POINT('Control Point',(4138.38595309,1887.32113895,741.372308307));
#211236=CARTESIAN_POINT('Control Point',(4139.37519275,1888.92211034,741.678148687));
#211237=CARTESIAN_POINT('Control Point',(4140.87331605,1890.0805119,741.899442829));
#211238=CARTESIAN_POINT('Control Point',(4141.72249954,1890.51874134,741.983159472));
#211239=CARTESIAN_POINT('Control Point',(4142.63307483,1890.79600172,742.036125436));
#211240=CARTESIAN_POINT('Control Point',(4143.56421917,1890.90758497,742.057441332));
#211241=CARTESIAN_POINT('Control Point',(4137.876,1886.08346755,733.025773883));
#211242=CARTESIAN_POINT('Control Point',(4137.876,1887.00593398,733.197792554));
#211243=CARTESIAN_POINT('Control Point',(4138.04603597,1887.92840948,733.369812917));
#211244=CARTESIAN_POINT('Control Point',(4138.38629415,1888.81044698,733.534292444));
#211245=CARTESIAN_POINT('Control Point',(4139.37617431,1890.41313061,733.833155411));
#211246=CARTESIAN_POINT('Control Point',(4140.87516901,1891.57245734,734.049341746));
#211247=CARTESIAN_POINT('Control Point',(4141.72481138,1892.01090313,734.131100851));
#211248=CARTESIAN_POINT('Control Point',(4142.6358209,1892.28810983,734.182792345));
#211249=CARTESIAN_POINT('Control Point',(4143.56733144,1892.39938035,734.203540376));
#211250=CARTESIAN_POINT('Control Point',(4137.876,1887.52667104,725.190656328));
#211251=CARTESIAN_POINT('Control Point',(4137.876,1888.45019665,725.358662701));
#211252=CARTESIAN_POINT('Control Point',(4138.04615002,1889.37373135,725.526670731));
#211253=CARTESIAN_POINT('Control Point',(4138.38663667,1890.2567544,725.687308859));
#211254=CARTESIAN_POINT('Control Point',(4139.37716004,1891.8611157,725.979171332));
#211255=CARTESIAN_POINT('Control Point',(4140.87702969,1893.02134039,726.190236326));
#211256=CARTESIAN_POINT('Control Point',(4141.72713274,1893.45999129,726.270034125));
#211257=CARTESIAN_POINT('Control Point',(4142.63857807,1893.7371359,726.320450695));
#211258=CARTESIAN_POINT('Control Point',(4143.57045601,1893.84808831,726.340633633));
#211259=CARTESIAN_POINT('Control Point',(4137.876,1888.46966954,719.963372013));
#211260=CARTESIAN_POINT('Control Point',(4137.876,1889.39389266,720.128697173));
#211261=CARTESIAN_POINT('Control Point',(4138.04622627,1890.3181249,720.294023965));
#211262=CARTESIAN_POINT('Control Point',(4138.38686567,1891.20179668,720.452095213));
#211263=CARTESIAN_POINT('Control Point',(4139.37781908,1892.80726096,720.73928039));
#211264=CARTESIAN_POINT('Control Point',(4140.87827361,1893.96807212,720.946925127));
#211265=CARTESIAN_POINT('Control Point',(4141.72868458,1894.40685475,721.025413714));
#211266=CARTESIAN_POINT('Control Point',(4142.64042116,1894.6839542,721.074980141));
#211267=CARTESIAN_POINT('Control Point',(4143.57254458,1894.79469215,721.094787598));
#211268=CARTESIAN_POINT('Control Point',(4137.876,1891.24104073,704.270502474));
#211269=CARTESIAN_POINT('Control Point',(4137.876,1892.16733052,704.42776411));
#211270=CARTESIAN_POINT('Control Point',(4138.04645568,1893.0936295,704.585027306));
#211271=CARTESIAN_POINT('Control Point',(4138.38755465,1893.97922246,704.735379271));
#211272=CARTESIAN_POINT('Control Point',(4139.37980176,1895.58794922,705.008500231));
#211273=CARTESIAN_POINT('Control Point',(4140.88201564,1896.75048324,705.205865124));
#211274=CARTESIAN_POINT('Control Point',(4141.73335279,1897.189646,705.2804207));
#211275=CARTESIAN_POINT('Control Point',(4142.64596525,1897.46659875,705.327435928));
#211276=CARTESIAN_POINT('Control Point',(4143.57882666,1897.57668621,705.346120658));
#211277=CARTESIAN_POINT('Control Point',(4137.876,1893.83887071,688.546500857));
#211278=CARTESIAN_POINT('Control Point',(4137.876,1894.76714932,688.695636686));
#211279=CARTESIAN_POINT('Control Point',(4138.04668702,1895.69543717,688.844773999));
#211280=CARTESIAN_POINT('Control Point',(4138.38824943,1896.58287611,688.987348252));
#211281=CARTESIAN_POINT('Control Point',(4139.381801,1898.19472556,689.246303514));
#211282=CARTESIAN_POINT('Control Point',(4140.8857882,1899.3588727,689.43332825));
#211283=CARTESIAN_POINT('Control Point',(4141.7380586,1899.79837045,689.503933592));
#211284=CARTESIAN_POINT('Control Point',(4142.65155322,1900.07514285,689.548394711));
#211285=CARTESIAN_POINT('Control Point',(4143.58515726,1900.18455863,689.56596776));
#211286=CARTESIAN_POINT('Control Point',(4137.876,1895.49301525,678.051821874));
#211287=CARTESIAN_POINT('Control Point',(4137.876,1896.42258554,678.195498557));
#211288=CARTESIAN_POINT('Control Point',(4138.04684197,1897.3521651,678.339176673));
#211289=CARTESIAN_POINT('Control Point',(4138.38871479,1898.2408017,678.476526205));
#211290=CARTESIAN_POINT('Control Point',(4139.38314004,1899.85467173,678.725967922));
#211291=CARTESIAN_POINT('Control Point',(4140.88831463,1901.01984662,678.906054838));
#211292=CARTESIAN_POINT('Control Point',(4141.74120981,1901.45954825,678.974012494));
#211293=CARTESIAN_POINT('Control Point',(4142.6552948,1901.73618612,679.016765591));
#211294=CARTESIAN_POINT('Control Point',(4143.58939558,1901.84514537,679.033601055));
#211295=CARTESIAN_POINT('Control Point',(4137.876,1900.42545432,645.169712074));
#211296=CARTESIAN_POINT('Control Point',(4137.876,1901.35895428,645.296273754));
#211297=CARTESIAN_POINT('Control Point',(4138.04733026,1902.29246363,645.422836708));
#211298=CARTESIAN_POINT('Control Point',(4138.39018127,1903.1847394,645.543807798));
#211299=CARTESIAN_POINT('Control Point',(4139.38735943,1904.80473006,645.763433189));
#211300=CARTESIAN_POINT('Control Point',(4140.89627448,1905.97296115,645.921795055));
#211301=CARTESIAN_POINT('Control Point',(4141.75113745,1906.41323452,645.981469671));
#211302=CARTESIAN_POINT('Control Point',(4142.66708119,1906.68940147,646.01889058));
#211303=CARTESIAN_POINT('Control Point',(4143.60274497,1906.79689996,646.033440206));
#211304=CARTESIAN_POINT('Control Point',(4137.876,1904.58817454,612.180039101));
#211305=CARTESIAN_POINT('Control Point',(4137.876,1905.52525499,612.289097825));
#211306=CARTESIAN_POINT('Control Point',(4138.04782619,1906.46234494,612.398157657));
#211307=CARTESIAN_POINT('Control Point',(4138.3916707,1907.35792306,612.502384684));
#211308=CARTESIAN_POINT('Control Point',(4139.39164419,1908.98341011,612.691551576));
#211309=CARTESIAN_POINT('Control Point',(4140.90435436,1910.15421254,612.827785764));
#211310=CARTESIAN_POINT('Control Point',(4141.7612127,1910.59486026,612.879051458));
#211311=CARTESIAN_POINT('Control Point',(4142.67903924,1910.87041184,612.911098239));
#211312=CARTESIAN_POINT('Control Point',(4143.61628346,1910.97636217,612.923402788));
#211313=CARTESIAN_POINT('Control Point',(4137.876,1907.06166014,589.677107761));
#211314=CARTESIAN_POINT('Control Point',(4137.876,1908.00101015,589.774404692));
#211315=CARTESIAN_POINT('Control Point',(4138.04817546,1908.94036975,589.871702617));
#211316=CARTESIAN_POINT('Control Point',(4138.39271969,1909.83803217,589.964679916));
#211317=CARTESIAN_POINT('Control Point',(4139.39466154,1911.46694966,590.133391565));
#211318=CARTESIAN_POINT('Control Point',(4140.91004253,1912.63923978,590.254789616));
#211319=CARTESIAN_POINT('Control Point',(4141.76830454,1913.08002703,590.300427623));
#211320=CARTESIAN_POINT('Control Point',(4142.68745451,1913.35506428,590.328892406));
#211321=CARTESIAN_POINT('Control Point',(4143.6258082,1913.45988831,590.339722714));
#211322=CARTESIAN_POINT('Control Point',(4137.876,1909.16692823,567.150901383));
#211323=CARTESIAN_POINT('Control Point',(4137.876,1910.10838258,567.235639076));
#211324=CARTESIAN_POINT('Control Point',(4138.04851488,1911.0498466,567.32037764));
#211325=CARTESIAN_POINT('Control Point',(4138.39373908,1911.94943733,567.40134618));
#211326=CARTESIAN_POINT('Control Point',(4139.39759347,1913.58151019,567.548237808));
#211327=CARTESIAN_POINT('Control Point',(4140.91556811,1914.75511268,567.653852635));
#211328=CARTESIAN_POINT('Control Point',(4141.77519265,1915.19598327,567.693521873));
#211329=CARTESIAN_POINT('Control Point',(4142.69562636,1915.47048528,567.718213378));
#211330=CARTESIAN_POINT('Control Point',(4143.6350549,1915.57419719,567.727529887));
#211331=CARTESIAN_POINT('Control Point',(4137.876,1910.90119627,544.595647326));
#211332=CARTESIAN_POINT('Control Point',(4137.876,1911.84455523,544.668182749));
#211333=CARTESIAN_POINT('Control Point',(4138.04886685,1912.78792394,544.740718922));
#211334=CARTESIAN_POINT('Control Point',(4138.39479619,1913.68924867,544.810022308));
#211335=CARTESIAN_POINT('Control Point',(4139.40063349,1915.32410993,544.935727749));
#211336=CARTESIAN_POINT('Control Point',(4140.92129566,1916.49872109,545.026044289));
#211337=CARTESIAN_POINT('Control Point',(4141.78233145,1916.93954397,545.059939419));
#211338=CARTESIAN_POINT('Control Point',(4142.70409372,1917.21340502,545.080996755));
#211339=CARTESIAN_POINT('Control Point',(4143.64463318,1917.3159278,545.088879791));
#211340=B_SPLINE_CURVE_WITH_KNOTS('',5,(#211341,#211342,#211343,#211344,#211345,#211346),.UNSPECIFIED.,.F.,.U.,(6,6),(0.,15.6710879575),.UNSPECIFIED.);
#211341=CARTESIAN_POINT('Control Point',(4137.876,1910.90119627,544.595647327));
#211342=CARTESIAN_POINT('Control Point',(4137.876,1912.78691778,544.752702225));
#211343=CARTESIAN_POINT('Control Point',(4138.56597141,1914.67378607,544.909847351));
#211344=CARTESIAN_POINT('Control Point',(4139.95613623,1916.21904282,545.038556829));
#211345=CARTESIAN_POINT('Control Point',(4141.76335747,1917.10776917,545.112595064));
#211346=CARTESIAN_POINT('Control Point',(4143.64444669,1917.31276833,545.129698493));
#211347=CARTESIAN_POINT('Vertex',(4143.64444669,1917.31276833,545.129698493));
#211348=VERTEX_POINT('',#211347);
#211349=EDGE_CURVE('',#210069,#211348,#211340,.T.);
#211350=B_SPLINE_CURVE_WITH_KNOTS('',5,(#211351,#211352,#211353,#211354,#211355,#211356,#211357,#211358,#211359,#211360,#211361,#211362,#211363,#211364,#211365,#211366,#211367,#211368),.UNSPECIFIED.,.F.,.U.,(6,3,3,3,3,6),(2238.66683691,2241.81296952,2389.25157143,2499.39659337,2547.16941763,2549.57370602),.UNSPECIFIED.);
#211351=CARTESIAN_POINT('Control Point',(4143.55596865,1886.78563464,762.949297294));
#211352=CARTESIAN_POINT('Control Point',(4143.55613781,1886.87257588,762.521507577));
#211353=CARTESIAN_POINT('Control Point',(4143.55630674,1886.95960838,762.092608548));
#211354=CARTESIAN_POINT('Control Point',(4143.55647672,1887.04714738,761.660544144));
#211355=CARTESIAN_POINT('Control Point',(4143.56470781,1891.27338423,740.769167579));
#211356=CARTESIAN_POINT('Control Point',(4143.57301871,1895.19450023,719.814928875));
#211357=CARTESIAN_POINT('Control Point',(4143.58125198,1898.74106328,699.227789305));
#211358=CARTESIAN_POINT('Control Point',(4143.59575834,1904.41151727,663.196517705));
#211359=CARTESIAN_POINT('Control Point',(4143.61052712,1909.1595458,627.033525017));
#211360=CARTESIAN_POINT('Control Point',(4143.61692844,1911.02004306,611.546160052));
#211361=CARTESIAN_POINT('Control Point',(4143.62615223,1913.44128007,589.312987779));
#211362=CARTESIAN_POINT('Control Point',(4143.63542703,1915.5054381,567.048332412));
#211363=CARTESIAN_POINT('Control Point',(4143.63823793,1916.09707616,560.310025876));
#211364=CARTESIAN_POINT('Control Point',(4143.64119933,1916.68384573,553.230320242));
#211365=CARTESIAN_POINT('Control Point',(4143.64418609,1917.23418108,546.147831622));
#211366=CARTESIAN_POINT('Control Point',(4143.64432915,1917.26046665,545.808458636));
#211367=CARTESIAN_POINT('Control Point',(4143.64447235,1917.28666816,545.469080404));
#211368=CARTESIAN_POINT('Control Point',(4143.64461591,1917.31278677,545.129700043));
#211369=EDGE_CURVE('',#211117,#211348,#211350,.T.);
#211370=EDGE_LOOP('',(#211371,#211372,#211373,#211374));
#211371=ORIENTED_EDGE('',*,*,#210104,.T.);
#211372=ORIENTED_EDGE('',*,*,#211349,.T.);
#211373=ORIENTED_EDGE('',*,*,#211369,.F.);
#211374=ORIENTED_EDGE('',*,*,#211118,.F.);
#211375=FACE_OUTER_BOUND('',#211370,.T.);
#211376=ADVANCED_FACE('PartBody',(#211375),#211150,.T.);
#211377=B_SPLINE_SURFACE_WITH_KNOTS('',5,5,((#211378,#211379,#211380,#211381,#211382,#211383,#211384,#211385,#211386),(#211387,#211388,#211389,#211390,#211391,#211392,#211393,#211394,#211395),(#211396,#211397,#211398,#211399,#211400,#211401,#211402,#211403,#211404),(#211405,#211406,#211407,#211408,#211409,#211410,#211411,#211412,#211413),(#211414,#211415,#211416,#211417,#211418,#211419,#211420,#211421,#211422),(#211423,#211424,#211425,#211426,#211427,#211428,#211429,#211430,#211431),(#211432,#211433,#211434,#211435,#211436,#211437,#211438,#211439,#211440),(#211441,#211442,#211443,#211444,#211445,#211446,#211447,#211448,#211449),(#211450,#211451,#211452,#211453,#211454,#211455,#211456,#211457,#211458),(#211459,#211460,#211461,#211462,#211463,#211464,#211465,#211466,#211467),(#211468,#211469,#211470,#211471,#211472,#211473,#211474,#211475,#211476),(#211477,#211478,#211479,#211480,#211481,#211482,#211483,#211484,#211485),(#211486,#211487,#211488,#211489,#211490,#211491,#211492,#211493,#211494),(#211495,#211496,#211497,#211498,#211499,#211500,#211501,#211502,#211503),(#211504,#211505,#211506,#211507,#211508,#211509,#211510,#211511,#211512),(#211513,#211514,#211515,#211516,#211517,#211518,#211519,#211520,#211521),(#211522,#211523,#211524,#211525,#211526,#211527,#211528,#211529,#211530),(#211531,#211532,#211533,#211534,#211535,#211536,#211537,#211538,#211539),(#211540,#211541,#211542,#211543,#211544,#211545,#211546,#211547,#211548),(#211549,#211550,#211551,#211552,#211553,#211554,#211555,#211556,#211557),(#211558,#211559,#211560,#211561,#211562,#211563,#211564,#211565,#211566),(#211567,#211568,#211569,#211570,#211571,#211572,#211573,#211574,#211575),(#211576,#211577,#211578,#211579,#211580,#211581,#211582,#211583,#211584),(#211585,#211586,#211587,#211588,#211589,#211590,#211591,#211592,#211593),(#211594,#211595,#211596,#211597,#211598,#211599,#211600,#211601,#211602),(#211603,#211604,#211605,#211606,#211607,#211608,#211609,#211610,#211611),(#211612,#211613,#211614,#211615,#211616,#211617,#211618,#211619,#211620),(#211621,#211622,#211623,#211624,#211625,#211626,#211627,#211628,#211629),(#211630,#211631,#211632,#211633,#211634,#211635,#211636,#211637,#211638),(#211639,#211640,#211641,#211642,#211643,#211644,#211645,#211646,#211647),(#211648,#211649,#211650,#211651,#211652,#211653,#211654,#211655,#211656),(#211657,#211658,#211659,#211660,#211661,#211662,#211663,#211664,#211665),(#211666,#211667,#211668,#211669,#211670,#211671,#211672,#211673,#211674),(#211675,#211676,#211677,#211678,#211679,#211680,#211681,#211682,#211683),(#211684,#211685,#211686,#211687,#211688,#211689,#211690,#211691,#211692),(#211693,#211694,#211695,#211696,#211697,#211698,#211699,#211700,#211701),(#211702,#211703,#211704,#211705,#211706,#211707,#211708,#211709,#211710),(#211711,#211712,#211713,#211714,#211715,#211716,#211717,#211718,#211719),(#211720,#211721,#211722,#211723,#211724,#211725,#211726,#211727,#211728),(#211729,#211730,#211731,#211732,#211733,#211734,#211735,#211736,#211737),(#211738,#211739,#211740,#211741,#211742,#211743,#211744,#211745,#211746),(#211747,#211748,#211749,#211750,#211751,#211752,#211753,#211754,#211755),(#211756,#211757,#211758,#211759,#211760,#211761,#211762,#211763,#211764),(#211765,#211766,#211767,#211768,#211769,#211770,#211771,#211772,#211773),(#211774,#211775,#211776,#211777,#211778,#211779,#211780,#211781,#211782),(#211783,#211784,#211785,#211786,#211787,#211788,#211789,#211790,#211791),(#211792,#211793,#211794,#211795,#211796,#211797,#211798,#211799,#211800),(#211801,#211802,#211803,#211804,#211805,#211806,#211807,#211808,#211809),(#211810,#211811,#211812,#211813,#211814,#211815,#211816,#211817,#211818),(#211819,#211820,#211821,#211822,#211823,#211824,#211825,#211826,#211827),(#211828,#211829,#211830,#211831,#211832,#211833,#211834,#211835,#211836),(#211837,#211838,#211839,#211840,#211841,#211842,#211843,#211844,#211845),(#211846,#211847,#211848,#211849,#211850,#211851,#211852,#211853,#211854),(#211855,#211856,#211857,#211858,#211859,#211860,#211861,#211862,#211863),(#211864,#211865,#211866,#211867,#211868,#211869,#211870,#211871,#211872),(#211873,#211874,#211875,#211876,#211877,#211878,#211879,#211880,#211881),(#211882,#211883,#211884,#211885,#211886,#211887,#211888,#211889,#211890),(#211891,#211892,#211893,#211894,#211895,#211896,#211897,#211898,#211899),(#211900,#211901,#211902,#211903,#211904,#211905,#211906,#211907,#211908),(#211909,#211910,#211911,#211912,#211913,#211914,#211915,#211916,#211917),(#211918,#211919,#211920,#211921,#211922,#211923,#211924,#211925,#211926),(#211927,#211928,#211929,#211930,#211931,#211932,#211933,#211934,#211935),(#211936,#211937,#211938,#211939,#211940,#211941,#211942,#211943,#211944),(#211945,#211946,#211947,#211948,#211949,#211950,#211951,#211952,#211953),(#211954,#211955,#211956,#211957,#211958,#211959,#211960,#211961,#211962),(#211963,#211964,#211965,#211966,#211967,#211968,#211969,#211970,#211971),(#211972,#211973,#211974,#211975,#211976,#211977,#211978,#211979,#211980),(#211981,#211982,#211983,#211984,#211985,#211986,#211987,#211988,#211989),(#211990,#211991,#211992,#211993,#211994,#211995,#211996,#211997,#211998),(#211999,#212000,#212001,#212002,#212003,#212004,#212005,#212006,#212007),(#212008,#212009,#212010,#212011,#212012,#212013,#212014,#212015,#212016),(#212017,#212018,#212019,#212020,#212021,#212022,#212023,#212024,#212025),(#212026,#212027,#212028,#212029,#212030,#212031,#212032,#212033,#212034),(#212035,#212036,#212037,#212038,#212039,#212040,#212041,#212042,#212043),(#212044,#212045,#212046,#212047,#212048,#212049,#212050,#212051,#212052),(#212053,#212054,#212055,#212056,#212057,#212058,#212059,#212060,#212061),(#212062,#212063,#212064,#212065,#212066,#212067,#212068,#212069,#212070),(#212071,#212072,#212073,#212074,#212075,#212076,#212077,#212078,#212079),(#212080,#212081,#212082,#212083,#212084,#212085,#212086,#212087,#212088),(#212089,#212090,#212091,#212092,#212093,#212094,#212095,#212096,#212097),(#212098,#212099,#212100,#212101,#212102,#212103,#212104,#212105,#212106),(#212107,#212108,#212109,#212110,#212111,#212112,#212113,#212114,#212115),(#212116,#212117,#212118,#212119,#212120,#212121,#212122,#212123,#212124),(#212125,#212126,#212127,#212128,#212129,#212130,#212131,#212132,#212133),(#212134,#212135,#212136,#212137,#212138,#212139,#212140,#212141,#212142),(#212143,#212144,#212145,#212146,#212147,#212148,#212149,#212150,#212151),(#212152,#212153,#212154,#212155,#212156,#212157,#212158,#212159,#212160),(#212161,#212162,#212163,#212164,#212165,#212166,#212167,#212168,#212169),(#212170,#212171,#212172,#212173,#212174,#212175,#212176,#212177,#212178),(#212179,#212180,#212181,#212182,#212183,#212184,#212185,#212186,#212187),(#212188,#212189,#212190,#212191,#212192,#212193,#212194,#212195,#212196),(#212197,#212198,#212199,#212200,#212201,#212202,#212203,#212204,#212205),(#212206,#212207,#212208,#212209,#212210,#212211,#212212,#212213,#212214),(#212215,#212216,#212217,#212218,#212219,#212220,#212221,#212222,#212223),(#212224,#212225,#212226,#212227,#212228,#212229,#212230,#212231,#212232),(#212233,#212234,#212235,#212236,#212237,#212238,#212239,#212240,#212241),(#212242,#212243,#212244,#212245,#212246,#212247,#212248,#212249,#212250),(#212251,#212252,#212253,#212254,#212255,#212256,#212257,#212258,#212259),(#212260,#212261,#212262,#212263,#212264,#212265,#212266,#212267,#212268),(#212269,#212270,#212271,#212272,#212273,#212274,#212275,#212276,#212277),(#212278,#212279,#212280,#212281,#212282,#212283,#212284,#212285,#212286),(#212287,#212288,#212289,#212290,#212291,#212292,#212293,#212294,#212295),(#212296,#212297,#212298,#212299,#212300,#212301,#212302,#212303,#212304),(#212305,#212306,#212307,#212308,#212309,#212310,#212311,#212312,#212313),(#212314,#212315,#212316,#212317,#212318,#212319,#212320,#212321,#212322),(#212323,#212324,#212325,#212326,#212327,#212328,#212329,#212330,#212331),(#212332,#212333,#212334,#212335,#212336,#212337,#212338,#212339,#212340),(#212341,#212342,#212343,#212344,#212345,#212346,#212347,#212348,#212349)),.UNSPECIFIED.,.F.,.F.,.U.,(6,3,3,3,3,3,3,3,3,3,3,3,3,3,3,3,3,3,3,3,3,3,3,3,3,3,3,3,3,3,3,3,3,3,3,6),(6,3,6),(1506.87371044,1511.56910073,1530.45237342,1554.03103641,1601.18836237,1648.34568833,1671.92435131,1683.7136828,1689.60834855,1695.50301429,1700.08057228,1706.10546696,1712.13036165,1719.7241998,1730.78396662,1735.49413901,1754.15346411,1760.37327422,1785.27211977,1810.17096531,1824.81931743,1839.36333045,1848.78372622,1855.09305929,1861.40239236,1864.66614807,1871.02586721,1877.26243394,1879.6447127,1887.23688097,1893.76623973,1912.7426454,1924.12849682,1988.20259836,2052.27669989,2193.47613823),(0.,4.524,9.04800000001),.UNSPECIFIED.);
#211378=CARTESIAN_POINT('Control Point',(4137.876,1910.90119627,544.595647328));
#211379=CARTESIAN_POINT('Control Point',(4137.876,1911.84372948,544.680155382));
#211380=CARTESIAN_POINT('Control Point',(4138.0489292,1912.78627244,544.76466431));
#211381=CARTESIAN_POINT('Control Point',(4138.39498343,1913.68679304,544.845405489));
#211382=CARTESIAN_POINT('Control Point',(4139.40117195,1915.32013259,544.991851625));
#211383=CARTESIAN_POINT('Control Point',(4140.92231013,1916.49347439,545.097054106));
#211384=CARTESIAN_POINT('Control Point',(4141.78359587,1916.93374547,545.136529057));
#211385=CARTESIAN_POINT('Control Point',(4142.70559344,1917.20715553,545.161043155));
#211386=CARTESIAN_POINT('Control Point',(4143.64632962,1917.3093415,545.170205207));
#211387=CARTESIAN_POINT('Control Point',(4137.876,1910.96052333,543.933919929));
#211388=CARTESIAN_POINT('Control Point',(4137.876,1911.90311671,544.018070704));
#211389=CARTESIAN_POINT('Control Point',(4138.04893944,1912.84571985,544.10222235));
#211390=CARTESIAN_POINT('Control Point',(4138.39501418,1913.74629544,544.182621952));
#211391=CARTESIAN_POINT('Control Point',(4139.4012604,1915.37972437,544.328447616));
#211392=CARTESIAN_POINT('Control Point',(4140.92247676,1916.55310147,544.433201776));
#211393=CARTESIAN_POINT('Control Point',(4141.78380355,1916.99337339,544.472507392));
#211394=CARTESIAN_POINT('Control Point',(4142.70583976,1917.2667662,544.49691474));
#211395=CARTESIAN_POINT('Control Point',(4143.64660825,1917.36891813,544.506034418));
#211396=CARTESIAN_POINT('Control Point',(4137.876,1911.01959889,543.271455312));
#211397=CARTESIAN_POINT('Control Point',(4137.876,1911.96225295,543.355240428));
#211398=CARTESIAN_POINT('Control Point',(4138.04894965,1912.90491676,543.43902641));
#211399=CARTESIAN_POINT('Control Point',(4138.39504486,1913.80554783,543.519076432));
#211400=CARTESIAN_POINT('Control Point',(4139.4013486,1915.43906705,543.664267117));
#211401=CARTESIAN_POINT('Control Point',(4140.92264293,1916.61248017,543.768562569));
#211402=CARTESIAN_POINT('Control Point',(4141.78401066,1917.05275325,543.807694969));
#211403=CARTESIAN_POINT('Control Point',(4142.7060854,1917.32612905,543.831993177));
#211404=CARTESIAN_POINT('Control Point',(4143.64688611,1917.42824708,543.841069622));
#211405=CARTESIAN_POINT('Control Point',(4137.876,1911.07832768,542.609239114));
#211406=CARTESIAN_POINT('Control Point',(4137.876,1912.0210424,542.692656231));
#211407=CARTESIAN_POINT('Control Point',(4138.04895985,1912.96376688,542.776074211));
#211408=CARTESIAN_POINT('Control Point',(4138.39507549,1913.86445343,542.855772419));
#211409=CARTESIAN_POINT('Control Point',(4139.40143669,1915.49806294,543.000324089));
#211410=CARTESIAN_POINT('Control Point',(4140.92280888,1916.67151211,543.104157967));
#211411=CARTESIAN_POINT('Control Point',(4141.7842175,1917.11178638,543.143116089));
#211412=CARTESIAN_POINT('Control Point',(4142.70633072,1917.38514521,543.167304516));
#211413=CARTESIAN_POINT('Control Point',(4143.64716359,1917.48722939,543.17633752));
#211414=CARTESIAN_POINT('Control Point',(4137.876,1911.37049915,539.296416737));
#211415=CARTESIAN_POINT('Control Point',(4137.876,1912.31351465,539.37801754));
#211416=CARTESIAN_POINT('Control Point',(4138.04901102,1913.25653992,539.459619188));
#211417=CARTESIAN_POINT('Control Point',(4138.39522918,1914.15750138,539.537580963));
#211418=CARTESIAN_POINT('Control Point',(4139.40187867,1915.79155767,539.678978639));
#211419=CARTESIAN_POINT('Control Point',(4140.92364154,1916.96518323,539.780534245));
#211420=CARTESIAN_POINT('Control Point',(4141.78525528,1917.40546172,539.818632122));
#211421=CARTESIAN_POINT('Control Point',(4142.70756158,1917.67873432,539.842278626));
#211422=CARTESIAN_POINT('Control Point',(4143.64855585,1917.78064825,539.851097118));
#211423=CARTESIAN_POINT('Control Point',(4137.876,1911.65463367,535.98291361));
#211424=CARTESIAN_POINT('Control Point',(4137.876,1912.59794603,536.062694305));
#211425=CARTESIAN_POINT('Control Point',(4138.04906229,1913.54126818,536.142475828));
#211426=CARTESIAN_POINT('Control Point',(4138.39538314,1914.44250078,536.218697602));
#211427=CARTESIAN_POINT('Control Point',(4139.40232142,1916.07699686,536.356935058));
#211428=CARTESIAN_POINT('Control Point',(4140.92447561,1917.25079343,536.456208594));
#211429=CARTESIAN_POINT('Control Point',(4141.7862948,1917.69107399,536.49344509));
#211430=CARTESIAN_POINT('Control Point',(4142.70879446,1917.96425879,536.516549381));
#211431=CARTESIAN_POINT('Control Point',(4143.64995033,1918.06600158,536.525153899));
#211432=CARTESIAN_POINT('Control Point',(4137.876,1911.87702173,533.328835206));
#211433=CARTESIAN_POINT('Control Point',(4137.876,1912.82056933,533.407155772));
#211434=CARTESIAN_POINT('Control Point',(4138.0491034,1913.76412671,533.485477151));
#211435=CARTESIAN_POINT('Control Point',(4138.39550663,1914.66557403,533.560303097));
#211436=CARTESIAN_POINT('Control Point',(4139.40267652,1916.30041783,533.696005588));
#211437=CARTESIAN_POINT('Control Point',(4140.92514454,1917.47434791,533.793449018));
#211438=CARTESIAN_POINT('Control Point',(4141.78712849,1917.91462872,533.829994921));
#211439=CARTESIAN_POINT('Control Point',(4142.7097832,1918.1877422,533.852664781));
#211440=CARTESIAN_POINT('Control Point',(4143.65106863,1918.28934732,533.86109828));
#211441=CARTESIAN_POINT('Control Point',(4137.876,1912.36545946,527.359833571));
#211442=CARTESIAN_POINT('Control Point',(4137.876,1913.30953032,527.434865173));
#211443=CARTESIAN_POINT('Control Point',(4138.049196,1914.253611,527.509897555));
#211444=CARTESIAN_POINT('Control Point',(4138.39578473,1915.15553567,527.581579468));
#211445=CARTESIAN_POINT('Control Point',(4139.40347622,1916.79115126,527.711572437));
#211446=CARTESIAN_POINT('Control Point',(4140.92665094,1917.96537371,527.804894919));
#211447=CARTESIAN_POINT('Control Point',(4141.7890059,1918.40565193,527.839886214));
#211448=CARTESIAN_POINT('Control Point',(4142.7120097,1918.67860275,527.861578734));
#211449=CARTESIAN_POINT('Control Point',(4143.65358681,1918.77989695,527.869628441));
#211450=CARTESIAN_POINT('Control Point',(4137.876,1912.82768152,521.388889482));
#211451=CARTESIAN_POINT('Control Point',(4137.876,1913.77226282,521.460619278));
#211452=CARTESIAN_POINT('Control Point',(4138.04928891,1914.71685395,521.532349821));
#211453=CARTESIAN_POINT('Control Point',(4138.39606379,1915.6192436,521.600875623));
#211454=CARTESIAN_POINT('Control Point',(4139.40427865,1917.2556081,521.725137963));
#211455=CARTESIAN_POINT('Control Point',(4140.92816237,1918.43010525,521.814326564));
#211456=CARTESIAN_POINT('Control Point',(4141.79088948,1918.87037373,521.847759351));
#211457=CARTESIAN_POINT('Control Point',(4142.7142434,1919.14315672,521.868473481));
#211458=CARTESIAN_POINT('Control Point',(4143.65611293,1919.24413697,521.876141135));
#211459=CARTESIAN_POINT('Control Point',(4137.876,1913.0762456,518.072719133));
#211460=CARTESIAN_POINT('Control Point',(4137.876,1914.02110636,518.14261145));
#211461=CARTESIAN_POINT('Control Point',(4138.04934061,1914.96597696,518.212504495));
#211462=CARTESIAN_POINT('Control Point',(4138.39621904,1915.86862097,518.279273959));
#211463=CARTESIAN_POINT('Control Point',(4139.40472508,1917.50539422,518.400347528));
#211464=CARTESIAN_POINT('Control Point',(4140.92900321,1918.68003844,518.487236571));
#211465=CARTESIAN_POINT('Control Point',(4141.79193735,1919.1202993,518.519802709));
#211466=CARTESIAN_POINT('Control Point',(4142.715486,1919.39298749,518.539973214));
#211467=CARTESIAN_POINT('Control Point',(4143.65751815,1919.49379246,518.547429255));
#211468=CARTESIAN_POINT('Control Point',(4137.876,1913.79757048,508.122582935));
#211469=CARTESIAN_POINT('Control Point',(4137.876,1914.74325756,508.186950585));
#211470=CARTESIAN_POINT('Control Point',(4138.04949598,1915.68895452,508.251318908));
#211471=CARTESIAN_POINT('Control Point',(4138.39668569,1916.59235001,508.312807855));
#211472=CARTESIAN_POINT('Control Point',(4139.4060669,1918.23032808,508.424295));
#211473=CARTESIAN_POINT('Control Point',(4140.93153038,1919.40539697,508.504273014));
#211474=CARTESIAN_POINT('Control Point',(4141.79508665,1919.84562829,508.534235471));
#211475=CARTESIAN_POINT('Control Point',(4142.71922045,1920.11802729,508.552774071));
#211476=CARTESIAN_POINT('Control Point',(4143.66174114,1920.21830362,508.559596888));
#211477=CARTESIAN_POINT('Control Point',(4137.876,1914.4456156,498.167788056));
#211478=CARTESIAN_POINT('Control Point',(4137.876,1915.39209253,498.226593902));
#211479=CARTESIAN_POINT('Control Point',(4138.04965221,1916.33857938,498.285400363));
#211480=CARTESIAN_POINT('Control Point',(4138.39715492,1917.24269121,498.341573858));
#211481=CARTESIAN_POINT('Control Point',(4139.40741606,1918.88180918,498.443413489));
#211482=CARTESIAN_POINT('Control Point',(4140.93407104,1920.05725288,498.516442934));
#211483=CARTESIAN_POINT('Control Point',(4141.79825254,1920.49743457,498.543790344));
#211484=CARTESIAN_POINT('Control Point',(4142.72297421,1920.76952998,498.560693881));
#211485=CARTESIAN_POINT('Control Point',(4143.66598541,1920.86926936,498.56688836));
#211486=CARTESIAN_POINT('Control Point',(4137.876,1914.84491895,491.529380302));
#211487=CARTESIAN_POINT('Control Point',(4137.876,1915.79190594,491.58446137));
#211488=CARTESIAN_POINT('Control Point',(4138.04975673,1916.73890287,491.639543016));
#211489=CARTESIAN_POINT('Control Point',(4138.39746882,1917.64347636,491.692156969));
#211490=CARTESIAN_POINT('Control Point',(4139.40831855,1919.28332493,491.787537103));
#211491=CARTESIAN_POINT('Control Point',(4140.93577042,1920.45899608,491.855917055));
#211492=CARTESIAN_POINT('Control Point',(4141.80037003,1920.89913571,491.881515908));
#211493=CARTESIAN_POINT('Control Point',(4142.72548473,1921.17102234,491.897327946));
#211494=CARTESIAN_POINT('Control Point',(4143.66882375,1921.27040015,491.90310573));
#211495=CARTESIAN_POINT('Control Point',(4137.876,1915.57774935,478.249112694));
#211496=CARTESIAN_POINT('Control Point',(4137.876,1916.52572264,478.296709726));
#211497=CARTESIAN_POINT('Control Point',(4138.04996637,1917.4737059,478.344307259));
#211498=CARTESIAN_POINT('Control Point',(4138.39809847,1918.3791702,478.38976969));
#211499=CARTESIAN_POINT('Control Point',(4139.41012885,1920.02042012,478.472174092));
#211500=CARTESIAN_POINT('Control Point',(4140.93917887,1921.19650079,478.531220148));
#211501=CARTESIAN_POINT('Control Point',(4141.80461689,1921.63653826,478.553311297));
#211502=CARTESIAN_POINT('Control Point',(4142.73051952,1921.90799473,478.566937356));
#211503=CARTESIAN_POINT('Control Point',(4143.67451549,1922.00664255,478.571886221));
#211504=CARTESIAN_POINT('Control Point',(4137.876,1916.17835149,464.96256236));
#211505=CARTESIAN_POINT('Control Point',(4137.876,1917.12724192,465.002604887));
#211506=CARTESIAN_POINT('Control Point',(4138.05017712,1918.07614238,465.042647837));
#211507=CARTESIAN_POINT('Control Point',(4138.39873143,1918.98243103,465.080892443));
#211508=CARTESIAN_POINT('Control Point',(4139.41194853,1920.62496019,465.150205121));
#211509=CARTESIAN_POINT('Control Point',(4140.94260436,1921.80135841,465.199845854));
#211510=CARTESIAN_POINT('Control Point',(4141.8088846,1922.2412574,465.218407594));
#211511=CARTESIAN_POINT('Control Point',(4142.73557837,1922.51225866,465.229841504));
#211512=CARTESIAN_POINT('Control Point',(4143.68023344,1922.61016337,465.233970494));
#211513=CARTESIAN_POINT('Control Point',(4137.876,1916.4454266,458.317871881));
#211514=CARTESIAN_POINT('Control Point',(4137.876,1917.39475793,458.35411916));
#211515=CARTESIAN_POINT('Control Point',(4138.05028273,1918.3440993,458.390366823));
#211516=CARTESIAN_POINT('Control Point',(4138.39904862,1919.25078317,458.424985584));
#211517=CARTESIAN_POINT('Control Point',(4139.4128604,1920.89392081,458.487722774));
#211518=CARTESIAN_POINT('Control Point',(4140.94432079,1922.07045451,458.532642586));
#211519=CARTESIAN_POINT('Control Point',(4141.81102295,1922.51027513,458.549434065));
#211520=CARTESIAN_POINT('Control Point',(4142.73811295,1922.78104258,458.559770306));
#211521=CARTESIAN_POINT('Control Point',(4143.68309799,1922.87857258,458.563491646));
#211522=CARTESIAN_POINT('Control Point',(4137.876,1916.79593578,448.348951616));
#211523=CARTESIAN_POINT('Control Point',(4137.876,1917.74590137,448.379478398));
#211524=CARTESIAN_POINT('Control Point',(4138.05044147,1918.69587706,448.410005505));
#211525=CARTESIAN_POINT('Control Point',(4138.39952539,1919.60312775,448.439159502));
#211526=CARTESIAN_POINT('Control Point',(4139.41423096,1921.24713054,448.49198796));
#211527=CARTESIAN_POINT('Control Point',(4140.94690036,1922.42383201,448.529798303));
#211528=CARTESIAN_POINT('Control Point',(4141.81423646,1922.86352126,448.543925822));
#211529=CARTESIAN_POINT('Control Point',(4142.74192167,1923.13392865,448.552613064));
#211530=CARTESIAN_POINT('Control Point',(4143.68740219,1923.23089202,448.555726379));
#211531=CARTESIAN_POINT('Control Point',(4137.876,1917.07086722,438.37767032));
#211532=CARTESIAN_POINT('Control Point',(4137.876,1918.02142588,438.40243384));
#211533=CARTESIAN_POINT('Control Point',(4138.05060075,1918.97199465,438.427197624));
#211534=CARTESIAN_POINT('Control Point',(4138.40000377,1919.87977262,438.450846602));
#211535=CARTESIAN_POINT('Control Point',(4139.41560607,1921.52456806,438.493695826));
#211536=CARTESIAN_POINT('Control Point',(4140.94948816,1922.70138327,438.52435305));
#211537=CARTESIAN_POINT('Control Point',(4141.81746,1923.14092003,438.535803228));
#211538=CARTESIAN_POINT('Control Point',(4142.74574191,1923.41095313,438.542837456));
#211539=CARTESIAN_POINT('Control Point',(4143.69171884,1923.50734283,438.545347914));
#211540=CARTESIAN_POINT('Control Point',(4137.876,1917.15409004,435.053673428));
#211541=CARTESIAN_POINT('Control Point',(4137.876,1918.10484177,435.076511036));
#211542=CARTESIAN_POINT('Control Point',(4138.0506539,1919.05560362,435.099348887));
#211543=CARTESIAN_POINT('Control Point',(4138.40016342,1919.96355292,435.121158315));
#211544=CARTESIAN_POINT('Control Point',(4139.41606498,1921.60860446,435.160673169));
#211545=CARTESIAN_POINT('Control Point',(4140.95035173,1922.78545153,435.188941085));
#211546=CARTESIAN_POINT('Control Point',(4141.8185357,1923.2249351,435.1994973));
#211547=CARTESIAN_POINT('Control Point',(4142.74701668,1923.49484183,435.205980063));
#211548=CARTESIAN_POINT('Control Point',(4143.69315918,1923.59103952,435.208290142));
#211549=CARTESIAN_POINT('Control Point',(4137.876,1917.2662565,430.067366723));
#211550=CARTESIAN_POINT('Control Point',(4137.876,1918.21729087,430.087308096));
#211551=CARTESIAN_POINT('Control Point',(4138.05073374,1919.16833538,430.107249682));
#211552=CARTESIAN_POINT('Control Point',(4138.4004032,1920.07653499,430.126292852));
#211553=CARTESIAN_POINT('Control Point',(4139.41675421,1921.72195843,430.160793998));
#211554=CARTESIAN_POINT('Control Point',(4140.95164866,1922.89884414,430.185470406));
#211555=CARTESIAN_POINT('Control Point',(4141.82015117,1923.33824433,430.194683351));
#211556=CARTESIAN_POINT('Control Point',(4142.74893105,1923.60795909,430.200338197));
#211557=CARTESIAN_POINT('Control Point',(4143.69532213,1923.70386754,430.202348565));
#211558=CARTESIAN_POINT('Control Point',(4137.876,1917.359365,425.080667835));
#211559=CARTESIAN_POINT('Control Point',(4137.876,1918.31067153,425.097701703));
#211560=CARTESIAN_POINT('Control Point',(4138.05081375,1919.26198822,425.114735754));
#211561=CARTESIAN_POINT('Control Point',(4138.40064351,1920.17042808,425.131002052));
#211562=CARTESIAN_POINT('Control Point',(4139.41744494,1921.81620494,425.160470881));
#211563=CARTESIAN_POINT('Control Point',(4140.95294833,1922.99311542,425.181544201));
#211564=CARTESIAN_POINT('Control Point',(4141.82177,1923.43242679,425.189410296));
#211565=CARTESIAN_POINT('Control Point',(4142.75084931,1923.70194584,425.194236101));
#211566=CARTESIAN_POINT('Control Point',(4143.69748932,1923.79756314,425.195948039));
#211567=CARTESIAN_POINT('Control Point',(4137.876,1917.38828049,423.418395456));
#211568=CARTESIAN_POINT('Control Point',(4137.876,1918.33967657,423.434458891));
#211569=CARTESIAN_POINT('Control Point',(4138.05084044,1919.29108282,423.450522499));
#211570=CARTESIAN_POINT('Control Point',(4138.40072367,1920.19960164,423.465861981));
#211571=CARTESIAN_POINT('Control Point',(4139.41767536,1921.84549425,423.493651283));
#211572=CARTESIAN_POINT('Control Point',(4140.95338188,1923.02241144,423.513522272));
#211573=CARTESIAN_POINT('Control Point',(4141.82231001,1923.46169259,423.520939015));
#211574=CARTESIAN_POINT('Control Point',(4142.7514892,1923.73114599,423.525488345));
#211575=CARTESIAN_POINT('Control Point',(4143.69821222,1923.82666602,423.527100948));
#211576=CARTESIAN_POINT('Control Point',(4137.876,1917.42846793,420.924934414));
#211577=CARTESIAN_POINT('Control Point',(4137.876,1918.37999659,420.939540283));
#211578=CARTESIAN_POINT('Control Point',(4138.05088051,1919.33153543,420.954146309));
#211579=CARTESIAN_POINT('Control Point',(4138.40084402,1920.240171,420.968093763));
#211580=CARTESIAN_POINT('Control Point',(4139.41802128,1921.88623414,420.993360606));
#211581=CARTESIAN_POINT('Control Point',(4140.95403273,1923.06315906,421.011426125));
#211582=CARTESIAN_POINT('Control Point',(4141.82312066,1923.50239397,421.018168227));
#211583=CARTESIAN_POINT('Control Point',(4142.75244976,1923.77174826,421.022302648));
#211584=CARTESIAN_POINT('Control Point',(4143.69929739,1923.86712206,421.023766462));
#211585=CARTESIAN_POINT('Control Point',(4137.876,1917.46386941,418.431405354));
#211586=CARTESIAN_POINT('Control Point',(4137.876,1918.41552802,418.444550749));
#211587=CARTESIAN_POINT('Control Point',(4138.05092063,1919.36719681,418.457696285));
#211588=CARTESIAN_POINT('Control Point',(4138.40096453,1920.27594661,418.470248972));
#211589=CARTESIAN_POINT('Control Point',(4139.41836767,1921.92217563,418.492988551));
#211590=CARTESIAN_POINT('Control Point',(4140.95468442,1923.09910477,418.5092456));
#211591=CARTESIAN_POINT('Control Point',(4141.82393237,1923.53829204,418.515312128));
#211592=CARTESIAN_POINT('Control Point',(4142.75341155,1923.80754625,418.51903134));
#211593=CARTESIAN_POINT('Control Point',(4143.7003839,1923.9027733,418.520346684));
#211594=CARTESIAN_POINT('Control Point',(4137.876,1917.47513772,417.600222037));
#211595=CARTESIAN_POINT('Control Point',(4137.876,1918.42683936,417.612880283));
#211596=CARTESIAN_POINT('Control Point',(4138.05093402,1919.37855118,417.625538664));
#211597=CARTESIAN_POINT('Control Point',(4138.40100472,1920.28733877,417.637626122));
#211598=CARTESIAN_POINT('Control Point',(4139.41848318,1921.93362256,417.659522743));
#211599=CARTESIAN_POINT('Control Point',(4140.95490175,1923.11055272,417.675176633));
#211600=CARTESIAN_POINT('Control Point',(4141.82420305,1923.54972396,417.681017866));
#211601=CARTESIAN_POINT('Control Point',(4142.75373228,1923.81894469,417.684598641));
#211602=CARTESIAN_POINT('Control Point',(4143.70074623,1923.91412277,417.685864529));
#211603=CARTESIAN_POINT('Control Point',(4137.876,1917.49660918,415.937842705));
#211604=CARTESIAN_POINT('Control Point',(4137.876,1918.44839628,415.949525998));
#211605=CARTESIAN_POINT('Control Point',(4138.05096079,1919.40019356,415.961209415));
#211606=CARTESIAN_POINT('Control Point',(4138.40108514,1920.30905618,415.972365801));
#211607=CARTESIAN_POINT('Control Point',(4139.41871432,1921.95544849,415.992575425));
#211608=CARTESIAN_POINT('Control Point',(4140.95533662,1923.13237989,416.007022322));
#211609=CARTESIAN_POINT('Control Point',(4141.82474468,1923.57151875,416.012412755));
#211610=CARTESIAN_POINT('Control Point',(4142.75437404,1923.84067233,416.015716586));
#211611=CARTESIAN_POINT('Control Point',(4143.7014712,1923.93575234,416.016883636));
#211612=CARTESIAN_POINT('Control Point',(4137.876,1917.51594865,414.275440514));
#211613=CARTESIAN_POINT('Control Point',(4137.876,1918.46782003,414.286147539));
#211614=CARTESIAN_POINT('Control Point',(4138.05098759,1919.41970162,414.296854679));
#211615=CARTESIAN_POINT('Control Point',(4138.40116564,1920.32863814,414.307078754));
#211616=CARTESIAN_POINT('Control Point',(4139.41894569,1921.97513688,414.325599207));
#211617=CARTESIAN_POINT('Control Point',(4140.95577191,1923.15206796,414.338837752));
#211618=CARTESIAN_POINT('Control Point',(4141.82528683,1923.59117382,414.343776961));
#211619=CARTESIAN_POINT('Control Point',(4142.75501641,1923.86025981,414.346803711));
#211620=CARTESIAN_POINT('Control Point',(4143.70219684,1923.95524151,414.347872061));
#211621=CARTESIAN_POINT('Control Point',(4137.876,1917.52508497,413.44423434));
#211622=CARTESIAN_POINT('Control Point',(4137.876,1918.47699821,413.454452899));
#211623=CARTESIAN_POINT('Control Point',(4138.051001,1919.42892165,413.464671567));
#211624=CARTESIAN_POINT('Control Point',(4138.40120591,1920.33789484,413.474429173));
#211625=CARTESIAN_POINT('Control Point',(4139.41906144,1921.98444629,413.492104491));
#211626=CARTESIAN_POINT('Control Point',(4140.95598967,1923.16137681,413.50473852));
#211627=CARTESIAN_POINT('Control Point',(4141.82555804,1923.600466,413.509452011));
#211628=CARTESIAN_POINT('Control Point',(4142.75533776,1923.86951808,413.512340187));
#211629=CARTESIAN_POINT('Control Point',(4143.70255983,1923.96445057,413.513359227));
#211630=CARTESIAN_POINT('Control Point',(4137.876,1917.54036782,411.967539355));
#211631=CARTESIAN_POINT('Control Point',(4137.876,1918.49235489,411.97688954));
#211632=CARTESIAN_POINT('Control Point',(4138.05102483,1919.44435217,411.986239826));
#211633=CARTESIAN_POINT('Control Point',(4138.40127749,1920.35339,411.995168171));
#211634=CARTESIAN_POINT('Control Point',(4139.41926718,1922.00003416,412.011341089));
#211635=CARTESIAN_POINT('Control Point',(4140.95637673,1923.17696299,412.022900541));
#211636=CARTESIAN_POINT('Control Point',(4141.82604012,1923.61602231,412.027212837));
#211637=CARTESIAN_POINT('Control Point',(4142.75590894,1923.88501395,412.029854758));
#211638=CARTESIAN_POINT('Control Point',(4143.70320504,1923.9798589,412.030786245));
#211639=CARTESIAN_POINT('Control Point',(4137.876,1917.55396451,410.490832553));
#211640=CARTESIAN_POINT('Control Point',(4137.876,1918.50602449,410.499313303));
#211641=CARTESIAN_POINT('Control Point',(4138.05104869,1919.45809469,410.507794144));
#211642=CARTESIAN_POINT('Control Point',(4138.40134914,1920.36719628,410.515892228));
#211643=CARTESIAN_POINT('Control Point',(4139.41947313,1922.0139315,410.53056099));
#211644=CARTESIAN_POINT('Control Point',(4140.95676417,1923.19085739,410.541044775));
#211645=CARTESIAN_POINT('Control Point',(4141.82652266,1923.62988633,410.544955537));
#211646=CARTESIAN_POINT('Control Point',(4142.75648066,1923.89881718,410.547351097));
#211647=CARTESIAN_POINT('Control Point',(4143.70385085,1923.99357439,410.548195151));
#211648=CARTESIAN_POINT('Control Point',(4137.876,1917.55859029,409.961637236));
#211649=CARTESIAN_POINT('Control Point',(4137.876,1918.51067633,409.96981864));
#211650=CARTESIAN_POINT('Control Point',(4138.05105731,1919.46277258,409.978000133));
#211651=CARTESIAN_POINT('Control Point',(4138.40137502,1920.37189692,409.985812361));
#211652=CARTESIAN_POINT('Control Point',(4139.4195475,1922.01866454,409.99996325));
#211653=CARTESIAN_POINT('Control Point',(4140.95690408,1923.19558902,410.010076701));
#211654=CARTESIAN_POINT('Control Point',(4141.82669691,1923.63460686,410.013849226));
#211655=CARTESIAN_POINT('Control Point',(4142.75668712,1923.90351568,410.016159977));
#211656=CARTESIAN_POINT('Control Point',(4143.70408406,1923.99824117,410.016973944));
#211657=CARTESIAN_POINT('Control Point',(4137.876,1917.57094505,408.473395132));
#211658=CARTESIAN_POINT('Control Point',(4137.876,1918.52310313,408.480724787));
#211659=CARTESIAN_POINT('Control Point',(4138.05108119,1919.47527142,408.48805452));
#211660=CARTESIAN_POINT('Control Point',(4138.40144675,1920.38445869,408.495053385));
#211661=CARTESIAN_POINT('Control Point',(4139.41975365,1922.03131584,408.50773077));
#211662=CARTESIAN_POINT('Control Point',(4140.9572919,1923.2082362,408.516790576));
#211663=CARTESIAN_POINT('Control Point',(4141.82717992,1923.64722318,408.520169833));
#211664=CARTESIAN_POINT('Control Point',(4142.75725939,1923.91607088,408.522239358));
#211665=CARTESIAN_POINT('Control Point',(4143.70473049,1924.01070844,408.522967816));
#211666=CARTESIAN_POINT('Control Point',(4137.876,1917.58146938,407.004974569));
#211667=CARTESIAN_POINT('Control Point',(4137.876,1918.5336962,407.011428798));
#211668=CARTESIAN_POINT('Control Point',(4138.05110415,1919.48593324,407.017883097));
#211669=CARTESIAN_POINT('Control Point',(4138.4015157,1920.39518049,407.024046006));
#211670=CARTESIAN_POINT('Control Point',(4139.41995183,1922.0421228,407.035209029));
#211671=CARTESIAN_POINT('Control Point',(4140.95766472,1923.21903853,407.043186171));
#211672=CARTESIAN_POINT('Control Point',(4141.82764425,1923.65799561,407.046161413));
#211673=CARTESIAN_POINT('Control Point',(4142.75780952,1923.92678438,407.047983242));
#211674=CARTESIAN_POINT('Control Point',(4143.70535188,1924.02133735,407.048624088));
#211675=CARTESIAN_POINT('Control Point',(4137.876,1917.5868451,406.178567341));
#211676=CARTESIAN_POINT('Control Point',(4137.876,1918.53910988,406.184508602));
#211677=CARTESIAN_POINT('Control Point',(4138.05111687,1919.49138488,406.190449927));
#211678=CARTESIAN_POINT('Control Point',(4138.40155391,1920.40066525,406.196123003));
#211679=CARTESIAN_POINT('Control Point',(4139.42006164,1922.04765451,406.206398694));
#211680=CARTESIAN_POINT('Control Point',(4140.95787129,1923.22456752,406.213741515));
#211681=CARTESIAN_POINT('Control Point',(4141.82790152,1923.66350796,406.216480074));
#211682=CARTESIAN_POINT('Control Point',(4142.75811433,1923.93226405,406.218156831));
#211683=CARTESIAN_POINT('Control Point',(4143.70569618,1924.02677012,406.218746421));
#211684=CARTESIAN_POINT('Control Point',(4137.876,1917.59639581,404.539103506));
#211685=CARTESIAN_POINT('Control Point',(4137.876,1918.54873565,404.544005894));
#211686=CARTESIAN_POINT('Control Point',(4138.05114224,1919.50108572,404.548908335));
#211687=CARTESIAN_POINT('Control Point',(4138.40163012,1920.41043153,404.553589397));
#211688=CARTESIAN_POINT('Control Point',(4139.42028069,1922.05751334,404.562068103));
#211689=CARTESIAN_POINT('Control Point',(4140.95828336,1923.23442009,404.568126433));
#211690=CARTESIAN_POINT('Control Point',(4141.82841472,1923.67332705,404.570385761));
#211691=CARTESIAN_POINT('Control Point',(4142.75872236,1923.94201773,404.571768848));
#211692=CARTESIAN_POINT('Control Point',(4143.70638295,1924.03643021,404.572254789));
#211693=CARTESIAN_POINT('Control Point',(4137.876,1917.60367842,402.912590805));
#211694=CARTESIAN_POINT('Control Point',(4137.876,1918.55609397,402.916478764));
#211695=CARTESIAN_POINT('Control Point',(4138.05116841,1919.50851976,402.920366765));
#211696=CARTESIAN_POINT('Control Point',(4138.40170873,1920.41793143,402.92407917));
#211697=CARTESIAN_POINT('Control Point',(4139.42050661,1922.06510573,402.930803264));
#211698=CARTESIAN_POINT('Control Point',(4140.95870834,1923.24200391,402.935607566));
#211699=CARTESIAN_POINT('Control Point',(4141.828944,1923.68087552,402.937399104));
#211700=CARTESIAN_POINT('Control Point',(4142.75934942,1923.94949827,402.938495642));
#211701=CARTESIAN_POINT('Control Point',(4143.70709122,1924.04381402,402.938880617));
#211702=CARTESIAN_POINT('Control Point',(4137.876,1917.60678205,402.09937144));
#211703=CARTESIAN_POINT('Control Point',(4137.876,1918.55923597,402.102756225));
#211704=CARTESIAN_POINT('Control Point',(4138.05118185,1919.51170013,402.106141045));
#211705=CARTESIAN_POINT('Control Point',(4138.40174907,1920.42114512,402.109372984));
#211706=CARTESIAN_POINT('Control Point',(4139.42062257,1922.06836603,402.115226785));
#211707=CARTESIAN_POINT('Control Point',(4140.95892646,1923.24525919,402.119409135));
#211708=CARTESIAN_POINT('Control Point',(4141.82921565,1923.68411244,402.120968687));
#211709=CARTESIAN_POINT('Control Point',(4142.75967125,1923.95270017,402.12192315));
#211710=CARTESIAN_POINT('Control Point',(4143.70745473,1924.04696622,402.122258113));
#211711=CARTESIAN_POINT('Control Point',(4137.876,1917.61271217,400.250882274));
#211712=CARTESIAN_POINT('Control Point',(4137.876,1918.56525619,400.253262509));
#211713=CARTESIAN_POINT('Control Point',(4138.05121377,1919.51781046,400.255642768));
#211714=CARTESIAN_POINT('Control Point',(4138.40184494,1920.42733363,400.257915496));
#211715=CARTESIAN_POINT('Control Point',(4139.42089809,1922.07466346,400.262031841));
#211716=CARTESIAN_POINT('Control Point',(4140.95944474,1923.25154338,400.264972563));
#211717=CARTESIAN_POINT('Control Point',(4141.82986111,1923.69035248,400.266069007));
#211718=CARTESIAN_POINT('Control Point',(4142.76043595,1923.95885671,400.266739874));
#211719=CARTESIAN_POINT('Control Point',(4143.70831843,1924.05300456,400.266975044));
#211720=CARTESIAN_POINT('Control Point',(4137.876,1917.61629354,398.371187063));
#211721=CARTESIAN_POINT('Control Point',(4137.876,1918.56892585,398.372591987));
#211722=CARTESIAN_POINT('Control Point',(4138.0512456,1919.52156841,398.373996925));
#211723=CARTESIAN_POINT('Control Point',(4138.40194057,1920.43116806,398.375338382));
#211724=CARTESIAN_POINT('Control Point',(4139.42117293,1922.07860378,398.377767968));
#211725=CARTESIAN_POINT('Control Point',(4140.95996171,1923.2554685,398.379503533));
#211726=CARTESIAN_POINT('Control Point',(4141.83050494,1923.69423283,398.380150578));
#211727=CARTESIAN_POINT('Control Point',(4142.7611987,1923.96265328,398.380546393));
#211728=CARTESIAN_POINT('Control Point',(4143.70917991,1924.05668306,398.380685012));
#211729=CARTESIAN_POINT('Control Point',(4137.876,1917.61766582,397.307577283));
#211730=CARTESIAN_POINT('Control Point',(4137.876,1918.57035053,397.30874397));
#211731=CARTESIAN_POINT('Control Point',(4138.0512646,1919.5230455,397.309910669));
#211732=CARTESIAN_POINT('Control Point',(4138.40199763,1920.4326905,397.311024644));
#211733=CARTESIAN_POINT('Control Point',(4139.42133692,1922.08018891,397.313042195));
#211734=CARTESIAN_POINT('Control Point',(4140.96027018,1923.2570442,397.31448334));
#211735=CARTESIAN_POINT('Control Point',(4141.83088909,1923.69578166,397.315020584));
#211736=CARTESIAN_POINT('Control Point',(4142.7616538,1923.96415205,397.315349179));
#211737=CARTESIAN_POINT('Control Point',(4143.70969392,1924.05811133,397.315464175));
#211738=CARTESIAN_POINT('Control Point',(4137.876,1917.61905212,394.678637473));
#211739=CARTESIAN_POINT('Control Point',(4137.876,1918.57181806,394.677704058));
#211740=CARTESIAN_POINT('Control Point',(4138.05129423,1919.52459427,394.676770632));
#211741=CARTESIAN_POINT('Control Point',(4138.40208662,1920.43430954,394.675879387));
#211742=CARTESIAN_POINT('Control Point',(4139.42159268,1922.08190487,394.674265218));
#211743=CARTESIAN_POINT('Control Point',(4140.96075126,1923.25874485,394.673112181));
#211744=CARTESIAN_POINT('Control Point',(4141.83148821,1923.69744019,394.672682329));
#211745=CARTESIAN_POINT('Control Point',(4142.76236356,1923.96573234,394.6724194));
#211746=CARTESIAN_POINT('Control Point',(4143.71049552,1924.05958163,394.672327357));
#211747=CARTESIAN_POINT('Control Point',(4137.876,1917.61496485,392.04550392));
#211748=CARTESIAN_POINT('Control Point',(4137.876,1918.56773409,392.043908103));
#211749=CARTESIAN_POINT('Control Point',(4138.05129625,1919.52051359,392.04231227));
#211750=CARTESIAN_POINT('Control Point',(4138.40209267,1920.43023152,392.040788564));
#211751=CARTESIAN_POINT('Control Point',(4139.42161008,1922.07782958,392.038028978));
#211752=CARTESIAN_POINT('Control Point',(4140.96078399,1923.25466575,392.036057908));
#211753=CARTESIAN_POINT('Control Point',(4141.83152897,1923.6933572,392.035323161));
#211754=CARTESIAN_POINT('Control Point',(4142.76241184,1923.9616434,392.034873838));
#211755=CARTESIAN_POINT('Control Point',(4143.71055005,1924.05548498,392.034716702));
#211756=CARTESIAN_POINT('Control Point',(4137.876,1917.61310331,390.480981405));
#211757=CARTESIAN_POINT('Control Point',(4137.876,1918.56596565,390.479305933));
#211758=CARTESIAN_POINT('Control Point',(4138.05133016,1919.51883825,390.477630443));
#211759=CARTESIAN_POINT('Control Point',(4138.40219451,1920.42863673,390.476030683));
#211760=CARTESIAN_POINT('Control Point',(4139.42190277,1922.07634594,390.473133368));
#211761=CARTESIAN_POINT('Control Point',(4140.96133452,1923.25316474,390.471063954));
#211762=CARTESIAN_POINT('Control Point',(4141.83221457,1923.69180805,390.470292562));
#211763=CARTESIAN_POINT('Control Point',(4142.76322406,1923.96000475,390.469820849));
#211764=CARTESIAN_POINT('Control Point',(4143.71146736,1924.05372046,390.469655915));
#211765=CARTESIAN_POINT('Control Point',(4137.876,1917.60746886,388.257715616));
#211766=CARTESIAN_POINT('Control Point',(4137.876,1918.56044052,388.254608892));
#211767=CARTESIAN_POINT('Control Point',(4138.05137167,1919.51342246,388.251502135));
#211768=CARTESIAN_POINT('Control Point',(4138.40231921,1920.4233151,388.248535839));
#211769=CARTESIAN_POINT('Control Point',(4139.42226113,1922.07115232,388.243163762));
#211770=CARTESIAN_POINT('Control Point',(4140.96200854,1923.24794403,388.239327206));
#211771=CARTESIAN_POINT('Control Point',(4141.83305395,1923.68652622,388.237897294));
#211772=CARTESIAN_POINT('Control Point',(4142.76421842,1923.95461198,388.237023175));
#211773=CARTESIAN_POINT('Control Point',(4143.71259035,1924.04817308,388.236717988));
#211774=CARTESIAN_POINT('Control Point',(4137.876,1917.59743789,386.034995266));
#211775=CARTESIAN_POINT('Control Point',(4137.876,1918.55049775,386.030346403));
#211776=CARTESIAN_POINT('Control Point',(4138.05140668,1919.5035679,386.025697489));
#211777=CARTESIAN_POINT('Control Point',(4138.40242434,1920.41353613,386.021258818));
#211778=CARTESIAN_POINT('Control Point',(4139.42256328,1922.06147437,386.013220448));
#211779=CARTESIAN_POINT('Control Point',(4140.96257683,1923.2382383,386.007480372));
#211780=CARTESIAN_POINT('Control Point',(4141.83376164,1923.6767671,386.005341288));
#211781=CARTESIAN_POINT('Control Point',(4142.76505675,1923.94475818,386.004034053));
#211782=CARTESIAN_POINT('Control Point',(4143.71353709,1924.03818852,386.003578293));
#211783=CARTESIAN_POINT('Control Point',(4137.876,1917.59606883,385.768217415));
#211784=CARTESIAN_POINT('Control Point',(4137.876,1918.54913755,385.763410121));
#211785=CARTESIAN_POINT('Control Point',(4138.05141025,1919.50221655,385.758602776));
#211786=CARTESIAN_POINT('Control Point',(4138.40243509,1920.41219235,385.754012842));
#211787=CARTESIAN_POINT('Control Point',(4139.42259416,1922.06014065,385.745700559));
#211788=CARTESIAN_POINT('Control Point',(4140.96263491,1923.23690155,385.739764943));
#211789=CARTESIAN_POINT('Control Point',(4141.83383397,1923.67542481,385.737553015));
#211790=CARTESIAN_POINT('Control Point',(4142.76514243,1923.94340618,385.736201299));
#211791=CARTESIAN_POINT('Control Point',(4143.71363385,1924.03682314,385.735730088));
#211792=CARTESIAN_POINT('Control Point',(4137.876,1917.57856516,382.471566927));
#211793=CARTESIAN_POINT('Control Point',(4137.876,1918.53176862,382.465067535));
#211794=CARTESIAN_POINT('Control Point',(4138.05146314,1919.48498239,382.458568073));
#211795=CARTESIAN_POINT('Control Point',(4138.40259392,1920.39507383,382.45236262));
#211796=CARTESIAN_POINT('Control Point',(4139.42305062,1922.04317736,382.441124953));
#211797=CARTESIAN_POINT('Control Point',(4140.96349341,1923.21989815,382.433101203));
#211798=CARTESIAN_POINT('Control Point',(4141.83490306,1923.65834145,382.430111476));
#211799=CARTESIAN_POINT('Control Point',(4142.76640888,1923.92618021,382.428284953));
#211800=CARTESIAN_POINT('Control Point',(4143.71506406,1924.01939976,382.427649021));
#211801=CARTESIAN_POINT('Control Point',(4137.876,1917.55352794,379.176199448));
#211802=CARTESIAN_POINT('Control Point',(4137.876,1918.50686737,379.167745014));
#211803=CARTESIAN_POINT('Control Point',(4138.05151849,1919.4602171,379.159290488));
#211804=CARTESIAN_POINT('Control Point',(4138.40276019,1920.37042473,379.151218536));
#211805=CARTESIAN_POINT('Control Point',(4139.42352845,1922.0186819,379.136601287));
#211806=CARTESIAN_POINT('Control Point',(4140.96439207,1923.19535431,379.126165956));
#211807=CARTESIAN_POINT('Control Point',(4141.83602213,1923.63371149,379.122278278));
#211808=CARTESIAN_POINT('Control Point',(4142.76773447,1923.90139947,379.119904072));
#211809=CARTESIAN_POINT('Control Point',(4143.71656098,1923.99441181,379.119078882));
#211810=CARTESIAN_POINT('Control Point',(4137.876,1917.52796081,376.544405256));
#211811=CARTESIAN_POINT('Control Point',(4137.876,1918.48136543,376.534524704));
#211812=CARTESIAN_POINT('Control Point',(4138.05154785,1919.43478036,376.524644045));
#211813=CARTESIAN_POINT('Control Point',(4138.40284835,1920.34504299,376.515210577));
#211814=CARTESIAN_POINT('Control Point',(4139.4237818,1921.99336969,376.498128153));
#211815=CARTESIAN_POINT('Control Point',(4140.96486851,1923.17000793,376.485933897));
#211816=CARTESIAN_POINT('Control Point',(4141.83661542,1923.60831627,376.481391353));
#211817=CARTESIAN_POINT('Control Point',(4142.76843724,1923.87592235,376.478617827));
#211818=CARTESIAN_POINT('Control Point',(4143.71735456,1923.96882414,376.477654805));
#211819=CARTESIAN_POINT('Control Point',(4137.876,1917.4881719,373.034289408));
#211820=CARTESIAN_POINT('Control Point',(4137.876,1918.44168105,373.022749538));
#211821=CARTESIAN_POINT('Control Point',(4138.05159323,1919.39520052,373.011209542));
#211822=CARTESIAN_POINT('Control Point',(4138.40298466,1920.30555179,373.000191976));
#211823=CARTESIAN_POINT('Control Point',(4139.42417353,1921.95399244,372.980241587));
#211824=CARTESIAN_POINT('Control Point',(4140.96560519,1923.13058242,372.966001633));
#211825=CARTESIAN_POINT('Control Point',(4141.83753276,1923.56881694,372.960697722));
#211826=CARTESIAN_POINT('Control Point',(4142.76952384,1923.83629743,372.957460321));
#211827=CARTESIAN_POINT('Control Point',(4143.71858153,1923.92902863,372.956337792));
#211828=CARTESIAN_POINT('Control Point',(4137.876,1917.44060653,369.524487687));
#211829=CARTESIAN_POINT('Control Point',(4137.876,1918.39422099,369.511244368));
#211830=CARTESIAN_POINT('Control Point',(4138.0516405,1919.3478458,369.498000905));
#211831=CARTESIAN_POINT('Control Point',(4138.40312663,1920.25828597,369.485357167));
#211832=CARTESIAN_POINT('Control Point',(4139.42458153,1921.90683915,369.462462877));
#211833=CARTESIAN_POINT('Control Point',(4140.96637245,1923.08337441,369.446123716));
#211834=CARTESIAN_POINT('Control Point',(4141.83848816,1923.52153038,369.440038806));
#211835=CARTESIAN_POINT('Control Point',(4142.77065547,1923.78887902,369.436325977));
#211836=CARTESIAN_POINT('Control Point',(4143.71985931,1923.88143218,369.435040616));
#211837=CARTESIAN_POINT('Control Point',(4137.876,1917.42821785,368.647063004));
#211838=CARTESIAN_POINT('Control Point',(4137.876,1918.38185792,368.633384292));
#211839=CARTESIAN_POINT('Control Point',(4138.05165219,1919.33550832,368.619705432));
#211840=CARTESIAN_POINT('Control Point',(4138.40316174,1920.24597005,368.606646055));
#211841=CARTESIAN_POINT('Control Point',(4139.4246824,1921.89455028,368.582999329));
#211842=CARTESIAN_POINT('Control Point',(4140.96656214,1923.07107148,368.56612365));
#211843=CARTESIAN_POINT('Control Point',(4141.83872436,1923.50920782,368.55983914));
#211844=CARTESIAN_POINT('Control Point',(4142.77093524,1923.77652374,368.556004818));
#211845=CARTESIAN_POINT('Control Point',(4143.72017521,1923.86903284,368.554677865));
#211846=CARTESIAN_POINT('Control Point',(4137.876,1917.36377632,364.257471724));
#211847=CARTESIAN_POINT('Control Point',(4137.876,1918.31754361,364.241650066));
#211848=CARTESIAN_POINT('Control Point',(4138.05171062,1919.27132125,364.225828237));
#211849=CARTESIAN_POINT('Control Point',(4138.40333722,1920.18189006,364.210723157));
#211850=CARTESIAN_POINT('Control Point',(4139.4251867,1921.83060427,364.183373161));
#211851=CARTESIAN_POINT('Control Point',(4140.96751045,1923.00705418,364.163857123));
#211852=CARTESIAN_POINT('Control Point',(4141.83990519,1923.44509206,364.156590424));
#211853=CARTESIAN_POINT('Control Point',(4142.77233389,1923.71224417,364.152158406));
#211854=CARTESIAN_POINT('Control Point',(4143.72175446,1923.8045329,364.15062707));
#211855=CARTESIAN_POINT('Control Point',(4137.876,1917.28708635,359.870995466));
#211856=CARTESIAN_POINT('Control Point',(4137.876,1918.24097299,359.853048785));
#211857=CARTESIAN_POINT('Control Point',(4138.05176826,1919.19486998,359.835101909));
#211858=CARTESIAN_POINT('Control Point',(4138.40351034,1920.10553852,359.817968315));
#211859=CARTESIAN_POINT('Control Point',(4139.42568418,1921.75437419,359.786946494));
#211860=CARTESIAN_POINT('Control Point',(4140.9684459,1922.93074611,359.764813435));
#211861=CARTESIAN_POINT('Control Point',(4141.84106998,1923.36868398,359.756573624));
#211862=CARTESIAN_POINT('Control Point',(4142.77371347,1923.63567272,359.751550006));
#211863=CARTESIAN_POINT('Control Point',(4143.7233121,1923.72774343,359.749817274));
#211864=CARTESIAN_POINT('Control Point',(4137.876,1917.21807648,356.369610633));
#211865=CARTESIAN_POINT('Control Point',(4137.876,1918.17205349,356.349962579));
#211866=CARTESIAN_POINT('Control Point',(4138.05181393,1919.12604087,356.330314312));
#211867=CARTESIAN_POINT('Control Point',(4138.4036475,1920.03678445,356.311556661));
#211868=CARTESIAN_POINT('Control Point',(4139.42607833,1921.68570913,356.277595327));
#211869=CARTESIAN_POINT('Control Point',(4140.96918703,1922.86201406,356.253367746));
#211870=CARTESIAN_POINT('Control Point',(4141.84199279,1923.29987076,356.244349349));
#211871=CARTESIAN_POINT('Control Point',(4142.77480643,1923.56672887,356.23885274));
#211872=CARTESIAN_POINT('Control Point',(4143.72454608,1923.65862641,356.236959539));
#211873=CARTESIAN_POINT('Control Point',(4137.876,1917.06472326,349.377232852));
#211874=CARTESIAN_POINT('Control Point',(4137.876,1918.01887306,349.35418415));
#211875=CARTESIAN_POINT('Control Point',(4138.05190507,1918.97303324,349.331135198));
#211876=CARTESIAN_POINT('Control Point',(4138.40392127,1919.88391931,349.309131537));
#211877=CARTESIAN_POINT('Control Point',(4139.42686501,1921.53300846,349.269295393));
#211878=CARTESIAN_POINT('Control Point',(4140.97066616,1922.70917027,349.240882913));
#211879=CARTESIAN_POINT('Control Point',(4141.84383448,1923.14686141,349.23030938));
#211880=CARTESIAN_POINT('Control Point',(4142.77698761,1923.41345663,349.223868738));
#211881=CARTESIAN_POINT('Control Point',(4143.72700861,1923.50500778,349.221656393));
#211882=CARTESIAN_POINT('Control Point',(4137.876,1916.88040841,342.390402669));
#211883=CARTESIAN_POINT('Control Point',(4137.876,1917.83471869,342.363958677));
#211884=CARTESIAN_POINT('Control Point',(4138.05199716,1918.78903937,342.337514397));
#211885=CARTESIAN_POINT('Control Point',(4138.40419786,1919.70005595,342.312270045));
#211886=CARTESIAN_POINT('Control Point',(4139.42765979,1921.34928686,342.266569582));
#211887=CARTESIAN_POINT('Control Point',(4140.97216042,1922.52528658,342.233982083));
#211888=CARTESIAN_POINT('Control Point',(4141.84569493,1922.96280392,342.221858123));
#211889=CARTESIAN_POINT('Control Point',(4142.7791909,1923.22912951,342.214477806));
#211890=CARTESIAN_POINT('Control Point',(4143.72949589,1923.32032929,342.211950165));
#211891=CARTESIAN_POINT('Control Point',(4137.876,1916.7804369,338.894565434));
#211892=CARTESIAN_POINT('Control Point',(4137.876,1917.73482526,338.86642542));
#211893=CARTESIAN_POINT('Control Point',(4138.05204377,1918.68922404,338.838285099));
#211894=CARTESIAN_POINT('Control Point',(4138.40433785,1919.60030366,338.811422007));
#211895=CARTESIAN_POINT('Control Point',(4139.42806205,1921.24960088,338.762792517));
#211896=CARTESIAN_POINT('Control Point',(4140.97291668,1922.42551464,338.728120377));
#211897=CARTESIAN_POINT('Control Point',(4141.8466365,1922.86294256,338.715222543));
#211898=CARTESIAN_POINT('Control Point',(4142.78030595,1923.12913079,338.707373599));
#211899=CARTESIAN_POINT('Control Point',(4143.73075463,1923.22015241,338.70468935));
#211900=CARTESIAN_POINT('Control Point',(4137.876,1916.60903479,333.331137242));
#211901=CARTESIAN_POINT('Control Point',(4137.876,1917.56354488,333.30030355));
#211902=CARTESIAN_POINT('Control Point',(4138.05211919,1918.51806539,333.269469521));
#211903=CARTESIAN_POINT('Control Point',(4138.40456435,1919.42924263,333.240035582));
#211904=CARTESIAN_POINT('Control Point',(4139.42871286,1921.07863914,333.18675465));
#211905=CARTESIAN_POINT('Control Point',(4140.97414017,1922.25440812,333.148773033));
#211906=CARTESIAN_POINT('Control Point',(4141.84815977,1922.69168921,333.134647084));
#211907=CARTESIAN_POINT('Control Point',(4142.78210981,1922.95765389,333.126055092));
#211908=CARTESIAN_POINT('Control Point',(4143.73279085,1923.04838681,333.123123558));
#211909=CARTESIAN_POINT('Control Point',(4137.876,1916.4175252,327.759744531));
#211910=CARTESIAN_POINT('Control Point',(4137.876,1917.3721512,327.726167014));
#211911=CARTESIAN_POINT('Control Point',(4138.05219666,1918.32678764,327.692589131));
#211912=CARTESIAN_POINT('Control Point',(4138.40479703,1919.23805643,327.660536627));
#211913=CARTESIAN_POINT('Control Point',(4139.42938144,1920.88753912,327.602518518));
#211914=CARTESIAN_POINT('Control Point',(4140.97539697,1922.06314805,327.561168087));
#211915=CARTESIAN_POINT('Control Point',(4141.84972445,1922.50027408,327.545792723));
#211916=CARTESIAN_POINT('Control Point',(4142.78396263,1922.7660065,327.536445835));
#211917=CARTESIAN_POINT('Control Point',(4143.7348822,1922.85644195,327.533264726));
#211918=CARTESIAN_POINT('Control Point',(4137.876,1916.34645754,325.768431793));
#211919=CARTESIAN_POINT('Control Point',(4137.876,1917.30112409,325.733868288));
#211920=CARTESIAN_POINT('Control Point',(4138.05222456,1918.2558011,325.699304404));
#211921=CARTESIAN_POINT('Control Point',(4138.40488085,1919.16710172,325.666310942));
#211922=CARTESIAN_POINT('Control Point',(4139.42962227,1920.81661339,325.606590643));
#211923=CARTESIAN_POINT('Control Point',(4140.97584967,1921.99216317,325.564029922));
#211924=CARTESIAN_POINT('Control Point',(4141.85028805,1922.42923279,325.54820578));
#211925=CARTESIAN_POINT('Control Point',(4142.78463,1922.69488121,325.538587874));
#211926=CARTESIAN_POINT('Control Point',(4143.73563548,1922.78520939,325.535317373));
#211927=CARTESIAN_POINT('Control Point',(4137.876,1916.19410647,321.652987707));
#211928=CARTESIAN_POINT('Control Point',(4137.876,1917.14885406,321.616336304));
#211929=CARTESIAN_POINT('Control Point',(4138.05228289,1918.10361211,321.579684499));
#211930=CARTESIAN_POINT('Control Point',(4138.40505604,1919.0149757,321.544698526));
#211931=CARTESIAN_POINT('Control Point',(4139.43012564,1920.66454147,321.481373919));
#211932=CARTESIAN_POINT('Control Point',(4140.97679586,1921.83996303,321.436250832));
#211933=CARTESIAN_POINT('Control Point',(4141.85146601,1922.27691302,321.419476721));
#211934=CARTESIAN_POINT('Control Point',(4142.78602482,1922.54238483,321.409285353));
#211935=CARTESIAN_POINT('Control Point',(4143.7372098,1922.63248843,321.405826075));
#211936=CARTESIAN_POINT('Control Point',(4137.876,1916.03025078,317.538521321));
#211937=CARTESIAN_POINT('Control Point',(4137.876,1916.98507004,317.499667556));
#211938=CARTESIAN_POINT('Control Point',(4138.05234161,1917.93989978,317.460813365));
#211939=CARTESIAN_POINT('Control Point',(4138.40523241,1918.85131731,317.423725703));
#211940=CARTESIAN_POINT('Control Point',(4139.43063239,1920.5009204,317.356599532));
#211941=CARTESIAN_POINT('Control Point',(4140.97774838,1921.67620063,317.308774513));
#211942=CARTESIAN_POINT('Control Point',(4141.8526518,1922.11302563,317.290998976));
#211943=CARTESIAN_POINT('Control Point',(4142.78742888,1922.37831685,317.280203502));
#211944=CARTESIAN_POINT('Control Point',(4143.73879447,1922.46819343,317.27654602));
#211945=CARTESIAN_POINT('Control Point',(4137.876,1915.94564507,315.488510919));
#211946=CARTESIAN_POINT('Control Point',(4137.876,1916.90050004,315.448610199));
#211947=CARTESIAN_POINT('Control Point',(4138.05237077,1917.85536549,315.408709042));
#211948=CARTESIAN_POINT('Control Point',(4138.40531998,1918.76680992,315.370622318));
#211949=CARTESIAN_POINT('Control Point',(4139.43088398,1920.41643175,315.301689171));
#211950=CARTESIAN_POINT('Control Point',(4140.97822126,1921.59164198,315.252580254));
#211951=CARTESIAN_POINT('Control Point',(4141.85324049,1922.02840497,315.234329034));
#211952=CARTESIAN_POINT('Control Point',(4142.78812591,1922.29360657,315.223246854));
#211953=CARTESIAN_POINT('Control Point',(4143.73958113,1922.38337045,315.219495701));
#211954=CARTESIAN_POINT('Control Point',(4137.876,1915.80186468,312.110325796));
#211955=CARTESIAN_POINT('Control Point',(4137.876,1916.75677251,312.068815384));
#211956=CARTESIAN_POINT('Control Point',(4138.05241553,1917.71169082,312.027304516));
#211957=CARTESIAN_POINT('Control Point',(4138.40545443,1918.62317466,311.98768176));
#211958=CARTESIAN_POINT('Control Point',(4139.43127028,1920.27282185,311.915970548));
#211959=CARTESIAN_POINT('Control Point',(4140.97894731,1921.44792212,311.864888067));
#211960=CARTESIAN_POINT('Control Point',(4141.85414434,1921.884589,311.845905779));
#211961=CARTESIAN_POINT('Control Point',(4142.78919609,1922.14965244,311.834383162));
#211962=CARTESIAN_POINT('Control Point',(4143.74078892,1922.23924308,311.830488428));
#211963=CARTESIAN_POINT('Control Point',(4137.876,1915.65119338,308.732058388));
#211964=CARTESIAN_POINT('Control Point',(4137.876,1916.60614593,308.689020898));
#211965=CARTESIAN_POINT('Control Point',(4138.05245714,1917.56110897,308.645982935));
#211966=CARTESIAN_POINT('Control Point',(4138.40557939,1918.47262523,308.604903014));
#211967=CARTESIAN_POINT('Control Point',(4139.43162933,1920.12228837,308.530556511));
#211968=CARTESIAN_POINT('Control Point',(4140.97962214,1921.29728101,308.477602267));
#211969=CARTESIAN_POINT('Control Point',(4141.8549844,1921.73385654,308.457926782));
#211970=CARTESIAN_POINT('Control Point',(4142.79019071,1921.99879032,308.445986781));
#211971=CARTESIAN_POINT('Control Point',(4143.74191139,1922.08821954,308.441956353));
#211972=CARTESIAN_POINT('Control Point',(4137.876,1915.59001409,307.38418626));
#211973=CARTESIAN_POINT('Control Point',(4137.876,1916.54498414,307.34055707));
#211974=CARTESIAN_POINT('Control Point',(4138.05247349,1917.49996469,307.2969274));
#211975=CARTESIAN_POINT('Control Point',(4138.4056285,1918.41149363,307.255282876));
#211976=CARTESIAN_POINT('Control Point',(4139.43177042,1920.06116292,307.179915323));
#211977=CARTESIAN_POINT('Control Point',(4140.97988732,1921.23611317,307.126235961));
#211978=CARTESIAN_POINT('Control Point',(4141.85531451,1921.67265277,307.106291978));
#211979=CARTESIAN_POINT('Control Point',(4142.79058155,1921.93753558,307.094190372));
#211980=CARTESIAN_POINT('Control Point',(4143.74235246,1922.02690136,307.090107509));
#211981=CARTESIAN_POINT('Control Point',(4137.876,1915.48766939,305.167127732));
#211982=CARTESIAN_POINT('Control Point',(4137.876,1916.44266514,305.12245298));
#211983=CARTESIAN_POINT('Control Point',(4138.05250073,1917.39767139,305.077777737));
#211984=CARTESIAN_POINT('Control Point',(4138.40571031,1918.30921814,305.035135526));
#211985=CARTESIAN_POINT('Control Point',(4139.43200547,1919.95889169,304.957963673));
#211986=CARTESIAN_POINT('Control Point',(4140.98032906,1921.13376708,304.903002844));
#211987=CARTESIAN_POINT('Control Point',(4141.85586441,1921.57024523,304.882584306));
#211988=CARTESIAN_POINT('Control Point',(4142.79123262,1921.83504218,304.870197005));
#211989=CARTESIAN_POINT('Control Point',(4143.7430872,1921.92430194,304.86602133));
#211990=CARTESIAN_POINT('Control Point',(4137.876,1915.38205123,302.950999939));
#211991=CARTESIAN_POINT('Control Point',(4137.876,1916.33708339,302.905113705));
#211992=CARTESIAN_POINT('Control Point',(4138.05253542,1917.29212605,302.859226966));
#211993=CARTESIAN_POINT('Control Point',(4138.40581453,1918.20369899,302.815428805));
#211994=CARTESIAN_POINT('Control Point',(4139.43230488,1919.85338431,302.736166696));
#211995=CARTESIAN_POINT('Control Point',(4140.98089177,1921.02816883,302.679722021));
#211996=CARTESIAN_POINT('Control Point',(4141.85656488,1921.46457039,302.658754295));
#211997=CARTESIAN_POINT('Control Point',(4142.79206193,1921.72925897,302.646036818));
#211998=CARTESIAN_POINT('Control Point',(4143.74402307,1921.81838403,302.6417546));
#211999=CARTESIAN_POINT('Control Point',(4137.876,1915.33911767,302.0622099));
#212000=CARTESIAN_POINT('Control Point',(4137.876,1916.29416697,302.015817967));
#212001=CARTESIAN_POINT('Control Point',(4138.05255075,1917.24922677,301.969425524));
#212002=CARTESIAN_POINT('Control Point',(4138.40586057,1918.16081229,301.92514486));
#212003=CARTESIAN_POINT('Control Point',(4139.43243716,1919.81050462,301.845010323));
#212004=CARTESIAN_POINT('Control Point',(4140.98114036,1920.98525029,301.787946494));
#212005=CARTESIAN_POINT('Control Point',(4141.85687434,1921.42161849,301.766749685));
#212006=CARTESIAN_POINT('Control Point',(4142.79242831,1921.68625949,301.753894591));
#212007=CARTESIAN_POINT('Control Point',(4143.74443651,1921.77532514,301.749568138));
#212008=CARTESIAN_POINT('Control Point',(4137.876,1915.25205653,300.284734684));
#212009=CARTESIAN_POINT('Control Point',(4137.876,1916.20713746,300.237321338));
#212010=CARTESIAN_POINT('Control Point',(4138.05258088,1917.16222891,300.18990747));
#212011=CARTESIAN_POINT('Control Point',(4138.40595106,1918.07383719,300.144652245));
#212012=CARTESIAN_POINT('Control Point',(4139.43269715,1919.72353976,300.062755579));
#212013=CARTESIAN_POINT('Control Point',(4140.98162897,1920.89820655,300.004441204));
#212014=CARTESIAN_POINT('Control Point',(4141.85748256,1921.33450825,299.982781711));
#212015=CARTESIAN_POINT('Control Point',(4142.79314839,1921.59905514,299.969648677));
#212016=CARTESIAN_POINT('Control Point',(4143.74524909,1921.68800383,299.965232903));
#212017=CARTESIAN_POINT('Control Point',(4137.876,1915.16269122,298.507055811));
#212018=CARTESIAN_POINT('Control Point',(4137.876,1916.11779004,298.458689265));
#212019=CARTESIAN_POINT('Control Point',(4138.05260515,1917.07289939,298.410322186));
#212020=CARTESIAN_POINT('Control Point',(4138.40602395,1917.98451875,298.364157452));
#212021=CARTESIAN_POINT('Control Point',(4139.43290656,1919.63421647,298.280616157));
#212022=CARTESIAN_POINT('Control Point',(4140.98202251,1920.80881038,298.221134267));
#212023=CARTESIAN_POINT('Control Point',(4141.85797243,1921.24505504,298.199042658));
#212024=CARTESIAN_POINT('Control Point',(4142.79372835,1921.50952404,298.185649823));
#212025=CARTESIAN_POINT('Control Point',(4143.74590353,1921.59837782,298.181150202));
#212026=CARTESIAN_POINT('Control Point',(4137.876,1915.11745349,297.618062114));
#212027=CARTESIAN_POINT('Control Point',(4137.876,1916.0725557,297.569258078));
#212028=CARTESIAN_POINT('Control Point',(4138.05261462,1917.02766844,297.520453505));
#212029=CARTESIAN_POINT('Control Point',(4138.40605239,1917.93928871,297.473871319));
#212030=CARTESIAN_POINT('Control Point',(4139.43298826,1919.58897834,297.389575089));
#212031=CARTESIAN_POINT('Control Point',(4140.98217604,1920.76353941,297.329557078));
#212032=CARTESIAN_POINT('Control Point',(4141.85816354,1921.19976018,297.307266957));
#212033=CARTESIAN_POINT('Control Point',(4142.79395461,1921.4641978,297.29375465));
#212034=CARTESIAN_POINT('Control Point',(4143.74615884,1921.55301421,297.289216273));
#212035=CARTESIAN_POINT('Control Point',(4137.876,1915.04807834,296.268753145));
#212036=CARTESIAN_POINT('Control Point',(4137.876,1916.00317672,296.219389203));
#212037=CARTESIAN_POINT('Control Point',(4138.05262384,1916.95828562,296.170024718));
#212038=CARTESIAN_POINT('Control Point',(4138.40608008,1917.86989996,296.122908234));
#212039=CARTESIAN_POINT('Control Point',(4139.43306781,1919.51956936,296.037645616));
#212040=CARTESIAN_POINT('Control Point',(4140.98232554,1920.69408967,295.976940918));
#212041=CARTESIAN_POINT('Control Point',(4141.85834964,1921.13028391,295.954396358));
#212042=CARTESIAN_POINT('Control Point',(4142.79417492,1921.394689,295.940730663));
#212043=CARTESIAN_POINT('Control Point',(4143.74640745,1921.48346836,295.936142123));
#212044=CARTESIAN_POINT('Control Point',(4137.876,1914.97793733,294.918348414));
#212045=CARTESIAN_POINT('Control Point',(4137.876,1915.93303613,294.868665196));
#212046=CARTESIAN_POINT('Control Point',(4138.05263012,1916.88814546,294.81898143));
#212047=CARTESIAN_POINT('Control Point',(4138.40609893,1917.79975866,294.771560286));
#212048=CARTESIAN_POINT('Control Point',(4139.43312198,1919.44941955,294.685746689));
#212049=CARTESIAN_POINT('Control Point',(4140.98242735,1920.62391584,294.624650647));
#212050=CARTESIAN_POINT('Control Point',(4141.85847637,1921.06009341,294.601961155));
#212051=CARTESIAN_POINT('Control Point',(4142.79432495,1921.32447717,294.588208194));
#212052=CARTESIAN_POINT('Control Point',(4143.74657674,1921.4132316,294.583591282));
#212053=CARTESIAN_POINT('Control Point',(4137.876,1914.9574229,294.524277354));
#212054=CARTESIAN_POINT('Control Point',(4137.876,1915.91252318,294.474526262));
#212055=CARTESIAN_POINT('Control Point',(4138.05263196,1916.86763398,294.424774622));
#212056=CARTESIAN_POINT('Control Point',(4138.40610448,1917.77924812,294.377288719));
#212057=CARTESIAN_POINT('Control Point',(4139.43313791,1919.42890884,294.291358033));
#212058=CARTESIAN_POINT('Control Point',(4140.98245728,1920.60339972,294.230178902));
#212059=CARTESIAN_POINT('Control Point',(4141.85851363,1921.039573,294.207458672));
#212060=CARTESIAN_POINT('Control Point',(4142.79436907,1921.30395087,294.193687251));
#212061=CARTESIAN_POINT('Control Point',(4143.74662652,1921.39269808,294.189064415));
#212062=CARTESIAN_POINT('Control Point',(4137.876,1914.8870237,293.17440691));
#212063=CARTESIAN_POINT('Control Point',(4137.876,1915.84213166,293.124416306));
#212064=CARTESIAN_POINT('Control Point',(4138.0526394,1916.79725014,293.074425152));
#212065=CARTESIAN_POINT('Control Point',(4138.40612682,1917.70886978,293.026710738));
#212066=CARTESIAN_POINT('Control Point',(4139.43320209,1919.3585328,292.940366937));
#212067=CARTESIAN_POINT('Control Point',(4140.98257788,1920.53300405,292.878894794));
#212068=CARTESIAN_POINT('Control Point',(4141.85866375,1920.96916085,292.856066227));
#212069=CARTESIAN_POINT('Control Point',(4142.79454679,1921.23351546,292.842229831));
#212070=CARTESIAN_POINT('Control Point',(4143.74682707,1921.32223379,292.837586283));
#212071=CARTESIAN_POINT('Control Point',(4137.876,1914.81720343,291.84426154));
#212072=CARTESIAN_POINT('Control Point',(4137.876,1915.77232894,291.793977742));
#212073=CARTESIAN_POINT('Control Point',(4138.05265154,1916.72746497,291.743693389));
#212074=CARTESIAN_POINT('Control Point',(4138.40616329,1917.63909836,291.695699288));
#212075=CARTESIAN_POINT('Control Point',(4139.43330687,1919.28877379,291.608850022));
#212076=CARTESIAN_POINT('Control Point',(4140.98277478,1920.46321915,291.547019841));
#212077=CARTESIAN_POINT('Control Point',(4141.85890885,1920.89935134,291.524059101));
#212078=CARTESIAN_POINT('Control Point',(4142.79483696,1921.16366935,291.510143734));
#212079=CARTESIAN_POINT('Control Point',(4143.74715449,1921.25234099,291.505475493));
#212080=CARTESIAN_POINT('Control Point',(4137.876,1914.7721178,290.989556693));
#212081=CARTESIAN_POINT('Control Point',(4137.876,1915.72725842,290.938975299));
#212082=CARTESIAN_POINT('Control Point',(4138.05266288,1916.68240958,290.888393348));
#212083=CARTESIAN_POINT('Control Point',(4138.40619733,1917.59405461,290.840115349));
#212084=CARTESIAN_POINT('Control Point',(4139.43340468,1919.24373945,290.752752956));
#212085=CARTESIAN_POINT('Control Point',(4140.98295859,1920.41815909,290.690559168));
#212086=CARTESIAN_POINT('Control Point',(4141.85913765,1920.85426773,290.667464134));
#212087=CARTESIAN_POINT('Control Point',(4142.79510782,1921.11855123,290.65346844));
#212088=CARTESIAN_POINT('Control Point',(4143.74746013,1921.20717917,290.648774935));
#212089=CARTESIAN_POINT('Control Point',(4137.876,1914.68087641,289.27706413));
#212090=CARTESIAN_POINT('Control Point',(4137.876,1915.63604856,289.225594788));
#212091=CARTESIAN_POINT('Control Point',(4138.0526919,1916.59123125,289.174124878));
#212092=CARTESIAN_POINT('Control Point',(4138.4062845,1917.50289922,289.124999748));
#212093=CARTESIAN_POINT('Control Point',(4139.43365512,1919.15259575,289.036106004));
#212094=CARTESIAN_POINT('Control Point',(4140.98342921,1920.32694068,288.972826469));
#212095=CARTESIAN_POINT('Control Point',(4141.85972345,1920.76298573,288.949330167));
#212096=CARTESIAN_POINT('Control Point',(4142.79580133,1921.02717888,288.935094068));
#212097=CARTESIAN_POINT('Control Point',(4143.74824266,1921.11569426,288.930324333));
#212098=CARTESIAN_POINT('Control Point',(4137.876,1914.58653416,287.552227542));
#212099=CARTESIAN_POINT('Control Point',(4137.876,1915.54173733,287.499482015));
#212100=CARTESIAN_POINT('Control Point',(4138.05272903,1916.49695104,287.446735906));
#212101=CARTESIAN_POINT('Control Point',(4138.40639602,1917.40863944,287.396393223));
#212102=CARTESIAN_POINT('Control Point',(4139.4339755,1919.05833482,287.305298384));
#212103=CARTESIAN_POINT('Control Point',(4140.98403126,1920.23257271,287.240457865));
#212104=CARTESIAN_POINT('Control Point',(4141.86047285,1920.66853215,287.216384494));
#212105=CARTESIAN_POINT('Control Point',(4142.79668849,1920.93260712,287.201802427));
#212106=CARTESIAN_POINT('Control Point',(4143.74924368,1921.02097763,287.196922603));
#212107=CARTESIAN_POINT('Control Point',(4137.876,1914.53881305,286.693247295));
#212108=CARTESIAN_POINT('Control Point',(4137.876,1915.49403059,286.639820697));
#212109=CARTESIAN_POINT('Control Point',(4138.05274828,1916.44925867,286.586393509));
#212110=CARTESIAN_POINT('Control Point',(4138.40645384,1917.36095603,286.535401047));
#212111=CARTESIAN_POINT('Control Point',(4139.43414161,1919.01064784,286.443131537));
#212112=CARTESIAN_POINT('Control Point',(4140.98434338,1920.18482813,286.377457968));
#212113=CARTESIAN_POINT('Control Point',(4141.86086136,1920.6207424,286.353076636));
#212114=CARTESIAN_POINT('Control Point',(4142.79714841,1920.88475563,286.338309943));
#212115=CARTESIAN_POINT('Control Point',(4143.74976263,1920.97305088,286.33337138));
#212116=CARTESIAN_POINT('Control Point',(4137.876,1914.47059697,285.48494507));
#212117=CARTESIAN_POINT('Control Point',(4137.876,1915.42583291,285.43059498));
#212118=CARTESIAN_POINT('Control Point',(4138.0527743,1916.3810794,285.376244291));
#212119=CARTESIAN_POINT('Control Point',(4138.406532,1917.29278791,285.324370779));
#212120=CARTESIAN_POINT('Control Point',(4139.43436614,1918.94247316,285.230508564));
#212121=CARTESIAN_POINT('Control Point',(4140.98476529,1920.11657433,285.163705635));
#212122=CARTESIAN_POINT('Control Point',(4141.86138652,1920.55242708,285.138906867));
#212123=CARTESIAN_POINT('Control Point',(4142.7977701,1920.81635657,285.123890013));
#212124=CARTESIAN_POINT('Control Point',(4143.75046407,1920.90454999,285.11887201));
#212125=CARTESIAN_POINT('Control Point',(4137.876,1914.40066159,284.27169383));
#212126=CARTESIAN_POINT('Control Point',(4137.876,1915.35590952,284.216444312));
#212127=CARTESIAN_POINT('Control Point',(4138.05279784,1916.311168,284.161194183));
#212128=CARTESIAN_POINT('Control Point',(4138.40660271,1917.22288214,284.108462566));
#212129=CARTESIAN_POINT('Control Point',(4139.43456928,1918.87255339,284.013049068));
#212130=CARTESIAN_POINT('Control Point',(4140.985147,1920.04657725,283.945146002));
#212131=CARTESIAN_POINT('Control Point',(4141.86186163,1920.48237221,283.919940536));
#212132=CARTESIAN_POINT('Control Point',(4142.79833253,1920.74622465,283.904679859));
#212133=CARTESIAN_POINT('Control Point',(4143.75109865,1920.83432551,283.89958428));
#212134=CARTESIAN_POINT('Control Point',(4137.876,1914.37516661,283.832192754));
#212135=CARTESIAN_POINT('Control Point',(4137.876,1915.33041811,283.776622006));
#212136=CARTESIAN_POINT('Control Point',(4138.05280603,1916.28568016,283.721050645));
#212137=CARTESIAN_POINT('Control Point',(4138.40662731,1917.19739569,283.668012555));
#212138=CARTESIAN_POINT('Control Point',(4139.43463996,1918.84706104,283.572045011));
#212139=CARTESIAN_POINT('Control Point',(4140.9852798,1920.02105727,283.503749009));
#212140=CARTESIAN_POINT('Control Point',(4141.86202693,1920.45683186,283.478398276));
#212141=CARTESIAN_POINT('Control Point',(4142.7985282,1920.72065732,283.463050499));
#212142=CARTESIAN_POINT('Control Point',(4143.75131943,1920.80872593,283.457927191));
#212143=CARTESIAN_POINT('Control Point',(4137.876,1914.29325898,282.428734774));
#212144=CARTESIAN_POINT('Control Point',(4137.876,1915.24851905,282.372177684));
#212145=CARTESIAN_POINT('Control Point',(4138.05283043,1916.20378968,282.315619968));
#212146=CARTESIAN_POINT('Control Point',(4138.40670058,1917.11550738,282.261640842));
#212147=CARTESIAN_POINT('Control Point',(4139.43485046,1918.76515157,282.163972049));
#212148=CARTESIAN_POINT('Control Point',(4140.98567534,1919.93906296,282.094469433));
#212149=CARTESIAN_POINT('Control Point',(4141.86251926,1920.37477591,282.068672586));
#212150=CARTESIAN_POINT('Control Point',(4142.79911101,1920.63852047,282.05305728));
#212151=CARTESIAN_POINT('Control Point',(4143.751977,1920.72649281,282.047848728));
#212152=CARTESIAN_POINT('Control Point',(4137.876,1914.20957415,281.024582686));
#212153=CARTESIAN_POINT('Control Point',(4137.876,1915.16483161,280.967209107));
#212154=CARTESIAN_POINT('Control Point',(4138.05284746,1916.12009963,280.909834892));
#212155=CARTESIAN_POINT('Control Point',(4138.40675173,1917.03181063,280.855076747));
#212156=CARTESIAN_POINT('Control Point',(4139.43499739,1918.68142522,280.755999465));
#212157=CARTESIAN_POINT('Control Point',(4140.98595141,1919.85526682,280.685497483));
#212158=CARTESIAN_POINT('Control Point',(4141.86286289,1920.29093282,280.659330975));
#212159=CARTESIAN_POINT('Control Point',(4142.79951778,1920.55461854,280.643493741));
#212160=CARTESIAN_POINT('Control Point',(4143.75243593,1920.6425229,280.638214077));
#212161=CARTESIAN_POINT('Control Point',(4137.876,1914.14501072,279.955089997));
#212162=CARTESIAN_POINT('Control Point',(4137.876,1915.10025948,279.897255594));
#212163=CARTESIAN_POINT('Control Point',(4138.05285457,1916.05551881,279.839420551));
#212164=CARTESIAN_POINT('Control Point',(4138.40677308,1916.96721975,279.784222698));
#212165=CARTESIAN_POINT('Control Point',(4139.43505874,1918.61680884,279.684350281));
#212166=CARTESIAN_POINT('Control Point',(4140.98606669,1919.79061197,279.613283758));
#212167=CARTESIAN_POINT('Control Point',(4141.86300637,1920.22625489,279.586908269));
#212168=CARTESIAN_POINT('Control Point',(4142.79968762,1920.48991394,279.570945339));
#212169=CARTESIAN_POINT('Control Point',(4143.75262754,1920.57778922,279.565625028));
#212170=CARTESIAN_POINT('Control Point',(4137.876,1914.02396726,277.964448655));
#212171=CARTESIAN_POINT('Control Point',(4137.876,1914.97920065,277.906061487));
#212172=CARTESIAN_POINT('Control Point',(4138.05286131,1915.9344446,277.847673673));
#212173=CARTESIAN_POINT('Control Point',(4138.40679334,1916.84612921,277.791948357));
#212174=CARTESIAN_POINT('Control Point',(4139.43511694,1918.49568182,277.691121995));
#212175=CARTESIAN_POINT('Control Point',(4140.98617603,1919.66943968,277.61937785));
#212176=CARTESIAN_POINT('Control Point',(4141.86314246,1920.10505748,277.59275138));
#212177=CARTESIAN_POINT('Control Point',(4142.79984872,1920.36868927,277.576637289));
#212178=CARTESIAN_POINT('Control Point',(4143.7528093,1920.4565363,277.571267769));
#212179=CARTESIAN_POINT('Control Point',(4137.876,1913.90190908,275.972074275));
#212180=CARTESIAN_POINT('Control Point',(4137.876,1914.85714002,275.913514733));
#212181=CARTESIAN_POINT('Control Point',(4138.05286432,1915.81238154,275.854954544));
#212182=CARTESIAN_POINT('Control Point',(4138.40680237,1916.72406307,275.799064758));
#212183=CARTESIAN_POINT('Control Point',(4139.43514289,1918.37360702,275.697941006));
#212184=CARTESIAN_POINT('Control Point',(4140.98622479,1919.54735013,275.625985781));
#212185=CARTESIAN_POINT('Control Point',(4141.86320315,1919.98295873,275.599281203));
#212186=CARTESIAN_POINT('Control Point',(4142.79992056,1920.24657958,275.583120174));
#212187=CARTESIAN_POINT('Control Point',(4143.75289035,1920.33441443,275.577735541));
#212188=CARTESIAN_POINT('Control Point',(4137.876,1913.79946993,274.301772376));
#212189=CARTESIAN_POINT('Control Point',(4137.876,1914.75471198,274.243169984));
#212190=CARTESIAN_POINT('Control Point',(4138.05286938,1915.7099646,274.184566943));
#212191=CARTESIAN_POINT('Control Point',(4138.40681757,1916.62165548,274.128636337));
#212192=CARTESIAN_POINT('Control Point',(4139.43518656,1918.27121115,274.027439044));
#212193=CARTESIAN_POINT('Control Point',(4140.98630684,1919.44494812,273.955432376));
#212194=CARTESIAN_POINT('Control Point',(4141.86330528,1919.88054819,273.928709088));
#212195=CARTESIAN_POINT('Control Point',(4142.80004145,1920.14415483,273.912537289));
#212196=CARTESIAN_POINT('Control Point',(4143.75302675,1920.23197057,273.907149947));
#212197=CARTESIAN_POINT('Control Point',(4137.876,1913.57845565,270.704362273));
#212198=CARTESIAN_POINT('Control Point',(4137.876,1914.53372799,270.645211023));
#212199=CARTESIAN_POINT('Control Point',(4138.05289295,1915.4890109,270.586059119));
#212200=CARTESIAN_POINT('Control Point',(4138.40688837,1916.40072487,270.529605036));
#212201=CARTESIAN_POINT('Control Point',(4139.43538995,1918.0502981,270.427462082));
#212202=CARTESIAN_POINT('Control Point',(4140.98668901,1919.22398012,270.354786668));
#212203=CARTESIAN_POINT('Control Point',(4141.86378095,1919.65953067,270.32781698));
#212204=CARTESIAN_POINT('Control Point',(4142.80060452,1919.92306521,270.311498655));
#212205=CARTESIAN_POINT('Control Point',(4143.75366202,1920.01078997,270.306066607));
#212206=CARTESIAN_POINT('Control Point',(4137.876,1913.35375041,267.11300353));
#212207=CARTESIAN_POINT('Control Point',(4137.876,1914.30904696,267.052066263));
#212208=CARTESIAN_POINT('Control Point',(4138.05294281,1915.26435408,266.991128322));
#212209=CARTESIAN_POINT('Control Point',(4138.40703811,1916.17607886,266.932970428));
#212210=CARTESIAN_POINT('Control Point',(4139.43582011,1917.82562041,266.827747945));
#212211=CARTESIAN_POINT('Control Point',(4140.98749722,1918.99913727,266.752890319));
#212212=CARTESIAN_POINT('Control Point',(4141.86478691,1919.43456491,266.725114659));
#212213=CARTESIAN_POINT('Control Point',(4142.80179529,1919.69793598,266.708314228));
#212214=CARTESIAN_POINT('Control Point',(4143.75500545,1919.78546467,266.70273053));
#212215=CARTESIAN_POINT('Control Point',(4137.876,1913.18114252,264.441234551));
#212216=CARTESIAN_POINT('Control Point',(4137.876,1914.13644162,264.37899166));
#212217=CARTESIAN_POINT('Control Point',(4138.05297503,1915.09175132,264.316748079));
#212218=CARTESIAN_POINT('Control Point',(4138.4071349,1916.00347059,264.257344637));
#212219=CARTESIAN_POINT('Control Point',(4139.43609815,1917.65296907,264.149870836));
#212220=CARTESIAN_POINT('Control Point',(4140.9880196,1918.82636311,264.073417684));
#212221=CARTESIAN_POINT('Control Point',(4141.86543707,1919.26170534,264.045052652));
#212222=CARTESIAN_POINT('Control Point',(4142.80256488,1919.52496714,264.027899551));
#212223=CARTESIAN_POINT('Control Point',(4143.75587366,1919.61236791,264.022204716));
#212224=CARTESIAN_POINT('Control Point',(4137.876,1912.89899441,260.165010216));
#212225=CARTESIAN_POINT('Control Point',(4137.876,1913.85431659,260.101061737));
#212226=CARTESIAN_POINT('Control Point',(4138.05302501,1914.80964937,260.037112549));
#212227=CARTESIAN_POINT('Control Point',(4138.40728501,1915.72137833,259.97608215));
#212228=CARTESIAN_POINT('Control Point',(4139.43652939,1917.37084298,259.865668258));
#212229=CARTESIAN_POINT('Control Point',(4140.9888298,1918.54406996,259.787133177));
#212230=CARTESIAN_POINT('Control Point',(4141.86644546,1918.97928844,259.757999851));
#212231=CARTESIAN_POINT('Control Point',(4142.80375847,1919.24238603,259.74038811));
#212232=CARTESIAN_POINT('Control Point',(4143.75722018,1919.32959016,259.7345505));
#212233=CARTESIAN_POINT('Control Point',(4137.876,1912.60701133,255.889966322));
#212234=CARTESIAN_POINT('Control Point',(4137.876,1913.56234191,255.824204076));
#212235=CARTESIAN_POINT('Control Point',(4138.05307379,1914.51768309,255.758441101));
#212236=CARTESIAN_POINT('Control Point',(4138.40743151,1915.42940803,255.695680539));
#212237=CARTESIAN_POINT('Control Point',(4139.43695022,1917.07881529,255.582139996));
#212238=CARTESIAN_POINT('Control Point',(4140.9896204,1918.25186191,255.501390721));
#212239=CARTESIAN_POINT('Control Point',(4141.86742945,1918.68695318,255.471440221));
#212240=CARTESIAN_POINT('Control Point',(4142.80492314,1918.94988665,255.453340561));
#212241=CARTESIAN_POINT('Control Point',(4143.75853402,1919.0368976,255.447350897));
#212242=CARTESIAN_POINT('Control Point',(4137.876,1912.49607187,254.28693038));
#212243=CARTESIAN_POINT('Control Point',(4137.876,1913.45140506,254.220485692));
#212244=CARTESIAN_POINT('Control Point',(4138.05309217,1914.40674885,254.154040266));
#212245=CARTESIAN_POINT('Control Point',(4138.40748672,1915.31847174,254.090628727));
#212246=CARTESIAN_POINT('Control Point',(4139.43710881,1916.96785641,253.975911811));
#212247=CARTESIAN_POINT('Control Point',(4140.98991835,1918.14083437,253.894329564));
#212248=CARTESIAN_POINT('Control Point',(4141.86780026,1918.57587745,253.86407169));
#212249=CARTESIAN_POINT('Control Point',(4142.80536204,1918.83874892,253.845788565));
#212250=CARTESIAN_POINT('Control Point',(4143.75902913,1918.92568703,253.839741827));
#212251=CARTESIAN_POINT('Control Point',(4137.876,1911.75153599,243.663239612));
#212252=CARTESIAN_POINT('Control Point',(4137.876,1912.70688397,243.592309745));
#212253=CARTESIAN_POINT('Control Point',(4138.05321356,1913.66224259,243.521379089));
#212254=CARTESIAN_POINT('Control Point',(4138.40785134,1914.57394966,243.453689232));
#212255=CARTESIAN_POINT('Control Point',(4139.43815623,1916.22318094,243.331241282));
#212256=CARTESIAN_POINT('Control Point',(4140.99188604,1917.39570253,243.244185552));
#212257=CARTESIAN_POINT('Control Point',(4141.8702492,1917.83042623,243.21190823));
#212258=CARTESIAN_POINT('Control Point',(4142.80826059,1918.09288756,243.192420204));
#212259=CARTESIAN_POINT('Control Point',(4143.76229884,1918.17934437,243.185999385));
#212260=CARTESIAN_POINT('Control Point',(4137.876,1910.94498519,233.043699369));
#212261=CARTESIAN_POINT('Control Point',(4137.876,1911.9003194,232.968295058));
#212262=CARTESIAN_POINT('Control Point',(4138.05333384,1912.85566426,232.892889906));
#212263=CARTESIAN_POINT('Control Point',(4138.40821259,1913.76732849,232.820932306));
#212264=CARTESIAN_POINT('Control Point',(4139.43919392,1915.41635871,232.690773831));
#212265=CARTESIAN_POINT('Control Point',(4140.99383527,1916.58839324,232.598263035));
#212266=CARTESIAN_POINT('Control Point',(4141.87267504,1917.02278762,232.563974751));
#212267=CARTESIAN_POINT('Control Point',(4142.81113159,1917.28483485,232.543289347));
#212268=CARTESIAN_POINT('Control Point',(4143.76553714,1917.37081239,232.536500742));
#212269=CARTESIAN_POINT('Control Point',(4137.876,1910.215536,224.029194172));
#212270=CARTESIAN_POINT('Control Point',(4137.876,1911.17083849,223.949997449));
#212271=CARTESIAN_POINT('Control Point',(4138.05343533,1912.12615164,223.870799841));
#212272=CARTESIAN_POINT('Control Point',(4138.40851741,1913.03776057,223.795225264));
#212273=CARTESIAN_POINT('Control Point',(4139.44006951,1914.68658643,223.658533007));
#212274=CARTESIAN_POINT('Control Point',(4140.99547987,1915.85818539,223.561402468));
#212275=CARTESIAN_POINT('Control Point',(4141.87472166,1916.29229279,223.525412373));
#212276=CARTESIAN_POINT('Control Point',(4142.81355362,1916.55398518,223.503715433));
#212277=CARTESIAN_POINT('Control Point',(4143.7682688,1916.63955664,223.496618976));
#212278=CARTESIAN_POINT('Control Point',(4137.876,1908.66775477,206.006916238));
#212279=CARTESIAN_POINT('Control Point',(4137.876,1909.62295377,205.92014444));
#212280=CARTESIAN_POINT('Control Point',(4138.05363709,1910.57816348,205.833371669));
#212281=CARTESIAN_POINT('Control Point',(4138.40912342,1911.48962387,205.750572911));
#212282=CARTESIAN_POINT('Control Point',(4139.44181015,1913.13797376,205.600832716));
#212283=CARTESIAN_POINT('Control Point',(4140.99874897,1914.30865737,205.494482066));
#212284=CARTESIAN_POINT('Control Point',(4141.87878973,1914.74217602,205.455097871));
#212285=CARTESIAN_POINT('Control Point',(4142.81836759,1915.00315212,205.431386995));
#212286=CARTESIAN_POINT('Control Point',(4143.77369774,1915.08791301,205.423683232));
#212287=CARTESIAN_POINT('Control Point',(4137.876,1906.94271121,188.000729061));
#212288=CARTESIAN_POINT('Control Point',(4137.876,1907.89772636,187.906395656));
#212289=CARTESIAN_POINT('Control Point',(4138.05383643,1908.85275225,187.812061189));
#212290=CARTESIAN_POINT('Control Point',(4138.40972215,1909.76398803,187.722052026));
#212291=CARTESIAN_POINT('Control Point',(4139.4435298,1911.41172694,187.559292664));
#212292=CARTESIAN_POINT('Control Point',(4141.00197808,1912.58140662,187.443753056));
#212293=CARTESIAN_POINT('Control Point',(4141.88280768,1913.01430687,187.400990936));
#212294=CARTESIAN_POINT('Control Point',(4142.82312166,1913.27455351,187.37528257));
#212295=CARTESIAN_POINT('Control Point',(4143.77905824,1913.3585071,187.366987549));
#212296=CARTESIAN_POINT('Control Point',(4137.876,1906.0359944,179.002243065));
#212297=CARTESIAN_POINT('Control Point',(4137.876,1906.99089744,178.904130443));
#212298=CARTESIAN_POINT('Control Point',(4138.05393551,1907.94581124,178.806016717));
#212299=CARTESIAN_POINT('Control Point',(4138.41001973,1908.85691562,178.712404095));
#212300=CARTESIAN_POINT('Control Point',(4139.44438443,1910.50431513,178.543139254));
#212301=CARTESIAN_POINT('Control Point',(4141.00358277,1911.67347059,178.423010725));
#212302=CARTESIAN_POINT('Control Point',(4141.88480429,1912.10605421,178.378562844));
#212303=CARTESIAN_POINT('Control Point',(4142.82548392,1912.36593281,178.351859314));
#212304=CARTESIAN_POINT('Control Point',(4143.78172161,1912.44948356,178.343272466));
#212305=CARTESIAN_POINT('Control Point',(4137.876,1902.98993127,150.19139075));
#212306=CARTESIAN_POINT('Control Point',(4137.876,1903.9444102,150.081175268));
#212307=CARTESIAN_POINT('Control Point',(4138.05425086,1904.89889993,149.970958539));
#212308=CARTESIAN_POINT('Control Point',(4138.4109669,1905.80952188,149.865806636));
#212309=CARTESIAN_POINT('Control Point',(4139.44710466,1907.4557252,149.675712441));
#212310=CARTESIAN_POINT('Control Point',(4141.00868991,1908.62313021,149.540899396));
#212311=CARTESIAN_POINT('Control Point',(4141.89115851,1909.05467588,149.491060731));
#212312=CARTESIAN_POINT('Control Point',(4142.83300134,1909.31336528,149.461180147));
#212313=CARTESIAN_POINT('Control Point',(4143.79019656,1909.39562872,149.451670285));
#212314=CARTESIAN_POINT('Control Point',(4137.876,1899.49130216,121.43075294));
#212315=CARTESIAN_POINT('Control Point',(4137.876,1900.44515153,121.308453821));
#212316=CARTESIAN_POINT('Control Point',(4138.05456044,1901.39901175,121.186153311));
#212317=CARTESIAN_POINT('Control Point',(4138.41189675,1902.30895678,121.069482759));
#212318=CARTESIAN_POINT('Control Point',(4139.44977487,1903.95361862,120.858606054));
#212319=CARTESIAN_POINT('Control Point',(4141.01370179,1905.11904625,120.709168253));
#212320=CARTESIAN_POINT('Control Point',(4141.89739335,1905.54947791,120.653972387));
#212321=CARTESIAN_POINT('Control Point',(4142.84037608,1905.80694398,120.62095153));
#212322=CARTESIAN_POINT('Control Point',(4143.79850848,1905.88792794,120.61055702));
#212323=CARTESIAN_POINT('Control Point',(4137.876,1896.87119025,101.674348081));
#212324=CARTESIAN_POINT('Control Point',(4137.876,1897.82450807,101.543730171));
#212325=CARTESIAN_POINT('Control Point',(4138.05477077,1898.77783677,101.413110769));
#212326=CARTESIAN_POINT('Control Point',(4138.41252852,1899.68722292,101.288511435));
#212327=CARTESIAN_POINT('Control Point',(4139.45158896,1901.3306588,101.063333616));
#212328=CARTESIAN_POINT('Control Point',(4141.01710615,1902.49461724,100.903844246));
#212329=CARTESIAN_POINT('Control Point',(4141.90162803,1902.92424598,100.844971708));
#212330=CARTESIAN_POINT('Control Point',(4142.8453843,1903.18085404,100.809803445));
#212331=CARTESIAN_POINT('Control Point',(4143.80415215,1903.26096139,100.798816723));
#212332=CARTESIAN_POINT('Control Point',(4137.876,1894.03807489,81.9494004727));
#212333=CARTESIAN_POINT('Control Point',(4137.876,1894.99076323,81.8104687264));
#212334=CARTESIAN_POINT('Control Point',(4138.05497853,1895.94346249,81.6715353885));
#212335=CARTESIAN_POINT('Control Point',(4138.41315254,1896.85219705,81.539013031));
#212336=CARTESIAN_POINT('Control Point',(4139.45338068,1898.49424246,81.2995488047));
#212337=CARTESIAN_POINT('Control Point',(4141.02046792,1899.65662365,81.1300302255));
#212338=CARTESIAN_POINT('Control Point',(4141.90580937,1900.08541329,81.0674944427));
#212339=CARTESIAN_POINT('Control Point',(4142.85032879,1900.34114716,81.0301942993));
#212340=CARTESIAN_POINT('Control Point',(4143.80972305,1900.42038174,81.0186322683));
#212341=CARTESIAN_POINT('Control Point',(4137.876,1890.99244908,62.2589958428));
#212342=CARTESIAN_POINT('Control Point',(4137.876,1891.94440938,62.1117506));
#212343=CARTESIAN_POINT('Control Point',(4138.0551837,1892.89638063,61.9645036642));
#212344=CARTESIAN_POINT('Control Point',(4138.41376878,1893.80437033,61.82405961));
#212345=CARTESIAN_POINT('Control Point',(4139.45514994,1895.44485981,61.5703155505));
#212346=CARTESIAN_POINT('Control Point',(4141.023787,1896.60555534,61.3907840137));
#212347=CARTESIAN_POINT('Control Point',(4141.90993723,1897.0334697,61.3245960093));
#212348=CARTESIAN_POINT('Control Point',(4142.85520941,1897.28831339,61.2851778518));
#212349=CARTESIAN_POINT('Control Point',(4143.81522107,1897.36667933,61.2730565347));
#212350=B_SPLINE_CURVE_WITH_KNOTS('',5,(#212351,#212352,#212353,#212354,#212355,#212356,#212357,#212358,#212359,#212360,#212361,#212362,#212363,#212364,#212365,#212366,#212367,#212368,#212369,#212370,#212371,#212372,#212373,#212374,#212375,#212376,#212377,#212378,#212379,#212380,#212381,#212382,#212383,#212384,#212385,#212386,#212387,#212388,#212389,#212390,#212391,#212392,#212393,#212394,#212395,#212396,#212397,#212398,#212399,#212400,#212401,#212402,#212403,#212404,#212405,#212406,#212407,#212408,#212409,#212410,#212411,#212412,#212413,#212414,#212415,#212416,#212417,#212418,#212419,#212420,#212421,#212422,#212423,#212424,#212425,#212426,#212427,#212428,#212429,#212430,#212431,#212432,#212433,#212434),.UNSPECIFIED.,.F.,.U.,(6,3,3,3,3,3,3,3,3,3,3,3,3,3,3,3,3,3,3,3,3,3,3,3,3,3,3,6),(1506.93102424,1511.56910073,1695.50301429,1700.08057228,1706.10546696,1712.13036165,1717.82570591,1719.7241998,1730.78396662,1735.49413901,1754.15346411,1760.37327422,1810.17096531,1824.81931743,1839.36333045,1848.78372622,1861.40239236,1864.66614807,1871.02586721,1877.26243394,1879.6447127,1887.23688097,1893.76623973,1912.7426454,1924.12849682,2052.27669989,2099.38336266,2193.47613813),.UNSPECIFIED.);
#212351=CARTESIAN_POINT('Control Point',(4143.64634662,1917.31297721,545.129668382));
#212352=CARTESIAN_POINT('Control Point',(4143.64662181,1917.37181458,544.473567347));
#212353=CARTESIAN_POINT('Control Point',(4143.64689627,1917.43040672,543.816728807));
#212354=CARTESIAN_POINT('Control Point',(4143.64717036,1917.48865579,543.160171871));
#212355=CARTESIAN_POINT('Control Point',(4143.65830508,1919.83513672,516.566317814));
#212356=CARTESIAN_POINT('Control Point',(4143.6695821,1921.6657363,489.927510797));
#212357=CARTESIAN_POINT('Control Point',(4143.68079536,1922.95124052,463.918846091));
#212358=CARTESIAN_POINT('Control Point',(4143.69222555,1923.74668059,437.236455068));
#212359=CARTESIAN_POINT('Control Point',(4143.70385085,1923.99357439,410.548195151));
#212360=CARTESIAN_POINT('Control Point',(4143.70408406,1923.99824117,410.016973944));
#212361=CARTESIAN_POINT('Control Point',(4143.70473049,1924.01070844,408.522967816));
#212362=CARTESIAN_POINT('Control Point',(4143.70535188,1924.02133735,407.048624088));
#212363=CARTESIAN_POINT('Control Point',(4143.70569618,1924.02677012,406.218746421));
#212364=CARTESIAN_POINT('Control Point',(4143.70638295,1924.03643021,404.572254789));
#212365=CARTESIAN_POINT('Control Point',(4143.70709122,1924.04381402,402.938880617));
#212366=CARTESIAN_POINT('Control Point',(4143.70745697,1924.04696797,402.122290173));
#212367=CARTESIAN_POINT('Control Point',(4143.70819591,1924.05216114,400.525576992));
#212368=CARTESIAN_POINT('Control Point',(4143.70894168,1924.05561317,398.906020537));
#212369=CARTESIAN_POINT('Control Point',(4143.70929534,1924.05689963,398.111913395));
#212370=CARTESIAN_POINT('Control Point',(4143.70972807,1924.05808866,397.044468906));
#212371=CARTESIAN_POINT('Control Point',(4143.71004386,1924.05845255,395.970718308));
#212372=CARTESIAN_POINT('Control Point',(4143.71011589,1924.05849296,395.701958766));
#212373=CARTESIAN_POINT('Control Point',(4143.71049984,1924.05831478,393.867056483));
#212374=CARTESIAN_POINT('Control Point',(4143.7106219,1924.05557852,392.034436898));
#212375=CARTESIAN_POINT('Control Point',(4143.71146736,1924.05372046,390.469655915));
#212376=CARTESIAN_POINT('Control Point',(4143.71259035,1924.04817308,388.236717988));
#212377=CARTESIAN_POINT('Control Point',(4143.71353709,1924.03818852,386.003578293));
#212378=CARTESIAN_POINT('Control Point',(4143.71363385,1924.03682314,385.735730088));
#212379=CARTESIAN_POINT('Control Point',(4143.71506406,1924.01939976,382.427649021));
#212380=CARTESIAN_POINT('Control Point',(4143.71656098,1923.99441181,379.119078882));
#212381=CARTESIAN_POINT('Control Point',(4143.71735456,1923.96882414,376.477654805));
#212382=CARTESIAN_POINT('Control Point',(4143.71858153,1923.92902863,372.956337792));
#212383=CARTESIAN_POINT('Control Point',(4143.71985931,1923.88143218,369.435040616));
#212384=CARTESIAN_POINT('Control Point',(4143.72017521,1923.86903284,368.554677865));
#212385=CARTESIAN_POINT('Control Point',(4143.72301805,1923.75292483,360.626831515));
#212386=CARTESIAN_POINT('Control Point',(4143.72579091,1923.59699314,352.70948747));
#212387=CARTESIAN_POINT('Control Point',(4143.72821248,1923.4284401,345.729689896));
#212388=CARTESIAN_POINT('Control Point',(4143.73147414,1923.16923496,336.64248877));
#212389=CARTESIAN_POINT('Control Point',(4143.7348822,1922.85644195,327.533264726));
#212390=CARTESIAN_POINT('Control Point',(4143.73563548,1922.78520939,325.535317373));
#212391=CARTESIAN_POINT('Control Point',(4143.7372098,1922.63248843,321.405826075));
#212392=CARTESIAN_POINT('Control Point',(4143.73879447,1922.46819343,317.27654602));
#212393=CARTESIAN_POINT('Control Point',(4143.73958113,1922.38337045,315.219495701));
#212394=CARTESIAN_POINT('Control Point',(4143.74078892,1922.23924308,311.830488428));
#212395=CARTESIAN_POINT('Control Point',(4143.74191139,1922.08821954,308.441956353));
#212396=CARTESIAN_POINT('Control Point',(4143.74235246,1922.02690136,307.090107509));
#212397=CARTESIAN_POINT('Control Point',(4143.74338191,1921.88314841,303.973920734));
#212398=CARTESIAN_POINT('Control Point',(4143.7448062,1921.7328809,300.857379518));
#212399=CARTESIAN_POINT('Control Point',(4143.7457967,1921.64438523,299.072984021));
#212400=CARTESIAN_POINT('Control Point',(4143.74629587,1921.52975929,296.827567446));
#212401=CARTESIAN_POINT('Control Point',(4143.74657674,1921.4132316,294.583591282));
#212402=CARTESIAN_POINT('Control Point',(4143.74662652,1921.39269808,294.189064415));
#212403=CARTESIAN_POINT('Control Point',(4143.74682707,1921.32223379,292.837586283));
#212404=CARTESIAN_POINT('Control Point',(4143.74715449,1921.25234099,291.505475493));
#212405=CARTESIAN_POINT('Control Point',(4143.74746013,1921.20717917,290.648774935));
#212406=CARTESIAN_POINT('Control Point',(4143.74824266,1921.11569426,288.930324333));
#212407=CARTESIAN_POINT('Control Point',(4143.74924368,1921.02097763,287.196922603));
#212408=CARTESIAN_POINT('Control Point',(4143.74976263,1920.97305088,286.33337138));
#212409=CARTESIAN_POINT('Control Point',(4143.75046407,1920.90454999,285.11887201));
#212410=CARTESIAN_POINT('Control Point',(4143.75109865,1920.83432551,283.89958428));
#212411=CARTESIAN_POINT('Control Point',(4143.75131943,1920.80872593,283.457927191));
#212412=CARTESIAN_POINT('Control Point',(4143.751977,1920.72649281,282.047848728));
#212413=CARTESIAN_POINT('Control Point',(4143.75243593,1920.6425229,280.638214077));
#212414=CARTESIAN_POINT('Control Point',(4143.75262754,1920.57778922,279.565625028));
#212415=CARTESIAN_POINT('Control Point',(4143.7528093,1920.4565363,277.571267769));
#212416=CARTESIAN_POINT('Control Point',(4143.75289035,1920.33441443,275.577735541));
#212417=CARTESIAN_POINT('Control Point',(4143.75302675,1920.23197057,273.907149947));
#212418=CARTESIAN_POINT('Control Point',(4143.75366202,1920.01078997,270.306066607));
#212419=CARTESIAN_POINT('Control Point',(4143.75500545,1919.78546467,266.70273053));
#212420=CARTESIAN_POINT('Control Point',(4143.75587366,1919.61236791,264.022204716));
#212421=CARTESIAN_POINT('Control Point',(4143.75722018,1919.32959016,259.7345505));
#212422=CARTESIAN_POINT('Control Point',(4143.75853402,1919.0368976,255.447350897));
#212423=CARTESIAN_POINT('Control Point',(4143.75902913,1918.92568703,253.839741827));
#212424=CARTESIAN_POINT('Control Point',(4143.7650752,1917.54561437,234.13975766));
#212425=CARTESIAN_POINT('Control Point',(4143.77101384,1915.95290261,214.454283983));
#212426=CARTESIAN_POINT('Control Point',(4143.77641438,1914.31174775,196.384939886));
#212427=CARTESIAN_POINT('Control Point',(4143.78369424,1911.82539771,171.704514859));
#212428=CARTESIAN_POINT('Control Point',(4143.79085415,1909.00827571,147.061440692));
#212429=CARTESIAN_POINT('Control Point',(4143.79277053,1908.22716507,140.440199141));
#212430=CARTESIAN_POINT('Control Point',(4143.79848915,1905.81437418,120.602663044));
#212431=CARTESIAN_POINT('Control Point',(4143.80413282,1903.1874032,100.792443156));
#212432=CARTESIAN_POINT('Control Point',(4143.80786117,1901.34189998,87.6046022611));
#212433=CARTESIAN_POINT('Control Point',(4143.81155729,1899.4016119,74.4311544404));
#212434=CARTESIAN_POINT('Control Point',(4143.81522107,1897.36667934,61.2730566044));
#212435=EDGE_CURVE('',#211348,#210192,#212350,.T.);
#212436=EDGE_LOOP('',(#212437,#212438,#212439,#212440));
#212437=ORIENTED_EDGE('',*,*,#210193,.T.);
#212438=ORIENTED_EDGE('',*,*,#212435,.F.);
#212439=ORIENTED_EDGE('',*,*,#211349,.F.);
#212440=ORIENTED_EDGE('',*,*,#210070,.T.);
#212441=FACE_OUTER_BOUND('',#212436,.T.);
#212442=ADVANCED_FACE('PartBody',(#212441),#211377,.T.);
#212443=B_SPLINE_SURFACE_WITH_KNOTS('',5,5,((#212444,#212445,#212446,#212447,#212448,#212449),(#212450,#212451,#212452,#212453,#212454,#212455),(#212456,#212457,#212458,#212459,#212460,#212461),(#212462,#212463,#212464,#212465,#212466,#212467),(#212468,#212469,#212470,#212471,#212472,#212473),(#212474,#212475,#212476,#212477,#212478,#212479)),.UNSPECIFIED.,.F.,.F.,.U.,(6,6),(6,6),(487.16619486,516.821403429),(8.40778807064,30.1764362528),.UNSPECIFIED.);
#212444=CARTESIAN_POINT('Control Point',(4143.81438414,1897.40745275,61.4711097622));
#212445=CARTESIAN_POINT('Control Point',(4148.11407578,1897.74949779,61.3722231369));
#212446=CARTESIAN_POINT('Control Point',(4152.41377943,1898.09154419,61.2733371807));
#212447=CARTESIAN_POINT('Control Point',(4156.71348843,1898.43359129,61.1744520779));
#212448=CARTESIAN_POINT('Control Point',(4161.01319615,1898.77563843,61.0755680131));
#212449=CARTESIAN_POINT('Control Point',(4165.31289595,1899.11768493,60.9766851704));
#212450=CARTESIAN_POINT('Control Point',(4143.83810662,1896.21071474,55.6636333248));
#212451=CARTESIAN_POINT('Control Point',(4148.13784342,1896.55144122,55.5643375067));
#212452=CARTESIAN_POINT('Control Point',(4152.43754899,1896.89216545,55.4650430785));
#212453=CARTESIAN_POINT('Control Point',(4156.73724239,1897.2328889,55.3657496891));
#212454=CARTESIAN_POINT('Control Point',(4161.03694267,1897.57361303,55.2664569873));
#212455=CARTESIAN_POINT('Control Point',(4165.33666889,1897.91433929,55.1671646219));
#212456=CARTESIAN_POINT('Control Point',(4143.86164808,1894.99553414,49.8610857013));
#212457=CARTESIAN_POINT('Control Point',(4148.16142328,1895.33494502,49.7613824686));
#212458=CARTESIAN_POINT('Control Point',(4152.46113275,1895.67435062,49.6616807384));
#212459=CARTESIAN_POINT('Control Point',(4156.76081494,1896.01375409,49.5619801355));
#212460=CARTESIAN_POINT('Control Point',(4161.06050826,1896.35315859,49.4622802849));
#212461=CARTESIAN_POINT('Control Point',(4165.36025116,1896.69256725,49.3625808115));
#212462=CARTESIAN_POINT('Control Point',(4143.88502256,1893.7619396,44.0635463742));
#212463=CARTESIAN_POINT('Control Point',(4148.18481307,1894.10003667,43.9634373684));
#212464=CARTESIAN_POINT('Control Point',(4152.48452547,1894.43812718,43.863329643));
#212465=CARTESIAN_POINT('Control Point',(4156.78420446,1894.77621493,43.7632230379));
#212466=CARTESIAN_POINT('Control Point',(4161.08389473,1895.11430371,43.6631173929));
#212467=CARTESIAN_POINT('Control Point',(4165.38364099,1895.45239732,43.5630125476));
#212468=CARTESIAN_POINT('Control Point',(4143.90824407,1892.50995928,38.2710909931));
#212469=CARTESIAN_POINT('Control Point',(4148.20801054,1892.84674315,38.170577756));
#212470=CARTESIAN_POINT('Control Point',(4152.50772193,1893.18352213,38.0700655171));
#212471=CARTESIAN_POINT('Control Point',(4156.80740934,1893.520299,37.9695542967));
#212472=CARTESIAN_POINT('Control Point',(4161.10710387,1893.85707654,37.8690441152));
#212473=CARTESIAN_POINT('Control Point',(4165.40683661,1894.19385754,37.768534993));
#212474=CARTESIAN_POINT('Control Point',(4143.93132664,1891.23962101,32.483792144));
#212475=CARTESIAN_POINT('Control Point',(4148.2310134,1891.57509113,32.3828761613));
#212476=CARTESIAN_POINT('Control Point',(4152.53071688,1891.91056217,32.281961108));
#212477=CARTESIAN_POINT('Control Point',(4156.83042796,1892.24603362,32.1810468779));
#212478=CARTESIAN_POINT('Control Point',(4161.13013747,1892.58150496,32.0801333647));
#212479=CARTESIAN_POINT('Control Point',(4165.42983627,1892.91697567,31.9792204621));
#212480=B_SPLINE_CURVE_WITH_KNOTS('',5,(#212481,#212482,#212483,#212484,#212485,#212486,#212487,#212488,#212489,#212490,#212491,#212492),.UNSPECIFIED.,.F.,.U.,(6,3,3,6),(0.478000449375,9.15917242021,16.6201932546,28.7503495789),.UNSPECIFIED.);
#212481=CARTESIAN_POINT('Control Point',(4143.81522454,1897.36663521,61.2730632845));
#212482=CARTESIAN_POINT('Control Point',(4145.032648,1897.46563764,61.2555583255));
#212483=CARTESIAN_POINT('Control Point',(4146.26056828,1897.56580502,61.2394025906));
#212484=CARTESIAN_POINT('Control Point',(4147.50826397,1897.66766187,61.2233459562));
#212485=CARTESIAN_POINT('Control Point',(4149.77228032,1897.85217113,61.1926667826));
#212486=CARTESIAN_POINT('Control Point',(4152.03490686,1898.03644454,61.1613861497));
#212487=CARTESIAN_POINT('Control Point',(4154.30952722,1898.22178885,61.1303760692));
#212488=CARTESIAN_POINT('Control Point',(4157.05748884,1898.44569583,61.0928568921));
#212489=CARTESIAN_POINT('Control Point',(4159.80596653,1898.66966951,61.0554093339));
#212490=CARTESIAN_POINT('Control Point',(4161.50783388,1898.80836137,61.0322377947));
#212491=CARTESIAN_POINT('Control Point',(4163.20975065,1898.94706197,61.0090728745));
#212492=CARTESIAN_POINT('Control Point',(4164.91167958,1899.08576713,60.9859096018));
#212493=EDGE_CURVE('',#210192,#210780,#212480,.T.);
#212494=EDGE_LOOP('',(#212495,#212496,#212497,#212498));
#212495=ORIENTED_EDGE('',*,*,#212493,.F.);
#212496=ORIENTED_EDGE('',*,*,#210199,.T.);
#212497=ORIENTED_EDGE('',*,*,#210267,.T.);
#212498=ORIENTED_EDGE('',*,*,#210787,.T.);
#212499=FACE_OUTER_BOUND('',#212494,.T.);
#212500=ADVANCED_FACE('PartBody',(#212499),#212443,.T.);
#212501=B_SPLINE_SURFACE_WITH_KNOTS('',5,3,((#212502,#212503,#212504,#212505),(#212506,#212507,#212508,#212509),(#212510,#212511,#212512,#212513),(#212514,#212515,#212516,#212517),(#212518,#212519,#212520,#212521),(#212522,#212523,#212524,#212525),(#212526,#212527,#212528,#212529),(#212530,#212531,#212532,#212533),(#212534,#212535,#212536,#212537)),.UNSPECIFIED.,.F.,.F.,.U.,(6,3,6),(4,4),(1021.69961001,1121.64367429,1221.58773857),(7.94151353652,29.7707537897),.UNSPECIFIED.);
#212502=CARTESIAN_POINT('Control Point',(4143.48595522,1834.11126186,955.229876186));
#212503=CARTESIAN_POINT('Control Point',(4150.67187108,1835.10887401,955.291979336));
#212504=CARTESIAN_POINT('Control Point',(4157.8577867,1836.10648807,955.354080216));
#212505=CARTESIAN_POINT('Control Point',(4165.04370208,1837.10410402,955.416178833));
#212506=CARTESIAN_POINT('Control Point',(4143.48314188,1840.41064401,936.301626552));
#212507=CARTESIAN_POINT('Control Point',(4150.66905868,1841.40216203,936.347793334));
#212508=CARTESIAN_POINT('Control Point',(4157.85497522,1842.39368193,936.393957876));
#212509=CARTESIAN_POINT('Control Point',(4165.04089153,1843.38520371,936.440120185));
#212510=CARTESIAN_POINT('Control Point',(4143.48030484,1846.45579724,917.288361487));
#212511=CARTESIAN_POINT('Control Point',(4150.66622251,1847.44077889,917.319031713));
#212512=CARTESIAN_POINT('Control Point',(4157.85213994,1848.4257624,917.349699738));
#212513=CARTESIAN_POINT('Control Point',(4165.03805712,1849.41074776,917.380365566));
#212514=CARTESIAN_POINT('Control Point',(4143.4774427,1852.24493376,898.194527737));
#212515=CARTESIAN_POINT('Control Point',(4150.66336119,1853.22293333,898.210205901));
#212516=CARTESIAN_POINT('Control Point',(4157.84927943,1854.20093474,898.225881911));
#212517=CARTESIAN_POINT('Control Point',(4165.03519743,1855.17893797,898.24155577));
#212518=CARTESIAN_POINT('Control Point',(4143.47166451,1863.30741924,859.854555608));
#212519=CARTESIAN_POINT('Control Point',(4150.65758445,1864.27056205,859.84141333));
#212520=CARTESIAN_POINT('Control Point',(4157.84350415,1865.23370665,859.828269015));
#212521=CARTESIAN_POINT('Control Point',(4165.02942361,1866.19685302,859.815122665));
#212522=CARTESIAN_POINT('Control Point',(4143.46577778,1873.33016856,821.227759455));
#212523=CARTESIAN_POINT('Control Point',(4150.65169871,1874.27669213,821.188498795));
#212524=CARTESIAN_POINT('Control Point',(4157.83761941,1875.22321742,821.149236267));
#212525=CARTESIAN_POINT('Control Point',(4165.02353987,1876.16974442,821.109971873));
#212526=CARTESIAN_POINT('Control Point',(4143.46280505,1878.07958073,801.847047741));
#212527=CARTESIAN_POINT('Control Point',(4150.64872634,1879.01735969,801.795497076));
#212528=CARTESIAN_POINT('Control Point',(4157.8346474,1879.95514034,801.743944644));
#212529=CARTESIAN_POINT('Control Point',(4165.02056822,1880.89292267,801.692390444));
#212530=CARTESIAN_POINT('Control Point',(4143.4598062,1882.56481677,782.403545395));
#212531=CARTESIAN_POINT('Control Point',(4150.64572767,1883.49342809,782.340583913));
#212532=CARTESIAN_POINT('Control Point',(4157.83164891,1884.42204107,782.27762078));
#212533=CARTESIAN_POINT('Control Point',(4165.01756992,1885.35065569,782.214655995));
#212534=CARTESIAN_POINT('Control Point',(4143.45677671,1886.7834905,762.901570626));
#212535=CARTESIAN_POINT('Control Point',(4150.64269815,1887.70253253,762.828207495));
#212536=CARTESIAN_POINT('Control Point',(4157.82861936,1888.62157617,762.754842849));
#212537=CARTESIAN_POINT('Control Point',(4165.01454036,1889.54062143,762.681476686));
#212538=B_SPLINE_CURVE_WITH_KNOTS('',3,(#212539,#212540,#212541,#212542),.UNSPECIFIED.,.F.,.U.,(4,4),(0.642494521212,31.4680138356),.UNSPECIFIED.);
#212539=CARTESIAN_POINT('Control Point',(4143.48584707,1834.35322584,954.50232636));
#212540=CARTESIAN_POINT('Control Point',(4150.67171667,1835.26982738,954.806831621));
#212541=CARTESIAN_POINT('Control Point',(4157.85757088,1836.18677399,955.111448514));
#212542=CARTESIAN_POINT('Control Point',(4165.04340973,1837.10406343,955.416176305));
#212543=EDGE_CURVE('',#211133,#210405,#212538,.T.);
#212544=B_SPLINE_CURVE_WITH_KNOTS('',3,(#212545,#212546,#212547,#212548),.UNSPECIFIED.,.F.,.U.,(4,4),(-10.8633168289,10.8623583966),.UNSPECIFIED.);
#212545=CARTESIAN_POINT('Control Point',(4165.014349,1889.53001741,762.730791541));
#212546=CARTESIAN_POINT('Control Point',(4157.86252033,1888.61533876,762.803641815));
#212547=CARTESIAN_POINT('Control Point',(4150.71069145,1887.70066191,762.876490811));
#212548=CARTESIAN_POINT('Control Point',(4143.55886234,1886.78598686,762.949338531));
#212549=EDGE_CURVE('',#210316,#211117,#212544,.T.);
#212550=EDGE_LOOP('',(#212551,#212552,#212553,#212554,#212555));
#212551=ORIENTED_EDGE('',*,*,#212543,.F.);
#212552=ORIENTED_EDGE('',*,*,#211134,.T.);
#212553=ORIENTED_EDGE('',*,*,#212549,.F.);
#212554=ORIENTED_EDGE('',*,*,#210317,.T.);
#212555=ORIENTED_EDGE('',*,*,#210412,.T.);
#212556=FACE_OUTER_BOUND('',#212550,.T.);
#212557=ADVANCED_FACE('PartBody',(#212556),#212501,.T.);
#212558=B_SPLINE_SURFACE_WITH_KNOTS('',5,3,((#212559,#212560,#212561,#212562),(#212563,#212564,#212565,#212566),(#212567,#212568,#212569,#212570),(#212571,#212572,#212573,#212574),(#212575,#212576,#212577,#212578),(#212579,#212580,#212581,#212582),(#212583,#212584,#212585,#212586),(#212587,#212588,#212589,#212590),(#212591,#212592,#212593,#212594),(#212595,#212596,#212597,#212598),(#212599,#212600,#212601,#212602),(#212603,#212604,#212605,#212606)),.UNSPECIFIED.,.F.,.F.,.U.,(6,3,3,6),(4,4),(241.615448217,419.593822062,826.6531926,1007.73906387),(7.58479153468,29.7704577612),.UNSPECIFIED.);
#212559=CARTESIAN_POINT('Control Point',(4143.10718748,1442.79535819,1621.55981777));
#212560=CARTESIAN_POINT('Control Point',(4150.41039228,1443.78735782,1622.36675103));
#212561=CARTESIAN_POINT('Control Point',(4157.71359698,1444.77935919,1623.17368299));
#212562=CARTESIAN_POINT('Control Point',(4165.01680159,1445.77136228,1623.98061368));
#212563=CARTESIAN_POINT('Control Point',(4143.10417908,1466.84017297,1595.41240879));
#212564=CARTESIAN_POINT('Control Point',(4150.40738506,1467.84575791,1596.18390442));
#212565=CARTESIAN_POINT('Control Point',(4157.71059094,1468.85134458,1596.95539872));
#212566=CARTESIAN_POINT('Control Point',(4165.01379672,1469.85693298,1597.72689169));
#212567=CARTESIAN_POINT('Control Point',(4143.1011365,1490.25478468,1568.68422869));
#212568=CARTESIAN_POINT('Control Point',(4150.40434368,1491.27242008,1569.42012443));
#212569=CARTESIAN_POINT('Control Point',(4157.70755075,1492.29005721,1570.1560188));
#212570=CARTESIAN_POINT('Control Point',(4165.01075772,1493.30769606,1570.89191182));
#212571=CARTESIAN_POINT('Control Point',(4143.09806325,1513.0193119,1541.39326861));
#212572=CARTESIAN_POINT('Control Point',(4150.40127164,1514.0474494,1542.09352121));
#212573=CARTESIAN_POINT('Control Point',(4157.70447992,1515.07558862,1542.79377243));
#212574=CARTESIAN_POINT('Control Point',(4165.00768809,1516.10372955,1543.49402226));
#212575=CARTESIAN_POINT('Control Point',(4143.08786961,1585.65157505,1449.90095872));
#212576=CARTESIAN_POINT('Control Point',(4150.39108199,1586.70926686,1450.48417992));
#212577=CARTESIAN_POINT('Control Point',(4157.69429424,1587.76696037,1451.06739964));
#212578=CARTESIAN_POINT('Control Point',(4164.99750636,1588.82465556,1451.65061787));
#212579=CARTESIAN_POINT('Control Point',(4143.07739287,1650.87016969,1352.80245208));
#212580=CARTESIAN_POINT('Control Point',(4150.38060931,1651.94152106,1353.26964501));
#212581=CARTESIAN_POINT('Control Point',(4157.68382562,1653.01287408,1353.73683636));
#212582=CARTESIAN_POINT('Control Point',(4164.98704178,1654.08422874,1354.20402615));
#212583=CARTESIAN_POINT('Control Point',(4143.06997153,1692.45540139,1282.8033581));
#212584=CARTESIAN_POINT('Control Point',(4150.37319088,1693.52905725,1283.19099519));
#212585=CARTESIAN_POINT('Control Point',(4157.67641007,1694.60271473,1283.57863064));
#212586=CARTESIAN_POINT('Control Point',(4164.97962912,1695.67637381,1283.96626446));
#212587=CARTESIAN_POINT('Control Point',(4143.05903054,1746.85488768,1178.54926348));
#212588=CARTESIAN_POINT('Control Point',(4150.36225434,1747.92208961,1178.82357594));
#212589=CARTESIAN_POINT('Control Point',(4157.66547799,1748.98929312,1179.09788668));
#212590=CARTESIAN_POINT('Control Point',(4164.96870147,1750.05649818,1179.3721957));
#212591=CARTESIAN_POINT('Control Point',(4143.04771296,1792.78863796,1070.44380785));
#212592=CARTESIAN_POINT('Control Point',(4150.35094125,1793.83483914,1070.61109028));
#212593=CARTESIAN_POINT('Control Point',(4157.65416937,1794.88104183,1070.77837096));
#212594=CARTESIAN_POINT('Control Point',(4164.95739732,1795.927246,1070.94564992));
#212595=CARTESIAN_POINT('Control Point',(4143.04418952,1806.1189467,1036.82052857));
#212596=CARTESIAN_POINT('Control Point',(4150.34741919,1807.15728967,1036.95562936));
#212597=CARTESIAN_POINT('Control Point',(4157.65064868,1808.19563412,1037.09072841));
#212598=CARTESIAN_POINT('Control Point',(4164.953878,1809.23398002,1037.22582573));
#212599=CARTESIAN_POINT('Control Point',(4143.04061936,1818.62731734,1002.88543721));
#212600=CARTESIAN_POINT('Control Point',(4150.34385038,1819.65635726,1002.98936572));
#212601=CARTESIAN_POINT('Control Point',(4157.64708122,1820.68539864,1003.09329252));
#212602=CARTESIAN_POINT('Control Point',(4164.95031188,1821.71444145,1003.1972176));
#212603=CARTESIAN_POINT('Control Point',(4143.0369952,1830.30327632,968.664936302));
#212604=CARTESIAN_POINT('Control Point',(4150.34022747,1831.32154279,968.739072027));
#212605=CARTESIAN_POINT('Control Point',(4157.64345956,1832.33981067,968.813206063));
#212606=CARTESIAN_POINT('Control Point',(4164.94669148,1833.35807997,968.887338415));
#212607=B_SPLINE_CURVE_WITH_KNOTS('',5,(#212608,#212609,#212610,#212611,#212612,#212613,#212614,#212615,#212616,#212617,#212618,#212619,#212620,#212621,#212622),.UNSPECIFIED.,.F.,.U.,(6,3,3,3,6),(682.479348553,929.56917624,1349.99848113,1645.34163306,1762.41706956),.UNSPECIFIED.);
#212608=CARTESIAN_POINT('Control Point',(4143.10715959,1443.0182523,1621.3173892));
#212609=CARTESIAN_POINT('Control Point',(4143.11876397,1466.68986433,1595.57033286));
#212610=CARTESIAN_POINT('Control Point',(4143.13049812,1489.75026526,1569.26049883));
#212611=CARTESIAN_POINT('Control Point',(4143.14234923,1512.18013324,1542.40547943));
#212612=CARTESIAN_POINT('Control Point',(4143.17464526,1571.02414114,1468.43546829));
#212613=CARTESIAN_POINT('Control Point',(4143.20767556,1625.0183635,1390.78921912));
#212614=CARTESIAN_POINT('Control Point',(4143.22874327,1657.02226774,1340.53359981));
#212615=CARTESIAN_POINT('Control Point',(4143.26514513,1707.99006012,1252.86237082));
#212616=CARTESIAN_POINT('Control Point',(4143.30251203,1752.81283068,1161.9381489));
#212617=CARTESIAN_POINT('Control Point',(4143.31810243,1770.24034625,1123.91300849));
#212618=CARTESIAN_POINT('Control Point',(4143.34013745,1793.07166131,1070.14969881));
#212619=CARTESIAN_POINT('Control Point',(4143.36262175,1813.76788095,1015.5481954));
#212620=CARTESIAN_POINT('Control Point',(4143.36904344,1819.47002016,999.983193214));
#212621=CARTESIAN_POINT('Control Point',(4143.37550692,1824.99818883,984.355758161));
#212622=CARTESIAN_POINT('Control Point',(4143.38201476,1830.3513813,968.668438625));
#212623=CARTESIAN_POINT('Vertex',(4143.38201731,1830.35136315,968.668432096));
#212624=VERTEX_POINT('',#212623);
#212625=EDGE_CURVE('',#203680,#212624,#212607,.T.);
#212626=B_SPLINE_CURVE_WITH_KNOTS('',5,(#212627,#212628,#212629,#212630,#212631,#212632,#212633,#212634,#212635,#212636,#212637,#212638),.UNSPECIFIED.,.F.,.U.,(6,3,3,6),(0.774700997724,9.43147819042,17.1216424361,29.6694998002),.UNSPECIFIED.);
#212627=CARTESIAN_POINT('Control Point',(4143.38201476,1830.3513813,968.668438625));
#212628=CARTESIAN_POINT('Control Point',(4144.59384733,1830.50711507,968.719511488));
#212629=CARTESIAN_POINT('Control Point',(4145.82518747,1830.66503079,968.772384429));
#212630=CARTESIAN_POINT('Control Point',(4147.09033006,1830.82723183,968.826884373));
#212631=CARTESIAN_POINT('Control Point',(4149.37386246,1831.12040667,968.924104589));
#212632=CARTESIAN_POINT('Control Point',(4151.65645218,1831.41352735,969.021179477));
#212633=CARTESIAN_POINT('Control Point',(4154.0209024,1831.71712426,969.121906907));
#212634=CARTESIAN_POINT('Control Point',(4156.85034203,1832.08045277,969.242443648));
#212635=CARTESIAN_POINT('Control Point',(4159.68090809,1832.4439535,969.363087335));
#212636=CARTESIAN_POINT('Control Point',(4161.43612557,1832.66937184,969.437911449));
#212637=CARTESIAN_POINT('Control Point',(4163.19143818,1832.89481782,969.512748083));
#212638=CARTESIAN_POINT('Control Point',(4164.94676536,1833.12028211,969.587590797));
#212639=EDGE_CURVE('',#212624,#210397,#212626,.T.);
#212640=EDGE_LOOP('',(#212641,#212642,#212643,#212644,#212645,#212646));
#212641=ORIENTED_EDGE('',*,*,#203689,.T.);
#212642=ORIENTED_EDGE('',*,*,#212625,.T.);
#212643=ORIENTED_EDGE('',*,*,#212639,.T.);
#212644=ORIENTED_EDGE('',*,*,#210398,.T.);
#212645=ORIENTED_EDGE('',*,*,#203746,.T.);
#212646=ORIENTED_EDGE('',*,*,#203738,.T.);
#212647=FACE_OUTER_BOUND('',#212640,.T.);
#212648=ADVANCED_FACE('PartBody',(#212647),#212558,.T.);
#212649=B_SPLINE_SURFACE_WITH_KNOTS('',5,5,((#212650,#212651,#212652,#212653,#212654,#212655),(#212656,#212657,#212658,#212659,#212660,#212661),(#212662,#212663,#212664,#212665,#212666,#212667),(#212668,#212669,#212670,#212671,#212672,#212673),(#212674,#212675,#212676,#212677,#212678,#212679),(#212680,#212681,#212682,#212683,#212684,#212685)),.UNSPECIFIED.,.F.,.F.,.U.,(6,6),(6,6),(1006.99983478,1022.46787194),(7.93415688076,30.3186200402),.UNSPECIFIED.);
#212650=CARTESIAN_POINT('Control Point',(4143.3771397,1830.14755474,969.378721867));
#212651=CARTESIAN_POINT('Control Point',(4147.79935824,1830.75702719,969.421533447));
#212652=CARTESIAN_POINT('Control Point',(4152.22157694,1831.36649813,969.464350434));
#212653=CARTESIAN_POINT('Control Point',(4156.6437958,1831.97596753,969.507172807));
#212654=CARTESIAN_POINT('Control Point',(4161.06601482,1832.58543537,969.550000541));
#212655=CARTESIAN_POINT('Control Point',(4165.48823402,1833.19490161,969.592833616));
#212656=CARTESIAN_POINT('Control Point',(4143.39755852,1831.00107549,966.406366057));
#212657=CARTESIAN_POINT('Control Point',(4147.81978627,1831.60991126,966.447675131));
#212658=CARTESIAN_POINT('Control Point',(4152.24201417,1832.2187455,966.488989617));
#212659=CARTESIAN_POINT('Control Point',(4156.66424223,1832.82757822,966.530309498));
#212660=CARTESIAN_POINT('Control Point',(4161.08647046,1833.43640938,966.571634758));
#212661=CARTESIAN_POINT('Control Point',(4165.50869885,1834.04523899,966.612965378));
#212662=CARTESIAN_POINT('Control Point',(4143.41791225,1831.84830684,963.432525056));
#212663=CARTESIAN_POINT('Control Point',(4147.84014913,1832.45649981,963.472338272));
#212664=CARTESIAN_POINT('Control Point',(4152.26238618,1833.06469123,963.512156899));
#212665=CARTESIAN_POINT('Control Point',(4156.6846234,1833.67288111,963.551980927));
#212666=CARTESIAN_POINT('Control Point',(4161.10686077,1834.28106946,963.591810348));
#212667=CARTESIAN_POINT('Control Point',(4165.52909831,1834.88925629,963.631645153));
#212668=CARTESIAN_POINT('Control Point',(4143.4382006,1832.68924538,960.457216615));
#212669=CARTESIAN_POINT('Control Point',(4147.86044656,1833.29678948,960.495540772));
#212670=CARTESIAN_POINT('Control Point',(4152.2826927,1833.904332,960.533870337));
#212671=CARTESIAN_POINT('Control Point',(4156.704939,1834.51187296,960.572205309));
#212672=CARTESIAN_POINT('Control Point',(4161.12718547,1835.1194124,960.610545689));
#212673=CARTESIAN_POINT('Control Point',(4165.54943209,1835.72695036,960.648891476));
#212674=CARTESIAN_POINT('Control Point',(4143.45842331,1833.52388764,957.48045848));
#212675=CARTESIAN_POINT('Control Point',(4147.88067829,1834.13077683,957.517300532));
#212676=CARTESIAN_POINT('Control Point',(4152.30293344,1834.73766441,957.554147992));
#212677=CARTESIAN_POINT('Control Point',(4156.72518876,1835.34455043,957.591000867));
#212678=CARTESIAN_POINT('Control Point',(4161.14744424,1835.95143495,957.627859165));
#212679=CARTESIAN_POINT('Control Point',(4165.56969987,1836.55831803,957.664722894));
#212680=CARTESIAN_POINT('Control Point',(4143.47858012,1834.3522301,954.502268391));
#212681=CARTESIAN_POINT('Control Point',(4147.90084403,1834.95845839,954.53763545));
#212682=CARTESIAN_POINT('Control Point',(4152.32310811,1835.56468505,954.573007927));
#212683=CARTESIAN_POINT('Control Point',(4156.74537237,1836.17091017,954.608385831));
#212684=CARTESIAN_POINT('Control Point',(4161.16763678,1836.7771338,954.643769177));
#212685=CARTESIAN_POINT('Control Point',(4165.58990135,1837.38335604,954.679157975));
#212686=B_SPLINE_CURVE_WITH_KNOTS('',3,(#212687,#212688,#212689,#212690),.UNSPECIFIED.,.F.,.U.,(4,4),(1762.41706956,1783.1902561),.UNSPECIFIED.);
#212687=CARTESIAN_POINT('Control Point',(4143.38201737,1830.35136307,968.668432405));
#212688=CARTESIAN_POINT('Control Point',(4143.41681905,1831.70434192,963.950818821));
#212689=CARTESIAN_POINT('Control Point',(4143.45142964,1833.03830624,959.228732404));
#212690=CARTESIAN_POINT('Control Point',(4143.48584701,1834.35322628,954.502326509));
#212691=EDGE_CURVE('',#212624,#211133,#212686,.T.);
#212692=EDGE_LOOP('',(#212693,#212694,#212695,#212696));
#212693=ORIENTED_EDGE('',*,*,#212639,.F.);
#212694=ORIENTED_EDGE('',*,*,#212691,.T.);
#212695=ORIENTED_EDGE('',*,*,#212543,.T.);
#212696=ORIENTED_EDGE('',*,*,#210406,.T.);
#212697=FACE_OUTER_BOUND('',#212692,.T.);
#212698=ADVANCED_FACE('PartBody',(#212697),#212649,.T.);
#212699=B_SPLINE_SURFACE_WITH_KNOTS('',5,3,((#212700,#212701,#212702,#212703),(#212704,#212705,#212706,#212707),(#212708,#212709,#212710,#212711),(#212712,#212713,#212714,#212715),(#212716,#212717,#212718,#212719),(#212720,#212721,#212722,#212723),(#212724,#212725,#212726,#212727),(#212728,#212729,#212730,#212731),(#212732,#212733,#212734,#212735)),.UNSPECIFIED.,.F.,.F.,.U.,(6,3,6),(4,4),(-0.0338956882288,110.183156317,220.381676123),(8.04078044284,29.7704577611),.UNSPECIFIED.);
#212700=CARTESIAN_POINT('Control Point',(4143.55597622,1886.77557176,762.998777316));
#212701=CARTESIAN_POINT('Control Point',(4150.70912041,1887.69047316,762.925785323));
#212702=CARTESIAN_POINT('Control Point',(4157.86226438,1888.60537613,762.85279181));
#212703=CARTESIAN_POINT('Control Point',(4165.01540813,1889.52028068,762.779796776));
#212704=CARTESIAN_POINT('Control Point',(4143.55259404,1891.15720078,741.435300207));
#212705=CARTESIAN_POINT('Control Point',(4150.70573819,1892.06147413,741.351024861));
#212706=CARTESIAN_POINT('Control Point',(4157.85888213,1892.96574902,741.266748133));
#212707=CARTESIAN_POINT('Control Point',(4165.01202585,1893.87002544,741.182470021));
#212708=CARTESIAN_POINT('Control Point',(4143.54918845,1895.21376466,719.805200476));
#212709=CARTESIAN_POINT('Control Point',(4150.70233219,1896.10695136,719.710796878));
#212710=CARTESIAN_POINT('Control Point',(4157.85547575,1897.00013943,719.616392751));
#212711=CARTESIAN_POINT('Control Point',(4165.00861912,1897.89332885,719.521988084));
#212712=CARTESIAN_POINT('Control Point',(4143.54572839,1898.94597938,698.0915214));
#212713=CARTESIAN_POINT('Control Point',(4150.69887034,1899.82652194,697.994068344));
#212714=CARTESIAN_POINT('Control Point',(4157.85201215,1900.70706572,697.896615659));
#212715=CARTESIAN_POINT('Control Point',(4165.00515381,1901.58761073,697.799163337));
#212716=CARTESIAN_POINT('Control Point',(4143.53874708,1905.74000823,654.587092709));
#212717=CARTESIAN_POINT('Control Point',(4150.69188259,1906.59437687,654.492273833));
#212718=CARTESIAN_POINT('Control Point',(4157.84501798,1907.44874655,654.39745637));
#212719=CARTESIAN_POINT('Control Point',(4164.99815328,1908.30311729,654.302640318));
#212720=CARTESIAN_POINT('Control Point',(4143.53162352,1911.18901115,610.88972777));
#212721=CARTESIAN_POINT('Control Point',(4150.68475239,1912.01710959,610.803308655));
#212722=CARTESIAN_POINT('Control Point',(4157.83788114,1912.84520913,610.716890604));
#212723=CARTESIAN_POINT('Control Point',(4164.99100978,1913.67330978,610.630473614));
#212724=CARTESIAN_POINT('Control Point',(4143.52795685,1913.57468608,588.985934405));
#212725=CARTESIAN_POINT('Control Point',(4150.68108266,1914.38999711,588.902235828));
#212726=CARTESIAN_POINT('Control Point',(4157.83420835,1915.20530931,588.81853774));
#212727=CARTESIAN_POINT('Control Point',(4164.98733391,1916.0206227,588.734840134));
#212728=CARTESIAN_POINT('Control Point',(4143.52437255,1915.61174673,567.071821718));
#212729=CARTESIAN_POINT('Control Point',(4150.67749615,1916.41507837,566.98577297));
#212730=CARTESIAN_POINT('Control Point',(4157.83061962,1917.21841119,566.899724069));
#212731=CARTESIAN_POINT('Control Point',(4164.98374295,1918.0217452,566.813675007));
#212732=CARTESIAN_POINT('Control Point',(4143.52068459,1917.29908139,545.131234391));
#212733=CARTESIAN_POINT('Control Point',(4150.67380692,1918.09025974,545.042472386));
#212734=CARTESIAN_POINT('Control Point',(4157.82692911,1918.8814393,544.953710118));
#212735=CARTESIAN_POINT('Control Point',(4164.98005116,1919.67262007,544.864947582));
#212736=B_SPLINE_CURVE_WITH_KNOTS('',2,(#212737,#212738,#212739),.UNSPECIFIED.,.F.,.U.,(3,3),(0.,30.5521366495),.UNSPECIFIED.);
#212737=CARTESIAN_POINT('Control Point',(4143.64444649,1917.3127702,545.129698648));
#212738=CARTESIAN_POINT('Control Point',(4154.31184426,1918.49264194,544.997414759));
#212739=CARTESIAN_POINT('Control Point',(4164.9792416,1919.67251755,544.86513021));
#212740=EDGE_CURVE('',#211348,#210453,#212736,.T.);
#212741=EDGE_LOOP('',(#212742,#212743,#212744,#212745,#212746,#212747));
#212742=ORIENTED_EDGE('',*,*,#212549,.T.);
#212743=ORIENTED_EDGE('',*,*,#211369,.T.);
#212744=ORIENTED_EDGE('',*,*,#212740,.T.);
#212745=ORIENTED_EDGE('',*,*,#210468,.T.);
#212746=ORIENTED_EDGE('',*,*,#210508,.T.);
#212747=ORIENTED_EDGE('',*,*,#210546,.T.);
#212748=FACE_OUTER_BOUND('',#212741,.T.);
#212749=ADVANCED_FACE('PartBody',(#212748),#212699,.T.);
#212750=B_SPLINE_SURFACE_WITH_KNOTS('',5,3,((#212751,#212752,#212753,#212754),(#212755,#212756,#212757,#212758),(#212759,#212760,#212761,#212762),(#212763,#212764,#212765,#212766),(#212767,#212768,#212769,#212770),(#212771,#212772,#212773,#212774),(#212775,#212776,#212777,#212778),(#212779,#212780,#212781,#212782),(#212783,#212784,#212785,#212786),(#212787,#212788,#212789,#212790),(#212791,#212792,#212793,#212794),(#212795,#212796,#212797,#212798),(#212799,#212800,#212801,#212802),(#212803,#212804,#212805,#212806),(#212807,#212808,#212809,#212810),(#212811,#212812,#212813,#212814),(#212815,#212816,#212817,#212818),(#212819,#212820,#212821,#212822),(#212823,#212824,#212825,#212826),(#212827,#212828,#212829,#212830),(#212831,#212832,#212833,#212834),(#212835,#212836,#212837,#212838),(#212839,#212840,#212841,#212842),(#212843,#212844,#212845,#212846),(#212847,#212848,#212849,#212850),(#212851,#212852,#212853,#212854),(#212855,#212856,#212857,#212858),(#212859,#212860,#212861,#212862),(#212863,#212864,#212865,#212866),(#212867,#212868,#212869,#212870),(#212871,#212872,#212873,#212874),(#212875,#212876,#212877,#212878),(#212879,#212880,#212881,#212882),(#212883,#212884,#212885,#212886),(#212887,#212888,#212889,#212890),(#212891,#212892,#212893,#212894),(#212895,#212896,#212897,#212898),(#212899,#212900,#212901,#212902),(#212903,#212904,#212905,#212906),(#212907,#212908,#212909,#212910),(#212911,#212912,#212913,#212914),(#212915,#212916,#212917,#212918),(#212919,#212920,#212921,#212922),(#212923,#212924,#212925,#212926),(#212927,#212928,#212929,#212930),(#212931,#212932,#212933,#212934),(#212935,#212936,#212937,#212938),(#212939,#212940,#212941,#212942),(#212943,#212944,#212945,#212946),(#212947,#212948,#212949,#212950),(#212951,#212952,#212953,#212954),(#212955,#212956,#212957,#212958),(#212959,#212960,#212961,#212962),(#212963,#212964,#212965,#212966),(#212967,#212968,#212969,#212970),(#212971,#212972,#212973,#212974),(#212975,#212976,#212977,#212978),(#212979,#212980,#212981,#212982),(#212983,#212984,#212985,#212986),(#212987,#212988,#212989,#212990)),.UNSPECIFIED.,.F.,.F.,.U.,(6,3,3,3,3,3,3,3,3,3,3,3,3,3,3,3,3,3,3,6),(4,4),(-0.0161761798033,67.163643431,100.753553236,117.548508139,134.343463042,142.623603851,150.903744659,155.989563527,161.075382394,168.722116079,176.368849763,224.451578349,240.918098483,251.315145715,262.856989977,274.230027954,289.394057963,340.575444378,391.756830792,487.368457039),(8.16872255421,29.8219428391),.UNSPECIFIED.);
#212751=CARTESIAN_POINT('Control Point',(4143.64634643,1917.31296841,545.129831659));
#212752=CARTESIAN_POINT('Control Point',(4150.77430212,1918.10136283,545.041387269));
#212753=CARTESIAN_POINT('Control Point',(4157.90225767,1918.88975847,544.952942634));
#212754=CARTESIAN_POINT('Control Point',(4165.03021309,1919.67815532,544.864497747));
#212755=CARTESIAN_POINT('Control Point',(4143.64412112,1918.51036655,531.768363509));
#212756=CARTESIAN_POINT('Control Point',(4150.77207582,1919.29138692,531.6781664));
#212757=CARTESIAN_POINT('Control Point',(4157.90003039,1920.07240851,531.587968992));
#212758=CARTESIAN_POINT('Control Point',(4165.02798481,1920.85343131,531.497771242));
#212759=CARTESIAN_POINT('Control Point',(4143.64188343,1919.5776663,518.39562602));
#212760=CARTESIAN_POINT('Control Point',(4150.76983723,1920.35132051,518.303529142));
#212761=CARTESIAN_POINT('Control Point',(4157.89779089,1921.12497594,518.211431869));
#212762=CARTESIAN_POINT('Control Point',(4165.02574442,1921.89863258,518.119334252));
#212763=CARTESIAN_POINT('Control Point',(4143.63962533,1920.5136297,505.014007785));
#212764=CARTESIAN_POINT('Control Point',(4150.76757827,1921.27990108,504.919869927));
#212765=CARTESIAN_POINT('Control Point',(4157.89553108,1922.04617369,504.825731638));
#212766=CARTESIAN_POINT('Control Point',(4165.02348374,1922.81244752,504.731592898));
#212767=CARTESIAN_POINT('Control Point',(4143.63621907,1921.71868897,484.930147149));
#212768=CARTESIAN_POINT('Control Point',(4150.76417074,1922.47387012,484.83278773));
#212769=CARTESIAN_POINT('Control Point',(4157.89212227,1923.22905249,484.735427793));
#212770=CARTESIAN_POINT('Control Point',(4165.02007367,1923.98423607,484.63806734));
#212771=CARTESIAN_POINT('Control Point',(4143.63278926,1922.62233867,464.831850784));
#212772=CARTESIAN_POINT('Control Point',(4150.7607397,1923.36641022,464.731110877));
#212773=CARTESIAN_POINT('Control Point',(4157.88869001,1924.11048297,464.630370392));
#212774=CARTESIAN_POINT('Control Point',(4165.01664018,1924.85455694,464.529629319));
#212775=CARTESIAN_POINT('Control Point',(4143.63164387,1922.88989341,458.130974157));
#212776=CARTESIAN_POINT('Control Point',(4150.7595939,1923.63025986,458.029094272));
#212777=CARTESIAN_POINT('Control Point',(4157.8875438,1924.37062753,457.927213789));
#212778=CARTESIAN_POINT('Control Point',(4165.01549356,1925.11099641,457.8253327));
#212779=CARTESIAN_POINT('Control Point',(4143.62992281,1923.24046415,448.077727092));
#212780=CARTESIAN_POINT('Control Point',(4150.75787224,1923.97527017,447.974124436));
#212781=CARTESIAN_POINT('Control Point',(4157.88582154,1924.71007739,447.870521154));
#212782=CARTESIAN_POINT('Control Point',(4165.01377071,1925.44488582,447.76691724));
#212783=CARTESIAN_POINT('Control Point',(4143.62819675,1923.51446241,438.022056591));
#212784=CARTESIAN_POINT('Control Point',(4150.75614561,1924.24370087,437.916720646));
#212785=CARTESIAN_POINT('Control Point',(4157.88409433,1924.97294054,437.81138405));
#212786=CARTESIAN_POINT('Control Point',(4165.01204293,1925.7021814,437.706046799));
#212787=CARTESIAN_POINT('Control Point',(4143.6276208,1923.59726321,434.669923362));
#212788=CARTESIAN_POINT('Control Point',(4150.75556947,1924.32464487,434.564008968));
#212789=CARTESIAN_POINT('Control Point',(4157.88351801,1925.05202773,434.458093915));
#212790=CARTESIAN_POINT('Control Point',(4165.01146642,1925.77941179,434.3521782));
#212791=CARTESIAN_POINT('Control Point',(4143.6264676,1923.74575164,427.965229349));
#212792=CARTESIAN_POINT('Control Point',(4150.7544159,1924.4694173,427.858157558));
#212793=CARTESIAN_POINT('Control Point',(4157.88236406,1925.19308417,427.751085093));
#212794=CARTESIAN_POINT('Control Point',(4165.0103121,1925.91675222,427.644011949));
#212795=CARTESIAN_POINT('Control Point',(4143.62531132,1923.85991175,421.259815218));
#212796=CARTESIAN_POINT('Control Point',(4150.75325926,1924.5798552,421.151586481));
#212797=CARTESIAN_POINT('Control Point',(4157.88120707,1925.29979985,421.043357055));
#212798=CARTESIAN_POINT('Control Point',(4165.00915475,1926.01974568,420.935126938));
#212799=CARTESIAN_POINT('Control Point',(4143.62472438,1923.90838775,417.906477961));
#212800=CARTESIAN_POINT('Control Point',(4150.7526705,1924.62646871,417.797569244));
#212801=CARTESIAN_POINT('Control Point',(4157.8806165,1925.34455069,417.688659881));
#212802=CARTESIAN_POINT('Control Point',(4165.00856239,1926.0626337,417.579749867));
#212803=CARTESIAN_POINT('Control Point',(4143.62387017,1923.96786203,412.901183513));
#212804=CARTESIAN_POINT('Control Point',(4150.7518185,1924.68315712,412.791565242));
#212805=CARTESIAN_POINT('Control Point',(4157.87976668,1925.39845348,412.681946242));
#212806=CARTESIAN_POINT('Control Point',(4165.00771472,1926.11375112,412.572326506));
#212807=CARTESIAN_POINT('Control Point',(4143.62299553,1924.00803745,407.894667685));
#212808=CARTESIAN_POINT('Control Point',(4150.7509424,1924.72054113,407.784114659));
#212809=CARTESIAN_POINT('Control Point',(4157.87888914,1925.43304597,407.67356093));
#212810=CARTESIAN_POINT('Control Point',(4165.00683576,1926.14555195,407.563006492));
#212811=CARTESIAN_POINT('Control Point',(4143.62274356,1924.01865564,406.326934057));
#212812=CARTESIAN_POINT('Control Point',(4150.75068963,1924.73033892,406.216067635));
#212813=CARTESIAN_POINT('Control Point',(4157.8786356,1925.44202326,406.105200528));
#212814=CARTESIAN_POINT('Control Point',(4165.00658144,1926.15370867,405.994332731));
#212815=CARTESIAN_POINT('Control Point',(4143.62223845,1924.03548662,403.277147104));
#212816=CARTESIAN_POINT('Control Point',(4150.75018559,1924.74551483,403.165833709));
#212817=CARTESIAN_POINT('Control Point',(4157.87813261,1925.45554426,403.054519585));
#212818=CARTESIAN_POINT('Control Point',(4165.00607949,1926.16557491,402.943204726));
#212819=CARTESIAN_POINT('Control Point',(4143.62167842,1924.04487275,400.22667481));
#212820=CARTESIAN_POINT('Control Point',(4150.7496268,1924.75312233,400.114925841));
#212821=CARTESIAN_POINT('Control Point',(4157.87757503,1925.46137325,400.003176093));
#212822=CARTESIAN_POINT('Control Point',(4165.00552312,1926.16962551,399.89142556));
#212823=CARTESIAN_POINT('Control Point',(4143.62134545,1924.04804301,398.656607958));
#212824=CARTESIAN_POINT('Control Point',(4150.74930728,1924.75534924,398.545441748));
#212825=CARTESIAN_POINT('Control Point',(4157.8772689,1925.46265752,398.434274316));
#212826=CARTESIAN_POINT('Control Point',(4165.00523029,1926.16996786,398.323105655));
#212827=CARTESIAN_POINT('Control Point',(4143.62089943,1924.05109792,395.989817588));
#212828=CARTESIAN_POINT('Control Point',(4150.74883391,1924.75688642,395.876481756));
#212829=CARTESIAN_POINT('Control Point',(4157.87676838,1925.46267499,395.763145579));
#212830=CARTESIAN_POINT('Control Point',(4165.00470283,1926.16846365,395.649809058));
#212831=CARTESIAN_POINT('Control Point',(4143.62082737,1924.04832829,393.320653155));
#212832=CARTESIAN_POINT('Control Point',(4150.74875582,1924.75375367,393.206478276));
#212833=CARTESIAN_POINT('Control Point',(4157.87668427,1925.45917908,393.09230325));
#212834=CARTESIAN_POINT('Control Point',(4165.00461272,1926.1646045,392.978128077));
#212835=CARTESIAN_POINT('Control Point',(4143.62071133,1924.04709327,392.303496101));
#212836=CARTESIAN_POINT('Control Point',(4150.74865047,1924.75220121,392.189822295));
#212837=CARTESIAN_POINT('Control Point',(4157.87658955,1925.45730958,392.076147992));
#212838=CARTESIAN_POINT('Control Point',(4165.00452859,1926.16241838,391.962473193));
#212839=CARTESIAN_POINT('Control Point',(4143.62039908,1924.04391107,390.271158529));
#212840=CARTESIAN_POINT('Control Point',(4150.74834697,1924.74807029,390.157691328));
#212841=CARTESIAN_POINT('Control Point',(4157.87629471,1925.45223084,390.044223339));
#212842=CARTESIAN_POINT('Control Point',(4165.00424231,1926.15639269,389.930754555));
#212843=CARTESIAN_POINT('Control Point',(4143.61999448,1924.03834986,388.240286319));
#212844=CARTESIAN_POINT('Control Point',(4150.74794378,1924.74123657,388.126569409));
#212845=CARTESIAN_POINT('Control Point',(4157.87589292,1925.44412476,388.012851652));
#212846=CARTESIAN_POINT('Control Point',(4165.0038419,1926.14701444,387.899133043));
#212847=CARTESIAN_POINT('Control Point',(4143.61980278,1924.0347402,387.225658344));
#212848=CARTESIAN_POINT('Control Point',(4150.74774796,1924.73698399,387.111511851));
#212849=CARTESIAN_POINT('Control Point',(4157.87569303,1925.43922883,386.997364645));
#212850=CARTESIAN_POINT('Control Point',(4165.00363799,1926.14147472,386.883216723));
#212851=CARTESIAN_POINT('Control Point',(4143.61940335,1924.02287039,384.683798665));
#212852=CARTESIAN_POINT('Control Point',(4150.74734724,1924.72380775,384.569142297));
#212853=CARTESIAN_POINT('Control Point',(4157.87529103,1925.42474607,384.454485256));
#212854=CARTESIAN_POINT('Control Point',(4165.00323471,1926.12568533,384.339827537));
#212855=CARTESIAN_POINT('Control Point',(4143.61891791,1924.00666439,382.14013885));
#212856=CARTESIAN_POINT('Control Point',(4150.74686856,1924.70613694,382.025487242));
#212857=CARTESIAN_POINT('Control Point',(4157.87481903,1925.40561111,381.910834719));
#212858=CARTESIAN_POINT('Control Point',(4165.00276933,1926.1050869,381.796181276));
#212859=CARTESIAN_POINT('Control Point',(4143.61867902,1923.99518837,380.614262405));
#212860=CARTESIAN_POINT('Control Point',(4150.74662323,1924.69384855,380.498943464));
#212861=CARTESIAN_POINT('Control Point',(4157.87456733,1925.39250971,380.383623826));
#212862=CARTESIAN_POINT('Control Point',(4165.00251132,1926.09117186,380.268303486));
#212863=CARTESIAN_POINT('Control Point',(4143.61821822,1923.96882517,377.560675847));
#212864=CARTESIAN_POINT('Control Point',(4150.74615993,1924.66599285,377.444681381));
#212865=CARTESIAN_POINT('Control Point',(4157.87410155,1925.3631613,377.328686296));
#212866=CARTESIAN_POINT('Control Point',(4165.00204308,1926.06033052,377.212690593));
#212867=CARTESIAN_POINT('Control Point',(4143.61780363,1923.93600547,374.506802612));
#212868=CARTESIAN_POINT('Control Point',(4150.74574461,1924.63182646,374.390245978));
#212869=CARTESIAN_POINT('Control Point',(4157.87368552,1925.32764816,374.273688747));
#212870=CARTESIAN_POINT('Control Point',(4165.00162634,1926.02347058,374.157130916));
#212871=CARTESIAN_POINT('Control Point',(4143.61759684,1923.91806621,372.979731952));
#212872=CARTESIAN_POINT('Control Point',(4150.74553847,1924.61322269,372.862959721));
#212873=CARTESIAN_POINT('Control Point',(4157.87348001,1925.30837995,372.746186865));
#212874=CARTESIAN_POINT('Control Point',(4165.00142147,1926.00353798,372.629413384));
#212875=CARTESIAN_POINT('Control Point',(4143.61598707,1923.77703574,361.850910471));
#212876=CARTESIAN_POINT('Control Point',(4150.7439303,1924.46704616,361.732369346));
#212877=CARTESIAN_POINT('Control Point',(4157.87187341,1925.15705753,361.613827515));
#212878=CARTESIAN_POINT('Control Point',(4164.99981643,1925.84706984,361.495284975));
#212879=CARTESIAN_POINT('Control Point',(4143.61447288,1923.55675161,350.725100187));
#212880=CARTESIAN_POINT('Control Point',(4150.74239962,1924.24178668,350.603608154));
#212881=CARTESIAN_POINT('Control Point',(4157.87032641,1924.92682123,350.482116004));
#212882=CARTESIAN_POINT('Control Point',(4164.99825325,1925.61185527,350.36062374));
#212883=CARTESIAN_POINT('Control Point',(4143.61317165,1923.31277688,341.304199323));
#212884=CARTESIAN_POINT('Control Point',(4150.74111141,1923.99366958,341.18198361));
#212885=CARTESIAN_POINT('Control Point',(4157.86905109,1924.67456291,341.059767292));
#212886=CARTESIAN_POINT('Control Point',(4164.99699071,1925.35545687,340.937550369));
#212887=CARTESIAN_POINT('Control Point',(4143.61125703,1922.90564566,328.417638119));
#212888=CARTESIAN_POINT('Control Point',(4150.73919847,1923.58050615,328.293415744));
#212889=CARTESIAN_POINT('Control Point',(4157.86713981,1924.25536751,328.169192668));
#212890=CARTESIAN_POINT('Control Point',(4164.99508105,1924.93022972,328.044968887));
#212891=CARTESIAN_POINT('Control Point',(4143.60928278,1922.38721446,315.539089842));
#212892=CARTESIAN_POINT('Control Point',(4150.73722399,1923.05572833,315.412788522));
#212893=CARTESIAN_POINT('Control Point',(4157.8651651,1923.72424306,315.286486483));
#212894=CARTESIAN_POINT('Control Point',(4164.99310612,1924.39275865,315.160183721));
#212895=CARTESIAN_POINT('Control Point',(4143.60877911,1922.24704013,312.253822553));
#212896=CARTESIAN_POINT('Control Point',(4150.73672329,1922.91395617,312.127217686));
#212897=CARTESIAN_POINT('Control Point',(4157.86466731,1923.58087372,312.000611941));
#212898=CARTESIAN_POINT('Control Point',(4164.99261117,1924.24779278,311.874005311));
#212899=CARTESIAN_POINT('Control Point',(4143.60815746,1922.00923556,306.892794327));
#212900=CARTESIAN_POINT('Control Point',(4150.73609045,1922.67411694,306.764480771));
#212901=CARTESIAN_POINT('Control Point',(4157.86402345,1923.33899819,306.63616686));
#212902=CARTESIAN_POINT('Control Point',(4164.99195645,1924.00387931,306.507852597));
#212903=CARTESIAN_POINT('Control Point',(4143.60732398,1921.75361105,301.534788772));
#212904=CARTESIAN_POINT('Control Point',(4150.73526957,1922.41586642,301.406555023));
#212905=CARTESIAN_POINT('Control Point',(4157.86321502,1923.07812324,301.278320329));
#212906=CARTESIAN_POINT('Control Point',(4164.99116031,1923.7403815,301.150084682));
#212907=CARTESIAN_POINT('Control Point',(4143.60677497,1921.6514045,299.461603316));
#212908=CARTESIAN_POINT('Control Point',(4150.73472183,1922.31198696,299.333184106));
#212909=CARTESIAN_POINT('Control Point',(4157.86266862,1922.97257007,299.204763922));
#212910=CARTESIAN_POINT('Control Point',(4164.99061533,1923.63315384,299.076342767));
#212911=CARTESIAN_POINT('Control Point',(4143.60641791,1921.42799705,295.087288652));
#212912=CARTESIAN_POINT('Control Point',(4150.73433583,1922.0871632,294.955985304));
#212913=CARTESIAN_POINT('Control Point',(4157.86225379,1922.74632911,294.824682215));
#212914=CARTESIAN_POINT('Control Point',(4164.99017177,1923.40549477,294.693379383));
#212915=CARTESIAN_POINT('Control Point',(4143.60630287,1921.19728211,290.705381007));
#212916=CARTESIAN_POINT('Control Point',(4150.73423995,1921.85619396,290.574708936));
#212917=CARTESIAN_POINT('Control Point',(4157.862177,1922.51510606,290.444036313));
#212918=CARTESIAN_POINT('Control Point',(4164.99011401,1923.17401842,290.313363141));
#212919=CARTESIAN_POINT('Control Point',(4143.60577058,1921.09700109,288.782815963));
#212920=CARTESIAN_POINT('Control Point',(4150.73371855,1921.75429539,288.652680345));
#212921=CARTESIAN_POINT('Control Point',(4157.86166632,1922.41159165,288.522543644));
#212922=CARTESIAN_POINT('Control Point',(4164.98961389,1923.06888986,288.392405846));
#212923=CARTESIAN_POINT('Control Point',(4143.60461347,1920.84405483,284.217542019));
#212924=CARTESIAN_POINT('Control Point',(4150.73256518,1921.49772613,284.08711087));
#212925=CARTESIAN_POINT('Control Point',(4157.86051666,1922.15139967,283.956678413));
#212926=CARTESIAN_POINT('Control Point',(4164.9884679,1922.80507545,283.826244636));
#212927=CARTESIAN_POINT('Control Point',(4143.60387551,1920.57095884,279.65164635));
#212928=CARTESIAN_POINT('Control Point',(4150.73180823,1921.22213441,279.519075694));
#212929=CARTESIAN_POINT('Control Point',(4157.85974095,1921.87330983,279.386504674));
#212930=CARTESIAN_POINT('Control Point',(4164.98767368,1922.52448508,279.253933293));
#212931=CARTESIAN_POINT('Control Point',(4143.60400482,1920.43097133,277.382880002));
#212932=CARTESIAN_POINT('Control Point',(4150.73192406,1921.08237605,277.248841426));
#212933=CARTESIAN_POINT('Control Point',(4157.8598433,1921.73378076,277.114803051));
#212934=CARTESIAN_POINT('Control Point',(4164.98776255,1922.38518545,276.980764875));
#212935=CARTESIAN_POINT('Control Point',(4143.60392832,1920.10758287,272.084742053));
#212936=CARTESIAN_POINT('Control Point',(4150.73186396,1920.75884706,271.950990606));
#212937=CARTESIAN_POINT('Control Point',(4157.85979962,1921.41011108,271.817238674));
#212938=CARTESIAN_POINT('Control Point',(4164.98773528,1922.06137494,271.683486261));
#212939=CARTESIAN_POINT('Control Point',(4143.60310209,1919.77834728,266.796200725));
#212940=CARTESIAN_POINT('Control Point',(4150.73104479,1920.42699155,266.662167554));
#212941=CARTESIAN_POINT('Control Point',(4157.85898734,1921.07563726,266.528133508));
#212942=CARTESIAN_POINT('Control Point',(4164.98692974,1921.72428441,266.394098579));
#212943=CARTESIAN_POINT('Control Point',(4143.60271648,1919.58264137,263.773802592));
#212944=CARTESIAN_POINT('Control Point',(4150.73065341,1920.23001604,263.638866476));
#212945=CARTESIAN_POINT('Control Point',(4157.85859028,1920.87739121,263.503929773));
#212946=CARTESIAN_POINT('Control Point',(4164.98652709,1921.5247669,263.368992483));
#212947=CARTESIAN_POINT('Control Point',(4143.60107982,1918.70754019,250.549980712));
#212948=CARTESIAN_POINT('Control Point',(4150.72901586,1919.34966779,250.412890688));
#212949=CARTESIAN_POINT('Control Point',(4157.85695185,1919.99179597,250.275800105));
#212950=CARTESIAN_POINT('Control Point',(4164.98488776,1920.63392471,250.138708961));
#212951=CARTESIAN_POINT('Control Point',(4143.5995107,1917.73679244,237.336161138));
#212952=CARTESIAN_POINT('Control Point',(4150.7274483,1918.37374725,237.1971582));
#212953=CARTESIAN_POINT('Control Point',(4157.85538586,1919.01070236,237.058154629));
#212954=CARTESIAN_POINT('Control Point',(4164.98332338,1919.64765775,236.919150424));
#212955=CARTESIAN_POINT('Control Point',(4143.59825451,1916.93073387,227.141498318));
#212956=CARTESIAN_POINT('Control Point',(4150.72619047,1917.56370207,227.000795051));
#212957=CARTESIAN_POINT('Control Point',(4157.85412638,1918.19667076,226.860091212));
#212958=CARTESIAN_POINT('Control Point',(4164.98206223,1918.82963994,226.7193868));
#212959=CARTESIAN_POINT('Control Point',(4143.59581465,1915.20555817,206.764687424));
#212960=CARTESIAN_POINT('Control Point',(4150.7237502,1915.8306184,206.620869064));
#212961=CARTESIAN_POINT('Control Point',(4157.8516857,1916.45567911,206.477050136));
#212962=CARTESIAN_POINT('Control Point',(4164.97962114,1917.08074029,206.33323064));
#212963=CARTESIAN_POINT('Control Point',(4143.59340942,1913.25442111,186.408211135));
#212964=CARTESIAN_POINT('Control Point',(4150.72134459,1913.87166084,186.261355841));
#212965=CARTESIAN_POINT('Control Point',(4157.84927971,1914.48890102,186.114499982));
#212966=CARTESIAN_POINT('Control Point',(4164.97721478,1915.10614166,185.967643558));
#212967=CARTESIAN_POINT('Control Point',(4143.59221544,1912.22254551,176.235998257));
#212968=CARTESIAN_POINT('Control Point',(4150.72015042,1912.83589634,176.087643252));
#212969=CARTESIAN_POINT('Control Point',(4157.84808535,1913.44924761,175.939287686));
#212970=CARTESIAN_POINT('Control Point',(4164.97602023,1914.06259932,175.790931556));
#212971=CARTESIAN_POINT('Control Point',(4143.58881672,1909.10193506,147.081077889));
#212972=CARTESIAN_POINT('Control Point',(4150.71675119,1909.70419662,146.928475101));
#212973=CARTESIAN_POINT('Control Point',(4157.8446856,1910.30645861,146.775871757));
#212974=CARTESIAN_POINT('Control Point',(4164.97261997,1910.90872101,146.623267855));
#212975=CARTESIAN_POINT('Control Point',(4143.58548288,1905.51925904,117.978167201));
#212976=CARTESIAN_POINT('Control Point',(4150.71341688,1906.11058906,117.82146247));
#212977=CARTESIAN_POINT('Control Point',(4157.84135085,1906.70191949,117.664757185));
#212978=CARTESIAN_POINT('Control Point',(4164.96928476,1907.29325031,117.508051346));
#212979=CARTESIAN_POINT('Control Point',(4143.58333893,1902.99028557,99.0483174101));
#212980=CARTESIAN_POINT('Control Point',(4150.71127264,1903.57455892,98.8889862963));
#212981=CARTESIAN_POINT('Control Point',(4157.8392063,1904.15883265,98.7296546303));
#212982=CARTESIAN_POINT('Control Point',(4164.96713992,1904.74310677,98.5703224117));
#212983=CARTESIAN_POINT('Control Point',(4143.58122169,1900.26632489,80.1475151784));
#212984=CARTESIAN_POINT('Control Point',(4150.70915513,1900.8436015,79.985594004));
#212985=CARTESIAN_POINT('Control Point',(4157.83708853,1901.42087848,79.8236722783));
#212986=CARTESIAN_POINT('Control Point',(4164.96502188,1901.99815583,79.6617500009));
#212987=CARTESIAN_POINT('Control Point',(4143.57913132,1897.34778727,61.2785047088));
#212988=CARTESIAN_POINT('Control Point',(4150.7070645,1897.91812514,61.1140248461));
#212989=CARTESIAN_POINT('Control Point',(4157.83499764,1898.48846336,60.9495444329));
#212990=CARTESIAN_POINT('Control Point',(4164.96293075,1899.05880195,60.7850634689));
#212991=EDGE_LOOP('',(#212992,#212993,#212994,#212995,#212996));
#212992=ORIENTED_EDGE('',*,*,#212493,.T.);
#212993=ORIENTED_EDGE('',*,*,#210781,.T.);
#212994=ORIENTED_EDGE('',*,*,#210827,.T.);
#212995=ORIENTED_EDGE('',*,*,#212740,.F.);
#212996=ORIENTED_EDGE('',*,*,#212435,.T.);
#212997=FACE_OUTER_BOUND('',#212991,.T.);
#212998=ADVANCED_FACE('PartBody',(#212997),#212750,.T.);
#212999=B_SPLINE_SURFACE_WITH_KNOTS('',3,5,((#213000,#213001,#213002,#213003,#213004,#213005),(#213006,#213007,#213008,#213009,#213010,#213011),(#213012,#213013,#213014,#213015,#213016,#213017),(#213018,#213019,#213020,#213021,#213022,#213023)),.UNSPECIFIED.,.F.,.F.,.U.,(4,4),(6,6),(1762.30043204,1783.19025616),(0.,9.048),.UNSPECIFIED.);
#213000=CARTESIAN_POINT('Control Point',(4137.14000008,1823.56448671,966.439764269));
#213001=CARTESIAN_POINT('Control Point',(4137.13880804,1825.52420576,967.108486376));
#213002=CARTESIAN_POINT('Control Point',(4137.87957426,1827.4858141,967.777853173));
#213003=CARTESIAN_POINT('Control Point',(4139.37364232,1829.10586495,968.330669056));
#213004=CARTESIAN_POINT('Control Point',(4141.32828869,1830.06562914,968.658172904));
#213005=CARTESIAN_POINT('Control Point',(4143.38143108,1830.32857109,968.74789755));
#213006=CARTESIAN_POINT('Control Point',(4137.38551071,1825.15027748,961.792535623));
#213007=CARTESIAN_POINT('Control Point',(4137.38466342,1827.04539154,962.433404747));
#213008=CARTESIAN_POINT('Control Point',(4138.1007896,1828.94212952,963.074822411));
#213009=CARTESIAN_POINT('Control Point',(4139.54459855,1830.50821326,963.604421915));
#213010=CARTESIAN_POINT('Control Point',(4141.43305049,1831.43569096,963.91806429));
#213011=CARTESIAN_POINT('Control Point',(4143.41643031,1831.68936139,964.003845956));
#213012=CARTESIAN_POINT('Control Point',(4137.63102641,1826.71756918,957.138980567));
#213013=CARTESIAN_POINT('Control Point',(4137.63052411,1828.54783919,957.752504247));
#213014=CARTESIAN_POINT('Control Point',(4138.3219823,1830.37946659,958.366482288));
#213015=CARTESIAN_POINT('Control Point',(4139.71547425,1831.89139646,958.873293665));
#213016=CARTESIAN_POINT('Control Point',(4141.5376673,1832.78650551,959.173340784));
#213017=CARTESIAN_POINT('Control Point',(4143.45123631,1833.0309232,959.255270293));
#213018=CARTESIAN_POINT('Control Point',(4137.87654143,1828.26630421,952.479244237));
#213019=CARTESIAN_POINT('Control Point',(4137.87638442,1830.03149838,953.065933699));
#213020=CARTESIAN_POINT('Control Point',(4138.54314701,1831.79778221,953.652985324));
#213021=CARTESIAN_POINT('Control Point',(4139.88626472,1833.2553778,954.137439661));
#213022=CARTESIAN_POINT('Control Point',(4141.64213546,1834.1180404,954.424158858));
#213023=CARTESIAN_POINT('Control Point',(4143.48584691,1834.35322628,954.502326506));
#213024=B_SPLINE_CURVE_WITH_KNOTS('',5,(#213025,#213026,#213027,#213028,#213029,#213030,#213031,#213032,#213033,#213034,#213035,#213036,#213037,#213038,#213039,#213040,#213041,#213042),.UNSPECIFIED.,.F.,.U.,(6,3,3,3,3,6),(0.,6.35283344106,9.50977729529,11.1189408984,12.7281045014,15.9168650633),.UNSPECIFIED.);
#213025=CARTESIAN_POINT('Control Point',(4137.14000008,1823.56448671,966.439764268));
#213026=CARTESIAN_POINT('Control Point',(4137.14000148,1824.35300909,966.698708777));
#213027=CARTESIAN_POINT('Control Point',(4137.2591759,1825.14401477,966.958624621));
#213028=CARTESIAN_POINT('Control Point',(4137.49738519,1825.90349148,967.207979763));
#213029=CARTESIAN_POINT('Control Point',(4138.01911697,1826.98208728,967.562118267));
#213030=CARTESIAN_POINT('Control Point',(4138.77205826,1827.93108785,967.87376016));
#213031=CARTESIAN_POINT('Control Point',(4139.04636144,1828.22960749,967.971801525));
#213032=CARTESIAN_POINT('Control Point',(4139.49450419,1828.65101674,968.110209353));
#213033=CARTESIAN_POINT('Control Point',(4139.98580663,1829.02209176,968.23208646));
#213034=CARTESIAN_POINT('Control Point',(4140.15222693,1829.13825689,968.270231466));
#213035=CARTESIAN_POINT('Control Point',(4140.48802399,1829.3564104,968.341875538));
#213036=CARTESIAN_POINT('Control Point',(4140.83727604,1829.55057771,968.40566481));
#213037=CARTESIAN_POINT('Control Point',(4141.01703204,1829.64293158,968.436014704));
#213038=CARTESIAN_POINT('Control Point',(4141.57575852,1829.90484213,968.522079178));
#213039=CARTESIAN_POINT('Control Point',(4142.16151732,1830.10824242,968.588931407));
#213040=CARTESIAN_POINT('Control Point',(4142.56140594,1830.21712196,968.624698804));
#213041=CARTESIAN_POINT('Control Point',(4142.96981702,1830.29833006,968.651277235));
#213042=CARTESIAN_POINT('Control Point',(4143.38201731,1830.35136315,968.668432096));
#213043=EDGE_CURVE('',#210877,#212624,#213024,.T.);
#213044=EDGE_LOOP('',(#213045,#213046,#213047,#213048));
#213045=ORIENTED_EDGE('',*,*,#213043,.F.);
#213046=ORIENTED_EDGE('',*,*,#210878,.T.);
#213047=ORIENTED_EDGE('',*,*,#211142,.F.);
#213048=ORIENTED_EDGE('',*,*,#212691,.F.);
#213049=FACE_OUTER_BOUND('',#213044,.T.);
#213050=ADVANCED_FACE('PartBody',(#213049),#212999,.T.);
#213051=B_SPLINE_SURFACE_WITH_KNOTS('',5,5,((#213052,#213053,#213054,#213055,#213056,#213057,#213058,#213059,#213060),(#213061,#213062,#213063,#213064,#213065,#213066,#213067,#213068,#213069),(#213070,#213071,#213072,#213073,#213074,#213075,#213076,#213077,#213078),(#213079,#213080,#213081,#213082,#213083,#213084,#213085,#213086,#213087),(#213088,#213089,#213090,#213091,#213092,#213093,#213094,#213095,#213096),(#213097,#213098,#213099,#213100,#213101,#213102,#213103,#213104,#213105),(#213106,#213107,#213108,#213109,#213110,#213111,#213112,#213113,#213114),(#213115,#213116,#213117,#213118,#213119,#213120,#213121,#213122,#213123),(#213124,#213125,#213126,#213127,#213128,#213129,#213130,#213131,#213132),(#213133,#213134,#213135,#213136,#213137,#213138,#213139,#213140,#213141),(#213142,#213143,#213144,#213145,#213146,#213147,#213148,#213149,#213150),(#213151,#213152,#213153,#213154,#213155,#213156,#213157,#213158,#213159)),.UNSPECIFIED.,.F.,.F.,.U.,(6,3,3,6),(6,3,6),(682.408701201,929.56917624,1349.99848113,1762.41707007),(0.,4.524,9.048),.UNSPECIFIED.);
#213052=CARTESIAN_POINT('Control Point',(4137.14,1437.75728006,1616.54871639));
#213053=CARTESIAN_POINT('Control Point',(4137.14,1438.49899357,1617.23059894));
#213054=CARTESIAN_POINT('Control Point',(4137.31601239,1439.24071295,1617.91248689));
#213055=CARTESIAN_POINT('Control Point',(4137.66820397,1439.95221649,1618.56659639));
#213056=CARTESIAN_POINT('Control Point',(4138.69512984,1441.25459255,1619.76391518));
#213057=CARTESIAN_POINT('Control Point',(4140.26104464,1442.22350746,1620.65467174));
#213058=CARTESIAN_POINT('Control Point',(4141.15247264,1442.6013967,1621.00207822));
#213059=CARTESIAN_POINT('Control Point',(4142.11466148,1442.85672516,1621.23681039));
#213060=CARTESIAN_POINT('Control Point',(4143.107143,1442.98441112,1621.35419645));
#213061=CARTESIAN_POINT('Control Point',(4137.14,1461.34351608,1590.89293491));
#213062=CARTESIAN_POINT('Control Point',(4137.14,1462.09905933,1591.56151533));
#213063=CARTESIAN_POINT('Control Point',(4137.31642399,1462.85460859,1592.23010107));
#213064=CARTESIAN_POINT('Control Point',(4137.66943991,1463.57930783,1592.87138518));
#213065=CARTESIAN_POINT('Control Point',(4138.69869787,1464.90554451,1594.04495778));
#213066=CARTESIAN_POINT('Control Point',(4140.26783489,1465.89138831,1594.91729206));
#213067=CARTESIAN_POINT('Control Point',(4141.16097893,1466.27553765,1595.25719884));
#213068=CARTESIAN_POINT('Control Point',(4142.12482473,1466.53461811,1595.48642447));
#213069=CARTESIAN_POINT('Control Point',(4143.11875054,1466.66349043,1595.60042249));
#213070=CARTESIAN_POINT('Control Point',(4137.14,1484.32031733,1564.67648609));
#213071=CARTESIAN_POINT('Control Point',(4137.14,1485.08942921,1565.33139479));
#213072=CARTESIAN_POINT('Control Point',(4137.31684064,1485.85854725,1565.98630874));
#213073=CARTESIAN_POINT('Control Point',(4137.67069106,1486.59618754,1566.61441529));
#213074=CARTESIAN_POINT('Control Point',(4138.70230933,1487.94580143,1567.76360697));
#213075=CARTESIAN_POINT('Control Point',(4140.27470569,1488.94816642,1568.61707465));
#213076=CARTESIAN_POINT('Control Point',(4141.1695848,1489.33839691,1568.94932015));
#213077=CARTESIAN_POINT('Control Point',(4142.13510465,1489.60108079,1569.17294651));
#213078=CARTESIAN_POINT('Control Point',(4143.13048792,1489.73102548,1569.28353412));
#213079=CARTESIAN_POINT('Control Point',(4137.14,1506.66850992,1537.9168466));
#213080=CARTESIAN_POINT('Control Point',(4137.14,1507.4509048,1538.55772928));
#213081=CARTESIAN_POINT('Control Point',(4137.31726192,1508.233306,1539.19861713));
#213082=CARTESIAN_POINT('Control Point',(4137.6719561,1508.9836093,1539.81320897));
#213083=CARTESIAN_POINT('Control Point',(4138.70596049,1510.35607464,1540.93741372));
#213084=CARTESIAN_POINT('Control Point',(4140.2816498,1511.37452303,1541.77159566));
#213085=CARTESIAN_POINT('Control Point',(4141.17828111,1511.77064456,1542.09602963));
#213086=CARTESIAN_POINT('Control Point',(4142.14549025,1512.0367766,1542.31397383));
#213087=CARTESIAN_POINT('Control Point',(4143.14234239,1512.16767759,1542.42113672));
#213088=CARTESIAN_POINT('Control Point',(4137.14,1565.28688538,1464.22279189));
#213089=CARTESIAN_POINT('Control Point',(4137.14,1566.1043232,1464.82488475));
#213090=CARTESIAN_POINT('Control Point',(4137.31841108,1566.92176776,1465.42698256));
#213091=CARTESIAN_POINT('Control Point',(4137.67540688,1567.70546291,1466.00421058));
#213092=CARTESIAN_POINT('Control Point',(4138.71591884,1569.13812217,1467.05938404));
#213093=CARTESIAN_POINT('Control Point',(4140.30058339,1570.19875455,1467.84042322));
#213094=CARTESIAN_POINT('Control Point',(4141.20198835,1570.61024746,1468.14338763));
#213095=CARTESIAN_POINT('Control Point',(4142.17379611,1570.88525876,1468.34578964));
#213096=CARTESIAN_POINT('Control Point',(4143.17464177,1571.01842663,1468.44368603));
#213097=CARTESIAN_POINT('Control Point',(4137.14,1619.07304426,1386.86636828));
#213098=CARTESIAN_POINT('Control Point',(4137.14,1619.92313596,1387.42737266));
#213099=CARTESIAN_POINT('Control Point',(4137.31959001,1620.77323479,1387.98838176));
#213100=CARTESIAN_POINT('Control Point',(4137.67894711,1621.58800262,1388.52606447));
#213101=CARTESIAN_POINT('Control Point',(4138.72613193,1623.07649715,1389.50831124));
#213102=CARTESIAN_POINT('Control Point',(4140.31998434,1624.17575653,1390.23358531));
#213103=CARTESIAN_POINT('Control Point',(4141.22627012,1624.60110336,1390.51417253));
#213104=CARTESIAN_POINT('Control Point',(4142.20276963,1624.88378864,1390.70058057));
#213105=CARTESIAN_POINT('Control Point',(4143.20767556,1625.01836349,1390.78921912));
#213106=CARTESIAN_POINT('Control Point',(4137.14,1650.94949285,1336.80507936));
#213107=CARTESIAN_POINT('Control Point',(4137.14,1651.81913427,1337.33935915));
#213108=CARTESIAN_POINT('Control Point',(4137.32034342,1652.68878309,1337.8736435));
#213109=CARTESIAN_POINT('Control Point',(4137.68120958,1653.52213604,1338.38561854));
#213110=CARTESIAN_POINT('Control Point',(4138.73265743,1655.04395157,1339.32051175));
#213111=CARTESIAN_POINT('Control Point',(4140.3323733,1656.1660502,1340.00972846));
#213112=CARTESIAN_POINT('Control Point',(4141.24177146,1656.59949384,1340.27590865));
#213113=CARTESIAN_POINT('Control Point',(4142.22125862,1656.88652137,1340.45210355));
#213114=CARTESIAN_POINT('Control Point',(4143.22874425,1657.02164245,1340.5349458));
#213115=CARTESIAN_POINT('Control Point',(4137.14,1710.02004459,1235.18256242));
#213116=CARTESIAN_POINT('Control Point',(4137.14,1710.92628804,1235.66241112));
#213117=CARTESIAN_POINT('Control Point',(4137.32186111,1711.83253939,1236.14226402));
#213118=CARTESIAN_POINT('Control Point',(4137.68576716,1712.70065072,1236.6019055));
#213119=CARTESIAN_POINT('Control Point',(4138.74579969,1714.28462649,1237.44050901));
#213120=CARTESIAN_POINT('Control Point',(4140.35731001,1715.44888551,1238.05670962));
#213121=CARTESIAN_POINT('Control Point',(4141.27296376,1715.89707475,1238.29383922));
#213122=CARTESIAN_POINT('Control Point',(4142.25844718,1716.19170423,1238.44960889));
#213123=CARTESIAN_POINT('Control Point',(4143.27109825,1716.32722865,1238.52109181));
#213124=CARTESIAN_POINT('Control Point',(4137.14,1760.80129629,1129.17716951));
#213125=CARTESIAN_POINT('Control Point',(4137.14,1761.73981319,1129.59987166));
#213126=CARTESIAN_POINT('Control Point',(4137.32343228,1762.67833848,1130.0225776));
#213127=CARTESIAN_POINT('Control Point',(4137.69048545,1763.57701974,1130.42732835));
#213128=CARTESIAN_POINT('Control Point',(4138.75939927,1765.21533915,1131.16515938));
#213129=CARTESIAN_POINT('Control Point',(4140.38308416,1766.41553204,1131.70556406));
#213130=CARTESIAN_POINT('Control Point',(4141.30518452,1766.87586877,1131.91279014));
#213131=CARTESIAN_POINT('Control Point',(4142.29682923,1767.17611185,1132.04788125));
#213132=CARTESIAN_POINT('Control Point',(4143.31476263,1767.31071513,1132.10834497));
#213133=CARTESIAN_POINT('Control Point',(4137.14,1783.86271598,1075.72368876));
#213134=CARTESIAN_POINT('Control Point',(4137.14,1784.81611058,1076.11750747));
#213135=CARTESIAN_POINT('Control Point',(4137.32422403,1785.76951382,1076.51132975));
#213136=CARTESIAN_POINT('Control Point',(4137.69286314,1786.68226593,1076.8883505));
#213137=CARTESIAN_POINT('Control Point',(4138.76625098,1788.34550839,1077.57532768));
#213138=CARTESIAN_POINT('Control Point',(4140.39606196,1789.56192345,1078.07763614));
#213139=CARTESIAN_POINT('Control Point',(4141.32140349,1790.02762393,1078.26989539));
#213140=CARTESIAN_POINT('Control Point',(4142.31614134,1790.33015395,1078.39472387));
#213141=CARTESIAN_POINT('Control Point',(4143.33672019,1790.46398027,1078.4498416));
#213142=CARTESIAN_POINT('Control Point',(4137.14,1804.80895378,1021.41166919));
#213143=CARTESIAN_POINT('Control Point',(4137.14,1805.77612992,1021.77605086));
#213144=CARTESIAN_POINT('Control Point',(4137.32503238,1806.74331493,1022.14043588));
#213145=CARTESIAN_POINT('Control Point',(4137.6952907,1807.66907828,1022.48920865));
#213146=CARTESIAN_POINT('Control Point',(4138.77324474,1809.35527069,1023.12443817));
#213147=CARTESIAN_POINT('Control Point',(4140.40930078,1810.58634864,1023.58813721));
#213148=CARTESIAN_POINT('Control Point',(4141.33794363,1811.05676716,1023.76529262));
#213149=CARTESIAN_POINT('Control Point',(4142.33582718,1811.36109655,1023.87985381));
#213150=CARTESIAN_POINT('Control Point',(4143.35908972,1811.49382984,1023.92974998));
#213151=CARTESIAN_POINT('Control Point',(4137.14,1823.59104769,966.361920475));
#213152=CARTESIAN_POINT('Control Point',(4137.14,1824.57092519,966.696239018));
#213153=CARTESIAN_POINT('Control Point',(4137.32586271,1825.55081181,967.030560673));
#213154=CARTESIAN_POINT('Control Point',(4137.69778429,1826.48854157,967.350499081));
#213155=CARTESIAN_POINT('Control Point',(4138.78042698,1828.19573564,967.932966416));
#213156=CARTESIAN_POINT('Control Point',(4140.42288758,1829.43992963,968.357465522));
#213157=CARTESIAN_POINT('Control Point',(4141.35491297,1829.91442286,968.519355028));
#213158=CARTESIAN_POINT('Control Point',(4142.35601435,1830.22006242,968.623634363));
#213159=CARTESIAN_POINT('Control Point',(4143.3820147,1830.35138141,968.668438303));
#213160=EDGE_LOOP('',(#213161,#213162,#213163,#213164));
#213161=ORIENTED_EDGE('',*,*,#210934,.T.);
#213162=ORIENTED_EDGE('',*,*,#213043,.T.);
#213163=ORIENTED_EDGE('',*,*,#212625,.F.);
#213164=ORIENTED_EDGE('',*,*,#203681,.T.);
#213165=FACE_OUTER_BOUND('',#213160,.T.);
#213166=ADVANCED_FACE('PartBody',(#213165),#213051,.T.);
#213167=CARTESIAN_POINT('Axis2P3D Location',(4135.3,1729.69825947,-428.185931196));
#213168=DIRECTION('Axis2P3D Direction',(-0.,0.370575492768,0.928802349351));
#213169=DIRECTION('Axis2P3D XDirection',(0.,-0.928802349351,0.370575492768));
#213170=AXIS2_PLACEMENT_3D('Plane Axis2P3D',#213167,#213168,#213169);
#213171=PLANE('',#213170);
#213172=CARTESIAN_POINT('Line Origine',(4129.3,1676.78786404,-407.0756316));
#213173=DIRECTION('Vector Direction',(0.,0.928802349351,-0.370575492768));
#213174=VECTOR('Line Direction',#213173,1.);
#213175=LINE('Line',#213172,#213174);
#213176=CARTESIAN_POINT('Vertex',(4129.3,1674.90796807,-406.325586797));
#213177=VERTEX_POINT('',#213176);
#213178=CARTESIAN_POINT('Vertex',(4129.3,1678.66776,-407.825676403));
#213179=VERTEX_POINT('',#213178);
#213180=EDGE_CURVE('',#213177,#213179,#213175,.T.);
#213181=CARTESIAN_POINT('Line Origine',(4129.80000001,1678.66776,-407.825676403));
#213182=DIRECTION('Vector Direction',(-1.,0.,0.));
#213183=VECTOR('Line Direction',#213182,1.);
#213184=LINE('Line',#213181,#213183);
#213185=EDGE_CURVE('',#205315,#213179,#213184,.T.);
#213186=CARTESIAN_POINT('Line Origine',(4129.80000001,1674.90796807,-406.325586797));
#213187=DIRECTION('Vector Direction',(-1.,0.,0.));
#213188=VECTOR('Line Direction',#213187,1.);
#213189=LINE('Line',#213186,#213188);
#213190=EDGE_CURVE('',#205624,#213177,#213189,.T.);
#213191=EDGE_LOOP('',(#213192,#213193,#213194,#213195,#213196,#213197,#213198,#213199));
#213192=ORIENTED_EDGE('',*,*,#213180,.T.);
#213193=ORIENTED_EDGE('',*,*,#213185,.F.);
#213194=ORIENTED_EDGE('',*,*,#205316,.T.);
#213195=ORIENTED_EDGE('',*,*,#204101,.F.);
#213196=ORIENTED_EDGE('',*,*,#203907,.T.);
#213197=ORIENTED_EDGE('',*,*,#205649,.T.);
#213198=ORIENTED_EDGE('',*,*,#205633,.F.);
#213199=ORIENTED_EDGE('',*,*,#213190,.T.);
#213200=FACE_OUTER_BOUND('',#213191,.T.);
#213201=ADVANCED_FACE('PartBody',(#213200),#213171,.F.);
#213202=B_SPLINE_CURVE_WITH_KNOTS('',5,(#213203,#213204,#213205,#213206,#213207,#213208,#213209,#213210,#213211),.UNSPECIFIED.,.F.,.U.,(6,3,6),(4654.94158816,4948.83061602,5346.0085164),.UNSPECIFIED.);
#213203=CARTESIAN_POINT('Control Point',(4135.3,1801.76598333,47.5715660329));
#213204=CARTESIAN_POINT('Control Point',(4135.3,1795.13978786,7.97359338071));
#213205=CARTESIAN_POINT('Control Point',(4135.3,1787.61758583,-31.4721955824));
#213206=CARTESIAN_POINT('Control Point',(4135.3,1779.20149665,-70.7459952605));
#213207=CARTESIAN_POINT('Control Point',(4135.3,1757.31257686,-162.651845456));
#213208=CARTESIAN_POINT('Control Point',(4135.3,1730.54753045,-253.278291485));
#213209=CARTESIAN_POINT('Control Point',(4135.3,1713.57044393,-304.872517893));
#213210=CARTESIAN_POINT('Control Point',(4135.3,1695.01599173,-355.909387192));
#213211=CARTESIAN_POINT('Control Point',(4135.3,1674.90796807,-406.3255868));
#213212=DIRECTION('Vector Direction',(-1.,0.,0.));
#213213=VECTOR('Extrusion Surface Vector',#213212,1.);
#213214=SURFACE_OF_LINEAR_EXTRUSION('generated tabulated cylinder',#213202,#213213);
#213215=B_SPLINE_CURVE_WITH_KNOTS('',3,(#213216,#213217,#213218,#213219),.UNSPECIFIED.,.F.,.U.,(4,4),(0.,109.369203761),.UNSPECIFIED.);
#213216=CARTESIAN_POINT('Control Point',(4129.3,1674.90796807,-406.325586797));
#213217=CARTESIAN_POINT('Control Point',(4123.29921137,1682.31818326,-387.746192994));
#213218=CARTESIAN_POINT('Control Point',(4117.29807007,1689.47554491,-369.064649451));
#213219=CARTESIAN_POINT('Control Point',(4111.3,1696.37624066,-350.291723011));
#213220=CARTESIAN_POINT('Vertex',(4111.3,1696.37624046,-350.291722957));
#213221=VERTEX_POINT('',#213220);
#213222=EDGE_CURVE('',#213221,#213177,#213215,.F.);
#213223=B_SPLINE_CURVE_WITH_KNOTS('',5,(#213224,#213225,#213226,#213227,#213228,#213229),.UNSPECIFIED.,.F.,.U.,(6,6),(0.,730.966153468),.UNSPECIFIED.);
#213224=CARTESIAN_POINT('Control Point',(4111.3,1801.76598333,47.5715660297));
#213225=CARTESIAN_POINT('Control Point',(4111.3,1788.16486525,-33.7083621567));
#213226=CARTESIAN_POINT('Control Point',(4111.3,1770.78875492,-114.35058554));
#213227=CARTESIAN_POINT('Control Point',(4111.3,1749.64171645,-194.211082403));
#213228=CARTESIAN_POINT('Control Point',(4111.3,1724.81820064,-272.917086884));
#213229=CARTESIAN_POINT('Control Point',(4111.3,1696.37624066,-350.291723011));
#213230=EDGE_CURVE('',#207616,#213221,#213223,.T.);
#213231=EDGE_LOOP('',(#213232,#213233,#213234,#213235,#213236));
#213232=ORIENTED_EDGE('',*,*,#213222,.T.);
#213233=ORIENTED_EDGE('',*,*,#213190,.F.);
#213234=ORIENTED_EDGE('',*,*,#205625,.F.);
#213235=ORIENTED_EDGE('',*,*,#207623,.T.);
#213236=ORIENTED_EDGE('',*,*,#213230,.T.);
#213237=FACE_OUTER_BOUND('',#213231,.T.);
#213238=ADVANCED_FACE('PartBody',(#213237),#213214,.F.);
#213239=B_SPLINE_SURFACE_WITH_KNOTS('',5,1,((#213240,#213241),(#213242,#213243),(#213244,#213245),(#213246,#213247),(#213248,#213249),(#213250,#213251),(#213252,#213253),(#213254,#213255),(#213256,#213257)),.UNSPECIFIED.,.F.,.F.,.U.,(6,3,6),(2,2),(15.708180098,19.9808322007,22.5996366218),(0.,62.6418390535),.UNSPECIFIED.);
#213240=CARTESIAN_POINT('Control Point',(4129.3,1674.1417109,-406.019863918));
#213241=CARTESIAN_POINT('Control Point',(4111.3,1696.37624046,-350.291722957));
#213242=CARTESIAN_POINT('Control Point',(4129.3,1674.70293407,-406.243781905));
#213243=CARTESIAN_POINT('Control Point',(4111.3,1696.93746363,-350.515640943));
#213244=CARTESIAN_POINT('Control Point',(4129.3,1675.2641573,-406.46769992));
#213245=CARTESIAN_POINT('Control Point',(4111.3,1697.49868687,-350.739558958));
#213246=CARTESIAN_POINT('Control Point',(4129.3,1675.82538061,-406.691617963));
#213247=CARTESIAN_POINT('Control Point',(4111.3,1698.05991018,-350.963477002));
#213248=CARTESIAN_POINT('Control Point',(4129.3,1676.73059041,-407.05278045));
#213249=CARTESIAN_POINT('Control Point',(4111.3,1698.96511998,-351.324639488));
#213250=CARTESIAN_POINT('Control Point',(4129.3,1677.63580039,-407.41394301));
#213251=CARTESIAN_POINT('Control Point',(4111.3,1699.87032996,-351.685802049));
#213252=CARTESIAN_POINT('Control Point',(4129.3,1677.9797869,-407.551187464));
#213253=CARTESIAN_POINT('Control Point',(4111.3,1700.21431647,-351.823046503));
#213254=CARTESIAN_POINT('Control Point',(4129.3,1678.32377344,-407.688431928));
#213255=CARTESIAN_POINT('Control Point',(4111.3,1700.55830301,-351.960290967));
#213256=CARTESIAN_POINT('Control Point',(4129.3,1678.66776,-407.825676403));
#213257=CARTESIAN_POINT('Control Point',(4111.3,1700.90228957,-352.097535442));
#213258=B_SPLINE_CURVE_WITH_KNOTS('',5,(#213259,#213260,#213261,#213262,#213263,#213264,#213265,#213266,#213267),.UNSPECIFIED.,.F.,.U.,(6,3,6),(15.7081800981,19.9808322007,21.4350594722),.UNSPECIFIED.);
#213259=CARTESIAN_POINT('Control Point',(4111.3,1696.37624046,-350.291722957));
#213260=CARTESIAN_POINT('Control Point',(4111.3,1696.93746363,-350.515640944));
#213261=CARTESIAN_POINT('Control Point',(4111.3,1697.49868687,-350.739558959));
#213262=CARTESIAN_POINT('Control Point',(4111.3,1698.05991018,-350.963477002));
#213263=CARTESIAN_POINT('Control Point',(4111.3,1698.8121499,-351.263607169));
#213264=CARTESIAN_POINT('Control Point',(4111.3,1699.56438974,-351.563737386));
#213265=CARTESIAN_POINT('Control Point',(4111.3,1699.75540612,-351.639949497));
#213266=CARTESIAN_POINT('Control Point',(4111.3,1699.9464225,-351.716161612));
#213267=CARTESIAN_POINT('Control Point',(4111.3,1700.1374389,-351.792373729));
#213268=CARTESIAN_POINT('Vertex',(4111.3,1700.1374389,-351.79237373));
#213269=VERTEX_POINT('',#213268);
#213270=EDGE_CURVE('',#213221,#213269,#213258,.T.);
#213271=B_SPLINE_CURVE_WITH_KNOTS('',3,(#213272,#213273,#213274,#213275),.UNSPECIFIED.,.F.,.U.,(4,4),(0.,109.239805011),.UNSPECIFIED.);
#213272=CARTESIAN_POINT('Control Point',(4111.3,1700.1374389,-351.792373729));
#213273=CARTESIAN_POINT('Control Point',(4117.29807279,1693.23580684,-370.564936366));
#213274=CARTESIAN_POINT('Control Point',(4123.29921143,1686.07797929,-389.246284426));
#213275=CARTESIAN_POINT('Control Point',(4129.3,1678.66776,-407.825676403));
#213276=EDGE_CURVE('',#213179,#213269,#213271,.F.);
#213277=EDGE_LOOP('',(#213278,#213279,#213280,#213281));
#213278=ORIENTED_EDGE('',*,*,#213180,.F.);
#213279=ORIENTED_EDGE('',*,*,#213222,.F.);
#213280=ORIENTED_EDGE('',*,*,#213270,.T.);
#213281=ORIENTED_EDGE('',*,*,#213276,.F.);
#213282=FACE_OUTER_BOUND('',#213277,.T.);
#213283=ADVANCED_FACE('PartBody',(#213282),#213239,.F.);
#213284=CARTESIAN_POINT('Axis2P3D Location',(4135.3,1240.39712175,1677.0358589));
#213285=DIRECTION('Axis2P3D Direction',(0.,0.742334609824,-0.670029347907));
#213286=DIRECTION('Axis2P3D XDirection',(0.,0.670029347907,0.742334609824));
#213287=AXIS2_PLACEMENT_3D('Plane Axis2P3D',#213284,#213285,#213286);
#213288=PLANE('',#213287);
#213289=CARTESIAN_POINT('Line Origine',(4129.3,1246.48124259,1683.77653896));
#213290=DIRECTION('Vector Direction',(0.,-0.670029347907,-0.742334609824));
#213291=VECTOR('Line Direction',#213290,1.);
#213292=LINE('Line',#213289,#213291);
#213293=CARTESIAN_POINT('Vertex',(4129.3,1245.86478994,1683.09356271));
#213294=VERTEX_POINT('',#213293);
#213295=CARTESIAN_POINT('Vertex',(4129.3,1247.09769523,1684.45951521));
#213296=VERTEX_POINT('',#213295);
#213297=EDGE_CURVE('',#213294,#213296,#213292,.F.);
#213298=CARTESIAN_POINT('Line Origine',(4129.80000001,1245.86478994,1683.09356271));
#213299=DIRECTION('Vector Direction',(-1.,0.,0.));
#213300=VECTOR('Line Direction',#213299,1.);
#213301=LINE('Line',#213298,#213300);
#213302=EDGE_CURVE('',#209936,#213294,#213301,.T.);
#213303=CARTESIAN_POINT('Line Origine',(4129.80000001,1247.09769523,1684.45951521));
#213304=DIRECTION('Vector Direction',(-1.,0.,0.));
#213305=VECTOR('Line Direction',#213304,1.);
#213306=LINE('Line',#213303,#213305);
#213307=EDGE_CURVE('',#205305,#213296,#213306,.T.);
#213308=EDGE_LOOP('',(#213309,#213310,#213311,#213312,#213313,#213314,#213315,#213316));
#213309=ORIENTED_EDGE('',*,*,#213297,.F.);
#213310=ORIENTED_EDGE('',*,*,#213302,.F.);
#213311=ORIENTED_EDGE('',*,*,#209967,.T.);
#213312=ORIENTED_EDGE('',*,*,#210917,.T.);
#213313=ORIENTED_EDGE('',*,*,#203862,.F.);
#213314=ORIENTED_EDGE('',*,*,#204224,.F.);
#213315=ORIENTED_EDGE('',*,*,#205306,.F.);
#213316=ORIENTED_EDGE('',*,*,#213307,.T.);
#213317=FACE_OUTER_BOUND('',#213308,.T.);
#213318=ADVANCED_FACE('PartBody',(#213317),#213288,.F.);
#213319=B_SPLINE_CURVE_WITH_KNOTS('',5,(#213320,#213321,#213322,#213323,#213324,#213325,#213326,#213327,#213328,#213329,#213330,#213331,#213332,#213333,#213334),.UNSPECIFIED.,.F.,.U.,(6,3,3,3,6),(1997.3140505,2103.12981824,2594.67450701,3197.31461168,3326.61920492),.UNSPECIFIED.);
#213320=CARTESIAN_POINT('Control Point',(4135.3,1245.86478994,1683.09356272));
#213321=CARTESIAN_POINT('Control Point',(4135.3,1256.63748523,1673.54709902));
#213322=CARTESIAN_POINT('Control Point',(4135.3,1267.31285788,1663.89158704));
#213323=CARTESIAN_POINT('Control Point',(4135.3,1277.88923093,1654.12806599));
#213324=CARTESIAN_POINT('Control Point',(4135.3,1337.02754263,1598.40683232));
#213325=CARTESIAN_POINT('Control Point',(4135.3,1392.90309511,1539.3194726));
#213326=CARTESIAN_POINT('Control Point',(4135.3,1436.49532491,1488.54931223));
#213327=CARTESIAN_POINT('Control Point',(4135.3,1527.97539467,1371.01305905));
#213328=CARTESIAN_POINT('Control Point',(4135.3,1606.47108963,1244.32081979));
#213329=CARTESIAN_POINT('Control Point',(4135.3,1645.55313874,1172.08221208));
#213330=CARTESIAN_POINT('Control Point',(4135.3,1687.80519323,1081.75780072));
#213331=CARTESIAN_POINT('Control Point',(4135.3,1723.53873837,988.822100475));
#213332=CARTESIAN_POINT('Control Point',(4135.3,1729.64656765,972.326457628));
#213333=CARTESIAN_POINT('Control Point',(4135.3,1735.54822767,955.756706802));
#213334=CARTESIAN_POINT('Control Point',(4135.3,1741.24233389,939.116420575));
#213335=DIRECTION('Vector Direction',(-1.,0.,0.));
#213336=VECTOR('Extrusion Surface Vector',#213335,1.);
#213337=SURFACE_OF_LINEAR_EXTRUSION('generated tabulated cylinder',#213319,#213336);
#213338=B_SPLINE_CURVE_WITH_KNOTS('',3,(#213339,#213340,#213341,#213342),.UNSPECIFIED.,.F.,.U.,(4,4),(0.,109.69718601),.UNSPECIFIED.);
#213339=CARTESIAN_POINT('Control Point',(4129.3,1245.86478994,1683.09356271));
#213340=CARTESIAN_POINT('Control Point',(4123.29949783,1260.8350267,1669.82735421));
#213341=CARTESIAN_POINT('Control Point',(4117.29805338,1275.58060253,1656.30755446));
#213342=CARTESIAN_POINT('Control Point',(4111.3,1290.08968589,1642.54261032));
#213343=CARTESIAN_POINT('Vertex',(4111.3,1290.08968664,1642.54260975));
#213344=VERTEX_POINT('',#213343);
#213345=EDGE_CURVE('',#213294,#213344,#213338,.T.);
#213346=B_SPLINE_CURVE_WITH_KNOTS('',5,(#213347,#213348,#213349,#213350,#213351,#213352,#213353,#213354,#213355,#213356,#213357,#213358,#213359,#213360,#213361,#213362,#213363,#213364,#213365,#213366,#213367,#213368,#213369,#213370,#213371,#213372,#213373,#213374,#213375,#213376,#213377,#213378,#213379),.UNSPECIFIED.,.F.,.U.,(6,3,3,3,3,3,3,3,3,3,6),(0.0892755803196,86.1454407971,172.201606014,511.449407269,681.140365839,767.867087625,854.593809411,938.258922063,1021.92403471,1361.29838235,1505.11872143),.UNSPECIFIED.);
#213347=CARTESIAN_POINT('Control Point',(4111.3,1741.22608474,939.163904401));
#213348=CARTESIAN_POINT('Control Point',(4111.3,1738.09331782,948.318158667));
#213349=CARTESIAN_POINT('Control Point',(4111.3,1734.89793884,957.450473093));
#213350=CARTESIAN_POINT('Control Point',(4111.3,1731.69755051,966.394952259));
#213351=CARTESIAN_POINT('Control Point',(4111.3,1725.24139118,984.077406272));
#213352=CARTESIAN_POINT('Control Point',(4111.3,1718.54991632,1001.6726835));
#213353=CARTESIAN_POINT('Control Point',(4111.3,1715.11557236,1010.53050324));
#213354=CARTESIAN_POINT('Control Point',(4111.3,1697.51628932,1054.99274845));
#213355=CARTESIAN_POINT('Control Point',(4111.3,1678.41558012,1098.8461136));
#213356=CARTESIAN_POINT('Control Point',(4111.3,1662.19793794,1133.48399316));
#213357=CARTESIAN_POINT('Control Point',(4111.3,1636.52918101,1184.63931206));
#213358=CARTESIAN_POINT('Control Point',(4111.3,1608.80284023,1234.68912315));
#213359=CARTESIAN_POINT('Control Point',(4111.3,1599.33148871,1251.24964392));
#213360=CARTESIAN_POINT('Control Point',(4111.3,1584.67989315,1276.07550871));
#213361=CARTESIAN_POINT('Control Point',(4111.3,1569.52042012,1300.59176322));
#213362=CARTESIAN_POINT('Control Point',(4111.3,1564.47409387,1308.62203619));
#213363=CARTESIAN_POINT('Control Point',(4111.3,1554.42150648,1324.39402992));
#213364=CARTESIAN_POINT('Control Point',(4111.3,1544.15856328,1340.02955526));
#213365=CARTESIAN_POINT('Control Point',(4111.3,1538.90377437,1347.92458685));
#213366=CARTESIAN_POINT('Control Point',(4111.3,1528.17598384,1363.79148693));
#213367=CARTESIAN_POINT('Control Point',(4111.3,1517.23144416,1379.509049));
#213368=CARTESIAN_POINT('Control Point',(4111.3,1511.71132811,1387.3262716));
#213369=CARTESIAN_POINT('Control Point',(4111.3,1500.46389137,1403.01590805));
#213370=CARTESIAN_POINT('Control Point',(4111.3,1489.00047082,1418.54760551));
#213371=CARTESIAN_POINT('Control Point',(4111.3,1483.26329621,1426.20611095));
#213372=CARTESIAN_POINT('Control Point',(4111.3,1454.50661449,1464.07067542));
#213373=CARTESIAN_POINT('Control Point',(4111.3,1424.46579471,1500.94158398));
#213374=CARTESIAN_POINT('Control Point',(4111.3,1399.55451625,1529.86071383));
#213375=CARTESIAN_POINT('Control Point',(4111.3,1362.98608366,1570.03531924));
#213376=CARTESIAN_POINT('Control Point',(4111.3,1324.89278758,1608.75693934));
#213377=CARTESIAN_POINT('Control Point',(4111.3,1313.42155082,1620.15172314));
#213378=CARTESIAN_POINT('Control Point',(4111.3,1301.81971421,1631.41418953));
#213379=CARTESIAN_POINT('Control Point',(4111.3,1290.08968589,1642.54261032));
#213380=EDGE_CURVE('',#207989,#213344,#213346,.T.);
#213381=EDGE_LOOP('',(#213382,#213383,#213384,#213385,#213386));
#213382=ORIENTED_EDGE('',*,*,#213345,.T.);
#213383=ORIENTED_EDGE('',*,*,#213380,.F.);
#213384=ORIENTED_EDGE('',*,*,#208014,.T.);
#213385=ORIENTED_EDGE('',*,*,#209937,.F.);
#213386=ORIENTED_EDGE('',*,*,#213302,.T.);
#213387=FACE_OUTER_BOUND('',#213381,.T.);
#213388=ADVANCED_FACE('PartBody',(#213387),#213337,.F.);
#213389=B_SPLINE_CURVE_WITH_KNOTS('',5,(#213390,#213391,#213392,#213393,#213394,#213395,#213396,#213397,#213398,#213399,#213400,#213401,#213402,#213403,#213404,#213405,#213406,#213407,#213408,#213409,#213410,#213411,#213412,#213413,#213414,#213415,#213416,#213417,#213418,#213419,#213420,#213421,#213422,#213423,#213424,#213425,#213426,#213427,#213428,#213429,#213430,#213431,#213432,#213433,#213434,#213435,#213436,#213437,#213438,#213439,#213440,#213441,#213442,#213443,#213444,#213445,#213446,#213447,#213448,#213449,#213450,#213451,#213452,#213453,#213454,#213455,#213456,#213457,#213458,#213459,#213460,#213461),.UNSPECIFIED.,.F.,.U.,(6,3,3,3,3,3,3,3,3,3,3,3,3,3,3,3,3,3,3,3,3,3,3,6),(722.105059366,810.715460089,1222.43222803,1727.20227601,2164.72059721,2491.26323864,2507.14477907,2513.0592792,2519.00864257,2525.062912,2530.95488643,2539.29625544,2547.62060751,2602.88115822,2620.05574981,2634.74531267,2642.05104992,2655.50061954,2659.1977927,2662.89298302,2677.50829397,2733.01902473,3194.26829216,3526.94424716),.UNSPECIFIED.);
#213390=CARTESIAN_POINT('Control Point',(4135.3,1247.09769522,1684.45951521));
#213391=CARTESIAN_POINT('Control Point',(4135.3,1257.8789731,1674.90526364));
#213392=CARTESIAN_POINT('Control Point',(4135.3,1268.56289149,1665.24188451));
#213393=CARTESIAN_POINT('Control Point',(4135.3,1279.14777251,1655.47041653));
#213394=CARTESIAN_POINT('Control Point',(4135.3,1338.34523046,1599.69319013));
#213395=CARTESIAN_POINT('Control Point',(4135.3,1394.27733617,1540.54606892));
#213396=CARTESIAN_POINT('Control Point',(4135.3,1437.91572396,1489.7221634));
#213397=CARTESIAN_POINT('Control Point',(4135.3,1529.49255559,1372.0615736));
#213398=CARTESIAN_POINT('Control Point',(4135.3,1608.07105728,1245.23565869));
#213399=CARTESIAN_POINT('Control Point',(4135.3,1647.19416011,1172.92109088));
#213400=CARTESIAN_POINT('Control Point',(4135.3,1712.2028898,1033.94848987));
#213401=CARTESIAN_POINT('Control Point',(4135.3,1761.79638353,888.801552006));
#213402=CARTESIAN_POINT('Control Point',(4135.3,1781.40875399,820.324746079));
#213403=CARTESIAN_POINT('Control Point',(4135.3,1809.5518048,699.214823455));
#213404=CARTESIAN_POINT('Control Point',(4135.3,1826.59756397,576.254239344));
#213405=CARTESIAN_POINT('Control Point',(4135.3,1831.79757774,523.472234536));
#213406=CARTESIAN_POINT('Control Point',(4135.3,1834.98555339,468.003507351));
#213407=CARTESIAN_POINT('Control Point',(4135.3,1835.68064622,412.568248285));
#213408=CARTESIAN_POINT('Control Point',(4135.3,1835.70747543,410.003153368));
#213409=CARTESIAN_POINT('Control Point',(4135.3,1835.73706118,406.470297027));
#213410=CARTESIAN_POINT('Control Point',(4135.3,1835.75631733,402.92983397));
#213411=CARTESIAN_POINT('Control Point',(4135.3,1835.76077511,401.969057612));
#213412=CARTESIAN_POINT('Control Point',(4135.3,1835.76814921,400.048586649));
#213413=CARTESIAN_POINT('Control Point',(4135.3,1835.77247561,398.152021366));
#213414=CARTESIAN_POINT('Control Point',(4135.3,1835.77389768,397.209994375));
#213415=CARTESIAN_POINT('Control Point',(4135.3,1835.77546468,395.32148228));
#213416=CARTESIAN_POINT('Control Point',(4135.3,1835.77483259,393.430765508));
#213417=CARTESIAN_POINT('Control Point',(4135.3,1835.77407044,392.469730754));
#213418=CARTESIAN_POINT('Control Point',(4135.3,1835.77168707,390.554185446));
#213419=CARTESIAN_POINT('Control Point',(4135.3,1835.76707928,388.616062899));
#213420=CARTESIAN_POINT('Control Point',(4135.3,1835.76415393,387.657943318));
#213421=CARTESIAN_POINT('Control Point',(4135.3,1835.75525183,385.34711441));
#213422=CARTESIAN_POINT('Control Point',(4135.3,1835.7419007,383.041908599));
#213423=CARTESIAN_POINT('Control Point',(4135.3,1835.73251965,381.690064986));
#213424=CARTESIAN_POINT('Control Point',(4135.3,1835.71105291,378.981020205));
#213425=CARTESIAN_POINT('Control Point',(4135.3,1835.68436345,376.268236308));
#213426=CARTESIAN_POINT('Control Point',(4135.3,1835.66978929,374.913979226));
#213427=CARTESIAN_POINT('Control Point',(4135.3,1835.54887346,364.569796919));
#213428=CARTESIAN_POINT('Control Point',(4135.3,1835.35507055,354.201988621));
#213429=CARTESIAN_POINT('Control Point',(4135.3,1835.14108415,345.499767449));
#213430=CARTESIAN_POINT('Control Point',(4135.3,1834.78392597,333.682689668));
#213431=CARTESIAN_POINT('Control Point',(4135.3,1834.33315459,321.926474109));
#213432=CARTESIAN_POINT('Control Point',(4135.3,1834.22063049,319.145811073));
#213433=CARTESIAN_POINT('Control Point',(4135.3,1834.00470071,314.039331819));
#213434=CARTESIAN_POINT('Control Point',(4135.3,1833.76070267,308.681379858));
#213435=CARTESIAN_POINT('Control Point',(4135.3,1833.63867183,306.079308849));
#213436=CARTESIAN_POINT('Control Point',(4135.3,1833.45754187,302.424948922));
#213437=CARTESIAN_POINT('Control Point',(4135.3,1833.27276288,298.846310897));
#213438=CARTESIAN_POINT('Control Point',(4135.3,1833.21085033,297.655731243));
#213439=CARTESIAN_POINT('Control Point',(4135.3,1833.03339266,294.254882579));
#213440=CARTESIAN_POINT('Control Point',(4135.3,1832.84921032,290.82546657));
#213441=CARTESIAN_POINT('Control Point',(4135.3,1832.7244574,288.612166669));
#213442=CARTESIAN_POINT('Control Point',(4135.3,1832.55859761,285.819442589));
#213443=CARTESIAN_POINT('Control Point',(4135.3,1832.38711026,282.999408289));
#213444=CARTESIAN_POINT('Control Point',(4135.3,1832.34991063,282.389654652));
#213445=CARTESIAN_POINT('Control Point',(4135.3,1832.2752065,281.167316755));
#213446=CARTESIAN_POINT('Control Point',(4135.3,1832.20010583,279.941372761));
#213447=CARTESIAN_POINT('Control Point',(4135.3,1832.1625292,279.328315581));
#213448=CARTESIAN_POINT('Control Point',(4135.3,1831.97643267,276.294613605));
#213449=CARTESIAN_POINT('Control Point',(4135.3,1831.79132927,273.299921486));
#213450=CARTESIAN_POINT('Control Point',(4135.3,1831.645644,270.999266689));
#213451=CARTESIAN_POINT('Control Point',(4135.3,1830.90139066,259.549283431));
#213452=CARTESIAN_POINT('Control Point',(4135.3,1830.09974357,248.328021351));
#213453=CARTESIAN_POINT('Control Point',(4135.3,1829.41005857,239.312205014));
#213454=CARTESIAN_POINT('Control Point',(4135.3,1822.52921892,155.116907963));
#213455=CARTESIAN_POINT('Control Point',(4135.3,1811.63059026,71.2587473885));
#213456=CARTESIAN_POINT('Control Point',(4135.3,1798.7752749,-3.02630875431));
#213457=CARTESIAN_POINT('Control Point',(4135.3,1771.1875313,-129.967087887));
#213458=CARTESIAN_POINT('Control Point',(4135.3,1734.40966356,-254.496939316));
#213459=CARTESIAN_POINT('Control Point',(4135.3,1717.40139889,-306.185928589));
#213460=CARTESIAN_POINT('Control Point',(4135.3,1698.81280917,-357.316676572));
#213461=CARTESIAN_POINT('Control Point',(4135.3,1678.66776,-407.825676406));
#213462=DIRECTION('Vector Direction',(-1.,0.,0.));
#213463=VECTOR('Extrusion Surface Vector',#213462,1.);
#213464=SURFACE_OF_LINEAR_EXTRUSION('generated tabulated cylinder',#213389,#213463);
#213465=B_SPLINE_CURVE_WITH_KNOTS('',5,(#213466,#213467,#213468,#213469,#213470,#213471,#213472,#213473,#213474,#213475,#213476,#213477,#213478,#213479,#213480,#213481,#213482,#213483,#213484,#213485,#213486,#213487,#213488,#213489,#213490,#213491,#213492,#213493,#213494,#213495,#213496,#213497,#213498,#213499,#213500,#213501,#213502,#213503,#213504,#213505,#213506,#213507,#213508,#213509,#213510,#213511,#213512,#213513,#213514,#213515,#213516,#213517,#213518,#213519,#213520,#213521,#213522,#213523,#213524,#213525,#213526,#213527,#213528,#213529,#213530,#213531,#213532,#213533,#213534,#213535,#213536,#213537,#213538,#213539,#213540,#213541,#213542,#213543,#213544,#213545,#213546,#213547,#213548,#213549,#213550,#213551,#213552,#213553,#213554,#213555,#213556,#213557,#213558,#213559,#213560,#213561,#213562,#213563,#213564,#213565,#213566,#213567,#213568,#213569,#213570,#213571,#213572,#213573,#213574,#213575,#213576,#213577,#213578,#213579,#213580,#213581,#213582,#213583,#213584,#213585,#213586,#213587,#213588,#213589,#213590,#213591,#213592,#213593,#213594,#213595,#213596,#213597,#213598,#213599,#213600,#213601,#213602,#213603,#213604,#213605,#213606,#213607,#213608,#213609,#213610,#213611,#213612,#213613,#213614,#213615,#213616,#213617,#213618,#213619,#213620,#213621,#213622,#213623,#213624,#213625,#213626,#213627,#213628,#213629,#213630,#213631,#213632,#213633,#213634,#213635,#213636,#213637,#213638,#213639,#213640,#213641,#213642,#213643,#213644,#213645,#213646,#213647,#213648,#213649,#213650,#213651,#213652,#213653,#213654,#213655,#213656,#213657,#213658,#213659,#213660),.UNSPECIFIED.,.F.,.U.,(6,3,3,3,3,3,3,3,3,3,3,3,3,3,3,3,3,3,3,3,3,3,3,3,3,3,3,3,3,3,3,3,3,3,3,3,3,3,3,3,3,3,3,3,3,3,3,3,3,3,3,3,3,3,3,3,3,3,3,3,3,3,3,3,6),(197.192349259,530.170572679,585.965361311,641.760149943,923.449203127,960.669423923,997.889644719,1138.95425598,1248.43419699,1264.30999178,1312.81054332,1315.5237665,1321.08131628,1329.35208925,1332.03898569,1334.73531032,1340.12795872,1348.21646649,1352.19196449,1354.21409159,1356.28191915,1365.43403807,1370.8648482,1379.39032682,1387.55191926,1389.05187043,1390.4273841,1394.5294404,1398.65411298,1404.84120564,1411.0282983,1415.15806021,1439.54260525,1448.24421233,1467.75266379,1475.04078613,1514.14520924,1527.61605307,1534.94379597,1542.22680409,1546.65786853,1551.10868802,1554.92394719,1558.70588065,1562.53869729,1566.35392927,1571.5970082,1576.81117077,1584.57380146,1600.6133792,1608.85240995,1632.00881937,2008.31157292,2224.84290478,2387.35167446,2469.03294119,2550.71420792,2658.32339015,2765.93257238,3188.76655038,3299.00605218,3409.24555398,3512.47540633,3615.70525868,4058.06867238),.UNSPECIFIED.);
#213466=CARTESIAN_POINT('Control Point',(4111.3,1700.1374389,-351.79237373));
#213467=CARTESIAN_POINT('Control Point',(4111.3,1713.11921951,-316.48169828));
#213468=CARTESIAN_POINT('Control Point',(4111.3,1725.34940496,-280.892379044));
#213469=CARTESIAN_POINT('Control Point',(4111.3,1736.82570893,-245.030162406));
#213470=CARTESIAN_POINT('Control Point',(4111.3,1749.32591539,-202.903517949));
#213471=CARTESIAN_POINT('Control Point',(4111.3,1760.77572215,-160.489609221));
#213472=CARTESIAN_POINT('Control Point',(4111.3,1762.28613873,-154.806529478));
#213473=CARTESIAN_POINT('Control Point',(4111.3,1765.16716293,-143.842569211));
#213474=CARTESIAN_POINT('Control Point',(4111.3,1767.97798843,-132.860562668));
#213475=CARTESIAN_POINT('Control Point',(4111.3,1769.42003357,-127.159892461));
#213476=CARTESIAN_POINT('Control Point',(4111.3,1778.6278121,-90.1535776009));
#213477=CARTESIAN_POINT('Control Point',(4111.3,1787.03782885,-52.9569780088));
#213478=CARTESIAN_POINT('Control Point',(4111.3,1793.49799264,-21.79356439));
#213479=CARTESIAN_POINT('Control Point',(4111.3,1800.17699376,13.6073080457));
#213480=CARTESIAN_POINT('Control Point',(4111.3,1806.13608716,49.1309026827));
#213481=CARTESIAN_POINT('Control Point',(4111.3,1806.77591135,53.006500283));
#213482=CARTESIAN_POINT('Control Point',(4111.3,1807.99656622,60.4878159199));
#213483=CARTESIAN_POINT('Control Point',(4111.3,1809.18531683,67.9743541849));
#213484=CARTESIAN_POINT('Control Point',(4111.3,1809.79403897,71.8550420623));
#213485=CARTESIAN_POINT('Control Point',(4111.3,1812.86317176,91.7573474542));
#213486=CARTESIAN_POINT('Control Point',(4111.3,1815.70703753,111.695339732));
#213487=CARTESIAN_POINT('Control Point',(4111.3,1817.81603183,127.492148939));
#213488=CARTESIAN_POINT('Control Point',(4111.3,1821.31058369,155.583206442));
#213489=CARTESIAN_POINT('Control Point',(4111.3,1824.35767449,183.728400734));
#213490=CARTESIAN_POINT('Control Point',(4111.3,1825.6035291,196.036260097));
#213491=CARTESIAN_POINT('Control Point',(4111.3,1826.93173966,210.138252199));
#213492=CARTESIAN_POINT('Control Point',(4111.3,1828.14699437,224.249497028));
#213493=CARTESIAN_POINT('Control Point',(4111.3,1828.28783695,225.903977322));
#213494=CARTESIAN_POINT('Control Point',(4111.3,1828.89750498,233.150128211));
#213495=CARTESIAN_POINT('Control Point',(4111.3,1829.47659283,240.388954469));
#213496=CARTESIAN_POINT('Control Point',(4111.3,1829.89519633,245.833639525));
#213497=CARTESIAN_POINT('Control Point',(4111.3,1830.3179079,251.563543965));
#213498=CARTESIAN_POINT('Control Point',(4111.3,1830.72208028,257.297878794));
#213499=CARTESIAN_POINT('Control Point',(4111.3,1830.73778402,257.521174079));
#213500=CARTESIAN_POINT('Control Point',(4111.3,1830.80277869,258.447398832));
#213501=CARTESIAN_POINT('Control Point',(4111.3,1830.86727685,259.373546002));
#213502=CARTESIAN_POINT('Control Point',(4111.3,1830.9103622,259.995402031));
#213503=CARTESIAN_POINT('Control Point',(4111.3,1831.0168929,261.540880274));
#213504=CARTESIAN_POINT('Control Point',(4111.3,1831.12170739,263.081099267));
#213505=CARTESIAN_POINT('Control Point',(4111.3,1831.18376329,264.000049563));
#213506=CARTESIAN_POINT('Control Point',(4111.3,1831.26518191,265.215011298));
#213507=CARTESIAN_POINT('Control Point',(4111.3,1831.3456676,266.428333899));
#213508=CARTESIAN_POINT('Control Point',(4111.3,1831.36569717,266.731036751));
#213509=CARTESIAN_POINT('Control Point',(4111.3,1831.40500568,267.326647688));
#213510=CARTESIAN_POINT('Control Point',(4111.3,1831.44405171,267.921422913));
#213511=CARTESIAN_POINT('Control Point',(4111.3,1831.46354005,268.219090695));
#213512=CARTESIAN_POINT('Control Point',(4111.3,1831.52179739,269.111395816));
#213513=CARTESIAN_POINT('Control Point',(4111.3,1831.57944566,270.001906952));
#213514=CARTESIAN_POINT('Control Point',(4111.3,1831.61761986,270.595056268));
#213515=CARTESIAN_POINT('Control Point',(4111.3,1831.7125122,272.078224004));
#213516=CARTESIAN_POINT('Control Point',(4111.3,1831.80637931,273.566644368));
#213517=CARTESIAN_POINT('Control Point',(4111.3,1831.86250315,274.463923501));
#213518=CARTESIAN_POINT('Control Point',(4111.3,1831.9462494,275.812248428));
#213519=CARTESIAN_POINT('Control Point',(4111.3,1832.03022637,277.174427221));
#213520=CARTESIAN_POINT('Control Point',(4111.3,1832.06033109,277.663767561));
#213521=CARTESIAN_POINT('Control Point',(4111.3,1832.10218816,278.345019457));
#213522=CARTESIAN_POINT('Control Point',(4111.3,1832.14409105,279.027954046));
#213523=CARTESIAN_POINT('Control Point',(4111.3,1832.15822212,279.258350626));
#213524=CARTESIAN_POINT('Control Point',(4111.3,1832.18680485,279.724524959));
#213525=CARTESIAN_POINT('Control Point',(4111.3,1832.21537617,280.190809678));
#213526=CARTESIAN_POINT('Control Point',(4111.3,1832.22822083,280.400495885));
#213527=CARTESIAN_POINT('Control Point',(4111.3,1832.30646918,281.678281703));
#213528=CARTESIAN_POINT('Control Point',(4111.3,1832.38392928,282.945900724));
#213529=CARTESIAN_POINT('Control Point',(4111.3,1832.44687539,283.978909886));
#213530=CARTESIAN_POINT('Control Point',(4111.3,1832.54268704,285.566055749));
#213531=CARTESIAN_POINT('Control Point',(4111.3,1832.63423506,287.116377805));
#213532=CARTESIAN_POINT('Control Point',(4111.3,1832.66765645,287.687904151));
#213533=CARTESIAN_POINT('Control Point',(4111.3,1832.75259302,289.155526846));
#213534=CARTESIAN_POINT('Control Point',(4111.3,1832.83521008,290.623422547));
#213535=CARTESIAN_POINT('Control Point',(4111.3,1832.88530359,291.529085182));
#213536=CARTESIAN_POINT('Control Point',(4111.3,1832.98332289,293.331487607));
#213537=CARTESIAN_POINT('Control Point',(4111.3,1833.08150082,295.185034549));
#213538=CARTESIAN_POINT('Control Point',(4111.3,1833.1297898,296.105271057));
#213539=CARTESIAN_POINT('Control Point',(4111.3,1833.18685519,297.19691149));
#213540=CARTESIAN_POINT('Control Point',(4111.3,1833.24350217,298.287212539));
#213541=CARTESIAN_POINT('Control Point',(4111.3,1833.24864277,298.38623488));
#213542=CARTESIAN_POINT('Control Point',(4111.3,1833.26546755,298.710602379));
#213543=CARTESIAN_POINT('Control Point',(4111.3,1833.28225416,299.034894063));
#213544=CARTESIAN_POINT('Control Point',(4111.3,1833.29027555,299.190013438));
#213545=CARTESIAN_POINT('Control Point',(4111.3,1833.3221837,299.807728194));
#213546=CARTESIAN_POINT('Control Point',(4111.3,1833.35395356,300.425600407));
#213547=CARTESIAN_POINT('Control Point',(4111.3,1833.37832015,300.901443186));
#213548=CARTESIAN_POINT('Control Point',(4111.3,1833.42571003,301.831615609));
#213549=CARTESIAN_POINT('Control Point',(4111.3,1833.47278227,302.766831805));
#213550=CARTESIAN_POINT('Control Point',(4111.3,1833.49630408,303.237427103));
#213551=CARTESIAN_POINT('Control Point',(4111.3,1833.55489059,304.41825094));
#213552=CARTESIAN_POINT('Control Point',(4111.3,1833.61286296,305.608969578));
#213553=CARTESIAN_POINT('Control Point',(4111.3,1833.64738774,306.326443093));
#213554=CARTESIAN_POINT('Control Point',(4111.3,1833.71580408,307.764381185));
#213555=CARTESIAN_POINT('Control Point',(4111.3,1833.78275184,309.20235574));
#213556=CARTESIAN_POINT('Control Point',(4111.3,1833.81580829,309.919866254));
#213557=CARTESIAN_POINT('Control Point',(4111.3,1833.87015303,311.111248246));
#213558=CARTESIAN_POINT('Control Point',(4111.3,1833.92317409,312.292702687));
#213559=CARTESIAN_POINT('Control Point',(4111.3,1833.9440539,312.760984509));
#213560=CARTESIAN_POINT('Control Point',(4111.3,1834.08766689,316.002588421));
#213561=CARTESIAN_POINT('Control Point',(4111.3,1834.2220472,319.181722077));
#213562=CARTESIAN_POINT('Control Point',(4111.3,1834.3325673,321.91440602));
#213563=CARTESIAN_POINT('Control Point',(4111.3,1834.4754869,325.638793193));
#213564=CARTESIAN_POINT('Control Point',(4111.3,1834.6091895,329.375305245));
#213565=CARTESIAN_POINT('Control Point',(4111.3,1834.6433379,330.347678157));
#213566=CARTESIAN_POINT('Control Point',(4111.3,1834.7531722,333.53494081));
#213567=CARTESIAN_POINT('Control Point',(4111.3,1834.85611742,336.718579803));
#213568=CARTESIAN_POINT('Control Point',(4111.3,1834.92440625,338.92988946));
#213569=CARTESIAN_POINT('Control Point',(4111.3,1835.01288663,341.935502067));
#213570=CARTESIAN_POINT('Control Point',(4111.3,1835.09518652,344.933217539));
#213571=CARTESIAN_POINT('Control Point',(4111.3,1835.105484,345.314194966));
#213572=CARTESIAN_POINT('Control Point',(4111.3,1835.24348452,350.501604643));
#213573=CARTESIAN_POINT('Control Point',(4111.3,1835.36342933,355.682681761));
#213574=CARTESIAN_POINT('Control Point',(4111.3,1835.45156452,360.037178274));
#213575=CARTESIAN_POINT('Control Point',(4111.3,1835.55417139,365.94876144));
#213576=CARTESIAN_POINT('Control Point',(4111.3,1835.63358025,371.871893045));
#213577=CARTESIAN_POINT('Control Point',(4111.3,1835.65238129,373.39046755));
#213578=CARTESIAN_POINT('Control Point',(4111.3,1835.67890359,375.728354153));
#213579=CARTESIAN_POINT('Control Point',(4111.3,1835.70159091,378.057126093));
#213580=CARTESIAN_POINT('Control Point',(4111.3,1835.70888283,378.8515281));
#213581=CARTESIAN_POINT('Control Point',(4111.3,1835.72293668,380.482948564));
#213582=CARTESIAN_POINT('Control Point',(4111.3,1835.73501513,382.110316915));
#213583=CARTESIAN_POINT('Control Point',(4111.3,1835.74052769,382.920778057));
#213584=CARTESIAN_POINT('Control Point',(4111.3,1835.74853188,384.224389583));
#213585=CARTESIAN_POINT('Control Point',(4111.3,1835.75512498,385.529971417));
#213586=CARTESIAN_POINT('Control Point',(4111.3,1835.75746437,386.035307116));
#213587=CARTESIAN_POINT('Control Point',(4111.3,1835.76163819,387.027435661));
#213588=CARTESIAN_POINT('Control Point',(4111.3,1835.76502005,388.021612239));
#213589=CARTESIAN_POINT('Control Point',(4111.3,1835.7665229,388.520219133));
#213590=CARTESIAN_POINT('Control Point',(4111.3,1835.76898099,389.446448567));
#213591=CARTESIAN_POINT('Control Point',(4111.3,1835.77087009,390.371820906));
#213592=CARTESIAN_POINT('Control Point',(4111.3,1835.77162956,390.798534944));
#213593=CARTESIAN_POINT('Control Point',(4111.3,1835.77294111,391.646767431));
#213594=CARTESIAN_POINT('Control Point',(4111.3,1835.77387219,392.491546114));
#213595=CARTESIAN_POINT('Control Point',(4111.3,1835.77426131,392.929543041));
#213596=CARTESIAN_POINT('Control Point',(4111.3,1835.77483053,393.77206211));
#213597=CARTESIAN_POINT('Control Point',(4111.3,1835.77502749,394.611522291));
#213598=CARTESIAN_POINT('Control Point',(4111.3,1835.77503012,395.023837599));
#213599=CARTESIAN_POINT('Control Point',(4111.3,1835.77482343,395.865707299));
#213600=CARTESIAN_POINT('Control Point',(4111.3,1835.77415106,396.708835923));
#213601=CARTESIAN_POINT('Control Point',(4111.3,1835.77369049,397.130128163));
#213602=CARTESIAN_POINT('Control Point',(4111.3,1835.77227967,398.132671063));
#213603=CARTESIAN_POINT('Control Point',(4111.3,1835.77007911,399.141343679));
#213604=CARTESIAN_POINT('Control Point',(4111.3,1835.76856927,399.711421199));
#213605=CARTESIAN_POINT('Control Point',(4111.3,1835.76490284,400.884637458));
#213606=CARTESIAN_POINT('Control Point',(4111.3,1835.76007615,402.063970708));
#213607=CARTESIAN_POINT('Control Point',(4111.3,1835.75737787,402.653088432));
#213608=CARTESIAN_POINT('Control Point',(4111.3,1835.74993742,404.120785477));
#213609=CARTESIAN_POINT('Control Point',(4111.3,1835.74069703,405.590572598));
#213610=CARTESIAN_POINT('Control Point',(4111.3,1835.73428602,406.502749774));
#213611=CARTESIAN_POINT('Control Point',(4111.3,1835.71336708,409.198775153));
#213612=CARTESIAN_POINT('Control Point',(4111.3,1835.6865029,411.894531066));
#213613=CARTESIAN_POINT('Control Point',(4111.3,1835.66572104,413.71046544));
#213614=CARTESIAN_POINT('Control Point',(4111.3,1835.63021737,416.459405354));
#213615=CARTESIAN_POINT('Control Point',(4111.3,1835.5886691,419.203693565));
#213616=CARTESIAN_POINT('Control Point',(4111.3,1835.57406478,420.122661092));
#213617=CARTESIAN_POINT('Control Point',(4111.3,1835.51510959,423.665462066));
#213618=CARTESIAN_POINT('Control Point',(4111.3,1835.4462292,427.196075749));
#213619=CARTESIAN_POINT('Control Point',(4111.3,1835.3901389,429.792209026));
#213620=CARTESIAN_POINT('Control Point',(4111.3,1834.32784666,474.624586597));
#213621=CARTESIAN_POINT('Control Point',(4111.3,1831.65065058,519.445051903));
#213622=CARTESIAN_POINT('Control Point',(4111.3,1827.75038699,561.580102407));
#213623=CARTESIAN_POINT('Control Point',(4111.3,1819.49614074,627.753734546));
#213624=CARTESIAN_POINT('Control Point',(4111.3,1808.00012605,693.449250728));
#213625=CARTESIAN_POINT('Control Point',(4111.3,1803.35864132,717.451495813));
#213626=CARTESIAN_POINT('Control Point',(4111.3,1794.52331378,759.177934443));
#213627=CARTESIAN_POINT('Control Point',(4111.3,1784.41254667,800.617123652));
#213628=CARTESIAN_POINT('Control Point',(4111.3,1779.84522744,818.326804892));
#213629=CARTESIAN_POINT('Control Point',(4111.3,1772.63567384,844.84646788));
#213630=CARTESIAN_POINT('Control Point',(4111.3,1764.90918667,871.219911155));
#213631=CARTESIAN_POINT('Control Point',(4111.3,1762.28380041,879.967254883));
#213632=CARTESIAN_POINT('Control Point',(4111.3,1756.9388996,897.37071879));
#213633=CARTESIAN_POINT('Control Point',(4111.3,1751.36962297,914.704123983));
#213634=CARTESIAN_POINT('Control Point',(4111.3,1748.52031133,923.38154899));
#213635=CARTESIAN_POINT('Control Point',(4111.3,1741.74095873,943.578998568));
#213636=CARTESIAN_POINT('Control Point',(4111.3,1734.65757861,963.672478277));
#213637=CARTESIAN_POINT('Control Point',(4111.3,1730.62100782,974.808248132));
#213638=CARTESIAN_POINT('Control Point',(4111.3,1722.46358981,996.763837928));
#213639=CARTESIAN_POINT('Control Point',(4111.3,1713.94359675,1018.58105775));
#213640=CARTESIAN_POINT('Control Point',(4111.3,1709.54706599,1029.57943245));
#213641=CARTESIAN_POINT('Control Point',(4111.3,1686.89739502,1084.81801933));
#213642=CARTESIAN_POINT('Control Point',(4111.3,1661.92154942,1139.07514169));
#213643=CARTESIAN_POINT('Control Point',(4111.3,1640.55883456,1181.63345275));
#213644=CARTESIAN_POINT('Control Point',(4111.3,1611.82754631,1234.33239539));
#213645=CARTESIAN_POINT('Control Point',(4111.3,1580.88220329,1285.72330908));
#213646=CARTESIAN_POINT('Control Point',(4111.3,1574.71584305,1295.74657742));
#213647=CARTESIAN_POINT('Control Point',(4111.3,1562.57243895,1315.15975059));
#213648=CARTESIAN_POINT('Control Point',(4111.3,1550.11270036,1334.370928));
#213649=CARTESIAN_POINT('Control Point',(4111.3,1543.63589968,1344.19596308));
#213650=CARTESIAN_POINT('Control Point',(4111.3,1530.22430807,1364.1244732));
#213651=CARTESIAN_POINT('Control Point',(4111.3,1516.47209435,1383.81844315));
#213652=CARTESIAN_POINT('Control Point',(4111.3,1509.54467716,1393.57209039));
#213653=CARTESIAN_POINT('Control Point',(4111.3,1495.3095224,1413.23339553));
#213654=CARTESIAN_POINT('Control Point',(4111.3,1480.73486045,1432.6430104));
#213655=CARTESIAN_POINT('Control Point',(4111.3,1473.46519442,1442.14293731));
#213656=CARTESIAN_POINT('Control Point',(4111.3,1435.77269287,1490.5922643));
#213657=CARTESIAN_POINT('Control Point',(4111.3,1395.96329394,1537.36023857));
#213658=CARTESIAN_POINT('Control Point',(4111.3,1362.34485311,1574.1118757));
#213659=CARTESIAN_POINT('Control Point',(4111.3,1327.44078184,1609.64524967));
#213660=CARTESIAN_POINT('Control Point',(4111.3,1291.32292053,1643.90892632));
#213661=CARTESIAN_POINT('Vertex',(4111.3,1291.32292053,1643.90892632));
#213662=VERTEX_POINT('',#213661);
#213663=EDGE_CURVE('',#213269,#213662,#213465,.T.);
#213664=B_SPLINE_CURVE_WITH_KNOTS('',3,(#213665,#213666,#213667,#213668),.UNSPECIFIED.,.F.,.U.,(4,4),(0.,109.623380057),.UNSPECIFIED.);
#213665=CARTESIAN_POINT('Control Point',(4111.3,1291.32292053,1643.90892632));
#213666=CARTESIAN_POINT('Control Point',(4117.2980697,1276.81345031,1657.67352305));
#213667=CARTESIAN_POINT('Control Point',(4123.29950871,1262.06777796,1671.19319018));
#213668=CARTESIAN_POINT('Control Point',(4129.3,1247.09769523,1684.45951521));
#213669=EDGE_CURVE('',#213662,#213296,#213664,.T.);
#213670=EDGE_LOOP('',(#213671,#213672,#213673,#213674,#213675,#213676));
#213671=ORIENTED_EDGE('',*,*,#213307,.F.);
#213672=ORIENTED_EDGE('',*,*,#205432,.F.);
#213673=ORIENTED_EDGE('',*,*,#213185,.T.);
#213674=ORIENTED_EDGE('',*,*,#213276,.T.);
#213675=ORIENTED_EDGE('',*,*,#213663,.T.);
#213676=ORIENTED_EDGE('',*,*,#213669,.T.);
#213677=FACE_OUTER_BOUND('',#213670,.T.);
#213678=ADVANCED_FACE('PartBody',(#213677),#213464,.T.);
#213679=B_SPLINE_SURFACE_WITH_KNOTS('',5,1,((#213680,#213681),(#213682,#213683),(#213684,#213685),(#213686,#213687),(#213688,#213689),(#213690,#213691),(#213692,#213693),(#213694,#213695),(#213696,#213697),(#213698,#213699),(#213700,#213701),(#213702,#213703),(#213704,#213705),(#213706,#213707),(#213708,#213709),(#213710,#213711),(#213712,#213713),(#213714,#213715),(#213716,#213717),(#213718,#213719),(#213720,#213721),(#213722,#213723),(#213724,#213725),(#213726,#213727),(#213728,#213729),(#213730,#213731),(#213732,#213733),(#213734,#213735),(#213736,#213737),(#213738,#213739),(#213740,#213741),(#213742,#213743),(#213744,#213745),(#213746,#213747),(#213748,#213749),(#213750,#213751),(#213752,#213753),(#213754,#213755),(#213756,#213757)),.UNSPECIFIED.,.F.,.F.,.U.,(6,3,3,3,3,3,3,3,3,3,3,3,6),(2,2),(0.,539.274057168,735.39695276,758.172490692,778.22113556,800.015530238,825.302541429,851.797917735,873.320722295,909.853443372,1350.39970389,1821.49346324,2384.85995043),(0.,20.),.UNSPECIFIED.);
#213680=CARTESIAN_POINT('Control Point',(4111.3,1650.41612773,-450.143920166));
#213681=CARTESIAN_POINT('Control Point',(4111.3,1668.82038576,-457.97228439));
#213682=CARTESIAN_POINT('Control Point',(4111.3,1692.44066908,-351.345438067));
#213683=CARTESIAN_POINT('Control Point',(4111.3,1711.22765169,-358.274027864));
#213684=CARTESIAN_POINT('Control Point',(4111.3,1728.42814599,-249.977132158));
#213685=CARTESIAN_POINT('Control Point',(4111.3,1747.54149378,-255.985795541));
#213686=CARTESIAN_POINT('Control Point',(4111.3,1758.21125893,-146.39184174));
#213687=CARTESIAN_POINT('Control Point',(4111.3,1777.59580139,-151.458168027));
#213688=CARTESIAN_POINT('Control Point',(4111.3,1790.08458074,-3.21331754911));
#213689=CARTESIAN_POINT('Control Point',(4111.3,1809.75793238,-6.98121339931));
#213690=CARTESIAN_POINT('Control Point',(4111.3,1809.99482304,141.879244834));
#213691=CARTESIAN_POINT('Control Point',(4111.3,1829.84798787,139.421933115));
#213692=CARTESIAN_POINT('Control Point',(4111.3,1814.45550328,180.727227403));
#213693=CARTESIAN_POINT('Control Point',(4111.3,1834.34728151,178.597255845));
#213694=CARTESIAN_POINT('Control Point',(4111.3,1818.47253019,224.121622024));
#213695=CARTESIAN_POINT('Control Point',(4111.3,1838.40256449,222.410284835));
#213696=CARTESIAN_POINT('Control Point',(4111.3,1821.40849425,267.6041825));
#213697=CARTESIAN_POINT('Control Point',(4111.3,1841.36517424,266.28757528));
#213698=CARTESIAN_POINT('Control Point',(4111.3,1821.65980873,271.458548738));
#213699=CARTESIAN_POINT('Control Point',(4111.3,1841.6216065,270.222955088));
#213700=CARTESIAN_POINT('Control Point',(4111.3,1822.18813108,280.027835528));
#213701=CARTESIAN_POINT('Control Point',(4111.3,1842.15066176,278.804132939));
#213702=CARTESIAN_POINT('Control Point',(4111.3,1822.70741793,288.548020413));
#213703=CARTESIAN_POINT('Control Point',(4111.3,1842.67060001,287.335008666));
#213704=CARTESIAN_POINT('Control Point',(4111.3,1822.82268496,290.543260184));
#213705=CARTESIAN_POINT('Control Point',(4111.3,1842.79416403,289.475553738));
#213706=CARTESIAN_POINT('Control Point',(4111.3,1823.26665613,298.89353149));
#213707=CARTESIAN_POINT('Control Point',(4111.3,1843.23931988,297.847717422));
#213708=CARTESIAN_POINT('Control Point',(4111.3,1823.68868312,307.217405759));
#213709=CARTESIAN_POINT('Control Point',(4111.3,1843.6643286,306.229919503));
#213710=CARTESIAN_POINT('Control Point',(4111.3,1823.88581441,311.535040999));
#213711=CARTESIAN_POINT('Control Point',(4111.3,1843.8652321,310.626295811));
#213712=CARTESIAN_POINT('Control Point',(4111.3,1824.29580913,320.892895398));
#213713=CARTESIAN_POINT('Control Point',(4111.3,1844.27954432,320.082242775));
#213714=CARTESIAN_POINT('Control Point',(4111.3,1824.64432494,330.246780521));
#213715=CARTESIAN_POINT('Control Point',(4111.3,1844.63226523,329.548273922));
#213716=CARTESIAN_POINT('Control Point',(4111.3,1824.81895856,335.458340536));
#213717=CARTESIAN_POINT('Control Point',(4111.3,1844.80863114,334.812416641));
#213718=CARTESIAN_POINT('Control Point',(4111.3,1825.13116788,345.755496307));
#213719=CARTESIAN_POINT('Control Point',(4111.3,1845.12414691,345.218527594));
#213720=CARTESIAN_POINT('Control Point',(4111.3,1825.37263516,356.053664116));
#213721=CARTESIAN_POINT('Control Point',(4111.3,1845.36821456,355.627458747));
#213722=CARTESIAN_POINT('Control Point',(4111.3,1825.47720856,361.317921559));
#213723=CARTESIAN_POINT('Control Point',(4111.3,1845.47390659,360.948532735));
#213724=CARTESIAN_POINT('Control Point',(4111.3,1825.6344052,370.880515476));
#213725=CARTESIAN_POINT('Control Point',(4111.3,1845.63275437,370.610595668));
#213726=CARTESIAN_POINT('Control Point',(4111.3,1825.72934319,380.421725957));
#213727=CARTESIAN_POINT('Control Point',(4111.3,1845.72877101,380.259148193));
#213728=CARTESIAN_POINT('Control Point',(4111.3,1825.75799385,384.352742014));
#213729=CARTESIAN_POINT('Control Point',(4111.3,1845.75785762,384.269650318));
#213730=CARTESIAN_POINT('Control Point',(4111.3,1825.79249305,395.949431924));
#213731=CARTESIAN_POINT('Control Point',(4111.3,1845.79263171,395.95315071));
#213732=CARTESIAN_POINT('Control Point',(4111.3,1825.75888396,407.457735026));
#213733=CARTESIAN_POINT('Control Point',(4111.3,1845.75875916,407.568107724));
#213734=CARTESIAN_POINT('Control Point',(4111.3,1825.66912926,415.299641491));
#213735=CARTESIAN_POINT('Control Point',(4111.3,1845.66773449,415.562808152));
#213736=CARTESIAN_POINT('Control Point',(4111.3,1824.08497313,510.084207706));
#213737=CARTESIAN_POINT('Control Point',(4111.3,1844.06289763,511.582530448));
#213738=CARTESIAN_POINT('Control Point',(4111.3,1815.21991451,604.745375169));
#213739=CARTESIAN_POINT('Control Point',(4111.3,1835.08463626,607.394497593));
#213740=CARTESIAN_POINT('Control Point',(4111.3,1801.34316827,691.460830698));
#213741=CARTESIAN_POINT('Control Point',(4111.3,1821.04331215,695.127834774));
#213742=CARTESIAN_POINT('Control Point',(4111.3,1761.33798493,868.63563533));
#213743=CARTESIAN_POINT('Control Point',(4111.3,1780.57582214,874.345289753));
#213744=CARTESIAN_POINT('Control Point',(4111.3,1698.78006131,1039.23043941));
#213745=CARTESIAN_POINT('Control Point',(4111.3,1717.30750199,1046.8738208));
#213746=CARTESIAN_POINT('Control Point',(4111.3,1660.67630214,1125.07367976));
#213747=CARTESIAN_POINT('Control Point',(4111.3,1678.77028482,1133.6958533));
#213748=CARTESIAN_POINT('Control Point',(4111.3,1564.55091641,1307.46926901));
#213749=CARTESIAN_POINT('Control Point',(4111.3,1581.5425228,1318.18433095));
#213750=CARTESIAN_POINT('Control Point',(4111.3,1442.51211099,1473.88411826));
#213751=CARTESIAN_POINT('Control Point',(4111.3,1458.09379278,1486.52308781));
#213752=CARTESIAN_POINT('Control Point',(4111.3,1368.91323839,1558.81170616));
#213753=CARTESIAN_POINT('Control Point',(4111.3,1383.64117496,1572.43508871));
#213754=CARTESIAN_POINT('Control Point',(4111.3,1288.69285075,1637.51107463));
#213755=CARTESIAN_POINT('Control Point',(4111.3,1302.50027793,1652.03524877));
#213756=CARTESIAN_POINT('Control Point',(4111.3,1202.78464228,1709.43242176));
#213757=CARTESIAN_POINT('Control Point',(4111.3,1215.62318607,1724.76773373));
#213758=B_SPLINE_CURVE_WITH_KNOTS('',2,(#213759,#213760,#213761),.UNSPECIFIED.,.F.,.U.,(3,3),(108.285002284,110.887959814),.UNSPECIFIED.);
#213759=CARTESIAN_POINT('Control Point',(4111.3,1291.32292053,1643.90892632));
#213760=CARTESIAN_POINT('Control Point',(4111.3,1290.70630348,1643.22576793));
#213761=CARTESIAN_POINT('Control Point',(4111.3,1290.08968664,1642.54260975));
#213762=EDGE_CURVE('',#213344,#213662,#213758,.F.);
#213763=EDGE_LOOP('',(#213764,#213765,#213766,#213767,#213768,#213769,#213770,#213771));
#213764=ORIENTED_EDGE('',*,*,#213663,.F.);
#213765=ORIENTED_EDGE('',*,*,#213270,.F.);
#213766=ORIENTED_EDGE('',*,*,#213230,.F.);
#213767=ORIENTED_EDGE('',*,*,#207617,.F.);
#213768=ORIENTED_EDGE('',*,*,#207863,.F.);
#213769=ORIENTED_EDGE('',*,*,#207990,.F.);
#213770=ORIENTED_EDGE('',*,*,#213380,.T.);
#213771=ORIENTED_EDGE('',*,*,#213762,.T.);
#213772=FACE_OUTER_BOUND('',#213763,.T.);
#213773=ADVANCED_FACE('PartBody',(#213772),#213679,.T.);
#213774=B_SPLINE_SURFACE_WITH_KNOTS('',5,1,((#213775,#213776),(#213777,#213778),(#213779,#213780),(#213781,#213782),(#213783,#213784),(#213785,#213786),(#213787,#213788),(#213789,#213790),(#213791,#213792)),.UNSPECIFIED.,.F.,.F.,.U.,(6,3,6),(2,2),(107.260596113,109.64134297,110.887965714),(-7.10542735761E-015,62.6418390535),.UNSPECIFIED.);
#213775=CARTESIAN_POINT('Control Point',(4129.3,1247.26818904,1684.64840762));
#213776=CARTESIAN_POINT('Control Point',(4111.3,1291.80826563,1644.44664675));
#213777=CARTESIAN_POINT('Control Point',(4129.3,1247.04259807,1684.39847232));
#213778=CARTESIAN_POINT('Control Point',(4111.3,1291.58267466,1644.19671145));
#213779=CARTESIAN_POINT('Control Point',(4129.3,1246.81700712,1684.14853705));
#213780=CARTESIAN_POINT('Control Point',(4111.3,1291.35708371,1643.94677617));
#213781=CARTESIAN_POINT('Control Point',(4129.3,1246.59141619,1683.89860179));
#213782=CARTESIAN_POINT('Control Point',(4111.3,1291.13149277,1643.69684091));
#213783=CARTESIAN_POINT('Control Point',(4129.3,1246.24769983,1683.51779377));
#213784=CARTESIAN_POINT('Control Point',(4111.3,1290.78777642,1643.31603289));
#213785=CARTESIAN_POINT('Control Point',(4129.3,1245.90398351,1683.13698579));
#213786=CARTESIAN_POINT('Control Point',(4111.3,1290.4440601,1642.93522492));
#213787=CARTESIAN_POINT('Control Point',(4129.3,1245.78585809,1683.00611303));
#213788=CARTESIAN_POINT('Control Point',(4111.3,1290.32593468,1642.80435216));
#213789=CARTESIAN_POINT('Control Point',(4129.3,1245.66773267,1682.87524028));
#213790=CARTESIAN_POINT('Control Point',(4111.3,1290.20780926,1642.67347941));
#213791=CARTESIAN_POINT('Control Point',(4129.3,1245.54960726,1682.74436753));
#213792=CARTESIAN_POINT('Control Point',(4111.3,1290.08968385,1642.54260666));
#213793=EDGE_LOOP('',(#213794,#213795,#213796,#213797));
#213794=ORIENTED_EDGE('',*,*,#213762,.F.);
#213795=ORIENTED_EDGE('',*,*,#213345,.F.);
#213796=ORIENTED_EDGE('',*,*,#213297,.T.);
#213797=ORIENTED_EDGE('',*,*,#213669,.F.);
#213798=FACE_OUTER_BOUND('',#213793,.T.);
#213799=ADVANCED_FACE('PartBody',(#213798),#213774,.F.);
#213800=ADVANCED_BREP_SHAPE_REPRESENTATION('NONE',(#203593),#202381);
#213801=APPLICATION_CONTEXT('automotive_design');
#213802=PRODUCT_CONTEXT('',#213801,'mechanical');
#213803=PRODUCT('part_021_NF5320468201','part_021_NF5320468201','',(#213802));
#213804=PRODUCT_DEFINITION_FORMATION('','',#213803);
#213805=PRODUCT_DEFINITION_CONTEXT('part definition',#213801,'design');
#213806=PRODUCT_DEFINITION('design','',#213804,#213805);
#213807=PRODUCT_DEFINITION_SHAPE('','',#213806);
#213808=SHAPE_DEFINITION_REPRESENTATION(#213807,#213800);
ENDSEC;
END-ISO-10303-21;
