ISO-10303-21;
HEADER;
FILE_DESCRIPTION(('CATIA V5 STEP Exchange','CAx-IF Rec.Pracs.--- Model Styling and Organization---1.4--- 2014-01-23'),'2;1');

FILE_NAME('C:\\Users\\SA516207\\WORK\\01_ASSY\\3_Catia\\ECHELLE\\ECHELLE.stp','2026-09-22T12:18:05+00:00',('none'),('none'),'CATIA Version 5-6 Release 2017 SP2 HF26','CATIA V5 STEP AP203 WITH EXTENSIONS','none');

FILE_SCHEMA(('CONFIG_CONTROL_DESIGN','SHAPE_APPEARANCE_LAYER_MIM'));

ENDSEC;
DATA;
#46=(LENGTH_UNIT()NAMED_UNIT(*)SI_UNIT(.MILLI.,.METRE.));
#47=(NAMED_UNIT(*)PLANE_ANGLE_UNIT()SI_UNIT($,.RADIAN.));
#48=(NAMED_UNIT(*)SI_UNIT($,.STERADIAN.)SOLID_ANGLE_UNIT());
#69126=UNCERTAINTY_MEASURE_WITH_UNIT(LENGTH_MEASURE(0.005),#46,'distance_accuracy_value','CONFUSED CURVE UNCERTAINTY');
#69127=(GEOMETRIC_REPRESENTATION_CONTEXT(3)GLOBAL_UNCERTAINTY_ASSIGNED_CONTEXT((#69126))GLOBAL_UNIT_ASSIGNED_CONTEXT((#46,#47,#48))REPRESENTATION_CONTEXT(' ',' '));
#70771=MANIFOLD_SOLID_BREP('PartBody',#70773);
#70773=CLOSED_SHELL('Closed Shell',(#70821,#70852,#70890,#70960,#71161,#71223,#71331,#71365,#71423,#71435,#71518,#71580,#71771,#71854,#71896,#71964,#72026,#72066,#72164,#72206,#72272,#72347,#72429,#72469,#72517,#72569,#72602,#72645,#72691,#72746,#72792,#72881,#72913,#72994,#73036,#73080));
#70774=B_SPLINE_SURFACE_WITH_KNOTS('',5,1,((#70775,#70776),(#70777,#70778),(#70779,#70780),(#70781,#70782),(#70783,#70784),(#70785,#70786)),.UNSPECIFIED.,.F.,.F.,.U.,(6,6),(2,2),(0.,140.15033393),(0.,3.8),.UNSPECIFIED.);
#70775=CARTESIAN_POINT('Control Point',(9403.915999999999,-2681.75674779,-603.114802212));
#70776=CARTESIAN_POINT('Control Point',(9407.716,-2681.75674779,-603.114802211));
#70777=CARTESIAN_POINT('Control Point',(9403.915999999999,-2654.42275341,-596.906952692));
#70778=CARTESIAN_POINT('Control Point',(9407.716,-2654.42275341,-596.906952692));
#70779=CARTESIAN_POINT('Control Point',(9403.915999999999,-2627.08875904,-590.699103173));
#70780=CARTESIAN_POINT('Control Point',(9407.716,-2627.08875904,-590.699103173));
#70781=CARTESIAN_POINT('Control Point',(9403.915999999999,-2599.75476467,-584.491253654));
#70782=CARTESIAN_POINT('Control Point',(9407.716,-2599.75476467,-584.491253654));
#70783=CARTESIAN_POINT('Control Point',(9403.915999999999,-2572.42077029,-578.283404135));
#70784=CARTESIAN_POINT('Control Point',(9407.716,-2572.42077029,-578.283404135));
#70785=CARTESIAN_POINT('Control Point',(9403.915999999999,-2545.08677592,-572.075554616));
#70786=CARTESIAN_POINT('Control Point',(9407.716,-2545.08677592,-572.075554616));
#70787=B_SPLINE_CURVE_WITH_KNOTS('',1,(#70788,#70789),.UNSPECIFIED.,.F.,.U.,(2,2),(0.,3.8),.UNSPECIFIED.);
#70788=CARTESIAN_POINT('Control Point',(9403.915999999999,-2545.08677592,-572.075554616));
#70789=CARTESIAN_POINT('Control Point',(9407.716,-2545.08677592,-572.075554616));
#70790=CARTESIAN_POINT('Vertex',(9403.915999999999,-2545.08677592,-572.075554616));
#70791=VERTEX_POINT('',#70790);
#70792=CARTESIAN_POINT('Vertex',(9407.716,-2545.08677592,-572.075554616));
#70793=VERTEX_POINT('',#70792);
#70794=EDGE_CURVE('',#70791,#70793,#70787,.T.);
#70795=B_SPLINE_CURVE_WITH_KNOTS('',5,(#70796,#70797,#70798,#70799,#70800,#70801),.UNSPECIFIED.,.F.,.U.,(6,6),(0.,140.15033393),.UNSPECIFIED.);
#70796=CARTESIAN_POINT('Control Point',(9403.915999999999,-2681.75674779,-603.114802212));
#70797=CARTESIAN_POINT('Control Point',(9403.915999999999,-2654.42275341,-596.906952692));
#70798=CARTESIAN_POINT('Control Point',(9403.915999999999,-2627.08875904,-590.699103173));
#70799=CARTESIAN_POINT('Control Point',(9403.915999999999,-2599.75476467,-584.491253654));
#70800=CARTESIAN_POINT('Control Point',(9403.915999999999,-2572.42077029,-578.283404135));
#70801=CARTESIAN_POINT('Control Point',(9403.915999999999,-2545.08677592,-572.075554616));
#70802=CARTESIAN_POINT('Vertex',(9403.915999999999,-2681.75674779,-603.114802212));
#70803=VERTEX_POINT('',#70802);
#70804=EDGE_CURVE('',#70791,#70803,#70795,.F.);
#70805=B_SPLINE_CURVE_WITH_KNOTS('',1,(#70806,#70807),.UNSPECIFIED.,.F.,.U.,(2,2),(1.25416918251E-013,3.8),.UNSPECIFIED.);
#70806=CARTESIAN_POINT('Control Point',(9403.915999999999,-2681.75674779,-603.114802212));
#70807=CARTESIAN_POINT('Control Point',(9407.716,-2681.75674779,-603.114802211));
#70808=CARTESIAN_POINT('Vertex',(9407.716,-2681.75674779,-603.114802211));
#70809=VERTEX_POINT('',#70808);
#70810=EDGE_CURVE('',#70803,#70809,#70805,.T.);
#70811=B_SPLINE_CURVE_WITH_KNOTS('',1,(#70812,#70813),.UNSPECIFIED.,.F.,.U.,(2,2),(-70.0751669652,70.0751669652),.UNSPECIFIED.);
#70812=CARTESIAN_POINT('Control Point',(9407.716,-2545.08677592,-572.075554616));
#70813=CARTESIAN_POINT('Control Point',(9407.716,-2681.75674779,-603.114802211));
#70814=EDGE_CURVE('',#70793,#70809,#70811,.T.);
#70815=EDGE_LOOP('',(#70816,#70817,#70818,#70819));
#70816=ORIENTED_EDGE('',*,*,#70794,.F.);
#70817=ORIENTED_EDGE('',*,*,#70804,.T.);
#70818=ORIENTED_EDGE('',*,*,#70810,.T.);
#70819=ORIENTED_EDGE('',*,*,#70814,.F.);
#70820=FACE_OUTER_BOUND('',#70815,.T.);
#70821=ADVANCED_FACE('PartBody',(#70820),#70774,.F.);
#70822=CARTESIAN_POINT('Axis2P3D Location',(9403.915999999999,-2544.86530483,-573.050721553));
#70823=DIRECTION('Axis2P3D Direction',(1,0,0));
#70824=DIRECTION('Axis2P3D XDirection',(-0,-0.5359157333482557,-0.8442714769254029));
#70825=AXIS2_PLACEMENT_3D('Cylinder Axis2P3D',#70822,#70823,#70824);
#70826=CYLINDRICAL_SURFACE('generated cylinder',#70825,1.);
#70827=CARTESIAN_POINT('Line Origine',(9405.816000000001,-2543.88860436,-572.836114467));
#70828=DIRECTION('Vector Direction',(1,0,0));
#70829=VECTOR('Line Direction',#70828,1.);
#70830=LINE('Line',#70827,#70829);
#70831=CARTESIAN_POINT('Vertex',(9403.915999999999,-2543.88860436,-572.836114467));
#70832=VERTEX_POINT('',#70831);
#70833=CARTESIAN_POINT('Vertex',(9407.716,-2543.88860436,-572.836114467));
#70834=VERTEX_POINT('',#70833);
#70835=EDGE_CURVE('',#70832,#70834,#70830,.T.);
#70836=CARTESIAN_POINT('Axis2P3D Location',(9403.915999999999,-2544.86530483,-573.050721553));
#70837=DIRECTION('Axis2P3D Direction',(1,0,0));
#70838=AXIS2_PLACEMENT_3D('Circle Axis2P3D',#70836,#70837,$);
#70839=CIRCLE('generated circle',#70838,1.);
#70840=EDGE_CURVE('',#70832,#70791,#70839,.T.);
#70841=CARTESIAN_POINT('Axis2P3D Location',(9407.716,-2544.86530483,-573.050721553));
#70842=DIRECTION('Axis2P3D Direction',(1,0,0));
#70843=AXIS2_PLACEMENT_3D('Circle Axis2P3D',#70841,#70842,$);
#70844=CIRCLE('generated circle',#70843,1.);
#70845=EDGE_CURVE('',#70834,#70793,#70844,.T.);
#70846=EDGE_LOOP('',(#70847,#70848,#70849,#70850));
#70847=ORIENTED_EDGE('',*,*,#70835,.F.);
#70848=ORIENTED_EDGE('',*,*,#70840,.T.);
#70849=ORIENTED_EDGE('',*,*,#70794,.T.);
#70850=ORIENTED_EDGE('',*,*,#70845,.F.);
#70851=FACE_OUTER_BOUND('',#70846,.T.);
#70852=ADVANCED_FACE('PartBody',(#70851),#70826,.T.);
#70853=B_SPLINE_CURVE_WITH_KNOTS('',5,(#70854,#70855,#70856,#70857,#70858,#70859),.UNSPECIFIED.,.F.,.U.,(6,6),(718.727013447,1069.98125807),.UNSPECIFIED.);
#70854=CARTESIAN_POINT('Control Point',(9403.915999999999,-2543.88860436,-572.836114467));
#70855=CARTESIAN_POINT('Control Point',(9403.915999999999,-2535.16851217,-612.522213751));
#70856=CARTESIAN_POINT('Control Point',(9403.915999999999,-2525.86757846,-652.080040608));
#70857=CARTESIAN_POINT('Control Point',(9403.915999999999,-2515.98827056,-691.498315157));
#70858=CARTESIAN_POINT('Control Point',(9403.915999999999,-2505.53323657,-730.7662743670001));
#70859=CARTESIAN_POINT('Control Point',(9403.915999999999,-2494.50512108,-769.874228643));
#70860=DIRECTION('Vector Direction',(1,0,0));
#70861=VECTOR('Extrusion Surface Vector',#70860,1.);
#70862=SURFACE_OF_LINEAR_EXTRUSION('generated tabulated cylinder',#70853,#70861);
#70863=CARTESIAN_POINT('Line Origine',(9405.816000000001,-2494.50512108,-769.874228642));
#70864=DIRECTION('Vector Direction',(1,0,0));
#70865=VECTOR('Line Direction',#70864,1.);
#70866=LINE('Line',#70863,#70865);
#70867=CARTESIAN_POINT('Vertex',(9403.915999999999,-2494.50512108,-769.874228642));
#70868=VERTEX_POINT('',#70867);
#70869=CARTESIAN_POINT('Vertex',(9407.716,-2494.50512108,-769.874228642));
#70870=VERTEX_POINT('',#70869);
#70871=EDGE_CURVE('',#70868,#70870,#70866,.T.);
#70872=B_SPLINE_CURVE_WITH_KNOTS('',3,(#70873,#70874,#70875,#70876),.UNSPECIFIED.,.F.,.U.,(4,4),(0.,405.761372263),.UNSPECIFIED.);
#70873=CARTESIAN_POINT('Control Point',(9403.915999999999,-2494.50512108,-769.874228642));
#70874=CARTESIAN_POINT('Control Point',(9403.915999999999,-2512.8845579,-704.696984572));
#70875=CARTESIAN_POINT('Control Point',(9403.915999999999,-2529.35568738,-638.977019137));
#70876=CARTESIAN_POINT('Control Point',(9403.915999999999,-2543.88860436,-572.836114467));
#70877=EDGE_CURVE('',#70868,#70832,#70872,.T.);
#70878=B_SPLINE_CURVE_WITH_KNOTS('',3,(#70879,#70880,#70881,#70882),.UNSPECIFIED.,.F.,.U.,(4,4),(0.,405.761372263),.UNSPECIFIED.);
#70879=CARTESIAN_POINT('Control Point',(9407.716,-2494.50512108,-769.874228642));
#70880=CARTESIAN_POINT('Control Point',(9407.716,-2512.8845579,-704.696984572));
#70881=CARTESIAN_POINT('Control Point',(9407.716,-2529.35568738,-638.977019137));
#70882=CARTESIAN_POINT('Control Point',(9407.716,-2543.88860436,-572.836114467));
#70883=EDGE_CURVE('',#70870,#70834,#70878,.T.);
#70884=EDGE_LOOP('',(#70885,#70886,#70887,#70888));
#70885=ORIENTED_EDGE('',*,*,#70871,.F.);
#70886=ORIENTED_EDGE('',*,*,#70877,.T.);
#70887=ORIENTED_EDGE('',*,*,#70835,.T.);
#70888=ORIENTED_EDGE('',*,*,#70883,.F.);
#70889=FACE_OUTER_BOUND('',#70884,.T.);
#70890=ADVANCED_FACE('PartBody',(#70889),#70862,.F.);
#70891=CARTESIAN_POINT('Axis2P3D Location',(9407.716,0,0));
#70892=DIRECTION('Axis2P3D Direction',(1,0,0));
#70893=DIRECTION('Axis2P3D XDirection',(0,1,0));
#70894=AXIS2_PLACEMENT_3D('Plane Axis2P3D',#70891,#70892,#70893);
#70895=PLANE('',#70894);
#70896=B_SPLINE_CURVE_WITH_KNOTS('',3,(#70897,#70898,#70899,#70900),.UNSPECIFIED.,.F.,.U.,(4,4),(305.753201398,351.239931427),.UNSPECIFIED.);
#70897=CARTESIAN_POINT('Control Point',(9407.716,-2673.98174208,-636.494491172));
#70898=CARTESIAN_POINT('Control Point',(9407.716,-2676.63404705,-625.367551568));
#70899=CARTESIAN_POINT('Control Point',(9407.716,-2679.22549666,-614.240980855));
#70900=CARTESIAN_POINT('Control Point',(9407.716,-2681.75674779,-603.114802212));
#70901=CARTESIAN_POINT('Vertex',(9407.716,-2673.98174208,-636.494491172));
#70902=VERTEX_POINT('',#70901);
#70903=EDGE_CURVE('',#70902,#70809,#70896,.T.);
#70904=B_SPLINE_CURVE_WITH_KNOTS('',5,(#70905,#70906,#70907,#70908,#70909,#70910,#70911,#70912,#70913,#70914,#70915,#70916,#70917,#70918,#70919,#70920,#70921,#70922,#70923,#70924,#70925),.UNSPECIFIED.,.F.,.U.,(6,3,3,3,3,3,6),(107.025323312,206.12848677,255.680079764,280.455876261,292.84377451,299.037723634,305.231672758),.UNSPECIFIED.);
#70905=CARTESIAN_POINT('Control Point',(9407.716,-2636.65229772,-782.168364901));
#70906=CARTESIAN_POINT('Control Point',(9407.716,-2640.74297326,-767.603002413));
#70907=CARTESIAN_POINT('Control Point',(9407.716,-2644.74274066,-753.036199227));
#70908=CARTESIAN_POINT('Control Point',(9407.716,-2648.65237079,-738.468427012));
#70909=CARTESIAN_POINT('Control Point',(9407.716,-2654.38273326,-716.615997582));
#70910=CARTESIAN_POINT('Control Point',(9407.716,-2659.91355876,-694.7634036859999));
#70911=CARTESIAN_POINT('Control Point',(9407.716,-2661.73508497,-687.479241327));
#70912=CARTESIAN_POINT('Control Point',(9407.716,-2664.43437873,-676.553133811));
#70913=CARTESIAN_POINT('Control Point',(9407.716,-2667.08436416,-665.627349449));
#70914=CARTESIAN_POINT('Control Point',(9407.716,-2667.9622242,-661.9854638530001));
#70915=CARTESIAN_POINT('Control Point',(9407.716,-2669.27082674,-656.522709073));
#70916=CARTESIAN_POINT('Control Point',(9407.716,-2670.56717012,-651.060079317));
#70917=CARTESIAN_POINT('Control Point',(9407.716,-2670.99792369,-649.239217433));
#70918=CARTESIAN_POINT('Control Point',(9407.716,-2671.64201451,-646.507947873));
#70919=CARTESIAN_POINT('Control Point',(9407.716,-2672.28304875,-643.776715015));
#70920=CARTESIAN_POINT('Control Point',(9407.716,-2672.49638736,-642.866308241));
#70921=CARTESIAN_POINT('Control Point',(9407.716,-2672.92238594,-641.04550325));
#70922=CARTESIAN_POINT('Control Point',(9407.716,-2673.34702783,-639.224715773));
#70923=CARTESIAN_POINT('Control Point',(9407.716,-2673.55891635,-638.314731758));
#70924=CARTESIAN_POINT('Control Point',(9407.716,-2673.77092243,-637.402776092));
#70925=CARTESIAN_POINT('Control Point',(9407.716,-2673.98174208,-636.494491172));
#70926=CARTESIAN_POINT('Vertex',(9407.71598918,-2636.65230596,-782.168367214));
#70927=VERTEX_POINT('',#70926);
#70928=EDGE_CURVE('',#70927,#70902,#70904,.T.);
#70929=B_SPLINE_CURVE_WITH_KNOTS('',3,(#70930,#70931,#70932,#70933),.UNSPECIFIED.,.F.,.U.,(4,4),(68.4312535204,107.20960782),.UNSPECIFIED.);
#70930=CARTESIAN_POINT('Control Point',(9407.716,-2628.34076867,-810.613299513));
#70931=CARTESIAN_POINT('Control Point',(9407.716,-2631.15797203,-801.13280768));
#70932=CARTESIAN_POINT('Control Point',(9407.716,-2633.92831199,-791.651125596));
#70933=CARTESIAN_POINT('Control Point',(9407.716,-2636.65229307,-782.168381458));
#70934=CARTESIAN_POINT('Vertex',(9407.71598972,-2628.34077797,-810.613302275));
#70935=VERTEX_POINT('',#70934);
#70936=EDGE_CURVE('',#70935,#70927,#70929,.T.);
#70937=B_SPLINE_CURVE_WITH_KNOTS('',1,(#70938,#70939),.UNSPECIFIED.,.F.,.U.,(2,2),(-69.4476683843,69.4476683843),.UNSPECIFIED.);
#70938=CARTESIAN_POINT('Control Point',(9407.716,-2628.340766,-810.613308481));
#70939=CARTESIAN_POINT('Control Point',(9407.716,-2495.18313429,-771.104326059));
#70940=CARTESIAN_POINT('Vertex',(9407.716,-2495.18313429,-771.104326059));
#70941=VERTEX_POINT('',#70940);
#70942=EDGE_CURVE('',#70935,#70941,#70937,.T.);
#70943=B_SPLINE_CURVE_WITH_KNOTS('',4,(#70944,#70945,#70946,#70947,#70948),.UNSPECIFIED.,.F.,.U.,(5,5),(5.00082319183,6.55803988481),.UNSPECIFIED.);
#70944=CARTESIAN_POINT('Control Point',(9407.716,-2495.18313429,-771.104326059));
#70945=CARTESIAN_POINT('Control Point',(9407.716,-2494.8099121,-770.993587916));
#70946=CARTESIAN_POINT('Control Point',(9407.716,-2494.49059676,-770.684138856));
#70947=CARTESIAN_POINT('Control Point',(9407.716,-2494.39946121,-770.248920157));
#70948=CARTESIAN_POINT('Control Point',(9407.716,-2494.50512108,-769.874228642));
#70949=EDGE_CURVE('',#70941,#70870,#70943,.T.);
#70950=EDGE_LOOP('',(#70951,#70952,#70953,#70954,#70955,#70956,#70957,#70958));
#70951=ORIENTED_EDGE('',*,*,#70903,.F.);
#70952=ORIENTED_EDGE('',*,*,#70928,.F.);
#70953=ORIENTED_EDGE('',*,*,#70936,.F.);
#70954=ORIENTED_EDGE('',*,*,#70942,.T.);
#70955=ORIENTED_EDGE('',*,*,#70949,.T.);
#70956=ORIENTED_EDGE('',*,*,#70883,.T.);
#70957=ORIENTED_EDGE('',*,*,#70845,.T.);
#70958=ORIENTED_EDGE('',*,*,#70814,.T.);
#70959=FACE_OUTER_BOUND('',#70950,.T.);
#70960=ADVANCED_FACE('PartBody',(#70959),#70895,.T.);
#70961=B_SPLINE_SURFACE_WITH_KNOTS('',5,5,((#70962,#70963,#70964,#70965,#70966,#70967,#70968,#70969,#70970),(#70971,#70972,#70973,#70974,#70975,#70976,#70977,#70978,#70979),(#70980,#70981,#70982,#70983,#70984,#70985,#70986,#70987,#70988),(#70989,#70990,#70991,#70992,#70993,#70994,#70995,#70996,#70997),(#70998,#70999,#71000,#71001,#71002,#71003,#71004,#71005,#71006),(#71007,#71008,#71009,#71010,#71011,#71012,#71013,#71014,#71015),(#71016,#71017,#71018,#71019,#71020,#71021,#71022,#71023,#71024),(#71025,#71026,#71027,#71028,#71029,#71030,#71031,#71032,#71033),(#71034,#71035,#71036,#71037,#71038,#71039,#71040,#71041,#71042),(#71043,#71044,#71045,#71046,#71047,#71048,#71049,#71050,#71051),(#71052,#71053,#71054,#71055,#71056,#71057,#71058,#71059,#71060),(#71061,#71062,#71063,#71064,#71065,#71066,#71067,#71068,#71069),(#71070,#71071,#71072,#71073,#71074,#71075,#71076,#71077,#71078),(#71079,#71080,#71081,#71082,#71083,#71084,#71085,#71086,#71087),(#71088,#71089,#71090,#71091,#71092,#71093,#71094,#71095,#71096),(#71097,#71098,#71099,#71100,#71101,#71102,#71103,#71104,#71105),(#71106,#71107,#71108,#71109,#71110,#71111,#71112,#71113,#71114),(#71115,#71116,#71117,#71118,#71119,#71120,#71121,#71122,#71123)),.UNSPECIFIED.,.F.,.F.,.U.,(6,3,3,3,3,6),(6,3,6),(107.010366744,206.121019751,255.676346255,280.454009507,292.842841133,305.231672758),(-1.33226762955E-015,3.9,7.8),.UNSPECIFIED.);
#70962=CARTESIAN_POINT('Control Point',(9411.39764288,-2640.48799615,-783.257491515));
#70963=CARTESIAN_POINT('Control Point',(9410.80308586,-2640.44229347,-783.244655764));
#70964=CARTESIAN_POINT('Control Point',(9410.21736843,-2640.28991813,-783.201860642));
#70965=CARTESIAN_POINT('Control Point',(9409.66807894,-2640.03285943,-783.1296648479999));
#70966=CARTESIAN_POINT('Control Point',(9408.695507140001,-2639.33426522,-782.933462333));
#70967=CARTESIAN_POINT('Control Point',(9408.049591909999,-2638.34529104,-782.655705632));
#70968=CARTESIAN_POINT('Control Point',(9407.82715196,-2637.79768082,-782.501907476));
#70969=CARTESIAN_POINT('Control Point',(9407.716,-2637.22344252,-782.340630732));
#70970=CARTESIAN_POINT('Control Point',(9407.716,-2636.64921089,-782.1793558639999));
#70971=CARTESIAN_POINT('Control Point',(9411.39425179,-2644.58378734,-768.673109305));
#70972=CARTESIAN_POINT('Control Point',(9410.800074250001,-2644.53756423,-768.660356624));
#70973=CARTESIAN_POINT('Control Point',(9410.21482048,-2644.38465807,-768.618176691));
#70974=CARTESIAN_POINT('Control Point',(9409.66602975,-2644.12708013,-768.5471244079999));
#70975=CARTESIAN_POINT('Control Point',(9408.6944143,-2643.4274913,-768.354146517));
#70976=CARTESIAN_POINT('Control Point',(9408.04921121,-2642.4376082,-768.081094981));
#70977=CARTESIAN_POINT('Control Point',(9407.827025209999,-2641.88956489,-767.9299218579999));
#70978=CARTESIAN_POINT('Control Point',(9407.716,-2641.31490435,-767.771406758));
#70979=CARTESIAN_POINT('Control Point',(9407.716,-2640.74025046,-767.612893493));
#70980=CARTESIAN_POINT('Control Point',(9411.39088986,-2648.58852866,-754.087337218));
#70981=CARTESIAN_POINT('Control Point',(9410.79708905,-2648.54178977,-754.074673692));
#70982=CARTESIAN_POINT('Control Point',(9410.21229519,-2648.38836023,-754.033111875));
#70983=CARTESIAN_POINT('Control Point',(9409.663998960001,-2648.13027305,-753.963202597));
#70984=CARTESIAN_POINT('Control Point',(9408.693331480001,-2647.42971381,-753.773441909));
#70985=CARTESIAN_POINT('Control Point',(9408.04883401,-2646.43895252,-753.505077775));
#70986=CARTESIAN_POINT('Control Point',(9407.82689964,-2645.8904926,-753.356518823));
#70987=CARTESIAN_POINT('Control Point',(9407.716,-2645.31542688,-753.20075351));
#70988=CARTESIAN_POINT('Control Point',(9407.716,-2644.7403678,-753.044989994));
#70989=CARTESIAN_POINT('Control Point',(9411.38755722,-2652.50299329,-739.500646997));
#70990=CARTESIAN_POINT('Control Point',(9410.794130349999,-2652.45574336,-739.4880785730001));
#70991=CARTESIAN_POINT('Control Point',(9410.209792650001,-2652.30179787,-739.447137696));
#70992=CARTESIAN_POINT('Control Point',(9409.66198665,-2652.04321133,-739.378370855));
#70993=CARTESIAN_POINT('Control Point',(9408.69225869,-2651.34170555,-739.191819915));
#70994=CARTESIAN_POINT('Control Point',(9408.04846034,-2650.35009616,-738.9281255229999));
#70995=CARTESIAN_POINT('Control Point',(9407.82677523,-2649.80123577,-738.782169962));
#70996=CARTESIAN_POINT('Control Point',(9407.716,-2649.22578155,-738.629142674));
#70997=CARTESIAN_POINT('Control Point',(9407.716,-2648.65033396,-738.476117146));
#70998=CARTESIAN_POINT('Control Point',(9411.38260262,-2658.24040184,-717.619916943));
#70999=CARTESIAN_POINT('Control Point',(9410.789732429999,-2658.19239255,-717.607499917));
#71000=CARTESIAN_POINT('Control Point',(9410.20607323,-2658.03768429,-717.567494605));
#71001=CARTESIAN_POINT('Control Point',(9409.658996100001,-2657.77836338,-717.500440601));
#71002=CARTESIAN_POINT('Control Point',(9408.69066466,-2657.07547293,-717.31869336));
#71003=CARTESIAN_POINT('Control Point',(9408.047905150001,-2656.08263552,-717.061977686));
#71004=CARTESIAN_POINT('Control Point',(9407.826590389999,-2655.53319803,-716.9199114));
#71005=CARTESIAN_POINT('Control Point',(9407.716,-2654.95718544,-716.770973899));
#71006=CARTESIAN_POINT('Control Point',(9407.716,-2654.38117945,-716.622038104));
#71007=CARTESIAN_POINT('Control Point',(9411.37771569,-2663.77797164,-695.739129387));
#71008=CARTESIAN_POINT('Control Point',(9410.78539562,-2663.72921408,-695.726876668));
#71009=CARTESIAN_POINT('Control Point',(9410.20240618,-2663.57375976,-695.687813163));
#71010=CARTESIAN_POINT('Control Point',(9409.65604803,-2663.31372621,-695.622471001));
#71011=CARTESIAN_POINT('Control Point',(9408.68909367,-2662.60950291,-695.445511969));
#71012=CARTESIAN_POINT('Control Point',(9408.047358039999,-2661.61550195,-695.195737736));
#71013=CARTESIAN_POINT('Control Point',(9407.82640824,-2661.06552179,-695.05753792));
#71014=CARTESIAN_POINT('Control Point',(9407.716,-2660.48898635,-694.912665308));
#71015=CARTESIAN_POINT('Control Point',(9407.716,-2659.91245747,-694.767794346));
#71016=CARTESIAN_POINT('Control Point',(9411.3760943,-2665.60171249,-688.445581845));
#71017=CARTESIAN_POINT('Control Point',(9410.78395687,-2665.55270674,-688.433385317));
#71018=CARTESIAN_POINT('Control Point',(9410.201189699999,-2665.3970056,-688.394636442));
#71019=CARTESIAN_POINT('Control Point',(9409.655070090001,-2665.13673691,-688.329864797));
#71020=CARTESIAN_POINT('Control Point',(9408.68857258,-2664.43207502,-688.154500162));
#71021=CARTESIAN_POINT('Control Point',(9408.04717657,-2663.43769329,-687.9070356890001));
#71022=CARTESIAN_POINT('Control Point',(9407.826347820001,-2662.88753601,-687.770122212));
#71023=CARTESIAN_POINT('Control Point',(9407.716,-2662.31083017,-687.626601851));
#71024=CARTESIAN_POINT('Control Point',(9407.716,-2661.73413089,-687.483083122));
#71025=CARTESIAN_POINT('Control Point',(9411.373673690001,-2668.30427894,-677.505413414));
#71026=CARTESIAN_POINT('Control Point',(9410.781809100001,-2668.25490282,-677.493303294));
#71027=CARTESIAN_POINT('Control Point',(9410.19937384,-2668.09883422,-677.455027409));
#71028=CARTESIAN_POINT('Control Point',(9409.65361039,-2667.8382164,-677.39111142));
#71029=CARTESIAN_POINT('Control Point',(9408.687794850001,-2667.1329051,-677.2181359689999));
#71030=CARTESIAN_POINT('Control Point',(9408.046905740001,-2666.13796266,-676.974130212));
#71031=CARTESIAN_POINT('Control Point',(9407.82625765,-2665.58754528,-676.839142612));
#71032=CARTESIAN_POINT('Control Point',(9407.716,-2665.01058959,-676.697646656));
#71033=CARTESIAN_POINT('Control Point',(9407.716,-2664.43364044,-676.5561523059999));
#71034=CARTESIAN_POINT('Control Point',(9411.37127052,-2670.95746396,-666.565592443));
#71035=CARTESIAN_POINT('Control Point',(9410.779677050001,-2670.90772034,-666.553571889));
#71036=CARTESIAN_POINT('Control Point',(9410.19757145,-2670.75128847,-666.515770582));
#71037=CARTESIAN_POINT('Control Point',(9409.65216159,-2670.49032686,-666.452710125));
#71038=CARTESIAN_POINT('Control Point',(9408.687023029999,-2669.78437874,-666.282120414));
#71039=CARTESIAN_POINT('Control Point',(9408.046636970001,-2668.78889106,-666.04156477));
#71040=CARTESIAN_POINT('Control Point',(9407.826168170001,-2668.2382218,-665.908497758));
#71041=CARTESIAN_POINT('Control Point',(9407.716,-2667.66102472,-665.769020422));
#71042=CARTESIAN_POINT('Control Point',(9407.716,-2667.08383418,-665.629544665));
#71043=CARTESIAN_POINT('Control Point',(9411.37047141,-2671.83638247,-662.919030622));
#71044=CARTESIAN_POINT('Control Point',(9410.77896813,-2671.78651666,-662.907040274));
#71045=CARTESIAN_POINT('Control Point',(9410.19697216,-2671.62996417,-662.869397337));
#71046=CARTESIAN_POINT('Control Point',(9409.65167988,-2671.36888855,-662.806622046));
#71047=CARTESIAN_POINT('Control Point',(9408.68676642,-2670.66272955,-662.636827209));
#71048=CARTESIAN_POINT('Control Point',(9408.04654761,-2669.66706183,-662.397420663));
#71049=CARTESIAN_POINT('Control Point',(9407.82613842,-2669.11630951,-662.264993268));
#71050=CARTESIAN_POINT('Control Point',(9407.716,-2668.53903291,-662.126188172));
#71051=CARTESIAN_POINT('Control Point',(9407.716,-2667.96176285,-661.987384646));
#71052=CARTESIAN_POINT('Control Point',(9411.369275700001,-2673.14656064,-657.449265386));
#71053=CARTESIAN_POINT('Control Point',(9410.777907400001,-2673.09651205,-657.437320871));
#71054=CARTESIAN_POINT('Control Point',(9410.196075489999,-2672.93977931,-657.399915756));
#71055=CARTESIAN_POINT('Control Point',(9409.65095915,-2672.67853358,-657.337568203));
#71056=CARTESIAN_POINT('Control Point',(9408.686382489999,-2671.97206032,-657.168965132));
#71057=CARTESIAN_POINT('Control Point',(9408.04641393,-2670.97612509,-656.931280847));
#71058=CARTESIAN_POINT('Control Point',(9407.82609391,-2670.42524954,-656.7998120250001));
#71059=CARTESIAN_POINT('Control Point',(9407.716,-2669.84785504,-656.662014355));
#71060=CARTESIAN_POINT('Control Point',(9407.716,-2669.27046706,-656.524218241));
#71061=CARTESIAN_POINT('Control Point',(9411.368084420001,-2674.44446168,-651.9796308480001));
#71062=CARTESIAN_POINT('Control Point',(9410.776850669999,-2674.39423104,-651.967732948));
#71063=CARTESIAN_POINT('Control Point',(9410.195182240001,-2674.23731911,-651.93056606));
#71064=CARTESIAN_POINT('Control Point',(9409.650241200001,-2673.97590458,-651.868646237));
#71065=CARTESIAN_POINT('Control Point',(9408.68600007,-2673.26912017,-651.701234143));
#71066=CARTESIAN_POINT('Control Point',(9408.046280770001,-2672.27292121,-651.465270083));
#71067=CARTESIAN_POINT('Control Point',(9407.82604957,-2671.72192443,-651.334758575));
#71068=CARTESIAN_POINT('Control Point',(9407.716,-2671.14441409,-651.197966953));
#71069=CARTESIAN_POINT('Control Point',(9407.716,-2670.56691027,-651.061176875));
#71070=CARTESIAN_POINT('Control Point',(9411.367687649999,-2674.87594217,-650.15552797));
#71071=CARTESIAN_POINT('Control Point',(9410.776498720001,-2674.8256509,-650.143645701));
#71072=CARTESIAN_POINT('Control Point',(9410.19488474,-2674.66867934,-650.106558295));
#71073=CARTESIAN_POINT('Control Point',(9409.650002079999,-2674.40720867,-650.0447811));
#71074=CARTESIAN_POINT('Control Point',(9408.6858727,-2673.70032085,-649.87776606));
#71075=CARTESIAN_POINT('Control Point',(9408.046236419999,-2672.70403436,-649.642375397));
#71076=CARTESIAN_POINT('Control Point',(9407.826034809999,-2672.15299738,-649.512182975));
#71077=CARTESIAN_POINT('Control Point',(9407.716,-2671.57544865,-649.375726675));
#71078=CARTESIAN_POINT('Control Point',(9407.716,-2670.99790644,-649.239271916));
#71079=CARTESIAN_POINT('Control Point',(9411.366895810001,-2675.73534101,-646.5109812220001));
#71080=CARTESIAN_POINT('Control Point',(9410.77579634,-2675.68492876,-646.499130368));
#71081=CARTESIAN_POINT('Control Point',(9410.19429105,-2675.52783825,-646.4622019030001));
#71082=CARTESIAN_POINT('Control Point',(9409.6495249,-2675.26625567,-646.400709755));
#71083=CARTESIAN_POINT('Control Point',(9408.685618539999,-2674.55916187,-646.234488063));
#71084=CARTESIAN_POINT('Control Point',(9408.04614792,-2673.56270128,-646.000242898));
#71085=CARTESIAN_POINT('Control Point',(9407.826005340001,-2673.0115844,-645.870687897));
#71086=CARTESIAN_POINT('Control Point',(9407.716,-2672.43395938,-645.734901442));
#71087=CARTESIAN_POINT('Control Point',(9407.716,-2671.85634087,-645.5991165189999));
#71088=CARTESIAN_POINT('Control Point',(9411.366105249999,-2676.59013682,-642.8628753850001));
#71089=CARTESIAN_POINT('Control Point',(9410.77509513,-2676.5396038,-642.851056312));
#71090=CARTESIAN_POINT('Control Point',(9410.19369835,-2676.38239472,-642.814287085));
#71091=CARTESIAN_POINT('Control Point',(9409.649048540001,-2676.12070074,-642.753080196));
#71092=CARTESIAN_POINT('Control Point',(9408.685364819999,-2675.41340217,-642.5876521070001));
#71093=CARTESIAN_POINT('Control Point',(9408.04605958,-2674.41676903,-642.354552417));
#71094=CARTESIAN_POINT('Control Point',(9407.82597593,-2673.86557308,-642.2256347700001));
#71095=CARTESIAN_POINT('Control Point',(9407.716,-2673.28787263,-642.090518065));
#71096=CARTESIAN_POINT('Control Point',(9407.716,-2672.71017868,-641.955402882));
#71097=CARTESIAN_POINT('Control Point',(9411.36571161,-2677.01484487,-641.044593111));
#71098=CARTESIAN_POINT('Control Point',(9410.774745979999,-2676.96425173,-641.032789985));
#71099=CARTESIAN_POINT('Control Point',(9410.19340324,-2676.80698363,-640.996100242));
#71100=CARTESIAN_POINT('Control Point',(9409.64881135,-2676.54523424,-640.935035654));
#71101=CARTESIAN_POINT('Control Point',(9408.6852385,-2675.83783387,-640.770003361));
#71102=CARTESIAN_POINT('Control Point',(9408.04601559,-2674.84111504,-640.53747485));
#71103=CARTESIAN_POINT('Control Point',(9407.82596129,-2674.28987984,-640.408874998));
#71104=CARTESIAN_POINT('Control Point',(9407.716,-2673.71214197,-640.274092236));
#71105=CARTESIAN_POINT('Control Point',(9407.716,-2673.1344106,-640.139310991));
#71106=CARTESIAN_POINT('Control Point',(9411.3653161,-2677.44098191,-639.214279612));
#71107=CARTESIAN_POINT('Control Point',(9410.77439518,-2677.39032837,-639.202492582));
#71108=CARTESIAN_POINT('Control Point',(9410.19310674,-2677.23300104,-639.165882743));
#71109=CARTESIAN_POINT('Control Point',(9409.648573050001,-2676.97119609,-639.104961138));
#71110=CARTESIAN_POINT('Control Point',(9408.68511158,-2676.26369375,-638.940326471));
#71111=CARTESIAN_POINT('Control Point',(9408.045971400001,-2675.26688929,-638.708371698));
#71112=CARTESIAN_POINT('Control Point',(9407.825946569999,-2674.71561492,-638.580091054));
#71113=CARTESIAN_POINT('Control Point',(9407.716,-2674.13783971,-638.445643711));
#71114=CARTESIAN_POINT('Control Point',(9407.716,-2673.56007101,-638.311197882));
#71115=CARTESIAN_POINT('Control Point',(9411.36492333,-2677.86312577,-637.395382842));
#71116=CARTESIAN_POINT('Control Point',(9410.774046820001,-2677.81241224,-637.3836119379999));
#71117=CARTESIAN_POINT('Control Point',(9410.1928123,-2677.65502612,-637.3470817050001));
#71118=CARTESIAN_POINT('Control Point',(9409.64833641,-2677.39316603,-637.286302459));
#71119=CARTESIAN_POINT('Control Point',(9408.68498555,-2676.68556252,-637.122063581));
#71120=CARTESIAN_POINT('Control Point',(9408.045927519999,-2675.68867317,-636.89067978));
#71121=CARTESIAN_POINT('Control Point',(9407.82593196,-2675.13735997,-636.762716789));
#71122=CARTESIAN_POINT('Control Point',(9407.716,-2674.55954777,-636.628603226));
#71123=CARTESIAN_POINT('Control Point',(9407.716,-2673.98174208,-636.494491172));
#71124=B_SPLINE_CURVE_WITH_KNOTS('',5,(#71125,#71126,#71127,#71128,#71129,#71130),.UNSPECIFIED.,.F.,.U.,(6,6),(0.,13.509949279),.UNSPECIFIED.);
#71125=CARTESIAN_POINT('Control Point',(9411.364896450001,-2677.86047148,-637.4068079));
#71126=CARTESIAN_POINT('Control Point',(9410.183145610001,-2677.75910232,-637.382981989));
#71127=CARTESIAN_POINT('Control Point',(9409.03912227,-2677.23220481,-637.259054333));
#71128=CARTESIAN_POINT('Control Point',(9408.1547641,-2676.29214264,-637.037938733));
#71129=CARTESIAN_POINT('Control Point',(9407.716,-2675.13655731,-636.766126275));
#71130=CARTESIAN_POINT('Control Point',(9407.716,-2673.98174208,-636.494491172));
#71131=CARTESIAN_POINT('Vertex',(9411.36492586,-2677.86047221,-637.406813356));
#71132=VERTEX_POINT('',#71131);
#71133=EDGE_CURVE('',#71132,#70902,#71124,.T.);
#71134=B_SPLINE_CURVE_WITH_KNOTS('',5,(#71135,#71136,#71137,#71138,#71139,#71140,#71141,#71142,#71143),.UNSPECIFIED.,.F.,.U.,(6,3,6),(107.010366744,303.68190053,305.216101431),.UNSPECIFIED.);
#71135=CARTESIAN_POINT('Control Point',(9411.39764288,-2640.48799615,-783.257491515));
#71136=CARTESIAN_POINT('Control Point',(9411.39091373,-2648.61553351,-754.316779981));
#71137=CARTESIAN_POINT('Control Point',(9411.384299359999,-2656.38454403,-725.370595535));
#71138=CARTESIAN_POINT('Control Point',(9411.377800939999,-2663.8010693,-696.422624285));
#71139=CARTESIAN_POINT('Control Point',(9411.371371859999,-2670.92595772,-667.250487156));
#71140=CARTESIAN_POINT('Control Point',(9411.365071870001,-2677.7034249,-638.083211346));
#71141=CARTESIAN_POINT('Control Point',(9411.36502313,-2677.75583989,-637.8575511));
#71142=CARTESIAN_POINT('Control Point',(9411.364974440001,-2677.80819261,-637.63207039));
#71143=CARTESIAN_POINT('Control Point',(9411.36492579,-2677.86047276,-637.406813787));
#71144=CARTESIAN_POINT('Vertex',(9411.39810111,-2640.48803532,-783.257496307));
#71145=VERTEX_POINT('',#71144);
#71146=EDGE_CURVE('',#71145,#71132,#71134,.T.);
#71147=B_SPLINE_CURVE_WITH_KNOTS('',5,(#71148,#71149,#71150,#71151,#71152,#71153),.UNSPECIFIED.,.F.,.U.,(6,6),(0.,11.03061354),.UNSPECIFIED.);
#71148=CARTESIAN_POINT('Control Point',(9411.39764288,-2640.48799726,-783.257487586));
#71149=CARTESIAN_POINT('Control Point',(9410.20853183,-2640.39664591,-783.23162462));
#71150=CARTESIAN_POINT('Control Point',(9409.053890749999,-2639.87985188,-783.084911477));
#71151=CARTESIAN_POINT('Control Point',(9408.15960445,-2638.94812069,-782.820346619));
#71152=CARTESIAN_POINT('Control Point',(9407.71600253,-2637.79981492,-782.494250245));
#71153=CARTESIAN_POINT('Control Point',(9407.716,-2636.65230125,-782.168383782));
#71154=EDGE_CURVE('',#71145,#70927,#71147,.T.);
#71155=EDGE_LOOP('',(#71156,#71157,#71158,#71159));
#71156=ORIENTED_EDGE('',*,*,#71133,.F.);
#71157=ORIENTED_EDGE('',*,*,#71146,.F.);
#71158=ORIENTED_EDGE('',*,*,#71154,.T.);
#71159=ORIENTED_EDGE('',*,*,#70928,.T.);
#71160=FACE_OUTER_BOUND('',#71155,.T.);
#71161=ADVANCED_FACE('PartBody',(#71160),#70961,.F.);
#71162=B_SPLINE_SURFACE_WITH_KNOTS('',5,5,((#71163,#71164,#71165,#71166,#71167,#71168),(#71169,#71170,#71171,#71172,#71173,#71174),(#71175,#71176,#71177,#71178,#71179,#71180),(#71181,#71182,#71183,#71184,#71185,#71186),(#71187,#71188,#71189,#71190,#71191,#71192),(#71193,#71194,#71195,#71196,#71197,#71198)),.UNSPECIFIED.,.F.,.F.,.U.,(6,6),(6,6),(68.4312412936,107.225612272),(0.,7.8),.UNSPECIFIED.);
#71163=CARTESIAN_POINT('Control Point',(9411.40464246,-2632.16350686,-811.749041057));
#71164=CARTESIAN_POINT('Control Point',(9410.213795740001,-2632.07840321,-811.707960264));
#71165=CARTESIAN_POINT('Control Point',(9409.056454600001,-2631.56514409,-811.553794367));
#71166=CARTESIAN_POINT('Control Point',(9408.160259140001,-2630.63324417,-811.287754923));
#71167=CARTESIAN_POINT('Control Point',(9407.71626789,-2629.48553864,-810.952860794));
#71168=CARTESIAN_POINT('Control Point',(9407.71598128,-2628.3407623,-810.6133828329999));
#71169=CARTESIAN_POINT('Control Point',(9411.40337971,-2633.85626162,-806.051887397));
#71170=CARTESIAN_POINT('Control Point',(9410.213839620001,-2633.7599451,-806.04780077));
#71171=CARTESIAN_POINT('Control Point',(9409.057053140001,-2633.24554333,-805.897369155));
#71172=CARTESIAN_POINT('Control Point',(9408.16029847,-2632.32158831,-805.603731168));
#71173=CARTESIAN_POINT('Control Point',(9407.716208489999,-2631.17753978,-805.258016341));
#71174=CARTESIAN_POINT('Control Point',(9407.716036829999,-2630.03191263,-804.922073009));
#71175=CARTESIAN_POINT('Control Point',(9411.40188071,-2635.53560025,-800.35293991));
#71176=CARTESIAN_POINT('Control Point',(9410.21148129,-2635.45205956,-800.303542234));
#71177=CARTESIAN_POINT('Control Point',(9409.054863540001,-2634.93784983,-800.151689489));
#71178=CARTESIAN_POINT('Control Point',(9408.16002827,-2634.00171752,-799.900770046));
#71179=CARTESIAN_POINT('Control Point',(9407.716418030001,-2632.85280976,-799.5716333840001));
#71180=CARTESIAN_POINT('Control Point',(9407.7159629,-2631.7085171,-799.232593331));
#71181=CARTESIAN_POINT('Control Point',(9411.40066849,-2637.20004596,-794.655564809));
#71182=CARTESIAN_POINT('Control Point',(9410.211446089999,-2637.10553833,-794.6427317930001));
#71183=CARTESIAN_POINT('Control Point',(9409.055641929999,-2636.59033094,-794.493270605));
#71184=CARTESIAN_POINT('Control Point',(9408.159772700001,-2635.66407313,-794.208880404));
#71185=CARTESIAN_POINT('Control Point',(9407.716171710001,-2634.51827921,-793.870890125));
#71186=CARTESIAN_POINT('Control Point',(9407.716003670001,-2633.3718673,-793.539552844));
#71187=CARTESIAN_POINT('Control Point',(9411.3992932,-2638.85110606,-788.956411381));
#71188=CARTESIAN_POINT('Control Point',(9410.209974830001,-2638.76118381,-788.926331477));
#71189=CARTESIAN_POINT('Control Point',(9409.05430969,-2638.24588973,-788.777192832));
#71190=CARTESIAN_POINT('Control Point',(9408.15964618,-2637.31409513,-788.511912073));
#71191=CARTESIAN_POINT('Control Point',(9407.716329500001,-2636.16637447,-788.1810439229999));
#71192=CARTESIAN_POINT('Control Point',(9407.716018360001,-2635.02054455,-787.84888834));
#71193=CARTESIAN_POINT('Control Point',(9411.397945430001,-2640.48803773,-783.257477947));
#71194=CARTESIAN_POINT('Control Point',(9410.209013539999,-2640.39658472,-783.231316554));
#71195=CARTESIAN_POINT('Control Point',(9409.053898689999,-2639.88075209,-783.083091372));
#71196=CARTESIAN_POINT('Control Point',(9408.159426349999,-2638.94978722,-782.815588482));
#71197=CARTESIAN_POINT('Control Point',(9407.716278899999,-2637.80204947,-782.485928744));
#71198=CARTESIAN_POINT('Control Point',(9407.715989120001,-2636.65567882,-782.156625624));
#71199=B_SPLINE_CURVE_WITH_KNOTS('',5,(#71200,#71201,#71202,#71203,#71204,#71205),.UNSPECIFIED.,.F.,.U.,(6,6),(68.5669922068,107.225588264),.UNSPECIFIED.);
#71200=CARTESIAN_POINT('Control Point',(9411.404620339999,-2632.19312202,-811.649362227));
#71201=CARTESIAN_POINT('Control Point',(9411.40335875,-2633.87976513,-805.97212304));
#71202=CARTESIAN_POINT('Control Point',(9411.401867979999,-2635.55307058,-800.293137406));
#71203=CARTESIAN_POINT('Control Point',(9411.400658869999,-2637.21159762,-794.6156899489999));
#71204=CARTESIAN_POINT('Control Point',(9411.399288480001,-2638.85682999,-788.9364835390001));
#71205=CARTESIAN_POINT('Control Point',(9411.39794544,-2640.48803267,-783.2574955809999));
#71206=CARTESIAN_POINT('Vertex',(9411.40464081,-2632.19304721,-811.649554484));
#71207=VERTEX_POINT('',#71206);
#71208=EDGE_CURVE('',#71207,#71145,#71199,.T.);
#71209=B_SPLINE_CURVE_WITH_KNOTS('',5,(#71210,#71211,#71212,#71213,#71214,#71215),.UNSPECIFIED.,.F.,.U.,(6,6),(0.,16.0411320995),.UNSPECIFIED.);
#71210=CARTESIAN_POINT('Control Point',(9411.404620220001,-2632.19312201,-811.649362221));
#71211=CARTESIAN_POINT('Control Point',(9410.213966540001,-2632.09856134,-811.640145323));
#71212=CARTESIAN_POINT('Control Point',(9409.05676483,-2631.57651871,-811.5161559319999));
#71213=CARTESIAN_POINT('Control Point',(9408.160312030001,-2630.63751022,-811.274190623));
#71214=CARTESIAN_POINT('Control Point',(9407.71626793,-2629.485917,-810.951943254));
#71215=CARTESIAN_POINT('Control Point',(9407.71598128,-2628.3407623,-810.6133828329999));
#71216=EDGE_CURVE('',#71207,#70935,#71209,.T.);
#71217=EDGE_LOOP('',(#71218,#71219,#71220,#71221));
#71218=ORIENTED_EDGE('',*,*,#71154,.F.);
#71219=ORIENTED_EDGE('',*,*,#71208,.F.);
#71220=ORIENTED_EDGE('',*,*,#71216,.T.);
#71221=ORIENTED_EDGE('',*,*,#70936,.T.);
#71222=FACE_OUTER_BOUND('',#71217,.T.);
#71223=ADVANCED_FACE('PartBody',(#71222),#71162,.F.);
#71224=B_SPLINE_SURFACE_WITH_KNOTS('',5,5,((#71225,#71226,#71227,#71228,#71229,#71230),(#71231,#71232,#71233,#71234,#71235,#71236),(#71237,#71238,#71239,#71240,#71241,#71242),(#71243,#71244,#71245,#71246,#71247,#71248),(#71249,#71250,#71251,#71252,#71253,#71254),(#71255,#71256,#71257,#71258,#71259,#71260),(#71261,#71262,#71263,#71264,#71265,#71266),(#71267,#71268,#71269,#71270,#71271,#71272),(#71273,#71274,#71275,#71276,#71277,#71278),(#71279,#71280,#71281,#71282,#71283,#71284),(#71285,#71286,#71287,#71288,#71289,#71290),(#71291,#71292,#71293,#71294,#71295,#71296)),.UNSPECIFIED.,.F.,.F.,.U.,(6,3,3,6),(6,6),(0.,2.76531769379,8.29595308136,14.0164008722),(-3.80000118761,1.19031574914E-006),.UNSPECIFIED.);
#71225=CARTESIAN_POINT('Control Point',(9411.40463499,-2632.19306597,-811.649507823));
#71226=CARTESIAN_POINT('Control Point',(9411.345484670001,-2632.91940376,-811.865160243));
#71227=CARTESIAN_POINT('Control Point',(9411.28632212,-2633.64563269,-812.081326468));
#71228=CARTESIAN_POINT('Control Point',(9411.22716009,-2634.37206021,-812.2966890610001));
#71229=CARTESIAN_POINT('Control Point',(9411.168012820001,-2635.09828515,-812.512779926));
#71230=CARTESIAN_POINT('Control Point',(9411.108840389999,-2635.82461984,-812.728575345));
#71231=CARTESIAN_POINT('Control Point',(9411.169702540001,-2632.17447495,-811.647531895));
#71232=CARTESIAN_POINT('Control Point',(9411.065987960001,-2632.89730318,-811.862596643));
#71233=CARTESIAN_POINT('Control Point',(9410.96219332,-2633.62007961,-812.0782464489999));
#71234=CARTESIAN_POINT('Control Point',(9410.85842386,-2634.34300385,-812.293171855));
#71235=CARTESIAN_POINT('Control Point',(9410.75471539,-2635.0655604,-812.509108697));
#71236=CARTESIAN_POINT('Control Point',(9410.65087704,-2635.7884475,-812.724520974));
#71237=CARTESIAN_POINT('Control Point',(9410.93605049,-2632.13921823,-811.641283144));
#71238=CARTESIAN_POINT('Control Point',(9410.78813318,-2632.85425288,-811.858583034));
#71239=CARTESIAN_POINT('Control Point',(9410.6398849,-2633.57122134,-812.0700187050001));
#71240=CARTESIAN_POINT('Control Point',(9410.491700639999,-2634.2871695,-812.285027902));
#71241=CARTESIAN_POINT('Control Point',(9410.343738969999,-2635.00355075,-812.4974181060001));
#71242=CARTESIAN_POINT('Control Point',(9410.195387809999,-2635.72010984,-812.71091002));
#71243=CARTESIAN_POINT('Control Point',(9410.7055354,-2632.08734019,-811.6303923310001));
#71244=CARTESIAN_POINT('Control Point',(9410.51370811,-2632.79287467,-811.844892489));
#71245=CARTESIAN_POINT('Control Point',(9410.32175488,-2633.49965012,-812.055210474));
#71246=CARTESIAN_POINT('Control Point',(9410.12989573,-2634.20614117,-812.266465004));
#71247=CARTESIAN_POINT('Control Point',(9409.937875670001,-2634.91288021,-812.476945496));
#71248=CARTESIAN_POINT('Control Point',(9409.74597924,-2635.61957651,-812.687625331));
#71249=CARTESIAN_POINT('Control Point',(9410.028088499999,-2631.88315715,-811.584728322));
#71250=CARTESIAN_POINT('Control Point',(9409.70757547,-2632.55024083,-811.789713663));
#71251=CARTESIAN_POINT('Control Point',(9409.387012630001,-2633.21859192,-811.990083844));
#71252=CARTESIAN_POINT('Control Point',(9409.06630595,-2633.88697077,-812.1903229759999));
#71253=CARTESIAN_POINT('Control Point',(9408.7457956,-2634.55566417,-812.389955707));
#71254=CARTESIAN_POINT('Control Point',(9408.425121349999,-2635.22409329,-812.589573559));
#71255=CARTESIAN_POINT('Control Point',(9409.407586200001,-2631.53893119,-811.499897103));
#71256=CARTESIAN_POINT('Control Point',(9408.96913241,-2632.14176015,-811.684602609));
#71257=CARTESIAN_POINT('Control Point',(9408.53065592,-2632.74527259,-811.867027326));
#71258=CARTESIAN_POINT('Control Point',(9408.092267550001,-2633.34923749,-812.0478813559999));
#71259=CARTESIAN_POINT('Control Point',(9407.653560860001,-2633.95322181,-812.228706073));
#71260=CARTESIAN_POINT('Control Point',(9407.215238950001,-2634.55724949,-812.409407564));
#71261=CARTESIAN_POINT('Control Point',(9409.031876999999,-2631.2521008,-811.426597455));
#71262=CARTESIAN_POINT('Control Point',(9408.522129970001,-2631.80110235,-811.594976905));
#71263=CARTESIAN_POINT('Control Point',(9408.012267300001,-2632.35096815,-811.760576012));
#71264=CARTESIAN_POINT('Control Point',(9407.5023038,-2632.90099013,-811.925875767));
#71265=CARTESIAN_POINT('Control Point',(9406.99255895,-2633.45103363,-812.090469672));
#71266=CARTESIAN_POINT('Control Point',(9406.48252843,-2634.00128434,-812.255160539));
#71267=CARTESIAN_POINT('Control Point',(9408.36749818,-2630.56968937,-811.246884332));
#71268=CARTESIAN_POINT('Control Point',(9407.73144562,-2630.99112446,-811.374118902));
#71269=CARTESIAN_POINT('Control Point',(9407.095313129999,-2631.41242755,-811.502013238));
#71270=CARTESIAN_POINT('Control Point',(9406.45925149,-2631.83404664,-811.6283018));
#71271=CARTESIAN_POINT('Control Point',(9405.82302541,-2632.25586961,-811.754888087));
#71272=CARTESIAN_POINT('Control Point',(9405.186854470001,-2632.67749489,-811.8813594109999));
#71273=CARTESIAN_POINT('Control Point',(9407.93873389,-2629.73110792,-811.015384487));
#71274=CARTESIAN_POINT('Control Point',(9407.22099994,-2629.99451986,-811.094591171));
#71275=CARTESIAN_POINT('Control Point',(9406.50336535,-2630.25800602,-811.173143458));
#71276=CARTESIAN_POINT('Control Point',(9405.785649859999,-2630.52142375,-811.25260709));
#71277=CARTESIAN_POINT('Control Point',(9405.06805586,-2630.784723,-811.331285255));
#71278=CARTESIAN_POINT('Control Point',(9404.35048904,-2631.048193,-811.410189138));
#71279=CARTESIAN_POINT('Control Point',(9407.790127419999,-2629.27654795,-810.886976739));
#71280=CARTESIAN_POINT('Control Point',(9407.044094209999,-2629.45486626,-810.937461834));
#71281=CARTESIAN_POINT('Control Point',(9406.298301999999,-2629.63170614,-810.99269856));
#71282=CARTESIAN_POINT('Control Point',(9405.55266166,-2629.80897013,-811.045075734));
#71283=CARTESIAN_POINT('Control Point',(9404.80626377,-2629.98695155,-811.09892809));
#71284=CARTESIAN_POINT('Control Point',(9404.06066467,-2630.16393143,-811.1520939980001));
#71285=CARTESIAN_POINT('Control Point',(9407.716063469999,-2628.80809454,-810.751754155));
#71286=CARTESIAN_POINT('Control Point',(9406.956186609999,-2628.89688675,-810.777618175));
#71287=CARTESIAN_POINT('Control Point',(9406.19617245,-2628.98556823,-810.804350314));
#71288=CARTESIAN_POINT('Control Point',(9405.43596264,-2629.07467342,-810.830548581));
#71289=CARTESIAN_POINT('Control Point',(9404.67642813,-2629.16286477,-810.857055771));
#71290=CARTESIAN_POINT('Control Point',(9403.916082780001,-2629.25199358,-810.8836638069999));
#71291=CARTESIAN_POINT('Control Point',(9407.7159909,-2628.34077797,-810.613302276));
#71292=CARTESIAN_POINT('Control Point',(9406.956007389999,-2628.3407962,-810.613168883));
#71293=CARTESIAN_POINT('Control Point',(9406.19599307,-2628.34078041,-810.613285358));
#71294=CARTESIAN_POINT('Control Point',(9405.43599647,-2628.34079337,-810.613211542));
#71295=CARTESIAN_POINT('Control Point',(9404.6760048,-2628.34077182,-810.613272146));
#71296=CARTESIAN_POINT('Control Point',(9403.915986829999,-2628.34077665,-810.613310452));
#71297=B_SPLINE_CURVE_WITH_KNOTS('',5,(#71298,#71299,#71300,#71301,#71302,#71303),.UNSPECIFIED.,.F.,.U.,(6,6),(-3.80000118761,-1.24588334822E-005),.UNSPECIFIED.);
#71298=CARTESIAN_POINT('Control Point',(9411.40463499,-2632.19306597,-811.649507823));
#71299=CARTESIAN_POINT('Control Point',(9411.34548489,-2632.91940115,-811.865159468));
#71300=CARTESIAN_POINT('Control Point',(9411.28632254,-2633.64562747,-812.081324915));
#71301=CARTESIAN_POINT('Control Point',(9411.227160730001,-2634.37205238,-812.296686741));
#71302=CARTESIAN_POINT('Control Point',(9411.168013660001,-2635.09827472,-812.512776821));
#71303=CARTESIAN_POINT('Control Point',(9411.10884146,-2635.8246068,-812.72857147));
#71304=CARTESIAN_POINT('Vertex',(9411.108849869999,-2635.82460664,-812.728574312));
#71305=VERTEX_POINT('',#71304);
#71306=EDGE_CURVE('',#71207,#71305,#71297,.T.);
#71307=B_SPLINE_CURVE_WITH_KNOTS('',5,(#71308,#71309,#71310,#71311,#71312,#71313),.UNSPECIFIED.,.F.,.U.,(6,6),(0.,16.0411531612),.UNSPECIFIED.);
#71308=CARTESIAN_POINT('Control Point',(9411.10884058,-2635.82461757,-812.728574669));
#71309=CARTESIAN_POINT('Control Point',(9408.78764622,-2635.64127768,-812.708025086));
#71310=CARTESIAN_POINT('Control Point',(9406.53123674,-2634.63048892,-812.441160574));
#71311=CARTESIAN_POINT('Control Point',(9404.7832323,-2632.81172386,-811.9270135519999));
#71312=CARTESIAN_POINT('Control Point',(9403.916228710001,-2630.57353211,-811.275757376));
#71313=CARTESIAN_POINT('Control Point',(9403.91598802,-2628.3407945,-810.613315746));
#71314=CARTESIAN_POINT('Vertex',(9403.91596706,-2628.3407944,-810.613316071));
#71315=VERTEX_POINT('',#71314);
#71316=EDGE_CURVE('',#71305,#71315,#71307,.T.);
#71317=B_SPLINE_CURVE_WITH_KNOTS('',5,(#71318,#71319,#71320,#71321,#71322,#71323),.UNSPECIFIED.,.F.,.U.,(6,6),(-3.80000118761,1.19031574914E-006),.UNSPECIFIED.);
#71318=CARTESIAN_POINT('Control Point',(9407.7159909,-2628.34077797,-810.613302276));
#71319=CARTESIAN_POINT('Control Point',(9406.956007389999,-2628.3407962,-810.613168883));
#71320=CARTESIAN_POINT('Control Point',(9406.19599307,-2628.34078041,-810.613285358));
#71321=CARTESIAN_POINT('Control Point',(9405.43599647,-2628.34079337,-810.613211542));
#71322=CARTESIAN_POINT('Control Point',(9404.6760048,-2628.34077182,-810.613272146));
#71323=CARTESIAN_POINT('Control Point',(9403.915986829999,-2628.34077665,-810.613310452));
#71324=EDGE_CURVE('',#70935,#71315,#71317,.T.);
#71325=EDGE_LOOP('',(#71326,#71327,#71328,#71329));
#71326=ORIENTED_EDGE('',*,*,#71306,.T.);
#71327=ORIENTED_EDGE('',*,*,#71316,.T.);
#71328=ORIENTED_EDGE('',*,*,#71324,.F.);
#71329=ORIENTED_EDGE('',*,*,#71216,.F.);
#71330=FACE_OUTER_BOUND('',#71325,.T.);
#71331=ADVANCED_FACE('PartBody',(#71330),#71224,.F.);
#71332=B_SPLINE_SURFACE_WITH_KNOTS('',5,1,((#71333,#71334),(#71335,#71336),(#71337,#71338),(#71339,#71340),(#71341,#71342),(#71343,#71344)),.UNSPECIFIED.,.F.,.F.,.U.,(6,6),(2,2),(0.,138.895336769),(0.,3.80000000002),.UNSPECIFIED.);
#71333=CARTESIAN_POINT('Control Point',(9403.915999999999,-2628.34076601,-810.613308481));
#71334=CARTESIAN_POINT('Control Point',(9407.716,-2628.340766,-810.613308481));
#71335=CARTESIAN_POINT('Control Point',(9403.915999999999,-2601.70923966,-802.711511996));
#71336=CARTESIAN_POINT('Control Point',(9407.716,-2601.70923966,-802.711511996));
#71337=CARTESIAN_POINT('Control Point',(9403.915999999999,-2575.07771332,-794.809715512));
#71338=CARTESIAN_POINT('Control Point',(9407.716,-2575.07771332,-794.809715512));
#71339=CARTESIAN_POINT('Control Point',(9403.915999999999,-2548.44618698,-786.907919028));
#71340=CARTESIAN_POINT('Control Point',(9407.716,-2548.44618698,-786.907919028));
#71341=CARTESIAN_POINT('Control Point',(9403.915999999999,-2521.81466063,-779.006122544));
#71342=CARTESIAN_POINT('Control Point',(9407.716,-2521.81466063,-779.006122544));
#71343=CARTESIAN_POINT('Control Point',(9403.915999999999,-2495.18313429,-771.104326059));
#71344=CARTESIAN_POINT('Control Point',(9407.716,-2495.18313429,-771.104326059));
#71345=B_SPLINE_CURVE_WITH_KNOTS('',5,(#71346,#71347,#71348,#71349,#71350,#71351),.UNSPECIFIED.,.F.,.U.,(6,6),(0.,138.895336769),.UNSPECIFIED.);
#71346=CARTESIAN_POINT('Control Point',(9403.915999999999,-2628.34076601,-810.613308481));
#71347=CARTESIAN_POINT('Control Point',(9403.915999999999,-2601.70923966,-802.711511996));
#71348=CARTESIAN_POINT('Control Point',(9403.915999999999,-2575.07771332,-794.809715512));
#71349=CARTESIAN_POINT('Control Point',(9403.915999999999,-2548.44618698,-786.907919028));
#71350=CARTESIAN_POINT('Control Point',(9403.915999999999,-2521.81466063,-779.006122544));
#71351=CARTESIAN_POINT('Control Point',(9403.915999999999,-2495.18313429,-771.104326059));
#71352=CARTESIAN_POINT('Vertex',(9403.915999999999,-2495.18313429,-771.104326059));
#71353=VERTEX_POINT('',#71352);
#71354=EDGE_CURVE('',#71315,#71353,#71345,.T.);
#71355=B_SPLINE_CURVE_WITH_KNOTS('',1,(#71356,#71357),.UNSPECIFIED.,.F.,.U.,(2,2),(1.2541691823E-013,3.8),.UNSPECIFIED.);
#71356=CARTESIAN_POINT('Control Point',(9403.915999999999,-2495.18313429,-771.104326059));
#71357=CARTESIAN_POINT('Control Point',(9407.716,-2495.18313429,-771.104326059));
#71358=EDGE_CURVE('',#71353,#70941,#71355,.T.);
#71359=EDGE_LOOP('',(#71360,#71361,#71362,#71363));
#71360=ORIENTED_EDGE('',*,*,#71324,.T.);
#71361=ORIENTED_EDGE('',*,*,#71354,.T.);
#71362=ORIENTED_EDGE('',*,*,#71358,.T.);
#71363=ORIENTED_EDGE('',*,*,#70942,.F.);
#71364=FACE_OUTER_BOUND('',#71359,.T.);
#71365=ADVANCED_FACE('PartBody',(#71364),#71332,.T.);
#71366=CARTESIAN_POINT('Axis2P3D Location',(9403.915999999999,0,0));
#71367=DIRECTION('Axis2P3D Direction',(1,0,0));
#71368=DIRECTION('Axis2P3D XDirection',(0,1,0));
#71369=AXIS2_PLACEMENT_3D('Plane Axis2P3D',#71366,#71367,#71368);
#71370=PLANE('',#71369);
#71371=CARTESIAN_POINT('Axis2P3D Location',(9403.915999999999,-2495.46758576,-770.145635618));
#71372=DIRECTION('Axis2P3D Direction',(1,0,0));
#71373=AXIS2_PLACEMENT_3D('Circle Axis2P3D',#71371,#71372,$);
#71374=CIRCLE('generated circle',#71373,1.);
#71375=EDGE_CURVE('',#71353,#70868,#71374,.T.);
#71376=B_SPLINE_CURVE_WITH_KNOTS('',5,(#71377,#71378,#71379,#71380,#71381,#71382,#71383,#71384,#71385),.UNSPECIFIED.,.F.,.U.,(6,3,6),(68.4312412936,104.233053442,107.20960782),.UNSPECIFIED.);
#71377=CARTESIAN_POINT('Control Point',(9403.915999999999,-2628.34076601,-810.613308481));
#71378=CARTESIAN_POINT('Control Point',(9403.915999999999,-2629.9013426,-805.361634544));
#71379=CARTESIAN_POINT('Control Point',(9403.915999999999,-2631.4499413,-800.109636434));
#71380=CARTESIAN_POINT('Control Point',(9403.915999999999,-2632.98659249,-794.85735701));
#71381=CARTESIAN_POINT('Control Point',(9403.915999999999,-2634.63809794,-789.168126211));
#71382=CARTESIAN_POINT('Control Point',(9403.915999999999,-2636.27568941,-783.478555572));
#71383=CARTESIAN_POINT('Control Point',(9403.915999999999,-2636.40130589,-783.041832851));
#71384=CARTESIAN_POINT('Control Point',(9403.915999999999,-2636.52684044,-782.605108144));
#71385=CARTESIAN_POINT('Control Point',(9403.915999999999,-2636.65229307,-782.168381458));
#71386=CARTESIAN_POINT('Vertex',(9403.91597733,-2636.65230912,-782.168386325));
#71387=VERTEX_POINT('',#71386);
#71388=EDGE_CURVE('',#71315,#71387,#71376,.T.);
#71389=B_SPLINE_CURVE_WITH_KNOTS('',5,(#71390,#71391,#71392,#71393,#71394,#71395,#71396,#71397,#71398),.UNSPECIFIED.,.F.,.U.,(6,3,6),(107.025300782,303.68190053,305.231672758),.UNSPECIFIED.);
#71390=CARTESIAN_POINT('Control Point',(9403.915999999999,-2636.65229307,-782.168381458));
#71391=CARTESIAN_POINT('Control Point',(9403.915999999999,-2644.76967632,-753.265422553));
#71392=CARTESIAN_POINT('Control Point',(9403.915999999999,-2652.52909108,-724.35679062));
#71393=CARTESIAN_POINT('Control Point',(9403.915999999999,-2659.93656079,-695.446171185));
#71394=CARTESIAN_POINT('Control Point',(9403.915999999999,-2667.05340855,-666.309186206));
#71395=CARTESIAN_POINT('Control Point',(9403.915999999999,-2673.82328375,-637.176914285));
#71396=CARTESIAN_POINT('Control Point',(9403.915999999999,-2673.87617051,-636.949240286));
#71397=CARTESIAN_POINT('Control Point',(9403.915999999999,-2673.92899343,-636.721750828));
#71398=CARTESIAN_POINT('Control Point',(9403.915999999999,-2673.98174208,-636.494491172));
#71399=CARTESIAN_POINT('Vertex',(9403.915999999999,-2673.98174208,-636.494491172));
#71400=VERTEX_POINT('',#71399);
#71401=EDGE_CURVE('',#71387,#71400,#71389,.T.);
#71402=B_SPLINE_CURVE_WITH_KNOTS('',5,(#71403,#71404,#71405,#71406,#71407,#71408,#71409,#71410,#71411),.UNSPECIFIED.,.F.,.U.,(6,3,6),(305.753201398,319.16881049,351.239931427),.UNSPECIFIED.);
#71403=CARTESIAN_POINT('Control Point',(9403.915999999999,-2673.98174208,-636.494491172));
#71404=CARTESIAN_POINT('Control Point',(9403.915999999999,-2674.45109593,-634.525459694));
#71405=CARTESIAN_POINT('Control Point',(9403.915999999999,-2674.91886206,-632.556436135));
#71406=CARTESIAN_POINT('Control Point',(9403.915999999999,-2675.38504192,-630.587421707));
#71407=CARTESIAN_POINT('Control Point',(9403.915999999999,-2676.96028969,-623.9113509049999));
#71408=CARTESIAN_POINT('Control Point',(9403.915999999999,-2678.51733425,-617.235413816));
#71409=CARTESIAN_POINT('Control Point',(9403.915999999999,-2679.60613116,-612.52848822));
#71410=CARTESIAN_POINT('Control Point',(9403.915999999999,-2680.68592919,-607.821612579));
#71411=CARTESIAN_POINT('Control Point',(9403.915999999999,-2681.75674779,-603.114802212));
#71412=EDGE_CURVE('',#71400,#70803,#71402,.T.);
#71413=EDGE_LOOP('',(#71414,#71415,#71416,#71417,#71418,#71419,#71420,#71421));
#71414=ORIENTED_EDGE('',*,*,#70804,.F.);
#71415=ORIENTED_EDGE('',*,*,#70840,.F.);
#71416=ORIENTED_EDGE('',*,*,#70877,.F.);
#71417=ORIENTED_EDGE('',*,*,#71375,.F.);
#71418=ORIENTED_EDGE('',*,*,#71354,.F.);
#71419=ORIENTED_EDGE('',*,*,#71388,.T.);
#71420=ORIENTED_EDGE('',*,*,#71401,.T.);
#71421=ORIENTED_EDGE('',*,*,#71412,.T.);
#71422=FACE_OUTER_BOUND('',#71413,.T.);
#71423=ADVANCED_FACE('PartBody',(#71422),#71370,.F.);
#71424=CARTESIAN_POINT('Axis2P3D Location',(9403.915999999999,-2495.46758576,-770.145635618));
#71425=DIRECTION('Axis2P3D Direction',(1,0,0));
#71426=DIRECTION('Axis2P3D XDirection',(0,-0.8757767305447873,0.4827163952428827));
#71427=AXIS2_PLACEMENT_3D('Cylinder Axis2P3D',#71424,#71425,#71426);
#71428=CYLINDRICAL_SURFACE('generated cylinder',#71427,1.);
#71429=EDGE_LOOP('',(#71430,#71431,#71432,#71433));
#71430=ORIENTED_EDGE('',*,*,#71358,.F.);
#71431=ORIENTED_EDGE('',*,*,#71375,.T.);
#71432=ORIENTED_EDGE('',*,*,#70871,.T.);
#71433=ORIENTED_EDGE('',*,*,#70949,.F.);
#71434=FACE_OUTER_BOUND('',#71429,.T.);
#71435=ADVANCED_FACE('PartBody',(#71434),#71428,.T.);
#71436=B_SPLINE_SURFACE_WITH_KNOTS('',5,5,((#71437,#71438,#71439,#71440,#71441,#71442,#71443,#71444,#71445),(#71446,#71447,#71448,#71449,#71450,#71451,#71452,#71453,#71454),(#71455,#71456,#71457,#71458,#71459,#71460,#71461,#71462,#71463),(#71464,#71465,#71466,#71467,#71468,#71469,#71470,#71471,#71472),(#71473,#71474,#71475,#71476,#71477,#71478,#71479,#71480,#71481),(#71482,#71483,#71484,#71485,#71486,#71487,#71488,#71489,#71490)),.UNSPECIFIED.,.F.,.F.,.U.,(6,6),(6,3,6),(305.753201398,351.296133047),(0.,3.9,7.8),.UNSPECIFIED.);
#71437=CARTESIAN_POINT('Control Point',(9411.365079589999,-2677.85772513,-637.418401461));
#71438=CARTESIAN_POINT('Control Point',(9410.77418541,-2677.80710355,-637.406334896));
#71439=CARTESIAN_POINT('Control Point',(9410.19292944,-2677.64995216,-637.368875034));
#71440=CARTESIAN_POINT('Control Point',(9409.648430560001,-2677.38846566,-637.306545023));
#71441=CARTESIAN_POINT('Control Point',(9408.685035689999,-2676.68185268,-637.138111107));
#71442=CARTESIAN_POINT('Control Point',(9408.04594498,-2675.6863359,-636.900811775));
#71443=CARTESIAN_POINT('Control Point',(9407.82593778,-2675.13577855,-636.769576527));
#71444=CARTESIAN_POINT('Control Point',(9407.716,-2674.55875707,-636.632033076));
#71445=CARTESIAN_POINT('Control Point',(9407.716,-2673.98174208,-636.494491173));
#71446=CARTESIAN_POINT('Control Point',(9411.36362547,-2679.45286213,-630.725936576));
#71447=CARTESIAN_POINT('Control Point',(9410.7728957,-2679.40201826,-630.713927758));
#71448=CARTESIAN_POINT('Control Point',(9410.191839360001,-2679.24464787,-630.676759451));
#71449=CARTESIAN_POINT('Control Point',(9409.64755446,-2678.98295482,-630.6149521900001));
#71450=CARTESIAN_POINT('Control Point',(9408.684569090001,-2678.27596058,-630.4479730640001));
#71451=CARTESIAN_POINT('Control Point',(9408.04578251,-2677.2801197,-630.212774105));
#71452=CARTESIAN_POINT('Control Point',(9407.82588369,-2676.72941316,-630.082707603));
#71453=CARTESIAN_POINT('Control Point',(9407.716,-2676.15224899,-629.946392338));
#71454=CARTESIAN_POINT('Control Point',(9407.716,-2675.57509131,-629.810078604));
#71455=CARTESIAN_POINT('Control Point',(9411.362178130001,-2681.02967742,-624.0335713760001));
#71456=CARTESIAN_POINT('Control Point',(9410.77161208,-2680.97861239,-624.021621474));
#71457=CARTESIAN_POINT('Control Point',(9410.19075449,-2680.82102456,-623.9847453260001));
#71458=CARTESIAN_POINT('Control Point',(9409.64668258,-2680.55912695,-623.923460804));
#71459=CARTESIAN_POINT('Control Point',(9408.684104780001,-2679.85175606,-623.7579352929999));
#71460=CARTESIAN_POINT('Control Point',(9408.04562085,-2678.85559671,-623.524833678));
#71461=CARTESIAN_POINT('Control Point',(9407.825829859999,-2678.30474396,-623.3959340500001));
#71462=CARTESIAN_POINT('Control Point',(9407.716,-2677.72744017,-623.2608449209999));
#71463=CARTESIAN_POINT('Control Point',(9407.716,-2677.15014285,-623.125757306));
#71464=CARTESIAN_POINT('Control Point',(9411.36073765,-2682.58822152,-617.341380696));
#71465=CARTESIAN_POINT('Control Point',(9410.77033465,-2682.53693646,-617.329490872));
#71466=CARTESIAN_POINT('Control Point',(9410.18967491,-2682.3791328,-617.292907489));
#71467=CARTESIAN_POINT('Control Point',(9409.645814990001,-2682.11703259,-617.232145705));
#71468=CARTESIAN_POINT('Control Point',(9408.683642780001,-2681.40928965,-617.068072677));
#71469=CARTESIAN_POINT('Control Point',(9408.045459999999,-2680.41281737,-616.837065441));
#71470=CARTESIAN_POINT('Control Point',(9407.825776310001,-2679.86182133,-616.709330855));
#71471=CARTESIAN_POINT('Control Point',(9407.716,-2679.28438094,-616.575465852));
#71472=CARTESIAN_POINT('Control Point',(9407.716,-2678.70694701,-616.441602349));
#71473=CARTESIAN_POINT('Control Point',(9411.35930407,-2684.12858313,-610.649266354));
#71474=CARTESIAN_POINT('Control Point',(9410.769063420001,-2684.07707917,-610.63743776));
#71475=CARTESIAN_POINT('Control Point',(9410.18860064,-2683.91906125,-610.601147748));
#71476=CARTESIAN_POINT('Control Point',(9409.64495168,-2683.65676041,-610.540908713));
#71477=CARTESIAN_POINT('Control Point',(9408.6831831,-2682.94864998,-610.378287072));
#71478=CARTESIAN_POINT('Control Point',(9408.04529996,-2681.95187025,-610.149371319));
#71479=CARTESIAN_POINT('Control Point',(9407.82572302,-2681.40073384,-610.022799982));
#71480=CARTESIAN_POINT('Control Point',(9407.716,-2680.82315981,-609.89015714));
#71481=CARTESIAN_POINT('Control Point',(9407.716,-2680.24559225,-609.7575157810001));
#71482=CARTESIAN_POINT('Control Point',(9411.357877439999,-2685.65081387,-603.95729164));
#71483=CARTESIAN_POINT('Control Point',(9410.767798450001,-2685.59909218,-603.94552542));
#71484=CARTESIAN_POINT('Control Point',(9410.187531699999,-2685.44086157,-603.90952938));
#71485=CARTESIAN_POINT('Control Point',(9409.644092709999,-2685.17836208,-603.849813105));
#71486=CARTESIAN_POINT('Control Point',(9408.682725750001,-2684.46988866,-603.688641773));
#71487=CARTESIAN_POINT('Control Point',(9408.04514074,-2683.47280692,-603.461814644));
#71488=CARTESIAN_POINT('Control Point',(9407.825670010001,-2682.921533,-603.336404785));
#71489=CARTESIAN_POINT('Control Point',(9407.716,-2682.3438283,-603.20498216));
#71490=CARTESIAN_POINT('Control Point',(9407.716,-2681.76613005,-603.073561004));
#71491=B_SPLINE_CURVE_WITH_KNOTS('',5,(#71492,#71493,#71494,#71495,#71496,#71497),.UNSPECIFIED.,.F.,.U.,(6,6),(0.,15.9734280211),.UNSPECIFIED.);
#71492=CARTESIAN_POINT('Control Point',(9411.357877320001,-2685.65081365,-603.957292585));
#71493=CARTESIAN_POINT('Control Point',(9410.177763969999,-2685.544525,-603.946285193));
#71494=CARTESIAN_POINT('Control Point',(9409.036042600001,-2685.01314009,-603.838457485));
#71495=CARTESIAN_POINT('Control Point',(9408.15370599,-2684.06975579,-603.634352845));
#71496=CARTESIAN_POINT('Control Point',(9407.716,-2682.91233619,-603.376805618));
#71497=CARTESIAN_POINT('Control Point',(9407.716,-2681.75674779,-603.114802211));
#71498=CARTESIAN_POINT('Vertex',(9411.357876939999,-2685.65081671,-603.957292284));
#71499=VERTEX_POINT('',#71498);
#71500=EDGE_CURVE('',#71499,#70809,#71491,.T.);
#71501=B_SPLINE_CURVE_WITH_KNOTS('',5,(#71502,#71503,#71504,#71505,#71506,#71507,#71508,#71509,#71510),.UNSPECIFIED.,.F.,.U.,(6,3,6),(305.768977255,319.16881049,351.296133047),.UNSPECIFIED.);
#71502=CARTESIAN_POINT('Control Point',(9411.365077070001,-2677.86048785,-637.4068102689999));
#71503=CARTESIAN_POINT('Control Point',(9411.36464924,-2678.32980831,-635.437725094));
#71504=CARTESIAN_POINT('Control Point',(9411.364221989999,-2678.7975427,-633.468648553));
#71505=CARTESIAN_POINT('Control Point',(9411.36379533,-2679.26369248,-631.499581846));
#71506=CARTESIAN_POINT('Control Point',(9411.36234772,-2680.84209989,-624.809535665));
#71507=CARTESIAN_POINT('Control Point',(9411.360906960001,-2682.40224791,-618.119631641));
#71508=CARTESIAN_POINT('Control Point',(9411.35989367,-2683.49413879,-613.398792423));
#71509=CARTESIAN_POINT('Control Point',(9411.358883819999,-2684.57698756,-608.67800729));
#71510=CARTESIAN_POINT('Control Point',(9411.357877439999,-2685.65081387,-603.95729164));
#71511=EDGE_CURVE('',#71132,#71499,#71501,.T.);
#71512=EDGE_LOOP('',(#71513,#71514,#71515,#71516));
#71513=ORIENTED_EDGE('',*,*,#71500,.F.);
#71514=ORIENTED_EDGE('',*,*,#71511,.F.);
#71515=ORIENTED_EDGE('',*,*,#71133,.T.);
#71516=ORIENTED_EDGE('',*,*,#70903,.T.);
#71517=FACE_OUTER_BOUND('',#71512,.T.);
#71518=ADVANCED_FACE('PartBody',(#71517),#71436,.F.);
#71519=B_SPLINE_SURFACE_WITH_KNOTS('',5,5,((#71520,#71521,#71522,#71523,#71524,#71525),(#71526,#71527,#71528,#71529,#71530,#71531),(#71532,#71533,#71534,#71535,#71536,#71537),(#71538,#71539,#71540,#71541,#71542,#71543),(#71544,#71545,#71546,#71547,#71548,#71549),(#71550,#71551,#71552,#71553,#71554,#71555)),.UNSPECIFIED.,.F.,.F.,.U.,(6,6),(6,6),(68.4312412936,107.240272117),(0.,7.8),.UNSPECIFIED.);
#71520=CARTESIAN_POINT('Control Point',(9411.108864960001,-2635.79498731,-812.828384161));
#71521=CARTESIAN_POINT('Control Point',(9408.78756024,-2635.62069206,-812.776581912));
#71522=CARTESIAN_POINT('Control Point',(9406.530790590001,-2634.61910206,-812.478942052));
#71523=CARTESIAN_POINT('Control Point',(9404.782625739999,-2632.80742529,-811.940603824));
#71524=CARTESIAN_POINT('Control Point',(9403.91656847,-2630.57275125,-811.276556542));
#71525=CARTESIAN_POINT('Control Point',(9403.91596706,-2628.3407944,-810.613316071));
#71526=CARTESIAN_POINT('Control Point',(9411.106305560001,-2637.49039887,-807.121827982));
#71527=CARTESIAN_POINT('Control Point',(9408.785452010001,-2637.31540841,-807.070188467));
#71528=CARTESIAN_POINT('Control Point',(9406.529617280001,-2636.31289597,-806.774289636));
#71529=CARTESIAN_POINT('Control Point',(9404.78221422,-2634.50045376,-806.239300501));
#71530=CARTESIAN_POINT('Control Point',(9403.91651194,-2632.26512783,-805.579513269));
#71531=CARTESIAN_POINT('Control Point',(9403.9160498,-2630.03235462,-804.920474642));
#71532=CARTESIAN_POINT('Control Point',(9411.10359457,-2639.17189693,-801.415010739));
#71533=CARTESIAN_POINT('Control Point',(9408.783508480001,-2638.99595247,-801.363409521));
#71534=CARTESIAN_POINT('Control Point',(9406.52837695,-2637.99269456,-801.069269769));
#71535=CARTESIAN_POINT('Control Point',(9404.781843639999,-2636.17945753,-800.537688591));
#71536=CARTESIAN_POINT('Control Point',(9403.916593620001,-2633.94336281,-799.882112552));
#71537=CARTESIAN_POINT('Control Point',(9403.915952040001,-2631.71002659,-799.227354137));
#71538=CARTESIAN_POINT('Control Point',(9411.1010171,-2640.83922943,-795.7078130690001));
#71539=CARTESIAN_POINT('Control Point',(9408.781402529999,-2640.66256959,-795.656380978));
#71540=CARTESIAN_POINT('Control Point',(9406.52725295,-2639.65835168,-795.363957529));
#71541=CARTESIAN_POINT('Control Point',(9404.78144708,-2637.8444131,-794.835735499));
#71542=CARTESIAN_POINT('Control Point',(9403.916537159999,-2635.60767463,-794.184410862));
#71543=CARTESIAN_POINT('Control Point',(9403.916003099999,-2633.37357412,-793.53384582));
#71544=CARTESIAN_POINT('Control Point',(9411.098425460001,-2642.49253773,-790.000328681));
#71545=CARTESIAN_POINT('Control Point',(9408.779395670001,-2642.31509331,-789.9490011300001));
#71546=CARTESIAN_POINT('Control Point',(9406.5260308,-2641.31008836,-789.658333186));
#71547=CARTESIAN_POINT('Control Point',(9404.781050920001,-2639.49536048,-789.133481243));
#71548=CARTESIAN_POINT('Control Point',(9403.916544559999,-2637.25794338,-788.486375832));
#71549=CARTESIAN_POINT('Control Point',(9403.916018149999,-2635.0231434,-787.840031499));
#71550=CARTESIAN_POINT('Control Point',(9411.095787190001,-2644.13187748,-784.2925317200001));
#71551=CARTESIAN_POINT('Control Point',(9408.77738007,-2643.95358706,-784.241318248));
#71552=CARTESIAN_POINT('Control Point',(9406.524873460001,-2642.94771537,-783.952382392));
#71553=CARTESIAN_POINT('Control Point',(9404.780680690001,-2641.13227561,-783.430899354));
#71554=CARTESIAN_POINT('Control Point',(9403.916550309999,-2638.89418957,-782.788012002));
#71555=CARTESIAN_POINT('Control Point',(9403.91597717,-2636.65877103,-782.1458906840001));
#71556=B_SPLINE_CURVE_WITH_KNOTS('',5,(#71557,#71558,#71559,#71560,#71561,#71562),.UNSPECIFIED.,.F.,.U.,(6,6),(68.5669918995,107.240272117),.UNSPECIFIED.);
#71557=CARTESIAN_POINT('Control Point',(9411.108820179999,-2635.82463762,-812.7285789490001));
#71558=CARTESIAN_POINT('Control Point',(9411.10626764,-2637.51392477,-807.041980158));
#71559=CARTESIAN_POINT('Control Point',(9411.10356752,-2639.18939297,-801.355120889));
#71560=CARTESIAN_POINT('Control Point',(9411.10099897,-2640.85079551,-795.6678845));
#71561=CARTESIAN_POINT('Control Point',(9411.098416229999,-2642.49827199,-789.980363305));
#71562=CARTESIAN_POINT('Control Point',(9411.095787190001,-2644.13187748,-784.2925317200001));
#71563=CARTESIAN_POINT('Vertex',(9411.09580779,-2644.13185689,-784.29252797));
#71564=VERTEX_POINT('',#71563);
#71565=EDGE_CURVE('',#71305,#71564,#71556,.T.);
#71566=B_SPLINE_CURVE_WITH_KNOTS('',5,(#71567,#71568,#71569,#71570,#71571,#71572),.UNSPECIFIED.,.F.,.U.,(6,6),(-3.90003013768,3.90003013768),.UNSPECIFIED.);
#71567=CARTESIAN_POINT('Control Point',(9411.095787190001,-2644.13187748,-784.2925317200001));
#71568=CARTESIAN_POINT('Control Point',(9408.77738215,-2643.95229177,-784.245828167));
#71569=CARTESIAN_POINT('Control Point',(9406.524876429999,-2642.94512648,-783.9614020720001));
#71570=CARTESIAN_POINT('Control Point',(9404.780682209999,-2641.12839467,-783.444421813));
#71571=CARTESIAN_POINT('Control Point',(9403.916550260001,-2638.88901762,-782.806025199));
#71572=CARTESIAN_POINT('Control Point',(9403.91597733,-2636.65230912,-782.168386325));
#71573=EDGE_CURVE('',#71387,#71564,#71566,.F.);
#71574=EDGE_LOOP('',(#71575,#71576,#71577,#71578));
#71575=ORIENTED_EDGE('',*,*,#71388,.F.);
#71576=ORIENTED_EDGE('',*,*,#71316,.F.);
#71577=ORIENTED_EDGE('',*,*,#71565,.T.);
#71578=ORIENTED_EDGE('',*,*,#71573,.F.);
#71579=FACE_OUTER_BOUND('',#71574,.T.);
#71580=ADVANCED_FACE('PartBody',(#71579),#71519,.T.);
#71581=B_SPLINE_SURFACE_WITH_KNOTS('',5,5,((#71582,#71583,#71584,#71585,#71586,#71587,#71588,#71589,#71590),(#71591,#71592,#71593,#71594,#71595,#71596,#71597,#71598,#71599),(#71600,#71601,#71602,#71603,#71604,#71605,#71606,#71607,#71608),(#71609,#71610,#71611,#71612,#71613,#71614,#71615,#71616,#71617),(#71618,#71619,#71620,#71621,#71622,#71623,#71624,#71625,#71626),(#71627,#71628,#71629,#71630,#71631,#71632,#71633,#71634,#71635),(#71636,#71637,#71638,#71639,#71640,#71641,#71642,#71643,#71644),(#71645,#71646,#71647,#71648,#71649,#71650,#71651,#71652,#71653),(#71654,#71655,#71656,#71657,#71658,#71659,#71660,#71661,#71662),(#71663,#71664,#71665,#71666,#71667,#71668,#71669,#71670,#71671),(#71672,#71673,#71674,#71675,#71676,#71677,#71678,#71679,#71680),(#71681,#71682,#71683,#71684,#71685,#71686,#71687,#71688,#71689),(#71690,#71691,#71692,#71693,#71694,#71695,#71696,#71697,#71698),(#71699,#71700,#71701,#71702,#71703,#71704,#71705,#71706,#71707),(#71708,#71709,#71710,#71711,#71712,#71713,#71714,#71715,#71716),(#71717,#71718,#71719,#71720,#71721,#71722,#71723,#71724,#71725),(#71726,#71727,#71728,#71729,#71730,#71731,#71732,#71733,#71734),(#71735,#71736,#71737,#71738,#71739,#71740,#71741,#71742,#71743)),.UNSPECIFIED.,.F.,.F.,.U.,(6,3,3,3,3,6),(6,3,6),(106.995712132,206.113692445,255.672682602,280.45217768,292.841925219,305.231672758),(0.,3.9,7.8),.UNSPECIFIED.);
#71582=CARTESIAN_POINT('Control Point',(9411.095208500001,-2644.13181075,-784.292515285));
#71583=CARTESIAN_POINT('Control Point',(9409.93582176,-2644.04269127,-784.267485451));
#71584=CARTESIAN_POINT('Control Point',(9408.79367211,-2643.74556012,-784.184034074));
#71585=CARTESIAN_POINT('Control Point',(9407.722556889999,-2643.2442964,-784.043250628));
#71586=CARTESIAN_POINT('Control Point',(9405.826040489999,-2641.88203913,-783.660651075));
#71587=CARTESIAN_POINT('Control Point',(9404.56650477,-2639.95354078,-783.119018726));
#71588=CARTESIAN_POINT('Control Point',(9404.13274651,-2638.88570149,-782.819108536));
#71589=CARTESIAN_POINT('Control Point',(9403.915999999999,-2637.76593741,-782.504614905));
#71590=CARTESIAN_POINT('Control Point',(9403.915999999999,-2636.64618635,-782.19012493));
#71591=CARTESIAN_POINT('Control Point',(9411.088595360001,-2648.23247304,-769.6900305299999));
#71592=CARTESIAN_POINT('Control Point',(9409.92994867,-2648.14233865,-769.665162687));
#71593=CARTESIAN_POINT('Control Point',(9408.788703210001,-2647.84417231,-769.582911017));
#71594=CARTESIAN_POINT('Control Point',(9407.71856064,-2647.34189599,-769.444357581));
#71595=CARTESIAN_POINT('Control Point',(9405.823909299999,-2645.97769904,-769.0680465189999));
#71596=CARTESIAN_POINT('Control Point',(9404.56576234,-2644.04742813,-768.53558994));
#71597=CARTESIAN_POINT('Control Point',(9404.13249933,-2642.97874421,-768.240798956));
#71598=CARTESIAN_POINT('Control Point',(9403.915999999999,-2641.85815669,-767.93169094));
#71599=CARTESIAN_POINT('Control Point',(9403.915999999999,-2640.73758215,-767.6225865059999));
#71600=CARTESIAN_POINT('Control Point',(9411.082039070001,-2652.24195038,-755.086204181));
#71601=CARTESIAN_POINT('Control Point',(9409.92412706,-2652.15081015,-755.061510196));
#71602=CARTESIAN_POINT('Control Point',(9408.78377851,-2651.85162313,-754.9804639389999));
#71603=CARTESIAN_POINT('Control Point',(9407.714600310001,-2651.3483537,-754.844139527));
#71604=CARTESIAN_POINT('Control Point',(9405.82179763,-2649.98226429,-754.474102483));
#71605=CARTESIAN_POINT('Control Point',(9404.565026759999,-2648.05028075,-753.95078703));
#71606=CARTESIAN_POINT('Control Point',(9404.13225443,-2646.98078438,-753.661094069));
#71607=CARTESIAN_POINT('Control Point',(9403.915999999999,-2645.85940668,-753.357348546));
#71608=CARTESIAN_POINT('Control Point',(9403.915999999999,-2644.73804193,-753.05360653));
#71609=CARTESIAN_POINT('Control Point',(9411.07553991,-2656.16101816,-740.481508053));
#71610=CARTESIAN_POINT('Control Point',(9409.918357160001,-2656.06888131,-740.456999526));
#71611=CARTESIAN_POINT('Control Point',(9408.77889817,-2655.76868812,-740.3771641869999));
#71612=CARTESIAN_POINT('Control Point',(9407.71067599,-2655.26444486,-740.243067695));
#71613=CARTESIAN_POINT('Control Point',(9405.81970552,-2653.89650952,-739.879290127));
#71614=CARTESIAN_POINT('Control Point',(9404.56429805,-2651.96287206,-739.365081361));
#71615=CARTESIAN_POINT('Control Point',(9404.13201182,-2650.8925947,-739.080465396));
#71616=CARTESIAN_POINT('Control Point',(9403.915999999999,-2649.77045936,-738.782059427));
#71617=CARTESIAN_POINT('Control Point',(9403.915999999999,-2648.64833693,-738.483656892));
#71618=CARTESIAN_POINT('Control Point',(9411.065877700001,-2661.90513579,-718.573840146));
#71619=CARTESIAN_POINT('Control Point',(9409.90978054,-2661.81151808,-718.54962686));
#71620=CARTESIAN_POINT('Control Point',(9408.771644750001,-2661.50983737,-718.471616006));
#71621=CARTESIAN_POINT('Control Point',(9407.70484396,-2661.00416197,-718.340859793));
#71622=CARTESIAN_POINT('Control Point',(9405.81659692,-2659.63352632,-717.986450139));
#71623=CARTESIAN_POINT('Control Point',(9404.56321534,-2657.697494,-717.485850896));
#71624=CARTESIAN_POINT('Control Point',(9404.131651350001,-2656.62609119,-717.208819589));
#71625=CARTESIAN_POINT('Control Point',(9403.915999999999,-2655.50286692,-716.918389308));
#71626=CARTESIAN_POINT('Control Point',(9403.915999999999,-2654.37965552,-716.6279623520001));
#71627=CARTESIAN_POINT('Control Point',(9411.056347469999,-2667.44912702,-696.666216377));
#71628=CARTESIAN_POINT('Control Point',(9409.901323120001,-2667.35405006,-696.64232351));
#71629=CARTESIAN_POINT('Control Point',(9408.764493459999,-2667.05091443,-696.566149313));
#71630=CARTESIAN_POINT('Control Point',(9407.69909478,-2666.54384928,-696.438731439));
#71631=CARTESIAN_POINT('Control Point',(9405.81353326,-2665.17061434,-696.093659487));
#71632=CARTESIAN_POINT('Control Point',(9404.562148389999,-2663.23231292,-695.606597069));
#71633=CARTESIAN_POINT('Control Point',(9404.131296130001,-2662.15985182,-695.337105942));
#71634=CARTESIAN_POINT('Control Point',(9403.915999999999,-2661.0356079,-695.054602788));
#71635=CARTESIAN_POINT('Control Point',(9403.915999999999,-2659.91137679,-694.772102853));
#71636=CARTESIAN_POINT('Control Point',(9411.05318551,-2669.2749767,-689.363734454));
#71637=CARTESIAN_POINT('Control Point',(9409.898517330001,-2669.17941575,-689.339951168));
#71638=CARTESIAN_POINT('Control Point',(9408.76212114,-2668.87579877,-689.264390543));
#71639=CARTESIAN_POINT('Control Point',(9407.697187670001,-2668.36827506,-689.138085259));
#71640=CARTESIAN_POINT('Control Point',(9405.81251706,-2666.99418481,-688.796122613));
#71641=CARTESIAN_POINT('Control Point',(9404.561794499999,-2665.05514081,-688.313564563));
#71642=CARTESIAN_POINT('Control Point',(9404.131178310001,-2663.9823343,-688.046581986));
#71643=CARTESIAN_POINT('Control Point',(9403.915999999999,-2662.85775808,-687.766715918));
#71644=CARTESIAN_POINT('Control Point',(9403.915999999999,-2661.73319465,-687.486853034));
#71645=CARTESIAN_POINT('Control Point',(9411.048464969999,-2671.98065944,-678.410180473));
#71646=CARTESIAN_POINT('Control Point',(9409.894328869999,-2671.8843762,-678.386565692));
#71647=CARTESIAN_POINT('Control Point',(9408.758579949999,-2671.58004263,-678.311927467));
#71648=CARTESIAN_POINT('Control Point',(9407.69434102,-2671.07183806,-678.187290836));
#71649=CARTESIAN_POINT('Control Point',(9405.81100037,-2669.69648136,-677.849987445));
#71650=CARTESIAN_POINT('Control Point',(9404.56126633,-2667.7563439,-677.374174393));
#71651=CARTESIAN_POINT('Control Point',(9404.131002460001,-2666.68303014,-677.110947556));
#71652=CARTESIAN_POINT('Control Point',(9403.915999999999,-2665.55796667,-676.835029373));
#71653=CARTESIAN_POINT('Control Point',(9403.915999999999,-2664.43291596,-676.559114321));
#71654=CARTESIAN_POINT('Control Point',(9411.04377844,-2674.63689106,-667.45699705));
#71655=CARTESIAN_POINT('Control Point',(9409.890171069999,-2674.53989113,-667.4335569359999));
#71656=CARTESIAN_POINT('Control Point',(9408.755065019999,-2674.23484912,-667.3598442049999));
#71657=CARTESIAN_POINT('Control Point',(9407.691515660001,-2673.72597411,-667.236875984));
#71658=CARTESIAN_POINT('Control Point',(9405.80949521,-2672.34937552,-666.904225131));
#71659=CARTESIAN_POINT('Control Point',(9404.56074219,-2670.40817476,-666.4351402999999));
#71660=CARTESIAN_POINT('Control Point',(9404.13082796,-2669.33436979,-666.175658889));
#71661=CARTESIAN_POINT('Control Point',(9403.915999999999,-2668.20883559,-665.9036773080001));
#71662=CARTESIAN_POINT('Control Point',(9403.915999999999,-2667.08331413,-665.631698806));
#71663=CARTESIAN_POINT('Control Point',(9411.042220060001,-2675.51681739,-663.805983593));
#71664=CARTESIAN_POINT('Control Point',(9409.888788570001,-2675.41957919,-663.782602385));
#71665=CARTESIAN_POINT('Control Point',(9408.75389631,-2675.11430195,-663.709198497));
#71666=CARTESIAN_POINT('Control Point',(9407.690576250001,-2674.60520461,-663.586786392));
#71667=CARTESIAN_POINT('Control Point',(9405.808994770001,-2673.22819476,-663.255685657));
#71668=CARTESIAN_POINT('Control Point',(9404.560567930001,-2671.2866429,-662.788841733));
#71669=CARTESIAN_POINT('Control Point',(9404.13076994,-2670.21267596,-662.530607668));
#71670=CARTESIAN_POINT('Control Point',(9403.915999999999,-2669.08698667,-662.259937053));
#71671=CARTESIAN_POINT('Control Point',(9403.915999999999,-2667.96131012,-661.9892695));
#71672=CARTESIAN_POINT('Control Point',(9411.03988824,-2676.82849581,-658.3295445909999));
#71673=CARTESIAN_POINT('Control Point',(9409.88671999,-2676.73090116,-658.306252761));
#71674=CARTESIAN_POINT('Control Point',(9408.75214767,-2676.42527242,-658.233312661));
#71675=CARTESIAN_POINT('Control Point',(9407.68917073,-2675.91584333,-658.111734707));
#71676=CARTESIAN_POINT('Control Point',(9405.80824606,-2674.53822064,-657.782958089));
#71677=CARTESIAN_POINT('Control Point',(9404.56030723,-2672.59614708,-657.3194728239999));
#71678=CARTESIAN_POINT('Control Point',(9404.13068314,-2671.52193982,-657.063108114));
#71679=CARTESIAN_POINT('Control Point',(9403.915999999999,-2670.39602061,-656.794402125));
#71680=CARTESIAN_POINT('Control Point',(9403.915999999999,-2669.27011412,-656.525699171));
#71681=CARTESIAN_POINT('Control Point',(9411.03756508,-2678.12787996,-652.853241679));
#71682=CARTESIAN_POINT('Control Point',(9409.884659220001,-2678.02993029,-652.830040757));
#71683=CARTESIAN_POINT('Control Point',(9408.75040572,-2677.7239521,-652.757565232));
#71684=CARTESIAN_POINT('Control Point',(9407.68777061,-2677.21419383,-652.636821413));
#71685=CARTESIAN_POINT('Control Point',(9405.80750028,-2675.83596435,-652.310367372));
#71686=CARTESIAN_POINT('Control Point',(9404.560047540001,-2673.89337647,-651.850236793));
#71687=CARTESIAN_POINT('Control Point',(9404.130596680001,-2672.8189328,-651.595738985));
#71688=CARTESIAN_POINT('Control Point',(9403.915999999999,-2671.69278769,-651.328994936));
#71689=CARTESIAN_POINT('Control Point',(9403.915999999999,-2670.56665529,-651.062253896));
#71690=CARTESIAN_POINT('Control Point',(9411.03679131,-2678.55985312,-651.026915711));
#71691=CARTESIAN_POINT('Control Point',(9409.883972850001,-2678.46178521,-651.003745271));
#71692=CARTESIAN_POINT('Control Point',(9408.74982555,-2678.15569072,-650.931424749));
#71693=CARTESIAN_POINT('Control Point',(9407.6873043,-2677.64582297,-650.810959076));
#71694=CARTESIAN_POINT('Control Point',(9405.8072519,-2676.26739182,-650.485279346));
#71695=CARTESIAN_POINT('Control Point',(9404.55996106,-2674.32463326,-650.026266975));
#71696=CARTESIAN_POINT('Control Point',(9404.130567890001,-2673.25011119,-649.77239143));
#71697=CARTESIAN_POINT('Control Point',(9403.915999999999,-2672.12389121,-649.506301309));
#71698=CARTESIAN_POINT('Control Point',(9403.915999999999,-2670.99768393,-649.240214189));
#71699=CARTESIAN_POINT('Control Point',(9411.03524712,-2679.42023273,-647.377927512));
#71700=CARTESIAN_POINT('Control Point',(9409.882603120001,-2679.32192888,-647.354818334));
#71701=CARTESIAN_POINT('Control Point',(9408.74866775,-2679.01560243,-647.28280777));
#71702=CARTESIAN_POINT('Control Point',(9407.686373730001,-2678.50551646,-647.162897979));
#71703=CARTESIAN_POINT('Control Point',(9405.80675625,-2677.12668362,-646.838765393));
#71704=CARTESIAN_POINT('Control Point',(9404.55978847,-2675.18358553,-646.381986908));
#71705=CARTESIAN_POINT('Control Point',(9404.130510430001,-2674.10890764,-646.129354427));
#71706=CARTESIAN_POINT('Control Point',(9403.915999999999,-2672.98253888,-645.864570599));
#71707=CARTESIAN_POINT('Control Point',(9403.915999999999,-2671.85618281,-645.599789756));
#71708=CARTESIAN_POINT('Control Point',(9411.033705420001,-2680.27600252,-643.725378964));
#71709=CARTESIAN_POINT('Control Point',(9409.88123565,-2680.17746317,-643.702331766));
#71710=CARTESIAN_POINT('Control Point',(9408.74751191,-2679.87090548,-643.630631739));
#71711=CARTESIAN_POINT('Control Point',(9407.685444750001,-2679.36060226,-643.511278244));
#71712=CARTESIAN_POINT('Control Point',(9405.80626146,-2677.98137008,-643.188693299));
#71713=CARTESIAN_POINT('Control Point',(9404.559616189999,-2676.0379355,-642.734148655));
#71714=CARTESIAN_POINT('Control Point',(9404.13045307,-2674.9631034,-642.482759106));
#71715=CARTESIAN_POINT('Control Point',(9403.915999999999,-2673.83658754,-642.219281387));
#71716=CARTESIAN_POINT('Control Point',(9403.915999999999,-2672.71008437,-641.955806636));
#71717=CARTESIAN_POINT('Control Point',(9411.032937759999,-2680.70119449,-641.904881463));
#71718=CARTESIAN_POINT('Control Point',(9409.880554769999,-2680.60253788,-641.881865362));
#71719=CARTESIAN_POINT('Control Point',(9408.746936400001,-2680.29586511,-641.81032034));
#71720=CARTESIAN_POINT('Control Point',(9407.684982209999,-2679.78545382,-641.691244352));
#71721=CARTESIAN_POINT('Control Point',(9405.80601511,-2678.40602311,-641.369431266));
#71722=CARTESIAN_POINT('Control Point',(9404.559530410001,-2676.46242143,-640.916000504));
#71723=CARTESIAN_POINT('Control Point',(9404.13042451,-2675.3875128,-640.665230702));
#71724=CARTESIAN_POINT('Control Point',(9403.915999999999,-2674.26092396,-640.402404219));
#71725=CARTESIAN_POINT('Control Point',(9403.915999999999,-2673.1343478,-640.139580694));
#71726=CARTESIAN_POINT('Control Point',(9411.032166450001,-2681.12781602,-640.0723418810001));
#71727=CARTESIAN_POINT('Control Point',(9409.87987065,-2681.02904162,-640.049357171));
#71728=CARTESIAN_POINT('Control Point',(9408.74635818,-2680.72225334,-639.977967972));
#71729=CARTESIAN_POINT('Control Point',(9407.68451748,-2680.2117337,-639.859170823));
#71730=CARTESIAN_POINT('Control Point',(9405.805767600001,-2678.83210415,-639.538133166));
#71731=CARTESIAN_POINT('Control Point',(9404.559444230001,-2676.88833547,-639.0858212749999));
#71732=CARTESIAN_POINT('Control Point',(9404.130395820001,-2675.81335045,-638.835673973));
#71733=CARTESIAN_POINT('Control Point',(9403.915999999999,-2674.6866888,-638.573501608));
#71734=CARTESIAN_POINT('Control Point',(9403.915999999999,-2673.56003983,-638.311332192));
#71735=CARTESIAN_POINT('Control Point',(9411.031400489999,-2681.55044028,-638.251229928));
#71736=CARTESIAN_POINT('Control Point',(9409.87919129,-2681.4515489,-638.2282766660001));
#71737=CARTESIAN_POINT('Control Point',(9408.745783980001,-2681.14464595,-638.157042712));
#71738=CARTESIAN_POINT('Control Point',(9407.684056,-2680.63401878,-638.0385231819999));
#71739=CARTESIAN_POINT('Control Point',(9405.805521820001,-2679.25419194,-637.7182573699999));
#71740=CARTESIAN_POINT('Control Point',(9404.559358660001,-2677.31025771,-637.267058958));
#71741=CARTESIAN_POINT('Control Point',(9404.130367330001,-2676.23519697,-637.017531124));
#71742=CARTESIAN_POINT('Control Point',(9403.915999999999,-2675.10846319,-636.756009677));
#71743=CARTESIAN_POINT('Control Point',(9403.915999999999,-2673.98174208,-636.494491172));
#71744=B_SPLINE_CURVE_WITH_KNOTS('',5,(#71745,#71746,#71747,#71748,#71749,#71750,#71751,#71752,#71753),.UNSPECIFIED.,.F.,.U.,(6,3,6),(106.995712132,303.68190053,305.201368668),.UNSPECIFIED.);
#71745=CARTESIAN_POINT('Control Point',(9411.095208500001,-2644.13181075,-784.292515285));
#71746=CARTESIAN_POINT('Control Point',(9411.082085620001,-2652.26901889,-755.3158648469999));
#71747=CARTESIAN_POINT('Control Point',(9411.069186590001,-2660.04716785,-726.333931612));
#71748=CARTESIAN_POINT('Control Point',(9411.05651368,-2667.47231652,-697.350402271));
#71749=CARTESIAN_POINT('Control Point',(9411.04397696,-2674.60486337,-668.144793088));
#71750=CARTESIAN_POINT('Control Point',(9411.031691980001,-2681.38956088,-638.944186092));
#71751=CARTESIAN_POINT('Control Point',(9411.03159785,-2681.44152863,-638.72043525));
#71752=CARTESIAN_POINT('Control Point',(9411.031503800001,-2681.49343554,-638.496859283));
#71753=CARTESIAN_POINT('Control Point',(9411.03140985,-2681.54527151,-638.273502099));
#71754=CARTESIAN_POINT('Vertex',(9411.03140994,-2681.54527088,-638.27350208));
#71755=VERTEX_POINT('',#71754);
#71756=EDGE_CURVE('',#71564,#71755,#71744,.T.);
#71757=B_SPLINE_CURVE_WITH_KNOTS('',5,(#71758,#71759,#71760,#71761,#71762,#71763),.UNSPECIFIED.,.F.,.U.,(6,6),(0.,11.0308246109),.UNSPECIFIED.);
#71758=CARTESIAN_POINT('Control Point',(9411.031409929999,-2681.54522756,-638.273691473));
#71759=CARTESIAN_POINT('Control Point',(9408.72696973,-2681.34758193,-638.227198204));
#71760=CARTESIAN_POINT('Control Point',(9406.49608126,-2680.32011454,-637.985584715));
#71761=CARTESIAN_POINT('Control Point',(9404.77158418,-2678.48703888,-637.554103108));
#71762=CARTESIAN_POINT('Control Point',(9403.915999999999,-2676.23358343,-637.024351587));
#71763=CARTESIAN_POINT('Control Point',(9403.915999999999,-2673.98174208,-636.494491172));
#71764=EDGE_CURVE('',#71400,#71755,#71757,.F.);
#71765=EDGE_LOOP('',(#71766,#71767,#71768,#71769));
#71766=ORIENTED_EDGE('',*,*,#71401,.F.);
#71767=ORIENTED_EDGE('',*,*,#71573,.T.);
#71768=ORIENTED_EDGE('',*,*,#71756,.T.);
#71769=ORIENTED_EDGE('',*,*,#71764,.F.);
#71770=FACE_OUTER_BOUND('',#71765,.T.);
#71771=ADVANCED_FACE('PartBody',(#71770),#71581,.T.);
#71772=B_SPLINE_SURFACE_WITH_KNOTS('',5,5,((#71773,#71774,#71775,#71776,#71777,#71778,#71779,#71780,#71781),(#71782,#71783,#71784,#71785,#71786,#71787,#71788,#71789,#71790),(#71791,#71792,#71793,#71794,#71795,#71796,#71797,#71798,#71799),(#71800,#71801,#71802,#71803,#71804,#71805,#71806,#71807,#71808),(#71809,#71810,#71811,#71812,#71813,#71814,#71815,#71816,#71817),(#71818,#71819,#71820,#71821,#71822,#71823,#71824,#71825,#71826)),.UNSPECIFIED.,.F.,.F.,.U.,(6,6),(6,3,6),(305.753201397,351.296132403),(0.,3.9,7.8),.UNSPECIFIED.);
#71773=CARTESIAN_POINT('Control Point',(9411.031705200001,-2681.53990903,-638.296116235));
#71774=CARTESIAN_POINT('Control Point',(9409.879461549999,-2681.44119695,-638.272586432));
#71775=CARTESIAN_POINT('Control Point',(9408.746012400001,-2681.13475173,-638.199539702));
#71776=CARTESIAN_POINT('Control Point',(9407.68423959,-2680.62485306,-638.077996182));
#71777=CARTESIAN_POINT('Control Point',(9405.805619590001,-2679.24695774,-637.749550045));
#71778=CARTESIAN_POINT('Control Point',(9404.559392700001,-2677.30570003,-637.286816347));
#71779=CARTESIAN_POINT('Control Point',(9404.13037866,-2676.23211321,-637.0309076139999));
#71780=CARTESIAN_POINT('Control Point',(9403.915999999999,-2675.10692131,-636.762697885));
#71781=CARTESIAN_POINT('Control Point',(9403.915999999999,-2673.98174208,-636.494491173));
#71782=CARTESIAN_POINT('Control Point',(9411.02886968,-2683.13674438,-631.596001744));
#71783=CARTESIAN_POINT('Control Point',(9409.87694661,-2683.03759885,-631.572584549));
#71784=CARTESIAN_POINT('Control Point',(9408.74388675,-2682.73072657,-631.500106351));
#71785=CARTESIAN_POINT('Control Point',(9407.682531189999,-2682.22042513,-631.379582192));
#71786=CARTESIAN_POINT('Control Point',(9405.80470973,-2680.84178635,-631.053972895));
#71787=CARTESIAN_POINT('Control Point',(9404.559075900001,-2678.89989665,-630.595334926));
#71788=CARTESIAN_POINT('Control Point',(9404.13027319,-2677.8260189,-630.341705247));
#71789=CARTESIAN_POINT('Control Point',(9403.915999999999,-2676.70054877,-630.07589048));
#71790=CARTESIAN_POINT('Control Point',(9403.915999999999,-2675.57509129,-629.810078698));
#71791=CARTESIAN_POINT('Control Point',(9411.02604735,-2684.71523521,-624.895994931));
#71792=CARTESIAN_POINT('Control Point',(9409.87444356,-2684.6156584,-624.872692622));
#71793=CARTESIAN_POINT('Control Point',(9408.74177126,-2684.30836214,-624.800784134));
#71794=CARTESIAN_POINT('Control Point',(9407.68083103,-2683.7976618,-624.681279315));
#71795=CARTESIAN_POINT('Control Point',(9405.803804319999,-2682.41828857,-624.35850457));
#71796=CARTESIAN_POINT('Control Point',(9404.55876066,-2680.47577783,-623.90395642));
#71797=CARTESIAN_POINT('Control Point',(9404.13016823,-2679.40161496,-623.652602146));
#71798=CARTESIAN_POINT('Control Point',(9403.915999999999,-2678.27587257,-623.389178343));
#71799=CARTESIAN_POINT('Control Point',(9403.915999999999,-2677.15014281,-623.125757495));
#71800=CARTESIAN_POINT('Control Point',(9411.023238420001,-2686.27543225,-618.19617041));
#71801=CARTESIAN_POINT('Control Point',(9409.87195257,-2686.17542638,-618.172985253));
#71802=CARTESIAN_POINT('Control Point',(9408.73966608,-2685.86770923,-618.101647656));
#71803=CARTESIAN_POINT('Control Point',(9407.679139219999,-2685.35661383,-617.9831621770001));
#71804=CARTESIAN_POINT('Control Point',(9405.802903420001,-2683.9765151,-617.663219773));
#71805=CARTESIAN_POINT('Control Point',(9404.558446999999,-2682.03339414,-617.2127556619999));
#71806=CARTESIAN_POINT('Control Point',(9404.130063799999,-2680.95895188,-616.96367322));
#71807=CARTESIAN_POINT('Control Point',(9403.915999999999,-2679.8329431,-616.702636464));
#71808=CARTESIAN_POINT('Control Point',(9403.915999999999,-2678.70694694,-616.441602632));
#71809=CARTESIAN_POINT('Control Point',(9411.020442929999,-2687.81742437,-611.496429777));
#71810=CARTESIAN_POINT('Control Point',(9409.869473680001,-2687.71699166,-611.473364019));
#71811=CARTESIAN_POINT('Control Point',(9408.737571240001,-2687.4088567,-611.402598496));
#71812=CARTESIAN_POINT('Control Point',(9407.67745578,-2686.89737008,-611.285132376));
#71813=CARTESIAN_POINT('Control Point',(9405.80200704,-2685.51655472,-610.968020177));
#71814=CARTESIAN_POINT('Control Point',(9404.55813492,-2683.57283425,-610.521634459));
#71815=CARTESIAN_POINT('Control Point',(9404.129959899999,-2682.49811825,-610.274820351));
#71816=CARTESIAN_POINT('Control Point',(9403.915999999999,-2681.37184891,-610.016166808));
#71817=CARTESIAN_POINT('Control Point',(9403.915999999999,-2680.24559217,-609.757516159));
#71818=CARTESIAN_POINT('Control Point',(9411.017661010001,-2689.34126339,-604.796836217));
#71819=CARTESIAN_POINT('Control Point',(9409.86700699,-2689.24040609,-604.773892088));
#71820=CARTESIAN_POINT('Control Point',(9408.73548682,-2688.93185641,-604.703699811));
#71821=CARTESIAN_POINT('Control Point',(9407.67578078,-2688.41998239,-604.5872530730001));
#71822=CARTESIAN_POINT('Control Point',(9405.80111522,-2687.03845923,-604.272968977));
#71823=CARTESIAN_POINT('Control Point',(9404.55782444,-2685.09414984,-603.830656074));
#71824=CARTESIAN_POINT('Control Point',(9404.12985653,-2684.0191657,-603.586106849));
#71825=CARTESIAN_POINT('Control Point',(9403.915999999999,-2682.89264153,-603.329832731));
#71826=CARTESIAN_POINT('Control Point',(9403.915999999999,-2681.76612995,-603.073561475));
#71827=B_SPLINE_CURVE_WITH_KNOTS('',5,(#71828,#71829,#71830,#71831,#71832,#71833,#71834,#71835,#71836),.UNSPECIFIED.,.F.,.U.,(6,3,6),(305.783936255,319.16881049,351.296132403),.UNSPECIFIED.);
#71828=CARTESIAN_POINT('Control Point',(9411.031695629999,-2681.54529711,-638.273508219));
#71829=CARTESIAN_POINT('Control Point',(9411.030862289999,-2682.01458569,-636.304373077));
#71830=CARTESIAN_POINT('Control Point',(9411.030030100001,-2682.48228978,-634.335247243));
#71831=CARTESIAN_POINT('Control Point',(9411.02919904,-2682.94841083,-632.36613191));
#71832=CARTESIAN_POINT('Control Point',(9411.02637714,-2684.52797072,-625.670646511));
#71833=CARTESIAN_POINT('Control Point',(9411.023568570001,-2686.0892606,-618.9753109649999));
#71834=CARTESIAN_POINT('Control Point',(9411.021592659999,-2687.1823082,-614.249089765));
#71835=CARTESIAN_POINT('Control Point',(9411.019623460001,-2688.26630257,-609.522926397));
#71836=CARTESIAN_POINT('Control Point',(9411.017661010001,-2689.34126339,-604.796836218));
#71837=CARTESIAN_POINT('Vertex',(9411.01766051,-2689.34126623,-604.796836863));
#71838=VERTEX_POINT('',#71837);
#71839=EDGE_CURVE('',#71755,#71838,#71827,.T.);
#71840=B_SPLINE_CURVE_WITH_KNOTS('',5,(#71841,#71842,#71843,#71844,#71845,#71846),.UNSPECIFIED.,.F.,.U.,(6,6),(0.,15.9733644958),.UNSPECIFIED.);
#71841=CARTESIAN_POINT('Control Point',(9411.017660920001,-2689.34126338,-604.796836216));
#71842=CARTESIAN_POINT('Control Point',(9408.716448700001,-2689.13670481,-604.763488116));
#71843=CARTESIAN_POINT('Control Point',(9406.48987041,-2688.1030611,-604.541424889));
#71844=CARTESIAN_POINT('Control Point',(9404.76964429,-2686.26580736,-604.133972861));
#71845=CARTESIAN_POINT('Control Point',(9403.915999999999,-2684.00995153,-603.6265176970001));
#71846=CARTESIAN_POINT('Control Point',(9403.915999999999,-2681.75674779,-603.114802212));
#71847=EDGE_CURVE('',#71838,#70803,#71840,.T.);
#71848=EDGE_LOOP('',(#71849,#71850,#71851,#71852));
#71849=ORIENTED_EDGE('',*,*,#71412,.F.);
#71850=ORIENTED_EDGE('',*,*,#71764,.T.);
#71851=ORIENTED_EDGE('',*,*,#71839,.T.);
#71852=ORIENTED_EDGE('',*,*,#71847,.T.);
#71853=FACE_OUTER_BOUND('',#71848,.T.);
#71854=ADVANCED_FACE('PartBody',(#71853),#71772,.T.);
#71855=B_SPLINE_SURFACE_WITH_KNOTS('',5,1,((#71856,#71857),(#71858,#71859),(#71860,#71861),(#71862,#71863),(#71864,#71865),(#71866,#71867),(#71868,#71869),(#71870,#71871),(#71872,#71873),(#71874,#71875),(#71876,#71877),(#71878,#71879),(#71880,#71881),(#71882,#71883),(#71884,#71885)),.UNSPECIFIED.,.F.,.F.,.U.,(6,3,3,3,6),(2,2),(0.,4.18182402783,8.36364805566,12.5454720835,13.9394134261),(-3.800001471,0.),.UNSPECIFIED.);
#71856=CARTESIAN_POINT('Control Point',(9411.357877320001,-2685.65081364,-603.957292585));
#71857=CARTESIAN_POINT('Control Point',(9411.017660760001,-2689.34126481,-604.79683654));
#71858=CARTESIAN_POINT('Control Point',(9411.00384352,-2685.61892699,-603.953990351));
#71859=CARTESIAN_POINT('Control Point',(9410.32729458,-2689.27989694,-604.786832056));
#71860=CARTESIAN_POINT('Control Point',(9410.65334477,-2685.54869564,-603.941954675));
#71861=CARTESIAN_POINT('Control Point',(9409.643821740001,-2689.14375477,-604.7598066309999));
#71862=CARTESIAN_POINT('Control Point',(9410.31215338,-2685.44062083,-603.921235391));
#71863=CARTESIAN_POINT('Control Point',(9408.978498279999,-2688.93380259,-604.715915146));
#71864=CARTESIAN_POINT('Control Point',(9409.660006030001,-2685.15246332,-603.863135288));
#71865=CARTESIAN_POINT('Control Point',(9407.706810449999,-2688.37342548,-604.595894174));
#71866=CARTESIAN_POINT('Control Point',(9409.088247199999,-2684.73190904,-603.774125989));
#71867=CARTESIAN_POINT('Control Point',(9406.59188029,-2687.55471295,-604.416310799));
#71868=CARTESIAN_POINT('Control Point',(9408.8274726,-2684.49141592,-603.722492324));
#71869=CARTESIAN_POINT('Control Point',(9406.08336961,-2687.08638327,-604.312847056));
#71870=CARTESIAN_POINT('Control Point',(9408.3649685,-2683.95814046,-603.606715223));
#71871=CARTESIAN_POINT('Control Point',(9405.18148626,-2686.04763412,-604.082078549));
#71872=CARTESIAN_POINT('Control Point',(9408.0334927,-2683.33916447,-603.470054824));
#71873=CARTESIAN_POINT('Control Point',(9404.5351082,-2684.84148463,-603.811837019));
#71874=CARTESIAN_POINT('Control Point',(9407.903767490001,-2683.01295099,-603.397533157));
#71875=CARTESIAN_POINT('Control Point',(9404.282143930001,-2684.20571593,-603.668891252));
#71876=CARTESIAN_POINT('Control Point',(9407.781749809999,-2682.56306337,-603.296885911));
#71877=CARTESIAN_POINT('Control Point',(9404.044209350001,-2683.32878487,-603.471090531));
#71878=CARTESIAN_POINT('Control Point',(9407.72916404,-2682.10324183,-603.193215697));
#71879=CARTESIAN_POINT('Control Point',(9403.94166703,-2682.432326,-603.268083689));
#71880=CARTESIAN_POINT('Control Point',(9407.72038898,-2681.987874,-603.167156105));
#71881=CARTESIAN_POINT('Control Point',(9403.924555650001,-2682.20739711,-603.217098522));
#71882=CARTESIAN_POINT('Control Point',(9407.71600147,-2681.87230563,-603.141002327));
#71883=CARTESIAN_POINT('Control Point',(9403.915999999999,-2681.9820672,-603.165973541));
#71884=CARTESIAN_POINT('Control Point',(9407.71600147,-2681.75674779,-603.114802211));
#71885=CARTESIAN_POINT('Control Point',(9403.915999999999,-2681.75674779,-603.114802212));
#71886=B_SPLINE_CURVE_WITH_KNOTS('',1,(#71887,#71888),.UNSPECIFIED.,.F.,.U.,(2,2),(-3.800001471,-1.47091458692E-006),.UNSPECIFIED.);
#71887=CARTESIAN_POINT('Control Point',(9411.357877320001,-2685.65081364,-603.957292585));
#71888=CARTESIAN_POINT('Control Point',(9411.01766089,-2689.34126338,-604.796836215));
#71889=EDGE_CURVE('',#71499,#71838,#71886,.T.);
#71890=EDGE_LOOP('',(#71891,#71892,#71893,#71894));
#71891=ORIENTED_EDGE('',*,*,#71500,.T.);
#71892=ORIENTED_EDGE('',*,*,#70810,.F.);
#71893=ORIENTED_EDGE('',*,*,#71847,.F.);
#71894=ORIENTED_EDGE('',*,*,#71889,.F.);
#71895=FACE_OUTER_BOUND('',#71890,.T.);
#71896=ADVANCED_FACE('PartBody',(#71895),#71855,.T.);
#71897=B_SPLINE_SURFACE_WITH_KNOTS('',5,1,((#71898,#71899),(#71900,#71901),(#71902,#71903),(#71904,#71905),(#71906,#71907),(#71908,#71909),(#71910,#71911),(#71912,#71913),(#71914,#71915)),.UNSPECIFIED.,.F.,.F.,.U.,(6,3,6),(2,2),(0.,42.2186930718,140.556530583),(-3.800001471,1.47091461262E-006),.UNSPECIFIED.);
#71898=CARTESIAN_POINT('Control Point',(9480.97461422,-2691.76174088,-604.938464472));
#71899=CARTESIAN_POINT('Control Point',(9480.64332089,-2695.44998948,-605.791159817));
#71900=CARTESIAN_POINT('Control Point',(9476.681981850001,-2691.38962788,-604.880207372));
#71901=CARTESIAN_POINT('Control Point',(9476.350130500001,-2695.07801228,-605.732098529));
#71902=CARTESIAN_POINT('Control Point',(9472.47624484,-2691.02422344,-604.823187981));
#71903=CARTESIAN_POINT('Control Point',(9472.14384827,-2694.71274081,-605.674290737));
#71904=CARTESIAN_POINT('Control Point',(9468.408049170001,-2690.67054209,-604.765946814));
#71905=CARTESIAN_POINT('Control Point',(9468.07512605,-2694.35918853,-605.616284052));
#71906=CARTESIAN_POINT('Control Point',(9454.330657840001,-2689.44418369,-604.567342101));
#71907=CARTESIAN_POINT('Control Point',(9453.99591695,-2693.13327667,-605.415027797));
#71908=CARTESIAN_POINT('Control Point',(9440.368859419999,-2688.21912255,-604.371206573));
#71909=CARTESIAN_POINT('Control Point',(9440.03232961,-2691.90865747,-605.216256678));
#71910=CARTESIAN_POINT('Control Point',(9430.65287677,-2687.36293897,-604.232834493));
#71911=CARTESIAN_POINT('Control Point',(9430.31510749,-2691.05278154,-605.076044783));
#71912=CARTESIAN_POINT('Control Point',(9420.977089120001,-2686.50628307,-604.094924291));
#71913=CARTESIAN_POINT('Control Point',(9420.63809047,-2690.19643167,-604.936298471));
#71914=CARTESIAN_POINT('Control Point',(9411.357877320001,-2685.65081364,-603.957292584));
#71915=CARTESIAN_POINT('Control Point',(9411.017660629999,-2689.34126624,-604.796836865));
#71916=B_SPLINE_CURVE_WITH_KNOTS('',5,(#71917,#71918,#71919,#71920,#71921,#71922,#71923,#71924,#71925,#71926,#71927,#71928,#71929,#71930,#71931),.UNSPECIFIED.,.F.,.U.,(6,3,3,3,6),(0.,47.1936454398,101.868231644,140.94854295,156.542817848),.UNSPECIFIED.);
#71917=CARTESIAN_POINT('Control Point',(9480.974614090001,-2691.76174231,-604.938464803));
#71918=CARTESIAN_POINT('Control Point',(9476.6986657,-2691.39107567,-604.880434147));
#71919=CARTESIAN_POINT('Control Point',(9472.508938520001,-2691.02706555,-604.823631598));
#71920=CARTESIAN_POINT('Control Point',(9468.414695539999,-2690.67112178,-604.766040757));
#71921=CARTESIAN_POINT('Control Point',(9459.291298280001,-2689.8763354,-604.637327788));
#71922=CARTESIAN_POINT('Control Point',(9450.21535113,-2689.08199804,-604.509634934));
#71923=CARTESIAN_POINT('Control Point',(9445.31881119,-2688.6524624,-604.440565935));
#71924=CARTESIAN_POINT('Control Point',(9436.92117955,-2687.91408586,-604.321730913));
#71925=CARTESIAN_POINT('Control Point',(9428.57122082,-2687.17701367,-604.203005817));
#71926=CARTESIAN_POINT('Control Point',(9425.105039759999,-2686.87054254,-604.153632654));
#71927=CARTESIAN_POINT('Control Point',(9420.28118111,-2686.44333705,-604.084833108));
#71928=CARTESIAN_POINT('Control Point',(9415.47006849,-2686.0162932,-604.016099368));
#71929=CARTESIAN_POINT('Control Point',(9414.09852327,-2685.89447352,-603.996495628));
#71930=CARTESIAN_POINT('Control Point',(9412.72762657,-2685.77263298,-603.976891608));
#71931=CARTESIAN_POINT('Control Point',(9411.35787706,-2685.6508165,-603.957293234));
#71932=CARTESIAN_POINT('Vertex',(9480.974614090001,-2691.76174231,-604.938464803));
#71933=VERTEX_POINT('',#71932);
#71934=EDGE_CURVE('',#71933,#71499,#71916,.T.);
#71935=B_SPLINE_CURVE_WITH_KNOTS('',5,(#71936,#71937,#71938,#71939,#71940,#71941,#71942,#71943,#71944,#71945,#71946,#71947,#71948,#71949,#71950),.UNSPECIFIED.,.F.,.U.,(6,3,3,3,6),(3.42552962702E-015,47.1936468213,101.868226621,140.948531524,156.542806421),.UNSPECIFIED.);
#71936=CARTESIAN_POINT('Control Point',(9480.64332101,-2695.44998805,-605.791159486));
#71937=CARTESIAN_POINT('Control Point',(9476.366816649999,-2695.07945667,-605.732327768));
#71938=CARTESIAN_POINT('Control Point',(9472.1765462,-2694.715579,-605.674739821));
#71939=CARTESIAN_POINT('Control Point',(9468.081773780001,-2694.35976518,-605.6163785909999));
#71940=CARTESIAN_POINT('Control Point',(9458.957198890001,-2693.56526823,-605.485947198));
#71941=CARTESIAN_POINT('Control Point',(9449.88008608,-2692.77121841,-605.356542411));
#71942=CARTESIAN_POINT('Control Point',(9444.982917970001,-2692.34183779,-605.286548746));
#71943=CARTESIAN_POINT('Control Point',(9436.58421119,-2691.603727,-605.166125911));
#71944=CARTESIAN_POINT('Control Point',(9428.233188030001,-2690.86691899,-605.045818668));
#71945=CARTESIAN_POINT('Control Point',(9424.76656615,-2690.56055754,-604.995788156));
#71946=CARTESIAN_POINT('Control Point',(9419.942095210001,-2690.13350466,-604.926073013));
#71947=CARTESIAN_POINT('Control Point',(9415.13037302,-2689.70661296,-604.8564249999999));
#71948=CARTESIAN_POINT('Control Point',(9413.75865396,-2689.58483665,-604.83656053));
#71949=CARTESIAN_POINT('Control Point',(9412.38758359,-2689.46303943,-604.816695811));
#71950=CARTESIAN_POINT('Control Point',(9411.017660629999,-2689.34126624,-604.796836865));
#71951=CARTESIAN_POINT('Vertex',(9480.64332101,-2695.44998805,-605.791159486));
#71952=VERTEX_POINT('',#71951);
#71953=EDGE_CURVE('',#71952,#71838,#71935,.T.);
#71954=B_SPLINE_CURVE_WITH_KNOTS('',1,(#71955,#71956),.UNSPECIFIED.,.F.,.U.,(2,2),(-3.79999999988,-1.00546332027E-013),.UNSPECIFIED.);
#71955=CARTESIAN_POINT('Control Point',(9480.974614090001,-2691.76174231,-604.938464803));
#71956=CARTESIAN_POINT('Control Point',(9480.64332101,-2695.44998805,-605.791159486));
#71957=EDGE_CURVE('',#71933,#71952,#71954,.T.);
#71958=EDGE_LOOP('',(#71959,#71960,#71961,#71962));
#71959=ORIENTED_EDGE('',*,*,#71934,.T.);
#71960=ORIENTED_EDGE('',*,*,#71889,.T.);
#71961=ORIENTED_EDGE('',*,*,#71953,.F.);
#71962=ORIENTED_EDGE('',*,*,#71957,.F.);
#71963=FACE_OUTER_BOUND('',#71958,.T.);
#71964=ADVANCED_FACE('PartBody',(#71963),#71897,.T.);
#71965=B_SPLINE_SURFACE_WITH_KNOTS('',5,1,((#71966,#71967),(#71968,#71969),(#71970,#71971),(#71972,#71973),(#71974,#71975),(#71976,#71977),(#71978,#71979),(#71980,#71981),(#71982,#71983),(#71984,#71985),(#71986,#71987),(#71988,#71989),(#71990,#71991),(#71992,#71993),(#71994,#71995)),.UNSPECIFIED.,.F.,.F.,.U.,(6,3,3,3,6),(2,2),(0.,0.289808392518,0.579616785036,1.01352778045,1.44824036923),(-3.8,2.40895990533E-014),.UNSPECIFIED.);
#71966=CARTESIAN_POINT('Control Point',(9481.976565360001,-2691.62217298,-605.930467021));
#71967=CARTESIAN_POINT('Control Point',(9481.645598749999,-2695.3101458,-606.784467964));
#71968=CARTESIAN_POINT('Control Point',(9481.976529879999,-2691.63716217,-605.8657229740001));
#71969=CARTESIAN_POINT('Control Point',(9481.64555028,-2695.32515097,-606.719649888));
#71970=CARTESIAN_POINT('Control Point',(9481.970982950001,-2691.65173726,-605.800623907));
#71971=CARTESIAN_POINT('Control Point',(9481.639989589999,-2695.33974227,-606.654475438));
#71972=CARTESIAN_POINT('Control Point',(9481.95982292,-2691.66579058,-605.73559469));
#71973=CARTESIAN_POINT('Control Point',(9481.628815100001,-2695.35381195,-606.5893699550001));
#71974=CARTESIAN_POINT('Control Point',(9481.926505089999,-2691.69219775,-605.608597939));
#71975=CARTESIAN_POINT('Control Point',(9481.595467560001,-2695.38025139,-606.4622222850001));
#71976=CARTESIAN_POINT('Control Point',(9481.871996600001,-2691.71526003,-605.4878047));
#71977=CARTESIAN_POINT('Control Point',(9481.5409279,-2695.40334499,-606.341281581));
#71978=CARTESIAN_POINT('Control Point',(9481.840433609999,-2691.7255508,-605.431088995));
#71979=CARTESIAN_POINT('Control Point',(9481.50934952,-2695.41365064,-606.284495613));
#71980=CARTESIAN_POINT('Control Point',(9481.751117100001,-2691.74847009,-605.297379513));
#71981=CARTESIAN_POINT('Control Point',(9481.419994829999,-2695.43660543,-606.150617921));
#71982=CARTESIAN_POINT('Control Point',(9481.63725831,-2691.76448183,-605.183966991));
#71983=CARTESIAN_POINT('Control Point',(9481.306098810001,-2695.45264834,-606.03705618));
#71984=CARTESIAN_POINT('Control Point',(9481.563924690001,-2691.77118994,-605.126493072));
#71985=CARTESIAN_POINT('Control Point',(9481.23274433,-2695.45937269,-605.979503958));
#71986=CARTESIAN_POINT('Control Point',(9481.405343009999,-2691.77956103,-605.0287188349999));
#71987=CARTESIAN_POINT('Control Point',(9481.07412286,-2695.46777236,-605.881590699));
#71988=CARTESIAN_POINT('Control Point',(9481.236052890001,-2691.77792229,-604.970050085));
#71989=CARTESIAN_POINT('Control Point',(9480.90479943,-2695.46615286,-605.822825795));
#71990=CARTESIAN_POINT('Control Point',(9481.14858485,-2691.7746873,-604.950063053));
#71991=CARTESIAN_POINT('Control Point',(9480.81731624,-2695.46292527,-605.802800887));
#71992=CARTESIAN_POINT('Control Point',(9481.06140889,-2691.76926624,-604.939642731));
#71993=CARTESIAN_POINT('Control Point',(9480.7301271,-2695.45750924,-605.792353675));
#71994=CARTESIAN_POINT('Control Point',(9480.974614090001,-2691.76174231,-604.938464803));
#71995=CARTESIAN_POINT('Control Point',(9480.64332101,-2695.44998805,-605.791159486));
#71996=B_SPLINE_CURVE_WITH_KNOTS('',5,(#71997,#71998,#71999,#72000,#72001,#72002),.UNSPECIFIED.,.F.,.U.,(6,6),(0.,2.05016655268),.UNSPECIFIED.);
#71997=CARTESIAN_POINT('Control Point',(9481.976565360001,-2691.62217298,-605.930467021));
#71998=CARTESIAN_POINT('Control Point',(9481.97638787,-2691.69715229,-605.606602755));
#71999=CARTESIAN_POINT('Control Point',(9481.830171940001,-2691.76389223,-605.261525449));
#72000=CARTESIAN_POINT('Control Point',(9481.559067,-2691.78811925,-605.051420485));
#72001=CARTESIAN_POINT('Control Point',(9481.26405883,-2691.78683324,-604.942392978));
#72002=CARTESIAN_POINT('Control Point',(9480.974614090001,-2691.76174231,-604.938464803));
#72003=CARTESIAN_POINT('Vertex',(9481.976565360001,-2691.62217298,-605.930467021));
#72004=VERTEX_POINT('',#72003);
#72005=EDGE_CURVE('',#72004,#71933,#71996,.T.);
#72006=B_SPLINE_CURVE_WITH_KNOTS('',5,(#72007,#72008,#72009,#72010,#72011,#72012),.UNSPECIFIED.,.F.,.U.,(6,6),(0.,2.05016490938),.UNSPECIFIED.);
#72007=CARTESIAN_POINT('Control Point',(9481.645598749999,-2695.3101458,-606.784467964));
#72008=CARTESIAN_POINT('Control Point',(9481.64535628,-2695.38520496,-606.460233647));
#72009=CARTESIAN_POINT('Control Point',(9481.49905389,-2695.45203401,-606.114737769));
#72010=CARTESIAN_POINT('Control Point',(9481.227869980001,-2695.47632077,-605.904343769));
#72011=CARTESIAN_POINT('Control Point',(9480.932803150001,-2695.4750698,-605.7951418820001));
#72012=CARTESIAN_POINT('Control Point',(9480.64332101,-2695.44998805,-605.791159486));
#72013=CARTESIAN_POINT('Vertex',(9481.645598749999,-2695.3101458,-606.784467964));
#72014=VERTEX_POINT('',#72013);
#72015=EDGE_CURVE('',#72014,#71952,#72006,.T.);
#72016=B_SPLINE_CURVE_WITH_KNOTS('',1,(#72017,#72018),.UNSPECIFIED.,.F.,.U.,(2,2),(-3.8,2.40895990533E-014),.UNSPECIFIED.);
#72017=CARTESIAN_POINT('Control Point',(9481.976565360001,-2691.62217298,-605.930467021));
#72018=CARTESIAN_POINT('Control Point',(9481.645598749999,-2695.3101458,-606.784467964));
#72019=EDGE_CURVE('',#72004,#72014,#72016,.T.);
#72020=EDGE_LOOP('',(#72021,#72022,#72023,#72024));
#72021=ORIENTED_EDGE('',*,*,#72005,.T.);
#72022=ORIENTED_EDGE('',*,*,#71957,.T.);
#72023=ORIENTED_EDGE('',*,*,#72015,.F.);
#72024=ORIENTED_EDGE('',*,*,#72019,.F.);
#72025=FACE_OUTER_BOUND('',#72020,.T.);
#72026=ADVANCED_FACE('PartBody',(#72025),#71965,.T.);
#72027=B_SPLINE_SURFACE_WITH_KNOTS('',5,1,((#72028,#72029),(#72030,#72031),(#72032,#72033),(#72034,#72035),(#72036,#72037),(#72038,#72039)),.UNSPECIFIED.,.F.,.F.,.U.,(6,6),(2,2),(0.,19.1065713821),(-3.8,2.40895990533E-014),.UNSPECIFIED.);
#72028=CARTESIAN_POINT('Control Point',(9481.98300613,-2688.8821589,-617.6686404009999));
#72029=CARTESIAN_POINT('Control Point',(9481.654402689999,-2692.56720749,-618.536071474));
#72030=CARTESIAN_POINT('Control Point',(9481.9817162,-2689.4347588,-615.3205790759999));
#72031=CARTESIAN_POINT('Control Point',(9481.65263844,-2693.12039789,-616.185321916));
#72032=CARTESIAN_POINT('Control Point',(9481.980427140001,-2689.98505557,-612.972735199));
#72033=CARTESIAN_POINT('Control Point',(9481.65087591,-2693.67128231,-613.83479092));
#72034=CARTESIAN_POINT('Control Point',(9481.97913897,-2690.53305389,-610.625104394));
#72035=CARTESIAN_POINT('Control Point',(9481.649115100001,-2694.21986547,-611.4844741000001));
#72036=CARTESIAN_POINT('Control Point',(9481.9778517,-2691.0787585,-608.277681746));
#72037=CARTESIAN_POINT('Control Point',(9481.647356040001,-2694.7661521,-609.134366528));
#72038=CARTESIAN_POINT('Control Point',(9481.976565360001,-2691.62217298,-605.930467021));
#72039=CARTESIAN_POINT('Control Point',(9481.645598749999,-2695.3101458,-606.784467964));
#72040=B_SPLINE_CURVE_WITH_KNOTS('',3,(#72041,#72042,#72043,#72044),.UNSPECIFIED.,.F.,.U.,(4,4),(0.,21.802725675),.UNSPECIFIED.);
#72041=CARTESIAN_POINT('Control Point',(9481.98300613,-2688.8821589,-617.6686404009999));
#72042=CARTESIAN_POINT('Control Point',(9481.980856030001,-2689.80324716,-613.754829124));
#72043=CARTESIAN_POINT('Control Point',(9481.978709049999,-2690.71656956,-609.842114086));
#72044=CARTESIAN_POINT('Control Point',(9481.976565360001,-2691.62217298,-605.930467021));
#72045=CARTESIAN_POINT('Vertex',(9481.98300613,-2688.8821589,-617.6686404009999));
#72046=VERTEX_POINT('',#72045);
#72047=EDGE_CURVE('',#72046,#72004,#72040,.T.);
#72048=B_SPLINE_CURVE_WITH_KNOTS('',3,(#72049,#72050,#72051,#72052),.UNSPECIFIED.,.F.,.U.,(4,4),(0.,21.802725675),.UNSPECIFIED.);
#72049=CARTESIAN_POINT('Control Point',(9481.654402689999,-2692.56720749,-618.536071474));
#72050=CARTESIAN_POINT('Control Point',(9481.651461990001,-2693.48928,-614.617779378));
#72051=CARTESIAN_POINT('Control Point',(9481.648527290001,-2694.40357711,-610.700587663));
#72052=CARTESIAN_POINT('Control Point',(9481.645598749999,-2695.3101458,-606.784467964));
#72053=CARTESIAN_POINT('Vertex',(9481.654402689999,-2692.56720749,-618.536071474));
#72054=VERTEX_POINT('',#72053);
#72055=EDGE_CURVE('',#72054,#72014,#72048,.T.);
#72056=B_SPLINE_CURVE_WITH_KNOTS('',1,(#72057,#72058),.UNSPECIFIED.,.F.,.U.,(2,2),(-3.8,-2.58796815395E-014),.UNSPECIFIED.);
#72057=CARTESIAN_POINT('Control Point',(9481.98300613,-2688.8821589,-617.6686404009999));
#72058=CARTESIAN_POINT('Control Point',(9481.654402689999,-2692.56720749,-618.536071474));
#72059=EDGE_CURVE('',#72046,#72054,#72056,.T.);
#72060=EDGE_LOOP('',(#72061,#72062,#72063,#72064));
#72061=ORIENTED_EDGE('',*,*,#72047,.T.);
#72062=ORIENTED_EDGE('',*,*,#72019,.T.);
#72063=ORIENTED_EDGE('',*,*,#72055,.F.);
#72064=ORIENTED_EDGE('',*,*,#72059,.F.);
#72065=FACE_OUTER_BOUND('',#72060,.T.);
#72066=ADVANCED_FACE('PartBody',(#72065),#72027,.T.);
#72067=B_SPLINE_SURFACE_WITH_KNOTS('',5,1,((#72068,#72069),(#72070,#72071),(#72072,#72073),(#72074,#72075),(#72076,#72077),(#72078,#72079),(#72080,#72081),(#72082,#72083),(#72084,#72085),(#72086,#72087),(#72088,#72089),(#72090,#72091),(#72092,#72093),(#72094,#72095),(#72096,#72097),(#72098,#72099),(#72100,#72101),(#72102,#72103)),.UNSPECIFIED.,.F.,.F.,.U.,(6,3,3,3,3,6),(2,2),(0.,3.8446985807,7.69187352473,11.5364700423,15.379515181,19.224264406),(-3.8,3.15754563308E-014),.UNSPECIFIED.);
#72068=CARTESIAN_POINT('Control Point',(9469.111926670001,-2684.79763096,-630.059402706));
#72069=CARTESIAN_POINT('Control Point',(9468.784209130001,-2688.4799226,-630.9387942659999));
#72070=CARTESIAN_POINT('Control Point',(9469.87967563,-2684.86345474,-630.0698900150001));
#72071=CARTESIAN_POINT('Control Point',(9469.55205683,-2688.54572044,-630.9494269750001));
#72072=CARTESIAN_POINT('Control Point',(9470.645066810001,-2684.94230495,-630.024845382));
#72073=CARTESIAN_POINT('Control Point',(9470.317535190001,-2688.62455897,-630.904463697));
#72074=CARTESIAN_POINT('Control Point',(9471.406200519999,-2685.03392542,-629.924682173));
#72075=CARTESIAN_POINT('Control Point',(9471.078744369999,-2688.71618198,-630.80431793));
#72076=CARTESIAN_POINT('Control Point',(9472.906711559999,-2685.24156914,-629.6139679630001));
#72077=CARTESIAN_POINT('Control Point',(9472.579381240001,-2688.9238597,-630.4935082870001));
#72078=CARTESIAN_POINT('Control Point',(9474.346849130001,-2685.49539285,-629.087066739));
#72079=CARTESIAN_POINT('Control Point',(9474.019593270001,-2689.1777745,-629.966253317));
#72080=CARTESIAN_POINT('Control Point',(9475.04732609,-2685.63346724,-628.769462926));
#72081=CARTESIAN_POINT('Control Point',(9474.72009404,-2689.31590887,-629.648407148));
#72082=CARTESIAN_POINT('Control Point',(9476.397432080001,-2685.92950222,-628.031680035));
#72083=CARTESIAN_POINT('Control Point',(9476.070220510001,-2689.61209152,-628.910013127));
#72084=CARTESIAN_POINT('Control Point',(9477.63633429,-2686.26555156,-627.083729128));
#72085=CARTESIAN_POINT('Control Point',(9477.309086740001,-2689.94834537,-627.961190898));
#72086=CARTESIAN_POINT('Control Point',(9478.221916300001,-2686.44248357,-626.559435159));
#72087=CARTESIAN_POINT('Control Point',(9477.894636340001,-2690.12539342,-627.436397724));
#72088=CARTESIAN_POINT('Control Point',(9479.317364390001,-2686.81415806,-625.406915052));
#72089=CARTESIAN_POINT('Control Point',(9478.989989109999,-2690.49732855,-626.282746998));
#72090=CARTESIAN_POINT('Control Point',(9480.22652821,-2687.21162832,-624.074073288));
#72091=CARTESIAN_POINT('Control Point',(9479.89899784,-2690.89511036,-624.9485357999999));
#72092=CARTESIAN_POINT('Control Point',(9480.63225889,-2687.4173347,-623.359327507));
#72093=CARTESIAN_POINT('Control Point',(9480.30463509,-2691.10098608,-624.233041511));
#72094=CARTESIAN_POINT('Control Point',(9481.322245859999,-2687.83361346,-621.862094544));
#72095=CARTESIAN_POINT('Control Point',(9480.99440628,-2691.51762385,-622.734213006));
#72096=CARTESIAN_POINT('Control Point',(9481.7609601,-2688.25972342,-620.225020851));
#72097=CARTESIAN_POINT('Control Point',(9481.432844999999,-2691.94413459,-621.095340413));
#72098=CARTESIAN_POINT('Control Point',(9481.90904896,-2688.47154551,-619.383721467));
#72099=CARTESIAN_POINT('Control Point',(9481.58078256,-2692.15616461,-620.253103279));
#72100=CARTESIAN_POINT('Control Point',(9481.98347856,-2688.67977536,-618.528591644));
#72101=CARTESIAN_POINT('Control Point',(9481.65504883,-2692.36460769,-619.397007252));
#72102=CARTESIAN_POINT('Control Point',(9481.98300613,-2688.8821589,-617.6686404009999));
#72103=CARTESIAN_POINT('Control Point',(9481.654402689999,-2692.56720749,-618.536071474));
#72104=B_SPLINE_CURVE_WITH_KNOTS('',5,(#72105,#72106,#72107,#72108,#72109,#72110,#72111,#72112,#72113,#72114,#72115,#72116,#72117,#72118,#72119,#72120,#72121,#72122,#72123,#72124,#72125),.UNSPECIFIED.,.F.,.U.,(6,3,3,3,3,3,6),(0.,5.00684705303,9.99751636322,14.8793419797,17.2574957003,21.8783644601,27.2070744256),.UNSPECIFIED.);
#72105=CARTESIAN_POINT('Control Point',(9469.111926670001,-2684.79763096,-630.059402706));
#72106=CARTESIAN_POINT('Control Point',(9469.81890527,-2684.85824453,-630.069059903));
#72107=CARTESIAN_POINT('Control Point',(9470.523884570001,-2684.92990395,-630.031628376));
#72108=CARTESIAN_POINT('Control Point',(9471.224831150001,-2685.01235703,-629.947444462));
#72109=CARTESIAN_POINT('Control Point',(9472.606913539999,-2685.19761586,-629.686385908));
#72110=CARTESIAN_POINT('Control Point',(9473.94149033,-2685.42229661,-629.242305858));
#72111=CARTESIAN_POINT('Control Point',(9474.591201200001,-2685.54362777,-628.975989318));
#72112=CARTESIAN_POINT('Control Point',(9475.842177480001,-2685.80180948,-628.360074888));
#72113=CARTESIAN_POINT('Control Point',(9477.00644255,-2686.0932066,-627.5719695830001));
#72114=CARTESIAN_POINT('Control Point',(9477.559844580001,-2686.2455902,-627.138959612));
#72115=CARTESIAN_POINT('Control Point',(9478.337921419999,-2686.48215165,-626.436093563));
#72116=CARTESIAN_POINT('Control Point',(9479.044135710001,-2686.73289754,-625.645989342));
#72117=CARTESIAN_POINT('Control Point',(9479.267855980001,-2686.81668346,-625.377301491));
#72118=CARTESIAN_POINT('Control Point',(9479.89791591,-2687.06615808,-624.56347268));
#72119=CARTESIAN_POINT('Control Point',(9480.44776884,-2687.32610885,-623.674527296));
#72120=CARTESIAN_POINT('Control Point',(9480.77317844,-2687.50198014,-623.05511742));
#72121=CARTESIAN_POINT('Control Point',(9481.377458819999,-2687.88379435,-621.67069832));
#72122=CARTESIAN_POINT('Control Point',(9481.770137719999,-2688.27303388,-620.17210485));
#72123=CARTESIAN_POINT('Control Point',(9481.911991909999,-2688.47986016,-619.349564489));
#72124=CARTESIAN_POINT('Control Point',(9481.983469119999,-2688.6838171,-618.511417829));
#72125=CARTESIAN_POINT('Control Point',(9481.98300613,-2688.8821589,-617.6686404009999));
#72126=CARTESIAN_POINT('Vertex',(9469.111926670001,-2684.79763096,-630.059402706));
#72127=VERTEX_POINT('',#72126);
#72128=EDGE_CURVE('',#72127,#72046,#72104,.T.);
#72129=B_SPLINE_CURVE_WITH_KNOTS('',5,(#72130,#72131,#72132,#72133,#72134,#72135,#72136,#72137,#72138,#72139,#72140,#72141,#72142,#72143,#72144,#72145,#72146,#72147,#72148,#72149,#72150),.UNSPECIFIED.,.F.,.U.,(6,3,3,3,3,3,6),(0.,5.00393967269,9.99177606908,14.8713989913,17.2487598444,21.868661058,27.2071139743),.UNSPECIFIED.);
#72130=CARTESIAN_POINT('Control Point',(9468.784209130001,-2688.4799226,-630.9387942659999));
#72131=CARTESIAN_POINT('Control Point',(9469.490868070001,-2688.5404771,-630.948579668));
#72132=CARTESIAN_POINT('Control Point',(9470.195520249999,-2688.6120767,-630.911276774));
#72133=CARTESIAN_POINT('Control Point',(9470.89613519,-2688.69446962,-630.82722131));
#72134=CARTESIAN_POINT('Control Point',(9472.27757423,-2688.87961077,-630.566416127));
#72135=CARTESIAN_POINT('Control Point',(9473.61154288,-2689.10418012,-630.122576677));
#72136=CARTESIAN_POINT('Control Point',(9474.26096105,-2689.22545678,-629.856379779));
#72137=CARTESIAN_POINT('Control Point',(9475.51149037,-2689.48355664,-629.240642879));
#72138=CARTESIAN_POINT('Control Point',(9476.67538715,-2689.77488767,-628.452679554));
#72139=CARTESIAN_POINT('Control Point',(9477.22867221,-2689.92725543,-628.01969381));
#72140=CARTESIAN_POINT('Control Point',(9478.006642689999,-2690.16380999,-627.316819733));
#72141=CARTESIAN_POINT('Control Point',(9478.71283572,-2690.41457257,-626.526641331));
#72142=CARTESIAN_POINT('Control Point',(9478.93656597,-2690.49836988,-626.257910752));
#72143=CARTESIAN_POINT('Control Point',(9479.56676236,-2690.7479163,-625.443835586));
#72144=CARTESIAN_POINT('Control Point',(9480.116806510001,-2691.0079622,-624.5545670819999));
#72145=CARTESIAN_POINT('Control Point',(9480.44240813,-2691.18392967,-623.934828253));
#72146=CARTESIAN_POINT('Control Point',(9481.047764929999,-2691.5663585,-622.54823088));
#72147=CARTESIAN_POINT('Control Point',(9481.4412402,-2691.95632636,-621.046867765));
#72148=CARTESIAN_POINT('Control Point',(9481.583457950001,-2692.16374117,-620.221976065));
#72149=CARTESIAN_POINT('Control Point',(9481.65503708,-2692.36829071,-619.381356464));
#72150=CARTESIAN_POINT('Control Point',(9481.654402689999,-2692.56720749,-618.536071474));
#72151=CARTESIAN_POINT('Vertex',(9468.784209130001,-2688.4799226,-630.9387942659999));
#72152=VERTEX_POINT('',#72151);
#72153=EDGE_CURVE('',#72152,#72054,#72129,.T.);
#72154=B_SPLINE_CURVE_WITH_KNOTS('',1,(#72155,#72156),.UNSPECIFIED.,.F.,.U.,(2,2),(-3.79999999999,3.15754563308E-014),.UNSPECIFIED.);
#72155=CARTESIAN_POINT('Control Point',(9469.111926670001,-2684.79763096,-630.059402706));
#72156=CARTESIAN_POINT('Control Point',(9468.784209130001,-2688.4799226,-630.9387942659999));
#72157=EDGE_CURVE('',#72127,#72152,#72154,.T.);
#72158=EDGE_LOOP('',(#72159,#72160,#72161,#72162));
#72159=ORIENTED_EDGE('',*,*,#72128,.T.);
#72160=ORIENTED_EDGE('',*,*,#72059,.T.);
#72161=ORIENTED_EDGE('',*,*,#72153,.F.);
#72162=ORIENTED_EDGE('',*,*,#72157,.F.);
#72163=FACE_OUTER_BOUND('',#72158,.T.);
#72164=ADVANCED_FACE('PartBody',(#72163),#72067,.T.);
#72165=B_SPLINE_SURFACE_WITH_KNOTS('',5,1,((#72166,#72167),(#72168,#72169),(#72170,#72171),(#72172,#72173),(#72174,#72175),(#72176,#72177)),.UNSPECIFIED.,.F.,.F.,.U.,(6,6),(2,2),(0.,37.1377081935),(-3.8,1.40823418823E-013),.UNSPECIFIED.);
#72166=CARTESIAN_POINT('Control Point',(9469.111926670001,-2684.79763096,-630.059402706));
#72167=CARTESIAN_POINT('Control Point',(9468.784209130001,-2688.4799226,-630.9387942659999));
#72168=CARTESIAN_POINT('Control Point',(9466.09048438,-2684.53858437,-630.018130362));
#72169=CARTESIAN_POINT('Control Point',(9465.76237825,-2688.22097808,-630.8969497099999));
#72170=CARTESIAN_POINT('Control Point',(9463.08295131,-2684.28044358,-629.976583699));
#72171=CARTESIAN_POINT('Control Point',(9462.754459,-2687.96293898,-630.854832636));
#72172=CARTESIAN_POINT('Control Point',(9460.082706069999,-2684.02254136,-629.9351257439999));
#72173=CARTESIAN_POINT('Control Point',(9459.75382921,-2687.70513818,-630.812805336));
#72174=CARTESIAN_POINT('Control Point',(9457.08039865,-2683.76404576,-629.893745656));
#72175=CARTESIAN_POINT('Control Point',(9456.75113766,-2687.446744,-630.770855318));
#72176=CARTESIAN_POINT('Control Point',(9454.079155109999,-2683.50525279,-629.852378158));
#72177=CARTESIAN_POINT('Control Point',(9453.74951078,-2687.18805239,-630.728917767));
#72178=B_SPLINE_CURVE_WITH_KNOTS('',4,(#72179,#72180,#72181,#72182,#72183),.UNSPECIFIED.,.F.,.U.,(5,5),(0.,40.0738179506),.UNSPECIFIED.);
#72179=CARTESIAN_POINT('Control Point',(9454.079155109999,-2683.50525279,-629.852378158));
#72180=CARTESIAN_POINT('Control Point',(9457.83162477,-2683.82882293,-629.904100146));
#72181=CARTESIAN_POINT('Control Point',(9461.585715810001,-2684.15188534,-629.955832161));
#72182=CARTESIAN_POINT('Control Point',(9465.337749009999,-2684.4740478,-630.007848136));
#72183=CARTESIAN_POINT('Control Point',(9469.111926670001,-2684.79763096,-630.059402706));
#72184=CARTESIAN_POINT('Vertex',(9454.079155109999,-2683.50525279,-629.852378158));
#72185=VERTEX_POINT('',#72184);
#72186=EDGE_CURVE('',#72185,#72127,#72178,.T.);
#72187=B_SPLINE_CURVE_WITH_KNOTS('',4,(#72188,#72189,#72190,#72191,#72192),.UNSPECIFIED.,.F.,.U.,(5,5),(0.,40.0738179506),.UNSPECIFIED.);
#72188=CARTESIAN_POINT('Control Point',(9453.74951078,-2687.18805239,-630.728917767));
#72189=CARTESIAN_POINT('Control Point',(9457.502459740001,-2687.5114958,-630.781352495));
#72190=CARTESIAN_POINT('Control Point',(9461.257031360001,-2687.83443138,-630.833797005));
#72191=CARTESIAN_POINT('Control Point',(9465.009546060001,-2688.15646693,-630.886524928));
#72192=CARTESIAN_POINT('Control Point',(9468.784209130001,-2688.4799226,-630.9387942659999));
#72193=CARTESIAN_POINT('Vertex',(9453.74951078,-2687.18805239,-630.728917767));
#72194=VERTEX_POINT('',#72193);
#72195=EDGE_CURVE('',#72194,#72152,#72187,.T.);
#72196=B_SPLINE_CURVE_WITH_KNOTS('',1,(#72197,#72198),.UNSPECIFIED.,.F.,.U.,(2,2),(-3.8,1.40823418823E-013),.UNSPECIFIED.);
#72197=CARTESIAN_POINT('Control Point',(9454.079155109999,-2683.50525279,-629.852378158));
#72198=CARTESIAN_POINT('Control Point',(9453.74951078,-2687.18805239,-630.728917767));
#72199=EDGE_CURVE('',#72185,#72194,#72196,.T.);
#72200=EDGE_LOOP('',(#72201,#72202,#72203,#72204));
#72201=ORIENTED_EDGE('',*,*,#72186,.T.);
#72202=ORIENTED_EDGE('',*,*,#72157,.T.);
#72203=ORIENTED_EDGE('',*,*,#72195,.F.);
#72204=ORIENTED_EDGE('',*,*,#72199,.F.);
#72205=FACE_OUTER_BOUND('',#72200,.T.);
#72206=ADVANCED_FACE('PartBody',(#72205),#72165,.F.);
#72207=B_SPLINE_SURFACE_WITH_KNOTS('',5,5,((#72208,#72209,#72210,#72211,#72212,#72213),(#72214,#72215,#72216,#72217,#72218,#72219),(#72220,#72221,#72222,#72223,#72224,#72225),(#72226,#72227,#72228,#72229,#72230,#72231),(#72232,#72233,#72234,#72235,#72236,#72237),(#72238,#72239,#72240,#72241,#72242,#72243)),.UNSPECIFIED.,.F.,.F.,.U.,(6,6),(6,6),(-1635.67590543,-1604.72980964),(-1140.04775163,-1066.77444321),.UNSPECIFIED.);
#72208=CARTESIAN_POINT('Control Point',(9484.08436133,-2688.36291073,-637.069087269));
#72209=CARTESIAN_POINT('Control Point',(9469.49170346,-2686.95730863,-637.560712574));
#72210=CARTESIAN_POINT('Control Point',(9454.900377149999,-2685.54299962,-638.054995504));
#72211=CARTESIAN_POINT('Control Point',(9440.31036306,-2684.12013848,-638.551890973));
#72212=CARTESIAN_POINT('Control Point',(9425.721646239999,-2682.68885,-639.0513627190001));
#72213=CARTESIAN_POINT('Control Point',(9411.134215440001,-2681.24923311,-639.55338206));
#72214=CARTESIAN_POINT('Control Point',(9483.52274821,-2689.99294469,-630.116623836));
#72215=CARTESIAN_POINT('Control Point',(9468.93078465,-2688.58295616,-630.609575379));
#72216=CARTESIAN_POINT('Control Point',(9454.340153650001,-2687.16425845,-631.105185341));
#72217=CARTESIAN_POINT('Control Point',(9439.75083626,-2685.73700345,-631.603409498));
#72218=CARTESIAN_POINT('Control Point',(9425.16281785,-2684.30131355,-632.10421231));
#72219=CARTESIAN_POINT('Control Point',(9410.57608742,-2682.85728568,-632.6075656960001));
#72220=CARTESIAN_POINT('Control Point',(9482.96452311,-2691.60135782,-623.170726364));
#72221=CARTESIAN_POINT('Control Point',(9468.37324818,-2690.18701928,-623.664992893));
#72222=CARTESIAN_POINT('Control Point',(9453.78330684,-2688.76396913,-624.161918702));
#72223=CARTESIAN_POINT('Control Point',(9439.19468052,-2687.3323561,-624.661460453));
#72224=CARTESIAN_POINT('Control Point',(9424.607354940001,-2685.89230047,-625.163583241));
#72225=CARTESIAN_POINT('Control Point',(9410.021319310001,-2684.44389717,-625.668259649));
#72226=CARTESIAN_POINT('Control Point',(9482.409658840001,-2693.18832257,-616.231342602));
#72227=CARTESIAN_POINT('Control Point',(9467.819066870001,-2691.7696702,-616.726912939));
#72228=CARTESIAN_POINT('Control Point',(9453.22980963,-2690.34230338,-617.225143502));
#72229=CARTESIAN_POINT('Control Point',(9438.64186883,-2688.90636817,-617.725991757));
#72230=CARTESIAN_POINT('Control Point',(9424.055230420001,-2687.46198245,-618.229423526));
#72231=CARTESIAN_POINT('Control Point',(9409.469884030001,-2686.00923914,-618.735411989));
#72232=CARTESIAN_POINT('Control Point',(9481.858129030001,-2694.75400607,-609.298421928));
#72233=CARTESIAN_POINT('Control Point',(9467.26821441,-2693.33107584,-609.7952849759999));
#72234=CARTESIAN_POINT('Control Point',(9452.67963558,-2691.89942808,-610.29480922));
#72235=CARTESIAN_POINT('Control Point',(9438.0923747,-2690.45920629,-610.796952978));
#72236=CARTESIAN_POINT('Control Point',(9423.506418049999,-2689.0105258,-611.301682829));
#72237=CARTESIAN_POINT('Control Point',(9408.92175537,-2687.55347772,-611.808972442));
#72238=CARTESIAN_POINT('Control Point',(9481.30990814,-2696.29857048,-602.371915253));
#72239=CARTESIAN_POINT('Control Point',(9466.72066529,-2694.87139808,-602.870059993));
#72240=CARTESIAN_POINT('Control Point',(9452.132759350001,-2693.43550495,-603.37086697));
#72241=CARTESIAN_POINT('Control Point',(9437.54617286,-2691.99103184,-603.874295333));
#72242=CARTESIAN_POINT('Control Point',(9422.96089239,-2690.53809177,-604.380312355));
#72243=CARTESIAN_POINT('Control Point',(9408.376907919999,-2689.07677397,-604.888892275));
#72244=B_SPLINE_CURVE_WITH_KNOTS('',5,(#72245,#72246,#72247,#72248,#72249,#72250),.UNSPECIFIED.,.F.,.U.,(6,6),(203.854985204,268.414111586),.UNSPECIFIED.);
#72245=CARTESIAN_POINT('Control Point',(9411.03140982,-2681.5452722,-638.273502661));
#72246=CARTESIAN_POINT('Control Point',(9416.359512589999,-2682.00976374,-638.34862275));
#72247=CARTESIAN_POINT('Control Point',(9421.69750871,-2682.47394751,-638.423724097));
#72248=CARTESIAN_POINT('Control Point',(9427.005847279999,-2682.93437951,-638.498238929));
#72249=CARTESIAN_POINT('Control Point',(9432.30884686,-2683.39319626,-638.5724911029999));
#72250=CARTESIAN_POINT('Control Point',(9437.59218018,-2683.84916466,-638.646268731));
#72251=CARTESIAN_POINT('Vertex',(9437.59219118,-2683.8491692,-638.6462682489999));
#72252=VERTEX_POINT('',#72251);
#72253=EDGE_CURVE('',#71755,#72252,#72244,.T.);
#72254=B_SPLINE_CURVE_WITH_KNOTS('',5,(#72255,#72256,#72257,#72258,#72259,#72260),.UNSPECIFIED.,.F.,.U.,(6,6),(5.12657288635E-006,26.3098509058),.UNSPECIFIED.);
#72255=CARTESIAN_POINT('Control Point',(9437.59218806,-2683.84916625,-638.646265059));
#72256=CARTESIAN_POINT('Control Point',(9439.885327759999,-2684.80516471,-635.516941348));
#72257=CARTESIAN_POINT('Control Point',(9442.90272944,-2685.65533931,-633.085708848));
#72258=CARTESIAN_POINT('Control Point',(9446.35398561,-2686.34870714,-631.471614115));
#72259=CARTESIAN_POINT('Control Point',(9450.034292779999,-2686.86786082,-630.677010061));
#72260=CARTESIAN_POINT('Control Point',(9453.74951078,-2687.18805239,-630.728917767));
#72261=EDGE_CURVE('',#72252,#72194,#72254,.T.);
#72262=EDGE_LOOP('',(#72263,#72264,#72265,#72266,#72267,#72268,#72269,#72270));
#72263=ORIENTED_EDGE('',*,*,#71839,.F.);
#72264=ORIENTED_EDGE('',*,*,#72253,.T.);
#72265=ORIENTED_EDGE('',*,*,#72261,.T.);
#72266=ORIENTED_EDGE('',*,*,#72195,.T.);
#72267=ORIENTED_EDGE('',*,*,#72153,.T.);
#72268=ORIENTED_EDGE('',*,*,#72055,.T.);
#72269=ORIENTED_EDGE('',*,*,#72015,.T.);
#72270=ORIENTED_EDGE('',*,*,#71953,.T.);
#72271=FACE_OUTER_BOUND('',#72262,.T.);
#72272=ADVANCED_FACE('PartBody',(#72271),#72207,.T.);
#72273=B_SPLINE_SURFACE_WITH_KNOTS('',4,4,((#72274,#72275,#72276,#72277,#72278),(#72279,#72280,#72281,#72282,#72283),(#72284,#72285,#72286,#72287,#72288),(#72289,#72290,#72291,#72292,#72293),(#72294,#72295,#72296,#72297,#72298)),.UNSPECIFIED.,.F.,.F.,.U.,(5,5),(5,5),(-1766.28785371,-1631.77599634),(-1156.77716485,-991.164652409),.UNSPECIFIED.);
#72274=CARTESIAN_POINT('Control Point',(9513.1713626,-2652.30781447,-784.72236384));
#72275=CARTESIAN_POINT('Control Point',(9471.89374279,-2648.64974035,-786.0209996040001));
#72276=CARTESIAN_POINT('Control Point',(9430.627532529999,-2644.91625763,-787.3426873449999));
#72277=CARTESIAN_POINT('Control Point',(9389.37182747,-2641.1141786,-788.685356083));
#72278=CARTESIAN_POINT('Control Point',(9348.12640098,-2637.2457365,-790.0483776360001));
#72279=CARTESIAN_POINT('Control Point',(9509.80275583,-2663.06604881,-746.225452095));
#72280=CARTESIAN_POINT('Control Point',(9468.53756031,-2659.33118232,-747.547889988));
#72281=CARTESIAN_POINT('Control Point',(9427.2837624,-2655.52104722,-748.893309618));
#72282=CARTESIAN_POINT('Control Point',(9386.040516720001,-2651.64207716,-750.2597809489999));
#72283=CARTESIAN_POINT('Control Point',(9344.80765561,-2647.69612671,-751.646816744));
#72284=CARTESIAN_POINT('Control Point',(9506.55502539,-2673.06210845,-707.9683720100001));
#72285=CARTESIAN_POINT('Control Point',(9465.30170529,-2669.25389975,-709.313488293));
#72286=CARTESIAN_POINT('Control Point',(9424.05974309,-2665.37074987,-710.681472528));
#72287=CARTESIAN_POINT('Control Point',(9382.828419420001,-2661.41831853,-712.070684155));
#72288=CARTESIAN_POINT('Control Point',(9341.607599479999,-2657.39825019,-713.4806664180001));
#72289=CARTESIAN_POINT('Control Point',(9503.420502680001,-2682.34401631,-669.936116424));
#72290=CARTESIAN_POINT('Control Point',(9462.178532170001,-2678.46582988,-671.30282556));
#72291=CARTESIAN_POINT('Control Point',(9420.947932880001,-2674.51280157,-672.692395316));
#72292=CARTESIAN_POINT('Control Point',(9379.728069270001,-2670.48997825,-674.103364431));
#72293=CARTESIAN_POINT('Control Point',(9338.518792930001,-2666.39899978,-675.535261077));
#72294=CARTESIAN_POINT('Control Point',(9500.393667050001,-2690.94632414,-632.11803897));
#72295=CARTESIAN_POINT('Control Point',(9459.16254336,-2687.00143873,-633.505293624));
#72296=CARTESIAN_POINT('Control Point',(9417.94281586,-2682.98169223,-634.9154452080001));
#72297=CARTESIAN_POINT('Control Point',(9376.73389933,-2678.89175538,-636.347120309));
#72298=CARTESIAN_POINT('Control Point',(9335.535695680001,-2674.73289188,-637.799934943));
#72299=B_SPLINE_CURVE_WITH_KNOTS('',3,(#72300,#72301,#72302,#72303),.UNSPECIFIED.,.F.,.U.,(4,4),(223.3729428,308.835753418),.UNSPECIFIED.);
#72300=CARTESIAN_POINT('Control Point',(9411.09580779,-2644.13185689,-784.29252797));
#72301=CARTESIAN_POINT('Control Point',(9421.65162515,-2644.97994974,-784.389777076));
#72302=CARTESIAN_POINT('Control Point',(9432.18104175,-2645.82070475,-784.4862275850001));
#72303=CARTESIAN_POINT('Control Point',(9442.7127793,-2646.6563505,-784.582158222));
#72304=CARTESIAN_POINT('Vertex',(9442.712785920001,-2646.65635101,-784.582158323));
#72305=VERTEX_POINT('',#72304);
#72306=EDGE_CURVE('',#71564,#72305,#72299,.T.);
#72307=B_SPLINE_CURVE_WITH_KNOTS('',5,(#72308,#72309,#72310,#72311,#72312,#72313,#72314,#72315,#72316,#72317,#72318,#72319),.UNSPECIFIED.,.F.,.U.,(6,3,3,6),(0.,4.78250012002,14.3481933692,23.8754918531),.UNSPECIFIED.);
#72308=CARTESIAN_POINT('Control Point',(9442.712785920001,-2646.65635101,-784.582158323));
#72309=CARTESIAN_POINT('Control Point',(9442.1130158,-2646.72247479,-784.174375241));
#72310=CARTESIAN_POINT('Control Point',(9441.5268971,-2646.79790592,-783.737200092));
#72311=CARTESIAN_POINT('Control Point',(9440.95818012,-2646.88248922,-783.272192376));
#72312=CARTESIAN_POINT('Control Point',(9439.302561840001,-2647.16506081,-781.788090457));
#72313=CARTESIAN_POINT('Control Point',(9437.83527643,-2647.53140535,-780.05622686));
#72314=CARTESIAN_POINT('Control Point',(9436.956683570001,-2647.81277962,-778.795800276));
#72315=CARTESIAN_POINT('Control Point',(9435.449498309999,-2648.44419382,-776.096710892));
#72316=CARTESIAN_POINT('Control Point',(9434.49430212,-2649.19613851,-773.115085682));
#72317=CARTESIAN_POINT('Control Point',(9434.173493190001,-2649.59568369,-771.58227258));
#72318=CARTESIAN_POINT('Control Point',(9434.014707169999,-2650.01147961,-770.03535191));
#72319=CARTESIAN_POINT('Control Point',(9434.01385444,-2650.4358513,-768.501206802));
#72320=CARTESIAN_POINT('Vertex',(9434.01385444,-2650.4358513,-768.501206802));
#72321=VERTEX_POINT('',#72320);
#72322=EDGE_CURVE('',#72305,#72321,#72307,.T.);
#72323=B_SPLINE_CURVE_WITH_KNOTS('',3,(#72324,#72325,#72326,#72327),.UNSPECIFIED.,.F.,.U.,(4,4),(0.,219.025921821),.UNSPECIFIED.);
#72324=CARTESIAN_POINT('Control Point',(9434.01385444,-2650.4358513,-768.501206802));
#72325=CARTESIAN_POINT('Control Point',(9433.99181055,-2661.41304561,-728.817581625));
#72326=CARTESIAN_POINT('Control Point',(9433.970268249999,-2671.55038134,-689.254196059));
#72327=CARTESIAN_POINT('Control Point',(9433.94929896,-2680.89884928,-649.8026450150001));
#72328=CARTESIAN_POINT('Vertex',(9433.94929896,-2680.89884928,-649.8026450150001));
#72329=VERTEX_POINT('',#72328);
#72330=EDGE_CURVE('',#72321,#72329,#72323,.T.);
#72331=B_SPLINE_CURVE_WITH_KNOTS('',5,(#72332,#72333,#72334,#72335,#72336,#72337),.UNSPECIFIED.,.F.,.U.,(6,6),(0.,15.5390451305),.UNSPECIFIED.);
#72332=CARTESIAN_POINT('Control Point',(9433.94929896,-2680.89884928,-649.8026450150001));
#72333=CARTESIAN_POINT('Control Point',(9433.947984910001,-2681.4841707,-647.3325245459999));
#72334=CARTESIAN_POINT('Control Point',(9434.34853797,-2682.09645942,-644.8892141));
#72335=CARTESIAN_POINT('Control Point',(9435.137016180001,-2682.70814125,-642.585392934));
#72336=CARTESIAN_POINT('Control Point',(9436.2364973,-2683.2953551,-640.497685301));
#72337=CARTESIAN_POINT('Control Point',(9437.59218553,-2683.84916855,-638.6462688730001));
#72338=EDGE_CURVE('',#72329,#72252,#72331,.T.);
#72339=EDGE_LOOP('',(#72340,#72341,#72342,#72343,#72344,#72345));
#72340=ORIENTED_EDGE('',*,*,#71756,.F.);
#72341=ORIENTED_EDGE('',*,*,#72306,.T.);
#72342=ORIENTED_EDGE('',*,*,#72322,.T.);
#72343=ORIENTED_EDGE('',*,*,#72330,.T.);
#72344=ORIENTED_EDGE('',*,*,#72338,.T.);
#72345=ORIENTED_EDGE('',*,*,#72253,.F.);
#72346=FACE_OUTER_BOUND('',#72339,.T.);
#72347=ADVANCED_FACE('PartBody',(#72346),#72273,.T.);
#72348=B_SPLINE_SURFACE_WITH_KNOTS('',5,1,((#72349,#72350),(#72351,#72352),(#72353,#72354),(#72355,#72356),(#72357,#72358),(#72359,#72360),(#72361,#72362),(#72363,#72364),(#72365,#72366),(#72367,#72368),(#72369,#72370),(#72371,#72372),(#72373,#72374),(#72375,#72376),(#72377,#72378)),.UNSPECIFIED.,.F.,.F.,.U.,(6,3,3,3,6),(2,2),(0.,3.72422676947,7.44535445782,13.0392017597,18.6219614348),(-3.8,1.84679857613E-013),.UNSPECIFIED.);
#72349=CARTESIAN_POINT('Control Point',(9482.17419439,-2641.37044321,-799.9673814929999));
#72350=CARTESIAN_POINT('Control Point',(9481.88421701,-2645.00268662,-801.045676858));
#72351=CARTESIAN_POINT('Control Point',(9482.173718080001,-2641.62256248,-799.1179883779999));
#72352=CARTESIAN_POINT('Control Point',(9481.88355248,-2645.25508665,-800.195287374));
#72353=CARTESIAN_POINT('Control Point',(9482.09783201,-2641.8701789,-798.26242052));
#72354=CARTESIAN_POINT('Control Point',(9481.8074677,-2645.5029888,-799.338702338));
#72355=CARTESIAN_POINT('Control Point',(9481.944803140001,-2642.11025476,-797.410350483));
#72356=CARTESIAN_POINT('Control Point',(9481.65423154,-2645.74335218,-798.485605361));
#72357=CARTESIAN_POINT('Control Point',(9481.48840772,-2642.56664018,-795.743578547));
#72358=CARTESIAN_POINT('Control Point',(9481.1974116,-2646.20030604,-796.816796359));
#72359=CARTESIAN_POINT('Control Point',(9480.757860019999,-2642.96648541,-794.18958491));
#72360=CARTESIAN_POINT('Control Point',(9480.46643108,-2646.60069299,-795.260848647));
#72361=CARTESIAN_POINT('Control Point',(9480.329172350001,-2643.14977391,-793.450713235));
#72362=CARTESIAN_POINT('Control Point',(9480.03752774,-2646.78424223,-794.521033239));
#72363=CARTESIAN_POINT('Control Point',(9479.12235883,-2643.56318721,-791.71657984));
#72364=CARTESIAN_POINT('Control Point',(9478.83018366,-2647.19827535,-792.784648751));
#72365=CARTESIAN_POINT('Control Point',(9477.63046866,-2643.8605081,-790.2943885460001));
#72366=CARTESIAN_POINT('Control Point',(9477.33779736,-2647.49612467,-791.360520693));
#72367=CARTESIAN_POINT('Control Point',(9476.65806467,-2643.9966755,-789.562365948));
#72368=CARTESIAN_POINT('Control Point',(9476.36511314,-2647.63257244,-790.627464236));
#72369=CARTESIAN_POINT('Control Point',(9474.607450400001,-2644.1873845,-788.345890714));
#72370=CARTESIAN_POINT('Control Point',(9474.31398038,-2647.82376554,-789.409192156));
#72371=CARTESIAN_POINT('Control Point',(9472.40098287,-2644.22293486,-787.613974244));
#72372=CARTESIAN_POINT('Control Point',(9472.10708276,-2647.85964853,-788.676018015));
#72373=CARTESIAN_POINT('Control Point',(9471.28099967,-2644.20331395,-787.370954868));
#72374=CARTESIAN_POINT('Control Point',(9470.98690971,-2647.8401547,-788.43251066));
#72375=CARTESIAN_POINT('Control Point',(9470.15837044,-2644.14908276,-787.245538241));
#72376=CARTESIAN_POINT('Control Point',(9469.864116389999,-2647.7860126,-788.306743173));
#72377=CARTESIAN_POINT('Control Point',(9469.04230284,-2644.06159602,-787.23576114));
#72378=CARTESIAN_POINT('Control Point',(9468.747911160001,-2647.69857727,-788.296751681));
#72379=B_SPLINE_CURVE_WITH_KNOTS('',5,(#72380,#72381,#72382,#72383,#72384,#72385,#72386,#72387,#72388,#72389,#72390,#72391),.UNSPECIFIED.,.F.,.U.,(6,3,3,6),(0.,10.6102481732,17.4123647555,26.3494248997),.UNSPECIFIED.);
#72380=CARTESIAN_POINT('Control Point',(9482.17419439,-2641.37044321,-799.9673814929999));
#72381=CARTESIAN_POINT('Control Point',(9482.173234850001,-2641.87834584,-798.256250872));
#72382=CARTESIAN_POINT('Control Point',(9481.86623655,-2642.36797439,-796.520061019));
#72383=CARTESIAN_POINT('Control Point',(9481.237879509999,-2642.80863169,-794.8572702930001));
#72384=CARTESIAN_POINT('Control Point',(9479.785663320001,-2643.41415656,-792.405730924));
#72385=CARTESIAN_POINT('Control Point',(9477.83875135,-2643.8167875,-790.500415322));
#72386=CARTESIAN_POINT('Control Point',(9477.017152070001,-2643.94311379,-789.843780879));
#72387=CARTESIAN_POINT('Control Point',(9475.01876839,-2644.16425148,-788.538623366));
#72388=CARTESIAN_POINT('Control Point',(9472.841189459999,-2644.22871257,-787.71610619));
#72389=CARTESIAN_POINT('Control Point',(9471.577396299999,-2644.21704747,-787.4060682640001));
#72390=CARTESIAN_POINT('Control Point',(9470.30564576,-2644.16062743,-787.2468284190001));
#72391=CARTESIAN_POINT('Control Point',(9469.04230284,-2644.06159602,-787.23576114));
#72392=CARTESIAN_POINT('Vertex',(9482.17419439,-2641.37044321,-799.9673814929999));
#72393=VERTEX_POINT('',#72392);
#72394=CARTESIAN_POINT('Vertex',(9469.04230284,-2644.06159602,-787.23576114));
#72395=VERTEX_POINT('',#72394);
#72396=EDGE_CURVE('',#72393,#72395,#72379,.T.);
#72397=B_SPLINE_CURVE_WITH_KNOTS('',1,(#72398,#72399),.UNSPECIFIED.,.F.,.U.,(2,2),(-3.8,1.1485065772E-013),.UNSPECIFIED.);
#72398=CARTESIAN_POINT('Control Point',(9469.04230284,-2644.06159602,-787.23576114));
#72399=CARTESIAN_POINT('Control Point',(9468.747911160001,-2647.69857727,-788.296751681));
#72400=CARTESIAN_POINT('Vertex',(9468.747911160001,-2647.69857727,-788.296751681));
#72401=VERTEX_POINT('',#72400);
#72402=EDGE_CURVE('',#72395,#72401,#72397,.T.);
#72403=B_SPLINE_CURVE_WITH_KNOTS('',5,(#72404,#72405,#72406,#72407,#72408,#72409,#72410,#72411,#72412,#72413,#72414,#72415),.UNSPECIFIED.,.F.,.U.,(6,3,3,6),(0.,10.6094917832,17.4098916977,26.3494229654),.UNSPECIFIED.);
#72404=CARTESIAN_POINT('Control Point',(9481.88421701,-2645.00268662,-801.045676858));
#72405=CARTESIAN_POINT('Control Point',(9481.8828784,-2645.51111861,-799.332661146));
#72406=CARTESIAN_POINT('Control Point',(9481.57550207,-2646.00129925,-797.594505335));
#72407=CARTESIAN_POINT('Control Point',(9480.94679281,-2646.4425053,-795.929761382));
#72408=CARTESIAN_POINT('Control Point',(9479.494151000001,-2647.04883595,-793.475371783));
#72409=CARTESIAN_POINT('Control Point',(9477.54697858,-2647.45217095,-791.567588355));
#72410=CARTESIAN_POINT('Control Point',(9476.725395290001,-2647.57874426,-790.910116626));
#72411=CARTESIAN_POINT('Control Point',(9474.72650214,-2647.80048822,-789.602750934));
#72412=CARTESIAN_POINT('Control Point',(9472.548418800001,-2647.8653835,-788.778609192));
#72413=CARTESIAN_POINT('Control Point',(9471.2840535,-2647.85389519,-788.467807334));
#72414=CARTESIAN_POINT('Control Point',(9470.01175924,-2647.79757786,-788.308064769));
#72415=CARTESIAN_POINT('Control Point',(9468.747911160001,-2647.69857727,-788.296751681));
#72416=CARTESIAN_POINT('Vertex',(9481.88421701,-2645.00268662,-801.045676858));
#72417=VERTEX_POINT('',#72416);
#72418=EDGE_CURVE('',#72417,#72401,#72403,.T.);
#72419=B_SPLINE_CURVE_WITH_KNOTS('',1,(#72420,#72421),.UNSPECIFIED.,.F.,.U.,(2,2),(-3.8,1.84679857613E-013),.UNSPECIFIED.);
#72420=CARTESIAN_POINT('Control Point',(9482.17419439,-2641.37044321,-799.9673814929999));
#72421=CARTESIAN_POINT('Control Point',(9481.88421701,-2645.00268662,-801.045676858));
#72422=EDGE_CURVE('',#72393,#72417,#72419,.T.);
#72423=EDGE_LOOP('',(#72424,#72425,#72426,#72427));
#72424=ORIENTED_EDGE('',*,*,#72396,.T.);
#72425=ORIENTED_EDGE('',*,*,#72402,.T.);
#72426=ORIENTED_EDGE('',*,*,#72418,.F.);
#72427=ORIENTED_EDGE('',*,*,#72422,.F.);
#72428=FACE_OUTER_BOUND('',#72423,.T.);
#72429=ADVANCED_FACE('PartBody',(#72428),#72348,.T.);
#72430=B_SPLINE_SURFACE_WITH_KNOTS('',5,1,((#72431,#72432),(#72433,#72434),(#72435,#72436),(#72437,#72438),(#72439,#72440),(#72441,#72442)),.UNSPECIFIED.,.F.,.F.,.U.,(6,6),(2,2),(0.,31.3351020314),(-3.8,1.1485065772E-013),.UNSPECIFIED.);
#72431=CARTESIAN_POINT('Control Point',(9469.04230284,-2644.06159602,-787.23576114));
#72432=CARTESIAN_POINT('Control Point',(9468.747911160001,-2647.69857727,-788.296751681));
#72433=CARTESIAN_POINT('Control Point',(9466.137702280001,-2643.83390908,-787.210315931));
#72434=CARTESIAN_POINT('Control Point',(9465.84295238,-2647.47102411,-788.270748511));
#72435=CARTESIAN_POINT('Control Point',(9463.228634450001,-2643.60553373,-787.184784354));
#72436=CARTESIAN_POINT('Control Point',(9462.93352672,-2647.24278275,-788.2446577650001));
#72437=CARTESIAN_POINT('Control Point',(9460.317658309999,-2643.37666975,-787.159188355));
#72438=CARTESIAN_POINT('Control Point',(9460.02219342,-2647.01405288,-788.218501869));
#72439=CARTESIAN_POINT('Control Point',(9457.4073826,-2643.1475229,-787.133552183));
#72440=CARTESIAN_POINT('Control Point',(9457.1115615,-2646.78504013,-788.192305569));
#72441=CARTESIAN_POINT('Control Point',(9454.499866730001,-2642.9182576,-787.107895665));
#72442=CARTESIAN_POINT('Control Point',(9454.20369061,-2646.55590882,-788.166089083));
#72443=B_SPLINE_CURVE_WITH_KNOTS('',3,(#72444,#72445,#72446,#72447),.UNSPECIFIED.,.F.,.U.,(4,4),(0.,34.5480637243),.UNSPECIFIED.);
#72444=CARTESIAN_POINT('Control Point',(9469.04230284,-2644.06159602,-787.23576114));
#72445=CARTESIAN_POINT('Control Point',(9464.20012653,-2643.68202565,-787.193342162));
#72446=CARTESIAN_POINT('Control Point',(9459.34598504,-2643.30038682,-787.15065881));
#72447=CARTESIAN_POINT('Control Point',(9454.499866730001,-2642.9182576,-787.107895665));
#72448=CARTESIAN_POINT('Vertex',(9454.499866730001,-2642.9182576,-787.107895665));
#72449=VERTEX_POINT('',#72448);
#72450=EDGE_CURVE('',#72395,#72449,#72443,.T.);
#72451=B_SPLINE_CURVE_WITH_KNOTS('',1,(#72452,#72453),.UNSPECIFIED.,.F.,.U.,(2,2),(-3.8,3.10862446895E-014),.UNSPECIFIED.);
#72452=CARTESIAN_POINT('Control Point',(9454.499866730001,-2642.9182576,-787.107895665));
#72453=CARTESIAN_POINT('Control Point',(9454.20369061,-2646.55590882,-788.166089083));
#72454=CARTESIAN_POINT('Vertex',(9454.20369061,-2646.55590882,-788.166089083));
#72455=VERTEX_POINT('',#72454);
#72456=EDGE_CURVE('',#72449,#72455,#72451,.T.);
#72457=B_SPLINE_CURVE_WITH_KNOTS('',3,(#72458,#72459,#72460,#72461),.UNSPECIFIED.,.F.,.U.,(4,4),(0.,34.5480637243),.UNSPECIFIED.);
#72458=CARTESIAN_POINT('Control Point',(9468.747911160001,-2647.69857727,-788.296751681));
#72459=CARTESIAN_POINT('Control Point',(9463.90513768,-2647.31922992,-788.253402542));
#72460=CARTESIAN_POINT('Control Point',(9459.05040065,-2646.93781471,-788.209785558));
#72461=CARTESIAN_POINT('Control Point',(9454.20369061,-2646.55590882,-788.166089083));
#72462=EDGE_CURVE('',#72401,#72455,#72457,.T.);
#72463=EDGE_LOOP('',(#72464,#72465,#72466,#72467));
#72464=ORIENTED_EDGE('',*,*,#72450,.T.);
#72465=ORIENTED_EDGE('',*,*,#72456,.T.);
#72466=ORIENTED_EDGE('',*,*,#72462,.F.);
#72467=ORIENTED_EDGE('',*,*,#72402,.F.);
#72468=FACE_OUTER_BOUND('',#72463,.T.);
#72469=ADVANCED_FACE('PartBody',(#72468),#72430,.T.);
#72470=B_SPLINE_SURFACE_WITH_KNOTS('',5,1,((#72471,#72472),(#72473,#72474),(#72475,#72476),(#72477,#72478),(#72479,#72480),(#72481,#72482),(#72483,#72484),(#72485,#72486),(#72487,#72488)),.UNSPECIFIED.,.F.,.F.,.U.,(6,3,6),(2,2),(0.,7.10403895677,11.8452325542),(-3.8000135081,2.08539542079E-007),.UNSPECIFIED.);
#72471=CARTESIAN_POINT('Control Point',(9443.011276970001,-2643.0139549,-783.54101346));
#72472=CARTESIAN_POINT('Control Point',(9442.712785920001,-2646.65635101,-784.582158323));
#72473=CARTESIAN_POINT('Control Point',(9444.272119040001,-2642.87067772,-784.3942979460001));
#72474=CARTESIAN_POINT('Control Point',(9443.97398506,-2646.51237646,-785.437963925));
#72475=CARTESIAN_POINT('Control Point',(9445.59327666,-2642.76918072,-785.11833082));
#72476=CARTESIAN_POINT('Control Point',(9445.295478510001,-2646.41022017,-786.16437812));
#72477=CARTESIAN_POINT('Control Point',(9446.959638689999,-2642.70817484,-785.714007109));
#72478=CARTESIAN_POINT('Control Point',(9446.66215355,-2646.34859372,-786.762294084));
#72479=CARTESIAN_POINT('Control Point',(9449.28709772,-2642.67193946,-786.493787452));
#72480=CARTESIAN_POINT('Control Point',(9448.990093410001,-2646.31138957,-787.54556838));
#72481=CARTESIAN_POINT('Control Point',(9451.651509310001,-2642.74023421,-786.922184027));
#72482=CARTESIAN_POINT('Control Point',(9451.354913020001,-2646.37882646,-787.977054794));
#72483=CARTESIAN_POINT('Control Point',(9452.60130907,-2642.78377247,-787.038651078));
#72484=CARTESIAN_POINT('Control Point',(9452.30486441,-2646.42203888,-788.0946948770001));
#72485=CARTESIAN_POINT('Control Point',(9453.55211472,-2642.8432608,-787.100390351));
#72486=CARTESIAN_POINT('Control Point',(9453.25580981,-2646.48121894,-788.157543335));
#72487=CARTESIAN_POINT('Control Point',(9454.49986804,-2642.91824156,-787.107890997));
#72488=CARTESIAN_POINT('Control Point',(9454.203690599999,-2646.55590902,-788.166089141));
#72489=B_SPLINE_CURVE_WITH_KNOTS('',5,(#72490,#72491,#72492,#72493,#72494,#72495),.UNSPECIFIED.,.F.,.U.,(6,6),(0.,16.7530088553),.UNSPECIFIED.);
#72490=CARTESIAN_POINT('Control Point',(9454.499866730001,-2642.9182576,-787.107895665));
#72491=CARTESIAN_POINT('Control Point',(9452.13189337,-2642.73091404,-787.089154261));
#72492=CARTESIAN_POINT('Control Point',(9449.749065849999,-2642.64033942,-786.732804518));
#72493=CARTESIAN_POINT('Control Point',(9447.38393779,-2642.65221239,-786.0276540359999));
#72494=CARTESIAN_POINT('Control Point',(9445.113240299999,-2642.77509917,-784.963534265));
#72495=CARTESIAN_POINT('Control Point',(9443.011276970001,-2643.0139549,-783.54101346));
#72496=CARTESIAN_POINT('Vertex',(9443.011276970001,-2643.0139549,-783.54101346));
#72497=VERTEX_POINT('',#72496);
#72498=EDGE_CURVE('',#72449,#72497,#72489,.T.);
#72499=B_SPLINE_CURVE_WITH_KNOTS('',1,(#72500,#72501),.UNSPECIFIED.,.F.,.U.,(2,2),(-3.80001309103,2.08539542079E-007),.UNSPECIFIED.);
#72500=CARTESIAN_POINT('Control Point',(9443.01127694,-2643.0139553,-783.541013575));
#72501=CARTESIAN_POINT('Control Point',(9442.712785920001,-2646.65635101,-784.582158323));
#72502=EDGE_CURVE('',#72497,#72305,#72499,.T.);
#72503=B_SPLINE_CURVE_WITH_KNOTS('',5,(#72504,#72505,#72506,#72507,#72508,#72509),.UNSPECIFIED.,.F.,.U.,(6,6),(0.,16.7544195587),.UNSPECIFIED.);
#72504=CARTESIAN_POINT('Control Point',(9454.20369061,-2646.55590882,-788.166089083));
#72505=CARTESIAN_POINT('Control Point',(9451.83515293,-2646.36927531,-788.144735053));
#72506=CARTESIAN_POINT('Control Point',(9449.45182574,-2646.2795459,-787.7853258280001));
#72507=CARTESIAN_POINT('Control Point',(9447.086126149999,-2646.29240098,-787.076622876));
#72508=CARTESIAN_POINT('Control Point',(9444.815119299999,-2646.41635486,-786.008728063));
#72509=CARTESIAN_POINT('Control Point',(9442.71278596,-2646.65635061,-784.582158209));
#72510=EDGE_CURVE('',#72455,#72305,#72503,.T.);
#72511=EDGE_LOOP('',(#72512,#72513,#72514,#72515));
#72512=ORIENTED_EDGE('',*,*,#72498,.T.);
#72513=ORIENTED_EDGE('',*,*,#72502,.T.);
#72514=ORIENTED_EDGE('',*,*,#72510,.F.);
#72515=ORIENTED_EDGE('',*,*,#72456,.F.);
#72516=FACE_OUTER_BOUND('',#72511,.T.);
#72517=ADVANCED_FACE('PartBody',(#72516),#72470,.F.);
#72518=B_SPLINE_SURFACE_WITH_KNOTS('',5,1,((#72519,#72520),(#72521,#72522),(#72523,#72524),(#72525,#72526),(#72527,#72528),(#72529,#72530),(#72531,#72532),(#72533,#72534),(#72535,#72536),(#72537,#72538),(#72539,#72540),(#72541,#72542)),.UNSPECIFIED.,.F.,.F.,.U.,(6,3,3,6),(2,2),(0.,6.74722025874,13.5048291602,16.8794447708),(-3.80000927663,2.08664922829E-007),.UNSPECIFIED.);
#72519=CARTESIAN_POINT('Control Point',(9434.317046329999,-2646.78509347,-767.491174039));
#72520=CARTESIAN_POINT('Control Point',(9434.01385442,-2650.4358515,-768.5012068570001));
#72521=CARTESIAN_POINT('Control Point',(9434.317553610001,-2646.36077758,-769.025037373));
#72522=CARTESIAN_POINT('Control Point',(9434.01470847,-2650.01082449,-770.037720948));
#72523=CARTESIAN_POINT('Control Point',(9434.476460240001,-2645.94507554,-770.571671648));
#72524=CARTESIAN_POINT('Control Point',(9434.17398387,-2649.59439971,-771.5870502290001));
#72525=CARTESIAN_POINT('Control Point',(9434.79784865,-2645.54528376,-772.1055592500001));
#72526=CARTESIAN_POINT('Control Point',(9434.49575794,-2649.19388102,-773.123648172));
#72527=CARTESIAN_POINT('Control Point',(9435.756516990001,-2644.79367974,-775.086967222));
#72528=CARTESIAN_POINT('Control Point',(9435.45521688,-2648.4408334,-776.110436215));
#72529=CARTESIAN_POINT('Control Point',(9437.26483007,-2644.1644689,-777.778481368));
#72530=CARTESIAN_POINT('Control Point',(9436.964323440001,-2647.81024029,-778.8070945760001));
#72531=CARTESIAN_POINT('Control Point',(9438.141791210001,-2643.88463337,-779.032939144));
#72532=CARTESIAN_POINT('Control Point',(9437.841676149999,-2647.52973533,-780.06404146));
#72533=CARTESIAN_POINT('Control Point',(9439.60537039,-2643.52028136,-780.756635976));
#72534=CARTESIAN_POINT('Control Point',(9439.305825879999,-2647.16442062,-781.791314573));
#72535=CARTESIAN_POINT('Control Point',(9441.25964932,-2643.23887619,-782.236216207));
#72536=CARTESIAN_POINT('Control Point',(9440.96064485,-2646.88211884,-783.274221454));
#72537=CARTESIAN_POINT('Control Point',(9441.82760735,-2643.15470496,-782.699544834));
#72538=CARTESIAN_POINT('Control Point',(9441.52877834,-2646.79765725,-783.738626803));
#72539=CARTESIAN_POINT('Control Point',(9442.412819180001,-2643.07967872,-783.1350249130001));
#72540=CARTESIAN_POINT('Control Point',(9442.1141616,-2646.72234847,-784.175154271));
#72541=CARTESIAN_POINT('Control Point',(9443.01127694,-2643.0139553,-783.541013575));
#72542=CARTESIAN_POINT('Control Point',(9442.712785920001,-2646.65635101,-784.582158323));
#72543=B_SPLINE_CURVE_WITH_KNOTS('',5,(#72544,#72545,#72546,#72547,#72548,#72549,#72550,#72551,#72552,#72553,#72554,#72555),.UNSPECIFIED.,.F.,.U.,(6,3,3,6),(0.,4.78181062051,14.3455323418,23.8700948508),.UNSPECIFIED.);
#72544=CARTESIAN_POINT('Control Point',(9443.01127694,-2643.0139553,-783.541013575));
#72545=CARTESIAN_POINT('Control Point',(9442.411679979999,-2643.07980445,-783.134252305));
#72546=CARTESIAN_POINT('Control Point',(9441.82537943,-2643.15499187,-782.69788724));
#72547=CARTESIAN_POINT('Control Point',(9441.257508610001,-2643.23918401,-782.2345110479999));
#72548=CARTESIAN_POINT('Control Point',(9439.60148854,-2643.52104425,-780.752810792));
#72549=CARTESIAN_POINT('Control Point',(9438.13670071,-2643.88604993,-779.026428116));
#72550=CARTESIAN_POINT('Control Point',(9437.256503230001,-2644.16739258,-777.7656349379999));
#72551=CARTESIAN_POINT('Control Point',(9435.751488739999,-2644.79665592,-775.074858767));
#72552=CARTESIAN_POINT('Control Point',(9434.795710779999,-2645.54793912,-772.0954172530001));
#72553=CARTESIAN_POINT('Control Point',(9434.475967599999,-2645.94637562,-770.566887494));
#72554=CARTESIAN_POINT('Control Point',(9434.31755163,-2646.36144879,-769.022667221));
#72555=CARTESIAN_POINT('Control Point',(9434.31704502,-2646.78510918,-767.491178383));
#72556=CARTESIAN_POINT('Vertex',(9434.31704502,-2646.78510918,-767.491178383));
#72557=VERTEX_POINT('',#72556);
#72558=EDGE_CURVE('',#72497,#72557,#72543,.T.);
#72559=B_SPLINE_CURVE_WITH_KNOTS('',1,(#72560,#72561),.UNSPECIFIED.,.F.,.U.,(2,2),(-3.79999293208,5.24025267623E-014),.UNSPECIFIED.);
#72560=CARTESIAN_POINT('Control Point',(9434.31704502,-2646.78510918,-767.491178383));
#72561=CARTESIAN_POINT('Control Point',(9434.01385444,-2650.4358513,-768.501206802));
#72562=EDGE_CURVE('',#72557,#72321,#72559,.T.);
#72563=EDGE_LOOP('',(#72564,#72565,#72566,#72567));
#72564=ORIENTED_EDGE('',*,*,#72558,.T.);
#72565=ORIENTED_EDGE('',*,*,#72562,.T.);
#72566=ORIENTED_EDGE('',*,*,#72322,.F.);
#72567=ORIENTED_EDGE('',*,*,#72502,.F.);
#72568=FACE_OUTER_BOUND('',#72563,.T.);
#72569=ADVANCED_FACE('PartBody',(#72568),#72518,.F.);
#72570=B_SPLINE_SURFACE_WITH_KNOTS('',5,1,((#72571,#72572),(#72573,#72574),(#72575,#72576),(#72577,#72578),(#72579,#72580),(#72581,#72582)),.UNSPECIFIED.,.F.,.F.,.U.,(6,6),(2,2),(0.,192.256277634),(-3.8,5.221876571E-014),.UNSPECIFIED.);
#72571=CARTESIAN_POINT('Control Point',(9434.31704502,-2646.78510918,-767.491178383));
#72572=CARTESIAN_POINT('Control Point',(9434.01385444,-2650.4358513,-768.501206802));
#72573=CARTESIAN_POINT('Control Point',(9434.30902212,-2653.3572743,-743.7337156360001));
#72574=CARTESIAN_POINT('Control Point',(9434.00064201,-2657.01524531,-744.716057479));
#72575=CARTESIAN_POINT('Control Point',(9434.30107695,-2659.68141648,-719.999865089));
#72576=CARTESIAN_POINT('Control Point',(9433.987586769999,-2663.34628952,-720.954679006));
#72577=CARTESIAN_POINT('Control Point',(9434.293185750001,-2665.76283765,-696.288308753));
#72578=CARTESIAN_POINT('Control Point',(9433.974664540001,-2669.43429759,-697.2157462709999));
#72579=CARTESIAN_POINT('Control Point',(9434.28536577,-2671.60616523,-672.598102345));
#72580=CARTESIAN_POINT('Control Point',(9433.961893670001,-2675.28390964,-673.498300742));
#72581=CARTESIAN_POINT('Control Point',(9434.27763877,-2677.2151105,-648.929569102));
#72582=CARTESIAN_POINT('Control Point',(9433.94929896,-2680.89884928,-649.8026450150001));
#72583=B_SPLINE_CURVE_WITH_KNOTS('',4,(#72584,#72585,#72586,#72587,#72588),.UNSPECIFIED.,.F.,.U.,(5,5),(0.,219.025921821),.UNSPECIFIED.);
#72584=CARTESIAN_POINT('Control Point',(9434.31704502,-2646.78510918,-767.491178383));
#72585=CARTESIAN_POINT('Control Point',(9434.30700585,-2655.00895929,-737.7631041339999));
#72586=CARTESIAN_POINT('Control Point',(9434.297093610001,-2662.81805021,-708.074843342));
#72587=CARTESIAN_POINT('Control Point',(9434.28728744,-2670.21124469,-678.484364656));
#72588=CARTESIAN_POINT('Control Point',(9434.27763877,-2677.2151105,-648.929569102));
#72589=CARTESIAN_POINT('Vertex',(9434.27763877,-2677.2151105,-648.929569102));
#72590=VERTEX_POINT('',#72589);
#72591=EDGE_CURVE('',#72557,#72590,#72583,.T.);
#72592=B_SPLINE_CURVE_WITH_KNOTS('',1,(#72593,#72594),.UNSPECIFIED.,.F.,.U.,(2,2),(-3.8,-4.52970994047E-014),.UNSPECIFIED.);
#72593=CARTESIAN_POINT('Control Point',(9434.27763877,-2677.2151105,-648.929569102));
#72594=CARTESIAN_POINT('Control Point',(9433.94929896,-2680.89884928,-649.8026450150001));
#72595=EDGE_CURVE('',#72590,#72329,#72592,.T.);
#72596=EDGE_LOOP('',(#72597,#72598,#72599,#72600));
#72597=ORIENTED_EDGE('',*,*,#72591,.T.);
#72598=ORIENTED_EDGE('',*,*,#72595,.T.);
#72599=ORIENTED_EDGE('',*,*,#72330,.F.);
#72600=ORIENTED_EDGE('',*,*,#72562,.F.);
#72601=FACE_OUTER_BOUND('',#72596,.T.);
#72602=ADVANCED_FACE('PartBody',(#72601),#72570,.T.);
#72603=B_SPLINE_SURFACE_WITH_KNOTS('',5,1,((#72604,#72605),(#72606,#72607),(#72608,#72609),(#72610,#72611),(#72612,#72613),(#72614,#72615),(#72616,#72617),(#72618,#72619),(#72620,#72621)),.UNSPECIFIED.,.F.,.F.,.U.,(6,3,6),(2,2),(0.,5.49414860464,10.9832497782),(-3.80002028085,1.6701133567E-006),.UNSPECIFIED.);
#72604=CARTESIAN_POINT('Control Point',(9437.92229205,-2680.16528104,-637.774397929));
#72605=CARTESIAN_POINT('Control Point',(9437.59218553,-2683.84916855,-638.6462688730001));
#72606=CARTESIAN_POINT('Control Point',(9437.24409996,-2679.88822651,-638.700599012));
#72607=CARTESIAN_POINT('Control Point',(9436.914091570001,-2683.57215993,-639.572318309));
#72608=CARTESIAN_POINT('Control Point',(9436.62770719,-2679.60173606,-639.689658755));
#72609=CARTESIAN_POINT('Control Point',(9436.297817619999,-2683.28569759,-640.56130919));
#72610=CARTESIAN_POINT('Control Point',(9436.086796740001,-2679.30985958,-640.729098451));
#72611=CARTESIAN_POINT('Control Point',(9435.757045849999,-2682.993834,-641.600750967));
#72612=CARTESIAN_POINT('Control Point',(9435.16055411,-2678.71617683,-642.906160406));
#72613=CARTESIAN_POINT('Control Point',(9434.831120319999,-2682.40014661,-643.777957943));
#72614=CARTESIAN_POINT('Control Point',(9434.57501909,-2678.10877281,-645.2630281850001));
#72615=CARTESIAN_POINT('Control Point',(9434.2459822,-2681.7926803,-646.135236936));
#72616=CARTESIAN_POINT('Control Point',(9434.37699941,-2677.80645762,-646.469161077));
#72617=CARTESIAN_POINT('Control Point',(9434.04817858,-2681.49032335,-647.341624471));
#72618=CARTESIAN_POINT('Control Point',(9434.27723057,-2677.50744172,-647.695900836));
#72619=CARTESIAN_POINT('Control Point',(9433.948642380001,-2681.19125676,-648.568659957));
#72620=CARTESIAN_POINT('Control Point',(9434.2776404,-2677.21509216,-648.929564757));
#72621=CARTESIAN_POINT('Control Point',(9433.949298809999,-2680.8988509,-649.802645399));
#72622=B_SPLINE_CURVE_WITH_KNOTS('',5,(#72623,#72624,#72625,#72626,#72627,#72628,#72629,#72630,#72631),.UNSPECIFIED.,.F.,.U.,(6,3,6),(0.,7.7812972785,15.5453885481),.UNSPECIFIED.);
#72623=CARTESIAN_POINT('Control Point',(9434.27763877,-2677.2151105,-648.929569102));
#72624=CARTESIAN_POINT('Control Point',(9434.277228270001,-2677.50802715,-647.693505708));
#72625=CARTESIAN_POINT('Control Point',(9434.37738645,-2677.80763609,-646.464393435));
#72626=CARTESIAN_POINT('Control Point',(9434.57559717,-2678.10977988,-645.259044185));
#72627=CARTESIAN_POINT('Control Point',(9435.161896650001,-2678.71725801,-642.9021213140001));
#72628=CARTESIAN_POINT('Control Point',(9436.088880400001,-2679.31098422,-640.725130175));
#72629=CARTESIAN_POINT('Control Point',(9436.62944988,-2679.60255303,-639.686863403));
#72630=CARTESIAN_POINT('Control Point',(9437.24505845,-2679.88862361,-638.699290617));
#72631=CARTESIAN_POINT('Control Point',(9437.922291700001,-2680.16528495,-637.774398853));
#72632=CARTESIAN_POINT('Vertex',(9437.92229199,-2680.16528171,-637.774398088));
#72633=VERTEX_POINT('',#72632);
#72634=EDGE_CURVE('',#72590,#72633,#72622,.T.);
#72635=B_SPLINE_CURVE_WITH_KNOTS('',1,(#72636,#72637),.UNSPECIFIED.,.F.,.U.,(2,2),(-3.80002028085,-1.66798482759E-006),.UNSPECIFIED.);
#72636=CARTESIAN_POINT('Control Point',(9437.92229205,-2680.16528104,-637.774397929));
#72637=CARTESIAN_POINT('Control Point',(9437.59218582,-2683.84916531,-638.646268107));
#72638=EDGE_CURVE('',#72633,#72252,#72635,.T.);
#72639=EDGE_LOOP('',(#72640,#72641,#72642,#72643));
#72640=ORIENTED_EDGE('',*,*,#72634,.T.);
#72641=ORIENTED_EDGE('',*,*,#72638,.T.);
#72642=ORIENTED_EDGE('',*,*,#72338,.F.);
#72643=ORIENTED_EDGE('',*,*,#72595,.F.);
#72644=FACE_OUTER_BOUND('',#72639,.T.);
#72645=ADVANCED_FACE('PartBody',(#72644),#72603,.F.);
#72646=B_SPLINE_SURFACE_WITH_KNOTS('',5,1,((#72647,#72648),(#72649,#72650),(#72651,#72652),(#72653,#72654),(#72655,#72656),(#72657,#72658),(#72659,#72660),(#72661,#72662),(#72663,#72664),(#72665,#72666),(#72667,#72668),(#72669,#72670)),.UNSPECIFIED.,.F.,.F.,.U.,(6,3,3,6),(2,2),(0.,7.43893755993,13.0177036195,18.6004011449),(-3.80002028086,1.41220368732E-013),.UNSPECIFIED.);
#72647=CARTESIAN_POINT('Control Point',(9454.079156690001,-2683.50523513,-629.852373955));
#72648=CARTESIAN_POINT('Control Point',(9453.74951078,-2687.18805239,-630.728917767));
#72649=CARTESIAN_POINT('Control Point',(9452.59378651,-2683.37694609,-629.832772716));
#72650=CARTESIAN_POINT('Control Point',(9452.26394513,-2687.06002084,-630.708162002));
#72651=CARTESIAN_POINT('Control Point',(9451.114127610001,-2683.21691492,-629.948283638));
#72652=CARTESIAN_POINT('Control Point',(9450.784119219999,-2686.90021264,-630.822673964));
#72653=CARTESIAN_POINT('Control Point',(9449.65148027,-2683.02652332,-630.197583024));
#72654=CARTESIAN_POINT('Control Point',(9449.321334460001,-2686.71000957,-631.0711303419999));
#72655=CARTESIAN_POINT('Control Point',(9447.149684530001,-2682.64363152,-630.864163203));
#72656=CARTESIAN_POINT('Control Point',(9446.81935288,-2686.32738756,-631.736508686));
#72657=CARTESIAN_POINT('Control Point',(9444.77609277,-2682.17615835,-631.933071887));
#72658=CARTESIAN_POINT('Control Point',(9444.445674189999,-2685.8600781,-632.804697857));
#72659=CARTESIAN_POINT('Control Point',(9443.792390050001,-2681.96158099,-632.4632565749999));
#72660=CARTESIAN_POINT('Control Point',(9443.461953280001,-2685.64555153,-633.334662469));
#72661=CARTESIAN_POINT('Control Point',(9441.89987472,-2681.50558953,-633.663545961));
#72662=CARTESIAN_POINT('Control Point',(9441.56943981,-2685.18962378,-634.534684296));
#72663=CARTESIAN_POINT('Control Point',(9440.17267548,-2680.99529133,-635.15111244));
#72664=CARTESIAN_POINT('Control Point',(9439.84232249,-2684.67931064,-636.022340656));
#72665=CARTESIAN_POINT('Control Point',(9439.36354366,-2680.72922814,-635.96023527));
#72666=CARTESIAN_POINT('Control Point',(9439.03325197,-2684.41322153,-636.831592464));
#72667=CARTESIAN_POINT('Control Point',(9438.61055519,-2680.45210875,-636.835601706));
#72668=CARTESIAN_POINT('Control Point',(9438.280345560001,-2684.13605734,-637.707173517));
#72669=CARTESIAN_POINT('Control Point',(9437.92229199,-2680.16528171,-637.774398088));
#72670=CARTESIAN_POINT('Control Point',(9437.59218568,-2683.84916693,-638.64626849));
#72671=B_SPLINE_CURVE_WITH_KNOTS('',5,(#72672,#72673,#72674,#72675,#72676,#72677,#72678,#72679,#72680,#72681,#72682,#72683),.UNSPECIFIED.,.F.,.U.,(6,3,3,6),(0.,7.90661849561,15.813448981,26.3127794824),.UNSPECIFIED.);
#72672=CARTESIAN_POINT('Control Point',(9437.92229199,-2680.16528171,-637.774398088));
#72673=CARTESIAN_POINT('Control Point',(9438.611387319999,-2680.45245663,-636.8344668));
#72674=CARTESIAN_POINT('Control Point',(9439.36536453,-2680.72990042,-635.958118945));
#72675=CARTESIAN_POINT('Control Point',(9440.1750428,-2680.99607457,-635.148739241));
#72676=CARTESIAN_POINT('Control Point',(9441.904923960001,-2681.50700803,-633.659525357));
#72677=CARTESIAN_POINT('Control Point',(9443.800542250001,-2681.96348532,-632.458369346));
#72678=CARTESIAN_POINT('Control Point',(9444.786968210001,-2682.17847843,-631.927466642));
#72679=CARTESIAN_POINT('Control Point',(9447.158938549999,-2682.64517558,-630.861210153));
#72680=CARTESIAN_POINT('Control Point',(9449.65870448,-2683.02743444,-630.196534403));
#72681=CARTESIAN_POINT('Control Point',(9451.12004054,-2683.21756928,-629.947826001));
#72682=CARTESIAN_POINT('Control Point',(9452.59675359,-2683.37721873,-629.832815751));
#72683=CARTESIAN_POINT('Control Point',(9454.079155109999,-2683.50525279,-629.852378158));
#72684=EDGE_CURVE('',#72633,#72185,#72671,.T.);
#72685=EDGE_LOOP('',(#72686,#72687,#72688,#72689));
#72686=ORIENTED_EDGE('',*,*,#72684,.T.);
#72687=ORIENTED_EDGE('',*,*,#72199,.T.);
#72688=ORIENTED_EDGE('',*,*,#72261,.F.);
#72689=ORIENTED_EDGE('',*,*,#72638,.F.);
#72690=FACE_OUTER_BOUND('',#72685,.T.);
#72691=ADVANCED_FACE('PartBody',(#72690),#72646,.F.);
#72692=B_SPLINE_SURFACE_WITH_KNOTS('',5,5,((#72693,#72694,#72695,#72696,#72697,#72698),(#72699,#72700,#72701,#72702,#72703,#72704),(#72705,#72706,#72707,#72708,#72709,#72710),(#72711,#72712,#72713,#72714,#72715,#72716),(#72717,#72718,#72719,#72720,#72721,#72722),(#72723,#72724,#72725,#72726,#72727,#72728)),.UNSPECIFIED.,.F.,.F.,.U.,(6,6),(6,6),(-1635.68560365,-1604.72980922),(-1140.04775163,-1066.77384864),.UNSPECIFIED.);
#72693=CARTESIAN_POINT('Control Point',(9484.40977753,-2684.68010979,-636.190903111));
#72694=CARTESIAN_POINT('Control Point',(9469.818748289999,-2683.27418183,-636.684498557));
#72695=CARTESIAN_POINT('Control Point',(9455.229030210001,-2681.8595463,-637.18075623));
#72696=CARTESIAN_POINT('Control Point',(9440.640606819999,-2680.43635795,-637.679632223));
#72697=CARTESIAN_POINT('Control Point',(9426.05346583,-2679.00474151,-638.181091259));
#72698=CARTESIAN_POINT('Control Point',(9411.467598470001,-2677.56479597,-638.685105471));
#72699=CARTESIAN_POINT('Control Point',(9483.84947223,-2686.3088641,-629.244319594));
#72700=CARTESIAN_POINT('Control Point',(9469.25913955,-2684.89855534,-629.7392345329999));
#72701=CARTESIAN_POINT('Control Point',(9454.670119410001,-2683.47953676,-630.236812546));
#72702=CARTESIAN_POINT('Control Point',(9440.08239568,-2682.05196021,-630.737010582));
#72703=CARTESIAN_POINT('Control Point',(9425.49595635,-2680.61594804,-631.239794079));
#72704=CARTESIAN_POINT('Control Point',(9410.910792860001,-2679.17159722,-631.745135764));
#72705=CARTESIAN_POINT('Control Point',(9483.292548670001,-2687.91601107,-622.304289706));
#72706=CARTESIAN_POINT('Control Point',(9468.702906889999,-2686.50135793,-622.8005127919999));
#72707=CARTESIAN_POINT('Control Point',(9454.114579069999,-2685.07799227,-623.299399799));
#72708=CARTESIAN_POINT('Control Point',(9439.527549349999,-2683.64606361,-623.800908675));
#72709=CARTESIAN_POINT('Control Point',(9424.94180615,-2682.20569138,-624.305005501));
#72710=CARTESIAN_POINT('Control Point',(9410.35734097,-2680.75697083,-624.811663525));
#72711=CARTESIAN_POINT('Control Point',(9482.73897961,-2689.50172301,-615.370761379));
#72712=CARTESIAN_POINT('Control Point',(9468.150023100001,-2688.08276165,-615.868281348));
#72713=CARTESIAN_POINT('Control Point',(9453.56238196,-2686.65508522,-616.368466362));
#72714=CARTESIAN_POINT('Control Point',(9438.97604078,-2685.21883975,-616.871274825));
#72715=CARTESIAN_POINT('Control Point',(9424.390988069999,-2683.77414308,-617.3766737460001));
#72716=CARTESIAN_POINT('Control Point',(9409.807215659999,-2682.32108819,-617.8846370369999));
#72717=CARTESIAN_POINT('Control Point',(9482.18873867,-2691.0661669,-608.4436841839999));
#72718=CARTESIAN_POINT('Control Point',(9467.60046182,-2689.64293326,-608.942489853));
#72719=CARTESIAN_POINT('Control Point',(9453.013501830001,-2688.2109815,-609.443961498));
#72720=CARTESIAN_POINT('Control Point',(9438.42784357,-2686.77045506,-609.948058595));
#72721=CARTESIAN_POINT('Control Point',(9423.84347582,-2685.32146927,-610.454748689));
#72722=CARTESIAN_POINT('Control Point',(9409.26039066,-2683.86411527,-610.964006239));
#72723=CARTESIAN_POINT('Control Point',(9481.64180025,-2692.60950472,-601.5230092199999));
#72724=CARTESIAN_POINT('Control Point',(9467.0541975,-2691.18203448,-602.0230894920001));
#72725=CARTESIAN_POINT('Control Point',(9452.46791309,-2689.74584294,-602.525836811));
#72726=CARTESIAN_POINT('Control Point',(9437.882932230001,-2688.30107079,-603.031211483));
#72727=CARTESIAN_POINT('Control Point',(9423.299243949999,-2686.84783105,-603.539181742));
#72728=CARTESIAN_POINT('Control Point',(9408.71684053,-2685.38621298,-604.049722618));
#72729=B_SPLINE_CURVE_WITH_KNOTS('',4,(#72730,#72731,#72732,#72733,#72734),.UNSPECIFIED.,.F.,.U.,(5,5),(0.,69.8248972276),.UNSPECIFIED.);
#72730=CARTESIAN_POINT('Control Point',(9437.92229199,-2680.16528171,-637.774398088));
#72731=CARTESIAN_POINT('Control Point',(9431.31375795,-2679.59464296,-637.683388004));
#72732=CARTESIAN_POINT('Control Point',(9424.685825070001,-2679.0204163,-637.591778803));
#72733=CARTESIAN_POINT('Control Point',(9418.02135105,-2678.441069,-637.499367452));
#72734=CARTESIAN_POINT('Control Point',(9411.36507711,-2677.86048745,-637.406810462));
#72735=EDGE_CURVE('',#72633,#71132,#72729,.T.);
#72736=EDGE_LOOP('',(#72737,#72738,#72739,#72740,#72741,#72742,#72743,#72744));
#72737=ORIENTED_EDGE('',*,*,#71934,.F.);
#72738=ORIENTED_EDGE('',*,*,#72005,.F.);
#72739=ORIENTED_EDGE('',*,*,#72047,.F.);
#72740=ORIENTED_EDGE('',*,*,#72128,.F.);
#72741=ORIENTED_EDGE('',*,*,#72186,.F.);
#72742=ORIENTED_EDGE('',*,*,#72684,.F.);
#72743=ORIENTED_EDGE('',*,*,#72735,.T.);
#72744=ORIENTED_EDGE('',*,*,#71511,.T.);
#72745=FACE_OUTER_BOUND('',#72736,.T.);
#72746=ADVANCED_FACE('PartBody',(#72745),#72692,.F.);
#72747=B_SPLINE_SURFACE_WITH_KNOTS('',5,4,((#72748,#72749,#72750,#72751,#72752),(#72753,#72754,#72755,#72756,#72757),(#72758,#72759,#72760,#72761,#72762),(#72763,#72764,#72765,#72766,#72767),(#72768,#72769,#72770,#72771,#72772),(#72773,#72774,#72775,#72776,#72777)),.UNSPECIFIED.,.F.,.F.,.U.,(6,6),(5,5),(-1764.20111516,-1634.52574645),(-1093.35345298,-1054.68667418),.UNSPECIFIED.);
#72748=CARTESIAN_POINT('Control Point',(9450.039927919999,-2643.65322319,-783.313911297));
#72749=CARTESIAN_POINT('Control Point',(9440.40678053,-2642.77814135,-783.6248387099999));
#72750=CARTESIAN_POINT('Control Point',(9430.7742125,-2641.89919574,-783.93695058));
#72751=CARTESIAN_POINT('Control Point',(9421.14221683,-2641.01645044,-784.250228012));
#72752=CARTESIAN_POINT('Control Point',(9411.510788580001,-2640.12995592,-784.564656399));
#72753=CARTESIAN_POINT('Control Point',(9447.46773495,-2651.82314844,-753.69546111));
#72754=CARTESIAN_POINT('Control Point',(9437.83682923,-2650.93428862,-754.010645815));
#72755=CARTESIAN_POINT('Control Point',(9428.20650484,-2650.04155871,-754.327016606));
#72756=CARTESIAN_POINT('Control Point',(9418.576755399999,-2649.14501895,-754.644556104));
#72757=CARTESIAN_POINT('Control Point',(9408.94757654,-2648.24471609,-754.963251115));
#72758=CARTESIAN_POINT('Control Point',(9444.96219324,-2659.5724451,-724.209144887));
#72759=CARTESIAN_POINT('Control Point',(9435.33345704,-2658.67026648,-724.528440922));
#72760=CARTESIAN_POINT('Control Point',(9425.705304589999,-2657.764207,-724.848925714));
#72761=CARTESIAN_POINT('Control Point',(9416.07773037,-2656.85432401,-725.170583571));
#72762=CARTESIAN_POINT('Control Point',(9406.4507306,-2655.94066619,-725.49340273));
#72763=CARTESIAN_POINT('Control Point',(9442.520599240001,-2666.91808474,-694.849674405));
#72764=CARTESIAN_POINT('Control Point',(9432.89396664,-2666.00301177,-695.172945037));
#72765=CARTESIAN_POINT('Control Point',(9423.267920730001,-2665.08404927,-695.4974077639999));
#72766=CARTESIAN_POINT('Control Point',(9413.64245669,-2664.16125112,-695.823048367));
#72767=CARTESIAN_POINT('Control Point',(9404.017570919999,-2663.23465746,-696.149856914));
#72768=CARTESIAN_POINT('Control Point',(9440.140603469999,-2673.87476756,-665.612508787));
#72769=CARTESIAN_POINT('Control Point',(9430.516011039999,-2672.94721566,-665.939619872));
#72770=CARTESIAN_POINT('Control Point',(9420.892008680001,-2672.01576467,-666.267927768));
#72771=CARTESIAN_POINT('Control Point',(9411.2685917,-2671.08046149,-666.597419222));
#72772=CARTESIAN_POINT('Control Point',(9401.64575686,-2670.14134287,-666.928083861));
#72773=CARTESIAN_POINT('Control Point',(9437.82020925,-2680.45493043,-636.493851802));
#72774=CARTESIAN_POINT('Control Point',(9428.19759215,-2679.51531863,-636.824668281));
#72775=CARTESIAN_POINT('Control Point',(9418.57556841,-2678.57179495,-637.156685927));
#72776=CARTESIAN_POINT('Control Point',(9408.95413382,-2677.6244026,-637.4898923649999));
#72777=CARTESIAN_POINT('Control Point',(9399.33328563,-2676.67317468,-637.824278154));
#72778=B_SPLINE_CURVE_WITH_KNOTS('',3,(#72779,#72780,#72781,#72782),.UNSPECIFIED.,.F.,.U.,(4,4),(0.,91.1291465042),.UNSPECIFIED.);
#72779=CARTESIAN_POINT('Control Point',(9443.01127694,-2643.0139553,-783.541013575));
#72780=CARTESIAN_POINT('Control Point',(9432.47984873,-2642.17775713,-783.447104286));
#72781=CARTESIAN_POINT('Control Point',(9421.95053676,-2641.33643222,-783.35267846));
#72782=CARTESIAN_POINT('Control Point',(9411.398101299999,-2640.48803301,-783.25749565));
#72783=EDGE_CURVE('',#72497,#71145,#72778,.T.);
#72784=EDGE_LOOP('',(#72785,#72786,#72787,#72788,#72789,#72790));
#72785=ORIENTED_EDGE('',*,*,#72735,.F.);
#72786=ORIENTED_EDGE('',*,*,#72634,.F.);
#72787=ORIENTED_EDGE('',*,*,#72591,.F.);
#72788=ORIENTED_EDGE('',*,*,#72558,.F.);
#72789=ORIENTED_EDGE('',*,*,#72783,.T.);
#72790=ORIENTED_EDGE('',*,*,#71146,.T.);
#72791=FACE_OUTER_BOUND('',#72784,.T.);
#72792=ADVANCED_FACE('PartBody',(#72791),#72747,.F.);
#72793=B_SPLINE_SURFACE_WITH_KNOTS('',5,5,((#72794,#72795,#72796,#72797,#72798,#72799),(#72800,#72801,#72802,#72803,#72804,#72805),(#72806,#72807,#72808,#72809,#72810,#72811),(#72812,#72813,#72814,#72815,#72816,#72817),(#72818,#72819,#72820,#72821,#72822,#72823),(#72824,#72825,#72826,#72827,#72828,#72829)),.UNSPECIFIED.,.F.,.F.,.U.,(6,6),(6,6),(-1790.35687918,-1763.07463619),(-1124.3083146,-1052.19568166),.UNSPECIFIED.);
#72794=CARTESIAN_POINT('Control Point',(9483.53121682,-2637.82322994,-812.189808266));
#72795=CARTESIAN_POINT('Control Point',(9469.15357217,-2636.54929134,-812.642008508));
#72796=CARTESIAN_POINT('Control Point',(9454.77716367,-2635.26703912,-813.09674994));
#72797=CARTESIAN_POINT('Control Point',(9440.40196741,-2633.97668351,-813.5539710849999));
#72798=CARTESIAN_POINT('Control Point',(9426.02796506,-2632.67839544,-814.013622069));
#72799=CARTESIAN_POINT('Control Point',(9411.65514302,-2631.37231195,-814.475663013));
#72800=CARTESIAN_POINT('Control Point',(9482.974217229999,-2639.66052314,-805.9441689609999));
#72801=CARTESIAN_POINT('Control Point',(9468.597279899999,-2638.38212687,-806.397720229));
#72802=CARTESIAN_POINT('Control Point',(9454.22157949,-2637.09541701,-806.853812478));
#72803=CARTESIAN_POINT('Control Point',(9439.847092419999,-2635.80060121,-807.3123850859999));
#72804=CARTESIAN_POINT('Control Point',(9425.473800629999,-2634.49784822,-807.773388902));
#72805=CARTESIAN_POINT('Control Point',(9411.101690760001,-2633.18729321,-808.236784657));
#72806=CARTESIAN_POINT('Control Point',(9482.42021943,-2641.47866724,-799.704336578));
#72807=CARTESIAN_POINT('Control Point',(9468.04398459,-2640.19584328,-800.159229453));
#72808=CARTESIAN_POINT('Control Point',(9453.668987450001,-2638.904706,-800.616662994));
#72809=CARTESIAN_POINT('Control Point',(9439.29520475,-2637.60546031,-801.076577632));
#72810=CARTESIAN_POINT('Control Point',(9424.922618730001,-2636.29827231,-801.538924908));
#72811=CARTESIAN_POINT('Control Point',(9410.55121625,-2634.98327591,-802.003666048));
#72812=CARTESIAN_POINT('Control Point',(9481.86919743,-2643.27782622,-793.470261389));
#72813=CARTESIAN_POINT('Control Point',(9467.493660260001,-2641.99060449,-793.926486487));
#72814=CARTESIAN_POINT('Control Point',(9453.11936153,-2640.69506934,-794.3852520729999));
#72815=CARTESIAN_POINT('Control Point',(9438.746278480001,-2639.3914236,-794.84649925));
#72816=CARTESIAN_POINT('Control Point',(9424.374393460001,-2638.07983124,-795.310180545));
#72817=CARTESIAN_POINT('Control Point',(9410.003693619999,-2636.76042343,-795.776257706));
#72818=CARTESIAN_POINT('Control Point',(9481.321125980001,-2645.0581594,-787.2418949950001));
#72819=CARTESIAN_POINT('Control Point',(9466.9462817,-2643.76656971,-787.69944297));
#72820=CARTESIAN_POINT('Control Point',(9452.57267671,-2642.46666713,-788.159531205));
#72821=CARTESIAN_POINT('Control Point',(9438.20028845,-2641.15865119,-788.622101733));
#72822=CARTESIAN_POINT('Control Point',(9423.829099709999,-2639.8426838,-789.08710764));
#72823=CARTESIAN_POINT('Control Point',(9409.4590978,-2638.51889439,-789.554511527));
#72824=CARTESIAN_POINT('Control Point',(9480.77598047,-2646.81982218,-781.019190078));
#72825=CARTESIAN_POINT('Control Point',(9466.40182435,-2645.52389423,-781.478051637));
#72826=CARTESIAN_POINT('Control Point',(9452.02890832,-2644.21965371,-781.939453225));
#72827=CARTESIAN_POINT('Control Point',(9437.657210179999,-2642.90729736,-782.403337777));
#72828=CARTESIAN_POINT('Control Point',(9423.28671301,-2641.58698475,-782.8696591410001));
#72829=CARTESIAN_POINT('Control Point',(9408.91740436,-2640.25884333,-783.338380549));
#72830=B_SPLINE_CURVE_WITH_KNOTS('',3,(#72831,#72832,#72833,#72834),.UNSPECIFIED.,.F.,.U.,(4,4),(0.,20.8698021237),.UNSPECIFIED.);
#72831=CARTESIAN_POINT('Control Point',(9482.18055298,-2637.98271475,-811.304778707));
#72832=CARTESIAN_POINT('Control Point',(9482.17843265,-2639.11976111,-807.524711325));
#72833=CARTESIAN_POINT('Control Point',(9482.176313080001,-2640.24898406,-803.745592108));
#72834=CARTESIAN_POINT('Control Point',(9482.17419439,-2641.37044321,-799.9673814929999));
#72835=CARTESIAN_POINT('Vertex',(9482.18055298,-2637.98271475,-811.304778707));
#72836=VERTEX_POINT('',#72835);
#72837=EDGE_CURVE('',#72836,#72393,#72830,.T.);
#72838=B_SPLINE_CURVE_WITH_KNOTS('',5,(#72839,#72840,#72841,#72842,#72843,#72844,#72845,#72846,#72847,#72848,#72849,#72850,#72851,#72852,#72853),.UNSPECIFIED.,.F.,.U.,(6,3,3,3,6),(0.,0.615544223834,1.23519104928,1.64899242784,2.05298784914),.UNSPECIFIED.);
#72839=CARTESIAN_POINT('Control Point',(9481.1971729,-2637.62316132,-812.24056576));
#72840=CARTESIAN_POINT('Control Point',(9481.284208000001,-2637.6298365,-812.24129108));
#72841=CARTESIAN_POINT('Control Point',(9481.37070591,-2637.63921433,-812.232898743));
#72842=CARTESIAN_POINT('Control Point',(9481.45730437,-2637.65142461,-812.215126221));
#72843=CARTESIAN_POINT('Control Point',(9481.62269821,-2637.68036914,-812.162504158));
#72844=CARTESIAN_POINT('Control Point',(9481.77522442,-2637.71922713,-812.073569389));
#72845=CARTESIAN_POINT('Control Point',(9481.8462581,-2637.74069432,-812.020955243));
#72846=CARTESIAN_POINT('Control Point',(9481.955968230001,-2637.78060494,-811.917251692));
#72847=CARTESIAN_POINT('Control Point',(9482.044396720001,-2637.8256678,-811.790818168));
#72848=CARTESIAN_POINT('Control Point',(9482.0755403,-2637.84428374,-811.737166483));
#72849=CARTESIAN_POINT('Control Point',(9482.12914538,-2637.88269704,-811.623645224));
#72850=CARTESIAN_POINT('Control Point',(9482.162992809999,-2637.92263252,-811.499847559));
#72851=CARTESIAN_POINT('Control Point',(9482.174829019999,-2637.94315535,-811.434759462));
#72852=CARTESIAN_POINT('Control Point',(9482.18058957,-2637.96309216,-811.370013274));
#72853=CARTESIAN_POINT('Control Point',(9482.18055298,-2637.98271475,-811.304778707));
#72854=CARTESIAN_POINT('Vertex',(9481.19714414,-2637.6231546,-812.240564606));
#72855=VERTEX_POINT('',#72854);
#72856=EDGE_CURVE('',#72855,#72836,#72838,.T.);
#72857=B_SPLINE_CURVE_WITH_KNOTS('',5,(#72858,#72859,#72860,#72861,#72862,#72863,#72864,#72865,#72866,#72867,#72868,#72869),.UNSPECIFIED.,.F.,.U.,(6,3,3,6),(6.32939930908E-005,76.4719829879,137.754805755,152.943965976),.UNSPECIFIED.);
#72858=CARTESIAN_POINT('Control Point',(9481.19714378,-2637.62315908,-812.240565518));
#72859=CARTESIAN_POINT('Control Point',(9474.162679520001,-2637.08364877,-812.181942774));
#72860=CARTESIAN_POINT('Control Point',(9467.08334716,-2636.5387067,-812.1226754640001));
#72861=CARTESIAN_POINT('Control Point',(9459.99492383,-2635.99103672,-812.063073668));
#72862=CARTESIAN_POINT('Control Point',(9447.28402404,-2635.0053759,-811.955778751));
#72863=CARTESIAN_POINT('Control Point',(9434.732381330001,-2634.02582612,-811.849117586));
#72864=CARTESIAN_POINT('Control Point',(9429.188744040001,-2633.59197371,-811.801874015));
#72865=CARTESIAN_POINT('Control Point',(9422.31952168,-2633.05291563,-811.743170059));
#72866=CARTESIAN_POINT('Control Point',(9415.47746475,-2632.51417138,-811.6845131920001));
#72867=CARTESIAN_POINT('Control Point',(9414.11933216,-2632.40716017,-811.672862761));
#72868=CARTESIAN_POINT('Control Point',(9412.76181821,-2632.30012616,-811.66121061));
#72869=CARTESIAN_POINT('Control Point',(9411.40464081,-2632.19304721,-811.649554484));
#72870=EDGE_CURVE('',#72855,#71207,#72857,.T.);
#72871=EDGE_LOOP('',(#72872,#72873,#72874,#72875,#72876,#72877,#72878,#72879));
#72872=ORIENTED_EDGE('',*,*,#72783,.F.);
#72873=ORIENTED_EDGE('',*,*,#72498,.F.);
#72874=ORIENTED_EDGE('',*,*,#72450,.F.);
#72875=ORIENTED_EDGE('',*,*,#72396,.F.);
#72876=ORIENTED_EDGE('',*,*,#72837,.F.);
#72877=ORIENTED_EDGE('',*,*,#72856,.F.);
#72878=ORIENTED_EDGE('',*,*,#72870,.T.);
#72879=ORIENTED_EDGE('',*,*,#71208,.T.);
#72880=FACE_OUTER_BOUND('',#72871,.T.);
#72881=ADVANCED_FACE('PartBody',(#72880),#72793,.F.);
#72882=B_SPLINE_SURFACE_WITH_KNOTS('',5,1,((#72883,#72884),(#72885,#72886),(#72887,#72888),(#72889,#72890),(#72891,#72892),(#72893,#72894)),.UNSPECIFIED.,.F.,.F.,.U.,(6,6),(2,2),(0.,18.3529341659),(-3.8,1.84679857613E-013),.UNSPECIFIED.);
#72883=CARTESIAN_POINT('Control Point',(9482.18055298,-2637.98271475,-811.304778707));
#72884=CARTESIAN_POINT('Control Point',(9481.89309412,-2641.61118058,-812.396384474));
#72885=CARTESIAN_POINT('Control Point',(9482.17928092,-2638.66486678,-809.036990235));
#72886=CARTESIAN_POINT('Control Point',(9481.891317039999,-2642.29409425,-810.125931309));
#72887=CARTESIAN_POINT('Control Point',(9482.17800903,-2639.34470997,-806.7693607910001));
#72888=CARTESIAN_POINT('Control Point',(9481.88954077,-2642.97469602,-807.855638486));
#72889=CARTESIAN_POINT('Control Point',(9482.1767373,-2640.0222498,-804.501886667));
#72890=CARTESIAN_POINT('Control Point',(9481.88776534,-2643.65299135,-805.585502292));
#72891=CARTESIAN_POINT('Control Point',(9482.175465750001,-2640.69749246,-802.234561393));
#72892=CARTESIAN_POINT('Control Point',(9481.88599074,-2644.32898647,-803.315516244));
#72893=CARTESIAN_POINT('Control Point',(9482.17419439,-2641.37044321,-799.967381492));
#72894=CARTESIAN_POINT('Control Point',(9481.88421701,-2645.00268662,-801.045676858));
#72895=B_SPLINE_CURVE_WITH_KNOTS('',3,(#72896,#72897,#72898,#72899),.UNSPECIFIED.,.F.,.U.,(4,4),(0.,20.8698021237),.UNSPECIFIED.);
#72896=CARTESIAN_POINT('Control Point',(9481.89309412,-2641.61118058,-812.396384474));
#72897=CARTESIAN_POINT('Control Point',(9481.890131980001,-2642.74949649,-808.611875442));
#72898=CARTESIAN_POINT('Control Point',(9481.8871729,-2643.8799786,-804.8283194529999));
#72899=CARTESIAN_POINT('Control Point',(9481.88421701,-2645.00268662,-801.045676858));
#72900=CARTESIAN_POINT('Vertex',(9481.89309412,-2641.61118058,-812.396384474));
#72901=VERTEX_POINT('',#72900);
#72902=EDGE_CURVE('',#72901,#72417,#72895,.T.);
#72903=B_SPLINE_CURVE_WITH_KNOTS('',1,(#72904,#72905),.UNSPECIFIED.,.F.,.U.,(2,2),(-3.8,2.5573413119E-014),.UNSPECIFIED.);
#72904=CARTESIAN_POINT('Control Point',(9482.18055298,-2637.98271475,-811.304778707));
#72905=CARTESIAN_POINT('Control Point',(9481.89309412,-2641.61118058,-812.396384474));
#72906=EDGE_CURVE('',#72836,#72901,#72903,.T.);
#72907=EDGE_LOOP('',(#72908,#72909,#72910,#72911));
#72908=ORIENTED_EDGE('',*,*,#72837,.T.);
#72909=ORIENTED_EDGE('',*,*,#72422,.T.);
#72910=ORIENTED_EDGE('',*,*,#72902,.F.);
#72911=ORIENTED_EDGE('',*,*,#72906,.F.);
#72912=FACE_OUTER_BOUND('',#72907,.T.);
#72913=ADVANCED_FACE('PartBody',(#72912),#72882,.T.);
#72914=B_SPLINE_SURFACE_WITH_KNOTS('',5,5,((#72915,#72916,#72917,#72918,#72919,#72920),(#72921,#72922,#72923,#72924,#72925,#72926),(#72927,#72928,#72929,#72930,#72931,#72932),(#72933,#72934,#72935,#72936,#72937,#72938),(#72939,#72940,#72941,#72942,#72943,#72944),(#72945,#72946,#72947,#72948,#72949,#72950)),.UNSPECIFIED.,.F.,.F.,.U.,(6,6),(6,6),(-1790.35687918,-1763.06521134),(-1124.30828559,-1052.19568164),.UNSPECIFIED.);
#72915=CARTESIAN_POINT('Control Point',(9483.244090820001,-2641.45133462,-813.282701249));
#72916=CARTESIAN_POINT('Control Point',(9468.86479842,-2640.17789564,-813.7328100239999));
#72917=CARTESIAN_POINT('Control Point',(9454.48676965,-2638.89614408,-814.185455308));
#72918=CARTESIAN_POINT('Control Point',(9440.10997695,-2637.60629025,-814.640574605));
#72919=CARTESIAN_POINT('Control Point',(9425.73439861,-2636.30850511,-815.09811718));
#72920=CARTESIAN_POINT('Control Point',(9411.36001787,-2635.00292566,-815.558042433));
#72921=CARTESIAN_POINT('Control Point',(9482.685439610001,-2643.29138927,-807.027460782));
#72922=CARTESIAN_POINT('Control Point',(9468.30685291,-2642.01348438,-807.478925342));
#72923=CARTESIAN_POINT('Control Point',(9453.929530310001,-2640.72726692,-807.932926292));
#72924=CARTESIAN_POINT('Control Point',(9439.55344462,-2639.4329446,-808.389401965));
#72925=CARTESIAN_POINT('Control Point',(9425.178574400001,-2638.13068619,-808.848302324));
#72926=CARTESIAN_POINT('Control Point',(9410.804903169999,-2636.82062686,-809.309587361));
#72927=CARTESIAN_POINT('Control Point',(9482.12979843,-2645.1122558,-800.778047503));
#72928=CARTESIAN_POINT('Control Point',(9467.751912649999,-2643.82991504,-801.230858531));
#72929=CARTESIAN_POINT('Control Point',(9453.375291460001,-2642.53926233,-801.686205781));
#72930=CARTESIAN_POINT('Control Point',(9438.99990793,-2641.24050143,-802.144028438));
#72931=CARTESIAN_POINT('Control Point',(9424.62574109,-2639.93379971,-802.6042773));
#72932=CARTESIAN_POINT('Control Point',(9410.2527746,-2638.61929065,-803.066912784));
#72933=CARTESIAN_POINT('Control Point',(9481.577141309999,-2646.91409866,-794.534411468));
#72934=CARTESIAN_POINT('Control Point',(9467.199951680001,-2645.62735198,-794.988559681));
#72935=CARTESIAN_POINT('Control Point',(9452.824027090001,-2644.3322932,-795.445244025));
#72936=CARTESIAN_POINT('Control Point',(9438.449341040001,-2643.02912424,-795.904404368));
#72937=CARTESIAN_POINT('Control Point',(9424.075872769999,-2641.71800969,-796.365992326));
#72938=CARTESIAN_POINT('Control Point',(9409.7036063,-2640.39908093,-796.829968977));
#72939=CARTESIAN_POINT('Control Point',(9481.02744304,-2648.69707762,-788.296504103));
#72940=CARTESIAN_POINT('Control Point',(9466.6509448,-2647.40595487,-788.7519802530001));
#72941=CARTESIAN_POINT('Control Point',(9452.275712050001,-2646.10652011,-789.209992315));
#72942=CARTESIAN_POINT('Control Point',(9437.90171873,-2644.79897297,-789.670481195));
#72943=CARTESIAN_POINT('Control Point',(9423.528944350001,-2643.48347538,-790.133399029));
#72944=CARTESIAN_POINT('Control Point',(9409.15737318,-2642.16015676,-790.598707626));
#72945=CARTESIAN_POINT('Control Point',(9480.480679009999,-2650.46134854,-782.06427797));
#72946=CARTESIAN_POINT('Control Point',(9466.10486745,-2649.16587945,-782.521072852));
#72947=CARTESIAN_POINT('Control Point',(9451.73032185,-2647.86209863,-782.9804034799999));
#72948=CARTESIAN_POINT('Control Point',(9437.35701654,-2646.55020294,-783.442211639));
#72949=CARTESIAN_POINT('Control Point',(9422.98493135,-2645.23035195,-783.906450206));
#72950=CARTESIAN_POINT('Control Point',(9408.614050800001,-2643.90267314,-784.373081608));
#72951=B_SPLINE_CURVE_WITH_KNOTS('',5,(#72952,#72953,#72954,#72955,#72956,#72957,#72958,#72959,#72960,#72961,#72962,#72963),.UNSPECIFIED.,.F.,.U.,(6,3,3,6),(6.32395437738E-005,76.4719868205,137.754813422,152.943973641),.UNSPECIFIED.);
#72952=CARTESIAN_POINT('Control Point',(9480.90977353,-2641.25135499,-813.333091393));
#72953=CARTESIAN_POINT('Control Point',(9473.87443924,-2640.71218305,-813.273116119));
#72954=CARTESIAN_POINT('Control Point',(9466.794237399999,-2640.16758167,-813.212485595));
#72955=CARTESIAN_POINT('Control Point',(9459.7049499,-2639.62025304,-813.15151665));
#72956=CARTESIAN_POINT('Control Point',(9446.992510350001,-2638.63520463,-813.041766144));
#72957=CARTESIAN_POINT('Control Point',(9434.43936242,-2637.65626004,-812.932672848));
#72958=CARTESIAN_POINT('Control Point',(9428.895062940001,-2637.22267499,-812.8843536099999));
#72959=CARTESIAN_POINT('Control Point',(9422.02502295,-2636.68394829,-812.82431494));
#72960=CARTESIAN_POINT('Control Point',(9415.18215533,-2636.14553422,-812.764326317));
#72961=CARTESIAN_POINT('Control Point',(9413.82386203,-2636.03858856,-812.752411443));
#72962=CARTESIAN_POINT('Control Point',(9412.46618759,-2635.93162008,-812.740494879));
#72963=CARTESIAN_POINT('Control Point',(9411.108849869999,-2635.82460664,-812.728574312));
#72964=CARTESIAN_POINT('Vertex',(9480.909773879999,-2641.25135052,-813.33309047));
#72965=VERTEX_POINT('',#72964);
#72966=EDGE_CURVE('',#72965,#71305,#72951,.T.);
#72967=B_SPLINE_CURVE_WITH_KNOTS('',5,(#72968,#72969,#72970,#72971,#72972,#72973,#72974,#72975,#72976,#72977,#72978,#72979,#72980,#72981,#72982),.UNSPECIFIED.,.F.,.U.,(6,3,3,3,6),(0.,0.615544223823,1.23519110668,1.6489939754,2.0529893967),.UNSPECIFIED.);
#72968=CARTESIAN_POINT('Control Point',(9480.909802620001,-2641.25135722,-813.333091641));
#72969=CARTESIAN_POINT('Control Point',(9480.996848479999,-2641.25802822,-813.333833695));
#72970=CARTESIAN_POINT('Control Point',(9481.08335506,-2641.26740495,-813.325447281));
#72971=CARTESIAN_POINT('Control Point',(9481.1699601,-2641.27961728,-813.307669677));
#72972=CARTESIAN_POINT('Control Point',(9481.335362379999,-2641.30857201,-813.2550159579999));
#72973=CARTESIAN_POINT('Control Point',(9481.48788737,-2641.347453,-813.166004511));
#72974=CARTESIAN_POINT('Control Point',(9481.558917959999,-2641.36893464,-813.113341522));
#72975=CARTESIAN_POINT('Control Point',(9481.66861853,-2641.40887522,-813.00953598));
#72976=CARTESIAN_POINT('Control Point',(9481.75702974,-2641.45397664,-812.882969806));
#72977=CARTESIAN_POINT('Control Point',(9481.788164719999,-2641.47260893,-812.829261542));
#72978=CARTESIAN_POINT('Control Point',(9481.8417512,-2641.51105802,-812.715616488));
#72979=CARTESIAN_POINT('Control Point',(9481.875575239999,-2641.55103362,-812.591679315));
#72980=CARTESIAN_POINT('Control Point',(9481.887398410001,-2641.57157778,-812.526516903));
#72981=CARTESIAN_POINT('Control Point',(9481.893145239999,-2641.59153608,-812.461695693));
#72982=CARTESIAN_POINT('Control Point',(9481.89309412,-2641.61118058,-812.396384474));
#72983=EDGE_CURVE('',#72965,#72901,#72967,.T.);
#72984=EDGE_LOOP('',(#72985,#72986,#72987,#72988,#72989,#72990,#72991,#72992));
#72985=ORIENTED_EDGE('',*,*,#71565,.F.);
#72986=ORIENTED_EDGE('',*,*,#72966,.F.);
#72987=ORIENTED_EDGE('',*,*,#72983,.T.);
#72988=ORIENTED_EDGE('',*,*,#72902,.T.);
#72989=ORIENTED_EDGE('',*,*,#72418,.T.);
#72990=ORIENTED_EDGE('',*,*,#72462,.T.);
#72991=ORIENTED_EDGE('',*,*,#72510,.T.);
#72992=ORIENTED_EDGE('',*,*,#72306,.F.);
#72993=FACE_OUTER_BOUND('',#72984,.T.);
#72994=ADVANCED_FACE('PartBody',(#72993),#72914,.T.);
#72995=B_SPLINE_SURFACE_WITH_KNOTS('',5,1,((#72996,#72997),(#72998,#72999),(#73000,#73001),(#73002,#73003),(#73004,#73005),(#73006,#73007),(#73008,#73009),(#73010,#73011),(#73012,#73013),(#73014,#73015),(#73016,#73017),(#73018,#73019),(#73020,#73021),(#73022,#73023),(#73024,#73025)),.UNSPECIFIED.,.F.,.F.,.U.,(6,3,3,3,6),(2,2),(0.,0.435566359048,0.870409638748,1.16030515855,1.45020067835),(-3.8,2.5573413119E-014),.UNSPECIFIED.);
#72996=CARTESIAN_POINT('Control Point',(9481.1971729,-2637.62316132,-812.24056576));
#72997=CARTESIAN_POINT('Control Point',(9480.909802620001,-2641.25135722,-813.333091641));
#72998=CARTESIAN_POINT('Control Point',(9481.28427016,-2637.62984127,-812.241291598));
#72999=CARTESIAN_POINT('Control Point',(9480.996910649999,-2641.25803298,-813.333834225));
#73000=CARTESIAN_POINT('Control Point',(9481.37082943,-2637.63922772,-812.2328867799999));
#73001=CARTESIAN_POINT('Control Point',(9481.083478590001,-2641.26741834,-813.325435326));
#73002=CARTESIAN_POINT('Control Point',(9481.456739310001,-2637.65134889,-812.215229053));
#73003=CARTESIAN_POINT('Control Point',(9481.169395000001,-2641.27954155,-813.307772527));
#73004=CARTESIAN_POINT('Control Point',(9481.62123913,-2637.68006943,-812.163115708));
#73005=CARTESIAN_POINT('Control Point',(9481.333903250001,-2641.30827217,-813.2556279619999));
#73006=CARTESIAN_POINT('Control Point',(9481.77420109,-2637.71894188,-812.074247591));
#73007=CARTESIAN_POINT('Control Point',(9481.486864050001,-2641.34716756,-813.166683332));
#73008=CARTESIAN_POINT('Control Point',(9481.845127549999,-2637.74034422,-812.021820654));
#73009=CARTESIAN_POINT('Control Point',(9481.557787469999,-2641.36858431,-813.114207732));
#73010=CARTESIAN_POINT('Control Point',(9481.95443039,-2637.7800071,-811.918832928));
#73011=CARTESIAN_POINT('Control Point',(9481.667080700001,-2641.40827686,-813.011118935));
#73012=CARTESIAN_POINT('Control Point',(9482.04261559,-2637.82470202,-811.793557956));
#73013=CARTESIAN_POINT('Control Point',(9481.75524875,-2641.45300988,-812.885712853));
#73014=CARTESIAN_POINT('Control Point',(9482.073898799999,-2637.84324786,-811.7401760389999));
#73015=CARTESIAN_POINT('Control Point',(9481.78652388,-2641.47157225,-812.83227392));
#73016=CARTESIAN_POINT('Control Point',(9482.128227839999,-2637.88186815,-811.626157947));
#73017=CARTESIAN_POINT('Control Point',(9481.840834160001,-2641.51022839,-812.718131771));
#73018=CARTESIAN_POINT('Control Point',(9482.16250199,-2637.92179524,-811.502500872));
#73019=CARTESIAN_POINT('Control Point',(9481.875084949999,-2641.55019548,-812.594335656));
#73020=CARTESIAN_POINT('Control Point',(9482.17465734,-2637.94256511,-811.436676022));
#73021=CARTESIAN_POINT('Control Point',(9481.887227130001,-2641.5709869,-812.528435683));
#73022=CARTESIAN_POINT('Control Point',(9482.18059011,-2637.96280176,-811.370978684));
#73023=CARTESIAN_POINT('Control Point',(9481.893146,-2641.59124536,-812.462662238));
#73024=CARTESIAN_POINT('Control Point',(9482.18055298,-2637.98271475,-811.304778707));
#73025=CARTESIAN_POINT('Control Point',(9481.89309412,-2641.61118058,-812.396384474));
#73026=B_SPLINE_CURVE_WITH_KNOTS('',1,(#73027,#73028),.UNSPECIFIED.,.F.,.U.,(2,2),(-3.8,1.86823736557E-014),.UNSPECIFIED.);
#73027=CARTESIAN_POINT('Control Point',(9481.1971729,-2637.62316132,-812.24056576));
#73028=CARTESIAN_POINT('Control Point',(9480.909802620001,-2641.25135722,-813.333091641));
#73029=EDGE_CURVE('',#72855,#72965,#73026,.T.);
#73030=EDGE_LOOP('',(#73031,#73032,#73033,#73034));
#73031=ORIENTED_EDGE('',*,*,#72856,.T.);
#73032=ORIENTED_EDGE('',*,*,#72906,.T.);
#73033=ORIENTED_EDGE('',*,*,#72983,.F.);
#73034=ORIENTED_EDGE('',*,*,#73029,.F.);
#73035=FACE_OUTER_BOUND('',#73030,.T.);
#73036=ADVANCED_FACE('PartBody',(#73035),#72995,.T.);
#73037=B_SPLINE_SURFACE_WITH_KNOTS('',5,5,((#73038,#73039,#73040,#73041,#73042,#73043),(#73044,#73045,#73046,#73047,#73048,#73049),(#73050,#73051,#73052,#73053,#73054,#73055),(#73056,#73057,#73058,#73059,#73060,#73061),(#73062,#73063,#73064,#73065,#73066,#73067),(#73068,#73069,#73070,#73071,#73072,#73073)),.UNSPECIFIED.,.F.,.F.,.U.,(6,6),(6,6),(0.,136.293437392),(-3.8,1.19031579234E-006),.UNSPECIFIED.);
#73038=CARTESIAN_POINT('Control Point',(9481.19714414,-2637.6231546,-812.240564606));
#73039=CARTESIAN_POINT('Control Point',(9481.13966923,-2638.34879381,-812.459069823));
#73040=CARTESIAN_POINT('Control Point',(9481.08219411,-2639.07443297,-812.677575059));
#73041=CARTESIAN_POINT('Control Point',(9481.02472003,-2639.80007238,-812.8960803));
#73042=CARTESIAN_POINT('Control Point',(9480.96724702,-2640.52571204,-813.114585547));
#73043=CARTESIAN_POINT('Control Point',(9480.909773789999,-2641.25135165,-813.333090812));
#73044=CARTESIAN_POINT('Control Point',(9467.077392040001,-2636.54028323,-812.1228998719999));
#73045=CARTESIAN_POINT('Control Point',(9467.019577290001,-2637.26606049,-812.340862169));
#73046=CARTESIAN_POINT('Control Point',(9466.96176158,-2637.99183753,-812.558824454));
#73047=CARTESIAN_POINT('Control Point',(9466.90393837,-2638.71761278,-812.776786782));
#73048=CARTESIAN_POINT('Control Point',(9466.84610757,-2639.44338622,-812.994749144));
#73049=CARTESIAN_POINT('Control Point',(9466.788275839999,-2640.16915944,-813.2127115));
#73050=CARTESIAN_POINT('Control Point',(9452.7268423,-2635.43150395,-812.002194973));
#73051=CARTESIAN_POINT('Control Point',(9452.668649740001,-2636.15741276,-812.219603718));
#73052=CARTESIAN_POINT('Control Point',(9452.610460190001,-2636.88332229,-812.437012442));
#73053=CARTESIAN_POINT('Control Point',(9452.552287160001,-2637.60923577,-812.654421091));
#73054=CARTESIAN_POINT('Control Point',(9452.49413065,-2638.33515322,-812.8718296869999));
#73055=CARTESIAN_POINT('Control Point',(9452.435977110001,-2639.06107138,-813.089238251));
#73056=CARTESIAN_POINT('Control Point',(9438.674737830001,-2634.33751127,-811.883066309));
#73057=CARTESIAN_POINT('Control Point',(9438.61624607,-2635.06356486,-812.0999313029999));
#73058=CARTESIAN_POINT('Control Point',(9438.557751320001,-2635.78961772,-812.316796315));
#73059=CARTESIAN_POINT('Control Point',(9438.499240069999,-2636.51566661,-812.533661331));
#73060=CARTESIAN_POINT('Control Point',(9438.44071232,-2637.24171154,-812.750526324));
#73061=CARTESIAN_POINT('Control Point',(9438.382181610001,-2637.96775575,-812.967391347));
#73062=CARTESIAN_POINT('Control Point',(9425.01808557,-2633.26708107,-811.7664768670001));
#73063=CARTESIAN_POINT('Control Point',(9424.959241050001,-2633.99325985,-811.982811345));
#73064=CARTESIAN_POINT('Control Point',(9424.9003973,-2634.71943882,-812.199145801));
#73065=CARTESIAN_POINT('Control Point',(9424.841560680001,-2635.44561951,-812.41548026));
#73066=CARTESIAN_POINT('Control Point',(9424.782731499999,-2636.17180199,-812.6318147440001));
#73067=CARTESIAN_POINT('Control Point',(9424.72390305,-2636.89798467,-812.848149195));
#73068=CARTESIAN_POINT('Control Point',(9411.40466882,-2632.1930528,-811.649553353));
#73069=CARTESIAN_POINT('Control Point',(9411.34551126,-2632.91936508,-811.865357359));
#73070=CARTESIAN_POINT('Control Point',(9411.286353969999,-2633.64567741,-812.081161389));
#73071=CARTESIAN_POINT('Control Point',(9411.2271958,-2634.37198952,-812.296965439));
#73072=CARTESIAN_POINT('Control Point',(9411.168036589999,-2635.09830139,-812.5127695));
#73073=CARTESIAN_POINT('Control Point',(9411.108877660001,-2635.82461332,-812.728573587));
#73074=EDGE_LOOP('',(#73075,#73076,#73077,#73078));
#73075=ORIENTED_EDGE('',*,*,#73029,.T.);
#73076=ORIENTED_EDGE('',*,*,#72966,.T.);
#73077=ORIENTED_EDGE('',*,*,#71306,.F.);
#73078=ORIENTED_EDGE('',*,*,#72870,.F.);
#73079=FACE_OUTER_BOUND('',#73074,.T.);
#73080=ADVANCED_FACE('PartBody',(#73079),#73037,.F.);
#73081=ADVANCED_BREP_SHAPE_REPRESENTATION('NONE',(#70771),#69127);

#73082=APPLICATION_CONTEXT('automotive_design');
#73083=APPLICATION_PROTOCOL_DEFINITION('international standard','automotive_design',2010,#73082);
#73084=PRODUCT_CONTEXT('',#73082,'mechanical');
#73085=PRODUCT_DEFINITION_CONTEXT('part definition',#73082,'design');
#73086=PRODUCT('part_018_V5311447220200','part_018_V5311447220200','',(#73084));
#73087=PRODUCT_DEFINITION_FORMATION('','',#73086);
#73088=PRODUCT_DEFINITION('design','',#73087,#73085);
#73089=PRODUCT_DEFINITION_SHAPE('','',#73088);
#73090=SHAPE_DEFINITION_REPRESENTATION(#73089,#73081);
ENDSEC;
END-ISO-10303-21;
