ISO-10303-21;
HEADER;
FILE_DESCRIPTION(('CATIA V5 STEP Exchange','CAx-IF Rec.Pracs.--- Model Styling and Organization---1.4--- 2014-01-23'),'2;1');

FILE_NAME('C:\\Users\\SA516207\\WORK\\01_ASSY\\3_Catia\\ECHELLE\\ECHELLE.stp','2026-09-22T12:18:05+00:00',('none'),('none'),'CATIA Version 5-6 Release 2017 SP2 HF26','CATIA V5 STEP AP203 WITH EXTENSIONS','none');

FILE_SCHEMA(('CONFIG_CONTROL_DESIGN','SHAPE_APPEARANCE_LAYER_MIM'));

ENDSEC;
DATA;
#46=(LENGTH_UNIT()NAMED_UNIT(*)SI_UNIT(.MILLI.,.METRE.));
#47=(NAMED_UNIT(*)PLANE_ANGLE_UNIT()SI_UNIT($,.RADIAN.));
#48=(NAMED_UNIT(*)SI_UNIT($,.STERADIAN.)SOLID_ANGLE_UNIT());
#16705=UNCERTAINTY_MEASURE_WITH_UNIT(LENGTH_MEASURE(0.005),#46,'distance_accuracy_value','CONFUSED CURVE UNCERTAINTY');
#16706=(GEOMETRIC_REPRESENTATION_CONTEXT(3)GLOBAL_UNCERTAINTY_ASSIGNED_CONTEXT((#16705))GLOBAL_UNIT_ASSIGNED_CONTEXT((#46,#47,#48))REPRESENTATION_CONTEXT(' ',' '));
#17612=MANIFOLD_SOLID_BREP('PartBody',#17614);
#17614=CLOSED_SHELL('Closed Shell',(#17690,#17730,#17936,#18012,#18044,#18105,#18138,#18177,#18216,#18255,#18287,#18354,#18450,#18557,#18643,#18701,#18741,#18772,#18803,#18834,#18865,#18910,#18941,#18967,#18998,#19029,#19054,#19078,#19105,#19199,#19274,#19294,#19318,#19408,#19478,#19518,#19568,#19614,#19693,#19730,#19791,#19822,#19854,#19885,#19931,#20011,#20053,#20078,#20113,#20137,#20189,#20227,#20258,#20289,#20314,#20338,#20362,#20382,#20424,#20441));
#17615=B_SPLINE_SURFACE_WITH_KNOTS('',5,1,((#17616,#17617),(#17618,#17619),(#17620,#17621),(#17622,#17623),(#17624,#17625),(#17626,#17627),(#17628,#17629),(#17630,#17631),(#17632,#17633),(#17634,#17635),(#17636,#17637),(#17638,#17639),(#17640,#17641),(#17642,#17643),(#17644,#17645)),.UNSPECIFIED.,.F.,.F.,.U.,(6,3,3,3,6),(2,2),(0.,2.25134029091,4.50584287031,6.00916405101,7.5106550659),(-2.17,8.5835947995E-014),.UNSPECIFIED.);
#17616=CARTESIAN_POINT('Control Point',(9407.14785322,-2022.52351619,2211.23612791));
#17617=CARTESIAN_POINT('Control Point',(9406.916579729999,-2024.15493292,2212.64818034));
#17618=CARTESIAN_POINT('Control Point',(9407.595950789999,-2022.56201543,2211.26503958));
#17619=CARTESIAN_POINT('Control Point',(9407.364714059999,-2024.19342377,2212.67710771));
#17620=CARTESIAN_POINT('Control Point',(9408.04539709,-2022.56741109,2211.33240371));
#17621=CARTESIAN_POINT('Control Point',(9407.814199459999,-2024.19878614,2212.74451671));
#17622=CARTESIAN_POINT('Control Point',(9408.49022064,-2022.53890138,2211.43816557));
#17623=CARTESIAN_POINT('Control Point',(9408.25906396,-2024.17021814,2212.85035261));
#17624=CARTESIAN_POINT('Control Point',(9409.35779634,-2022.41239255,2211.72629011));
#17625=CARTESIAN_POINT('Control Point',(9409.12672428,-2024.04354252,2213.13868368));
#17626=CARTESIAN_POINT('Control Point',(9410.145323029999,-2022.1497091,2212.15839613));
#17627=CARTESIAN_POINT('Control Point',(9409.914337639999,-2023.78059691,2213.57110656));
#17628=CARTESIAN_POINT('Control Point',(9410.512870909999,-2021.98474878,2212.40891261));
#17629=CARTESIAN_POINT('Control Point',(9410.281928799999,-2023.61548251,2213.82180797));
#17630=CARTESIAN_POINT('Control Point',(9411.067820079999,-2021.65515824,2212.87994873));
#17631=CARTESIAN_POINT('Control Point',(9410.83694868,-2023.28559901,2214.29319374));
#17632=CARTESIAN_POINT('Control Point',(9411.5038929,-2021.24497321,2213.42422566));
#17633=CARTESIAN_POINT('Control Point',(9411.273087149999,-2022.87507045,2214.83787759));
#17634=CARTESIAN_POINT('Control Point',(9411.65639543,-2021.06957959,2213.65135236));
#17635=CARTESIAN_POINT('Control Point',(9411.425614759999,-2022.69953275,2215.06517451));
#17636=CARTESIAN_POINT('Control Point',(9411.91514449,-2020.69879202,2214.12098578));
#17637=CARTESIAN_POINT('Control Point',(9411.68441127,-2022.32844584,2215.53516071));
#17638=CARTESIAN_POINT('Control Point',(9412.07565692,-2020.29213919,2214.6156519));
#17639=CARTESIAN_POINT('Control Point',(9411.844964899999,-2021.9214749,2216.03020003));
#17640=CARTESIAN_POINT('Control Point',(9412.12919333,-2020.08314986,2214.86507724));
#17641=CARTESIAN_POINT('Control Point',(9411.898519939999,-2021.71232447,2216.27981395));
#17642=CARTESIAN_POINT('Control Point',(9412.155884559999,-2019.87024775,2215.11455779));
#17643=CARTESIAN_POINT('Control Point',(9411.9252277,-2021.49926054,2216.52948351));
#17644=CARTESIAN_POINT('Control Point',(9412.15590867,-2019.65557532,2215.36165825));
#17645=CARTESIAN_POINT('Control Point',(9411.925266119999,-2021.28442716,2216.77677156));
#17646=B_SPLINE_CURVE_WITH_KNOTS('',5,(#17647,#17648,#17649,#17650,#17651,#17652,#17653,#17654,#17655),.UNSPECIFIED.,.F.,.U.,(6,3,6),(0.,4.27308331831,10.6218876477),.UNSPECIFIED.);
#17647=CARTESIAN_POINT('Control Point',(9412.15590867,-2019.65557532,2215.36165825));
#17648=CARTESIAN_POINT('Control Point',(9412.15586015,-2020.08757149,2214.86440552));
#17649=CARTESIAN_POINT('Control Point',(9412.047821709999,-2020.51239865,2214.35751446));
#17650=CARTESIAN_POINT('Control Point',(9411.82997284,-2020.91065418,2213.86300322));
#17651=CARTESIAN_POINT('Control Point',(9411.04947672,-2021.79314763,2212.71799427));
#17652=CARTESIAN_POINT('Control Point',(9409.79605021,-2022.35277368,2211.86694396));
#17653=CARTESIAN_POINT('Control Point',(9408.94027302,-2022.54542745,2211.50432635));
#17654=CARTESIAN_POINT('Control Point',(9408.04138167,-2022.60028555,2211.29377919));
#17655=CARTESIAN_POINT('Control Point',(9407.14785322,-2022.52351619,2211.23612791));
#17656=CARTESIAN_POINT('Vertex',(9412.15590867,-2019.65557532,2215.36165825));
#17657=VERTEX_POINT('',#17656);
#17658=CARTESIAN_POINT('Vertex',(9407.14785322,-2022.52351619,2211.23612791));
#17659=VERTEX_POINT('',#17658);
#17660=EDGE_CURVE('',#17657,#17659,#17646,.T.);
#17661=B_SPLINE_CURVE_WITH_KNOTS('',1,(#17662,#17663),.UNSPECIFIED.,.F.,.U.,(2,2),(-2.17,8.5835947995E-014),.UNSPECIFIED.);
#17662=CARTESIAN_POINT('Control Point',(9407.14785322,-2022.52351619,2211.23612791));
#17663=CARTESIAN_POINT('Control Point',(9406.916579729999,-2024.15493292,2212.64818034));
#17664=CARTESIAN_POINT('Vertex',(9406.916579729999,-2024.15493292,2212.64818034));
#17665=VERTEX_POINT('',#17664);
#17666=EDGE_CURVE('',#17659,#17665,#17661,.T.);
#17667=B_SPLINE_CURVE_WITH_KNOTS('',5,(#17668,#17669,#17670,#17671,#17672,#17673,#17674,#17675,#17676),.UNSPECIFIED.,.F.,.U.,(6,3,6),(0.,4.27308312156,10.6218878467),.UNSPECIFIED.);
#17668=CARTESIAN_POINT('Control Point',(9411.925266119999,-2021.28442716,2216.77677156));
#17669=CARTESIAN_POINT('Control Point',(9411.9251888,-2021.7167472,2216.27914136));
#17670=CARTESIAN_POINT('Control Point',(9411.817112569999,-2022.14190175,2215.77186707));
#17671=CARTESIAN_POINT('Control Point',(9411.59921798,-2022.54047389,2215.2769835));
#17672=CARTESIAN_POINT('Control Point',(9410.81859447,-2023.42369337,2214.13111657));
#17673=CARTESIAN_POINT('Control Point',(9409.565020509999,-2023.98384264,2213.27943807));
#17674=CARTESIAN_POINT('Control Point',(9408.709155529999,-2024.17671171,2212.91655737));
#17675=CARTESIAN_POINT('Control Point',(9407.810181549999,-2024.23168556,2212.70586294));
#17676=CARTESIAN_POINT('Control Point',(9406.916579729999,-2024.15493292,2212.64818034));
#17677=CARTESIAN_POINT('Vertex',(9411.925266119999,-2021.28442716,2216.77677156));
#17678=VERTEX_POINT('',#17677);
#17679=EDGE_CURVE('',#17678,#17665,#17667,.T.);
#17680=B_SPLINE_CURVE_WITH_KNOTS('',1,(#17681,#17682),.UNSPECIFIED.,.F.,.U.,(2,2),(-2.17,-6.61341485172E-014),.UNSPECIFIED.);
#17681=CARTESIAN_POINT('Control Point',(9412.15590867,-2019.65557532,2215.36165825));
#17682=CARTESIAN_POINT('Control Point',(9411.925266119999,-2021.28442716,2216.77677156));
#17683=EDGE_CURVE('',#17657,#17678,#17680,.T.);
#17684=EDGE_LOOP('',(#17685,#17686,#17687,#17688));
#17685=ORIENTED_EDGE('',*,*,#17660,.T.);
#17686=ORIENTED_EDGE('',*,*,#17666,.T.);
#17687=ORIENTED_EDGE('',*,*,#17679,.F.);
#17688=ORIENTED_EDGE('',*,*,#17683,.F.);
#17689=FACE_OUTER_BOUND('',#17684,.T.);
#17690=ADVANCED_FACE('PartBody',(#17689),#17615,.F.);
#17691=B_SPLINE_SURFACE_WITH_KNOTS('',5,1,((#17692,#17693),(#17694,#17695),(#17696,#17697),(#17698,#17699),(#17700,#17701),(#17702,#17703)),.UNSPECIFIED.,.F.,.F.,.U.,(6,6),(2,2),(0.,1.55454326967),(-2.17000006796,6.7954713856E-008),.UNSPECIFIED.);
#17692=CARTESIAN_POINT('Control Point',(9412.155908679999,-2019.65557527,2215.36165821));
#17693=CARTESIAN_POINT('Control Point',(9411.925266119999,-2021.28442721,2216.77677161));
#17694=CARTESIAN_POINT('Control Point',(9412.15592266,-2019.53103894,2215.50500679));
#17695=CARTESIAN_POINT('Control Point',(9411.9252884,-2021.15979751,2216.92022902));
#17696=CARTESIAN_POINT('Control Point',(9412.155936650001,-2019.40648783,2215.64834833));
#17697=CARTESIAN_POINT('Control Point',(9411.92531069,-2021.03515301,2217.06367939));
#17698=CARTESIAN_POINT('Control Point',(9412.155950639999,-2019.28192193,2215.79168283));
#17699=CARTESIAN_POINT('Control Point',(9411.925332979999,-2020.91049371,2217.20712272));
#17700=CARTESIAN_POINT('Control Point',(9412.15596462,-2019.15734126,2215.93501029));
#17701=CARTESIAN_POINT('Control Point',(9411.92535526,-2020.78581961,2217.35055901));
#17702=CARTESIAN_POINT('Control Point',(9412.155978609999,-2019.03274579,2216.07833071));
#17703=CARTESIAN_POINT('Control Point',(9411.925377539999,-2020.66113071,2217.49398826));
#17704=B_SPLINE_CURVE_WITH_KNOTS('',3,(#17705,#17706,#17707,#17708),.UNSPECIFIED.,.F.,.U.,(4,4),(0.,1.78193485532),.UNSPECIFIED.);
#17705=CARTESIAN_POINT('Control Point',(9412.155978609999,-2019.03274579,2216.07833071));
#17706=CARTESIAN_POINT('Control Point',(9412.155955299999,-2019.2404062,2215.83946189));
#17707=CARTESIAN_POINT('Control Point',(9412.15593198,-2019.44801604,2215.60057106));
#17708=CARTESIAN_POINT('Control Point',(9412.15590867,-2019.65557532,2215.36165825));
#17709=CARTESIAN_POINT('Vertex',(9412.155978589999,-2019.03274589,2216.0783308));
#17710=VERTEX_POINT('',#17709);
#17711=EDGE_CURVE('',#17710,#17657,#17704,.T.);
#17712=B_SPLINE_CURVE_WITH_KNOTS('',3,(#17713,#17714,#17715,#17716),.UNSPECIFIED.,.F.,.U.,(4,4),(0.,1.78193486637),.UNSPECIFIED.);
#17713=CARTESIAN_POINT('Control Point',(9411.92537755,-2020.66113061,2217.49398817));
#17714=CARTESIAN_POINT('Control Point',(9411.925340419999,-2020.86894675,2217.25493796));
#17715=CARTESIAN_POINT('Control Point',(9411.92530327,-2021.07671226,2217.01586576));
#17716=CARTESIAN_POINT('Control Point',(9411.925266119999,-2021.28442716,2216.77677156));
#17717=CARTESIAN_POINT('Vertex',(9411.925377539999,-2020.66113072,2217.49398825));
#17718=VERTEX_POINT('',#17717);
#17719=EDGE_CURVE('',#17718,#17678,#17712,.T.);
#17720=B_SPLINE_CURVE_WITH_KNOTS('',1,(#17721,#17722),.UNSPECIFIED.,.F.,.U.,(2,2),(-2.16999993174,6.7954713856E-008),.UNSPECIFIED.);
#17721=CARTESIAN_POINT('Control Point',(9412.155978589999,-2019.03274589,2216.0783308));
#17722=CARTESIAN_POINT('Control Point',(9411.925377539999,-2020.66113071,2217.49398826));
#17723=EDGE_CURVE('',#17718,#17710,#17720,.F.);
#17724=EDGE_LOOP('',(#17725,#17726,#17727,#17728));
#17725=ORIENTED_EDGE('',*,*,#17711,.T.);
#17726=ORIENTED_EDGE('',*,*,#17683,.T.);
#17727=ORIENTED_EDGE('',*,*,#17719,.F.);
#17728=ORIENTED_EDGE('',*,*,#17723,.T.);
#17729=FACE_OUTER_BOUND('',#17724,.T.);
#17730=ADVANCED_FACE('PartBody',(#17729),#17691,.F.);
#17731=B_SPLINE_SURFACE_WITH_KNOTS('',5,5,((#17732,#17733,#17734,#17735,#17736,#17737),(#17738,#17739,#17740,#17741,#17742,#17743),(#17744,#17745,#17746,#17747,#17748,#17749),(#17750,#17751,#17752,#17753,#17754,#17755),(#17756,#17757,#17758,#17759,#17760,#17761),(#17762,#17763,#17764,#17765,#17766,#17767)),.UNSPECIFIED.,.F.,.F.,.U.,(6,6),(6,6),(1103.66810322,1297.19469094),(-1172.79278564,-1103.35909099),.UNSPECIFIED.);
#17732=CARTESIAN_POINT('Control Point',(9464.642876559999,-2156.08584679,2059.15621203));
#17733=CARTESIAN_POINT('Control Point',(9450.841087659999,-2154.58557653,2058.64295316));
#17734=CARTESIAN_POINT('Control Point',(9437.04072716,-2153.07622591,2058.12693138));
#17735=CARTESIAN_POINT('Control Point',(9423.24179724,-2151.55778627,2057.60814369));
#17736=CARTESIAN_POINT('Control Point',(9409.44430091,-2150.03024333,2057.0865854));
#17737=CARTESIAN_POINT('Control Point',(9395.6482419,-2148.49357789,2056.56225035));
#17738=CARTESIAN_POINT('Control Point',(9466.57123684,-2131.5621754,2092.08283098));
#17739=CARTESIAN_POINT('Control Point',(9452.76842253,-2130.06836832,2091.57148772));
#17740=CARTESIAN_POINT('Control Point',(9438.96703736,-2128.56548031,2091.05738142));
#17741=CARTESIAN_POINT('Control Point',(9425.167083979999,-2127.05349952,2090.54050807));
#17742=CARTESIAN_POINT('Control Point',(9411.368565799999,-2125.53240884,2090.02086211));
#17743=CARTESIAN_POINT('Control Point',(9397.57148692,-2124.00218649,2089.4984366));
#17744=CARTESIAN_POINT('Control Point',(9468.61193807,-2106.32473624,2124.79167522));
#17745=CARTESIAN_POINT('Control Point',(9454.808161499999,-2104.83698583,2124.28212107));
#17746=CARTESIAN_POINT('Control Point',(9441.00581484,-2103.3401588,2123.76980373));
#17747=CARTESIAN_POINT('Control Point',(9427.204901069999,-2101.83422677,2123.25471712));
#17748=CARTESIAN_POINT('Control Point',(9413.40542429,-2100.31918227,2122.73685796));
#17749=CARTESIAN_POINT('Control Point',(9399.60738876,-2098.79499694,2122.21621523));
#17750=CARTESIAN_POINT('Control Point',(9470.769034019999,-2080.34791671,2157.27480726));
#17751=CARTESIAN_POINT('Control Point',(9456.964367839999,-2078.86575584,2156.76690249));
#17752=CARTESIAN_POINT('Control Point',(9443.161132679999,-2077.37451582,2156.25623247));
#17753=CARTESIAN_POINT('Control Point',(9429.3593313,-2075.87416534,2155.742794));
#17754=CARTESIAN_POINT('Control Point',(9415.558968739999,-2074.36470487,2155.22657768));
#17755=CARTESIAN_POINT('Control Point',(9401.760049729999,-2072.84608752,2154.70757483));
#17756=CARTESIAN_POINT('Control Point',(9473.04722389,-2053.60172405,2189.52332514));
#17757=CARTESIAN_POINT('Control Point',(9459.24174293,-2052.12469036,2189.01692037));
#17758=CARTESIAN_POINT('Control Point',(9445.43769468,-2050.63856555,2188.50774844));
#17759=CARTESIAN_POINT('Control Point',(9431.635083069999,-2049.14332833,2187.99580261));
#17760=CARTESIAN_POINT('Control Point',(9417.8339127,-2047.63895318,2187.48107484));
#17761=CARTESIAN_POINT('Control Point',(9404.03418868,-2046.12541083,2186.96355602));
#17762=CARTESIAN_POINT('Control Point',(9475.45222709,-2026.05018931,2221.5260289));
#17763=CARTESIAN_POINT('Control Point',(9461.646027699999,-2024.57766033,2221.02093008));
#17764=CARTESIAN_POINT('Control Point',(9447.841262689999,-2023.09603315,2220.5130622));
#17765=CARTESIAN_POINT('Control Point',(9434.03793645,-2021.60528345,2220.00241753));
#17766=CARTESIAN_POINT('Control Point',(9420.23605392,-2020.10538301,2219.48898717));
#17767=CARTESIAN_POINT('Control Point',(9406.435620569999,-2018.59630016,2218.97276123));
#17768=B_SPLINE_CURVE_WITH_KNOTS('',3,(#17769,#17770,#17771,#17772),.UNSPECIFIED.,.F.,.U.,(4,4),(0.,2.357710094),.UNSPECIFIED.);
#17769=CARTESIAN_POINT('Control Point',(9405.95880599,-2024.07265437,2212.58634482));
#17770=CARTESIAN_POINT('Control Point',(9406.278063419999,-2024.10008521,2212.60696016));
#17771=CARTESIAN_POINT('Control Point',(9406.59732135,-2024.12751139,2212.627572));
#17772=CARTESIAN_POINT('Control Point',(9406.916579729999,-2024.15493292,2212.64818034));
#17773=CARTESIAN_POINT('Vertex',(9405.958805999999,-2024.07265437,2212.58634482));
#17774=VERTEX_POINT('',#17773);
#17775=EDGE_CURVE('',#17774,#17665,#17768,.T.);
#17776=B_SPLINE_CURVE_WITH_KNOTS('',4,(#17777,#17778,#17779,#17780,#17781),.UNSPECIFIED.,.F.,.U.,(5,5),(84.9294581357,357.899966672),.UNSPECIFIED.);
#17777=CARTESIAN_POINT('Control Point',(9405.93724173,-2149.63754726,2056.95266592));
#17778=CARTESIAN_POINT('Control Point',(9405.942752139999,-2119.76785037,2096.67788402));
#17779=CARTESIAN_POINT('Control Point',(9405.94816584,-2088.90205655,2135.87745411));
#17780=CARTESIAN_POINT('Control Point',(9405.953545659999,-2057.01202163,2174.5276167));
#17781=CARTESIAN_POINT('Control Point',(9405.95880593,-2024.07265436,2212.58634481));
#17782=CARTESIAN_POINT('Vertex',(9405.93716686,-2149.63749361,2056.9526283));
#17783=VERTEX_POINT('',#17782);
#17784=EDGE_CURVE('',#17783,#17774,#17776,.T.);
#17785=B_SPLINE_CURVE_WITH_KNOTS('',3,(#17786,#17787,#17788,#17789),.UNSPECIFIED.,.F.,.U.,(4,4),(0.,24.1227703536),.UNSPECIFIED.);
#17786=CARTESIAN_POINT('Control Point',(9405.937241149999,-2149.63754722,2056.95266588));
#17787=CARTESIAN_POINT('Control Point',(9408.9575582,-2149.96727929,2057.07436451));
#17788=CARTESIAN_POINT('Control Point',(9411.978390419999,-2150.29655435,2057.19589319));
#17789=CARTESIAN_POINT('Control Point',(9414.999636749999,-2150.62536136,2057.3172479));
#17790=CARTESIAN_POINT('Vertex',(9414.999634009999,-2150.62538316,2057.31725712));
#17791=VERTEX_POINT('',#17790);
#17792=EDGE_CURVE('',#17783,#17791,#17785,.T.);
#17793=B_SPLINE_CURVE_WITH_KNOTS('',5,(#17794,#17795,#17796,#17797,#17798,#17799,#17800,#17801,#17802,#17803,#17804,#17805,#17806,#17807,#17808),.UNSPECIFIED.,.F.,.U.,(6,3,3,3,6),(0.,7.49084491612,14.8573043129,19.6724057236,28.4810950418),.UNSPECIFIED.);
#17794=CARTESIAN_POINT('Control Point',(9414.99965691,-2150.62536355,2057.31724871));
#17795=CARTESIAN_POINT('Control Point',(9416.052371,-2150.73993209,2057.35953318));
#17796=CARTESIAN_POINT('Control Point',(9417.109868039999,-2150.79003288,2057.48833326));
#17797=CARTESIAN_POINT('Control Point',(9418.16183854,-2150.77402654,2057.7039115));
#17798=CARTESIAN_POINT('Control Point',(9420.203395099999,-2150.60855647,2058.30064956));
#17799=CARTESIAN_POINT('Control Point',(9422.104906569999,-2150.18078297,2059.21914122));
#17800=CARTESIAN_POINT('Control Point',(9422.9976548,-2149.90593287,2059.74834974));
#17801=CARTESIAN_POINT('Control Point',(9424.37527253,-2149.3476634,2060.74231547));
#17802=CARTESIAN_POINT('Control Point',(9425.550582379999,-2148.63125341,2061.90732319));
#17803=CARTESIAN_POINT('Control Point',(9425.978186349999,-2148.32552936,2062.39064931));
#17804=CARTESIAN_POINT('Control Point',(9427.080371529999,-2147.39734368,2063.82124629));
#17805=CARTESIAN_POINT('Control Point',(9427.845738579999,-2146.31366613,2065.39335654));
#17806=CARTESIAN_POINT('Control Point',(9428.18373644,-2145.55795702,2066.45262436));
#17807=CARTESIAN_POINT('Control Point',(9428.351389429999,-2144.77096719,2067.52072252));
#17808=CARTESIAN_POINT('Control Point',(9428.351605919999,-2143.97029179,2068.57507692));
#17809=CARTESIAN_POINT('Vertex',(9428.351605919999,-2143.97029179,2068.57507692));
#17810=VERTEX_POINT('',#17809);
#17811=EDGE_CURVE('',#17791,#17810,#17793,.T.);
#17812=B_SPLINE_CURVE_WITH_KNOTS('',3,(#17813,#17814,#17815,#17816),.UNSPECIFIED.,.F.,.U.,(4,4),(0.,100.453079768),.UNSPECIFIED.);
#17813=CARTESIAN_POINT('Control Point',(9428.351605919999,-2143.97029179,2068.57507692));
#17814=CARTESIAN_POINT('Control Point',(9428.35417669,-2134.46214577,2081.0957009));
#17815=CARTESIAN_POINT('Control Point',(9428.356732029999,-2124.83328974,2093.56811132));
#17816=CARTESIAN_POINT('Control Point',(9428.35927151,-2115.08116286,2105.99118032));
#17817=CARTESIAN_POINT('Vertex',(9428.35927151,-2115.08116286,2105.99118032));
#17818=VERTEX_POINT('',#17817);
#17819=EDGE_CURVE('',#17810,#17818,#17812,.T.);
#17820=B_SPLINE_CURVE_WITH_KNOTS('',4,(#17821,#17822,#17823,#17824,#17825),.UNSPECIFIED.,.F.,.U.,(5,5),(0.,8.55143586951),.UNSPECIFIED.);
#17821=CARTESIAN_POINT('Control Point',(9428.35927151,-2115.08116286,2105.99118032));
#17822=CARTESIAN_POINT('Control Point',(9428.35953136,-2114.08327262,2107.26237578));
#17823=CARTESIAN_POINT('Control Point',(9428.53383427,-2113.09294957,2108.55280795));
#17824=CARTESIAN_POINT('Control Point',(9428.882376509999,-2112.14047131,2109.82388135));
#17825=CARTESIAN_POINT('Control Point',(9429.393758579999,-2111.23619505,2111.06072052));
#17826=CARTESIAN_POINT('Vertex',(9429.393758579999,-2111.23619505,2111.06072052));
#17827=VERTEX_POINT('',#17826);
#17828=EDGE_CURVE('',#17818,#17827,#17820,.T.);
#17829=B_SPLINE_CURVE_WITH_KNOTS('',4,(#17830,#17831,#17832,#17833,#17834),.UNSPECIFIED.,.F.,.U.,(5,5),(0.,14.6856682912),.UNSPECIFIED.);
#17830=CARTESIAN_POINT('Control Point',(9429.393758579999,-2111.23619505,2111.06072052));
#17831=CARTESIAN_POINT('Control Point',(9430.094446560001,-2109.99716938,2112.75541887));
#17832=CARTESIAN_POINT('Control Point',(9430.34702884,-2108.61757086,2114.54599424));
#17833=CARTESIAN_POINT('Control Point',(9430.09044104,-2107.19712779,2116.29442335));
#17834=CARTESIAN_POINT('Control Point',(9429.39516876,-2105.84254794,2117.87987779));
#17835=CARTESIAN_POINT('Vertex',(9429.39516876,-2105.84254794,2117.87987779));
#17836=VERTEX_POINT('',#17835);
#17837=EDGE_CURVE('',#17827,#17836,#17829,.T.);
#17838=B_SPLINE_CURVE_WITH_KNOTS('',4,(#17839,#17840,#17841,#17842,#17843),.UNSPECIFIED.,.F.,.U.,(5,5),(0.,8.58366365968),.UNSPECIFIED.);
#17839=CARTESIAN_POINT('Control Point',(9429.39516876,-2105.84254794,2117.87987779));
#17840=CARTESIAN_POINT('Control Point',(9428.887789409999,-2104.85403472,2119.03687321));
#17841=CARTESIAN_POINT('Control Point',(9428.53724519,-2103.8337644,2120.25973607));
#17842=CARTESIAN_POINT('Control Point',(9428.3624427,-2102.8087295,2121.51740073));
#17843=CARTESIAN_POINT('Control Point',(9428.36270231,-2101.79495728,2122.78957334));
#17844=CARTESIAN_POINT('Vertex',(9428.36270231,-2101.79495728,2122.78957334));
#17845=VERTEX_POINT('',#17844);
#17846=EDGE_CURVE('',#17836,#17845,#17838,.T.);
#17847=B_SPLINE_CURVE_WITH_KNOTS('',3,(#17848,#17849,#17850,#17851),.UNSPECIFIED.,.F.,.U.,(4,4),(0.,173.788601767),.UNSPECIFIED.);
#17848=CARTESIAN_POINT('Control Point',(9428.36270231,-2101.79495728,2122.78957334));
#17849=CARTESIAN_POINT('Control Point',(9428.36707242,-2084.72970919,2144.20458224));
#17850=CARTESIAN_POINT('Control Point',(9428.371404399999,-2067.29172385,2165.47055911));
#17851=CARTESIAN_POINT('Control Point',(9428.375704259999,-2049.4660908,2186.58028789));
#17852=CARTESIAN_POINT('Vertex',(9428.375704259999,-2049.4660908,2186.58028789));
#17853=VERTEX_POINT('',#17852);
#17854=EDGE_CURVE('',#17845,#17853,#17847,.T.);
#17855=B_SPLINE_CURVE_WITH_KNOTS('',5,(#17856,#17857,#17858,#17859,#17860,#17861,#17862,#17863,#17864,#17865,#17866,#17867,#17868,#17869,#17870),.UNSPECIFIED.,.F.,.U.,(6,3,3,3,6),(0.,8.58376378224,17.2370443256,29.0949671353,42.5300768931),.UNSPECIFIED.);
#17856=CARTESIAN_POINT('Control Point',(9428.375704259999,-2049.4660908,2186.58028789));
#17857=CARTESIAN_POINT('Control Point',(9428.375909119999,-2048.61684469,2187.58599438));
#17858=CARTESIAN_POINT('Control Point',(9428.483869329999,-2047.77403007,2188.60080923));
#17859=CARTESIAN_POINT('Control Point',(9428.70079368,-2046.94527092,2189.61586909));
#17860=CARTESIAN_POINT('Control Point',(9429.351282579999,-2045.33021905,2191.62934662));
#17861=CARTESIAN_POINT('Control Point',(9430.405366269999,-2043.85076633,2193.54528365));
#17862=CARTESIAN_POINT('Control Point',(9431.031720699999,-2043.14793138,2194.47516967));
#17863=CARTESIAN_POINT('Control Point',(9432.72640607,-2041.59384976,2196.580174));
#17864=CARTESIAN_POINT('Control Point',(9434.85708566,-2040.33681951,2198.40361353));
#17865=CARTESIAN_POINT('Control Point',(9436.20960953,-2039.71895995,2199.34878743));
#17866=CARTESIAN_POINT('Control Point',(9439.30371946,-2038.64401264,2201.11286061));
#17867=CARTESIAN_POINT('Control Point',(9442.725903549999,-2038.09939957,2202.30757878));
#17868=CARTESIAN_POINT('Control Point',(9444.60096833,-2037.96292371,2202.77258303));
#17869=CARTESIAN_POINT('Control Point',(9446.498258260001,-2037.97687056,2203.06538668));
#17870=CARTESIAN_POINT('Control Point',(9448.38964041,-2038.13733402,2203.18602742));
#17871=CARTESIAN_POINT('Vertex',(9448.38964041,-2038.13733402,2203.18602742));
#17872=VERTEX_POINT('',#17871);
#17873=EDGE_CURVE('',#17853,#17872,#17855,.T.);
#17874=B_SPLINE_CURVE_WITH_KNOTS('',3,(#17875,#17876,#17877,#17878),.UNSPECIFIED.,.F.,.U.,(4,4),(0.,35.8113251683),.UNSPECIFIED.);
#17875=CARTESIAN_POINT('Control Point',(9448.38964041,-2038.13733402,2203.18602742));
#17876=CARTESIAN_POINT('Control Point',(9452.879789639999,-2038.51827497,2203.47242906));
#17877=CARTESIAN_POINT('Control Point',(9457.370016110001,-2038.89829804,2203.75814143));
#17878=CARTESIAN_POINT('Control Point',(9461.86032607,-2039.27740538,2204.04316652));
#17879=CARTESIAN_POINT('Vertex',(9461.86032607,-2039.27740538,2204.04316652));
#17880=VERTEX_POINT('',#17879);
#17881=EDGE_CURVE('',#17872,#17880,#17874,.T.);
#17882=B_SPLINE_CURVE_WITH_KNOTS('',5,(#17883,#17884,#17885,#17886,#17887,#17888,#17889,#17890,#17891,#17892,#17893,#17894,#17895,#17896,#17897,#17898,#17899,#17900),.UNSPECIFIED.,.F.,.U.,(6,3,3,3,3,6),(0.,7.47207628688,9.92682562831,14.7596342869,21.8088777534,27.5952872654),.UNSPECIFIED.);
#17883=CARTESIAN_POINT('Control Point',(9461.86032607,-2039.27740538,2204.04316652));
#17884=CARTESIAN_POINT('Control Point',(9462.91232017,-2039.36622301,2204.10994246));
#17885=CARTESIAN_POINT('Control Point',(9463.967166959999,-2039.38519555,2204.25854679));
#17886=CARTESIAN_POINT('Control Point',(9465.01587673,-2039.33263936,2204.48947067));
#17887=CARTESIAN_POINT('Control Point',(9466.37673251,-2039.16607227,2204.9036037));
#17888=CARTESIAN_POINT('Control Point',(9467.67297161,-2038.87203049,2205.45541409));
#17889=CARTESIAN_POINT('Control Point',(9467.98961422,-2038.79141065,2205.60042284));
#17890=CARTESIAN_POINT('Control Point',(9468.912963069999,-2038.52961799,2206.05428153));
#17891=CARTESIAN_POINT('Control Point',(9469.788070889999,-2038.19997171,2206.57905856));
#17892=CARTESIAN_POINT('Control Point',(9470.344454329999,-2037.95150758,2206.957793));
#17893=CARTESIAN_POINT('Control Point',(9471.638425519999,-2037.27072696,2207.95787063));
#17894=CARTESIAN_POINT('Control Point',(9472.729951609999,-2036.42520783,2209.11549998));
#17895=CARTESIAN_POINT('Control Point',(9473.292291960001,-2035.87183834,2209.84810272));
#17896=CARTESIAN_POINT('Control Point',(9474.14464043,-2034.77360888,2211.25837882));
#17897=CARTESIAN_POINT('Control Point',(9474.65006589,-2033.55748527,2212.74718306));
#17898=CARTESIAN_POINT('Control Point',(9474.803056069999,-2032.99001058,2213.42808742));
#17899=CARTESIAN_POINT('Control Point',(9474.879339229999,-2032.41123653,2214.1092333));
#17900=CARTESIAN_POINT('Control Point',(9474.87956367,-2031.82734542,2214.78360095));
#17901=CARTESIAN_POINT('Vertex',(9474.87956367,-2031.82734542,2214.78360095));
#17902=VERTEX_POINT('',#17901);
#17903=EDGE_CURVE('',#17880,#17902,#17882,.T.);
#17904=B_SPLINE_CURVE_WITH_KNOTS('',3,(#17905,#17906,#17907,#17908),.UNSPECIFIED.,.F.,.U.,(4,4),(0.,16.6790533319),.UNSPECIFIED.);
#17905=CARTESIAN_POINT('Control Point',(9474.87956367,-2031.82734542,2214.78360095));
#17906=CARTESIAN_POINT('Control Point',(9474.88030999,-2029.88576563,2217.02603726));
#17907=CARTESIAN_POINT('Control Point',(9474.88105489,-2027.93977009,2219.26656094));
#17908=CARTESIAN_POINT('Control Point',(9474.881798369999,-2025.98934273,2221.50515788));
#17909=CARTESIAN_POINT('Vertex',(9474.881798369999,-2025.98934275,2221.50515789));
#17910=VERTEX_POINT('',#17909);
#17911=EDGE_CURVE('',#17902,#17910,#17904,.T.);
#17912=B_SPLINE_CURVE_WITH_KNOTS('',3,(#17913,#17914,#17915,#17916),.UNSPECIFIED.,.F.,.U.,(4,4),(61.5066183297,216.442315151),.UNSPECIFIED.);
#17913=CARTESIAN_POINT('Control Point',(9411.92537755,-2020.66113057,2217.49398821));
#17914=CARTESIAN_POINT('Control Point',(9432.909327269999,-2022.45724261,2218.84612252));
#17915=CARTESIAN_POINT('Control Point',(9453.89481473,-2024.23325129,2220.18312436));
#17916=CARTESIAN_POINT('Control Point',(9474.881798319999,-2025.98934272,2221.50515788));
#17917=EDGE_CURVE('',#17910,#17718,#17912,.F.);
#17918=EDGE_LOOP('',(#17919,#17920,#17921,#17922,#17923,#17924,#17925,#17926,#17927,#17928,#17929,#17930,#17931,#17932,#17933,#17934));
#17919=ORIENTED_EDGE('',*,*,#17679,.T.);
#17920=ORIENTED_EDGE('',*,*,#17775,.F.);
#17921=ORIENTED_EDGE('',*,*,#17784,.F.);
#17922=ORIENTED_EDGE('',*,*,#17792,.T.);
#17923=ORIENTED_EDGE('',*,*,#17811,.T.);
#17924=ORIENTED_EDGE('',*,*,#17819,.T.);
#17925=ORIENTED_EDGE('',*,*,#17828,.T.);
#17926=ORIENTED_EDGE('',*,*,#17837,.T.);
#17927=ORIENTED_EDGE('',*,*,#17846,.T.);
#17928=ORIENTED_EDGE('',*,*,#17854,.T.);
#17929=ORIENTED_EDGE('',*,*,#17873,.T.);
#17930=ORIENTED_EDGE('',*,*,#17881,.T.);
#17931=ORIENTED_EDGE('',*,*,#17903,.T.);
#17932=ORIENTED_EDGE('',*,*,#17911,.T.);
#17933=ORIENTED_EDGE('',*,*,#17917,.T.);
#17934=ORIENTED_EDGE('',*,*,#17719,.T.);
#17935=FACE_OUTER_BOUND('',#17918,.T.);
#17936=ADVANCED_FACE('PartBody',(#17935),#17731,.T.);
#17937=B_SPLINE_SURFACE_WITH_KNOTS('',5,1,((#17938,#17939),(#17940,#17941),(#17942,#17943),(#17944,#17945),(#17946,#17947),(#17948,#17949),(#17950,#17951),(#17952,#17953),(#17954,#17955),(#17956,#17957),(#17958,#17959),(#17960,#17961),(#17962,#17963),(#17964,#17965),(#17966,#17967),(#17968,#17969),(#17970,#17971),(#17972,#17973)),.UNSPECIFIED.,.F.,.F.,.U.,(6,3,3,3,3,6),(2,2),(0.,3.89867670092,7.79863462614,11.6985925514,15.6006413816,19.5005993068),(-2.17,3.1397767431E-013),.UNSPECIFIED.);
#17938=CARTESIAN_POINT('Control Point',(9462.08780592,-2037.63922519,2202.63834675));
#17939=CARTESIAN_POINT('Control Point',(9461.86032607,-2039.27740538,2204.04316652));
#17940=CARTESIAN_POINT('Control Point',(9462.863997319999,-2037.70477731,2202.68759272));
#17941=CARTESIAN_POINT('Control Point',(9462.63658074,-2039.34294292,2204.09243974));
#17942=CARTESIAN_POINT('Control Point',(9463.64173929,-2037.7323286,2202.78135904));
#17943=CARTESIAN_POINT('Control Point',(9463.41438866,-2039.37045121,2204.18626686));
#17944=CARTESIAN_POINT('Control Point',(9464.41801329,-2037.72138126,2202.919731));
#17945=CARTESIAN_POINT('Control Point',(9464.19073102,-2039.35943237,2204.32473326));
#17946=CARTESIAN_POINT('Control Point',(9465.955741779999,-2037.61997936,2203.28663952));
#17947=CARTESIAN_POINT('Control Point',(9465.72860024,-2039.25782953,2204.69189881));
#17948=CARTESIAN_POINT('Control Point',(9467.43354163,-2037.36165243,2203.82638933));
#17949=CARTESIAN_POINT('Control Point',(9467.20654601,-2038.9991898,2205.23203667));
#17950=CARTESIAN_POINT('Control Point',(9468.155030279999,-2037.19213392,2204.14035079));
#17951=CARTESIAN_POINT('Control Point',(9467.92810877,-2038.82948629,2205.5462256));
#17952=CARTESIAN_POINT('Control Point',(9469.54005684,-2036.77768822,2204.84643299));
#17953=CARTESIAN_POINT('Control Point',(9469.31328348,-2038.41461921,2206.2528224));
#17954=CARTESIAN_POINT('Control Point',(9470.80944667,-2036.20576963,2205.71636176));
#17955=CARTESIAN_POINT('Control Point',(9470.582821779999,-2037.84217143,2207.12339076));
#17956=CARTESIAN_POINT('Control Point',(9471.403152049999,-2035.88378013,2206.18639077));
#17957=CARTESIAN_POINT('Control Point',(9471.1766002,-2037.51989384,2207.59376653));
#17958=CARTESIAN_POINT('Control Point',(9472.50847001,-2035.16506208,2207.19952353));
#17959=CARTESIAN_POINT('Control Point',(9472.282062,-2036.8005506,2208.60764902));
#17960=CARTESIAN_POINT('Control Point',(9473.409903149999,-2034.31773168,2208.32790782));
#17961=CARTESIAN_POINT('Control Point',(9473.183629650001,-2035.9525157,2209.73687267));
#17962=CARTESIAN_POINT('Control Point',(9473.80741494,-2033.86333947,2208.91883433));
#17963=CARTESIAN_POINT('Control Point',(9473.581206069999,-2035.49775264,2210.32823977));
#17964=CARTESIAN_POINT('Control Point',(9474.482626879999,-2032.8949181,2210.14973027));
#17965=CARTESIAN_POINT('Control Point',(9474.256540749999,-2034.52855474,2211.56005553));
#17966=CARTESIAN_POINT('Control Point',(9474.896441729999,-2031.84650394,2211.42956699));
#17967=CARTESIAN_POINT('Control Point',(9474.670460769999,-2033.47932541,2212.84085267));
#17968=CARTESIAN_POINT('Control Point',(9475.035968459999,-2031.30337473,2212.08010732));
#17969=CARTESIAN_POINT('Control Point',(9474.810035459999,-2032.9357799,2213.49188219));
#17970=CARTESIAN_POINT('Control Point',(9475.10524038,-2030.75189874,2212.72855727));
#17971=CARTESIAN_POINT('Control Point',(9474.87934974,-2032.383887,2214.14082076));
#17972=CARTESIAN_POINT('Control Point',(9475.10541765,-2030.19577204,2213.37085248));
#17973=CARTESIAN_POINT('Control Point',(9474.87956367,-2031.82734542,2214.78360095));
#17974=B_SPLINE_CURVE_WITH_KNOTS('',5,(#17975,#17976,#17977,#17978,#17979,#17980,#17981,#17982,#17983,#17984,#17985,#17986,#17987,#17988,#17989,#17990,#17991,#17992),.UNSPECIFIED.,.F.,.U.,(6,3,3,3,3,6),(0.,7.47475846875,14.7641291417,17.1374715527,21.8142179737,27.5952639614),.UNSPECIFIED.);
#17975=CARTESIAN_POINT('Control Point',(9462.08780592,-2037.63922519,2202.63834675));
#17976=CARTESIAN_POINT('Control Point',(9463.140091859999,-2037.72809448,2202.70510971));
#17977=CARTESIAN_POINT('Control Point',(9464.195227669999,-2037.74712074,2202.85369815));
#17978=CARTESIAN_POINT('Control Point',(9465.243934939999,-2037.69467529,2203.0844932));
#17979=CARTESIAN_POINT('Control Point',(9467.26823953,-2037.44702365,2203.70038325));
#17980=CARTESIAN_POINT('Control Point',(9469.14845741,-2036.91781154,2204.62014863));
#17981=CARTESIAN_POINT('Control Point',(9470.03006282,-2036.58814892,2205.14605157));
#17982=CARTESIAN_POINT('Control Point',(9471.116121539999,-2036.06243321,2205.93255612));
#17983=CARTESIAN_POINT('Control Point',(9472.068144729999,-2035.42792824,2206.82304632));
#17984=CARTESIAN_POINT('Control Point',(9472.29392699,-2035.26535513,2207.04823068));
#17985=CARTESIAN_POINT('Control Point',(9472.93597008,-2034.76510111,2207.7324826));
#17986=CARTESIAN_POINT('Control Point',(9473.49330962,-2034.21308916,2208.46264757));
#17987=CARTESIAN_POINT('Control Point',(9473.823340359999,-2033.82550159,2208.96519389));
#17988=CARTESIAN_POINT('Control Point',(9474.465397099999,-2032.91276889,2210.12624109));
#17989=CARTESIAN_POINT('Control Point',(9474.87618798,-2031.92354314,2211.33721561));
#17990=CARTESIAN_POINT('Control Point',(9475.02913456,-2031.35649255,2212.01762206));
#17991=CARTESIAN_POINT('Control Point',(9475.10523184,-2030.77868707,2212.69761825));
#17992=CARTESIAN_POINT('Control Point',(9475.10541765,-2030.19577204,2213.37085248));
#17993=CARTESIAN_POINT('Vertex',(9462.08780592,-2037.63922519,2202.63834675));
#17994=VERTEX_POINT('',#17993);
#17995=CARTESIAN_POINT('Vertex',(9475.10541765,-2030.19577204,2213.37085248));
#17996=VERTEX_POINT('',#17995);
#17997=EDGE_CURVE('',#17994,#17996,#17974,.T.);
#17998=B_SPLINE_CURVE_WITH_KNOTS('',1,(#17999,#18000),.UNSPECIFIED.,.F.,.U.,(2,2),(-2.17,9.48881261334E-014),.UNSPECIFIED.);
#17999=CARTESIAN_POINT('Control Point',(9475.10541765,-2030.19577204,2213.37085248));
#18000=CARTESIAN_POINT('Control Point',(9474.87956367,-2031.82734542,2214.78360095));
#18001=EDGE_CURVE('',#17996,#17902,#17998,.T.);
#18002=B_SPLINE_CURVE_WITH_KNOTS('',1,(#18003,#18004),.UNSPECIFIED.,.F.,.U.,(2,2),(-2.17,3.1397767431E-013),.UNSPECIFIED.);
#18003=CARTESIAN_POINT('Control Point',(9462.08780592,-2037.63922519,2202.63834675));
#18004=CARTESIAN_POINT('Control Point',(9461.86032607,-2039.27740538,2204.04316652));
#18005=EDGE_CURVE('',#17994,#17880,#18002,.T.);
#18006=EDGE_LOOP('',(#18007,#18008,#18009,#18010));
#18007=ORIENTED_EDGE('',*,*,#17997,.T.);
#18008=ORIENTED_EDGE('',*,*,#18001,.T.);
#18009=ORIENTED_EDGE('',*,*,#17903,.F.);
#18010=ORIENTED_EDGE('',*,*,#18005,.F.);
#18011=FACE_OUTER_BOUND('',#18006,.T.);
#18012=ADVANCED_FACE('PartBody',(#18011),#17937,.T.);
#18013=B_SPLINE_SURFACE_WITH_KNOTS('',5,1,((#18014,#18015),(#18016,#18017),(#18018,#18019),(#18020,#18021),(#18022,#18023),(#18024,#18025)),.UNSPECIFIED.,.F.,.F.,.U.,(6,6),(2,2),(0.,33.15639284),(-2.17,3.1397767431E-013),.UNSPECIFIED.);
#18014=CARTESIAN_POINT('Control Point',(9448.618219309999,-2036.49890041,2201.78168168));
#18015=CARTESIAN_POINT('Control Point',(9448.38964041,-2038.13733402,2203.18602742));
#18016=CARTESIAN_POINT('Control Point',(9451.312098439999,-2036.72751654,2201.95342826));
#18017=CARTESIAN_POINT('Control Point',(9451.083739559999,-2038.36589941,2203.35786902));
#18018=CARTESIAN_POINT('Control Point',(9454.005996259999,-2036.95585688,2202.12496787));
#18019=CARTESIAN_POINT('Control Point',(9453.777857289999,-2038.59418903,2203.52950354));
#18020=CARTESIAN_POINT('Control Point',(9456.69991286,-2037.18392161,2202.29630068));
#18021=CARTESIAN_POINT('Control Point',(9456.47199371,-2038.82220308,2203.70093116));
#18022=CARTESIAN_POINT('Control Point',(9459.393848939999,-2037.41171096,2202.46742689));
#18023=CARTESIAN_POINT('Control Point',(9459.16614949,-2039.04994177,2203.87215206));
#18024=CARTESIAN_POINT('Control Point',(9462.08780592,-2037.63922519,2202.63834675));
#18025=CARTESIAN_POINT('Control Point',(9461.86032607,-2039.27740538,2204.04316652));
#18026=B_SPLINE_CURVE_WITH_KNOTS('',3,(#18027,#18028,#18029,#18030),.UNSPECIFIED.,.F.,.U.,(4,4),(0.,35.8113251683),.UNSPECIFIED.);
#18027=CARTESIAN_POINT('Control Point',(9448.618219309999,-2036.49890041,2201.78168168));
#18028=CARTESIAN_POINT('Control Point',(9453.108001839999,-2036.87992593,2202.06792496));
#18029=CARTESIAN_POINT('Control Point',(9457.597861959999,-2037.26003347,2202.35347932));
#18030=CARTESIAN_POINT('Control Point',(9462.08780592,-2037.63922519,2202.63834675));
#18031=CARTESIAN_POINT('Vertex',(9448.618219309999,-2036.49890041,2201.78168168));
#18032=VERTEX_POINT('',#18031);
#18033=EDGE_CURVE('',#18032,#17994,#18026,.T.);
#18034=B_SPLINE_CURVE_WITH_KNOTS('',1,(#18035,#18036),.UNSPECIFIED.,.F.,.U.,(2,2),(-2.17,8.94568192504E-014),.UNSPECIFIED.);
#18035=CARTESIAN_POINT('Control Point',(9448.618219309999,-2036.49890041,2201.78168168));
#18036=CARTESIAN_POINT('Control Point',(9448.38964041,-2038.13733402,2203.18602742));
#18037=EDGE_CURVE('',#18032,#17872,#18034,.T.);
#18038=EDGE_LOOP('',(#18039,#18040,#18041,#18042));
#18039=ORIENTED_EDGE('',*,*,#18033,.T.);
#18040=ORIENTED_EDGE('',*,*,#18005,.T.);
#18041=ORIENTED_EDGE('',*,*,#17881,.F.);
#18042=ORIENTED_EDGE('',*,*,#18037,.F.);
#18043=FACE_OUTER_BOUND('',#18038,.T.);
#18044=ADVANCED_FACE('PartBody',(#18043),#18013,.T.);
#18045=B_SPLINE_SURFACE_WITH_KNOTS('',5,1,((#18046,#18047),(#18048,#18049),(#18050,#18051),(#18052,#18053),(#18054,#18055),(#18056,#18057),(#18058,#18059),(#18060,#18061),(#18062,#18063),(#18064,#18065),(#18066,#18067),(#18068,#18069),(#18070,#18071),(#18072,#18073),(#18074,#18075)),.UNSPECIFIED.,.F.,.F.,.U.,(6,3,3,3,6),(2,2),(0.,9.01980594252,18.0560086948,24.0688691542,30.0748121796),(-2.17,8.94568192504E-014),.UNSPECIFIED.);
#18046=CARTESIAN_POINT('Control Point',(9448.618219309999,-2036.49890041,2201.78168168));
#18047=CARTESIAN_POINT('Control Point',(9448.38964041,-2038.13733402,2203.18602742));
#18048=CARTESIAN_POINT('Control Point',(9446.82259785,-2036.34651494,2201.66720296));
#18049=CARTESIAN_POINT('Control Point',(9446.593872289999,-2037.98498238,2203.07148537));
#18050=CARTESIAN_POINT('Control Point',(9445.02166009,-2036.32610806,2201.3976448));
#18051=CARTESIAN_POINT('Control Point',(9444.792778499999,-2037.96470821,2202.80174696));
#18052=CARTESIAN_POINT('Control Point',(9443.2398507,-2036.4410033,2200.97305727));
#18053=CARTESIAN_POINT('Control Point',(9443.010805579999,-2038.07983555,2202.37686193));
#18054=CARTESIAN_POINT('Control Point',(9439.76889324,-2036.94614214,2199.81661482));
#18055=CARTESIAN_POINT('Control Point',(9439.53951047,-2038.58563645,2201.21959137));
#18056=CARTESIAN_POINT('Control Point',(9436.61379985,-2037.99295912,2198.0757837));
#18057=CARTESIAN_POINT('Control Point',(9436.384070099999,-2039.6334935,2199.47748707));
#18058=CARTESIAN_POINT('Control Point',(9435.148324489999,-2038.64888345,2197.06764632));
#18059=CARTESIAN_POINT('Control Point',(9434.91842199,-2040.29002742,2198.46860777));
#18060=CARTESIAN_POINT('Control Point',(9432.93856208,-2039.95057103,2195.17892222));
#18061=CARTESIAN_POINT('Control Point',(9432.708377659999,-2041.59286705,2196.57848701));
#18062=CARTESIAN_POINT('Control Point',(9431.196989439999,-2041.57485029,2192.98351211));
#18063=CARTESIAN_POINT('Control Point',(9430.966541829999,-2043.21849954,2194.3814435));
#18064=CARTESIAN_POINT('Control Point',(9430.589308549999,-2042.2675405,2192.06855698));
#18065=CARTESIAN_POINT('Control Point',(9430.35876046,-2043.9117556,2193.46580625));
#18066=CARTESIAN_POINT('Control Point',(9429.56149916,-2043.72795154,2190.17926202));
#18067=CARTESIAN_POINT('Control Point',(9429.33076133,-2045.37333846,2191.57510019));
#18068=CARTESIAN_POINT('Control Point',(9428.924654959999,-2045.32429028,2188.19005888));
#18069=CARTESIAN_POINT('Control Point',(9428.69375215,-2046.97091723,2189.5844064));
#18070=CARTESIAN_POINT('Control Point',(9428.71259286,-2046.14446509,2187.1859178));
#18071=CARTESIAN_POINT('Control Point',(9428.481615319999,-2047.79171946,2188.57951167));
#18072=CARTESIAN_POINT('Control Point',(9428.60695085,-2046.97787402,2186.1826008));
#18073=CARTESIAN_POINT('Control Point',(9428.375906969999,-2048.62575665,2187.57544054));
#18074=CARTESIAN_POINT('Control Point',(9428.60680571,-2047.81758416,2185.18819667));
#18075=CARTESIAN_POINT('Control Point',(9428.375704259999,-2049.4660908,2186.58028789));
#18076=B_SPLINE_CURVE_WITH_KNOTS('',5,(#18077,#18078,#18079,#18080,#18081,#18082,#18083,#18084,#18085,#18086,#18087,#18088,#18089,#18090,#18091),.UNSPECIFIED.,.F.,.U.,(6,3,3,3,6),(0.,8.58413978714,17.2381854314,29.0985556098,42.5300814618),.UNSPECIFIED.);
#18077=CARTESIAN_POINT('Control Point',(9428.60680571,-2047.81758416,2185.18819667));
#18078=CARTESIAN_POINT('Control Point',(9428.606952399999,-2046.96893151,2186.19319073));
#18079=CARTESIAN_POINT('Control Point',(9428.714854899999,-2046.12671499,2187.2072885));
#18080=CARTESIAN_POINT('Control Point',(9428.931099289999,-2045.29968706,2188.22019353));
#18081=CARTESIAN_POINT('Control Point',(9429.582743909999,-2043.68351506,2190.23518067));
#18082=CARTESIAN_POINT('Control Point',(9430.63549345,-2042.20746446,2192.14688784));
#18083=CARTESIAN_POINT('Control Point',(9431.2615155,-2041.5047285,2193.07660763));
#18084=CARTESIAN_POINT('Control Point',(9432.958560659999,-2039.95003471,2195.18271655));
#18085=CARTESIAN_POINT('Control Point',(9435.086343139999,-2038.6963781,2197.00171968));
#18086=CARTESIAN_POINT('Control Point',(9436.44154147,-2038.07751927,2197.94850586));
#18087=CARTESIAN_POINT('Control Point',(9439.53393578,-2037.00428454,2199.71029281));
#18088=CARTESIAN_POINT('Control Point',(9442.95734112,-2036.46020114,2200.90459267));
#18089=CARTESIAN_POINT('Control Point',(9444.830878609999,-2036.32431665,2201.3686565));
#18090=CARTESIAN_POINT('Control Point',(9446.727496129999,-2036.33844413,2201.66113981));
#18091=CARTESIAN_POINT('Control Point',(9448.618219309999,-2036.49890041,2201.78168168));
#18092=CARTESIAN_POINT('Vertex',(9428.60680571,-2047.81758416,2185.18819667));
#18093=VERTEX_POINT('',#18092);
#18094=EDGE_CURVE('',#18093,#18032,#18076,.T.);
#18095=B_SPLINE_CURVE_WITH_KNOTS('',1,(#18096,#18097),.UNSPECIFIED.,.F.,.U.,(2,2),(-2.17,-1.35037198583E-013),.UNSPECIFIED.);
#18096=CARTESIAN_POINT('Control Point',(9428.60680571,-2047.81758416,2185.18819667));
#18097=CARTESIAN_POINT('Control Point',(9428.375704259999,-2049.4660908,2186.58028789));
#18098=EDGE_CURVE('',#18093,#17853,#18095,.T.);
#18099=EDGE_LOOP('',(#18100,#18101,#18102,#18103));
#18100=ORIENTED_EDGE('',*,*,#18094,.T.);
#18101=ORIENTED_EDGE('',*,*,#18037,.T.);
#18102=ORIENTED_EDGE('',*,*,#17873,.F.);
#18103=ORIENTED_EDGE('',*,*,#18098,.F.);
#18104=FACE_OUTER_BOUND('',#18099,.T.);
#18105=ADVANCED_FACE('PartBody',(#18104),#18045,.F.);
#18106=B_SPLINE_SURFACE_WITH_KNOTS('',5,1,((#18107,#18108),(#18109,#18110),(#18111,#18112),(#18113,#18114),(#18115,#18116),(#18117,#18118)),.UNSPECIFIED.,.F.,.F.,.U.,(6,6),(2,2),(0.,156.028076055),(-2.17,0.),.UNSPECIFIED.);
#18107=CARTESIAN_POINT('Control Point',(9428.597498379999,-2100.10788108,2121.44512375));
#18108=CARTESIAN_POINT('Control Point',(9428.36270231,-2101.79495728,2122.78957334));
#18109=CARTESIAN_POINT('Control Point',(9428.599376349999,-2089.87322835,2134.28835721));
#18110=CARTESIAN_POINT('Control Point',(9428.365325139999,-2091.55281411,2135.64233622));
#18111=CARTESIAN_POINT('Control Point',(9428.601243969999,-2079.52826345,2147.08494523));
#18112=CARTESIAN_POINT('Control Point',(9428.367934800001,-2081.2002494,2148.44845331));
#18113=CARTESIAN_POINT('Control Point',(9428.60310093,-2069.07163851,2159.83427487));
#18114=CARTESIAN_POINT('Control Point',(9428.370530799999,-2070.73591082,2161.20731413));
#18115=CARTESIAN_POINT('Control Point',(9428.604959009999,-2058.50183682,2172.53565785));
#18116=CARTESIAN_POINT('Control Point',(9428.373125119999,-2060.15828325,2173.91822522));
#18117=CARTESIAN_POINT('Control Point',(9428.60680571,-2047.81758416,2185.18819667));
#18118=CARTESIAN_POINT('Control Point',(9428.375704259999,-2049.4660908,2186.58028789));
#18119=B_SPLINE_CURVE_WITH_KNOTS('',4,(#18120,#18121,#18122,#18123,#18124),.UNSPECIFIED.,.F.,.U.,(5,5),(0.,173.788601767),.UNSPECIFIED.);
#18120=CARTESIAN_POINT('Control Point',(9428.597498379999,-2100.10788108,2121.44512375));
#18121=CARTESIAN_POINT('Control Point',(9428.599845159999,-2087.31830532,2137.49447213));
#18122=CARTESIAN_POINT('Control Point',(9428.60217165,-2074.34514624,2153.46604329));
#18123=CARTESIAN_POINT('Control Point',(9428.60449664,-2061.17688125,2169.36780844));
#18124=CARTESIAN_POINT('Control Point',(9428.60680571,-2047.81758416,2185.18819667));
#18125=CARTESIAN_POINT('Vertex',(9428.597498379999,-2100.10788108,2121.44512375));
#18126=VERTEX_POINT('',#18125);
#18127=EDGE_CURVE('',#18126,#18093,#18119,.T.);
#18128=B_SPLINE_CURVE_WITH_KNOTS('',1,(#18129,#18130),.UNSPECIFIED.,.F.,.U.,(2,2),(-2.17,-1.13631459691E-013),.UNSPECIFIED.);
#18129=CARTESIAN_POINT('Control Point',(9428.597498379999,-2100.10788108,2121.44512375));
#18130=CARTESIAN_POINT('Control Point',(9428.36270231,-2101.79495728,2122.78957334));
#18131=EDGE_CURVE('',#18126,#17845,#18128,.T.);
#18132=EDGE_LOOP('',(#18133,#18134,#18135,#18136));
#18133=ORIENTED_EDGE('',*,*,#18127,.T.);
#18134=ORIENTED_EDGE('',*,*,#18098,.T.);
#18135=ORIENTED_EDGE('',*,*,#17854,.F.);
#18136=ORIENTED_EDGE('',*,*,#18131,.F.);
#18137=FACE_OUTER_BOUND('',#18132,.T.);
#18138=ADVANCED_FACE('PartBody',(#18137),#18106,.T.);
#18139=B_SPLINE_SURFACE_WITH_KNOTS('',5,1,((#18140,#18141),(#18142,#18143),(#18144,#18145),(#18146,#18147),(#18148,#18149),(#18150,#18151),(#18152,#18153),(#18154,#18155),(#18156,#18157)),.UNSPECIFIED.,.F.,.F.,.U.,(6,3,6),(2,2),(0.,4.85424682422,6.06780853027),(-2.17,0.),.UNSPECIFIED.);
#18140=CARTESIAN_POINT('Control Point',(9428.597498379999,-2100.10788108,2121.44512375));
#18141=CARTESIAN_POINT('Control Point',(9428.36270231,-2101.79495728,2122.78957334));
#18142=CARTESIAN_POINT('Control Point',(9428.59737944,-2100.75603299,2120.63177263));
#18143=CARTESIAN_POINT('Control Point',(9428.362536209999,-2102.44358355,2121.97561873));
#18144=CARTESIAN_POINT('Control Point',(9428.664609629999,-2101.40860996,2119.82388842));
#18145=CARTESIAN_POINT('Control Point',(9428.42972487,-2103.09663236,2121.16713463));
#18146=CARTESIAN_POINT('Control Point',(9428.799046099999,-2102.06345983,2119.02415948));
#18147=CARTESIAN_POINT('Control Point',(9428.56412562,-2103.75194998,2120.36681141));
#18148=CARTESIAN_POINT('Control Point',(9429.04950186,-2102.87627735,2118.04525315));
#18149=CARTESIAN_POINT('Control Point',(9428.81454447,-2104.56534094,2119.38717709));
#18150=CARTESIAN_POINT('Control Point',(9429.3980761,-2103.67651977,2117.09832948));
#18151=CARTESIAN_POINT('Control Point',(9429.163091439999,-2105.36613917,2118.43954852));
#18152=CARTESIAN_POINT('Control Point',(9429.47164661,-2103.83593155,2116.91038128));
#18153=CARTESIAN_POINT('Control Point',(9429.236656879999,-2105.52566132,2118.25146038));
#18154=CARTESIAN_POINT('Control Point',(9429.549005979999,-2103.99459237,2116.72400313));
#18155=CARTESIAN_POINT('Control Point',(9429.31401158,-2105.68443164,2118.06494343));
#18156=CARTESIAN_POINT('Control Point',(9429.630167449999,-2104.15259998,2116.53907523));
#18157=CARTESIAN_POINT('Control Point',(9429.39516876,-2105.84254794,2117.87987779));
#18158=B_SPLINE_CURVE_WITH_KNOTS('',4,(#18159,#18160,#18161,#18162,#18163),.UNSPECIFIED.,.F.,.U.,(5,5),(0.,8.58367107117),.UNSPECIFIED.);
#18159=CARTESIAN_POINT('Control Point',(9429.630167449999,-2104.15259998,2116.53907523));
#18160=CARTESIAN_POINT('Control Point',(9429.122760849999,-2103.16476543,2117.69521048));
#18161=CARTESIAN_POINT('Control Point',(9428.7721502,-2102.14516177,2118.91722138));
#18162=CARTESIAN_POINT('Control Point',(9428.597312489999,-2101.12091277,2120.17389327));
#18163=CARTESIAN_POINT('Control Point',(9428.597498379999,-2100.10788108,2121.44512375));
#18164=CARTESIAN_POINT('Vertex',(9429.630167449999,-2104.15259998,2116.53907523));
#18165=VERTEX_POINT('',#18164);
#18166=EDGE_CURVE('',#18165,#18126,#18158,.T.);
#18167=B_SPLINE_CURVE_WITH_KNOTS('',1,(#18168,#18169),.UNSPECIFIED.,.F.,.U.,(2,2),(-2.17,-3.91906065287E-014),.UNSPECIFIED.);
#18168=CARTESIAN_POINT('Control Point',(9429.630167449999,-2104.15259998,2116.53907523));
#18169=CARTESIAN_POINT('Control Point',(9429.39516876,-2105.84254794,2117.87987779));
#18170=EDGE_CURVE('',#18165,#17836,#18167,.T.);
#18171=EDGE_LOOP('',(#18172,#18173,#18174,#18175));
#18172=ORIENTED_EDGE('',*,*,#18166,.T.);
#18173=ORIENTED_EDGE('',*,*,#18131,.T.);
#18174=ORIENTED_EDGE('',*,*,#17846,.F.);
#18175=ORIENTED_EDGE('',*,*,#18170,.F.);
#18176=FACE_OUTER_BOUND('',#18171,.T.);
#18177=ADVANCED_FACE('PartBody',(#18176),#18139,.F.);
#18178=B_SPLINE_SURFACE_WITH_KNOTS('',5,1,((#18179,#18180),(#18181,#18182),(#18183,#18184),(#18185,#18186),(#18187,#18188),(#18189,#18190),(#18191,#18192),(#18193,#18194),(#18195,#18196)),.UNSPECIFIED.,.F.,.F.,.U.,(6,3,6),(2,2),(0.,6.06131024514,12.1226204903),(-2.17,3.37592996457E-014),.UNSPECIFIED.);
#18179=CARTESIAN_POINT('Control Point',(9429.629152399999,-2109.54231052,2109.7249642));
#18180=CARTESIAN_POINT('Control Point',(9429.393758579999,-2111.23619505,2111.06072052));
#18181=CARTESIAN_POINT('Control Point',(9429.909302889999,-2109.04719688,2110.40219179));
#18182=CARTESIAN_POINT('Control Point',(9429.673970559999,-2110.74069657,2111.73844696));
#18183=CARTESIAN_POINT('Control Point',(9430.12220107,-2108.53136813,2111.09332625));
#18184=CARTESIAN_POINT('Control Point',(9429.88692569,-2110.22447346,2112.4300912));
#18185=CARTESIAN_POINT('Control Point',(9430.26494927,-2107.99930555,2111.79213351));
#18186=CARTESIAN_POINT('Control Point',(9430.029725729999,-2109.69201046,2113.12941455));
#18187=CARTESIAN_POINT('Control Point',(9430.407218999999,-2106.9128397,2113.19172329));
#18188=CARTESIAN_POINT('Control Point',(9430.17208787,-2108.60473935,2114.53003939));
#18189=CARTESIAN_POINT('Control Point',(9430.2638709,-2105.80247909,2114.56918237));
#18190=CARTESIAN_POINT('Control Point',(9430.02880824,-2107.49357965,2115.90851992));
#18191=CARTESIAN_POINT('Control Point',(9430.12099372,-2105.24649798,2115.24588703));
#18192=CARTESIAN_POINT('Control Point',(9429.885958970001,-2106.9372043,2116.5857271));
#18193=CARTESIAN_POINT('Control Point',(9429.908732829999,-2104.6949195,2115.9043589));
#18194=CARTESIAN_POINT('Control Point',(9429.67371942,-2106.38524052,2117.24468868));
#18195=CARTESIAN_POINT('Control Point',(9429.630167449999,-2104.15259998,2116.53907523));
#18196=CARTESIAN_POINT('Control Point',(9429.39516876,-2105.84254794,2117.87987779));
#18197=B_SPLINE_CURVE_WITH_KNOTS('',4,(#18198,#18199,#18200,#18201,#18202),.UNSPECIFIED.,.F.,.U.,(5,5),(0.,14.6856682821),.UNSPECIFIED.);
#18198=CARTESIAN_POINT('Control Point',(9429.629152399999,-2109.54231052,2109.7249642));
#18199=CARTESIAN_POINT('Control Point',(9430.32968662,-2108.30424716,2111.41841513));
#18200=CARTESIAN_POINT('Control Point',(9430.582112349999,-2106.9251587,2113.20831613));
#18201=CARTESIAN_POINT('Control Point',(9430.32547647,-2105.50624866,2114.95480086));
#18202=CARTESIAN_POINT('Control Point',(9429.630167449999,-2104.15259998,2116.53907523));
#18203=CARTESIAN_POINT('Vertex',(9429.629152399999,-2109.54231052,2109.7249642));
#18204=VERTEX_POINT('',#18203);
#18205=EDGE_CURVE('',#18204,#18165,#18197,.T.);
#18206=B_SPLINE_CURVE_WITH_KNOTS('',1,(#18207,#18208),.UNSPECIFIED.,.F.,.U.,(2,2),(-2.17,3.37592996457E-014),.UNSPECIFIED.);
#18207=CARTESIAN_POINT('Control Point',(9429.629152399999,-2109.54231052,2109.7249642));
#18208=CARTESIAN_POINT('Control Point',(9429.393758579999,-2111.23619505,2111.06072052));
#18209=EDGE_CURVE('',#18204,#17827,#18206,.T.);
#18210=EDGE_LOOP('',(#18211,#18212,#18213,#18214));
#18211=ORIENTED_EDGE('',*,*,#18205,.T.);
#18212=ORIENTED_EDGE('',*,*,#18170,.T.);
#18213=ORIENTED_EDGE('',*,*,#17837,.F.);
#18214=ORIENTED_EDGE('',*,*,#18209,.F.);
#18215=FACE_OUTER_BOUND('',#18210,.T.);
#18216=ADVANCED_FACE('PartBody',(#18215),#18178,.T.);
#18217=B_SPLINE_SURFACE_WITH_KNOTS('',5,1,((#18218,#18219),(#18220,#18221),(#18222,#18223),(#18224,#18225),(#18226,#18227),(#18228,#18229),(#18230,#18231),(#18232,#18233),(#18234,#18235)),.UNSPECIFIED.,.F.,.F.,.U.,(6,3,6),(2,2),(0.,5.4409688484,6.04520829172),(-2.17,3.83129266765E-014),.UNSPECIFIED.);
#18218=CARTESIAN_POINT('Control Point',(9429.629152399999,-2109.54231052,2109.7249642));
#18219=CARTESIAN_POINT('Control Point',(9429.393758579999,-2111.23619505,2111.06072052));
#18220=CARTESIAN_POINT('Control Point',(9429.261114659999,-2110.19274848,2108.83528051));
#18221=CARTESIAN_POINT('Control Point',(9429.02564005,-2111.88713857,2110.17038149));
#18222=CARTESIAN_POINT('Control Point',(9428.972085559999,-2110.86741989,2107.92790831));
#18223=CARTESIAN_POINT('Control Point',(9428.73653541,-2112.5623265,2109.26234033));
#18224=CARTESIAN_POINT('Control Point',(9428.76558453,-2111.56041117,2107.01091018));
#18225=CARTESIAN_POINT('Control Point',(9428.5299648,-2113.25584061,2108.34466558));
#18226=CARTESIAN_POINT('Control Point',(9428.62960204,-2112.34976761,2105.98283811));
#18227=CARTESIAN_POINT('Control Point',(9428.393911899999,-2114.04578412,2107.31583435));
#18228=CARTESIAN_POINT('Control Point',(9428.598203,-2113.145441,2104.96406854));
#18229=CARTESIAN_POINT('Control Point',(9428.362451289999,-2114.84204021,2106.29631186));
#18230=CARTESIAN_POINT('Control Point',(9428.596108599999,-2113.22502846,2104.86233941));
#18231=CARTESIAN_POINT('Control Point',(9428.360350819999,-2114.92168587,2106.19450754));
#18232=CARTESIAN_POINT('Control Point',(9428.595056029999,-2113.30467397,2104.76070922));
#18233=CARTESIAN_POINT('Control Point',(9428.35929228,-2115.00138952,2106.09280223));
#18234=CARTESIAN_POINT('Control Point',(9428.59504115,-2113.3843892,2104.65916238));
#18235=CARTESIAN_POINT('Control Point',(9428.35927151,-2115.08116286,2105.99118032));
#18236=B_SPLINE_CURVE_WITH_KNOTS('',4,(#18237,#18238,#18239,#18240,#18241),.UNSPECIFIED.,.F.,.U.,(5,5),(0.,8.55143701667),.UNSPECIFIED.);
#18237=CARTESIAN_POINT('Control Point',(9428.59504115,-2113.3843892,2104.65916238));
#18238=CARTESIAN_POINT('Control Point',(9428.595227329999,-2112.38722573,2105.92941899));
#18239=CARTESIAN_POINT('Control Point',(9428.769407689999,-2111.39772066,2107.21879224));
#18240=CARTESIAN_POINT('Control Point',(9429.11788249,-2110.44588458,2108.48903525));
#18241=CARTESIAN_POINT('Control Point',(9429.629152399999,-2109.54231052,2109.7249642));
#18242=CARTESIAN_POINT('Vertex',(9428.59504115,-2113.3843892,2104.65916238));
#18243=VERTEX_POINT('',#18242);
#18244=EDGE_CURVE('',#18243,#18204,#18236,.T.);
#18245=B_SPLINE_CURVE_WITH_KNOTS('',1,(#18246,#18247),.UNSPECIFIED.,.F.,.U.,(2,2),(-2.17,3.83129266765E-014),.UNSPECIFIED.);
#18246=CARTESIAN_POINT('Control Point',(9428.59504115,-2113.3843892,2104.65916238));
#18247=CARTESIAN_POINT('Control Point',(9428.35927151,-2115.08116286,2105.99118032));
#18248=EDGE_CURVE('',#18243,#17818,#18245,.T.);
#18249=EDGE_LOOP('',(#18250,#18251,#18252,#18253));
#18250=ORIENTED_EDGE('',*,*,#18244,.T.);
#18251=ORIENTED_EDGE('',*,*,#18209,.T.);
#18252=ORIENTED_EDGE('',*,*,#17828,.F.);
#18253=ORIENTED_EDGE('',*,*,#18248,.F.);
#18254=FACE_OUTER_BOUND('',#18249,.T.);
#18255=ADVANCED_FACE('PartBody',(#18254),#18217,.F.);
#18256=B_SPLINE_SURFACE_WITH_KNOTS('',5,1,((#18257,#18258),(#18259,#18260),(#18261,#18262),(#18263,#18264),(#18265,#18266),(#18267,#18268)),.UNSPECIFIED.,.F.,.F.,.U.,(6,6),(2,2),(0.,90.1325748758),(-2.17,3.83129266765E-014),.UNSPECIFIED.);
#18257=CARTESIAN_POINT('Control Point',(9428.589543939999,-2142.25256312,2067.27058709));
#18258=CARTESIAN_POINT('Control Point',(9428.351605919999,-2143.97029179,2068.57507692));
#18259=CARTESIAN_POINT('Control Point',(9428.590651319999,-2136.55086943,2074.77867642));
#18260=CARTESIAN_POINT('Control Point',(9428.35314863,-2138.26447678,2076.08867254));
#18261=CARTESIAN_POINT('Control Point',(9428.591754859999,-2130.81343766,2082.27169213));
#18262=CARTESIAN_POINT('Control Point',(9428.354686709999,-2132.52288934,2083.58719411));
#18263=CARTESIAN_POINT('Control Point',(9428.592854299999,-2125.04004431,2089.74951799));
#18264=CARTESIAN_POINT('Control Point',(9428.35621987,-2126.74530548,2091.07052551));
#18265=CARTESIAN_POINT('Control Point',(9428.59394966,-2119.23044647,2097.21204545));
#18266=CARTESIAN_POINT('Control Point',(9428.357748069999,-2120.9314818,2098.53855827));
#18267=CARTESIAN_POINT('Control Point',(9428.59504115,-2113.3843892,2104.65916238));
#18268=CARTESIAN_POINT('Control Point',(9428.35927151,-2115.08116286,2105.99118032));
#18269=B_SPLINE_CURVE_WITH_KNOTS('',3,(#18270,#18271,#18272,#18273),.UNSPECIFIED.,.F.,.U.,(4,4),(0.,100.453079768),.UNSPECIFIED.);
#18270=CARTESIAN_POINT('Control Point',(9428.589543939999,-2142.25256312,2067.27058709));
#18271=CARTESIAN_POINT('Control Point',(9428.59138928,-2132.75128485,2079.78203543));
#18272=CARTESIAN_POINT('Control Point',(9428.593221699999,-2123.12941214,2092.24527007));
#18273=CARTESIAN_POINT('Control Point',(9428.59504115,-2113.3843892,2104.65916238));
#18274=CARTESIAN_POINT('Vertex',(9428.589543939999,-2142.25256312,2067.27058709));
#18275=VERTEX_POINT('',#18274);
#18276=EDGE_CURVE('',#18275,#18243,#18269,.T.);
#18277=B_SPLINE_CURVE_WITH_KNOTS('',1,(#18278,#18279),.UNSPECIFIED.,.F.,.U.,(2,2),(-2.17,3.31203223653E-014),.UNSPECIFIED.);
#18278=CARTESIAN_POINT('Control Point',(9428.589543939999,-2142.25256312,2067.27058709));
#18279=CARTESIAN_POINT('Control Point',(9428.351605919999,-2143.97029179,2068.57507692));
#18280=EDGE_CURVE('',#18275,#17810,#18277,.T.);
#18281=EDGE_LOOP('',(#18282,#18283,#18284,#18285));
#18282=ORIENTED_EDGE('',*,*,#18276,.T.);
#18283=ORIENTED_EDGE('',*,*,#18248,.T.);
#18284=ORIENTED_EDGE('',*,*,#17819,.F.);
#18285=ORIENTED_EDGE('',*,*,#18280,.F.);
#18286=FACE_OUTER_BOUND('',#18281,.T.);
#18287=ADVANCED_FACE('PartBody',(#18286),#18256,.T.);
#18288=B_SPLINE_SURFACE_WITH_KNOTS('',5,1,((#18289,#18290),(#18291,#18292),(#18293,#18294),(#18295,#18296),(#18297,#18298),(#18299,#18300),(#18301,#18302),(#18303,#18304),(#18305,#18306),(#18307,#18308),(#18309,#18310),(#18311,#18312),(#18313,#18314),(#18315,#18316),(#18317,#18318),(#18319,#18320),(#18321,#18322),(#18323,#18324)),.UNSPECIFIED.,.F.,.F.,.U.,(6,3,3,3,3,6),(2,2),(0.,6.03405997074,10.0587250775,14.0849045557,18.1129960356,20.125328589),(-2.17,3.31203223653E-014),.UNSPECIFIED.);
#18289=CARTESIAN_POINT('Control Point',(9415.239315229999,-2148.90170287,2056.020924));
#18290=CARTESIAN_POINT('Control Point',(9414.99965691,-2150.62536355,2057.31724871));
#18291=CARTESIAN_POINT('Control Point',(9416.438451309999,-2149.0322251,2056.06906542));
#18292=CARTESIAN_POINT('Control Point',(9416.198891779999,-2150.75587818,2057.36541849));
#18293=CARTESIAN_POINT('Control Point',(9417.64378747,-2149.07914578,2056.22939943));
#18294=CARTESIAN_POINT('Control Point',(9417.40433374,-2150.80273046,2057.52586302));
#18295=CARTESIAN_POINT('Control Point',(9418.841194979999,-2149.04016989,2056.50234953));
#18296=CARTESIAN_POINT('Control Point',(9418.60185293,-2150.7636249,2057.79900613));
#18297=CARTESIAN_POINT('Control Point',(9420.779031029999,-2148.82775169,2057.14222035));
#18298=CARTESIAN_POINT('Control Point',(9420.539881209999,-2150.55088921,2058.43933439));
#18299=CARTESIAN_POINT('Control Point',(9422.56775238,-2148.37634979,2058.07107157));
#18300=CARTESIAN_POINT('Control Point',(9422.328799539999,-2150.09901013,2059.36885549));
#18301=CARTESIAN_POINT('Control Point',(9423.252894400001,-2148.15730459,2058.4879197));
#18302=CARTESIAN_POINT('Control Point',(9423.014020549999,-2149.87974887,2059.78600492));
#18303=CARTESIAN_POINT('Control Point',(9424.54487847,-2147.64917312,2059.39966154));
#18304=CARTESIAN_POINT('Control Point',(9424.306160849999,-2149.37114137,2060.69840699));
#18305=CARTESIAN_POINT('Control Point',(9425.67512901,-2146.9963388,2060.47236812));
#18306=CARTESIAN_POINT('Control Point',(9425.43656396,-2148.71774026,2061.7718927));
#18307=CARTESIAN_POINT('Control Point',(9426.18796519,-2146.63850372,2061.04039928));
#18308=CARTESIAN_POINT('Control Point',(9425.94947408,-2148.35960351,2062.34033696));
#18309=CARTESIAN_POINT('Control Point',(9427.10783338,-2145.85970454,2062.23983209));
#18310=CARTESIAN_POINT('Control Point',(9426.869485339999,-2147.58016431,2063.54064306));
#18311=CARTESIAN_POINT('Control Point',(9427.78764826,-2144.97583695,2063.53251519));
#18312=CARTESIAN_POINT('Control Point',(9427.54942949,-2146.69560099,2064.83426939));
#18313=CARTESIAN_POINT('Control Point',(9428.064455899999,-2144.51110928,2064.1969565));
#18314=CARTESIAN_POINT('Control Point',(9427.82629777,-2146.23051428,2065.49919601));
#18315=CARTESIAN_POINT('Control Point',(9428.379314,-2143.78042883,2065.21883286));
#18316=CARTESIAN_POINT('Control Point',(9428.14124026,-2145.49927939,2066.52181952));
#18317=CARTESIAN_POINT('Control Point',(9428.536850349999,-2143.02361843,2066.24527854));
#18318=CARTESIAN_POINT('Control Point',(9428.298848689999,-2144.74190881,2067.54901682));
#18319=CARTESIAN_POINT('Control Point',(9428.57196841,-2142.76811712,2066.58838142));
#18320=CARTESIAN_POINT('Control Point',(9428.33398944,-2144.4862199,2067.89237106));
#18321=CARTESIAN_POINT('Control Point',(9428.58949373,-2142.51105455,2066.93020109));
#18322=CARTESIAN_POINT('Control Point',(9428.35153598,-2144.22897006,2068.23444129));
#18323=CARTESIAN_POINT('Control Point',(9428.589543939999,-2142.25256312,2067.27058709));
#18324=CARTESIAN_POINT('Control Point',(9428.351605919999,-2143.97029179,2068.57507692));
#18325=B_SPLINE_CURVE_WITH_KNOTS('',5,(#18326,#18327,#18328,#18329,#18330,#18331,#18332,#18333,#18334,#18335,#18336,#18337,#18338,#18339,#18340),.UNSPECIFIED.,.F.,.U.,(6,3,3,3,6),(0.,7.49347596669,14.8618366687,19.6776481738,28.4811444374),.UNSPECIFIED.);
#18326=CARTESIAN_POINT('Control Point',(9415.239315229999,-2148.90170287,2056.020924));
#18327=CARTESIAN_POINT('Control Point',(9416.292312309999,-2149.01631832,2056.06319841));
#18328=CARTESIAN_POINT('Control Point',(9417.350090349999,-2149.06646763,2056.19198587));
#18329=CARTESIAN_POINT('Control Point',(9418.40225119,-2149.05052211,2056.40751865));
#18330=CARTESIAN_POINT('Control Point',(9420.444343649999,-2148.88512871,2057.00425295));
#18331=CARTESIAN_POINT('Control Point',(9422.34592994,-2148.45749994,2057.92256542));
#18332=CARTESIAN_POINT('Control Point',(9423.23931178,-2148.18244133,2058.45216658));
#18333=CARTESIAN_POINT('Control Point',(9424.615941279999,-2147.62480783,2059.44510465));
#18334=CARTESIAN_POINT('Control Point',(9425.79158175,-2146.90832427,2060.61026991));
#18335=CARTESIAN_POINT('Control Point',(9426.218653279999,-2146.60298975,2061.09298109));
#18336=CARTESIAN_POINT('Control Point',(9427.320257429999,-2145.67519779,2062.5229456));
#18337=CARTESIAN_POINT('Control Point',(9428.08400259,-2144.59335369,2064.09233319));
#18338=CARTESIAN_POINT('Control Point',(9428.422008379999,-2143.83814083,2065.15094659));
#18339=CARTESIAN_POINT('Control Point',(9428.58938863,-2143.05218851,2066.21762649));
#18340=CARTESIAN_POINT('Control Point',(9428.589543939999,-2142.25256312,2067.27058709));
#18341=CARTESIAN_POINT('Vertex',(9415.239292009999,-2148.90172254,2056.02093285));
#18342=VERTEX_POINT('',#18341);
#18343=EDGE_CURVE('',#18342,#18275,#18325,.T.);
#18344=B_SPLINE_CURVE_WITH_KNOTS('',1,(#18345,#18346),.UNSPECIFIED.,.F.,.U.,(2,2),(-2.16997652863,-1.20340721134E-013),.UNSPECIFIED.);
#18345=CARTESIAN_POINT('Control Point',(9415.23931264,-2148.90172151,2056.02093803));
#18346=CARTESIAN_POINT('Control Point',(9414.99965691,-2150.62536355,2057.31724871));
#18347=EDGE_CURVE('',#18342,#17791,#18344,.T.);
#18348=EDGE_LOOP('',(#18349,#18350,#18351,#18352));
#18349=ORIENTED_EDGE('',*,*,#18343,.T.);
#18350=ORIENTED_EDGE('',*,*,#18280,.T.);
#18351=ORIENTED_EDGE('',*,*,#17811,.F.);
#18352=ORIENTED_EDGE('',*,*,#18347,.F.);
#18353=FACE_OUTER_BOUND('',#18348,.T.);
#18354=ADVANCED_FACE('PartBody',(#18353),#18288,.T.);
#18355=B_SPLINE_SURFACE_WITH_KNOTS('',5,5,((#18356,#18357,#18358,#18359,#18360,#18361),(#18362,#18363,#18364,#18365,#18366,#18367),(#18368,#18369,#18370,#18371,#18372,#18373),(#18374,#18375,#18376,#18377,#18378,#18379),(#18380,#18381,#18382,#18383,#18384,#18385),(#18386,#18387,#18388,#18389,#18390,#18391),(#18392,#18393,#18394,#18395,#18396,#18397),(#18398,#18399,#18400,#18401,#18402,#18403),(#18404,#18405,#18406,#18407,#18408,#18409),(#18410,#18411,#18412,#18413,#18414,#18415),(#18416,#18417,#18418,#18419,#18420,#18421),(#18422,#18423,#18424,#18425,#18426,#18427)),.UNSPECIFIED.,.F.,.F.,.U.,(6,3,3,6),(6,6),(0.,3.85151511495,11.5545453449,22.3324363244),(-2.17001238665,1.23866498663E-005),.UNSPECIFIED.);
#18356=CARTESIAN_POINT('Control Point',(9406.1776347,-2147.91382992,2055.65655099));
#18357=CARTESIAN_POINT('Control Point',(9406.12954846,-2148.25857049,2055.91577156));
#18358=CARTESIAN_POINT('Control Point',(9406.08145815,-2148.60338546,2056.17492519));
#18359=CARTESIAN_POINT('Control Point',(9406.033377419999,-2148.94808782,2056.43421123));
#18360=CARTESIAN_POINT('Control Point',(9405.985302969999,-2149.29281507,2056.69344788));
#18361=CARTESIAN_POINT('Control Point',(9405.937226829999,-2149.63756457,2056.95267779));
#18362=CARTESIAN_POINT('Control Point',(9406.490178639999,-2147.94787466,2055.66919391));
#18363=CARTESIAN_POINT('Control Point',(9406.442113749999,-2148.29252049,2055.92851959));
#18364=CARTESIAN_POINT('Control Point',(9406.394048579999,-2148.63706878,2056.18801858));
#18365=CARTESIAN_POINT('Control Point',(9406.34595567,-2148.98196226,2056.44706366));
#18366=CARTESIAN_POINT('Control Point',(9406.297876929999,-2149.32681398,2056.70613867));
#18367=CARTESIAN_POINT('Control Point',(9406.249794949999,-2149.67163048,2056.96529908));
#18368=CARTESIAN_POINT('Control Point',(9406.80265747,-2147.98207003,2055.68172028));
#18369=CARTESIAN_POINT('Control Point',(9406.75460572,-2148.32676977,2055.9409762));
#18370=CARTESIAN_POINT('Control Point',(9406.70654639,-2148.67150735,2056.2001808));
#18371=CARTESIAN_POINT('Control Point',(9406.658473179999,-2149.01623724,2056.45943531));
#18372=CARTESIAN_POINT('Control Point',(9406.610387609999,-2149.36101338,2056.71865998));
#18373=CARTESIAN_POINT('Control Point',(9406.562302639999,-2149.70579707,2056.97786759));
#18374=CARTESIAN_POINT('Control Point',(9407.115184569999,-2148.01615298,2055.69431556));
#18375=CARTESIAN_POINT('Control Point',(9407.06712795,-2148.36088598,2055.95354488));
#18376=CARTESIAN_POINT('Control Point',(9407.01906622,-2148.70561881,2056.21278823));
#18377=CARTESIAN_POINT('Control Point',(9406.971000989999,-2149.05036673,2056.47201362));
#18378=CARTESIAN_POINT('Control Point',(9406.92293042,-2149.3951265,2056.73123041));
#18379=CARTESIAN_POINT('Control Point',(9406.874853379999,-2149.73988602,2056.99046171));
#18380=CARTESIAN_POINT('Control Point',(9408.0527497,-2148.11847738,2055.73205185));
#18381=CARTESIAN_POINT('Control Point',(9408.00472015,-2148.4631949,2055.99129252));
#18382=CARTESIAN_POINT('Control Point',(9407.956661279999,-2148.80794914,2056.25052364));
#18383=CARTESIAN_POINT('Control Point',(9407.90860956,-2149.15269403,2056.50976004));
#18384=CARTESIAN_POINT('Control Point',(9407.860566629999,-2149.49743284,2056.76899237));
#18385=CARTESIAN_POINT('Control Point',(9407.8124967,-2149.84220455,2057.0282191));
#18386=CARTESIAN_POINT('Control Point',(9408.99034681,-2148.22077559,2055.76977031));
#18387=CARTESIAN_POINT('Control Point',(9408.9423302,-2148.56550755,2056.02899885));
#18388=CARTESIAN_POINT('Control Point',(9408.89428434,-2148.91026276,2056.28823915));
#18389=CARTESIAN_POINT('Control Point',(9408.84624988,-2149.2550068,2056.54747593));
#18390=CARTESIAN_POINT('Control Point',(9408.798225549999,-2149.59973807,2056.80671482));
#18391=CARTESIAN_POINT('Control Point',(9408.75017093,-2149.94449484,2057.06596247));
#18392=CARTESIAN_POINT('Control Point',(9409.61544035,-2148.28894706,2055.79491573));
#18393=CARTESIAN_POINT('Control Point',(9409.567433329999,-2148.6336729,2056.05415627));
#18394=CARTESIAN_POINT('Control Point',(9409.5193996,-2148.97842407,2056.31339831));
#18395=CARTESIAN_POINT('Control Point',(9409.47137426,-2149.32316751,2056.57264006));
#18396=CARTESIAN_POINT('Control Point',(9409.42335843,-2149.66790324,2056.83187915));
#18397=CARTESIAN_POINT('Control Point',(9409.375315289999,-2150.012664,2057.09112178));
#18398=CARTESIAN_POINT('Control Point',(9411.115172439999,-2148.45248546,2055.85523629));
#18399=CARTESIAN_POINT('Control Point',(9411.067195989999,-2148.79721025,2056.1144721));
#18400=CARTESIAN_POINT('Control Point',(9411.019177369999,-2149.14196606,2056.37372856));
#18401=CARTESIAN_POINT('Control Point',(9410.971178,-2149.48670683,2056.63297632));
#18402=CARTESIAN_POINT('Control Point',(9410.92319533,-2149.83143389,2056.89221798));
#18403=CARTESIAN_POINT('Control Point',(9410.87517297,-2150.17619094,2057.15147715));
#18404=CARTESIAN_POINT('Control Point',(9412.615042769999,-2148.61591319,2055.91550628));
#18405=CARTESIAN_POINT('Control Point',(9412.56707655,-2148.96064059,2056.17476393));
#18406=CARTESIAN_POINT('Control Point',(9412.51910345,-2149.30538094,2056.4340146));
#18407=CARTESIAN_POINT('Control Point',(9412.47112686,-2149.65012136,2056.69327049));
#18408=CARTESIAN_POINT('Control Point',(9412.423150769999,-2149.99485868,2056.95252944));
#18409=CARTESIAN_POINT('Control Point',(9412.375163409999,-2150.33961168,2057.21178499));
#18410=CARTESIAN_POINT('Control Point',(9413.489742289999,-2148.71121987,2055.9506765));
#18411=CARTESIAN_POINT('Control Point',(9413.441810799999,-2149.05593589,2056.20991745));
#18412=CARTESIAN_POINT('Control Point',(9413.39381668,-2149.40069863,2056.46919691));
#18413=CARTESIAN_POINT('Control Point',(9413.34585926,-2149.7454335,2056.72845563));
#18414=CARTESIAN_POINT('Control Point',(9413.297925859999,-2150.09015206,2056.98769745));
#18415=CARTESIAN_POINT('Control Point',(9413.24994245,-2150.43490814,2057.24697064));
#18416=CARTESIAN_POINT('Control Point',(9414.3645521,-2148.80644637,2055.9857765));
#18417=CARTESIAN_POINT('Control Point',(9414.316603339999,-2149.15118131,2056.24504516));
#18418=CARTESIAN_POINT('Control Point',(9414.26868175,-2149.49589709,2056.50429661));
#18419=CARTESIAN_POINT('Control Point',(9414.22073157,-2149.84063769,2056.76356109));
#18420=CARTESIAN_POINT('Control Point',(9414.17276533,-2150.18539145,2057.02283543));
#18421=CARTESIAN_POINT('Control Point',(9414.124814319999,-2150.53013518,2057.28209841));
#18422=CARTESIAN_POINT('Control Point',(9415.23929338,-2148.9017127,2056.02092545));
#18423=CARTESIAN_POINT('Control Point',(9415.19134057,-2149.24646739,2056.28019892));
#18424=CARTESIAN_POINT('Control Point',(9415.14340223,-2149.59120881,2056.53946872));
#18425=CARTESIAN_POINT('Control Point',(9415.095472229999,-2149.93594283,2056.79873609));
#18426=CARTESIAN_POINT('Control Point',(9415.047542099999,-2150.28067709,2057.05800337));
#18427=CARTESIAN_POINT('Control Point',(9414.99963264,-2150.625393,2057.31726452));
#18428=B_SPLINE_CURVE_WITH_KNOTS('',3,(#18429,#18430,#18431,#18432),.UNSPECIFIED.,.F.,.U.,(4,4),(6.25467714217E-006,24.1228242999),.UNSPECIFIED.);
#18429=CARTESIAN_POINT('Control Point',(9406.177637049999,-2147.91383017,2055.65655108));
#18430=CARTESIAN_POINT('Control Point',(9409.198101649999,-2148.24284624,2055.77873638));
#18431=CARTESIAN_POINT('Control Point',(9412.218493749999,-2148.5727301,2055.8995483));
#18432=CARTESIAN_POINT('Control Point',(9415.239292009999,-2148.90172254,2056.02093285));
#18433=CARTESIAN_POINT('Vertex',(9406.17762515,-2147.91404634,2055.65626314));
#18434=VERTEX_POINT('',#18433);
#18435=EDGE_CURVE('',#18434,#18342,#18428,.T.);
#18436=B_SPLINE_CURVE_WITH_KNOTS('',5,(#18437,#18438,#18439,#18440,#18441,#18442),.UNSPECIFIED.,.F.,.U.,(6,6),(-2.16998762411,-6.68918477511E-005),.UNSPECIFIED.);
#18437=CARTESIAN_POINT('Control Point',(9406.177631959999,-2147.91384959,2055.65656578));
#18438=CARTESIAN_POINT('Control Point',(9406.12954803,-2148.25857363,2055.91577392));
#18439=CARTESIAN_POINT('Control Point',(9406.081460019999,-2148.60337206,2056.17491513));
#18440=CARTESIAN_POINT('Control Point',(9406.033381589999,-2148.9480579,2056.43418873));
#18441=CARTESIAN_POINT('Control Point',(9405.985309449999,-2149.29276863,2056.69341295));
#18442=CARTESIAN_POINT('Control Point',(9405.937235609999,-2149.63750159,2056.95263044));
#18443=EDGE_CURVE('',#18434,#17783,#18436,.T.);
#18444=EDGE_LOOP('',(#18445,#18446,#18447,#18448));
#18445=ORIENTED_EDGE('',*,*,#18435,.T.);
#18446=ORIENTED_EDGE('',*,*,#18347,.T.);
#18447=ORIENTED_EDGE('',*,*,#17792,.F.);
#18448=ORIENTED_EDGE('',*,*,#18443,.F.);
#18449=FACE_OUTER_BOUND('',#18444,.T.);
#18450=ADVANCED_FACE('PartBody',(#18449),#18355,.T.);
#18451=B_SPLINE_SURFACE_WITH_KNOTS('',5,5,((#18452,#18453,#18454,#18455,#18456,#18457),(#18458,#18459,#18460,#18461,#18462,#18463),(#18464,#18465,#18466,#18467,#18468,#18469),(#18470,#18471,#18472,#18473,#18474,#18475),(#18476,#18477,#18478,#18479,#18480,#18481),(#18482,#18483,#18484,#18485,#18486,#18487),(#18488,#18489,#18490,#18491,#18492,#18493),(#18494,#18495,#18496,#18497,#18498,#18499),(#18500,#18501,#18502,#18503,#18504,#18505),(#18506,#18507,#18508,#18509,#18510,#18511),(#18512,#18513,#18514,#18515,#18516,#18517),(#18518,#18519,#18520,#18521,#18522,#18523)),.UNSPECIFIED.,.F.,.F.,.U.,(6,3,3,6),(6,6),(0.,1.84505715678,5.53517147034,9.15256745485),(-2.17000001076,1.23866498663E-005),.UNSPECIFIED.);
#18452=CARTESIAN_POINT('Control Point',(9406.17759705,-2147.91379196,2055.65651172));
#18453=CARTESIAN_POINT('Control Point',(9406.12959706,-2148.25864563,2055.91571573));
#18454=CARTESIAN_POINT('Control Point',(9406.081449629999,-2148.60334035,2056.1749113));
#18455=CARTESIAN_POINT('Control Point',(9406.03341299,-2148.94808679,2056.43419404));
#18456=CARTESIAN_POINT('Control Point',(9405.98534872,-2149.29282222,2056.69345307));
#18457=CARTESIAN_POINT('Control Point',(9405.93716702,-2149.63749363,2056.95262831));
#18458=CARTESIAN_POINT('Control Point',(9406.00236009,-2147.89489251,2055.64963192));
#18459=CARTESIAN_POINT('Control Point',(9405.929208939999,-2148.23727697,2055.90765052));
#18460=CARTESIAN_POINT('Control Point',(9405.855755549999,-2148.57924994,2056.16579045));
#18461=CARTESIAN_POINT('Control Point',(9405.782217919999,-2148.92111778,2056.42394929));
#18462=CARTESIAN_POINT('Control Point',(9405.709319939999,-2149.26340002,2056.68250044));
#18463=CARTESIAN_POINT('Control Point',(9405.63555325,-2149.60495158,2056.94076054));
#18464=CARTESIAN_POINT('Control Point',(9405.82744884,-2147.86432168,2055.6350924));
#18465=CARTESIAN_POINT('Control Point',(9405.730643879999,-2148.20105006,2055.89484114));
#18466=CARTESIAN_POINT('Control Point',(9405.631386949999,-2148.53964494,2056.14879786));
#18467=CARTESIAN_POINT('Control Point',(9405.53248441,-2148.87695242,2056.40484705));
#18468=CARTESIAN_POINT('Control Point',(9405.43557156,-2149.21682324,2056.66056553));
#18469=CARTESIAN_POINT('Control Point',(9405.33445796,-2149.55325632,2056.91448158));
#18470=CARTESIAN_POINT('Control Point',(9405.6567017,-2147.82435495,2055.61401393));
#18471=CARTESIAN_POINT('Control Point',(9405.53366522,-2148.15485176,2055.86897711));
#18472=CARTESIAN_POINT('Control Point',(9405.41051827,-2148.48764205,2056.12096186));
#18473=CARTESIAN_POINT('Control Point',(9405.287336429999,-2148.82042751,2056.37289057));
#18474=CARTESIAN_POINT('Control Point',(9405.163728289999,-2149.15301996,2056.62451633));
#18475=CARTESIAN_POINT('Control Point',(9405.040486399999,-2149.48593438,2056.87614228));
#18476=CARTESIAN_POINT('Control Point',(9405.15397553,-2147.6718205,2055.52835132));
#18477=CARTESIAN_POINT('Control Point',(9404.95853143,-2147.98140889,2055.76978046));
#18478=CARTESIAN_POINT('Control Point',(9404.76264619,-2148.29279307,2056.00825917));
#18479=CARTESIAN_POINT('Control Point',(9404.566855569999,-2148.60509142,2056.24581363));
#18480=CARTESIAN_POINT('Control Point',(9404.37095228,-2148.91769314,2056.4828127));
#18481=CARTESIAN_POINT('Control Point',(9404.17465556,-2149.2297663,2056.7197209));
#18482=CARTESIAN_POINT('Control Point',(9404.698493259999,-2147.43275887,2055.3808516));
#18483=CARTESIAN_POINT('Control Point',(9404.436055349999,-2147.70961903,2055.59654518));
#18484=CARTESIAN_POINT('Control Point',(9404.174371629999,-2147.98856231,2055.81095208));
#18485=CARTESIAN_POINT('Control Point',(9403.91239838,-2148.26810681,2056.02415884));
#18486=CARTESIAN_POINT('Control Point',(9403.65033436,-2148.54770649,2056.23724245));
#18487=CARTESIAN_POINT('Control Point',(9403.38973904,-2148.8286703,2056.45095208));
#18488=CARTESIAN_POINT('Control Point',(9404.423854339999,-2147.23760786,2055.25568865));
#18489=CARTESIAN_POINT('Control Point',(9404.12265877,-2147.48902077,2055.45126853));
#18490=CARTESIAN_POINT('Control Point',(9403.82115401,-2147.74142503,2055.6452522));
#18491=CARTESIAN_POINT('Control Point',(9403.51979385,-2147.99454822,2055.83864389));
#18492=CARTESIAN_POINT('Control Point',(9403.21819473,-2148.24768728,2056.03145888));
#18493=CARTESIAN_POINT('Control Point',(9402.91640102,-2148.5008105,2056.22423747));
#18494=CARTESIAN_POINT('Control Point',(9403.95695251,-2146.79572713,2054.96308877));
#18495=CARTESIAN_POINT('Control Point',(9403.587805789999,-2146.98737144,2055.11034754));
#18496=CARTESIAN_POINT('Control Point',(9403.21866115,-2147.17916343,2055.25752393));
#18497=CARTESIAN_POINT('Control Point',(9402.84919925,-2147.37098094,2055.40407174));
#18498=CARTESIAN_POINT('Control Point',(9402.48030513,-2147.56347309,2055.5509432));
#18499=CARTESIAN_POINT('Control Point',(9402.111066219999,-2147.7555952,2055.69767144));
#18500=CARTESIAN_POINT('Control Point',(9403.65929679,-2146.26846828,2054.59564266));
#18501=CARTESIAN_POINT('Control Point',(9403.24760477,-2146.38772851,2054.68606143));
#18502=CARTESIAN_POINT('Control Point',(9402.8353451,-2146.50626191,2054.77623778));
#18503=CARTESIAN_POINT('Control Point',(9402.42344413,-2146.62501086,2054.86685006));
#18504=CARTESIAN_POINT('Control Point',(9402.0109161,-2146.74316477,2054.95692527));
#18505=CARTESIAN_POINT('Control Point',(9401.59791094,-2146.86098512,2055.04651239));
#18506=CARTESIAN_POINT('Control Point',(9403.560659839999,-2145.99552434,2054.40090109));
#18507=CARTESIAN_POINT('Control Point',(9403.133122249999,-2146.07613287,2054.45928922));
#18508=CARTESIAN_POINT('Control Point',(9402.706176309999,-2146.15531583,2054.52021655));
#18509=CARTESIAN_POINT('Control Point',(9402.278447279999,-2146.23394972,2054.58029731));
#18510=CARTESIAN_POINT('Control Point',(9401.853376609999,-2146.31548,2054.64227105));
#18511=CARTESIAN_POINT('Control Point',(9401.426977969999,-2146.39508126,2054.70344378));
#18512=CARTESIAN_POINT('Control Point',(9403.509497319999,-2145.71465911,2054.19545826));
#18513=CARTESIAN_POINT('Control Point',(9403.07515916,-2145.75440875,2054.22526364));
#18514=CARTESIAN_POINT('Control Point',(9402.64056894,-2145.79386286,2054.25493102));
#18515=CARTESIAN_POINT('Control Point',(9402.208470969999,-2145.83583672,2054.28648458));
#18516=CARTESIAN_POINT('Control Point',(9401.77150047,-2145.87282919,2054.31440387));
#18517=CARTESIAN_POINT('Control Point',(9401.33946458,-2145.91486476,2054.3460103));
#18518=CARTESIAN_POINT('Control Point',(9403.510070729999,-2145.43839621,2053.98778386));
#18519=CARTESIAN_POINT('Control Point',(9403.075969469999,-2145.4383066,2053.98769612));
#18520=CARTESIAN_POINT('Control Point',(9402.641971499999,-2145.43836757,2053.98763466));
#18521=CARTESIAN_POINT('Control Point',(9402.208028409999,-2145.43837038,2053.98774544));
#18522=CARTESIAN_POINT('Control Point',(9401.77395649,-2145.4382911,2053.98770314));
#18523=CARTESIAN_POINT('Control Point',(9401.340047259999,-2145.43838396,2053.98777649));
#18524=B_SPLINE_CURVE_WITH_KNOTS('',4,(#18525,#18526,#18527,#18528,#18529),.UNSPECIFIED.,.F.,.U.,(5,5),(0.,10.5162338943),.UNSPECIFIED.);
#18525=CARTESIAN_POINT('Control Point',(9403.510070729999,-2145.43839621,2053.98778386));
#18526=CARTESIAN_POINT('Control Point',(9403.50825614,-2146.31239451,2054.64479235));
#18527=CARTESIAN_POINT('Control Point',(9404.049840829999,-2147.22704834,2055.271726));
#18528=CARTESIAN_POINT('Control Point',(9405.09096564,-2147.79660564,2055.6138563));
#18529=CARTESIAN_POINT('Control Point',(9406.177595589999,-2147.91380202,2055.65651928));
#18530=CARTESIAN_POINT('Vertex',(9403.51001966,-2145.43811492,2053.98801452));
#18531=VERTEX_POINT('',#18530);
#18532=EDGE_CURVE('',#18531,#18434,#18524,.T.);
#18533=B_SPLINE_CURVE_WITH_KNOTS('',5,(#18534,#18535,#18536,#18537,#18538,#18539),.UNSPECIFIED.,.F.,.U.,(6,6),(0.,10.5147864817),.UNSPECIFIED.);
#18534=CARTESIAN_POINT('Control Point',(9401.340059639999,-2145.43838396,2053.98777649));
#18535=CARTESIAN_POINT('Control Point',(9401.338584589999,-2146.64414819,2054.89430938));
#18536=CARTESIAN_POINT('Control Point',(9401.894798269999,-2147.86855756,2055.7916951));
#18537=CARTESIAN_POINT('Control Point',(9402.99335728,-2148.8710551,2056.49932345));
#18538=CARTESIAN_POINT('Control Point',(9404.441152519999,-2149.47608199,2056.89376232));
#18539=CARTESIAN_POINT('Control Point',(9405.93716686,-2149.63749361,2056.9526283));
#18540=CARTESIAN_POINT('Vertex',(9401.34,-2145.43832358,2053.98773146));
#18541=VERTEX_POINT('',#18540);
#18542=EDGE_CURVE('',#18541,#17783,#18533,.T.);
#18543=B_SPLINE_CURVE_WITH_KNOTS('',5,(#18544,#18545,#18546,#18547,#18548,#18549),.UNSPECIFIED.,.F.,.U.,(6,6),(-2.16994893378,1.73194791842E-014),.UNSPECIFIED.);
#18544=CARTESIAN_POINT('Control Point',(9403.51001964,-2145.4383962,2053.98778385));
#18545=CARTESIAN_POINT('Control Point',(9403.075931089999,-2145.43830661,2053.98769612));
#18546=CARTESIAN_POINT('Control Point',(9402.64194582,-2145.43836757,2053.98763466));
#18547=CARTESIAN_POINT('Control Point',(9402.2080154,-2145.43837037,2053.98774544));
#18548=CARTESIAN_POINT('Control Point',(9401.77395619,-2145.4382911,2053.98770314));
#18549=CARTESIAN_POINT('Control Point',(9401.340059639999,-2145.43838396,2053.98777649));
#18550=EDGE_CURVE('',#18541,#18531,#18543,.F.);
#18551=EDGE_LOOP('',(#18552,#18553,#18554,#18555));
#18552=ORIENTED_EDGE('',*,*,#18532,.T.);
#18553=ORIENTED_EDGE('',*,*,#18443,.T.);
#18554=ORIENTED_EDGE('',*,*,#18542,.F.);
#18555=ORIENTED_EDGE('',*,*,#18550,.T.);
#18556=FACE_OUTER_BOUND('',#18551,.T.);
#18557=ADVANCED_FACE('PartBody',(#18556),#18451,.F.);
#18558=B_SPLINE_SURFACE_WITH_KNOTS('',5,5,((#18559,#18560,#18561,#18562,#18563,#18564,#18565,#18566,#18567),(#18568,#18569,#18570,#18571,#18572,#18573,#18574,#18575,#18576),(#18577,#18578,#18579,#18580,#18581,#18582,#18583,#18584,#18585),(#18586,#18587,#18588,#18589,#18590,#18591,#18592,#18593,#18594),(#18595,#18596,#18597,#18598,#18599,#18600,#18601,#18602,#18603),(#18604,#18605,#18606,#18607,#18608,#18609,#18610,#18611,#18612)),.UNSPECIFIED.,.F.,.F.,.U.,(6,6),(6,3,6),(84.9294821108,357.946969277),(0.,2.585,5.17),.UNSPECIFIED.);
#18559=CARTESIAN_POINT('Control Point',(9405.93723765,-2149.63756682,2056.95268063));
#18560=CARTESIAN_POINT('Control Point',(9405.18717574,-2149.5707401,2056.90243162));
#18561=CARTESIAN_POINT('Control Point',(9404.45236028,-2149.39453986,2056.76994141));
#18562=CARTESIAN_POINT('Control Point',(9403.76614808,-2149.11181344,2056.55735098));
#18563=CARTESIAN_POINT('Control Point',(9402.554460429999,-2148.359498,2055.99166257));
#18564=CARTESIAN_POINT('Control Point',(9401.75322606,-2147.31366148,2055.2052669));
#18565=CARTESIAN_POINT('Control Point',(9401.477690379999,-2146.73725435,2054.7718492));
#18566=CARTESIAN_POINT('Control Point',(9401.34,-2146.13404135,2054.31827535));
#18567=CARTESIAN_POINT('Control Point',(9401.34,-2145.53083452,2053.86470615));
#18568=CARTESIAN_POINT('Control Point',(9405.941642399999,-2125.73772993,2088.73832177));
#18569=CARTESIAN_POINT('Control Point',(9405.19106834,-2125.67205284,2088.68753207));
#18570=CARTESIAN_POINT('Control Point',(9404.455641299999,-2125.49796807,2088.55292766));
#18571=CARTESIAN_POINT('Control Point',(9403.768780029999,-2125.21827614,2088.33667419));
#18572=CARTESIAN_POINT('Control Point',(9402.555856909999,-2124.47361864,2087.7609254));
#18573=CARTESIAN_POINT('Control Point',(9401.75371159,-2123.43791943,2086.96016194));
#18574=CARTESIAN_POINT('Control Point',(9401.47785204,-2122.86702713,2086.51877114));
#18575=CARTESIAN_POINT('Control Point',(9401.34,-2122.26955242,2086.05682859));
#18576=CARTESIAN_POINT('Control Point',(9401.34,-2121.67208384,2085.59489079));
#18577=CARTESIAN_POINT('Control Point',(9405.94601095,-2101.23913081,2120.2094096));
#18578=CARTESIAN_POINT('Control Point',(9405.194929589999,-2101.1746106,2120.15809443));
#18579=CARTESIAN_POINT('Control Point',(9404.45889631,-2101.00268979,2120.02138989));
#18580=CARTESIAN_POINT('Control Point',(9403.77139134,-2100.72612165,2119.8014857));
#18581=CARTESIAN_POINT('Control Point',(9402.55724269,-2099.98937296,2119.21569736));
#18582=CARTESIAN_POINT('Control Point',(9401.75419344,-2098.9641759,2118.4005804));
#18583=CARTESIAN_POINT('Control Point',(9401.478012469999,-2098.39900178,2117.9512223));
#18584=CARTESIAN_POINT('Control Point',(9401.34,-2097.80747919,2117.48091615));
#18585=CARTESIAN_POINT('Control Point',(9401.34,-2097.2159627,2117.01061485));
#18586=CARTESIAN_POINT('Control Point',(9405.950333799999,-2076.13374644,2151.35254064));
#18587=CARTESIAN_POINT('Control Point',(9405.19875109,-2076.07038958,2151.30071426));
#18588=CARTESIAN_POINT('Control Point',(9404.462118199999,-2075.90068241,2151.1619232));
#18589=CARTESIAN_POINT('Control Point',(9403.773976319999,-2075.62733055,2150.93838063));
#18590=CARTESIAN_POINT('Control Point',(9402.55861473,-2074.89875148,2150.34257456));
#18591=CARTESIAN_POINT('Control Point',(9401.75467054,-2073.88443701,2149.51312095));
#18592=CARTESIAN_POINT('Control Point',(9401.47817133,-2073.32519329,2149.0558029));
#18593=CARTESIAN_POINT('Control Point',(9401.34,-2072.73984607,2148.57713995));
#18594=CARTESIAN_POINT('Control Point',(9401.34,-2072.1545049,2148.09848195));
#18595=CARTESIAN_POINT('Control Point',(9405.95460413,-2050.40640343,2182.16057413));
#18596=CARTESIAN_POINT('Control Point',(9405.20252676,-2050.34421539,2182.10825075));
#18597=CARTESIAN_POINT('Control Point',(9404.465301849999,-2050.17677148,2181.96738866));
#18598=CARTESIAN_POINT('Control Point',(9403.77653083,-2049.90672929,2181.74022383));
#18599=CARTESIAN_POINT('Control Point',(9402.559970819999,-2049.1865842,2181.1344328));
#18600=CARTESIAN_POINT('Control Point',(9401.755142119999,-2048.18353918,2180.29067565));
#18601=CARTESIAN_POINT('Control Point',(9401.47832835,-2047.6304418,2179.82541411));
#18602=CARTESIAN_POINT('Control Point',(9401.34,-2047.05149718,2179.33841079));
#18603=CARTESIAN_POINT('Control Point',(9401.34,-2046.47255857,2178.85141253));
#18604=CARTESIAN_POINT('Control Point',(9405.95881007,-2024.04996305,2212.61255699));
#18605=CARTESIAN_POINT('Control Point',(9405.20624609,-2023.98894979,2212.55974827));
#18606=CARTESIAN_POINT('Control Point',(9404.468438370001,-2023.82382357,2212.41682681));
#18607=CARTESIAN_POINT('Control Point',(9403.77904772,-2023.55719353,2212.18605089));
#18608=CARTESIAN_POINT('Control Point',(9402.561307169999,-2022.84577269,2211.57029583));
#18609=CARTESIAN_POINT('Control Point',(9401.75560687,-2021.85442195,2210.71225345));
#18610=CARTESIAN_POINT('Control Point',(9401.478483089999,-2021.30770808,2210.23905697));
#18611=CARTESIAN_POINT('Control Point',(9401.34,-2020.73541563,2209.7437215));
#18612=CARTESIAN_POINT('Control Point',(9401.34,-2020.16312915,2209.2483912));
#18613=B_SPLINE_CURVE_WITH_KNOTS('',5,(#18614,#18615,#18616,#18617,#18618,#18619,#18620,#18621,#18622,#18623,#18624,#18625),.UNSPECIFIED.,.F.,.U.,(6,3,3,6),(0.,6.31528069422,9.47971064389,10.5320744497),.UNSPECIFIED.);
#18614=CARTESIAN_POINT('Control Point',(9401.34,-2020.16312915,2209.2483912));
#18615=CARTESIAN_POINT('Control Point',(9401.34,-2020.850059,2209.84283145));
#18616=CARTESIAN_POINT('Control Point',(9401.53952414,-2021.53795454,2210.43615543));
#18617=CARTESIAN_POINT('Control Point',(9401.9384384,-2022.18199166,2210.98957554));
#18618=CARTESIAN_POINT('Control Point',(9402.796874359999,-2023.01874917,2211.70527235));
#18619=CARTESIAN_POINT('Control Point',(9403.942220519999,-2023.59518334,2212.19288952));
#18620=CARTESIAN_POINT('Control Point',(9404.34605143,-2023.75333987,2212.32580085));
#18621=CARTESIAN_POINT('Control Point',(9404.916563679999,-2023.91987478,2212.46433192));
#18622=CARTESIAN_POINT('Control Point',(9405.50933035,-2024.02139256,2212.54638218));
#18623=CARTESIAN_POINT('Control Point',(9405.658387609999,-2024.04262594,2212.56329844));
#18624=CARTESIAN_POINT('Control Point',(9405.80830174,-2024.05971992,2212.57662426));
#18625=CARTESIAN_POINT('Control Point',(9405.9588064,-2024.07265165,2212.58634247));
#18626=CARTESIAN_POINT('Vertex',(9401.34,-2020.16312915,2209.2483912));
#18627=VERTEX_POINT('',#18626);
#18628=EDGE_CURVE('',#18627,#17774,#18613,.T.);
#18629=B_SPLINE_CURVE_WITH_KNOTS('',5,(#18630,#18631,#18632,#18633,#18634,#18635),.UNSPECIFIED.,.F.,.U.,(6,6),(85.1411958186,357.946969277),.UNSPECIFIED.);
#18630=CARTESIAN_POINT('Control Point',(9401.34,-2145.43832358,2053.98773146));
#18631=CARTESIAN_POINT('Control Point',(9401.34,-2121.59622284,2085.69233596));
#18632=CARTESIAN_POINT('Control Point',(9401.34,-2097.15765923,2117.08293629));
#18633=CARTESIAN_POINT('Control Point',(9401.34,-2072.11467396,2148.14617698));
#18634=CARTESIAN_POINT('Control Point',(9401.34,-2046.4521567,2178.87498412));
#18635=CARTESIAN_POINT('Control Point',(9401.34,-2020.16312915,2209.2483912));
#18636=EDGE_CURVE('',#18541,#18627,#18629,.T.);
#18637=EDGE_LOOP('',(#18638,#18639,#18640,#18641));
#18638=ORIENTED_EDGE('',*,*,#17784,.T.);
#18639=ORIENTED_EDGE('',*,*,#18628,.F.);
#18640=ORIENTED_EDGE('',*,*,#18636,.F.);
#18641=ORIENTED_EDGE('',*,*,#18542,.T.);
#18642=FACE_OUTER_BOUND('',#18637,.T.);
#18643=ADVANCED_FACE('PartBody',(#18642),#18558,.T.);
#18644=B_SPLINE_SURFACE_WITH_KNOTS('',5,1,((#18645,#18646),(#18647,#18648),(#18649,#18650),(#18651,#18652),(#18653,#18654),(#18655,#18656),(#18657,#18658),(#18659,#18660),(#18661,#18662),(#18663,#18664),(#18665,#18666),(#18667,#18668),(#18669,#18670),(#18671,#18672),(#18673,#18674)),.UNSPECIFIED.,.F.,.F.,.U.,(6,3,3,3,6),(2,2),(0.,2.74979657363,5.49959314725,8.24938972088,9.16598857875),(-2.17000179161,4.05088852364E-006),.UNSPECIFIED.);
#18645=CARTESIAN_POINT('Control Point',(9406.190158429999,-2022.44121667,2211.17432404));
#18646=CARTESIAN_POINT('Control Point',(9405.958805759999,-2024.07265606,2212.58634628));
#18647=CARTESIAN_POINT('Control Point',(9405.928157849999,-2022.41778787,2211.15846585));
#18648=CARTESIAN_POINT('Control Point',(9405.507290789999,-2024.0338607,2212.55719153));
#18649=CARTESIAN_POINT('Control Point',(9405.669241379999,-2022.37263151,2211.123756));
#18650=CARTESIAN_POINT('Control Point',(9405.061090789999,-2023.95760494,2212.49556812));
#18651=CARTESIAN_POINT('Control Point',(9405.417572369999,-2022.30610737,2211.07043581));
#18652=CARTESIAN_POINT('Control Point',(9404.627380599999,-2023.84448382,2212.40192078));
#18653=CARTESIAN_POINT('Control Point',(9404.93713966,-2022.13254491,2210.92835542));
#18654=CARTESIAN_POINT('Control Point',(9403.799433729999,-2023.54828845,2212.15370548));
#18655=CARTESIAN_POINT('Control Point',(9404.516798859999,-2021.88469178,2210.72098442));
#18656=CARTESIAN_POINT('Control Point',(9403.07504541,-2023.12371166,2211.79338116));
#18657=CARTESIAN_POINT('Control Point',(9404.3252526,-2021.7438681,2210.60236544));
#18658=CARTESIAN_POINT('Control Point',(9402.74494688,-2022.88219365,2211.58761094));
#18659=CARTESIAN_POINT('Control Point',(9403.98574432,-2021.43308073,2210.33918081));
#18660=CARTESIAN_POINT('Control Point',(9402.159860109999,-2022.34868056,2211.13165497));
#18661=CARTESIAN_POINT('Control Point',(9403.74268288,-2021.07472435,2210.03321378));
#18662=CARTESIAN_POINT('Control Point',(9401.740983629999,-2021.73261474,2210.6026353));
#18663=CARTESIAN_POINT('Control Point',(9403.647598289999,-2020.88632134,2209.87180324));
#18664=CARTESIAN_POINT('Control Point',(9401.57712095,-2021.40852616,2210.32378569));
#18665=CARTESIAN_POINT('Control Point',(9403.558178539999,-2020.6269694,2209.64890994));
#18666=CARTESIAN_POINT('Control Point',(9401.42302068,-2020.96214221,2209.93901133));
#18667=CARTESIAN_POINT('Control Point',(9403.519646369999,-2020.36236868,2209.42061764));
#18668=CARTESIAN_POINT('Control Point',(9401.3566168,-2020.5064066,2209.54528649));
#18669=CARTESIAN_POINT('Control Point',(9403.51321664,-2020.29600773,2209.36330821));
#18670=CARTESIAN_POINT('Control Point',(9401.34553622,-2020.39209019,2209.44647027));
#18671=CARTESIAN_POINT('Control Point',(9403.51000178,-2020.22955503,2209.3058652));
#18672=CARTESIAN_POINT('Control Point',(9401.339995939999,-2020.27759626,2209.34744623));
#18673=CARTESIAN_POINT('Control Point',(9403.51000179,-2020.16312915,2209.2483912));
#18674=CARTESIAN_POINT('Control Point',(9401.33999595,-2020.16312915,2209.2483912));
#18675=B_SPLINE_CURVE_WITH_KNOTS('',1,(#18676,#18677),.UNSPECIFIED.,.F.,.U.,(2,2),(-2.16999245148,-2.22470590252E-013),.UNSPECIFIED.);
#18676=CARTESIAN_POINT('Control Point',(9403.509992449999,-2020.16312915,2209.2483912));
#18677=CARTESIAN_POINT('Control Point',(9401.34,-2020.16312915,2209.2483912));
#18678=CARTESIAN_POINT('Vertex',(9403.509992449999,-2020.16314166,2209.24838704));
#18679=VERTEX_POINT('',#18678);
#18680=EDGE_CURVE('',#18679,#18627,#18675,.T.);
#18681=B_SPLINE_CURVE_WITH_KNOTS('',1,(#18682,#18683),.UNSPECIFIED.,.F.,.U.,(2,2),(-2.1699981931,1.8069023198E-006),.UNSPECIFIED.);
#18682=CARTESIAN_POINT('Control Point',(9406.190158039999,-2022.44121937,2211.17432638));
#18683=CARTESIAN_POINT('Control Point',(9405.958805999999,-2024.07265437,2212.58634482));
#18684=CARTESIAN_POINT('Vertex',(9406.190158039999,-2022.44121937,2211.17432638));
#18685=VERTEX_POINT('',#18684);
#18686=EDGE_CURVE('',#18685,#17774,#18681,.T.);
#18687=B_SPLINE_CURVE_WITH_KNOTS('',5,(#18688,#18689,#18690,#18691,#18692,#18693),.UNSPECIFIED.,.F.,.U.,(6,6),(1.61482817189E-005,10.5271622227),.UNSPECIFIED.);
#18688=CARTESIAN_POINT('Control Point',(9403.51,-2020.16313425,2209.24839561));
#18689=CARTESIAN_POINT('Control Point',(9403.51000228,-2020.82762294,2209.82333445));
#18690=CARTESIAN_POINT('Control Point',(9403.831358879999,-2021.49502495,2210.39537634));
#18691=CARTESIAN_POINT('Control Point',(9404.476285069999,-2022.04353037,2210.85909771));
#18692=CARTESIAN_POINT('Control Point',(9405.316532879999,-2022.363095,2211.1214461));
#18693=CARTESIAN_POINT('Control Point',(9406.190158429999,-2022.44121667,2211.17432404));
#18694=EDGE_CURVE('',#18679,#18685,#18687,.T.);
#18695=EDGE_LOOP('',(#18696,#18697,#18698,#18699));
#18696=ORIENTED_EDGE('',*,*,#18680,.T.);
#18697=ORIENTED_EDGE('',*,*,#18628,.T.);
#18698=ORIENTED_EDGE('',*,*,#18686,.F.);
#18699=ORIENTED_EDGE('',*,*,#18694,.F.);
#18700=FACE_OUTER_BOUND('',#18695,.T.);
#18701=ADVANCED_FACE('PartBody',(#18700),#18644,.T.);
#18702=B_SPLINE_SURFACE_WITH_KNOTS('',5,1,((#18703,#18704),(#18705,#18706),(#18707,#18708),(#18709,#18710),(#18711,#18712),(#18713,#18714)),.UNSPECIFIED.,.F.,.F.,.U.,(6,6),(2,2),(0.,1.00389945098),(-1.74653789932E-014,2.17000000231),.UNSPECIFIED.);
#18703=CARTESIAN_POINT('Control Point',(9401.34,-2020.16312915,2209.2483912));
#18704=CARTESIAN_POINT('Control Point',(9403.51,-2020.16312915,2209.2483912));
#18705=CARTESIAN_POINT('Control Point',(9401.34,-2020.01130403,2209.11700743));
#18706=CARTESIAN_POINT('Control Point',(9403.51,-2020.01130403,2209.11700743));
#18707=CARTESIAN_POINT('Control Point',(9401.34,-2019.85947891,2208.98562365));
#18708=CARTESIAN_POINT('Control Point',(9403.51,-2019.85947891,2208.98562365));
#18709=CARTESIAN_POINT('Control Point',(9401.34,-2019.70765379,2208.85423987));
#18710=CARTESIAN_POINT('Control Point',(9403.51,-2019.70765379,2208.85423987));
#18711=CARTESIAN_POINT('Control Point',(9401.34,-2019.55582867,2208.72285609));
#18712=CARTESIAN_POINT('Control Point',(9403.51,-2019.55582867,2208.72285609));
#18713=CARTESIAN_POINT('Control Point',(9401.34,-2019.40400354,2208.59147232));
#18714=CARTESIAN_POINT('Control Point',(9403.51,-2019.40400354,2208.59147232));
#18715=B_SPLINE_CURVE_WITH_KNOTS('',1,(#18716,#18717),.UNSPECIFIED.,.F.,.U.,(2,2),(-1.74653789932E-014,2.17),.UNSPECIFIED.);
#18716=CARTESIAN_POINT('Control Point',(9401.34,-2019.40400354,2208.59147232));
#18717=CARTESIAN_POINT('Control Point',(9403.51,-2019.40400354,2208.59147232));
#18718=CARTESIAN_POINT('Vertex',(9401.34,-2019.40400354,2208.59147232));
#18719=VERTEX_POINT('',#18718);
#18720=CARTESIAN_POINT('Vertex',(9403.51,-2019.40400354,2208.59147232));
#18721=VERTEX_POINT('',#18720);
#18722=EDGE_CURVE('',#18719,#18721,#18715,.T.);
#18723=B_SPLINE_CURVE_WITH_KNOTS('',5,(#18724,#18725,#18726,#18727,#18728,#18729),.UNSPECIFIED.,.F.,.U.,(6,6),(0.,1.00389945098),.UNSPECIFIED.);
#18724=CARTESIAN_POINT('Control Point',(9401.34,-2020.16312915,2209.2483912));
#18725=CARTESIAN_POINT('Control Point',(9401.34,-2020.01130403,2209.11700743));
#18726=CARTESIAN_POINT('Control Point',(9401.34,-2019.85947891,2208.98562365));
#18727=CARTESIAN_POINT('Control Point',(9401.34,-2019.70765379,2208.85423987));
#18728=CARTESIAN_POINT('Control Point',(9401.34,-2019.55582867,2208.72285609));
#18729=CARTESIAN_POINT('Control Point',(9401.34,-2019.40400354,2208.59147232));
#18730=EDGE_CURVE('',#18719,#18627,#18723,.F.);
#18731=B_SPLINE_CURVE_WITH_KNOTS('',1,(#18732,#18733),.UNSPECIFIED.,.F.,.U.,(2,2),(-0.501949725492,0.501949725492),.UNSPECIFIED.);
#18732=CARTESIAN_POINT('Control Point',(9403.51,-2019.40400354,2208.59147232));
#18733=CARTESIAN_POINT('Control Point',(9403.51,-2020.16312915,2209.2483912));
#18734=EDGE_CURVE('',#18721,#18679,#18731,.T.);
#18735=EDGE_LOOP('',(#18736,#18737,#18738,#18739));
#18736=ORIENTED_EDGE('',*,*,#18722,.F.);
#18737=ORIENTED_EDGE('',*,*,#18730,.T.);
#18738=ORIENTED_EDGE('',*,*,#18680,.F.);
#18739=ORIENTED_EDGE('',*,*,#18734,.F.);
#18740=FACE_OUTER_BOUND('',#18735,.T.);
#18741=ADVANCED_FACE('PartBody',(#18740),#18702,.F.);
#18742=CARTESIAN_POINT('Axis2P3D Location',(9401.34,-2022.67583961,2204.81058767));
#18743=DIRECTION('Axis2P3D Direction',(1,0,0));
#18744=DIRECTION('Axis2P3D XDirection',(-0,-0.8012259040810199,-0.5983619729140148));
#18745=AXIS2_PLACEMENT_3D('Cylinder Axis2P3D',#18742,#18743,#18744);
#18746=CYLINDRICAL_SURFACE('generated cylinder',#18745,5.);
#18747=CARTESIAN_POINT('Line Origine',(9402.424999999999,-2018.12159364,2206.87428426));
#18748=DIRECTION('Vector Direction',(1,0,0));
#18749=VECTOR('Line Direction',#18748,1.);
#18750=LINE('Line',#18747,#18749);
#18751=CARTESIAN_POINT('Vertex',(9401.34,-2018.12159364,2206.87428426));
#18752=VERTEX_POINT('',#18751);
#18753=CARTESIAN_POINT('Vertex',(9403.51,-2018.12159364,2206.87428426));
#18754=VERTEX_POINT('',#18753);
#18755=EDGE_CURVE('',#18752,#18754,#18750,.T.);
#18756=CARTESIAN_POINT('Axis2P3D Location',(9401.34,-2022.67583961,2204.81058767));
#18757=DIRECTION('Axis2P3D Direction',(1,0,0));
#18758=AXIS2_PLACEMENT_3D('Circle Axis2P3D',#18756,#18757,$);
#18759=CIRCLE('generated circle',#18758,5.);
#18760=EDGE_CURVE('',#18752,#18719,#18759,.T.);
#18761=CARTESIAN_POINT('Axis2P3D Location',(9403.51,-2022.67583961,2204.81058767));
#18762=DIRECTION('Axis2P3D Direction',(1,0,0));
#18763=AXIS2_PLACEMENT_3D('Circle Axis2P3D',#18761,#18762,$);
#18764=CIRCLE('generated circle',#18763,5.);
#18765=EDGE_CURVE('',#18754,#18721,#18764,.T.);
#18766=EDGE_LOOP('',(#18767,#18768,#18769,#18770));
#18767=ORIENTED_EDGE('',*,*,#18755,.F.);
#18768=ORIENTED_EDGE('',*,*,#18760,.T.);
#18769=ORIENTED_EDGE('',*,*,#18722,.T.);
#18770=ORIENTED_EDGE('',*,*,#18765,.F.);
#18771=FACE_OUTER_BOUND('',#18766,.T.);
#18772=ADVANCED_FACE('PartBody',(#18771),#18746,.T.);
#18773=CARTESIAN_POINT('Axis2P3D Location',(9401.34,-2005.92425782,2179.95672877));
#18774=DIRECTION('Axis2P3D Direction',(0,0.9108491944468483,0.4127393184269313));
#18775=DIRECTION('Axis2P3D XDirection',(1,0,0));
#18776=AXIS2_PLACEMENT_3D('Plane Axis2P3D',#18773,#18774,#18775);
#18777=PLANE('',#18776);
#18778=CARTESIAN_POINT('Line Origine',(9402.424999999999,-1993.726922,2153.03917328));
#18779=DIRECTION('Vector Direction',(1,0,0));
#18780=VECTOR('Line Direction',#18779,1.);
#18781=LINE('Line',#18778,#18780);
#18782=CARTESIAN_POINT('Vertex',(9401.34,-1993.726922,2153.03917328));
#18783=VERTEX_POINT('',#18782);
#18784=CARTESIAN_POINT('Vertex',(9403.51,-1993.726922,2153.03917328));
#18785=VERTEX_POINT('',#18784);
#18786=EDGE_CURVE('',#18783,#18785,#18781,.T.);
#18787=CARTESIAN_POINT('Line Origine',(9401.34,-2005.92425782,2179.95672877));
#18788=DIRECTION('Vector Direction',(0,-0.4127393184269313,0.9108491944468483));
#18789=VECTOR('Line Direction',#18788,1.);
#18790=LINE('Line',#18787,#18789);
#18791=EDGE_CURVE('',#18783,#18752,#18790,.T.);
#18792=CARTESIAN_POINT('Line Origine',(9403.51,-2005.92425782,2179.95672877));
#18793=DIRECTION('Vector Direction',(0,-0.4127393184269313,0.9108491944468483));
#18794=VECTOR('Line Direction',#18793,1.);
#18795=LINE('Line',#18792,#18794);
#18796=EDGE_CURVE('',#18785,#18754,#18795,.T.);
#18797=EDGE_LOOP('',(#18798,#18799,#18800,#18801));
#18798=ORIENTED_EDGE('',*,*,#18786,.F.);
#18799=ORIENTED_EDGE('',*,*,#18791,.T.);
#18800=ORIENTED_EDGE('',*,*,#18755,.T.);
#18801=ORIENTED_EDGE('',*,*,#18796,.F.);
#18802=FACE_OUTER_BOUND('',#18797,.T.);
#18803=ADVANCED_FACE('PartBody',(#18802),#18777,.T.);
#18804=CARTESIAN_POINT('Axis2P3D Location',(9401.34,-1972.77739053,2162.5321776));
#18805=DIRECTION('Axis2P3D Direction',(1,0,0));
#18806=DIRECTION('Axis2P3D XDirection',(0,0.8023939062938168,0.5967947881328638));
#18807=AXIS2_PLACEMENT_3D('Cylinder Axis2P3D',#18804,#18805,#18806);
#18808=CYLINDRICAL_SURFACE('generated cylinder',#18807,23.);
#18809=CARTESIAN_POINT('Line Origine',(9402.424999999999,-1988.66473161,2145.90111049));
#18810=DIRECTION('Vector Direction',(1,0,0));
#18811=VECTOR('Line Direction',#18810,1.);
#18812=LINE('Line',#18809,#18811);
#18813=CARTESIAN_POINT('Vertex',(9401.34,-1988.66473161,2145.90111049));
#18814=VERTEX_POINT('',#18813);
#18815=CARTESIAN_POINT('Vertex',(9403.51,-1988.66473161,2145.90111049));
#18816=VERTEX_POINT('',#18815);
#18817=EDGE_CURVE('',#18814,#18816,#18812,.T.);
#18818=CARTESIAN_POINT('Axis2P3D Location',(9401.34,-1972.77739053,2162.5321776));
#18819=DIRECTION('Axis2P3D Direction',(1,0,0));
#18820=AXIS2_PLACEMENT_3D('Circle Axis2P3D',#18818,#18819,$);
#18821=CIRCLE('generated circle',#18820,23.);
#18822=EDGE_CURVE('',#18814,#18783,#18821,.F.);
#18823=CARTESIAN_POINT('Axis2P3D Location',(9403.51,-1972.77739053,2162.5321776));
#18824=DIRECTION('Axis2P3D Direction',(1,0,0));
#18825=AXIS2_PLACEMENT_3D('Circle Axis2P3D',#18823,#18824,$);
#18826=CIRCLE('generated circle',#18825,23.);
#18827=EDGE_CURVE('',#18816,#18785,#18826,.F.);
#18828=EDGE_LOOP('',(#18829,#18830,#18831,#18832));
#18829=ORIENTED_EDGE('',*,*,#18817,.F.);
#18830=ORIENTED_EDGE('',*,*,#18822,.T.);
#18831=ORIENTED_EDGE('',*,*,#18786,.T.);
#18832=ORIENTED_EDGE('',*,*,#18827,.F.);
#18833=FACE_OUTER_BOUND('',#18828,.T.);
#18834=ADVANCED_FACE('PartBody',(#18833),#18808,.F.);
#18835=CARTESIAN_POINT('Axis2P3D Location',(9401.34,-1997.98991007,2136.13939719));
#18836=DIRECTION('Axis2P3D Direction',(1,0,0));
#18837=DIRECTION('Axis2P3D XDirection',(-0,-0.9985541877764623,-0.05375438655672488));
#18838=AXIS2_PLACEMENT_3D('Cylinder Axis2P3D',#18835,#18836,#18837);
#18839=CYLINDRICAL_SURFACE('generated cylinder',#18838,13.5);
#18840=CARTESIAN_POINT('Line Origine',(9402.424999999999,-1987.67066997,2127.4351865));
#18841=DIRECTION('Vector Direction',(1,0,0));
#18842=VECTOR('Line Direction',#18841,1.);
#18843=LINE('Line',#18840,#18842);
#18844=CARTESIAN_POINT('Vertex',(9401.34,-1987.67066997,2127.4351865));
#18845=VERTEX_POINT('',#18844);
#18846=CARTESIAN_POINT('Vertex',(9403.51,-1987.67066997,2127.4351865));
#18847=VERTEX_POINT('',#18846);
#18848=EDGE_CURVE('',#18845,#18847,#18843,.T.);
#18849=CARTESIAN_POINT('Axis2P3D Location',(9401.34,-1997.98991007,2136.13939719));
#18850=DIRECTION('Axis2P3D Direction',(1,0,0));
#18851=AXIS2_PLACEMENT_3D('Circle Axis2P3D',#18849,#18850,$);
#18852=CIRCLE('generated circle',#18851,13.5);
#18853=EDGE_CURVE('',#18845,#18814,#18852,.T.);
#18854=CARTESIAN_POINT('Axis2P3D Location',(9403.51,-1997.98991007,2136.13939719));
#18855=DIRECTION('Axis2P3D Direction',(1,0,0));
#18856=AXIS2_PLACEMENT_3D('Circle Axis2P3D',#18854,#18855,$);
#18857=CIRCLE('generated circle',#18856,13.5);
#18858=EDGE_CURVE('',#18847,#18816,#18857,.T.);
#18859=EDGE_LOOP('',(#18860,#18861,#18862,#18863));
#18860=ORIENTED_EDGE('',*,*,#18848,.F.);
#18861=ORIENTED_EDGE('',*,*,#18853,.T.);
#18862=ORIENTED_EDGE('',*,*,#18817,.T.);
#18863=ORIENTED_EDGE('',*,*,#18858,.F.);
#18864=FACE_OUTER_BOUND('',#18859,.T.);
#18865=ADVANCED_FACE('PartBody',(#18864),#18839,.T.);
#18866=B_SPLINE_CURVE_WITH_KNOTS('',5,(#18867,#18868,#18869,#18870,#18871,#18872,#18873,#18874,#18875),.UNSPECIFIED.,.F.,.U.,(6,3,6),(1068.84575017,1102.17579399,1365.16464007),.UNSPECIFIED.);
#18867=CARTESIAN_POINT('Control Point',(9401.34,-1987.67066997,2127.4351865));
#18868=CARTESIAN_POINT('Control Point',(9401.34,-1990.13407283,2124.51470967));
#18869=CARTESIAN_POINT('Control Point',(9401.34,-1992.5920973,2121.58968359));
#18870=CARTESIAN_POINT('Control Point',(9401.34,-1995.04473254,2118.66012094));
#18871=CARTESIAN_POINT('Control Point',(9401.34,-2016.80174091,2092.57478904));
#18872=CARTESIAN_POINT('Control Point',(9401.34,-2038.13109232,2066.13289609));
#18873=CARTESIAN_POINT('Control Point',(9401.34,-2056.70210268,2042.41602408));
#18874=CARTESIAN_POINT('Control Point',(9401.34,-2074.95173847,2018.39446187));
#18875=CARTESIAN_POINT('Control Point',(9401.34,-2092.84715139,1994.1139751));
#18876=DIRECTION('Vector Direction',(1,0,0));
#18877=VECTOR('Extrusion Surface Vector',#18876,1.);
#18878=SURFACE_OF_LINEAR_EXTRUSION('generated tabulated cylinder',#18866,#18877);
#18879=CARTESIAN_POINT('Line Origine',(9402.424999999999,-2092.84715139,1994.1139751));
#18880=DIRECTION('Vector Direction',(1,0,0));
#18881=VECTOR('Line Direction',#18880,1.);
#18882=LINE('Line',#18879,#18881);
#18883=CARTESIAN_POINT('Vertex',(9401.34,-2092.84715139,1994.1139751));
#18884=VERTEX_POINT('',#18883);
#18885=CARTESIAN_POINT('Vertex',(9403.51,-2092.84715139,1994.1139751));
#18886=VERTEX_POINT('',#18885);
#18887=EDGE_CURVE('',#18884,#18886,#18882,.T.);
#18888=B_SPLINE_CURVE_WITH_KNOTS('',5,(#18889,#18890,#18891,#18892,#18893,#18894),.UNSPECIFIED.,.F.,.U.,(6,6),(0.,341.55456527),.UNSPECIFIED.);
#18889=CARTESIAN_POINT('Control Point',(9401.34,-2092.84715139,1994.1139751));
#18890=CARTESIAN_POINT('Control Point',(9401.34,-2072.68552493,2021.4692592));
#18891=CARTESIAN_POINT('Control Point',(9401.34,-2052.07557795,2048.49404149));
#18892=CARTESIAN_POINT('Control Point',(9401.34,-2031.05410119,2075.13706203));
#18893=CARTESIAN_POINT('Control Point',(9401.34,-2009.57234483,2101.46974864));
#18894=CARTESIAN_POINT('Control Point',(9401.34,-1987.67066997,2127.4351865));
#18895=EDGE_CURVE('',#18884,#18845,#18888,.T.);
#18896=B_SPLINE_CURVE_WITH_KNOTS('',5,(#18897,#18898,#18899,#18900,#18901,#18902),.UNSPECIFIED.,.F.,.U.,(6,6),(0.,341.554565065),.UNSPECIFIED.);
#18897=CARTESIAN_POINT('Control Point',(9403.51,-2092.84715139,1994.1139751));
#18898=CARTESIAN_POINT('Control Point',(9403.51,-2072.68552495,2021.46925918));
#18899=CARTESIAN_POINT('Control Point',(9403.51,-2052.07557796,2048.49404148));
#18900=CARTESIAN_POINT('Control Point',(9403.51,-2031.05410114,2075.13706209));
#18901=CARTESIAN_POINT('Control Point',(9403.51,-2009.57234482,2101.46974866));
#18902=CARTESIAN_POINT('Control Point',(9403.51,-1987.67066997,2127.4351865));
#18903=EDGE_CURVE('',#18886,#18847,#18896,.T.);
#18904=EDGE_LOOP('',(#18905,#18906,#18907,#18908));
#18905=ORIENTED_EDGE('',*,*,#18887,.F.);
#18906=ORIENTED_EDGE('',*,*,#18895,.T.);
#18907=ORIENTED_EDGE('',*,*,#18848,.T.);
#18908=ORIENTED_EDGE('',*,*,#18903,.F.);
#18909=FACE_OUTER_BOUND('',#18904,.T.);
#18910=ADVANCED_FACE('PartBody',(#18909),#18878,.F.);
#18911=CARTESIAN_POINT('Axis2P3D Location',(9401.34,-2103.71389886,2002.12307931));
#18912=DIRECTION('Axis2P3D Direction',(1,0,0));
#18913=DIRECTION('Axis2P3D XDirection',(0,0.5735764363510113,0.8191520442890162));
#18914=AXIS2_PLACEMENT_3D('Cylinder Axis2P3D',#18911,#18912,#18913);
#18915=CYLINDRICAL_SURFACE('generated cylinder',#18914,13.5);
#18916=CARTESIAN_POINT('Axis2P3D Location',(9401.34,-2103.71389886,2002.12307931));
#18917=DIRECTION('Axis2P3D Direction',(1,0,0));
#18918=AXIS2_PLACEMENT_3D('Circle Axis2P3D',#18916,#18917,$);
#18919=CIRCLE('generated circle',#18918,13.5);
#18920=CARTESIAN_POINT('Vertex',(9401.34,-2111.71555057,1991.25001305));
#18921=VERTEX_POINT('',#18920);
#18922=EDGE_CURVE('',#18921,#18884,#18919,.T.);
#18923=CARTESIAN_POINT('Axis2P3D Location',(9403.51,-2103.71389886,2002.12307931));
#18924=DIRECTION('Axis2P3D Direction',(1,0,0));
#18925=AXIS2_PLACEMENT_3D('Circle Axis2P3D',#18923,#18924,$);
#18926=CIRCLE('generated circle',#18925,13.5);
#18927=CARTESIAN_POINT('Vertex',(9403.51,-2111.71555057,1991.25001305));
#18928=VERTEX_POINT('',#18927);
#18929=EDGE_CURVE('',#18886,#18928,#18926,.F.);
#18930=CARTESIAN_POINT('Line Origine',(9402.424999999999,-2111.71555057,1991.25001305));
#18931=DIRECTION('Vector Direction',(1,0,0));
#18932=VECTOR('Line Direction',#18931,1.);
#18933=LINE('Line',#18930,#18932);
#18934=EDGE_CURVE('',#18921,#18928,#18933,.T.);
#18935=EDGE_LOOP('',(#18936,#18937,#18938,#18939));
#18936=ORIENTED_EDGE('',*,*,#18922,.T.);
#18937=ORIENTED_EDGE('',*,*,#18887,.T.);
#18938=ORIENTED_EDGE('',*,*,#18929,.T.);
#18939=ORIENTED_EDGE('',*,*,#18934,.F.);
#18940=FACE_OUTER_BOUND('',#18935,.T.);
#18941=ADVANCED_FACE('PartBody',(#18940),#18915,.T.);
#18942=CARTESIAN_POINT('Axis2P3D Location',(9403.51,-2103.71389886,2002.12307931));
#18943=DIRECTION('Axis2P3D Direction',(1,0,0));
#18944=AXIS2_PLACEMENT_3D('Circle Axis2P3D',#18942,#18943,$);
#18945=CIRCLE('generated circle',#18944,13.5);
#18946=CARTESIAN_POINT('Vertex',(9403.51,-2115.82245008,1996.15374204));
#18947=VERTEX_POINT('',#18946);
#18948=EDGE_CURVE('',#18928,#18947,#18945,.F.);
#18949=CARTESIAN_POINT('Line Origine',(9402.424999999999,-2115.82245008,1996.15374204));
#18950=DIRECTION('Vector Direction',(1,0,0));
#18951=VECTOR('Line Direction',#18950,1.);
#18952=LINE('Line',#18949,#18951);
#18953=CARTESIAN_POINT('Vertex',(9401.34,-2115.82245008,1996.15374204));
#18954=VERTEX_POINT('',#18953);
#18955=EDGE_CURVE('',#18954,#18947,#18952,.T.);
#18956=CARTESIAN_POINT('Axis2P3D Location',(9401.34,-2103.71389886,2002.12307931));
#18957=DIRECTION('Axis2P3D Direction',(1,0,0));
#18958=AXIS2_PLACEMENT_3D('Circle Axis2P3D',#18956,#18957,$);
#18959=CIRCLE('generated circle',#18958,13.5);
#18960=EDGE_CURVE('',#18954,#18921,#18959,.T.);
#18961=EDGE_LOOP('',(#18962,#18963,#18964,#18965));
#18962=ORIENTED_EDGE('',*,*,#18948,.T.);
#18963=ORIENTED_EDGE('',*,*,#18955,.F.);
#18964=ORIENTED_EDGE('',*,*,#18960,.T.);
#18965=ORIENTED_EDGE('',*,*,#18934,.T.);
#18966=FACE_OUTER_BOUND('',#18961,.T.);
#18967=ADVANCED_FACE('PartBody',(#18966),#18915,.T.);
#18968=CARTESIAN_POINT('Axis2P3D Location',(9401.34,-2129.48928531,2023.87634625));
#18969=DIRECTION('Axis2P3D Direction',(0,-0.8969297198532227,-0.4421731308481097));
#18970=DIRECTION('Axis2P3D XDirection',(1,0,0));
#18971=AXIS2_PLACEMENT_3D('Plane Axis2P3D',#18968,#18969,#18970);
#18972=PLANE('',#18971);
#18973=CARTESIAN_POINT('Line Origine',(9402.424999999999,-2143.15612055,2051.59895046));
#18974=DIRECTION('Vector Direction',(1,0,0));
#18975=VECTOR('Line Direction',#18974,1.);
#18976=LINE('Line',#18973,#18975);
#18977=CARTESIAN_POINT('Vertex',(9401.34,-2143.15612055,2051.59895046));
#18978=VERTEX_POINT('',#18977);
#18979=CARTESIAN_POINT('Vertex',(9403.51,-2143.15612055,2051.59895046));
#18980=VERTEX_POINT('',#18979);
#18981=EDGE_CURVE('',#18978,#18980,#18976,.T.);
#18982=CARTESIAN_POINT('Line Origine',(9401.34,-2129.48928531,2023.87634625));
#18983=DIRECTION('Vector Direction',(0,0.4421731308481097,-0.8969297198532227));
#18984=VECTOR('Line Direction',#18983,1.);
#18985=LINE('Line',#18982,#18984);
#18986=EDGE_CURVE('',#18978,#18954,#18985,.T.);
#18987=CARTESIAN_POINT('Line Origine',(9403.51,-2129.48928531,2023.87634625));
#18988=DIRECTION('Vector Direction',(0,0.4421731308481097,-0.8969297198532227));
#18989=VECTOR('Line Direction',#18988,1.);
#18990=LINE('Line',#18987,#18989);
#18991=EDGE_CURVE('',#18980,#18947,#18990,.T.);
#18992=EDGE_LOOP('',(#18993,#18994,#18995,#18996));
#18993=ORIENTED_EDGE('',*,*,#18981,.F.);
#18994=ORIENTED_EDGE('',*,*,#18986,.T.);
#18995=ORIENTED_EDGE('',*,*,#18955,.T.);
#18996=ORIENTED_EDGE('',*,*,#18991,.F.);
#18997=FACE_OUTER_BOUND('',#18992,.T.);
#18998=ADVANCED_FACE('PartBody',(#18997),#18972,.T.);
#18999=CARTESIAN_POINT('Axis2P3D Location',(9401.34,-2147.64076915,2049.38808481));
#19000=DIRECTION('Axis2P3D Direction',(1,0,0));
#19001=DIRECTION('Axis2P3D XDirection',(-0,-0.9762960071199583,-0.2164396139379908));
#19002=AXIS2_PLACEMENT_3D('Cylinder Axis2P3D',#18999,#19000,#19001);
#19003=CYLINDRICAL_SURFACE('generated cylinder',#19002,5.);
#19004=CARTESIAN_POINT('Line Origine',(9402.424999999999,-2144.63603637,2053.38453085));
#19005=DIRECTION('Vector Direction',(1,0,0));
#19006=VECTOR('Line Direction',#19005,1.);
#19007=LINE('Line',#19004,#19006);
#19008=CARTESIAN_POINT('Vertex',(9401.34,-2144.63603637,2053.38453085));
#19009=VERTEX_POINT('',#19008);
#19010=CARTESIAN_POINT('Vertex',(9403.51,-2144.63603637,2053.38453085));
#19011=VERTEX_POINT('',#19010);
#19012=EDGE_CURVE('',#19009,#19011,#19007,.T.);
#19013=CARTESIAN_POINT('Axis2P3D Location',(9401.34,-2147.64076915,2049.38808481));
#19014=DIRECTION('Axis2P3D Direction',(1,0,0));
#19015=AXIS2_PLACEMENT_3D('Circle Axis2P3D',#19013,#19014,$);
#19016=CIRCLE('generated circle',#19015,5.);
#19017=EDGE_CURVE('',#19009,#18978,#19016,.F.);
#19018=CARTESIAN_POINT('Axis2P3D Location',(9403.51,-2147.64076915,2049.38808481));
#19019=DIRECTION('Axis2P3D Direction',(1,0,0));
#19020=AXIS2_PLACEMENT_3D('Circle Axis2P3D',#19018,#19019,$);
#19021=CIRCLE('generated circle',#19020,5.);
#19022=EDGE_CURVE('',#19011,#18980,#19021,.F.);
#19023=EDGE_LOOP('',(#19024,#19025,#19026,#19027));
#19024=ORIENTED_EDGE('',*,*,#19012,.F.);
#19025=ORIENTED_EDGE('',*,*,#19017,.T.);
#19026=ORIENTED_EDGE('',*,*,#18981,.T.);
#19027=ORIENTED_EDGE('',*,*,#19022,.F.);
#19028=FACE_OUTER_BOUND('',#19023,.T.);
#19029=ADVANCED_FACE('PartBody',(#19028),#19003,.F.);
#19030=CARTESIAN_POINT('Axis2P3D Location',(9401.34,0.031908,-0.025746));
#19031=DIRECTION('Axis2P3D Direction',(1,0,0));
#19032=DIRECTION('Axis2P3D XDirection',(0,1,0));
#19033=AXIS2_PLACEMENT_3D('Plane Axis2P3D',#19030,#19031,#19032);
#19034=PLANE('',#19033);
#19035=CARTESIAN_POINT('Line Origine',(9401.34,-2145.03717998,2053.68613115));
#19036=DIRECTION('Vector Direction',(0,0.7992892078218601,-0.6009465552438948));
#19037=VECTOR('Line Direction',#19036,1.);
#19038=LINE('Line',#19035,#19037);
#19039=EDGE_CURVE('',#18541,#19009,#19038,.T.);
#19040=EDGE_LOOP('',(#19041,#19042,#19043,#19044,#19045,#19046,#19047,#19048,#19049,#19050,#19051,#19052));
#19041=ORIENTED_EDGE('',*,*,#19039,.F.);
#19042=ORIENTED_EDGE('',*,*,#18636,.T.);
#19043=ORIENTED_EDGE('',*,*,#18730,.F.);
#19044=ORIENTED_EDGE('',*,*,#18760,.F.);
#19045=ORIENTED_EDGE('',*,*,#18791,.F.);
#19046=ORIENTED_EDGE('',*,*,#18822,.F.);
#19047=ORIENTED_EDGE('',*,*,#18853,.F.);
#19048=ORIENTED_EDGE('',*,*,#18895,.F.);
#19049=ORIENTED_EDGE('',*,*,#18922,.F.);
#19050=ORIENTED_EDGE('',*,*,#18960,.F.);
#19051=ORIENTED_EDGE('',*,*,#18986,.F.);
#19052=ORIENTED_EDGE('',*,*,#19017,.F.);
#19053=FACE_OUTER_BOUND('',#19040,.T.);
#19054=ADVANCED_FACE('PartBody',(#19053),#19034,.F.);
#19055=B_SPLINE_SURFACE_WITH_KNOTS('',5,1,((#19056,#19057),(#19058,#19059),(#19060,#19061),(#19062,#19063),(#19064,#19065),(#19066,#19067)),.UNSPECIFIED.,.F.,.F.,.U.,(6,6),(2,2),(0.,1.00375083785),(-1.74653789965E-014,2.17),.UNSPECIFIED.);
#19056=CARTESIAN_POINT('Control Point',(9401.34,-2145.43832358,2053.98773146));
#19057=CARTESIAN_POINT('Control Point',(9403.51,-2145.43832359,2053.98773146));
#19058=CARTESIAN_POINT('Control Point',(9401.34,-2145.27786614,2053.86709133));
#19059=CARTESIAN_POINT('Control Point',(9403.51,-2145.27786614,2053.86709134));
#19060=CARTESIAN_POINT('Control Point',(9401.34,-2145.1174087,2053.74645121));
#19061=CARTESIAN_POINT('Control Point',(9403.51,-2145.1174087,2053.74645121));
#19062=CARTESIAN_POINT('Control Point',(9401.34,-2144.95695126,2053.62581109));
#19063=CARTESIAN_POINT('Control Point',(9403.51,-2144.95695126,2053.62581109));
#19064=CARTESIAN_POINT('Control Point',(9401.34,-2144.79649381,2053.50517097));
#19065=CARTESIAN_POINT('Control Point',(9403.51,-2144.79649382,2053.50517097));
#19066=CARTESIAN_POINT('Control Point',(9401.34,-2144.63603637,2053.38453085));
#19067=CARTESIAN_POINT('Control Point',(9403.51,-2144.63603637,2053.38453085));
#19068=B_SPLINE_CURVE_WITH_KNOTS('',1,(#19069,#19070),.UNSPECIFIED.,.F.,.U.,(2,2),(0.,1.00375083785),.UNSPECIFIED.);
#19069=CARTESIAN_POINT('Control Point',(9403.51,-2145.43832359,2053.98773146));
#19070=CARTESIAN_POINT('Control Point',(9403.51,-2144.63603637,2053.38453085));
#19071=EDGE_CURVE('',#18531,#19011,#19068,.T.);
#19072=EDGE_LOOP('',(#19073,#19074,#19075,#19076));
#19073=ORIENTED_EDGE('',*,*,#18550,.F.);
#19074=ORIENTED_EDGE('',*,*,#19039,.T.);
#19075=ORIENTED_EDGE('',*,*,#19012,.T.);
#19076=ORIENTED_EDGE('',*,*,#19071,.F.);
#19077=FACE_OUTER_BOUND('',#19072,.T.);
#19078=ADVANCED_FACE('PartBody',(#19077),#19055,.T.);
#19079=CARTESIAN_POINT('Axis2P3D Location',(9403.51,0.031908,-0.025746));
#19080=DIRECTION('Axis2P3D Direction',(1,0,0));
#19081=DIRECTION('Axis2P3D XDirection',(0,1,0));
#19082=AXIS2_PLACEMENT_3D('Plane Axis2P3D',#19079,#19080,#19081);
#19083=PLANE('',#19082);
#19084=B_SPLINE_CURVE_WITH_KNOTS('',4,(#19085,#19086,#19087,#19088,#19089),.UNSPECIFIED.,.F.,.U.,(5,5),(85.1416794807,357.946953874),.UNSPECIFIED.);
#19085=CARTESIAN_POINT('Control Point',(9403.51,-2145.43811223,2053.9880125));
#19086=CARTESIAN_POINT('Control Point',(9403.51,-2115.63553554,2093.61869284));
#19087=CARTESIAN_POINT('Control Point',(9403.51,-2084.84013124,2132.72435354));
#19088=CARTESIAN_POINT('Control Point',(9403.51,-2053.02436071,2171.28169313));
#19089=CARTESIAN_POINT('Control Point',(9403.51,-2020.16313657,2209.24838263));
#19090=EDGE_CURVE('',#18531,#18679,#19084,.T.);
#19091=EDGE_LOOP('',(#19092,#19093,#19094,#19095,#19096,#19097,#19098,#19099,#19100,#19101,#19102,#19103));
#19092=ORIENTED_EDGE('',*,*,#19022,.T.);
#19093=ORIENTED_EDGE('',*,*,#18991,.T.);
#19094=ORIENTED_EDGE('',*,*,#18948,.F.);
#19095=ORIENTED_EDGE('',*,*,#18929,.F.);
#19096=ORIENTED_EDGE('',*,*,#18903,.T.);
#19097=ORIENTED_EDGE('',*,*,#18858,.T.);
#19098=ORIENTED_EDGE('',*,*,#18827,.T.);
#19099=ORIENTED_EDGE('',*,*,#18796,.T.);
#19100=ORIENTED_EDGE('',*,*,#18765,.T.);
#19101=ORIENTED_EDGE('',*,*,#18734,.T.);
#19102=ORIENTED_EDGE('',*,*,#19090,.F.);
#19103=ORIENTED_EDGE('',*,*,#19071,.T.);
#19104=FACE_OUTER_BOUND('',#19091,.T.);
#19105=ADVANCED_FACE('PartBody',(#19104),#19083,.T.);
#19106=B_SPLINE_SURFACE_WITH_KNOTS('',5,5,((#19107,#19108,#19109,#19110,#19111,#19112),(#19113,#19114,#19115,#19116,#19117,#19118),(#19119,#19120,#19121,#19122,#19123,#19124),(#19125,#19126,#19127,#19128,#19129,#19130),(#19131,#19132,#19133,#19134,#19135,#19136),(#19137,#19138,#19139,#19140,#19141,#19142),(#19143,#19144,#19145,#19146,#19147,#19148),(#19149,#19150,#19151,#19152,#19153,#19154),(#19155,#19156,#19157,#19158,#19159,#19160),(#19161,#19162,#19163,#19164,#19165,#19166),(#19167,#19168,#19169,#19170,#19171,#19172),(#19173,#19174,#19175,#19176,#19177,#19178)),.UNSPECIFIED.,.F.,.F.,.U.,(6,3,3,6),(6,6),(84.929486497,131.76134858,225.425072747,357.946969277),(0.,5.17),.UNSPECIFIED.);
#19107=CARTESIAN_POINT('Control Point',(9406.17762515,-2147.91404634,2055.65626314));
#19108=CARTESIAN_POINT('Control Point',(9405.306282489999,-2147.84723974,2055.58316007));
#19109=CARTESIAN_POINT('Control Point',(9404.470030459999,-2147.51967177,2055.33032457));
#19110=CARTESIAN_POINT('Control Point',(9403.82831682,-2146.93621148,2054.91139993));
#19111=CARTESIAN_POINT('Control Point',(9403.510079829999,-2146.23200268,2054.38933419));
#19112=CARTESIAN_POINT('Control Point',(9403.51002145,-2145.53060488,2053.86501762));
#19113=CARTESIAN_POINT('Control Point',(9406.178147819999,-2143.81649031,2061.10577493));
#19114=CARTESIAN_POINT('Control Point',(9405.3076495,-2143.73992171,2061.04605513));
#19115=CARTESIAN_POINT('Control Point',(9404.471550419999,-2143.41004623,2060.7964028));
#19116=CARTESIAN_POINT('Control Point',(9403.828143270001,-2142.84396172,2060.35396844));
#19117=CARTESIAN_POINT('Control Point',(9403.50966141,-2142.14259266,2059.82796475));
#19118=CARTESIAN_POINT('Control Point',(9403.509940129999,-2141.4388736,2059.306662));
#19119=CARTESIAN_POINT('Control Point',(9406.17845112,-2139.70360109,2066.54297664));
#19120=CARTESIAN_POINT('Control Point',(9405.30768358,-2139.62907591,2066.48068628));
#19121=CARTESIAN_POINT('Control Point',(9404.471248219999,-2139.30166777,2066.22782439));
#19122=CARTESIAN_POINT('Control Point',(9403.828781299999,-2138.72527051,2065.79927827));
#19123=CARTESIAN_POINT('Control Point',(9403.51013465,-2138.02633124,2065.26986328));
#19124=CARTESIAN_POINT('Control Point',(9403.51006631,-2137.32736684,2064.74203602));
#19125=CARTESIAN_POINT('Control Point',(9406.178984869999,-2135.57066835,2071.9740949));
#19126=CARTESIAN_POINT('Control Point',(9405.308257729999,-2135.49481912,2071.91380169));
#19127=CARTESIAN_POINT('Control Point',(9404.47185195,-2135.16631933,2071.66250513));
#19128=CARTESIAN_POINT('Control Point',(9403.828769759999,-2134.59601773,2071.22569605));
#19129=CARTESIAN_POINT('Control Point',(9403.510057539999,-2133.8981558,2070.69473063));
#19130=CARTESIAN_POINT('Control Point',(9403.509975199999,-2133.20053897,2070.16497569));
#19131=CARTESIAN_POINT('Control Point',(9406.18023235,-2123.12248129,2088.23434097));
#19132=CARTESIAN_POINT('Control Point',(9405.30931929,-2123.04609794,2088.17537394));
#19133=CARTESIAN_POINT('Control Point',(9404.472497029999,-2122.7193439,2087.92205045));
#19134=CARTESIAN_POINT('Control Point',(9403.829187449999,-2122.15025804,2087.48353463));
#19135=CARTESIAN_POINT('Control Point',(9403.51022084,-2121.45660593,2086.94659971));
#19136=CARTESIAN_POINT('Control Point',(9403.510036079999,-2120.76354922,2086.41041222));
#19137=CARTESIAN_POINT('Control Point',(9406.18160247,-2110.51328197,2104.41144179));
#19138=CARTESIAN_POINT('Control Point',(9405.310362279999,-2110.43782341,2104.35184883));
#19139=CARTESIAN_POINT('Control Point',(9404.4731474,-2110.11268213,2104.09671198));
#19140=CARTESIAN_POINT('Control Point',(9403.82930958,-2109.54806913,2103.65216407));
#19141=CARTESIAN_POINT('Control Point',(9403.51015953,-2108.85788102,2103.11036283));
#19142=CARTESIAN_POINT('Control Point',(9403.5099668,-2108.16848101,2102.56904519));
#19143=CARTESIAN_POINT('Control Point',(9406.18241763,-2102.03682193,2115.15652624));
#19144=CARTESIAN_POINT('Control Point',(9405.310999739999,-2101.96159774,2115.09703024));
#19145=CARTESIAN_POINT('Control Point',(9404.47349495,-2101.63781577,2114.84032445));
#19146=CARTESIAN_POINT('Control Point',(9403.82948063,-2101.07435912,2114.39425581));
#19147=CARTESIAN_POINT('Control Point',(9403.5102059,-2100.3865803,2113.84911521));
#19148=CARTESIAN_POINT('Control Point',(9403.510022569999,-2099.69947513,2113.30461782));
#19149=CARTESIAN_POINT('Control Point',(9406.18454301,-2081.39200072,2141.01355666));
#19150=CARTESIAN_POINT('Control Point',(9405.312625279999,-2081.31806173,2140.9533367));
#19151=CARTESIAN_POINT('Control Point',(9404.47444824,-2080.99737402,2140.69313491));
#19152=CARTESIAN_POINT('Control Point',(9403.829756069999,-2080.43945052,2140.2397742));
#19153=CARTESIAN_POINT('Control Point',(9403.51016901,-2079.75763278,2139.68648304));
#19154=CARTESIAN_POINT('Control Point',(9403.509968279999,-2079.07658662,2139.13370508));
#19155=CARTESIAN_POINT('Control Point',(9406.186563929999,-2060.32669528,2166.64063853));
#19156=CARTESIAN_POINT('Control Point',(9405.314188029999,-2060.25367901,2166.58019823));
#19157=CARTESIAN_POINT('Control Point',(9404.47534399,-2059.93615292,2166.31652397));
#19158=CARTESIAN_POINT('Control Point',(9403.830090359999,-2059.38274144,2165.85745565));
#19159=CARTESIAN_POINT('Control Point',(9403.51021348,-2058.70689027,2165.29625838));
#19160=CARTESIAN_POINT('Control Point',(9403.51003037,-2058.03171539,2164.7357092));
#19161=CARTESIAN_POINT('Control Point',(9406.18779373,-2047.8377459,2181.57681528));
#19162=CARTESIAN_POINT('Control Point',(9405.31512114,-2047.76558264,2181.5158296));
#19163=CARTESIAN_POINT('Control Point',(9404.475885579999,-2047.44998426,2181.25005583));
#19164=CARTESIAN_POINT('Control Point',(9403.83022473,-2046.90010752,2180.78651178));
#19165=CARTESIAN_POINT('Control Point',(9403.51016093,-2046.22797263,2180.2204763));
#19166=CARTESIAN_POINT('Control Point',(9403.50995894,-2045.55659396,2179.65498315));
#19167=CARTESIAN_POINT('Control Point',(9406.18897999,-2035.20240953,2196.43024493));
#19168=CARTESIAN_POINT('Control Point',(9405.31604469,-2035.1307664,2196.3691686));
#19169=CARTESIAN_POINT('Control Point',(9404.47642384,-2034.81706574,2196.10137765));
#19170=CARTESIAN_POINT('Control Point',(9403.830442209999,-2034.26990281,2195.63454033));
#19171=CARTESIAN_POINT('Control Point',(9403.5102136,-2033.60137798,2195.06389885));
#19172=CARTESIAN_POINT('Control Point',(9403.51002612,-2032.93354036,2194.49389637));
#19173=CARTESIAN_POINT('Control Point',(9406.190155549999,-2022.41853841,2211.20054004));
#19174=CARTESIAN_POINT('Control Point',(9405.316942519999,-2022.3476012,2211.13913306));
#19175=CARTESIAN_POINT('Control Point',(9404.47693866,-2022.03584399,2210.86930661));
#19176=CARTESIAN_POINT('Control Point',(9403.830590379999,-2021.49194473,2210.39851054));
#19177=CARTESIAN_POINT('Control Point',(9403.510185809999,-2020.82718721,2209.82314568));
#19178=CARTESIAN_POINT('Control Point',(9403.509992449999,-2020.16314166,2209.24838704));
#19179=B_SPLINE_CURVE_WITH_KNOTS('',5,(#19180,#19181,#19182,#19183,#19184,#19185,#19186,#19187,#19188,#19189,#19190,#19191),.UNSPECIFIED.,.F.,.U.,(6,3,3,6),(84.929486497,131.76134858,225.425072747,357.899936892),.UNSPECIFIED.);
#19180=CARTESIAN_POINT('Control Point',(9406.17762515,-2147.91404634,2055.65626314));
#19181=CARTESIAN_POINT('Control Point',(9406.178147819999,-2143.81649031,2061.10577493));
#19182=CARTESIAN_POINT('Control Point',(9406.17845112,-2139.70360109,2066.54297664));
#19183=CARTESIAN_POINT('Control Point',(9406.178984869999,-2135.57066835,2071.9740949));
#19184=CARTESIAN_POINT('Control Point',(9406.18023235,-2123.12248129,2088.23434097));
#19185=CARTESIAN_POINT('Control Point',(9406.18160247,-2110.51328197,2104.41144179));
#19186=CARTESIAN_POINT('Control Point',(9406.18241763,-2102.03682193,2115.15652624));
#19187=CARTESIAN_POINT('Control Point',(9406.184542569999,-2081.39629354,2141.00818003));
#19188=CARTESIAN_POINT('Control Point',(9406.186563089999,-2060.33545578,2166.62998088));
#19189=CARTESIAN_POINT('Control Point',(9406.18779242,-2047.85104294,2181.56091258));
#19190=CARTESIAN_POINT('Control Point',(9406.18897831,-2035.22034668,2196.40915878));
#19191=CARTESIAN_POINT('Control Point',(9406.19015346,-2022.44122338,2211.17432984));
#19192=EDGE_CURVE('',#18434,#18685,#19179,.T.);
#19193=EDGE_LOOP('',(#19194,#19195,#19196,#19197));
#19194=ORIENTED_EDGE('',*,*,#18532,.F.);
#19195=ORIENTED_EDGE('',*,*,#19090,.T.);
#19196=ORIENTED_EDGE('',*,*,#18694,.T.);
#19197=ORIENTED_EDGE('',*,*,#19192,.F.);
#19198=FACE_OUTER_BOUND('',#19193,.T.);
#19199=ADVANCED_FACE('PartBody',(#19198),#19106,.F.);
#19200=B_SPLINE_SURFACE_WITH_KNOTS('',5,5,((#19201,#19202,#19203,#19204,#19205,#19206),(#19207,#19208,#19209,#19210,#19211,#19212),(#19213,#19214,#19215,#19216,#19217,#19218),(#19219,#19220,#19221,#19222,#19223,#19224),(#19225,#19226,#19227,#19228,#19229,#19230),(#19231,#19232,#19233,#19234,#19235,#19236)),.UNSPECIFIED.,.F.,.F.,.U.,(6,6),(6,6),(1103.66810264,1297.19469095),(-1172.79256772,-1103.35909096),.UNSPECIFIED.);
#19201=CARTESIAN_POINT('Control Point',(9464.87824471,-2154.36240625,2057.85880901));
#19202=CARTESIAN_POINT('Control Point',(9451.07763014,-2152.86206847,2057.34585288));
#19203=CARTESIAN_POINT('Control Point',(9437.278444919999,-2151.35265112,2056.83013438));
#19204=CARTESIAN_POINT('Control Point',(9423.48069154,-2149.83414568,2056.31165039));
#19205=CARTESIAN_POINT('Control Point',(9409.68437336,-2148.30653801,2055.79039611));
#19206=CARTESIAN_POINT('Control Point',(9395.88949439,-2146.76980901,2055.26636529));
#19207=CARTESIAN_POINT('Control Point',(9466.804558559999,-2129.85653561,2090.7614106));
#19208=CARTESIAN_POINT('Control Point',(9453.002912759999,-2128.36266897,2090.25035007));
#19209=CARTESIAN_POINT('Control Point',(9439.20269735,-2126.85972219,2089.73652706));
#19210=CARTESIAN_POINT('Control Point',(9425.403915269999,-2125.34768358,2089.21993744));
#19211=CARTESIAN_POINT('Control Point',(9411.60657023,-2123.82653614,2088.70057552));
#19212=CARTESIAN_POINT('Control Point',(9397.8106666,-2122.29625824,2088.17843427));
#19213=CARTESIAN_POINT('Control Point',(9468.84321777,-2104.63757173,2123.44620733));
#19214=CARTESIAN_POINT('Control Point',(9455.04060339,-2103.14977112,2122.93691512));
#19215=CARTESIAN_POINT('Control Point',(9441.239419829999,-2101.65288491,2122.4248603));
#19216=CARTESIAN_POINT('Control Point',(9427.439672250001,-2100.1469094,2121.91003779));
#19217=CARTESIAN_POINT('Control Point',(9413.64136313,-2098.63182255,2121.39244056));
#19218=CARTESIAN_POINT('Control Point',(9399.84449761,-2097.1075912,2120.8720612));
#19219=CARTESIAN_POINT('Control Point',(9470.99827874,-2078.67997313,2155.90522132));
#19220=CARTESIAN_POINT('Control Point',(9457.19476812,-2077.19777148,2155.3975588));
#19221=CARTESIAN_POINT('Control Point',(9443.39269029,-2075.70648697,2154.88713605));
#19222=CARTESIAN_POINT('Control Point',(9429.592048409999,-2074.2061078,2154.37394023));
#19223=CARTESIAN_POINT('Control Point',(9415.792847729999,-2072.69660527,2153.85796172));
#19224=CARTESIAN_POINT('Control Point',(9401.995093129999,-2071.17795223,2153.33920153));
#19225=CARTESIAN_POINT('Control Point',(9473.27444094,-2051.95371552,2188.12963968));
#19226=CARTESIAN_POINT('Control Point',(9459.470109329999,-2050.47665387,2187.62345471));
#19227=CARTESIAN_POINT('Control Point',(9445.66721245,-2048.99050223,2187.11450281));
#19228=CARTESIAN_POINT('Control Point',(9431.865754499999,-2047.49523943,2186.60277713));
#19229=CARTESIAN_POINT('Control Point',(9418.065740279999,-2045.99084005,2186.08826958));
#19230=CARTESIAN_POINT('Control Point',(9404.26717515,-2044.47727492,2185.57097097));
#19231=CARTESIAN_POINT('Control Point',(9475.67743595,-2024.42294936,2220.10818858));
#19232=CARTESIAN_POINT('Control Point',(9461.87237872,-2022.95040762,2219.60328584));
#19233=CARTESIAN_POINT('Control Point',(9448.068758149999,-2021.46876876,2219.09561434));
#19234=CARTESIAN_POINT('Control Point',(9434.266578859999,-2019.97800857,2218.58516626));
#19235=CARTESIAN_POINT('Control Point',(9420.46584599,-2018.47809898,2218.07193261));
#19236=CARTESIAN_POINT('Control Point',(9406.66656523,-2016.9690084,2217.5559034));
#19237=B_SPLINE_CURVE_WITH_KNOTS('',3,(#19238,#19239,#19240,#19241),.UNSPECIFIED.,.F.,.U.,(4,4),(61.5066182966,216.442315235),.UNSPECIFIED.);
#19238=CARTESIAN_POINT('Control Point',(9412.15597858,-2019.03274575,2216.07833076));
#19239=CARTESIAN_POINT('Control Point',(9433.13820971,-2020.82924895,2217.42973517));
#19240=CARTESIAN_POINT('Control Point',(9454.121987639999,-2022.60564701,2218.7660145));
#19241=CARTESIAN_POINT('Control Point',(9475.107269259999,-2024.36212517,2220.08733352));
#19242=CARTESIAN_POINT('Vertex',(9475.10726925,-2024.3621252,2220.08733353));
#19243=VERTEX_POINT('',#19242);
#19244=EDGE_CURVE('',#17710,#19243,#19237,.T.);
#19245=B_SPLINE_CURVE_WITH_KNOTS('',3,(#19246,#19247,#19248,#19249),.UNSPECIFIED.,.F.,.U.,(4,4),(0.,16.6790533316),.UNSPECIFIED.);
#19246=CARTESIAN_POINT('Control Point',(9475.10541765,-2030.19577204,2213.37085248));
#19247=CARTESIAN_POINT('Control Point',(9475.106036089999,-2028.25563957,2215.61159683));
#19248=CARTESIAN_POINT('Control Point',(9475.10665329,-2026.31109595,2217.85042857));
#19249=CARTESIAN_POINT('Control Point',(9475.107269259999,-2024.36212518,2220.08733351));
#19250=EDGE_CURVE('',#17996,#19243,#19245,.T.);
#19251=B_SPLINE_CURVE_WITH_KNOTS('',2,(#19252,#19253,#19254),.UNSPECIFIED.,.F.,.U.,(3,3),(0.,2.35771010191),.UNSPECIFIED.);
#19252=CARTESIAN_POINT('Control Point',(9406.190158039999,-2022.44121937,2211.17432638));
#19253=CARTESIAN_POINT('Control Point',(9406.669004919999,-2022.48237477,2211.20523239));
#19254=CARTESIAN_POINT('Control Point',(9407.14785322,-2022.52351619,2211.23612791));
#19255=EDGE_CURVE('',#18685,#17659,#19251,.T.);
#19256=EDGE_LOOP('',(#19257,#19258,#19259,#19260,#19261,#19262,#19263,#19264,#19265,#19266,#19267,#19268,#19269,#19270,#19271,#19272));
#19257=ORIENTED_EDGE('',*,*,#17711,.F.);
#19258=ORIENTED_EDGE('',*,*,#19244,.T.);
#19259=ORIENTED_EDGE('',*,*,#19250,.F.);
#19260=ORIENTED_EDGE('',*,*,#17997,.F.);
#19261=ORIENTED_EDGE('',*,*,#18033,.F.);
#19262=ORIENTED_EDGE('',*,*,#18094,.F.);
#19263=ORIENTED_EDGE('',*,*,#18127,.F.);
#19264=ORIENTED_EDGE('',*,*,#18166,.F.);
#19265=ORIENTED_EDGE('',*,*,#18205,.F.);
#19266=ORIENTED_EDGE('',*,*,#18244,.F.);
#19267=ORIENTED_EDGE('',*,*,#18276,.F.);
#19268=ORIENTED_EDGE('',*,*,#18343,.F.);
#19269=ORIENTED_EDGE('',*,*,#18435,.F.);
#19270=ORIENTED_EDGE('',*,*,#19192,.T.);
#19271=ORIENTED_EDGE('',*,*,#19255,.T.);
#19272=ORIENTED_EDGE('',*,*,#17660,.F.);
#19273=FACE_OUTER_BOUND('',#19256,.T.);
#19274=ADVANCED_FACE('PartBody',(#19273),#19200,.F.);
#19275=B_SPLINE_SURFACE_WITH_KNOTS('',5,1,((#19276,#19277),(#19278,#19279),(#19280,#19281),(#19282,#19283),(#19284,#19285),(#19286,#19287)),.UNSPECIFIED.,.F.,.F.,.U.,(6,6),(2,2),(0.,2.15237191806),(-2.17,1.8069023198E-006),.UNSPECIFIED.);
#19276=CARTESIAN_POINT('Control Point',(9406.190158239999,-2022.44121801,2211.1743252));
#19277=CARTESIAN_POINT('Control Point',(9405.958805999999,-2024.07265437,2212.58634482));
#19278=CARTESIAN_POINT('Control Point',(9406.381696999999,-2022.45768045,2211.18668784));
#19279=CARTESIAN_POINT('Control Point',(9406.150360469999,-2024.08911315,2212.59871426));
#19280=CARTESIAN_POINT('Control Point',(9406.57323588,-2022.47414148,2211.19904944));
#19281=CARTESIAN_POINT('Control Point',(9406.34191506,-2024.10557053,2212.61108265));
#19282=CARTESIAN_POINT('Control Point',(9406.76477487,-2022.49060112,2211.21140998));
#19283=CARTESIAN_POINT('Control Point',(9406.53346977,-2024.12202651,2212.62344999));
#19284=CARTESIAN_POINT('Control Point',(9406.95631399,-2022.50705936,2211.22376947));
#19285=CARTESIAN_POINT('Control Point',(9406.7250246,-2024.13848109,2212.63581628));
#19286=CARTESIAN_POINT('Control Point',(9407.14785322,-2022.52351619,2211.23612791));
#19287=CARTESIAN_POINT('Control Point',(9406.91657954,-2024.15493427,2212.64818152));
#19288=EDGE_LOOP('',(#19289,#19290,#19291,#19292));
#19289=ORIENTED_EDGE('',*,*,#18686,.T.);
#19290=ORIENTED_EDGE('',*,*,#17775,.T.);
#19291=ORIENTED_EDGE('',*,*,#17666,.F.);
#19292=ORIENTED_EDGE('',*,*,#19255,.F.);
#19293=FACE_OUTER_BOUND('',#19288,.T.);
#19294=ADVANCED_FACE('PartBody',(#19293),#19275,.F.);
#19295=B_SPLINE_SURFACE_WITH_KNOTS('',5,1,((#19296,#19297),(#19298,#19299),(#19300,#19301),(#19302,#19303),(#19304,#19305),(#19306,#19307)),.UNSPECIFIED.,.F.,.F.,.U.,(6,6),(2,2),(0.,14.5456076261),(-2.17000001406,9.48881261334E-014),.UNSPECIFIED.);
#19296=CARTESIAN_POINT('Control Point',(9475.10541765,-2030.19577202,2213.37085247));
#19297=CARTESIAN_POINT('Control Point',(9474.87956367,-2031.82734542,2214.78360095));
#19298=CARTESIAN_POINT('Control Point',(9475.10578874,-2029.03162574,2214.71537624));
#19299=CARTESIAN_POINT('Control Point',(9474.88001148,-2030.66233069,2216.12913995));
#19300=CARTESIAN_POINT('Control Point',(9475.10615944,-2027.8661892,2216.05928775));
#19301=CARTESIAN_POINT('Control Point',(9474.88045886,-2029.49602435,2217.47406666));
#19302=CARTESIAN_POINT('Control Point',(9475.10652976,-2026.69946112,2217.4025855));
#19303=CARTESIAN_POINT('Control Point',(9474.88090581,-2028.32842511,2218.81837959));
#19304=CARTESIAN_POINT('Control Point',(9475.1068997,-2025.5314402,2218.74526795));
#19305=CARTESIAN_POINT('Control Point',(9474.88135231,-2027.15953166,2220.16207719));
#19306=CARTESIAN_POINT('Control Point',(9475.107269259999,-2024.36212518,2220.08733351));
#19307=CARTESIAN_POINT('Control Point',(9474.881798369999,-2025.98934274,2221.50515788));
#19308=B_SPLINE_CURVE_WITH_KNOTS('',1,(#19309,#19310),.UNSPECIFIED.,.F.,.U.,(2,2),(-2.17000001406,-1.40548330219E-008),.UNSPECIFIED.);
#19309=CARTESIAN_POINT('Control Point',(9475.107269259999,-2024.36212518,2220.08733351));
#19310=CARTESIAN_POINT('Control Point',(9474.881798369999,-2025.98934273,2221.50515788));
#19311=EDGE_CURVE('',#19243,#17910,#19308,.T.);
#19312=EDGE_LOOP('',(#19313,#19314,#19315,#19316));
#19313=ORIENTED_EDGE('',*,*,#19250,.T.);
#19314=ORIENTED_EDGE('',*,*,#19311,.T.);
#19315=ORIENTED_EDGE('',*,*,#17911,.F.);
#19316=ORIENTED_EDGE('',*,*,#18001,.F.);
#19317=FACE_OUTER_BOUND('',#19312,.T.);
#19318=ADVANCED_FACE('PartBody',(#19317),#19295,.T.);
#19319=B_SPLINE_SURFACE_WITH_KNOTS('',5,5,((#19320,#19321,#19322,#19323,#19324,#19325,#19326,#19327,#19328),(#19329,#19330,#19331,#19332,#19333,#19334,#19335,#19336,#19337),(#19338,#19339,#19340,#19341,#19342,#19343,#19344,#19345,#19346),(#19347,#19348,#19349,#19350,#19351,#19352,#19353,#19354,#19355),(#19356,#19357,#19358,#19359,#19360,#19361,#19362,#19363,#19364),(#19365,#19366,#19367,#19368,#19369,#19370,#19371,#19372,#19373)),.UNSPECIFIED.,.F.,.F.,.U.,(6,6),(6,3,6),(61.3907316081,216.442315235),(0.,2.585,5.17),.UNSPECIFIED.);
#19320=CARTESIAN_POINT('Control Point',(9412.451094399999,-2014.80559579,2216.37894134));
#19321=CARTESIAN_POINT('Control Point',(9412.400946829999,-2015.15901017,2216.687716));
#19322=CARTESIAN_POINT('Control Point',(9412.35007506,-2015.57342419,2216.92656619));
#19323=CARTESIAN_POINT('Control Point',(9412.301068069999,-2016.03067642,2217.0794381));
#19324=CARTESIAN_POINT('Control Point',(9412.212086939999,-2016.98136542,2217.1966968));
#19325=CARTESIAN_POINT('Control Point',(9412.148983339999,-2017.90758648,2216.94448796));
#19326=CARTESIAN_POINT('Control Point',(9412.12587272,-2018.34035298,2216.72762356));
#19327=CARTESIAN_POINT('Control Point',(9412.11245466,-2018.71935345,2216.43172674));
#19328=CARTESIAN_POINT('Control Point',(9412.10889797,-2019.02871485,2216.0752984));
#19329=CARTESIAN_POINT('Control Point',(9425.04831828,-2015.88464661,2217.18979886));
#19330=CARTESIAN_POINT('Control Point',(9424.998401549999,-2016.23802944,2217.49854128));
#19331=CARTESIAN_POINT('Control Point',(9424.947764069999,-2016.65239404,2217.73737972));
#19332=CARTESIAN_POINT('Control Point',(9424.898982179999,-2017.1095859,2217.89026681));
#19333=CARTESIAN_POINT('Control Point',(9424.81040683,-2018.06015394,2218.00761317));
#19334=CARTESIAN_POINT('Control Point',(9424.74758273,-2018.98629256,2217.75558994));
#19335=CARTESIAN_POINT('Control Point',(9424.724570819999,-2019.41903723,2217.53883892));
#19336=CARTESIAN_POINT('Control Point',(9424.711204699999,-2019.79804362,2217.24306631));
#19337=CARTESIAN_POINT('Control Point',(9424.707652949999,-2020.10744141,2216.88676119));
#19338=CARTESIAN_POINT('Control Point',(9437.646109629999,-2016.95766318,2217.99612142));
#19339=CARTESIAN_POINT('Control Point',(9437.596422979999,-2017.31101451,2218.30483169));
#19340=CARTESIAN_POINT('Control Point',(9437.546019059999,-2017.72532981,2218.54365836));
#19341=CARTESIAN_POINT('Control Point',(9437.497461539999,-2018.18246147,2218.69656051));
#19342=CARTESIAN_POINT('Control Point',(9437.409290699999,-2019.13290893,2218.81399401));
#19343=CARTESIAN_POINT('Control Point',(9437.34674533,-2020.05896533,2218.5621555));
#19344=CARTESIAN_POINT('Control Point',(9437.323831899999,-2020.4916882,2218.34551732));
#19345=CARTESIAN_POINT('Control Point',(9437.31051768,-2020.87070044,2218.04986837));
#19346=CARTESIAN_POINT('Control Point',(9437.306970989999,-2021.18013442,2217.69368594));
#19347=CARTESIAN_POINT('Control Point',(9450.24430692,-2018.02465296,2218.79791564));
#19348=CARTESIAN_POINT('Control Point',(9450.19484977,-2018.37797286,2219.10659385));
#19349=CARTESIAN_POINT('Control Point',(9450.14467879,-2018.79223901,2219.34540876));
#19350=CARTESIAN_POINT('Control Point',(9450.096345099999,-2019.24931068,2219.49832583));
#19351=CARTESIAN_POINT('Control Point',(9450.00857785,-2020.19963799,2219.61584597));
#19352=CARTESIAN_POINT('Control Point',(9449.946310739999,-2021.12561244,2219.36419125));
#19353=CARTESIAN_POINT('Control Point',(9449.923495699999,-2021.55831356,2219.14766537));
#19354=CARTESIAN_POINT('Control Point',(9449.91023342,-2021.93733158,2218.85213951));
#19355=CARTESIAN_POINT('Control Point',(9449.90669199,-2022.24680156,2218.49607923));
#19356=CARTESIAN_POINT('Control Point',(9462.84277417,-2019.08562308,2219.59518975));
#19357=CARTESIAN_POINT('Control Point',(9462.79354633,-2019.43891168,2219.90383601));
#19358=CARTESIAN_POINT('Control Point',(9462.743608159999,-2019.85312891,2220.14263916));
#19359=CARTESIAN_POINT('Control Point',(9462.69549819,-2020.31014086,2220.29557105));
#19360=CARTESIAN_POINT('Control Point',(9462.6081345,-2021.26034856,2220.41317732));
#19361=CARTESIAN_POINT('Control Point',(9462.546145939999,-2022.18624141,2220.16170544));
#19362=CARTESIAN_POINT('Control Point',(9462.523429519999,-2022.61892086,2219.94529131));
#19363=CARTESIAN_POINT('Control Point',(9462.5102195,-2022.99794459,2219.64988793));
#19364=CARTESIAN_POINT('Control Point',(9462.50668371,-2023.30745036,2219.29394922));
#19365=CARTESIAN_POINT('Control Point',(9475.441840809999,-2020.14061839,2220.38798153));
#19366=CARTESIAN_POINT('Control Point',(9475.3928414,-2020.49387575,2220.69659594));
#19367=CARTESIAN_POINT('Control Point',(9475.34313512,-2020.9080442,2220.93538734));
#19368=CARTESIAN_POINT('Control Point',(9475.29524802,-2021.36499665,2221.08833391));
#19369=CARTESIAN_POINT('Control Point',(9475.208286359999,-2022.31508516,2221.20602577));
#19370=CARTESIAN_POINT('Control Point',(9475.146575389999,-2023.24089667,2220.95473574));
#19371=CARTESIAN_POINT('Control Point',(9475.1239573,-2023.67355451,2220.73843276));
#19372=CARTESIAN_POINT('Control Point',(9475.11079945,-2024.05258387,2220.44315125));
#19373=CARTESIAN_POINT('Control Point',(9475.107269399999,-2024.36212522,2220.08733353));
#19374=B_SPLINE_CURVE_WITH_KNOTS('',5,(#19375,#19376,#19377,#19378,#19379,#19380),.UNSPECIFIED.,.F.,.U.,(6,6),(0.,10.9376576209),.UNSPECIFIED.);
#19375=CARTESIAN_POINT('Control Point',(9412.45875625,-2014.80625209,2216.37943452));
#19376=CARTESIAN_POINT('Control Point',(9412.35868107,-2015.51315593,2216.99704705));
#19377=CARTESIAN_POINT('Control Point',(9412.260402149999,-2016.46449428,2217.33652418));
#19378=CARTESIAN_POINT('Control Point',(9412.185142939999,-2017.51499411,2217.26159043));
#19379=CARTESIAN_POINT('Control Point',(9412.15094775,-2018.41306112,2216.79031455));
#19380=CARTESIAN_POINT('Control Point',(9412.155978589999,-2019.03274589,2216.0783308));
#19381=CARTESIAN_POINT('Vertex',(9412.45875625,-2014.80625209,2216.37943452));
#19382=VERTEX_POINT('',#19381);
#19383=EDGE_CURVE('',#19382,#17710,#19374,.T.);
#19384=B_SPLINE_CURVE_WITH_KNOTS('',5,(#19385,#19386,#19387,#19388,#19389,#19390),.UNSPECIFIED.,.F.,.U.,(6,6),(61.4095925835,216.34781596),.UNSPECIFIED.);
#19385=CARTESIAN_POINT('Control Point',(9412.458756239999,-2014.80625209,2216.37943452));
#19386=CARTESIAN_POINT('Control Point',(9425.046770389999,-2015.88451106,2217.189697));
#19387=CARTESIAN_POINT('Control Point',(9437.635351139999,-2016.95674461,2217.99543116));
#19388=CARTESIAN_POINT('Control Point',(9450.224337289999,-2018.02296018,2218.79664359));
#19389=CARTESIAN_POINT('Control Point',(9462.813593209999,-2019.08316489,2219.59334252));
#19390=CARTESIAN_POINT('Control Point',(9475.403447049999,-2020.13740343,2220.3855656));
#19391=CARTESIAN_POINT('Vertex',(9475.40344994,-2020.13738261,2220.38554743));
#19392=VERTEX_POINT('',#19391);
#19393=EDGE_CURVE('',#19382,#19392,#19384,.T.);
#19394=B_SPLINE_CURVE_WITH_KNOTS('',5,(#19395,#19396,#19397,#19398,#19399,#19400),.UNSPECIFIED.,.F.,.U.,(6,6),(0.,10.933249891),.UNSPECIFIED.);
#19395=CARTESIAN_POINT('Control Point',(9475.403447069999,-2020.13740343,2220.3855656));
#19396=CARTESIAN_POINT('Control Point',(9475.305661839999,-2020.843991,2221.00285581));
#19397=CARTESIAN_POINT('Control Point',(9475.209619449999,-2021.79463638,2221.34239175));
#19398=CARTESIAN_POINT('Control Point',(9475.13602496,-2022.84433355,2221.26821106));
#19399=CARTESIAN_POINT('Control Point',(9475.102495069999,-2023.74212469,2220.79814038));
#19400=CARTESIAN_POINT('Control Point',(9475.10726925,-2024.3621252,2220.08733353));
#19401=EDGE_CURVE('',#19392,#19243,#19394,.T.);
#19402=EDGE_LOOP('',(#19403,#19404,#19405,#19406));
#19403=ORIENTED_EDGE('',*,*,#19244,.F.);
#19404=ORIENTED_EDGE('',*,*,#19383,.F.);
#19405=ORIENTED_EDGE('',*,*,#19393,.T.);
#19406=ORIENTED_EDGE('',*,*,#19401,.T.);
#19407=FACE_OUTER_BOUND('',#19402,.T.);
#19408=ADVANCED_FACE('PartBody',(#19407),#19319,.T.);
#19409=B_SPLINE_SURFACE_WITH_KNOTS('',5,1,((#19410,#19411),(#19412,#19413),(#19414,#19415),(#19416,#19417),(#19418,#19419),(#19420,#19421),(#19422,#19423),(#19424,#19425),(#19426,#19427),(#19428,#19429),(#19430,#19431),(#19432,#19433)),.UNSPECIFIED.,.F.,.F.,.U.,(6,3,3,6),(2,2),(0.,4.55049212127,9.10247978959,11.3777258502),(-2.17,4.77962239916E-013),.UNSPECIFIED.);
#19410=CARTESIAN_POINT('Control Point',(9407.533397219999,-1933.12550219,2145.18666081));
#19411=CARTESIAN_POINT('Control Point',(9407.55034358,-1931.69916521,2146.8219515));
#19412=CARTESIAN_POINT('Control Point',(9407.90294855,-1933.12739925,2145.18448584));
#19413=CARTESIAN_POINT('Control Point',(9407.919892669999,-1931.70106226,2146.81977654));
#19414=CARTESIAN_POINT('Control Point',(9408.27305491,-1933.1550304,2145.2047516));
#19415=CARTESIAN_POINT('Control Point',(9408.289996789999,-1931.7286934,2146.84004232));
#19416=CARTESIAN_POINT('Control Point',(9408.642396449999,-1933.20854355,2145.24760078));
#19417=CARTESIAN_POINT('Control Point',(9408.6593361,-1931.78220654,2146.88289151));
#19418=CARTESIAN_POINT('Control Point',(9409.3772832,-1933.36968798,2145.38054277));
#19419=CARTESIAN_POINT('Control Point',(9409.39421839,-1931.94335094,2147.01583352));
#19420=CARTESIAN_POINT('Control Point',(9410.09409364,-1933.64880741,2145.61657481));
#19421=CARTESIAN_POINT('Control Point',(9410.1110245,-1932.22247035,2147.2518656));
#19422=CARTESIAN_POINT('Control Point',(9410.44520966,-1933.82026024,2145.76248479));
#19423=CARTESIAN_POINT('Control Point',(9410.462138389999,-1932.39392317,2147.39777559));
#19424=CARTESIAN_POINT('Control Point',(9410.95749551,-1934.13160727,2146.02874589));
#19425=CARTESIAN_POINT('Control Point',(9410.974421139999,-1932.70527018,2147.66403671));
#19426=CARTESIAN_POINT('Control Point',(9411.42836914,-1934.54050443,2146.38052209));
#19427=CARTESIAN_POINT('Control Point',(9411.445291919999,-1933.11416733,2148.01581292));
#19428=CARTESIAN_POINT('Control Point',(9411.57970602,-1934.68860957,2146.50813664));
#19429=CARTESIAN_POINT('Control Point',(9411.596627879999,-1933.26227247,2148.14342747));
#19430=CARTESIAN_POINT('Control Point',(9411.723532189999,-1934.8494436,2146.64693142));
#19431=CARTESIAN_POINT('Control Point',(9411.74045318,-1933.42310649,2148.28222226));
#19432=CARTESIAN_POINT('Control Point',(9411.857137839999,-1935.0235189,2146.79738137));
#19433=CARTESIAN_POINT('Control Point',(9411.87405803,-1933.59718179,2148.43267222));
#19434=B_SPLINE_CURVE_WITH_KNOTS('',5,(#19435,#19436,#19437,#19438,#19439,#19440,#19441,#19442,#19443),.UNSPECIFIED.,.F.,.U.,(6,3,6),(0.,5.97088813496,15.2087004453),.UNSPECIFIED.);
#19435=CARTESIAN_POINT('Control Point',(9411.857137839999,-1935.0235189,2146.79738137));
#19436=CARTESIAN_POINT('Control Point',(9411.58502642,-1934.66898392,2146.49096357));
#19437=CARTESIAN_POINT('Control Point',(9411.27051979,-1934.3693744,2146.23289198));
#19438=CARTESIAN_POINT('Control Point',(9410.947533499999,-1934.129396,2146.02692027));
#19439=CARTESIAN_POINT('Control Point',(9410.097099709999,-1933.60946739,2145.5822299));
#19440=CARTESIAN_POINT('Control Point',(9409.18895879,-1933.30587644,2145.32683503));
#19441=CARTESIAN_POINT('Control Point',(9408.64241441,-1933.18899827,2145.23055228));
#19442=CARTESIAN_POINT('Control Point',(9408.0872824,-1933.12834551,2145.18340095));
#19443=CARTESIAN_POINT('Control Point',(9407.533397219999,-1933.12550219,2145.18666081));
#19444=CARTESIAN_POINT('Vertex',(9411.857137839999,-1935.0235189,2146.79738137));
#19445=VERTEX_POINT('',#19444);
#19446=CARTESIAN_POINT('Vertex',(9407.533397219999,-1933.12550219,2145.18666081));
#19447=VERTEX_POINT('',#19446);
#19448=EDGE_CURVE('',#19445,#19447,#19434,.T.);
#19449=B_SPLINE_CURVE_WITH_KNOTS('',1,(#19450,#19451),.UNSPECIFIED.,.F.,.U.,(2,2),(-2.17,2.93103513218E-013),.UNSPECIFIED.);
#19450=CARTESIAN_POINT('Control Point',(9407.533397219999,-1933.12550219,2145.18666081));
#19451=CARTESIAN_POINT('Control Point',(9407.55034358,-1931.69916521,2146.8219515));
#19452=CARTESIAN_POINT('Vertex',(9407.550343589999,-1931.69916555,2146.8219518));
#19453=VERTEX_POINT('',#19452);
#19454=EDGE_CURVE('',#19447,#19453,#19449,.T.);
#19455=B_SPLINE_CURVE_WITH_KNOTS('',5,(#19456,#19457,#19458,#19459,#19460,#19461,#19462,#19463,#19464),.UNSPECIFIED.,.F.,.U.,(6,3,6),(7.16563156843E-013,5.97088812118,15.208700424),.UNSPECIFIED.);
#19456=CARTESIAN_POINT('Control Point',(9411.87405803,-1933.59718179,2148.43267222));
#19457=CARTESIAN_POINT('Control Point',(9411.60194825,-1933.24264681,2148.12625441));
#19458=CARTESIAN_POINT('Control Point',(9411.28744353,-1932.9430373,2147.86818281));
#19459=CARTESIAN_POINT('Control Point',(9410.964459179999,-1932.70305892,2147.66221109));
#19460=CARTESIAN_POINT('Control Point',(9410.114030549999,-1932.18313033,2147.21752069));
#19461=CARTESIAN_POINT('Control Point',(9409.20589512,-1931.87953941,2146.96212578));
#19462=CARTESIAN_POINT('Control Point',(9408.65935405,-1931.76266126,2146.86584302));
#19463=CARTESIAN_POINT('Control Point',(9408.104225409999,-1931.70200851,2146.81869167));
#19464=CARTESIAN_POINT('Control Point',(9407.55034358,-1931.69916521,2146.8219515));
#19465=CARTESIAN_POINT('Vertex',(9411.874057289999,-1933.5971821,2148.4326725));
#19466=VERTEX_POINT('',#19465);
#19467=EDGE_CURVE('',#19466,#19453,#19455,.T.);
#19468=B_SPLINE_CURVE_WITH_KNOTS('',1,(#19469,#19470),.UNSPECIFIED.,.F.,.U.,(2,2),(-2.17,2.9214366488E-013),.UNSPECIFIED.);
#19469=CARTESIAN_POINT('Control Point',(9411.857137839999,-1935.0235189,2146.79738137));
#19470=CARTESIAN_POINT('Control Point',(9411.87405803,-1933.59718179,2148.43267222));
#19471=EDGE_CURVE('',#19445,#19466,#19468,.T.);
#19472=EDGE_LOOP('',(#19473,#19474,#19475,#19476));
#19473=ORIENTED_EDGE('',*,*,#19448,.T.);
#19474=ORIENTED_EDGE('',*,*,#19454,.T.);
#19475=ORIENTED_EDGE('',*,*,#19467,.F.);
#19476=ORIENTED_EDGE('',*,*,#19471,.F.);
#19477=FACE_OUTER_BOUND('',#19472,.T.);
#19478=ADVANCED_FACE('PartBody',(#19477),#19409,.F.);
#19479=B_SPLINE_SURFACE_WITH_KNOTS('',5,1,((#19480,#19481),(#19482,#19483),(#19484,#19485),(#19486,#19487),(#19488,#19489),(#19490,#19491)),.UNSPECIFIED.,.F.,.F.,.U.,(6,6),(2,2),(0.,214.829886236),(-2.17,2.9214366488E-013),.UNSPECIFIED.);
#19480=CARTESIAN_POINT('Control Point',(9474.85811811,-2017.10095707,2217.74262432));
#19481=CARTESIAN_POINT('Control Point',(9474.87465734,-2015.67461802,2219.37791738));
#19482=CARTESIAN_POINT('Control Point',(9462.259735689999,-2000.68857073,2203.55479442));
#19483=CARTESIAN_POINT('Control Point',(9462.27635131,-1999.26223207,2205.19008704));
#19484=CARTESIAN_POINT('Control Point',(9449.660518589999,-1984.27472681,2189.3664372));
#19485=CARTESIAN_POINT('Control Point',(9449.6772103,-1982.84838854,2191.00172938));
#19486=CARTESIAN_POINT('Control Point',(9437.060299049999,-1967.85920865,2175.17736199));
#19487=CARTESIAN_POINT('Control Point',(9437.07706682,-1966.43287076,2176.81265373));
#19488=CARTESIAN_POINT('Control Point',(9424.459145949999,-1951.44210559,2160.98764686));
#19489=CARTESIAN_POINT('Control Point',(9424.47598985,-1950.01576808,2162.62293815));
#19490=CARTESIAN_POINT('Control Point',(9411.857137839999,-1935.0235189,2146.79738137));
#19491=CARTESIAN_POINT('Control Point',(9411.87405803,-1933.59718179,2148.43267222));
#19492=B_SPLINE_CURVE_WITH_KNOTS('',3,(#19493,#19494,#19495,#19496),.UNSPECIFIED.,.F.,.U.,(4,4),(0.,276.703377082),.UNSPECIFIED.);
#19493=CARTESIAN_POINT('Control Point',(9474.85811811,-2017.10095707,2217.74262432));
#19494=CARTESIAN_POINT('Control Point',(9453.8614383,-1989.74779303,2194.09694413));
#19495=CARTESIAN_POINT('Control Point',(9432.861108659999,-1962.38864299,2170.44852646));
#19496=CARTESIAN_POINT('Control Point',(9411.857137839999,-1935.0235189,2146.79738137));
#19497=CARTESIAN_POINT('Vertex',(9474.85811811,-2017.10095707,2217.74262432));
#19498=VERTEX_POINT('',#19497);
#19499=EDGE_CURVE('',#19498,#19445,#19492,.T.);
#19500=B_SPLINE_CURVE_WITH_KNOTS('',3,(#19501,#19502,#19503,#19504),.UNSPECIFIED.,.F.,.U.,(4,4),(0.,276.703377082),.UNSPECIFIED.);
#19501=CARTESIAN_POINT('Control Point',(9474.87465734,-2015.67461802,2219.37791738));
#19502=CARTESIAN_POINT('Control Point',(9453.878104829999,-1988.32145463,2195.73223646));
#19503=CARTESIAN_POINT('Control Point',(9432.877901710001,-1960.96230522,2172.08381805));
#19504=CARTESIAN_POINT('Control Point',(9411.87405803,-1933.59718179,2148.43267222));
#19505=CARTESIAN_POINT('Vertex',(9474.8746424,-2015.67462449,2219.37792317));
#19506=VERTEX_POINT('',#19505);
#19507=EDGE_CURVE('',#19506,#19466,#19500,.T.);
#19508=B_SPLINE_CURVE_WITH_KNOTS('',1,(#19509,#19510),.UNSPECIFIED.,.F.,.U.,(2,2),(-2.17,-3.4674552007E-013),.UNSPECIFIED.);
#19509=CARTESIAN_POINT('Control Point',(9474.85811811,-2017.10095707,2217.74262432));
#19510=CARTESIAN_POINT('Control Point',(9474.87465734,-2015.67461802,2219.37791738));
#19511=EDGE_CURVE('',#19498,#19506,#19508,.T.);
#19512=EDGE_LOOP('',(#19513,#19514,#19515,#19516));
#19513=ORIENTED_EDGE('',*,*,#19499,.T.);
#19514=ORIENTED_EDGE('',*,*,#19471,.T.);
#19515=ORIENTED_EDGE('',*,*,#19507,.F.);
#19516=ORIENTED_EDGE('',*,*,#19511,.F.);
#19517=FACE_OUTER_BOUND('',#19512,.T.);
#19518=ADVANCED_FACE('PartBody',(#19517),#19479,.T.);
#19519=B_SPLINE_SURFACE_WITH_KNOTS('',5,1,((#19520,#19521),(#19522,#19523),(#19524,#19525),(#19526,#19527),(#19528,#19529),(#19530,#19531),(#19532,#19533),(#19534,#19535),(#19536,#19537)),.UNSPECIFIED.,.F.,.F.,.U.,(6,3,6),(2,2),(0.,2.83323711698,4.7233255335),(-2.17,6.31088724177E-030),.UNSPECIFIED.);
#19520=CARTESIAN_POINT('Control Point',(9474.85811811,-2017.10095707,2217.74262432));
#19521=CARTESIAN_POINT('Control Point',(9474.87465734,-2015.67461802,2219.37791738));
#19522=CARTESIAN_POINT('Control Point',(9475.02441242,-2017.31758217,2217.92988767));
#19523=CARTESIAN_POINT('Control Point',(9475.04095065,-2015.89124312,2219.56518073));
#19524=CARTESIAN_POINT('Control Point',(9475.17479128,-2017.55461325,2218.13511067));
#19525=CARTESIAN_POINT('Control Point',(9475.1913286,-2016.1282742,2219.77040374));
#19526=CARTESIAN_POINT('Control Point',(9475.305538889999,-2017.81496071,2218.36086936));
#19527=CARTESIAN_POINT('Control Point',(9475.32207541,-2016.38862165,2219.99616244));
#19528=CARTESIAN_POINT('Control Point',(9475.472354089999,-2018.28366368,2218.76799573));
#19529=CARTESIAN_POINT('Control Point',(9475.488889599999,-2016.85732462,2220.40328881));
#19530=CARTESIAN_POINT('Control Point',(9475.53736455,-2018.7856652,2219.2051953));
#19531=CARTESIAN_POINT('Control Point',(9475.55389967,-2017.35932614,2220.84048838));
#19532=CARTESIAN_POINT('Control Point',(9475.545191269999,-2018.98906365,2219.38252482));
#19533=CARTESIAN_POINT('Control Point',(9475.561726349999,-2017.56272459,2221.0178179));
#19534=CARTESIAN_POINT('Control Point',(9475.53464948,-2019.19069042,2219.55849477));
#19535=CARTESIAN_POINT('Control Point',(9475.551184619999,-2017.76435136,2221.19378785));
#19536=CARTESIAN_POINT('Control Point',(9475.50734887,-2019.38768903,2219.7305974));
#19537=CARTESIAN_POINT('Control Point',(9475.523884169999,-2017.96134997,2221.36589048));
#19538=B_SPLINE_CURVE_WITH_KNOTS('',5,(#19539,#19540,#19541,#19542,#19543,#19544),.UNSPECIFIED.,.F.,.U.,(6,6),(0.,5.88774873744),.UNSPECIFIED.);
#19539=CARTESIAN_POINT('Control Point',(9475.50734887,-2019.38768903,2219.7305974));
#19540=CARTESIAN_POINT('Control Point',(9475.576426219999,-2018.88923343,2219.29513484));
#19541=CARTESIAN_POINT('Control Point',(9475.540601299999,-2018.35074291,2218.82581367));
#19542=CARTESIAN_POINT('Control Point',(9475.354647209999,-2017.85237912,2218.39300984));
#19543=CARTESIAN_POINT('Control Point',(9475.12632256,-2017.45033651,2218.04464825));
#19544=CARTESIAN_POINT('Control Point',(9474.85811811,-2017.10095707,2217.74262432));
#19545=CARTESIAN_POINT('Vertex',(9475.50734887,-2019.38768903,2219.7305974));
#19546=VERTEX_POINT('',#19545);
#19547=EDGE_CURVE('',#19546,#19498,#19538,.T.);
#19548=B_SPLINE_CURVE_WITH_KNOTS('',5,(#19549,#19550,#19551,#19552,#19553,#19554),.UNSPECIFIED.,.F.,.U.,(6,6),(0.,5.88774870461),.UNSPECIFIED.);
#19549=CARTESIAN_POINT('Control Point',(9475.523884169999,-2017.96134997,2221.36589048));
#19550=CARTESIAN_POINT('Control Point',(9475.59296111,-2017.46289437,2220.93042792));
#19551=CARTESIAN_POINT('Control Point',(9475.55713639,-2016.9244038,2220.46110672));
#19552=CARTESIAN_POINT('Control Point',(9475.37118344,-2016.42604007,2220.02830292));
#19553=CARTESIAN_POINT('Control Point',(9475.142860169999,-2016.02399746,2219.67994132));
#19554=CARTESIAN_POINT('Control Point',(9474.87465734,-2015.67461802,2219.37791738));
#19555=CARTESIAN_POINT('Vertex',(9475.52388413,-2017.96134997,2221.36589048));
#19556=VERTEX_POINT('',#19555);
#19557=EDGE_CURVE('',#19556,#19506,#19548,.T.);
#19558=B_SPLINE_CURVE_WITH_KNOTS('',1,(#19559,#19560),.UNSPECIFIED.,.F.,.U.,(2,2),(-2.17,-3.61313029516E-014),.UNSPECIFIED.);
#19559=CARTESIAN_POINT('Control Point',(9475.50734887,-2019.38768903,2219.7305974));
#19560=CARTESIAN_POINT('Control Point',(9475.523884169999,-2017.96134997,2221.36589048));
#19561=EDGE_CURVE('',#19546,#19556,#19558,.T.);
#19562=EDGE_LOOP('',(#19563,#19564,#19565,#19566));
#19563=ORIENTED_EDGE('',*,*,#19547,.T.);
#19564=ORIENTED_EDGE('',*,*,#19511,.T.);
#19565=ORIENTED_EDGE('',*,*,#19557,.F.);
#19566=ORIENTED_EDGE('',*,*,#19561,.F.);
#19567=FACE_OUTER_BOUND('',#19562,.T.);
#19568=ADVANCED_FACE('PartBody',(#19567),#19519,.F.);
#19569=CARTESIAN_POINT('Axis2P3D Location',(9406.51,-1977.57611303,2179.98713761));
#19570=DIRECTION('Axis2P3D Direction',(-5.637851296919319e-18,0.753613161117909,-0.6573181903689206));
#19571=DIRECTION('Axis2P3D XDirection',(0.7043393450641573,-0.4666061441721043,-0.5349624222461195));
#19572=AXIS2_PLACEMENT_3D('Cylinder Axis2P3D',#19569,#19570,#19571);
#19573=CYLINDRICAL_SURFACE('generated cylinder',#19572,3.);
#19574=B_SPLINE_CURVE_WITH_KNOTS('',5,(#19575,#19576,#19577,#19578,#19579,#19580),.UNSPECIFIED.,.F.,.U.,(6,6),(0.,14.1359057235),.UNSPECIFIED.);
#19575=CARTESIAN_POINT('Control Point',(9403.51,-1976.00585574,2178.61752422));
#19576=CARTESIAN_POINT('Control Point',(9403.51,-1975.38106484,2179.32939192));
#19577=CARTESIAN_POINT('Control Point',(9403.882696639999,-1974.75542607,2180.04172993));
#19578=CARTESIAN_POINT('Control Point',(9404.635349419999,-1974.2623033,2180.60257329));
#19579=CARTESIAN_POINT('Control Point',(9405.586304729999,-1974.02071305,2180.87655779));
#19580=CARTESIAN_POINT('Control Point',(9406.53343652,-1974.02496418,2180.87044719));
#19581=CARTESIAN_POINT('Vertex',(9403.51,-1976.00585574,2178.61752422));
#19582=VERTEX_POINT('',#19581);
#19583=CARTESIAN_POINT('Vertex',(9406.53343652,-1974.02496418,2180.87044719));
#19584=VERTEX_POINT('',#19583);
#19585=EDGE_CURVE('',#19582,#19584,#19574,.T.);
#19586=CARTESIAN_POINT('Line Origine',(9403.51,-1955.54905893,2160.77465024));
#19587=DIRECTION('Vector Direction',(0,0.753613161117909,-0.6573181903689206));
#19588=VECTOR('Line Direction',#19587,1.);
#19589=LINE('Line',#19586,#19588);
#19590=CARTESIAN_POINT('Vertex',(9403.51,-1935.11544655,2142.95199825));
#19591=VERTEX_POINT('',#19590);
#19592=EDGE_CURVE('',#19582,#19591,#19589,.T.);
#19593=B_SPLINE_CURVE_WITH_KNOTS('',5,(#19594,#19595,#19596,#19597,#19598,#19599),.UNSPECIFIED.,.F.,.U.,(6,6),(0.,14.1360019446),.UNSPECIFIED.);
#19594=CARTESIAN_POINT('Control Point',(9403.51,-1935.11544655,2142.95199825));
#19595=CARTESIAN_POINT('Control Point',(9403.51,-1934.48621766,2143.65998724));
#19596=CARTESIAN_POINT('Control Point',(9403.882695659999,-1933.85613137,2144.36842764));
#19597=CARTESIAN_POINT('Control Point',(9404.635315469999,-1933.35947099,2144.92619398));
#19598=CARTESIAN_POINT('Control Point',(9405.58629829,-1933.11611901,2145.19865955));
#19599=CARTESIAN_POINT('Control Point',(9406.53343652,-1933.12036773,2145.19254676));
#19600=CARTESIAN_POINT('Vertex',(9406.53343652,-1933.12036773,2145.19254676));
#19601=VERTEX_POINT('',#19600);
#19602=EDGE_CURVE('',#19591,#19601,#19593,.T.);
#19603=CARTESIAN_POINT('Line Origine',(9406.53343652,-1953.57716453,2163.03542074));
#19604=DIRECTION('Vector Direction',(0,0.753613161117909,-0.6573181903689206));
#19605=VECTOR('Line Direction',#19604,1.);
#19606=LINE('Line',#19603,#19605);
#19607=EDGE_CURVE('',#19584,#19601,#19606,.T.);
#19608=EDGE_LOOP('',(#19609,#19610,#19611,#19612));
#19609=ORIENTED_EDGE('',*,*,#19585,.F.);
#19610=ORIENTED_EDGE('',*,*,#19592,.T.);
#19611=ORIENTED_EDGE('',*,*,#19602,.T.);
#19612=ORIENTED_EDGE('',*,*,#19607,.F.);
#19613=FACE_OUTER_BOUND('',#19608,.T.);
#19614=ADVANCED_FACE('PartBody',(#19613),#19573,.F.);
#19615=B_SPLINE_CURVE_WITH_KNOTS('',3,(#19616,#19617,#19618,#19619),.UNSPECIFIED.,.F.,.U.,(4,4),(152.286811361,307.378959321),.UNSPECIFIED.);
#19616=CARTESIAN_POINT('Control Point',(9406.53343652,-2018.22305439,2219.42100624));
#19617=CARTESIAN_POINT('Control Point',(9429.53813771,-2020.19574756,2220.90315245));
#19618=CARTESIAN_POINT('Control Point',(9452.54434294,-2022.14423111,2222.36710197));
#19619=CARTESIAN_POINT('Control Point',(9475.55172926,-2024.06873383,2223.81306022));
#19620=DIRECTION('Vector Direction',(0,0.753613161117909,-0.6573181903689206));
#19621=VECTOR('Extrusion Surface Vector',#19620,1.);
#19622=SURFACE_OF_LINEAR_EXTRUSION('generated tabulated cylinder',#19615,#19621);
#19623=B_SPLINE_CURVE_WITH_KNOTS('',2,(#19624,#19625,#19626),.UNSPECIFIED.,.F.,.U.,(3,3),(0.,1.462969755),.UNSPECIFIED.);
#19624=CARTESIAN_POINT('Control Point',(9412.5650097,-2014.05677697,2215.72462665));
#19625=CARTESIAN_POINT('Control Point',(9412.51188401,-2014.43150718,2216.05202424));
#19626=CARTESIAN_POINT('Control Point',(9412.458758339999,-2014.80623723,2216.37942171));
#19627=CARTESIAN_POINT('Vertex',(9412.5650097,-2014.05677697,2215.72462665));
#19628=VERTEX_POINT('',#19627);
#19629=EDGE_CURVE('',#19628,#19382,#19623,.T.);
#19630=B_SPLINE_CURVE_WITH_KNOTS('',3,(#19631,#19632,#19633,#19634),.UNSPECIFIED.,.F.,.U.,(4,4),(0.,0.939649196305),.UNSPECIFIED.);
#19631=CARTESIAN_POINT('Control Point',(9412.59326281,-2013.6522442,2215.3714919));
#19632=CARTESIAN_POINT('Control Point',(9412.59348483,-2013.78848362,2215.49032066));
#19633=CARTESIAN_POINT('Control Point',(9412.583783779999,-2013.92435612,2215.60893203));
#19634=CARTESIAN_POINT('Control Point',(9412.5650097,-2014.05677697,2215.72462665));
#19635=CARTESIAN_POINT('Vertex',(9412.59326281,-2013.6522442,2215.3714919));
#19636=VERTEX_POINT('',#19635);
#19637=EDGE_CURVE('',#19636,#19628,#19630,.T.);
#19638=B_SPLINE_CURVE_WITH_KNOTS('',2,(#19639,#19640,#19641),.UNSPECIFIED.,.F.,.U.,(3,3),(0.,82.3487180338),.UNSPECIFIED.);
#19639=CARTESIAN_POINT('Control Point',(9412.533285759999,-1977.81900068,2184.11755892));
#19640=CARTESIAN_POINT('Control Point',(9412.56327429,-1995.73562246,2199.74452542));
#19641=CARTESIAN_POINT('Control Point',(9412.59326281,-2013.6522442,2215.3714919));
#19642=CARTESIAN_POINT('Vertex',(9412.533285759999,-1977.81900068,2184.11755892));
#19643=VERTEX_POINT('',#19642);
#19644=EDGE_CURVE('',#19643,#19636,#19638,.T.);
#19645=B_SPLINE_CURVE_WITH_KNOTS('',5,(#19646,#19647,#19648,#19649,#19650,#19651,#19652,#19653,#19654,#19655,#19656,#19657,#19658,#19659,#19660),.UNSPECIFIED.,.F.,.U.,(6,3,3,3,6),(0.,8.31205527579,12.4185603068,16.4522828616,20.1775692789),.UNSPECIFIED.);
#19646=CARTESIAN_POINT('Control Point',(9407.533397219999,-1974.03009864,2180.86456123));
#19647=CARTESIAN_POINT('Control Point',(9408.03177539,-1974.03265705,2180.86162808));
#19648=CARTESIAN_POINT('Control Point',(9408.53130104,-1974.08201957,2180.89950778));
#19649=CARTESIAN_POINT('Control Point',(9409.02777719,-1974.17847276,2180.97849377));
#19650=CARTESIAN_POINT('Control Point',(9409.765922679999,-1974.3986767,2181.16291637));
#19651=CARTESIAN_POINT('Control Point',(9410.47881008,-1974.75712402,2181.46818184));
#19652=CARTESIAN_POINT('Control Point',(9410.71168459,-1974.89267813,2181.58400455));
#19653=CARTESIAN_POINT('Control Point',(9411.16206291,-1975.19718689,2181.84494224));
#19654=CARTESIAN_POINT('Control Point',(9411.58236543,-1975.58692109,2182.18052762));
#19655=CARTESIAN_POINT('Control Point',(9411.78105408,-1975.80443989,2182.36819645));
#19656=CARTESIAN_POINT('Control Point',(9412.13354287,-1976.27613104,2182.77596893));
#19657=CARTESIAN_POINT('Control Point',(9412.391654769999,-1976.85990947,2183.28248329));
#19658=CARTESIAN_POINT('Control Point',(9412.485947269999,-1977.16811091,2183.55032805));
#19659=CARTESIAN_POINT('Control Point',(9412.53273818,-1977.49488669,2183.83486515));
#19660=CARTESIAN_POINT('Control Point',(9412.533285759999,-1977.81900068,2184.11755892));
#19661=CARTESIAN_POINT('Vertex',(9407.533397219999,-1974.03009864,2180.86456123));
#19662=VERTEX_POINT('',#19661);
#19663=EDGE_CURVE('',#19662,#19643,#19645,.T.);
#19664=B_SPLINE_CURVE_WITH_KNOTS('',2,(#19665,#19666,#19667),.UNSPECIFIED.,.F.,.U.,(3,3),(0.,2.46193921459),.UNSPECIFIED.);
#19665=CARTESIAN_POINT('Control Point',(9406.53343652,-1974.02496418,2180.87044719));
#19666=CARTESIAN_POINT('Control Point',(9407.03341618,-1974.02753187,2180.86750369));
#19667=CARTESIAN_POINT('Control Point',(9407.533397219999,-1974.03009864,2180.86456123));
#19668=EDGE_CURVE('',#19584,#19662,#19664,.T.);
#19669=B_SPLINE_CURVE_WITH_KNOTS('',2,(#19670,#19671,#19672),.UNSPECIFIED.,.F.,.U.,(3,3),(0.,2.46193921353),.UNSPECIFIED.);
#19670=CARTESIAN_POINT('Control Point',(9406.53343652,-1933.12036773,2145.19254676));
#19671=CARTESIAN_POINT('Control Point',(9407.03341618,-1933.12293541,2145.18960326));
#19672=CARTESIAN_POINT('Control Point',(9407.533397219999,-1933.12550219,2145.18666081));
#19673=EDGE_CURVE('',#19601,#19447,#19669,.T.);
#19674=B_SPLINE_CURVE_WITH_KNOTS('',2,(#19675,#19676,#19677),.UNSPECIFIED.,.F.,.U.,(3,3),(2.02773663682E-005,1.46097338035),.UNSPECIFIED.);
#19675=CARTESIAN_POINT('Control Point',(9475.403449949999,-2020.13738261,2220.38554744));
#19676=CARTESIAN_POINT('Control Point',(9475.4553994,-2019.7625359,2220.05807248));
#19677=CARTESIAN_POINT('Control Point',(9475.50734887,-2019.38768903,2219.7305974));
#19678=EDGE_CURVE('',#19392,#19546,#19674,.T.);
#19679=EDGE_LOOP('',(#19680,#19681,#19682,#19683,#19684,#19685,#19686,#19687,#19688,#19689,#19690,#19691));
#19680=ORIENTED_EDGE('',*,*,#19629,.F.);
#19681=ORIENTED_EDGE('',*,*,#19637,.F.);
#19682=ORIENTED_EDGE('',*,*,#19644,.F.);
#19683=ORIENTED_EDGE('',*,*,#19663,.F.);
#19684=ORIENTED_EDGE('',*,*,#19668,.F.);
#19685=ORIENTED_EDGE('',*,*,#19607,.T.);
#19686=ORIENTED_EDGE('',*,*,#19673,.T.);
#19687=ORIENTED_EDGE('',*,*,#19448,.F.);
#19688=ORIENTED_EDGE('',*,*,#19499,.F.);
#19689=ORIENTED_EDGE('',*,*,#19547,.F.);
#19690=ORIENTED_EDGE('',*,*,#19678,.F.);
#19691=ORIENTED_EDGE('',*,*,#19393,.F.);
#19692=FACE_OUTER_BOUND('',#19679,.T.);
#19693=ADVANCED_FACE('PartBody',(#19692),#19622,.F.);
#19694=B_SPLINE_SURFACE_WITH_KNOTS('',5,1,((#19695,#19696),(#19697,#19698),(#19699,#19700),(#19701,#19702),(#19703,#19704),(#19705,#19706)),.UNSPECIFIED.,.F.,.F.,.U.,(6,6),(2,2),(0.,0.999985138892),(-2.17,1.0796760343E-013),.UNSPECIFIED.);
#19695=CARTESIAN_POINT('Control Point',(9406.53343652,-1974.02496418,2180.87044719));
#19696=CARTESIAN_POINT('Control Point',(9406.550388939999,-1972.59862724,2182.50573784));
#19697=CARTESIAN_POINT('Control Point',(9406.73342866,-1974.02599126,2180.86926978));
#19698=CARTESIAN_POINT('Control Point',(9406.75037987,-1972.5996543,2182.50456045));
#19699=CARTESIAN_POINT('Control Point',(9406.9334208,-1974.02701824,2180.86809249));
#19700=CARTESIAN_POINT('Control Point',(9406.95037079,-1972.60068128,2182.50338316));
#19701=CARTESIAN_POINT('Control Point',(9407.13341294,-1974.02804513,2180.8669153));
#19702=CARTESIAN_POINT('Control Point',(9407.15036172,-1972.60170817,2182.50220597));
#19703=CARTESIAN_POINT('Control Point',(9407.33340508,-1974.02907193,2180.86573821));
#19704=CARTESIAN_POINT('Control Point',(9407.350352649999,-1972.60273496,2182.50102889));
#19705=CARTESIAN_POINT('Control Point',(9407.533397219999,-1974.03009864,2180.86456123));
#19706=CARTESIAN_POINT('Control Point',(9407.55034358,-1972.60376167,2182.49985192));
#19707=B_SPLINE_CURVE_WITH_KNOTS('',1,(#19708,#19709),.UNSPECIFIED.,.F.,.U.,(2,2),(-2.17,1.0796760343E-013),.UNSPECIFIED.);
#19708=CARTESIAN_POINT('Control Point',(9407.533397219999,-1974.03009864,2180.86456123));
#19709=CARTESIAN_POINT('Control Point',(9407.55034358,-1972.60376167,2182.49985192));
#19710=CARTESIAN_POINT('Vertex',(9407.550343569999,-1972.60376133,2182.49985162));
#19711=VERTEX_POINT('',#19710);
#19712=EDGE_CURVE('',#19662,#19711,#19707,.T.);
#19713=B_SPLINE_CURVE_WITH_KNOTS('',2,(#19714,#19715,#19716),.UNSPECIFIED.,.F.,.U.,(3,3),(0.,2.46193921459),.UNSPECIFIED.);
#19714=CARTESIAN_POINT('Control Point',(9406.550388939999,-1972.59862724,2182.50573784));
#19715=CARTESIAN_POINT('Control Point',(9407.050365569999,-1972.60119491,2182.50279436));
#19716=CARTESIAN_POINT('Control Point',(9407.55034358,-1972.60376167,2182.49985192));
#19717=CARTESIAN_POINT('Vertex',(9406.550388939999,-1972.59862724,2182.50573784));
#19718=VERTEX_POINT('',#19717);
#19719=EDGE_CURVE('',#19718,#19711,#19713,.T.);
#19720=B_SPLINE_CURVE_WITH_KNOTS('',1,(#19721,#19722),.UNSPECIFIED.,.F.,.U.,(2,2),(-2.17,-9.38118227231E-014),.UNSPECIFIED.);
#19721=CARTESIAN_POINT('Control Point',(9406.53343652,-1974.02496418,2180.87044719));
#19722=CARTESIAN_POINT('Control Point',(9406.550388939999,-1972.59862724,2182.50573784));
#19723=EDGE_CURVE('',#19584,#19718,#19720,.T.);
#19724=EDGE_LOOP('',(#19725,#19726,#19727,#19728));
#19725=ORIENTED_EDGE('',*,*,#19668,.T.);
#19726=ORIENTED_EDGE('',*,*,#19712,.T.);
#19727=ORIENTED_EDGE('',*,*,#19719,.F.);
#19728=ORIENTED_EDGE('',*,*,#19723,.F.);
#19729=FACE_OUTER_BOUND('',#19724,.T.);
#19730=ADVANCED_FACE('PartBody',(#19729),#19694,.T.);
#19731=B_SPLINE_SURFACE_WITH_KNOTS('',5,1,((#19732,#19733),(#19734,#19735),(#19736,#19737),(#19738,#19739),(#19740,#19741),(#19742,#19743),(#19744,#19745),(#19746,#19747),(#19748,#19749),(#19750,#19751),(#19752,#19753),(#19754,#19755),(#19756,#19757),(#19758,#19759),(#19760,#19761)),.UNSPECIFIED.,.F.,.F.,.U.,(6,3,3,3,6),(2,2),(0.,4.60536711986,9.21256399536,12.2828087419,15.3547994661),(-2.17,1.7143931802E-013),.UNSPECIFIED.);
#19732=CARTESIAN_POINT('Control Point',(9407.533397219999,-1974.03009864,2180.86456123));
#19733=CARTESIAN_POINT('Control Point',(9407.55034358,-1972.60376167,2182.49985192));
#19734=CARTESIAN_POINT('Control Point',(9407.90740498,-1974.0320186,2180.86236005));
#19735=CARTESIAN_POINT('Control Point',(9407.92434908,-1972.60568161,2182.49765075));
#19736=CARTESIAN_POINT('Control Point',(9408.281981239999,-1974.06029705,2180.88314409));
#19737=CARTESIAN_POINT('Control Point',(9408.29892307,-1972.63396005,2182.51843481));
#19738=CARTESIAN_POINT('Control Point',(9408.655761779999,-1974.11508922,2180.92706289));
#19739=CARTESIAN_POINT('Control Point',(9408.67270135,-1972.68875221,2182.56235363));
#19740=CARTESIAN_POINT('Control Point',(9409.399383459999,-1974.28016057,2181.0633396));
#19741=CARTESIAN_POINT('Control Point',(9409.41631852,-1972.85382354,2182.69863036));
#19742=CARTESIAN_POINT('Control Point',(9410.124123669999,-1974.56644952,2181.30554303));
#19743=CARTESIAN_POINT('Control Point',(9410.14105434,-1973.14011246,2182.94083381));
#19744=CARTESIAN_POINT('Control Point',(9410.478808599999,-1974.74240261,2181.45534133));
#19745=CARTESIAN_POINT('Control Point',(9410.49573712,-1973.31606554,2183.09063213));
#19746=CARTESIAN_POINT('Control Point',(9411.05324522,-1975.09775082,2181.759338));
#19747=CARTESIAN_POINT('Control Point',(9411.070170269999,-1973.67141373,2183.39462881));
#19748=CARTESIAN_POINT('Control Point',(9411.57361213,-1975.57809982,2182.17292409));
#19749=CARTESIAN_POINT('Control Point',(9411.59053403,-1974.15176271,2183.80821492));
#19750=CARTESIAN_POINT('Control Point',(9411.77041515,-1975.79261841,2182.35799557));
#19751=CARTESIAN_POINT('Control Point',(9411.787335859999,-1974.3662813,2183.99328641));
#19752=CARTESIAN_POINT('Control Point',(9412.13007689,-1976.27070079,2182.77126841));
#19753=CARTESIAN_POINT('Control Point',(9412.14699542,-1974.84436367,2184.40655926));
#19754=CARTESIAN_POINT('Control Point',(9412.38904747,-1976.84829739,2183.27238195));
#19755=CARTESIAN_POINT('Control Point',(9412.40596443,-1975.42196026,2184.90767281));
#19756=CARTESIAN_POINT('Control Point',(9412.485026659999,-1977.16225001,2183.54522557));
#19757=CARTESIAN_POINT('Control Point',(9412.501943039999,-1975.73591288,2185.18051643));
#19758=CARTESIAN_POINT('Control Point',(9412.532732809999,-1977.49171026,2183.83209465));
#19759=CARTESIAN_POINT('Control Point',(9412.5496489,-1976.06537313,2185.46738552));
#19760=CARTESIAN_POINT('Control Point',(9412.533285759999,-1977.81900068,2184.11755892));
#19761=CARTESIAN_POINT('Control Point',(9412.550201849999,-1976.39266354,2185.75284979));
#19762=B_SPLINE_CURVE_WITH_KNOTS('',1,(#19763,#19764),.UNSPECIFIED.,.F.,.U.,(2,2),(-2.17,1.7143931802E-013),.UNSPECIFIED.);
#19763=CARTESIAN_POINT('Control Point',(9412.533285759999,-1977.81900068,2184.11755892));
#19764=CARTESIAN_POINT('Control Point',(9412.550201849999,-1976.39266354,2185.75284979));
#19765=CARTESIAN_POINT('Vertex',(9412.550201509999,-1976.39266354,2185.75284979));
#19766=VERTEX_POINT('',#19765);
#19767=EDGE_CURVE('',#19643,#19766,#19762,.T.);
#19768=B_SPLINE_CURVE_WITH_KNOTS('',5,(#19769,#19770,#19771,#19772,#19773,#19774,#19775,#19776,#19777,#19778,#19779,#19780,#19781,#19782,#19783),.UNSPECIFIED.,.F.,.U.,(6,3,3,3,6),(0.,8.31205528384,12.4185603149,16.4522828583,20.1775694821),.UNSPECIFIED.);
#19769=CARTESIAN_POINT('Control Point',(9407.55034358,-1972.60376167,2182.49985192));
#19770=CARTESIAN_POINT('Control Point',(9408.04871873,-1972.60632005,2182.49691879));
#19771=CARTESIAN_POINT('Control Point',(9408.54810333,-1972.65568184,2182.53479932));
#19772=CARTESIAN_POINT('Control Point',(9409.041894129999,-1972.75091255,2182.61274682));
#19773=CARTESIAN_POINT('Control Point',(9409.7842489,-1972.97294397,2182.7987198));
#19774=CARTESIAN_POINT('Control Point',(9410.495050219999,-1973.33048839,2183.10321936));
#19775=CARTESIAN_POINT('Control Point',(9410.72729436,-1973.46528899,2183.21839135));
#19776=CARTESIAN_POINT('Control Point',(9411.180281299999,-1973.77188322,2183.48112105));
#19777=CARTESIAN_POINT('Control Point',(9411.598016219999,-1974.15956888,2183.81494621));
#19778=CARTESIAN_POINT('Control Point',(9411.79589342,-1974.37446684,2184.00033747));
#19779=CARTESIAN_POINT('Control Point',(9412.152383549999,-1974.85315186,2184.41416877));
#19780=CARTESIAN_POINT('Control Point',(9412.406796539999,-1975.4304712,2184.91508764));
#19781=CARTESIAN_POINT('Control Point',(9412.50286459,-1975.74230762,2185.18608454));
#19782=CARTESIAN_POINT('Control Point',(9412.54965427,-1976.06854954,2185.470156));
#19783=CARTESIAN_POINT('Control Point',(9412.550201849999,-1976.39266354,2185.75284979));
#19784=EDGE_CURVE('',#19711,#19766,#19768,.T.);
#19785=EDGE_LOOP('',(#19786,#19787,#19788,#19789));
#19786=ORIENTED_EDGE('',*,*,#19663,.T.);
#19787=ORIENTED_EDGE('',*,*,#19767,.T.);
#19788=ORIENTED_EDGE('',*,*,#19784,.F.);
#19789=ORIENTED_EDGE('',*,*,#19712,.F.);
#19790=FACE_OUTER_BOUND('',#19785,.T.);
#19791=ADVANCED_FACE('PartBody',(#19790),#19731,.T.);
#19792=B_SPLINE_SURFACE_WITH_KNOTS('',5,1,((#19793,#19794),(#19795,#19796),(#19797,#19798),(#19799,#19800),(#19801,#19802),(#19803,#19804)),.UNSPECIFIED.,.F.,.F.,.U.,(6,6),(2,2),(0.,67.2389195675),(-2.17,1.7143931802E-013),.UNSPECIFIED.);
#19793=CARTESIAN_POINT('Control Point',(9412.59326281,-2013.6522442,2215.3714919));
#19794=CARTESIAN_POINT('Control Point',(9412.61017853,-2012.22590706,2217.00678277));
#19795=CARTESIAN_POINT('Control Point',(9412.581267399999,-2006.4855955,2209.12070531));
#19796=CARTESIAN_POINT('Control Point',(9412.5981832,-2005.05925836,2210.75599618));
#19797=CARTESIAN_POINT('Control Point',(9412.56927199,-1999.3189468,2202.86991871));
#19798=CARTESIAN_POINT('Control Point',(9412.586187859999,-1997.89260966,2204.50520959));
#19799=CARTESIAN_POINT('Control Point',(9412.557276579999,-1992.15229809,2196.61913212));
#19800=CARTESIAN_POINT('Control Point',(9412.574192529999,-1990.72596096,2198.25442299));
#19801=CARTESIAN_POINT('Control Point',(9412.54528117,-1984.98564939,2190.36834552));
#19802=CARTESIAN_POINT('Control Point',(9412.56219719,-1983.55931225,2192.00363639));
#19803=CARTESIAN_POINT('Control Point',(9412.533285759999,-1977.81900068,2184.11755892));
#19804=CARTESIAN_POINT('Control Point',(9412.550201849999,-1976.39266354,2185.75284979));
#19805=B_SPLINE_CURVE_WITH_KNOTS('',1,(#19806,#19807),.UNSPECIFIED.,.F.,.U.,(2,2),(-2.17,1.24788885554E-013),.UNSPECIFIED.);
#19806=CARTESIAN_POINT('Control Point',(9412.59326281,-2013.6522442,2215.3714919));
#19807=CARTESIAN_POINT('Control Point',(9412.61017853,-2012.22590706,2217.00678277));
#19808=CARTESIAN_POINT('Vertex',(9412.610180739999,-2012.22590707,2217.00678276));
#19809=VERTEX_POINT('',#19808);
#19810=EDGE_CURVE('',#19636,#19809,#19805,.T.);
#19811=B_SPLINE_CURVE_WITH_KNOTS('',2,(#19812,#19813,#19814),.UNSPECIFIED.,.F.,.U.,(3,3),(0.,82.3487180338),.UNSPECIFIED.);
#19812=CARTESIAN_POINT('Control Point',(9412.550201849999,-1976.39266354,2185.75284979));
#19813=CARTESIAN_POINT('Control Point',(9412.580190189999,-1994.30928532,2201.3798163));
#19814=CARTESIAN_POINT('Control Point',(9412.61017853,-2012.22590706,2217.00678277));
#19815=EDGE_CURVE('',#19766,#19809,#19811,.T.);
#19816=EDGE_LOOP('',(#19817,#19818,#19819,#19820));
#19817=ORIENTED_EDGE('',*,*,#19644,.T.);
#19818=ORIENTED_EDGE('',*,*,#19810,.T.);
#19819=ORIENTED_EDGE('',*,*,#19815,.F.);
#19820=ORIENTED_EDGE('',*,*,#19767,.F.);
#19821=FACE_OUTER_BOUND('',#19816,.T.);
#19822=ADVANCED_FACE('PartBody',(#19821),#19792,.F.);
#19823=B_SPLINE_SURFACE_WITH_KNOTS('',5,1,((#19824,#19825),(#19826,#19827),(#19828,#19829),(#19830,#19831),(#19832,#19833),(#19834,#19835)),.UNSPECIFIED.,.F.,.F.,.U.,(6,6),(2,2),(0.,0.766122657818),(-2.17,1.24788885554E-013),.UNSPECIFIED.);
#19824=CARTESIAN_POINT('Control Point',(9412.59326281,-2013.6522442,2215.3714919));
#19825=CARTESIAN_POINT('Control Point',(9412.61017853,-2012.22590706,2217.00678277));
#19826=CARTESIAN_POINT('Control Point',(9412.593395800001,-2013.7338532,2215.44267171));
#19827=CARTESIAN_POINT('Control Point',(9412.610311529999,-2012.30751606,2217.07796259));
#19828=CARTESIAN_POINT('Control Point',(9412.59059727,-2013.8153338,2215.51376986));
#19829=CARTESIAN_POINT('Control Point',(9412.60751301,-2012.38899667,2217.14906073));
#19830=CARTESIAN_POINT('Control Point',(9412.5848836,-2013.89645727,2215.58458666));
#19831=CARTESIAN_POINT('Control Point',(9412.60179938,-2012.47012014,2217.21987753));
#19832=CARTESIAN_POINT('Control Point',(9412.57631939,-2013.97700534,2215.65493107));
#19833=CARTESIAN_POINT('Control Point',(9412.59323522,-2012.55066821,2217.29022195));
#19834=CARTESIAN_POINT('Control Point',(9412.5650097,-2014.05677697,2215.72462665));
#19835=CARTESIAN_POINT('Control Point',(9412.581925589999,-2012.63043983,2217.35991752));
#19836=B_SPLINE_CURVE_WITH_KNOTS('',1,(#19837,#19838),.UNSPECIFIED.,.F.,.U.,(2,2),(-2.17,1.08142982038E-013),.UNSPECIFIED.);
#19837=CARTESIAN_POINT('Control Point',(9412.5650097,-2014.05677697,2215.72462665));
#19838=CARTESIAN_POINT('Control Point',(9412.581925589999,-2012.63043983,2217.35991752));
#19839=CARTESIAN_POINT('Vertex',(9412.581925499999,-2012.63043979,2217.35991749));
#19840=VERTEX_POINT('',#19839);
#19841=EDGE_CURVE('',#19628,#19840,#19836,.T.);
#19842=B_SPLINE_CURVE_WITH_KNOTS('',3,(#19843,#19844,#19845,#19846),.UNSPECIFIED.,.F.,.U.,(4,4),(0.,0.939649196305),.UNSPECIFIED.);
#19843=CARTESIAN_POINT('Control Point',(9412.61017853,-2012.22590706,2217.00678277));
#19844=CARTESIAN_POINT('Control Point',(9412.610400559999,-2012.36214648,2217.12561153));
#19845=CARTESIAN_POINT('Control Point',(9412.60069956,-2012.49801898,2217.2442229));
#19846=CARTESIAN_POINT('Control Point',(9412.581925589999,-2012.63043983,2217.35991752));
#19847=EDGE_CURVE('',#19809,#19840,#19842,.T.);
#19848=EDGE_LOOP('',(#19849,#19850,#19851,#19852));
#19849=ORIENTED_EDGE('',*,*,#19637,.T.);
#19850=ORIENTED_EDGE('',*,*,#19841,.T.);
#19851=ORIENTED_EDGE('',*,*,#19847,.F.);
#19852=ORIENTED_EDGE('',*,*,#19810,.F.);
#19853=FACE_OUTER_BOUND('',#19848,.T.);
#19854=ADVANCED_FACE('PartBody',(#19853),#19823,.T.);
#19855=B_SPLINE_SURFACE_WITH_KNOTS('',5,1,((#19856,#19857),(#19858,#19859),(#19860,#19861),(#19862,#19863),(#19864,#19865),(#19866,#19867)),.UNSPECIFIED.,.F.,.F.,.U.,(6,6),(2,2),(0.,1.03446563258),(-2.17,6.34260030855E-008),.UNSPECIFIED.);
#19856=CARTESIAN_POINT('Control Point',(9412.458758339999,-2014.80623727,2216.37942166));
#19857=CARTESIAN_POINT('Control Point',(9412.47567489,-2013.37990009,2218.01471257));
#19858=CARTESIAN_POINT('Control Point',(9412.48000861,-2014.65634524,2216.24846268));
#19859=CARTESIAN_POINT('Control Point',(9412.49692503,-2013.23000807,2217.88375359));
#19860=CARTESIAN_POINT('Control Point',(9412.50125888,-2014.5064532,2216.11750369));
#19861=CARTESIAN_POINT('Control Point',(9412.51817517,-2013.08011602,2217.75279461));
#19862=CARTESIAN_POINT('Control Point',(9412.52250915,-2014.35656114,2215.98654469));
#19863=CARTESIAN_POINT('Control Point',(9412.53942531,-2012.93022396,2217.62183561));
#19864=CARTESIAN_POINT('Control Point',(9412.543759419999,-2014.20666906,2215.85558568));
#19865=CARTESIAN_POINT('Control Point',(9412.56067545,-2012.78033189,2217.4908766));
#19866=CARTESIAN_POINT('Control Point',(9412.5650097,-2014.05677697,2215.72462665));
#19867=CARTESIAN_POINT('Control Point',(9412.581925589999,-2012.63043979,2217.35991757));
#19868=B_SPLINE_CURVE_WITH_KNOTS('',1,(#19869,#19870),.UNSPECIFIED.,.F.,.U.,(2,2),(-2.16999993657,6.34260030855E-008),.UNSPECIFIED.);
#19869=CARTESIAN_POINT('Control Point',(9412.458758339999,-2014.80623723,2216.37942171));
#19870=CARTESIAN_POINT('Control Point',(9412.47567489,-2013.37990009,2218.01471257));
#19871=CARTESIAN_POINT('Vertex',(9412.47567699,-2013.37988532,2218.01469966));
#19872=VERTEX_POINT('',#19871);
#19873=EDGE_CURVE('',#19382,#19872,#19868,.T.);
#19874=B_SPLINE_CURVE_WITH_KNOTS('',2,(#19875,#19876,#19877),.UNSPECIFIED.,.F.,.U.,(3,3),(0.,1.46294091303),.UNSPECIFIED.);
#19875=CARTESIAN_POINT('Control Point',(9412.581925589999,-2012.63043983,2217.35991752));
#19876=CARTESIAN_POINT('Control Point',(9412.528801279999,-2013.00516266,2217.68730866));
#19877=CARTESIAN_POINT('Control Point',(9412.47567699,-2013.37988532,2218.01469966));
#19878=EDGE_CURVE('',#19840,#19872,#19874,.T.);
#19879=EDGE_LOOP('',(#19880,#19881,#19882,#19883));
#19880=ORIENTED_EDGE('',*,*,#19629,.T.);
#19881=ORIENTED_EDGE('',*,*,#19873,.T.);
#19882=ORIENTED_EDGE('',*,*,#19878,.F.);
#19883=ORIENTED_EDGE('',*,*,#19841,.F.);
#19884=FACE_OUTER_BOUND('',#19879,.T.);
#19885=ADVANCED_FACE('PartBody',(#19884),#19855,.F.);
#19886=B_SPLINE_SURFACE_WITH_KNOTS('',5,1,((#19887,#19888),(#19889,#19890),(#19891,#19892),(#19893,#19894),(#19895,#19896),(#19897,#19898),(#19899,#19900),(#19901,#19902),(#19903,#19904),(#19905,#19906),(#19907,#19908),(#19909,#19910),(#19911,#19912),(#19913,#19914),(#19915,#19916)),.UNSPECIFIED.,.F.,.F.,.U.,(6,3,3,3,6),(2,2),(0.,2.89145405378,5.78290810756,8.67436216134,9.63818017927),(-7.86400487108E-006,2.17000006315),.UNSPECIFIED.);
#19887=CARTESIAN_POINT('Control Point',(9412.475674949999,-2013.37989496,2218.01471845));
#19888=CARTESIAN_POINT('Control Point',(9412.458758339999,-2014.80623731,2216.37942161));
#19889=CARTESIAN_POINT('Control Point',(9412.423888039999,-2013.74535066,2218.33401277));
#19890=CARTESIAN_POINT('Control Point',(9412.42873652,-2015.01830307,2216.56470066));
#19891=CARTESIAN_POINT('Control Point',(9412.37208223,-2014.14869594,2218.60993624));
#19892=CARTESIAN_POINT('Control Point',(9412.39888423,-2015.25237048,2216.72482453));
#19893=CARTESIAN_POINT('Control Point',(9412.321223179999,-2014.58311056,2218.83654229));
#19894=CARTESIAN_POINT('Control Point',(9412.369761239999,-2015.5044819,2216.85634256));
#19895=CARTESIAN_POINT('Control Point',(9412.223298879999,-2015.49787202,2219.18262075));
#19896=CARTESIAN_POINT('Control Point',(9412.31406201,-2016.03538741,2217.05723444));
#19897=CARTESIAN_POINT('Control Point',(9412.136429549999,-2016.46910802,2219.30563527));
#19898=CARTESIAN_POINT('Control Point',(9412.26541421,-2016.59911792,2217.12872999));
#19899=CARTESIAN_POINT('Control Point',(9412.0966164,-2016.96008121,2219.30921113));
#19900=CARTESIAN_POINT('Control Point',(9412.24333752,-2016.88410311,2217.13087131));
#19901=CARTESIAN_POINT('Control Point',(9412.02572765,-2017.93433424,2219.20033045));
#19902=CARTESIAN_POINT('Control Point',(9412.20450724,-2017.44963095,2217.0678401));
#19903=CARTESIAN_POINT('Control Point',(9411.974594859999,-2018.85769996,2218.86767597));
#19904=CARTESIAN_POINT('Control Point',(9412.17755283,-2017.98566571,2216.87498622));
#19905=CARTESIAN_POINT('Control Point',(9411.954533029999,-2019.29785092,2218.64746938));
#19906=CARTESIAN_POINT('Control Point',(9412.16734946,-2018.24119561,2216.74729985));
#19907=CARTESIAN_POINT('Control Point',(9411.93562661,-2019.84500342,2218.28750347));
#19908=CARTESIAN_POINT('Control Point',(9412.15836618,-2018.55886248,2216.53855084));
#19909=CARTESIAN_POINT('Control Point',(9411.927447029999,-2020.32678955,2217.84950041));
#19910=CARTESIAN_POINT('Control Point',(9412.155650839999,-2018.83860293,2216.28452201));
#19911=CARTESIAN_POINT('Control Point',(9411.92607815,-2020.4428934,2217.73533881));
#19912=CARTESIAN_POINT('Control Point',(9412.15536594,-2018.90601826,2216.21831037));
#19913=CARTESIAN_POINT('Control Point',(9411.92538803,-2020.55441517,2217.61675274));
#19914=CARTESIAN_POINT('Control Point',(9412.155475539999,-2018.97077481,2216.14953138));
#19915=CARTESIAN_POINT('Control Point',(9411.92537671,-2020.66113656,2217.49399335));
#19916=CARTESIAN_POINT('Control Point',(9412.1559786,-2019.03274579,2216.07833071));
#19917=B_SPLINE_CURVE_WITH_KNOTS('',5,(#19918,#19919,#19920,#19921,#19922,#19923),.UNSPECIFIED.,.F.,.U.,(6,6),(0.,10.9376279683),.UNSPECIFIED.);
#19918=CARTESIAN_POINT('Control Point',(9412.47567442,-2013.37990348,2218.01471536));
#19919=CARTESIAN_POINT('Control Point',(9412.30304768,-2014.59811538,2219.07905271));
#19920=CARTESIAN_POINT('Control Point',(9412.13007875,-2016.23691295,2219.66385526));
#19921=CARTESIAN_POINT('Control Point',(9411.993262579999,-2018.04730001,2219.53426047));
#19922=CARTESIAN_POINT('Control Point',(9411.925490329999,-2019.59396248,2218.72153557));
#19923=CARTESIAN_POINT('Control Point',(9411.925377539999,-2020.66113071,2217.49398826));
#19924=EDGE_CURVE('',#19872,#17718,#19917,.T.);
#19925=EDGE_LOOP('',(#19926,#19927,#19928,#19929));
#19926=ORIENTED_EDGE('',*,*,#19383,.T.);
#19927=ORIENTED_EDGE('',*,*,#17723,.F.);
#19928=ORIENTED_EDGE('',*,*,#19924,.F.);
#19929=ORIENTED_EDGE('',*,*,#19873,.F.);
#19930=FACE_OUTER_BOUND('',#19925,.T.);
#19931=ADVANCED_FACE('PartBody',(#19930),#19886,.F.);
#19932=B_SPLINE_SURFACE_WITH_KNOTS('',5,5,((#19933,#19934,#19935,#19936,#19937,#19938,#19939,#19940,#19941),(#19942,#19943,#19944,#19945,#19946,#19947,#19948,#19949,#19950),(#19951,#19952,#19953,#19954,#19955,#19956,#19957,#19958,#19959),(#19960,#19961,#19962,#19963,#19964,#19965,#19966,#19967,#19968),(#19969,#19970,#19971,#19972,#19973,#19974,#19975,#19976,#19977),(#19978,#19979,#19980,#19981,#19982,#19983,#19984,#19985,#19986)),.UNSPECIFIED.,.F.,.F.,.U.,(6,6),(6,3,6),(61.4095921861,216.442315151),(0.,2.585,5.17),.UNSPECIFIED.);
#19933=CARTESIAN_POINT('Control Point',(9412.475672799999,-2013.37991494,2218.01472538));
#19934=CARTESIAN_POINT('Control Point',(9412.38925206,-2013.98896569,2218.54684701));
#19935=CARTESIAN_POINT('Control Point',(9412.30158327,-2014.70313912,2218.95846548));
#19936=CARTESIAN_POINT('Control Point',(9412.217128139999,-2015.49113708,2219.22191475));
#19937=CARTESIAN_POINT('Control Point',(9412.06378441,-2017.12949099,2219.42399068));
#19938=CARTESIAN_POINT('Control Point',(9411.95503617,-2018.72567853,2218.98935097));
#19939=CARTESIAN_POINT('Control Point',(9411.91520897,-2019.47147944,2218.61562144));
#19940=CARTESIAN_POINT('Control Point',(9411.892085239999,-2020.12462359,2218.10569272));
#19941=CARTESIAN_POINT('Control Point',(9411.88595588,-2020.65775644,2217.491448));
#19942=CARTESIAN_POINT('Control Point',(9425.07128857,-2014.45883118,2218.8254825));
#19943=CARTESIAN_POINT('Control Point',(9424.985265589999,-2015.06782756,2219.35754858));
#19944=CARTESIAN_POINT('Control Point',(9424.898000539999,-2015.78191584,2219.76914681));
#19945=CARTESIAN_POINT('Control Point',(9424.813933269999,-2016.56980977,2220.03262225));
#19946=CARTESIAN_POINT('Control Point',(9424.66128875,-2018.20795527,2220.23484921));
#19947=CARTESIAN_POINT('Control Point',(9424.55302213,-2019.80400074,2219.80052934));
#19948=CARTESIAN_POINT('Control Point',(9424.51336501,-2020.54976403,2219.42699517));
#19949=CARTESIAN_POINT('Control Point',(9424.49033079,-2021.20291839,2218.91728048));
#19950=CARTESIAN_POINT('Control Point',(9424.48420993,-2021.73611394,2218.30324808));
#19951=CARTESIAN_POINT('Control Point',(9437.667471859999,-2015.53171464,2219.63170576));
#19952=CARTESIAN_POINT('Control Point',(9437.58184535,-2016.14065674,2220.16371644));
#19953=CARTESIAN_POINT('Control Point',(9437.494982729999,-2016.85466008,2220.5752944));
#19954=CARTESIAN_POINT('Control Point',(9437.41130208,-2017.64245027,2220.83879578));
#19955=CARTESIAN_POINT('Control Point',(9437.25935459,-2019.28038799,2221.0411729));
#19956=CARTESIAN_POINT('Control Point',(9437.151568249999,-2020.8762918,2220.60717131));
#19957=CARTESIAN_POINT('Control Point',(9437.11208083,-2021.62201753,2220.23383159));
#19958=CARTESIAN_POINT('Control Point',(9437.08913602,-2022.27518196,2219.72432999));
#19959=CARTESIAN_POINT('Control Point',(9437.08302389,-2022.80843988,2219.11050901));
#19960=CARTESIAN_POINT('Control Point',(9450.26406087,-2016.59857278,2220.4334018));
#19961=CARTESIAN_POINT('Control Point',(9450.17882981,-2017.20746073,2220.96535723));
#19962=CARTESIAN_POINT('Control Point',(9450.09236859,-2017.92137938,2221.37691492));
#19963=CARTESIAN_POINT('Control Point',(9450.009073609999,-2018.7090662,2221.64044201));
#19964=CARTESIAN_POINT('Control Point',(9449.857821559999,-2020.34679688,2221.84296842));
#19965=CARTESIAN_POINT('Control Point',(9449.75051469,-2021.94255948,2221.40928353));
#19966=CARTESIAN_POINT('Control Point',(9449.71119681,-2022.68824774,2221.03613731));
#19967=CARTESIAN_POINT('Control Point',(9449.68834151,-2023.34142212,2220.5268478));
#19968=CARTESIAN_POINT('Control Point',(9449.682238449999,-2023.87474207,2219.9132373));
#19969=CARTESIAN_POINT('Control Point',(9462.860918889999,-2017.65941273,2221.23057882));
#19970=CARTESIAN_POINT('Control Point',(9462.776082959999,-2018.26824675,2221.7624792));
#19971=CARTESIAN_POINT('Control Point',(9462.690022889999,-2018.98208109,2222.17401664));
#19972=CARTESIAN_POINT('Control Point',(9462.60711343,-2019.76966501,2222.43756926));
#19973=CARTESIAN_POINT('Control Point',(9462.456556749999,-2021.40718958,2222.64024409));
#19974=CARTESIAN_POINT('Control Point',(9462.34972986,-2023.00281157,2222.20687425));
#19975=CARTESIAN_POINT('Control Point',(9462.31058191,-2023.74846249,2221.83392058));
#19976=CARTESIAN_POINT('Control Point',(9462.287816669999,-2024.40164672,2221.32484213));
#19977=CARTESIAN_POINT('Control Point',(9462.28172331,-2024.93502834,2220.71144111));
#19978=CARTESIAN_POINT('Control Point',(9475.458376479999,-2018.71427933,2222.02327461));
#19979=CARTESIAN_POINT('Control Point',(9475.373934159999,-2019.32305951,2222.55512011));
#19980=CARTESIAN_POINT('Control Point',(9475.28827368,-2020.03680981,2222.96663729));
#19981=CARTESIAN_POINT('Control Point',(9475.20574824,-2020.82429118,2223.2302152));
#19982=CARTESIAN_POINT('Control Point',(9475.05588432,-2022.46161039,2223.43303751));
#19983=CARTESIAN_POINT('Control Point',(9474.94953575,-2024.05709223,2222.99998102));
#19984=CARTESIAN_POINT('Control Point',(9474.91055723,-2024.8027059,2222.62721889));
#19985=CARTESIAN_POINT('Control Point',(9474.88788188,-2025.45589984,2222.11835043));
#19986=CARTESIAN_POINT('Control Point',(9474.88179842,-2025.98934276,2221.50515789));
#19987=B_SPLINE_CURVE_WITH_KNOTS('',5,(#19988,#19989,#19990,#19991,#19992,#19993),.UNSPECIFIED.,.F.,.U.,(6,6),(0.,10.9336552184),.UNSPECIFIED.);
#19988=CARTESIAN_POINT('Control Point',(9475.419982989999,-2018.71106437,2222.02085868));
#19989=CARTESIAN_POINT('Control Point',(9475.25129939,-2019.92878077,2223.08468377));
#19990=CARTESIAN_POINT('Control Point',(9475.0823368,-2021.56588764,2223.6693381));
#19991=CARTESIAN_POINT('Control Point',(9474.948522089999,-2023.37529027,2223.54143004));
#19992=CARTESIAN_POINT('Control Point',(9474.882129449999,-2024.92155228,2222.730699));
#19993=CARTESIAN_POINT('Control Point',(9474.881798369999,-2025.98934275,2221.50515789));
#19994=CARTESIAN_POINT('Vertex',(9475.41998588,-2018.71104355,2222.02084051));
#19995=VERTEX_POINT('',#19994);
#19996=EDGE_CURVE('',#19995,#17910,#19987,.T.);
#19997=B_SPLINE_CURVE_WITH_KNOTS('',5,(#19998,#19999,#20000,#20001,#20002,#20003),.UNSPECIFIED.,.F.,.U.,(6,6),(61.4095921861,216.347815959),.UNSPECIFIED.);
#19998=CARTESIAN_POINT('Control Point',(9412.475672799999,-2013.37991494,2218.01472538));
#19999=CARTESIAN_POINT('Control Point',(9425.063610989999,-2014.45817353,2218.82498831));
#20000=CARTESIAN_POINT('Control Point',(9437.652116019999,-2015.5304067,2219.63072291));
#20001=CARTESIAN_POINT('Control Point',(9450.24102636,-2016.59662188,2220.43193579));
#20002=CARTESIAN_POINT('Control Point',(9462.83020556,-2017.65682621,2221.22863516));
#20003=CARTESIAN_POINT('Control Point',(9475.419982989999,-2018.71106437,2222.02085868));
#20004=EDGE_CURVE('',#19995,#19872,#19997,.F.);
#20005=EDGE_LOOP('',(#20006,#20007,#20008,#20009));
#20006=ORIENTED_EDGE('',*,*,#19996,.F.);
#20007=ORIENTED_EDGE('',*,*,#20004,.T.);
#20008=ORIENTED_EDGE('',*,*,#19924,.T.);
#20009=ORIENTED_EDGE('',*,*,#17917,.F.);
#20010=FACE_OUTER_BOUND('',#20005,.T.);
#20011=ADVANCED_FACE('PartBody',(#20010),#19932,.F.);
#20012=B_SPLINE_SURFACE_WITH_KNOTS('',5,1,((#20013,#20014),(#20015,#20016),(#20017,#20018),(#20019,#20020),(#20021,#20022),(#20023,#20024),(#20025,#20026),(#20027,#20028),(#20029,#20030),(#20031,#20032),(#20033,#20034),(#20035,#20036),(#20037,#20038),(#20039,#20040),(#20041,#20042)),.UNSPECIFIED.,.F.,.F.,.U.,(6,3,3,3,6),(2,2),(0.,2.88995753085,5.77991506171,8.66987259256,9.63319176951),(-5.71113086315E-006,2.17000001406),.UNSPECIFIED.);
#20013=CARTESIAN_POINT('Control Point',(9475.41998448,-2018.71105021,2222.0208539));
#20014=CARTESIAN_POINT('Control Point',(9475.40344851,-2020.13739303,2220.38555651));
#20015=CARTESIAN_POINT('Control Point',(9475.369382479999,-2019.07634289,2222.339982));
#20016=CARTESIAN_POINT('Control Point',(9475.374113649999,-2020.34936407,2220.57073901));
#20017=CARTESIAN_POINT('Control Point',(9475.31876102,-2019.47946844,2222.61580093));
#20018=CARTESIAN_POINT('Control Point',(9475.344943239999,-2020.58330312,2220.73080155));
#20019=CARTESIAN_POINT('Control Point',(9475.269065029999,-2019.91359485,2222.84236444));
#20020=CARTESIAN_POINT('Control Point',(9475.316485039999,-2020.83524571,2220.86229367));
#20021=CARTESIAN_POINT('Control Point',(9475.173367039999,-2020.82777422,2223.1885463));
#20022=CARTESIAN_POINT('Control Point',(9475.26204845,-2021.36580886,2221.06324197));
#20023=CARTESIAN_POINT('Control Point',(9475.08845216,-2021.79839703,2223.31198833));
#20024=CARTESIAN_POINT('Control Point',(9475.21448893,-2021.92917636,2221.13498002));
#20025=CARTESIAN_POINT('Control Point',(9475.04952766,-2022.28907424,2223.31585948));
#20026=CARTESIAN_POINT('Control Point',(9475.192901189999,-2022.21398561,2221.13728942));
#20027=CARTESIAN_POINT('Control Point',(9474.98020358,-2023.26279432,2223.20772127));
#20028=CARTESIAN_POINT('Control Point',(9475.15491893,-2022.77919478,2221.07468174));
#20029=CARTESIAN_POINT('Control Point',(9474.930157459999,-2024.18581318,2222.87606771));
#20030=CARTESIAN_POINT('Control Point',(9475.12852473,-2023.31501717,2220.88240004));
#20031=CARTESIAN_POINT('Control Point',(9474.9105064,-2024.62585393,2222.65641499));
#20032=CARTESIAN_POINT('Control Point',(9475.11852256,-2023.57047724,2220.7550305));
#20033=CARTESIAN_POINT('Control Point',(9474.891959979999,-2025.17296277,2222.29723636));
#20034=CARTESIAN_POINT('Control Point',(9475.10969702,-2023.88811066,2220.54673202));
#20035=CARTESIAN_POINT('Control Point',(9474.88388548,-2025.65485797,2221.86005119));
#20036=CARTESIAN_POINT('Control Point',(9475.10699063,-2024.16790613,2220.29317134));
#20037=CARTESIAN_POINT('Control Point',(9474.88252684,-2025.77099896,2221.74609525));
#20038=CARTESIAN_POINT('Control Point',(9475.106698649999,-2024.23534093,2220.22707743));
#20039=CARTESIAN_POINT('Control Point',(9474.881830909999,-2025.88256801,2221.62771527));
#20040=CARTESIAN_POINT('Control Point',(9475.106791849999,-2024.30012283,2220.15841641));
#20041=CARTESIAN_POINT('Control Point',(9474.881797779999,-2025.98934702,2221.50516162));
#20042=CARTESIAN_POINT('Control Point',(9475.107269259999,-2024.36212518,2220.08733351));
#20043=B_SPLINE_CURVE_WITH_KNOTS('',1,(#20044,#20045),.UNSPECIFIED.,.F.,.U.,(2,2),(9.53280353064E-009,2.17000000943),.UNSPECIFIED.);
#20044=CARTESIAN_POINT('Control Point',(9475.41998443,-2018.71105397,2222.02084959));
#20045=CARTESIAN_POINT('Control Point',(9475.40344851,-2020.13739303,2220.38555651));
#20046=EDGE_CURVE('',#19995,#19392,#20043,.T.);
#20047=EDGE_LOOP('',(#20048,#20049,#20050,#20051));
#20048=ORIENTED_EDGE('',*,*,#20046,.F.);
#20049=ORIENTED_EDGE('',*,*,#19996,.T.);
#20050=ORIENTED_EDGE('',*,*,#19311,.F.);
#20051=ORIENTED_EDGE('',*,*,#19401,.F.);
#20052=FACE_OUTER_BOUND('',#20047,.T.);
#20053=ADVANCED_FACE('PartBody',(#20052),#20012,.T.);
#20054=B_SPLINE_SURFACE_WITH_KNOTS('',5,1,((#20055,#20056),(#20057,#20058),(#20059,#20060),(#20061,#20062),(#20063,#20064),(#20065,#20066)),.UNSPECIFIED.,.F.,.F.,.U.,(6,6),(2,2),(0.,1.03305700679),(-2.17000000943,9.53231956843E-009),.UNSPECIFIED.);
#20055=CARTESIAN_POINT('Control Point',(9475.40344851,-2020.13739303,2220.38555651));
#20056=CARTESIAN_POINT('Control Point',(9475.41998443,-2018.71105396,2222.0208496));
#20057=CARTESIAN_POINT('Control Point',(9475.424228579999,-2019.98745226,2220.25456471));
#20058=CARTESIAN_POINT('Control Point',(9475.44076438,-2018.56111319,2221.8898578));
#20059=CARTESIAN_POINT('Control Point',(9475.44500865,-2019.83751148,2220.1235729));
#20060=CARTESIAN_POINT('Control Point',(9475.46154432,-2018.41117241,2221.75886599));
#20061=CARTESIAN_POINT('Control Point',(9475.465788719999,-2019.68757068,2219.99258108));
#20062=CARTESIAN_POINT('Control Point',(9475.48232427,-2018.26123161,2221.62787417));
#20063=CARTESIAN_POINT('Control Point',(9475.48656879,-2019.53762987,2219.86158924));
#20064=CARTESIAN_POINT('Control Point',(9475.503104219999,-2018.1112908,2221.49688233));
#20065=CARTESIAN_POINT('Control Point',(9475.50734887,-2019.38768904,2219.73059739));
#20066=CARTESIAN_POINT('Control Point',(9475.523884169999,-2017.96134997,2221.36589049));
#20067=B_SPLINE_CURVE_WITH_KNOTS('',2,(#20068,#20069,#20070),.UNSPECIFIED.,.F.,.U.,(3,3),(1.01377688747E-005,1.46096324504),.UNSPECIFIED.);
#20068=CARTESIAN_POINT('Control Point',(9475.419985869999,-2018.71104355,2222.02084051));
#20069=CARTESIAN_POINT('Control Point',(9475.471935019999,-2018.33619684,2221.69336556));
#20070=CARTESIAN_POINT('Control Point',(9475.523884169999,-2017.96134997,2221.36589048));
#20071=EDGE_CURVE('',#19995,#19556,#20067,.T.);
#20072=EDGE_LOOP('',(#20073,#20074,#20075,#20076));
#20073=ORIENTED_EDGE('',*,*,#19678,.T.);
#20074=ORIENTED_EDGE('',*,*,#19561,.T.);
#20075=ORIENTED_EDGE('',*,*,#20071,.F.);
#20076=ORIENTED_EDGE('',*,*,#20046,.T.);
#20077=FACE_OUTER_BOUND('',#20072,.T.);
#20078=ADVANCED_FACE('PartBody',(#20077),#20054,.T.);
#20079=B_SPLINE_CURVE_WITH_KNOTS('',3,(#20080,#20081,#20082,#20083),.UNSPECIFIED.,.F.,.U.,(4,4),(152.286811361,307.37895932),.UNSPECIFIED.);
#20080=CARTESIAN_POINT('Control Point',(9406.550388939999,-2016.79671744,2221.0562969));
#20081=CARTESIAN_POINT('Control Point',(9429.554950779999,-2018.7694099,2222.53844393));
#20082=CARTESIAN_POINT('Control Point',(9452.56101748,-2020.71789274,2224.00239426));
#20083=CARTESIAN_POINT('Control Point',(9475.568264289999,-2022.64239477,2225.4483533));
#20084=DIRECTION('Vector Direction',(0,0.753613161117909,-0.6573181903689206));
#20085=VECTOR('Extrusion Surface Vector',#20084,1.);
#20086=SURFACE_OF_LINEAR_EXTRUSION('generated tabulated cylinder',#20079,#20085);
#20087=B_SPLINE_CURVE_WITH_KNOTS('',2,(#20088,#20089,#20090),.UNSPECIFIED.,.F.,.U.,(3,3),(0.,2.46193921354),.UNSPECIFIED.);
#20088=CARTESIAN_POINT('Control Point',(9406.550388939999,-1931.69403078,2146.82783742));
#20089=CARTESIAN_POINT('Control Point',(9407.050365569999,-1931.69659845,2146.82489394));
#20090=CARTESIAN_POINT('Control Point',(9407.55034358,-1931.69916521,2146.8219515));
#20091=CARTESIAN_POINT('Vertex',(9406.550388939999,-1931.69403078,2146.82783742));
#20092=VERTEX_POINT('',#20091);
#20093=EDGE_CURVE('',#20092,#19453,#20087,.T.);
#20094=CARTESIAN_POINT('Line Origine',(9406.550388939999,-1967.81186197,2178.33061452));
#20095=DIRECTION('Vector Direction',(0,0.753613161117909,-0.6573181903689206));
#20096=VECTOR('Line Direction',#20095,1.);
#20097=LINE('Line',#20094,#20096);
#20098=EDGE_CURVE('',#19718,#20092,#20097,.T.);
#20099=EDGE_LOOP('',(#20100,#20101,#20102,#20103,#20104,#20105,#20106,#20107,#20108,#20109,#20110,#20111));
#20100=ORIENTED_EDGE('',*,*,#20004,.F.);
#20101=ORIENTED_EDGE('',*,*,#20071,.T.);
#20102=ORIENTED_EDGE('',*,*,#19557,.T.);
#20103=ORIENTED_EDGE('',*,*,#19507,.T.);
#20104=ORIENTED_EDGE('',*,*,#19467,.T.);
#20105=ORIENTED_EDGE('',*,*,#20093,.F.);
#20106=ORIENTED_EDGE('',*,*,#20098,.F.);
#20107=ORIENTED_EDGE('',*,*,#19719,.T.);
#20108=ORIENTED_EDGE('',*,*,#19784,.T.);
#20109=ORIENTED_EDGE('',*,*,#19815,.T.);
#20110=ORIENTED_EDGE('',*,*,#19847,.T.);
#20111=ORIENTED_EDGE('',*,*,#19878,.T.);
#20112=FACE_OUTER_BOUND('',#20099,.T.);
#20113=ADVANCED_FACE('PartBody',(#20112),#20086,.T.);
#20114=B_SPLINE_SURFACE_WITH_KNOTS('',5,1,((#20115,#20116),(#20117,#20118),(#20119,#20120),(#20121,#20122),(#20123,#20124),(#20125,#20126)),.UNSPECIFIED.,.F.,.F.,.U.,(6,6),(2,2),(0.,0.999985138465),(-2.17,2.93103513218E-013),.UNSPECIFIED.);
#20115=CARTESIAN_POINT('Control Point',(9406.53343652,-1933.12036773,2145.19254676));
#20116=CARTESIAN_POINT('Control Point',(9406.550388939999,-1931.69403078,2146.82783742));
#20117=CARTESIAN_POINT('Control Point',(9406.73342866,-1933.1213948,2145.19136936));
#20118=CARTESIAN_POINT('Control Point',(9406.75037987,-1931.69505785,2146.82666003));
#20119=CARTESIAN_POINT('Control Point',(9406.9334208,-1933.12242179,2145.19019207));
#20120=CARTESIAN_POINT('Control Point',(9406.95037079,-1931.69608483,2146.82548274));
#20121=CARTESIAN_POINT('Control Point',(9407.13341294,-1933.12344868,2145.18901487));
#20122=CARTESIAN_POINT('Control Point',(9407.15036172,-1931.69711172,2146.82430555));
#20123=CARTESIAN_POINT('Control Point',(9407.33340508,-1933.12447548,2145.18783779));
#20124=CARTESIAN_POINT('Control Point',(9407.350352649999,-1931.69813851,2146.82312847));
#20125=CARTESIAN_POINT('Control Point',(9407.533397219999,-1933.12550219,2145.18666081));
#20126=CARTESIAN_POINT('Control Point',(9407.55034358,-1931.69916521,2146.8219515));
#20127=B_SPLINE_CURVE_WITH_KNOTS('',1,(#20128,#20129),.UNSPECIFIED.,.F.,.U.,(2,2),(-2.17,2.84432099166E-013),.UNSPECIFIED.);
#20128=CARTESIAN_POINT('Control Point',(9406.53343652,-1933.12036773,2145.19254676));
#20129=CARTESIAN_POINT('Control Point',(9406.550388939999,-1931.69403078,2146.82783742));
#20130=EDGE_CURVE('',#19601,#20092,#20127,.T.);
#20131=EDGE_LOOP('',(#20132,#20133,#20134,#20135));
#20132=ORIENTED_EDGE('',*,*,#20130,.T.);
#20133=ORIENTED_EDGE('',*,*,#20093,.T.);
#20134=ORIENTED_EDGE('',*,*,#19454,.F.);
#20135=ORIENTED_EDGE('',*,*,#19673,.F.);
#20136=FACE_OUTER_BOUND('',#20131,.T.);
#20137=ADVANCED_FACE('PartBody',(#20136),#20114,.F.);
#20138=B_SPLINE_SURFACE_WITH_KNOTS('',5,1,((#20139,#20140),(#20141,#20142),(#20143,#20144),(#20145,#20146),(#20147,#20148),(#20149,#20150),(#20151,#20152),(#20153,#20154),(#20155,#20156),(#20157,#20158),(#20159,#20160),(#20161,#20162),(#20163,#20164),(#20165,#20166),(#20167,#20168)),.UNSPECIFIED.,.F.,.F.,.U.,(6,3,3,3,6),(2,2),(0.,3.46259043875,6.92518087749,10.3877713162,11.5419681292),(-2.17000000001,2.84432099166E-013),.UNSPECIFIED.);
#20139=CARTESIAN_POINT('Control Point',(9406.53343652,-1933.12036773,2145.19254676));
#20140=CARTESIAN_POINT('Control Point',(9406.550388939999,-1931.69403078,2146.82783742));
#20141=CARTESIAN_POINT('Control Point',(9406.24929577,-1933.11909312,2145.19438059));
#20142=CARTESIAN_POINT('Control Point',(9406.06071971,-1931.69170073,2146.83088131));
#20143=CARTESIAN_POINT('Control Point',(9405.96489229,-1933.14016765,2145.17106822));
#20144=CARTESIAN_POINT('Control Point',(9405.570597709999,-1931.72771479,2146.79044082));
#20145=CARTESIAN_POINT('Control Point',(9405.685524839999,-1933.18362061,2145.12256925));
#20146=CARTESIAN_POINT('Control Point',(9405.08915448,-1931.80212585,2146.70644849));
#20147=CARTESIAN_POINT('Control Point',(9405.14754743,-1933.31362126,2144.97705325));
#20148=CARTESIAN_POINT('Control Point',(9404.16204006,-1932.0248957,2146.4545729));
#20149=CARTESIAN_POINT('Control Point',(9404.670008199999,-1933.52345329,2144.74162842));
#20150=CARTESIAN_POINT('Control Point',(9403.33908079,-1932.38466203,2146.04724888));
#20151=CARTESIAN_POINT('Control Point',(9404.45108576,-1933.64674772,2144.60320926));
#20152=CARTESIAN_POINT('Control Point',(9402.96180447,-1932.59608689,2145.80778847));
#20153=CARTESIAN_POINT('Control Point',(9404.06130854,-1933.92537782,2144.2902515));
#20154=CARTESIAN_POINT('Control Point',(9402.29008839,-1933.07393371,2145.26642939));
#20155=CARTESIAN_POINT('Control Point',(9403.780151429999,-1934.25670118,2143.91785213));
#20156=CARTESIAN_POINT('Control Point',(9401.80556096,-1933.64224065,2144.62232912));
#20157=CARTESIAN_POINT('Control Point',(9403.66986163,-1934.4326962,2143.71998308));
#20158=CARTESIAN_POINT('Control Point',(9401.61549487,-1933.9441382,2144.28011323));
#20159=CARTESIAN_POINT('Control Point',(9403.56600622,-1934.67664686,2143.44564339));
#20160=CARTESIAN_POINT('Control Point',(9401.43651738,-1934.36262992,2143.80566279));
#20161=CARTESIAN_POINT('Control Point',(9403.5212137,-1934.92680115,2143.16424048));
#20162=CARTESIAN_POINT('Control Point',(9401.35932494,-1934.7917949,2143.3190247));
#20163=CARTESIAN_POINT('Control Point',(9403.513737899999,-1934.98959847,2143.09359339));
#20164=CARTESIAN_POINT('Control Point',(9401.34644164,-1934.89953196,2143.19685435));
#20165=CARTESIAN_POINT('Control Point',(9403.51,-1935.05252382,2143.02279697));
#20166=CARTESIAN_POINT('Control Point',(9401.34,-1935.00749056,2143.07442745));
#20167=CARTESIAN_POINT('Control Point',(9403.51,-1935.11544655,2142.95199825));
#20168=CARTESIAN_POINT('Control Point',(9401.34,-1935.11544655,2142.95199825));
#20169=B_SPLINE_CURVE_WITH_KNOTS('',1,(#20170,#20171),.UNSPECIFIED.,.F.,.U.,(2,2),(-2.17,-3.44621746542E-013),.UNSPECIFIED.);
#20170=CARTESIAN_POINT('Control Point',(9403.51,-1935.11544655,2142.95199825));
#20171=CARTESIAN_POINT('Control Point',(9401.34,-1935.11544655,2142.95199825));
#20172=CARTESIAN_POINT('Vertex',(9401.34,-1935.11544655,2142.95199825));
#20173=VERTEX_POINT('',#20172);
#20174=EDGE_CURVE('',#19591,#20173,#20169,.T.);
#20175=B_SPLINE_CURVE_WITH_KNOTS('',5,(#20176,#20177,#20178,#20179,#20180,#20181),.UNSPECIFIED.,.F.,.U.,(6,6),(0.,14.1360019446),.UNSPECIFIED.);
#20176=CARTESIAN_POINT('Control Point',(9401.34,-1935.11544655,2142.95199825));
#20177=CARTESIAN_POINT('Control Point',(9401.34,-1934.03588394,2144.17629338));
#20178=CARTESIAN_POINT('Control Point',(9401.982303859999,-1932.9550078,2145.40155156));
#20179=CARTESIAN_POINT('Control Point',(9403.279285459999,-1932.10330409,2146.36637635));
#20180=CARTESIAN_POINT('Control Point',(9404.918154049999,-1931.68626393,2146.83798374));
#20181=CARTESIAN_POINT('Control Point',(9406.550388939999,-1931.69403078,2146.82783742));
#20182=EDGE_CURVE('',#20173,#20092,#20175,.T.);
#20183=EDGE_LOOP('',(#20184,#20185,#20186,#20187));
#20184=ORIENTED_EDGE('',*,*,#20174,.T.);
#20185=ORIENTED_EDGE('',*,*,#20182,.T.);
#20186=ORIENTED_EDGE('',*,*,#20130,.F.);
#20187=ORIENTED_EDGE('',*,*,#19602,.F.);
#20188=FACE_OUTER_BOUND('',#20183,.T.);
#20189=ADVANCED_FACE('PartBody',(#20188),#20138,.T.);
#20190=B_SPLINE_CURVE_WITH_KNOTS('',5,(#20191,#20192,#20193,#20194,#20195,#20196),.UNSPECIFIED.,.F.,.U.,(6,6),(2141.83391616,2159.13572834),.UNSPECIFIED.);
#20191=CARTESIAN_POINT('Control Point',(9401.34,-1935.11544655,2142.95199825));
#20192=CARTESIAN_POINT('Control Point',(9401.34,-1936.43928097,2141.44916869));
#20193=CARTESIAN_POINT('Control Point',(9401.34,-1937.76167492,2139.9450631));
#20194=CARTESIAN_POINT('Control Point',(9401.34,-1939.08262693,2138.4396831));
#20195=CARTESIAN_POINT('Control Point',(9401.34,-1940.40213552,2136.93303032));
#20196=CARTESIAN_POINT('Control Point',(9401.34,-1941.72019923,2135.42510636));
#20197=DIRECTION('Vector Direction',(1,0,0));
#20198=VECTOR('Extrusion Surface Vector',#20197,1.);
#20199=SURFACE_OF_LINEAR_EXTRUSION('generated tabulated cylinder',#20190,#20198);
#20200=CARTESIAN_POINT('Line Origine',(9402.424999999999,-1941.72019923,2135.42510636));
#20201=DIRECTION('Vector Direction',(1,0,0));
#20202=VECTOR('Line Direction',#20201,1.);
#20203=LINE('Line',#20200,#20202);
#20204=CARTESIAN_POINT('Vertex',(9401.34,-1941.72019923,2135.42510636));
#20205=VERTEX_POINT('',#20204);
#20206=CARTESIAN_POINT('Vertex',(9403.51,-1941.72019923,2135.42510636));
#20207=VERTEX_POINT('',#20206);
#20208=EDGE_CURVE('',#20205,#20207,#20203,.T.);
#20209=B_SPLINE_CURVE_WITH_KNOTS('',3,(#20210,#20211,#20212,#20213),.UNSPECIFIED.,.F.,.U.,(4,4),(0.,19.9907369566),.UNSPECIFIED.);
#20210=CARTESIAN_POINT('Control Point',(9401.34,-1941.72019923,2135.42510636));
#20211=CARTESIAN_POINT('Control Point',(9401.34,-1939.52342996,2137.93830886));
#20212=CARTESIAN_POINT('Control Point',(9401.34,-1937.32184002,2140.44727917));
#20213=CARTESIAN_POINT('Control Point',(9401.34,-1935.11544655,2142.95199825));
#20214=EDGE_CURVE('',#20205,#20173,#20209,.T.);
#20215=B_SPLINE_CURVE_WITH_KNOTS('',3,(#20216,#20217,#20218,#20219),.UNSPECIFIED.,.F.,.U.,(4,4),(0.,19.9907369566),.UNSPECIFIED.);
#20216=CARTESIAN_POINT('Control Point',(9403.51,-1941.72019923,2135.42510636));
#20217=CARTESIAN_POINT('Control Point',(9403.51,-1939.52342996,2137.93830886));
#20218=CARTESIAN_POINT('Control Point',(9403.51,-1937.32184002,2140.44727917));
#20219=CARTESIAN_POINT('Control Point',(9403.51,-1935.11544655,2142.95199825));
#20220=EDGE_CURVE('',#20207,#19591,#20215,.T.);
#20221=EDGE_LOOP('',(#20222,#20223,#20224,#20225));
#20222=ORIENTED_EDGE('',*,*,#20208,.F.);
#20223=ORIENTED_EDGE('',*,*,#20214,.T.);
#20224=ORIENTED_EDGE('',*,*,#20174,.F.);
#20225=ORIENTED_EDGE('',*,*,#20220,.F.);
#20226=FACE_OUTER_BOUND('',#20221,.T.);
#20227=ADVANCED_FACE('PartBody',(#20226),#20199,.F.);
#20228=CARTESIAN_POINT('Axis2P3D Location',(9401.34,-1951.50810114,2143.9806295));
#20229=DIRECTION('Axis2P3D Direction',(1,0,0));
#20230=DIRECTION('Axis2P3D XDirection',(0,-0.06756170696312479,0.9977150974863659));
#20231=AXIS2_PLACEMENT_3D('Cylinder Axis2P3D',#20228,#20229,#20230);
#20232=CYLINDRICAL_SURFACE('generated cylinder',#20231,13.);
#20233=CARTESIAN_POINT('Line Origine',(9402.424999999999,-1960.05323762,2134.1836584));
#20234=DIRECTION('Vector Direction',(1,0,0));
#20235=VECTOR('Line Direction',#20234,1.);
#20236=LINE('Line',#20233,#20235);
#20237=CARTESIAN_POINT('Vertex',(9401.34,-1960.05323762,2134.1836584));
#20238=VERTEX_POINT('',#20237);
#20239=CARTESIAN_POINT('Vertex',(9403.51,-1960.05323762,2134.1836584));
#20240=VERTEX_POINT('',#20239);
#20241=EDGE_CURVE('',#20238,#20240,#20236,.T.);
#20242=CARTESIAN_POINT('Axis2P3D Location',(9401.34,-1951.50810114,2143.9806295));
#20243=DIRECTION('Axis2P3D Direction',(1,0,0));
#20244=AXIS2_PLACEMENT_3D('Circle Axis2P3D',#20242,#20243,$);
#20245=CIRCLE('generated circle',#20244,13.);
#20246=EDGE_CURVE('',#20238,#20205,#20245,.T.);
#20247=CARTESIAN_POINT('Axis2P3D Location',(9403.51,-1951.50810114,2143.9806295));
#20248=DIRECTION('Axis2P3D Direction',(1,0,0));
#20249=AXIS2_PLACEMENT_3D('Circle Axis2P3D',#20247,#20248,$);
#20250=CIRCLE('generated circle',#20249,13.);
#20251=EDGE_CURVE('',#20240,#20207,#20250,.T.);
#20252=EDGE_LOOP('',(#20253,#20254,#20255,#20256));
#20253=ORIENTED_EDGE('',*,*,#20241,.F.);
#20254=ORIENTED_EDGE('',*,*,#20246,.T.);
#20255=ORIENTED_EDGE('',*,*,#20208,.T.);
#20256=ORIENTED_EDGE('',*,*,#20251,.F.);
#20257=FACE_OUTER_BOUND('',#20252,.T.);
#20258=ADVANCED_FACE('PartBody',(#20257),#20232,.T.);
#20259=CARTESIAN_POINT('Axis2P3D Location',(9401.34,-1970.68788231,2143.45943245));
#20260=DIRECTION('Axis2P3D Direction',(0,-0.6573181903689206,-0.753613161117909));
#20261=DIRECTION('Axis2P3D XDirection',(1,0,0));
#20262=AXIS2_PLACEMENT_3D('Plane Axis2P3D',#20259,#20260,#20261);
#20263=PLANE('',#20262);
#20264=CARTESIAN_POINT('Line Origine',(9402.424999999999,-1981.322527,2152.73520651));
#20265=DIRECTION('Vector Direction',(1,0,0));
#20266=VECTOR('Line Direction',#20265,1.);
#20267=LINE('Line',#20264,#20266);
#20268=CARTESIAN_POINT('Vertex',(9401.34,-1981.322527,2152.73520651));
#20269=VERTEX_POINT('',#20268);
#20270=CARTESIAN_POINT('Vertex',(9403.51,-1981.322527,2152.73520651));
#20271=VERTEX_POINT('',#20270);
#20272=EDGE_CURVE('',#20269,#20271,#20267,.T.);
#20273=CARTESIAN_POINT('Line Origine',(9401.34,-1970.68788231,2143.45943245));
#20274=DIRECTION('Vector Direction',(0,0.753613161117909,-0.6573181903689206));
#20275=VECTOR('Line Direction',#20274,1.);
#20276=LINE('Line',#20273,#20275);
#20277=EDGE_CURVE('',#20269,#20238,#20276,.T.);
#20278=CARTESIAN_POINT('Line Origine',(9403.51,-1970.68788231,2143.45943245));
#20279=DIRECTION('Vector Direction',(0,0.753613161117909,-0.6573181903689206));
#20280=VECTOR('Line Direction',#20279,1.);
#20281=LINE('Line',#20278,#20280);
#20282=EDGE_CURVE('',#20271,#20240,#20281,.T.);
#20283=EDGE_LOOP('',(#20284,#20285,#20286,#20287));
#20284=ORIENTED_EDGE('',*,*,#20272,.F.);
#20285=ORIENTED_EDGE('',*,*,#20277,.T.);
#20286=ORIENTED_EDGE('',*,*,#20241,.T.);
#20287=ORIENTED_EDGE('',*,*,#20282,.F.);
#20288=FACE_OUTER_BOUND('',#20283,.T.);
#20289=ADVANCED_FACE('PartBody',(#20288),#20263,.T.);
#20290=B_SPLINE_CURVE_WITH_KNOTS('',5,(#20291,#20292,#20293,#20294,#20295,#20296),.UNSPECIFIED.,.F.,.U.,(6,6),(31.5494204752,51.9367468033),.UNSPECIFIED.);
#20291=CARTESIAN_POINT('Control Point',(9403.51,-1982.59603852,2171.05239776));
#20292=CARTESIAN_POINT('Control Point',(9403.51,-1985.26841558,2167.97276729));
#20293=CARTESIAN_POINT('Control Point',(9403.51,-1986.73930657,2163.8455464));
#20294=CARTESIAN_POINT('Control Point',(9403.51,-1986.42323121,2159.29936625));
#20295=CARTESIAN_POINT('Control Point',(9403.51,-1984.39535849,2155.4153986));
#20296=CARTESIAN_POINT('Control Point',(9403.51,-1981.322527,2152.73520651));
#20297=CARTESIAN_POINT('Vertex',(9403.51,-1982.59603852,2171.05239776));
#20298=VERTEX_POINT('',#20297);
#20299=EDGE_CURVE('',#20298,#20271,#20290,.T.);
#20300=B_SPLINE_CURVE_WITH_KNOTS('',3,(#20301,#20302,#20303,#20304),.UNSPECIFIED.,.F.,.U.,(4,4),(0.,20.0819756435),.UNSPECIFIED.);
#20301=CARTESIAN_POINT('Control Point',(9403.51,-1976.00585574,2178.61752422));
#20302=CARTESIAN_POINT('Control Point',(9403.51,-1978.2074251,2176.10002203));
#20303=CARTESIAN_POINT('Control Point',(9403.51,-1980.40415902,2173.57830587));
#20304=CARTESIAN_POINT('Control Point',(9403.51,-1982.59603852,2171.05239776));
#20305=EDGE_CURVE('',#19582,#20298,#20300,.T.);
#20306=EDGE_LOOP('',(#20307,#20308,#20309,#20310,#20311,#20312));
#20307=ORIENTED_EDGE('',*,*,#20299,.T.);
#20308=ORIENTED_EDGE('',*,*,#20282,.T.);
#20309=ORIENTED_EDGE('',*,*,#20251,.T.);
#20310=ORIENTED_EDGE('',*,*,#20220,.T.);
#20311=ORIENTED_EDGE('',*,*,#19592,.F.);
#20312=ORIENTED_EDGE('',*,*,#20305,.T.);
#20313=FACE_OUTER_BOUND('',#20306,.T.);
#20314=ADVANCED_FACE('PartBody',(#20313),#19083,.T.);
#20315=CARTESIAN_POINT('Axis2P3D Location',(9401.34,-1972.77739053,2162.5321776));
#20316=DIRECTION('Axis2P3D Direction',(1,0,0));
#20317=DIRECTION('Axis2P3D XDirection',(0,0.997591830726982,0.06935805120379875));
#20318=AXIS2_PLACEMENT_3D('Cylinder Axis2P3D',#20315,#20316,#20317);
#20319=CYLINDRICAL_SURFACE('generated cylinder',#20318,13.);
#20320=CARTESIAN_POINT('Line Origine',(9402.424999999999,-1982.59603852,2171.05239776));
#20321=DIRECTION('Vector Direction',(1,0,0));
#20322=VECTOR('Line Direction',#20321,1.);
#20323=LINE('Line',#20320,#20322);
#20324=CARTESIAN_POINT('Vertex',(9401.34,-1982.59603852,2171.05239776));
#20325=VERTEX_POINT('',#20324);
#20326=EDGE_CURVE('',#20325,#20298,#20323,.T.);
#20327=CARTESIAN_POINT('Axis2P3D Location',(9401.34,-1972.77739053,2162.5321776));
#20328=DIRECTION('Axis2P3D Direction',(1,0,0));
#20329=AXIS2_PLACEMENT_3D('Circle Axis2P3D',#20327,#20328,$);
#20330=CIRCLE('generated circle',#20329,13.);
#20331=EDGE_CURVE('',#20325,#20269,#20330,.T.);
#20332=EDGE_LOOP('',(#20333,#20334,#20335,#20336));
#20333=ORIENTED_EDGE('',*,*,#20326,.F.);
#20334=ORIENTED_EDGE('',*,*,#20331,.T.);
#20335=ORIENTED_EDGE('',*,*,#20272,.T.);
#20336=ORIENTED_EDGE('',*,*,#20299,.F.);
#20337=FACE_OUTER_BOUND('',#20332,.T.);
#20338=ADVANCED_FACE('PartBody',(#20337),#20319,.T.);
#20339=B_SPLINE_CURVE_WITH_KNOTS('',5,(#20340,#20341,#20342,#20343,#20344,#20345),.UNSPECIFIED.,.F.,.U.,(6,6),(0.,20.0819756435),.UNSPECIFIED.);
#20340=CARTESIAN_POINT('Control Point',(9401.34,-1976.00585574,2178.61752422));
#20341=CARTESIAN_POINT('Control Point',(9401.34,-1977.32679735,2177.10702291));
#20342=CARTESIAN_POINT('Control Point',(9401.34,-1978.64628804,2175.59525775));
#20343=CARTESIAN_POINT('Control Point',(9401.34,-1979.9643271,2174.08222956));
#20344=CARTESIAN_POINT('Control Point',(9401.34,-1981.28091082,2172.56794263));
#20345=CARTESIAN_POINT('Control Point',(9401.34,-1982.59603852,2171.05239776));
#20346=CARTESIAN_POINT('Vertex',(9401.34,-1976.00585574,2178.61752422));
#20347=VERTEX_POINT('',#20346);
#20348=EDGE_CURVE('',#20347,#20325,#20339,.T.);
#20349=CARTESIAN_POINT('Line Origine',(9401.34,-1955.56065115,2160.78476123));
#20350=DIRECTION('Vector Direction',(0,0.753613161117909,-0.6573181903689206));
#20351=VECTOR('Line Direction',#20350,1.);
#20352=LINE('Line',#20349,#20351);
#20353=EDGE_CURVE('',#20347,#20173,#20352,.T.);
#20354=EDGE_LOOP('',(#20355,#20356,#20357,#20358,#20359,#20360));
#20355=ORIENTED_EDGE('',*,*,#20348,.F.);
#20356=ORIENTED_EDGE('',*,*,#20353,.T.);
#20357=ORIENTED_EDGE('',*,*,#20214,.F.);
#20358=ORIENTED_EDGE('',*,*,#20246,.F.);
#20359=ORIENTED_EDGE('',*,*,#20277,.F.);
#20360=ORIENTED_EDGE('',*,*,#20331,.F.);
#20361=FACE_OUTER_BOUND('',#20354,.T.);
#20362=ADVANCED_FACE('PartBody',(#20361),#19034,.F.);
#20363=CARTESIAN_POINT('Axis2P3D Location',(9406.51,-1977.57611303,2179.98713761));
#20364=DIRECTION('Axis2P3D Direction',(-5.637851296919319e-18,0.753613161117909,-0.6573181903689206));
#20365=DIRECTION('Axis2P3D XDirection',(-1,-1.5959455979e-16,-1.74339709336e-16));
#20366=AXIS2_PLACEMENT_3D('Cylinder Axis2P3D',#20363,#20364,#20365);
#20367=CYLINDRICAL_SURFACE('generated cylinder',#20366,5.17);
#20368=B_SPLINE_CURVE_WITH_KNOTS('',5,(#20369,#20370,#20371,#20372,#20373,#20374),.UNSPECIFIED.,.F.,.U.,(6,6),(0.,14.1359057235),.UNSPECIFIED.);
#20369=CARTESIAN_POINT('Control Point',(9401.34,-1976.00585574,2178.61752422));
#20370=CARTESIAN_POINT('Control Point',(9401.34,-1974.93072834,2179.84570125));
#20371=CARTESIAN_POINT('Control Point',(9401.982280549999,-1973.85431955,2181.07484562));
#20372=CARTESIAN_POINT('Control Point',(9403.27935216,-1973.00612433,2182.04277839));
#20373=CARTESIAN_POINT('Control Point',(9404.918165159999,-1972.59085799,2182.51588195));
#20374=CARTESIAN_POINT('Control Point',(9406.550388939999,-1972.59862724,2182.50573784));
#20375=EDGE_CURVE('',#20347,#19718,#20368,.T.);
#20376=EDGE_LOOP('',(#20377,#20378,#20379,#20380));
#20377=ORIENTED_EDGE('',*,*,#20098,.T.);
#20378=ORIENTED_EDGE('',*,*,#20182,.F.);
#20379=ORIENTED_EDGE('',*,*,#20353,.F.);
#20380=ORIENTED_EDGE('',*,*,#20375,.T.);
#20381=FACE_OUTER_BOUND('',#20376,.T.);
#20382=ADVANCED_FACE('PartBody',(#20381),#20367,.T.);
#20383=B_SPLINE_SURFACE_WITH_KNOTS('',5,1,((#20384,#20385),(#20386,#20387),(#20388,#20389),(#20390,#20391),(#20392,#20393),(#20394,#20395),(#20396,#20397),(#20398,#20399),(#20400,#20401),(#20402,#20403),(#20404,#20405),(#20406,#20407),(#20408,#20409),(#20410,#20411),(#20412,#20413)),.UNSPECIFIED.,.F.,.F.,.U.,(6,3,3,3,6),(2,2),(0.,3.46256582446,6.92513164891,10.3876974734,11.5418860815),(-2.17,1.74305014866E-014),.UNSPECIFIED.);
#20384=CARTESIAN_POINT('Control Point',(9406.53343652,-1974.02496418,2180.87044719));
#20385=CARTESIAN_POINT('Control Point',(9406.550388939999,-1972.59862724,2182.50573784));
#20386=CARTESIAN_POINT('Control Point',(9406.24929779,-1974.02368884,2180.87228036));
#20387=CARTESIAN_POINT('Control Point',(9406.060723189999,-1972.59629647,2182.50878107));
#20388=CARTESIAN_POINT('Control Point',(9405.964896269999,-1974.04460456,2180.84883008));
#20389=CARTESIAN_POINT('Control Point',(9405.570604569999,-1972.63215149,2182.46820292));
#20390=CARTESIAN_POINT('Control Point',(9405.68553047,-1974.0877406,2180.8000559));
#20391=CARTESIAN_POINT('Control Point',(9405.08916417,-1972.7062452,2182.38393588));
#20392=CARTESIAN_POINT('Control Point',(9405.147555289999,-1974.21680359,2180.65372513));
#20393=CARTESIAN_POINT('Control Point',(9404.162053619999,-1972.92807628,2182.13124678));
#20394=CARTESIAN_POINT('Control Point',(9404.670016149999,-1974.42513647,2180.4169958));
#20395=CARTESIAN_POINT('Control Point',(9403.33909449,-1973.28634236,2181.72261953));
#20396=CARTESIAN_POINT('Control Point',(9404.45109319,-1974.54755242,2180.27781165));
#20397=CARTESIAN_POINT('Control Point',(9402.961817269999,-1973.49688829,2181.48239465));
#20398=CARTESIAN_POINT('Control Point',(9404.061314119999,-1974.82420164,2179.96312738));
#20399=CARTESIAN_POINT('Control Point',(9402.29009801,-1973.97275377,2180.93930958));
#20400=CARTESIAN_POINT('Control Point',(9403.780154489999,-1975.15317716,2179.58867881));
#20401=CARTESIAN_POINT('Control Point',(9401.80556624,-1974.53871337,2180.29315955));
#20402=CARTESIAN_POINT('Control Point',(9403.669863499999,-1975.3279267,2179.38972204));
#20403=CARTESIAN_POINT('Control Point',(9401.615498089999,-1974.83936594,2179.94985537));
#20404=CARTESIAN_POINT('Control Point',(9403.56600689,-1975.57015297,2179.11387574));
#20405=CARTESIAN_POINT('Control Point',(9401.436518529999,-1975.25613417,2179.47389727));
#20406=CARTESIAN_POINT('Control Point',(9403.521213829999,-1975.81854129,2178.83092958));
#20407=CARTESIAN_POINT('Control Point',(9401.35932517,-1975.68353425,2178.98571472));
#20408=CARTESIAN_POINT('Control Point',(9403.51373794,-1975.88089543,2178.75989518));
#20409=CARTESIAN_POINT('Control Point',(9401.346441719999,-1975.79082838,2178.86315676));
#20410=CARTESIAN_POINT('Control Point',(9403.51,-1975.94337682,2178.68871078));
#20411=CARTESIAN_POINT('Control Point',(9401.34,-1975.8983433,2178.74034157));
#20412=CARTESIAN_POINT('Control Point',(9403.51,-1976.00585574,2178.61752422));
#20413=CARTESIAN_POINT('Control Point',(9401.34,-1976.00585574,2178.61752422));
#20414=B_SPLINE_CURVE_WITH_KNOTS('',1,(#20415,#20416),.UNSPECIFIED.,.F.,.U.,(2,2),(-2.17,1.74305014866E-014),.UNSPECIFIED.);
#20415=CARTESIAN_POINT('Control Point',(9403.51,-1976.00585574,2178.61752422));
#20416=CARTESIAN_POINT('Control Point',(9401.34,-1976.00585574,2178.61752422));
#20417=EDGE_CURVE('',#20347,#19582,#20414,.F.);
#20418=EDGE_LOOP('',(#20419,#20420,#20421,#20422));
#20419=ORIENTED_EDGE('',*,*,#19585,.T.);
#20420=ORIENTED_EDGE('',*,*,#19723,.T.);
#20421=ORIENTED_EDGE('',*,*,#20375,.F.);
#20422=ORIENTED_EDGE('',*,*,#20417,.T.);
#20423=FACE_OUTER_BOUND('',#20418,.T.);
#20424=ADVANCED_FACE('PartBody',(#20423),#20383,.F.);
#20425=B_SPLINE_CURVE_WITH_KNOTS('',5,(#20426,#20427,#20428,#20429,#20430,#20431),.UNSPECIFIED.,.F.,.U.,(6,6),(991.298133799,1008.69422814),.UNSPECIFIED.);
#20426=CARTESIAN_POINT('Control Point',(9401.34,-1976.00585574,2178.61752422));
#20427=CARTESIAN_POINT('Control Point',(9401.34,-1977.32679927,2177.10702072));
#20428=CARTESIAN_POINT('Control Point',(9401.34,-1978.64629104,2175.59525432));
#20429=CARTESIAN_POINT('Control Point',(9401.34,-1979.96432932,2174.08222702));
#20430=CARTESIAN_POINT('Control Point',(9401.34,-1981.28091239,2172.56794082));
#20431=CARTESIAN_POINT('Control Point',(9401.34,-1982.59603852,2171.05239776));
#20432=DIRECTION('Vector Direction',(1,0,0));
#20433=VECTOR('Extrusion Surface Vector',#20432,1.);
#20434=SURFACE_OF_LINEAR_EXTRUSION('generated tabulated cylinder',#20425,#20433);
#20435=EDGE_LOOP('',(#20436,#20437,#20438,#20439));
#20436=ORIENTED_EDGE('',*,*,#20417,.F.);
#20437=ORIENTED_EDGE('',*,*,#20348,.T.);
#20438=ORIENTED_EDGE('',*,*,#20326,.T.);
#20439=ORIENTED_EDGE('',*,*,#20305,.F.);
#20440=FACE_OUTER_BOUND('',#20435,.T.);
#20441=ADVANCED_FACE('PartBody',(#20440),#20434,.T.);
#20442=ADVANCED_BREP_SHAPE_REPRESENTATION('NONE',(#17612),#16706);

#20443=APPLICATION_CONTEXT('automotive_design');
#20444=APPLICATION_PROTOCOL_DEFINITION('international standard','automotive_design',2010,#20443);
#20445=PRODUCT_CONTEXT('',#20443,'mechanical');
#20446=PRODUCT_DEFINITION_CONTEXT('part definition',#20443,'design');
#20447=PRODUCT('part_012_V5311446620200','part_012_V5311446620200','',(#20445));
#20448=PRODUCT_DEFINITION_FORMATION('','',#20447);
#20449=PRODUCT_DEFINITION('design','',#20448,#20446);
#20450=PRODUCT_DEFINITION_SHAPE('','',#20449);
#20451=SHAPE_DEFINITION_REPRESENTATION(#20450,#20442);
ENDSEC;
END-ISO-10303-21;
