ISO-10303-21;
HEADER;
FILE_DESCRIPTION(('CATIA V5 STEP Exchange','CAx-IF Rec.Pracs.--- Model Styling and Organization---1.4--- 2014-01-23'),'2;1');

FILE_NAME('C:\\Users\\SA516207\\WORK\\01_ASSY\\3_Catia\\ECHELLE\\ECHELLE.stp','2026-09-22T12:18:05+00:00',('none'),('none'),'CATIA Version 5-6 Release 2017 SP2 HF26','CATIA V5 STEP AP203 WITH EXTENSIONS','none');

FILE_SCHEMA(('CONFIG_CONTROL_DESIGN','SHAPE_APPEARANCE_LAYER_MIM'));

ENDSEC;
DATA;
#46=(LENGTH_UNIT()NAMED_UNIT(*)SI_UNIT(.MILLI.,.METRE.));
#47=(NAMED_UNIT(*)PLANE_ANGLE_UNIT()SI_UNIT($,.RADIAN.));
#48=(NAMED_UNIT(*)SI_UNIT($,.STERADIAN.)SOLID_ANGLE_UNIT());
#166034=UNCERTAINTY_MEASURE_WITH_UNIT(LENGTH_MEASURE(0.005),#46,'distance_accuracy_value','CONFUSED CURVE UNCERTAINTY');
#166035=(GEOMETRIC_REPRESENTATION_CONTEXT(3)GLOBAL_UNCERTAINTY_ASSIGNED_CONTEXT((#166034))GLOBAL_UNIT_ASSIGNED_CONTEXT((#46,#47,#48))REPRESENTATION_CONTEXT(' ',' '));
#167509=MANIFOLD_SOLID_BREP('PartBody',#167511);
#167511=CLOSED_SHELL('Closed Shell',(#167595,#167799,#167882,#167913,#167937,#167961,#167985,#168009,#168062,#168142,#168222,#168305,#168358,#168438,#168539,#168570,#168594,#168618,#168642,#168666,#168722,#168746,#168795,#168885,#169033,#169123,#169198,#169272,#169368,#169433,#169546,#169631,#169724,#169762,#169774,#169813,#169830,#169847,#169930,#169983,#170063,#170143,#170226,#170279,#170349,#170433,#170514,#170526,#170574,#170648,#170741,#170803,#170870,#170904,#170941,#170966,#171014,#171044,#171074,#171104,#171193,#171224,#171308,#171345,#171380,#171421,#171490,#171559,#171590,#171625));
#167512=B_SPLINE_SURFACE_WITH_KNOTS('',5,5,((#167513,#167514,#167515,#167516,#167517,#167518),(#167519,#167520,#167521,#167522,#167523,#167524),(#167525,#167526,#167527,#167528,#167529,#167530),(#167531,#167532,#167533,#167534,#167535,#167536),(#167537,#167538,#167539,#167540,#167541,#167542),(#167543,#167544,#167545,#167546,#167547,#167548)),.UNSPECIFIED.,.F.,.F.,.U.,(6,6),(6,6),(174.20307238,275.237064912),(0.,10.),.UNSPECIFIED.);
#167513=CARTESIAN_POINT('Control Point',(9400.134919189999,-2740.68965531,553.25643255));
#167514=CARTESIAN_POINT('Control Point',(9399.756425689999,-2742.62222093,553.754110495));
#167515=CARTESIAN_POINT('Control Point',(9399.55189809,-2744.3756721,554.944182317));
#167516=CARTESIAN_POINT('Control Point',(9399.46216236,-2745.60797467,556.7581751820001));
#167517=CARTESIAN_POINT('Control Point',(9399.47649843,-2746.07520006,558.835288156));
#167518=CARTESIAN_POINT('Control Point',(9399.547756779999,-2745.83520893,560.824396565));
#167519=CARTESIAN_POINT('Control Point',(9385.97153753,-2738.80789646,553.435936523));
#167520=CARTESIAN_POINT('Control Point',(9385.920077589999,-2740.72742578,553.914899199));
#167521=CARTESIAN_POINT('Control Point',(9385.672111529999,-2742.48454111,555.110819072));
#167522=CARTESIAN_POINT('Control Point',(9385.459102019999,-2743.7261825,556.932019227));
#167523=CARTESIAN_POINT('Control Point',(9385.332632899999,-2744.19874994,559.017997416));
#167524=CARTESIAN_POINT('Control Point',(9385.37858033,-2743.95284621,561.0061202970001));
#167525=CARTESIAN_POINT('Control Point',(9371.804771659999,-2736.91718814,553.612986349));
#167526=CARTESIAN_POINT('Control Point',(9371.35427471,-2738.85248875,554.1153006550001));
#167527=CARTESIAN_POINT('Control Point',(9371.167727049999,-2740.60709363,555.302417088));
#167528=CARTESIAN_POINT('Control Point',(9371.086519779999,-2741.83540188,557.119124148));
#167529=CARTESIAN_POINT('Control Point',(9371.14948314,-2742.29931316,559.19425616));
#167530=CARTESIAN_POINT('Control Point',(9371.212317089999,-2742.06105956,561.185109397));
#167531=CARTESIAN_POINT('Control Point',(9357.643998129999,-2735.01618519,553.787657442));
#167532=CARTESIAN_POINT('Control Point',(9357.504590589999,-2736.94000184,554.271584134));
#167533=CARTESIAN_POINT('Control Point',(9357.261029039999,-2738.69578337,555.4681531));
#167534=CARTESIAN_POINT('Control Point',(9357.087044979999,-2739.93541635,557.287461819));
#167535=CARTESIAN_POINT('Control Point',(9356.98712444,-2740.40638582,559.373163215));
#167536=CARTESIAN_POINT('Control Point',(9357.043384499999,-2740.15964847,561.362110115));
#167537=CARTESIAN_POINT('Control Point',(9343.479756229999,-2733.10617256,553.959976534));
#167538=CARTESIAN_POINT('Control Point',(9343.195101359999,-2735.03545275,554.452709875));
#167539=CARTESIAN_POINT('Control Point',(9342.97958807,-2736.79143295,555.644607632));
#167540=CARTESIAN_POINT('Control Point',(9342.84089682,-2738.02552707,557.464700304));
#167541=CARTESIAN_POINT('Control Point',(9342.82133683,-2738.4918349,559.545947156));
#167542=CARTESIAN_POINT('Control Point',(9342.87797978,-2738.24863835,561.536439779));
#167543=CARTESIAN_POINT('Control Point',(9329.31823624,-2731.18651276,554.129824075));
#167544=CARTESIAN_POINT('Control Point',(9329.062870219999,-2733.11501515,554.620770754));
#167545=CARTESIAN_POINT('Control Point',(9328.83856217,-2734.87108953,555.814500443));
#167546=CARTESIAN_POINT('Control Point',(9328.693817489999,-2736.10611495,557.634825805));
#167547=CARTESIAN_POINT('Control Point',(9328.654920839999,-2736.57325775,559.717938692));
#167548=CARTESIAN_POINT('Control Point',(9328.712138109999,-2736.32829574,561.708433302));
#167549=B_SPLINE_CURVE_WITH_KNOTS('',5,(#167550,#167551,#167552,#167553,#167554,#167555),.UNSPECIFIED.,.F.,.U.,(6,6),(230.677409997,275.237064912),.UNSPECIFIED.);
#167550=CARTESIAN_POINT('Control Point',(9360.549325099999,-2735.4012049,553.750548474));
#167551=CARTESIAN_POINT('Control Point',(9354.30285654,-2734.56195815,553.827339369));
#167552=CARTESIAN_POINT('Control Point',(9348.05652527,-2733.72085673,553.903665308));
#167553=CARTESIAN_POINT('Control Point',(9341.810253509999,-2732.87791545,553.9795254750001));
#167554=CARTESIAN_POINT('Control Point',(9335.56398015,-2732.03315236,554.054915149));
#167555=CARTESIAN_POINT('Control Point',(9329.31823624,-2731.18651276,554.129824075));
#167556=CARTESIAN_POINT('Vertex',(9360.549325099999,-2735.4012049,553.750548474));
#167557=VERTEX_POINT('',#167556);
#167558=CARTESIAN_POINT('Vertex',(9329.31823624,-2731.18651276,554.129824075));
#167559=VERTEX_POINT('',#167558);
#167560=EDGE_CURVE('',#167557,#167559,#167549,.T.);
#167561=B_SPLINE_CURVE_WITH_KNOTS('',5,(#167562,#167563,#167564,#167565,#167566,#167567),.UNSPECIFIED.,.F.,.U.,(6,6),(0.,10.),.UNSPECIFIED.);
#167562=CARTESIAN_POINT('Control Point',(9329.31823624,-2731.18651276,554.129824075));
#167563=CARTESIAN_POINT('Control Point',(9329.062870219999,-2733.11501515,554.620770754));
#167564=CARTESIAN_POINT('Control Point',(9328.83856217,-2734.87108953,555.814500443));
#167565=CARTESIAN_POINT('Control Point',(9328.693817489999,-2736.10611495,557.634825805));
#167566=CARTESIAN_POINT('Control Point',(9328.654920839999,-2736.57325775,559.717938692));
#167567=CARTESIAN_POINT('Control Point',(9328.712138109999,-2736.32829574,561.708433302));
#167568=CARTESIAN_POINT('Vertex',(9328.71215347,-2736.32829782,561.708433115));
#167569=VERTEX_POINT('',#167568);
#167570=EDGE_CURVE('',#167559,#167569,#167561,.T.);
#167571=B_SPLINE_CURVE_WITH_KNOTS('',5,(#167572,#167573,#167574,#167575,#167576,#167577),.UNSPECIFIED.,.F.,.U.,(6,6),(230.67555576,275.237042996),.UNSPECIFIED.);
#167572=CARTESIAN_POINT('Control Point',(9359.952682879999,-2740.5448379,561.32446049));
#167573=CARTESIAN_POINT('Control Point',(9353.704246969999,-2739.70522507,561.402195994));
#167574=CARTESIAN_POINT('Control Point',(9347.455959159999,-2738.86375531,561.479465535));
#167575=CARTESIAN_POINT('Control Point',(9341.20788215,-2738.0204335,561.556261665));
#167576=CARTESIAN_POINT('Control Point',(9334.960060309999,-2737.17527338,561.632574614));
#167577=CARTESIAN_POINT('Control Point',(9328.71215347,-2736.32829782,561.708433115));
#167578=CARTESIAN_POINT('Vertex',(9359.952682879999,-2740.5448379,561.32446049));
#167579=VERTEX_POINT('',#167578);
#167580=EDGE_CURVE('',#167579,#167569,#167571,.T.);
#167581=B_SPLINE_CURVE_WITH_KNOTS('',5,(#167582,#167583,#167584,#167585,#167586,#167587),.UNSPECIFIED.,.F.,.U.,(6,6),(0.,14.1621630481),.UNSPECIFIED.);
#167582=CARTESIAN_POINT('Control Point',(9359.952682879999,-2740.5448379,561.32446049));
#167583=CARTESIAN_POINT('Control Point',(9359.89546804,-2740.78826881,559.3345597810001));
#167584=CARTESIAN_POINT('Control Point',(9359.932535579999,-2740.32057325,557.25334705));
#167585=CARTESIAN_POINT('Control Point',(9360.075876499999,-2739.08482425,555.433622112));
#167586=CARTESIAN_POINT('Control Point',(9360.296672159999,-2737.32947888,554.2413397719999));
#167587=CARTESIAN_POINT('Control Point',(9360.549325099999,-2735.4012049,553.750548474));
#167588=EDGE_CURVE('',#167579,#167557,#167581,.T.);
#167589=EDGE_LOOP('',(#167590,#167591,#167592,#167593));
#167590=ORIENTED_EDGE('',*,*,#167560,.T.);
#167591=ORIENTED_EDGE('',*,*,#167570,.T.);
#167592=ORIENTED_EDGE('',*,*,#167580,.F.);
#167593=ORIENTED_EDGE('',*,*,#167588,.T.);
#167594=FACE_OUTER_BOUND('',#167589,.T.);
#167595=ADVANCED_FACE('PartBody',(#167594),#167512,.T.);
#167596=CARTESIAN_POINT('Axis2P3D Location',(17803.9736351,96834.8754952,-24556.7951941));
#167597=DIRECTION('Axis2P3D Direction',(-0.04426635360090554,-0.2407623685610301,-0.9695741187881215));
#167598=DIRECTION('Axis2P3D XDirection',(-0.9835147105151214,0.1808281344270223,1.366906433160169e-13));
#167599=AXIS2_PLACEMENT_3D('Plane Axis2P3D',#167596,#167597,#167598);
#167600=PLANE('',#167599);
#167601=B_SPLINE_CURVE_WITH_KNOTS('',1,(#167602,#167603),.UNSPECIFIED.,.F.,.U.,(2,2),(6.17373544268,7.17373544262),.UNSPECIFIED.);
#167602=CARTESIAN_POINT('Control Point',(9380.20103412,-2687.41393894,540.937257614));
#167603=CARTESIAN_POINT('Control Point',(9379.90749372,-2688.33848904,541.180241446));
#167604=CARTESIAN_POINT('Vertex',(9380.20103412,-2687.41393894,540.937257614));
#167605=VERTEX_POINT('',#167604);
#167606=CARTESIAN_POINT('Vertex',(9379.90749372,-2688.33848904,541.180241446));
#167607=VERTEX_POINT('',#167606);
#167608=EDGE_CURVE('',#167605,#167607,#167601,.T.);
#167609=B_SPLINE_CURVE_WITH_KNOTS('',1,(#167610,#167611),.UNSPECIFIED.,.F.,.U.,(2,2),(-277.972088326,285.181274253),.UNSPECIFIED.);
#167610=CARTESIAN_POINT('Control Point',(9380.20103412,-2687.41393894,540.937257614));
#167611=CARTESIAN_POINT('Control Point',(8842.43394119,-2521.07804517,524.185123706));
#167612=CARTESIAN_POINT('Vertex',(8842.43394119,-2521.07804517,524.185123706));
#167613=VERTEX_POINT('',#167612);
#167614=EDGE_CURVE('',#167605,#167613,#167609,.T.);
#167615=B_SPLINE_CURVE_WITH_KNOTS('',1,(#167616,#167617),.UNSPECIFIED.,.F.,.U.,(2,2),(-3.09653432525,5.90346567486),.UNSPECIFIED.);
#167616=CARTESIAN_POINT('Control Point',(8842.43394119,-2521.07804517,524.185123706));
#167617=CARTESIAN_POINT('Control Point',(8839.79207763,-2529.39899609,526.371978201));
#167618=CARTESIAN_POINT('Vertex',(8839.79207763,-2529.39899609,526.371978201));
#167619=VERTEX_POINT('',#167618);
#167620=EDGE_CURVE('',#167613,#167619,#167615,.T.);
#167621=B_SPLINE_CURVE_WITH_KNOTS('',3,(#167622,#167623,#167624,#167625),.UNSPECIFIED.,.F.,.U.,(4,4),(7.27595761418E-011,2.37544496389),.UNSPECIFIED.);
#167622=CARTESIAN_POINT('Control Point',(8839.234504459999,-2531.63246846,526.952045077));
#167623=CARTESIAN_POINT('Control Point',(8839.37333043,-2530.87740129,526.758210404));
#167624=CARTESIAN_POINT('Control Point',(8839.55964795,-2530.13106872,526.564376442));
#167625=CARTESIAN_POINT('Control Point',(8839.79207763,-2529.39899609,526.371978202));
#167626=CARTESIAN_POINT('Vertex',(8839.234504459999,-2531.63246846,526.952045077));
#167627=VERTEX_POINT('',#167626);
#167628=EDGE_CURVE('',#167627,#167619,#167621,.T.);
#167629=CARTESIAN_POINT('Line Origine',(8829.056681799999,-2586.98911047,541.162749628));
#167630=DIRECTION('Vector Direction',(0.1753262790889713,0.953590408762844,-0.24479793335796));
#167631=VECTOR('Line Direction',#167630,1.);
#167632=LINE('Line',#167629,#167631);
#167633=CARTESIAN_POINT('Vertex',(8821.97368415,-2625.51316211,551.0523291969999));
#167634=VERTEX_POINT('',#167633);
#167635=EDGE_CURVE('',#167634,#167627,#167632,.T.);
#167636=B_SPLINE_CURVE_WITH_KNOTS('',5,(#167637,#167638,#167639,#167640,#167641,#167642),.UNSPECIFIED.,.F.,.U.,(6,6),(91.3146774978,122.52211349),.UNSPECIFIED.);
#167637=CARTESIAN_POINT('Control Point',(8838.302169029999,-2647.73049235,555.823799967));
#167638=CARTESIAN_POINT('Control Point',(8832.13389078,-2646.77840878,555.868996398));
#167639=CARTESIAN_POINT('Control Point',(8826.323065339999,-2643.43905815,555.3050726070001));
#167640=CARTESIAN_POINT('Control Point',(8822.232451329999,-2637.8731699,554.109723174));
#167641=CARTESIAN_POINT('Control Point',(8820.87938742,-2631.46498444,552.580232364));
#167642=CARTESIAN_POINT('Control Point',(8821.97368415,-2625.51316211,551.0523291969999));
#167643=CARTESIAN_POINT('Vertex',(8838.302169029999,-2647.73049235,555.823799967));
#167644=VERTEX_POINT('',#167643);
#167645=EDGE_CURVE('',#167644,#167634,#167636,.T.);
#167646=B_SPLINE_CURVE_WITH_KNOTS('',1,(#167647,#167648),.UNSPECIFIED.,.F.,.U.,(2,2),(-17.376952753,17.376952753),.UNSPECIFIED.);
#167647=CARTESIAN_POINT('Control Point',(8872.64843182,-2653.03189273,555.572136792));
#167648=CARTESIAN_POINT('Control Point',(8838.302169029999,-2647.73049235,555.823799967));
#167649=CARTESIAN_POINT('Vertex',(8872.64843182,-2653.03189273,555.572136792));
#167650=VERTEX_POINT('',#167649);
#167651=EDGE_CURVE('',#167650,#167644,#167646,.T.);
#167652=B_SPLINE_CURVE_WITH_KNOTS('',5,(#167653,#167654,#167655,#167656,#167657,#167658),.UNSPECIFIED.,.F.,.U.,(6,6),(10.7884792445,21.771797163),.UNSPECIFIED.);
#167653=CARTESIAN_POINT('Control Point',(8872.64843182,-2653.03189273,555.572136792));
#167654=CARTESIAN_POINT('Control Point',(8874.81932984,-2653.3669743,555.55623011));
#167655=CARTESIAN_POINT('Control Point',(8876.866663269999,-2654.52592461,555.750545979));
#167656=CARTESIAN_POINT('Control Point',(8878.33047909,-2656.45374482,556.162426578));
#167657=CARTESIAN_POINT('Control Point',(8878.862266279999,-2658.69145189,556.693809755));
#167658=CARTESIAN_POINT('Control Point',(8878.54501113,-2660.79758603,557.231284468));
#167659=CARTESIAN_POINT('Vertex',(8878.54501113,-2660.79758603,557.231284468));
#167660=VERTEX_POINT('',#167659);
#167661=EDGE_CURVE('',#167650,#167660,#167652,.T.);
#167662=B_SPLINE_CURVE_WITH_KNOTS('',1,(#167663,#167664),.UNSPECIFIED.,.F.,.U.,(2,2),(-0.776832439679,3.25148074868),.UNSPECIFIED.);
#167663=CARTESIAN_POINT('Control Point',(8877.96321831,-2664.65988337,558.216923095));
#167664=CARTESIAN_POINT('Control Point',(8878.54501113,-2660.79758603,557.231284468));
#167665=CARTESIAN_POINT('Vertex',(8877.963218409999,-2664.65988274,558.216923462));
#167666=VERTEX_POINT('',#167665);
#167667=EDGE_CURVE('',#167666,#167660,#167662,.T.);
#167668=B_SPLINE_CURVE_WITH_KNOTS('',3,(#167669,#167670,#167671,#167672),.UNSPECIFIED.,.F.,.U.,(4,4),(754.623864845,920.539889689),.UNSPECIFIED.);
#167669=CARTESIAN_POINT('Control Point',(8993.939852829999,-2682.12384364,557.258565961));
#167670=CARTESIAN_POINT('Control Point',(8955.266154819999,-2676.38598397,557.599419642));
#167671=CARTESIAN_POINT('Control Point',(8916.60889417,-2670.56488794,557.918853809));
#167672=CARTESIAN_POINT('Control Point',(8877.96321831,-2664.65988337,558.216923095));
#167673=CARTESIAN_POINT('Vertex',(8993.93985198,-2682.12385006,557.2585675940001));
#167674=VERTEX_POINT('',#167673);
#167675=EDGE_CURVE('',#167674,#167666,#167668,.T.);
#167676=B_SPLINE_CURVE_WITH_KNOTS('',3,(#167677,#167678,#167679,#167680),.UNSPECIFIED.,.F.,.U.,(4,4),(300.432358029,400.576766004),.UNSPECIFIED.);
#167677=CARTESIAN_POINT('Control Point',(8993.93985198,-2682.12385006,557.2585675940001));
#167678=CARTESIAN_POINT('Control Point',(8995.713624209999,-2682.38701733,557.2429342840001));
#167679=CARTESIAN_POINT('Control Point',(8997.481181809999,-2682.69253836,557.238101891));
#167680=CARTESIAN_POINT('Control Point',(8999.240416949999,-2683.0400498,557.244076424));
#167681=CARTESIAN_POINT('Vertex',(8999.24041697,-2683.04004976,557.244076412));
#167682=VERTEX_POINT('',#167681);
#167683=EDGE_CURVE('',#167674,#167682,#167676,.T.);
#167684=B_SPLINE_CURVE_WITH_KNOTS('',2,(#167685,#167686,#167687),.UNSPECIFIED.,.F.,.U.,(3,3),(464.749294054,530.619105349),.UNSPECIFIED.);
#167685=CARTESIAN_POINT('Control Point',(8999.24041697,-2683.04004976,557.244076412));
#167686=CARTESIAN_POINT('Control Point',(9022.087321989999,-2687.55312523,557.3216667299999));
#167687=CARTESIAN_POINT('Control Point',(9044.934227809999,-2692.06619694,557.399256077));
#167688=CARTESIAN_POINT('Vertex',(9044.93422775,-2692.06619691,557.3992560729999));
#167689=VERTEX_POINT('',#167688);
#167690=EDGE_CURVE('',#167682,#167689,#167684,.T.);
#167691=B_SPLINE_CURVE_WITH_KNOTS('',3,(#167692,#167693,#167694,#167695),.UNSPECIFIED.,.F.,.U.,(4,4),(300.315584431,400.420952273),.UNSPECIFIED.);
#167692=CARTESIAN_POINT('Control Point',(9049.46040077,-2692.84369377,557.385677749));
#167693=CARTESIAN_POINT('Control Point',(9047.945572549999,-2692.62216682,557.39982888));
#167694=CARTESIAN_POINT('Control Point',(9046.436194849999,-2692.36288856,557.404356847));
#167695=CARTESIAN_POINT('Control Point',(9044.93422775,-2692.06619691,557.3992560729999));
#167696=CARTESIAN_POINT('Vertex',(9049.460400849999,-2692.84369368,557.3856777250001));
#167697=VERTEX_POINT('',#167696);
#167698=EDGE_CURVE('',#167697,#167689,#167691,.T.);
#167699=B_SPLINE_CURVE_WITH_KNOTS('',4,(#167700,#167701,#167702,#167703,#167704),.UNSPECIFIED.,.F.,.U.,(5,5),(319.826004591,674.610505384),.UNSPECIFIED.);
#167700=CARTESIAN_POINT('Control Point',(9297.868063459999,-2727.9928348,554.772663502));
#167701=CARTESIAN_POINT('Control Point',(9235.71262194,-2719.49290233,555.49971558));
#167702=CARTESIAN_POINT('Control Point',(9173.57997972,-2710.79891694,556.177539981));
#167703=CARTESIAN_POINT('Control Point',(9111.502461009999,-2701.91666231,556.806097118));
#167704=CARTESIAN_POINT('Control Point',(9049.460400849999,-2692.84369368,557.3856777250001));
#167705=CARTESIAN_POINT('Vertex',(9297.86806504,-2727.99282304,554.77266051));
#167706=VERTEX_POINT('',#167705);
#167707=EDGE_CURVE('',#167706,#167697,#167699,.T.);
#167708=B_SPLINE_CURVE_WITH_KNOTS('',3,(#167709,#167710,#167711,#167712),.UNSPECIFIED.,.F.,.U.,(4,4),(300.200498449,400.267313044),.UNSPECIFIED.);
#167709=CARTESIAN_POINT('Control Point',(9301.497415849999,-2728.41606046,554.712058147));
#167710=CARTESIAN_POINT('Control Point',(9300.285010289999,-2728.29897785,554.7383374030001));
#167711=CARTESIAN_POINT('Control Point',(9299.07489494,-2728.15785973,554.758543658));
#167712=CARTESIAN_POINT('Control Point',(9297.86806504,-2727.99282304,554.77266051));
#167713=CARTESIAN_POINT('Vertex',(9301.497415889999,-2728.41606053,554.7120581630001));
#167714=VERTEX_POINT('',#167713);
#167715=EDGE_CURVE('',#167714,#167706,#167708,.T.);
#167716=B_SPLINE_CURVE_WITH_KNOTS('',2,(#167717,#167718,#167719),.UNSPECIFIED.,.F.,.U.,(3,3),(900.222193022,933.641426117),.UNSPECIFIED.);
#167717=CARTESIAN_POINT('Control Point',(9301.497415889999,-2728.41606053,554.7120581630001));
#167718=CARTESIAN_POINT('Control Point',(9313.25543573,-2729.55153908,554.457199712));
#167719=CARTESIAN_POINT('Control Point',(9325.013455639999,-2730.68701612,554.202340882));
#167720=CARTESIAN_POINT('Vertex',(9325.01345568,-2730.68701618,554.202340893));
#167721=VERTEX_POINT('',#167720);
#167722=EDGE_CURVE('',#167714,#167721,#167716,.T.);
#167723=B_SPLINE_CURVE_WITH_KNOTS('',3,(#167724,#167725,#167726,#167727),.UNSPECIFIED.,.F.,.U.,(4,4),(300.282425004,400.376486839),.UNSPECIFIED.);
#167724=CARTESIAN_POINT('Control Point',(9325.01345568,-2730.68701618,554.202340893));
#167725=CARTESIAN_POINT('Control Point',(9326.45138653,-2730.82587777,554.171173283));
#167726=CARTESIAN_POINT('Control Point',(9327.88668276,-2730.99239616,554.146993627));
#167727=CARTESIAN_POINT('Control Point',(9329.31823381,-2731.18644365,554.12982092));
#167728=EDGE_CURVE('',#167721,#167559,#167723,.T.);
#167729=B_SPLINE_CURVE_WITH_KNOTS('',1,(#167730,#167731),.UNSPECIFIED.,.F.,.U.,(2,2),(9.16661374164,9.66661232949),.UNSPECIFIED.);
#167730=CARTESIAN_POINT('Control Point',(9360.54932543,-2735.40120261,553.750550074));
#167731=CARTESIAN_POINT('Control Point',(9360.612312679999,-2734.92048735,553.628304278));
#167732=CARTESIAN_POINT('Vertex',(9360.612312629999,-2734.92048775,553.62830438));
#167733=VERTEX_POINT('',#167732);
#167734=EDGE_CURVE('',#167557,#167733,#167729,.T.);
#167735=B_SPLINE_CURVE_WITH_KNOTS('',5,(#167736,#167737,#167738,#167739,#167740,#167741),.UNSPECIFIED.,.F.,.U.,(6,6),(24.9328338447,30.7102788963),.UNSPECIFIED.);
#167736=CARTESIAN_POINT('Control Point',(9360.612312629999,-2734.92048775,553.62830438));
#167737=CARTESIAN_POINT('Control Point',(9360.757875199999,-2733.80956222,553.345796234));
#167738=CARTESIAN_POINT('Control Point',(9361.316128549999,-2732.75335723,553.058034579));
#167739=CARTESIAN_POINT('Control Point',(9362.26711888,-2731.94964814,552.815041521));
#167740=CARTESIAN_POINT('Control Point',(9363.422137539999,-2731.557918,552.665035103));
#167741=CARTESIAN_POINT('Control Point',(9364.5764939,-2731.5702449,552.615393419));
#167742=CARTESIAN_POINT('Vertex',(9364.5764939,-2731.5702449,552.615393419));
#167743=VERTEX_POINT('',#167742);
#167744=EDGE_CURVE('',#167733,#167743,#167735,.T.);
#167745=B_SPLINE_CURVE_WITH_KNOTS('',1,(#167746,#167747),.UNSPECIFIED.,.F.,.U.,(2,2),(-0.180241271333,0.180241271333),.UNSPECIFIED.);
#167746=CARTESIAN_POINT('Control Point',(9364.936623079999,-2731.57409058,552.599906504));
#167747=CARTESIAN_POINT('Control Point',(9364.5764939,-2731.5702449,552.615393419));
#167748=CARTESIAN_POINT('Vertex',(9364.93662309,-2731.57409058,552.599906504));
#167749=VERTEX_POINT('',#167748);
#167750=EDGE_CURVE('',#167749,#167743,#167745,.T.);
#167751=B_SPLINE_CURVE_WITH_KNOTS('',5,(#167752,#167753,#167754,#167755,#167756,#167757),.UNSPECIFIED.,.F.,.U.,(6,6),(42.9951207833,65.7716675219),.UNSPECIFIED.);
#167752=CARTESIAN_POINT('Control Point',(9379.42240967,-2717.65615925,548.482483209));
#167753=CARTESIAN_POINT('Control Point',(9379.42240967,-2722.07720296,549.580306402));
#167754=CARTESIAN_POINT('Control Point',(9377.64044058,-2726.48334261,550.755785274));
#167755=CARTESIAN_POINT('Control Point',(9374.0425572,-2729.94018587,551.778443501));
#167756=CARTESIAN_POINT('Control Point',(9369.487467159999,-2731.62268721,552.40420302));
#167757=CARTESIAN_POINT('Control Point',(9364.93662309,-2731.57409058,552.599906504));
#167758=CARTESIAN_POINT('Vertex',(9379.42240967,-2717.65615925,548.482483209));
#167759=VERTEX_POINT('',#167758);
#167760=EDGE_CURVE('',#167759,#167749,#167751,.T.);
#167761=B_SPLINE_CURVE_WITH_KNOTS('',1,(#167762,#167763),.UNSPECIFIED.,.F.,.U.,(2,2),(-14.316896014,12.6643668989),.UNSPECIFIED.);
#167762=CARTESIAN_POINT('Control Point',(9379.42240967,-2717.65615925,548.482483209));
#167763=CARTESIAN_POINT('Control Point',(9379.42240967,-2691.47015659,541.9800365139999));
#167764=CARTESIAN_POINT('Vertex',(9379.42240967,-2691.47015659,541.9800365139999));
#167765=VERTEX_POINT('',#167764);
#167766=EDGE_CURVE('',#167759,#167765,#167761,.T.);
#167767=B_SPLINE_CURVE_WITH_KNOTS('',3,(#167768,#167769,#167770,#167771),.UNSPECIFIED.,.F.,.U.,(4,4),(67.1745073699,70.4550329739),.UNSPECIFIED.);
#167768=CARTESIAN_POINT('Control Point',(9379.42240967,-2691.47015659,541.9800365139999));
#167769=CARTESIAN_POINT('Control Point',(9379.42240967,-2690.40887871,541.716502484));
#167770=CARTESIAN_POINT('Control Point',(9379.5865048,-2689.34949247,541.445946341));
#167771=CARTESIAN_POINT('Control Point',(9379.90749372,-2688.33848904,541.180241446));
#167772=EDGE_CURVE('',#167765,#167607,#167767,.T.);
#167773=EDGE_LOOP('',(#167774,#167775,#167776,#167777,#167778,#167779,#167780,#167781,#167782,#167783,#167784,#167785,#167786,#167787,#167788,#167789,#167790,#167791,#167792,#167793,#167794,#167795,#167796,#167797));
#167774=ORIENTED_EDGE('',*,*,#167608,.F.);
#167775=ORIENTED_EDGE('',*,*,#167614,.T.);
#167776=ORIENTED_EDGE('',*,*,#167620,.T.);
#167777=ORIENTED_EDGE('',*,*,#167628,.F.);
#167778=ORIENTED_EDGE('',*,*,#167635,.F.);
#167779=ORIENTED_EDGE('',*,*,#167645,.F.);
#167780=ORIENTED_EDGE('',*,*,#167651,.F.);
#167781=ORIENTED_EDGE('',*,*,#167661,.T.);
#167782=ORIENTED_EDGE('',*,*,#167667,.F.);
#167783=ORIENTED_EDGE('',*,*,#167675,.F.);
#167784=ORIENTED_EDGE('',*,*,#167683,.T.);
#167785=ORIENTED_EDGE('',*,*,#167690,.T.);
#167786=ORIENTED_EDGE('',*,*,#167698,.F.);
#167787=ORIENTED_EDGE('',*,*,#167707,.F.);
#167788=ORIENTED_EDGE('',*,*,#167715,.F.);
#167789=ORIENTED_EDGE('',*,*,#167722,.T.);
#167790=ORIENTED_EDGE('',*,*,#167728,.T.);
#167791=ORIENTED_EDGE('',*,*,#167560,.F.);
#167792=ORIENTED_EDGE('',*,*,#167734,.T.);
#167793=ORIENTED_EDGE('',*,*,#167744,.T.);
#167794=ORIENTED_EDGE('',*,*,#167750,.F.);
#167795=ORIENTED_EDGE('',*,*,#167760,.F.);
#167796=ORIENTED_EDGE('',*,*,#167766,.T.);
#167797=ORIENTED_EDGE('',*,*,#167772,.T.);
#167798=FACE_OUTER_BOUND('',#167773,.T.);
#167799=ADVANCED_FACE('PartBody',(#167798),#167600,.F.);
#167800=B_SPLINE_SURFACE_WITH_KNOTS('',5,5,((#167801,#167802,#167803,#167804,#167805,#167806,#167807,#167808,#167809),(#167810,#167811,#167812,#167813,#167814,#167815,#167816,#167817,#167818),(#167819,#167820,#167821,#167822,#167823,#167824,#167825,#167826,#167827),(#167828,#167829,#167830,#167831,#167832,#167833,#167834,#167835,#167836),(#167837,#167838,#167839,#167840,#167841,#167842,#167843,#167844,#167845),(#167846,#167847,#167848,#167849,#167850,#167851,#167852,#167853,#167854)),.UNSPECIFIED.,.F.,.F.,.U.,(6,6),(6,3,6),(300.282425004,400.376486839),(0.,5.,10.),.UNSPECIFIED.);
#167801=CARTESIAN_POINT('Control Point',(9325.01345568,-2730.68701618,554.202340893));
#167802=CARTESIAN_POINT('Control Point',(9324.9250985,-2731.65693064,554.447221763));
#167803=CARTESIAN_POINT('Control Point',(9324.844798569999,-2732.58302691,554.86860379));
#167804=CARTESIAN_POINT('Control Point',(9324.77644161,-2733.42269978,555.455935869));
#167805=CARTESIAN_POINT('Control Point',(9324.66985699,-2734.85250061,556.908826275));
#167806=CARTESIAN_POINT('Control Point',(9324.629887449999,-2735.6846478,558.772294739));
#167807=CARTESIAN_POINT('Control Point',(9324.628180899999,-2735.92635006,559.770422631));
#167808=CARTESIAN_POINT('Control Point',(9324.644831539999,-2735.98263037,560.789353674));
#167809=CARTESIAN_POINT('Control Point',(9324.678350169999,-2735.85910586,561.785408837));
#167810=CARTESIAN_POINT('Control Point',(9325.876214189999,-2730.77033313,554.183640327));
#167811=CARTESIAN_POINT('Control Point',(9325.779950029999,-2731.73929373,554.428645331));
#167812=CARTESIAN_POINT('Control Point',(9325.69173991,-2732.66445315,554.850082862));
#167813=CARTESIAN_POINT('Control Point',(9325.615814969999,-2733.5032647,555.437400332));
#167814=CARTESIAN_POINT('Control Point',(9325.495467589999,-2734.93160359,556.890144345));
#167815=CARTESIAN_POINT('Control Point',(9325.445516579999,-2735.76294707,558.753308949));
#167816=CARTESIAN_POINT('Control Point',(9325.44002529,-2736.00444684,559.751264517));
#167817=CARTESIAN_POINT('Control Point',(9325.45427013,-2736.06073774,560.770029139));
#167818=CARTESIAN_POINT('Control Point',(9325.486804119999,-2735.93742511,561.765946804));
#167819=CARTESIAN_POINT('Control Point',(9326.738182319999,-2730.86194607,554.167035883));
#167820=CARTESIAN_POINT('Control Point',(9326.63402068,-2731.82988336,554.412147346));
#167821=CARTESIAN_POINT('Control Point',(9326.53790999,-2732.75403591,554.833625082));
#167822=CARTESIAN_POINT('Control Point',(9326.45442609,-2733.59191795,555.420915668));
#167823=CARTESIAN_POINT('Control Point',(9326.320331379999,-2735.01866728,556.873495143));
#167824=CARTESIAN_POINT('Control Point',(9326.26040711,-2735.84910555,558.736349625));
#167825=CARTESIAN_POINT('Control Point',(9326.251132919999,-2736.09036074,559.734132489));
#167826=CARTESIAN_POINT('Control Point',(9326.26297122,-2736.1466306,560.752732426));
#167827=CARTESIAN_POINT('Control Point',(9326.294517369999,-2736.02350964,561.748515716));
#167828=CARTESIAN_POINT('Control Point',(9327.599248909999,-2730.9618443,554.152529984));
#167829=CARTESIAN_POINT('Control Point',(9327.4872001,-2731.92868901,554.397730232));
#167830=CARTESIAN_POINT('Control Point',(9327.38319925,-2732.85176481,554.819232886));
#167831=CARTESIAN_POINT('Control Point',(9327.29216619,-2733.6886493,555.406484325));
#167832=CARTESIAN_POINT('Control Point',(9327.1443411,-2735.11368168,556.85888115));
#167833=CARTESIAN_POINT('Control Point',(9327.074453199999,-2735.94311332,558.721419281));
#167834=CARTESIAN_POINT('Control Point',(9327.061398559999,-2736.18408188,559.719029071));
#167835=CARTESIAN_POINT('Control Point',(9327.070830179999,-2736.24029902,560.737466072));
#167836=CARTESIAN_POINT('Control Point',(9327.101385779999,-2736.11734941,561.733118113));
#167837=CARTESIAN_POINT('Control Point',(9328.45930318,-2731.07001516,554.1401245440001));
#167838=CARTESIAN_POINT('Control Point',(9328.33937829,-2732.03569817,554.385395907));
#167839=CARTESIAN_POINT('Control Point',(9328.22749847,-2732.95762752,554.8069082010001));
#167840=CARTESIAN_POINT('Control Point',(9328.128926829999,-2733.79344654,555.394108245));
#167841=CARTESIAN_POINT('Control Point',(9327.967389829999,-2735.21663482,556.846304345));
#167842=CARTESIAN_POINT('Control Point',(9327.88754928,-2736.04495852,558.70851993));
#167843=CARTESIAN_POINT('Control Point',(9327.8707173,-2736.28559839,559.705956294));
#167844=CARTESIAN_POINT('Control Point',(9327.87774267,-2736.34173112,560.724232114));
#167845=CARTESIAN_POINT('Control Point',(9327.907305519999,-2736.21893249,561.719756038));
#167846=CARTESIAN_POINT('Control Point',(9329.31823381,-2731.18644365,554.12982092));
#167847=CARTESIAN_POINT('Control Point',(9329.190444709999,-2732.15089601,554.375145735));
#167848=CARTESIAN_POINT('Control Point',(9329.07069791,-2733.07160935,554.7966524019999));
#167849=CARTESIAN_POINT('Control Point',(9328.96459906,-2733.90629517,555.383788822));
#167850=CARTESIAN_POINT('Control Point',(9328.78937011,-2735.32751246,556.8357661590001));
#167851=CARTESIAN_POINT('Control Point',(9328.6995893,-2736.15462708,558.69765304));
#167852=CARTESIAN_POINT('Control Point',(9328.678983739999,-2736.39489626,559.694915639));
#167853=CARTESIAN_POINT('Control Point',(9328.683603859999,-2736.45091288,560.7130320480001));
#167854=CARTESIAN_POINT('Control Point',(9328.712172269999,-2736.32824481,561.708430991));
#167855=B_SPLINE_CURVE_WITH_KNOTS('',5,(#167856,#167857,#167858,#167859,#167860,#167861,#167862,#167863,#167864),.UNSPECIFIED.,.F.,.U.,(6,3,6),(300.282425004,328.309059075,400.376486839),.UNSPECIFIED.);
#167856=CARTESIAN_POINT('Control Point',(9324.678350169999,-2735.85910586,561.785408837));
#167857=CARTESIAN_POINT('Control Point',(9324.904719669999,-2735.88103548,561.7799594099999));
#167858=CARTESIAN_POINT('Control Point',(9325.1310311,-2735.90357391,561.774669213));
#167859=CARTESIAN_POINT('Control Point',(9325.35728217,-2735.92672094,561.769538301));
#167860=CARTESIAN_POINT('Control Point',(9326.165089419999,-2736.01156069,561.751782867));
#167861=CARTESIAN_POINT('Control Point',(9326.97206855,-2736.10415683,561.736060392));
#167862=CARTESIAN_POINT('Control Point',(9327.552623059999,-2736.17484252,561.725794978));
#167863=CARTESIAN_POINT('Control Point',(9328.1326706,-2736.24954027,561.716584991));
#167864=CARTESIAN_POINT('Control Point',(9328.712172269999,-2736.32824481,561.708430991));
#167865=CARTESIAN_POINT('Vertex',(9324.67835013,-2735.85910579,561.7854089149999));
#167866=VERTEX_POINT('',#167865);
#167867=EDGE_CURVE('',#167866,#167569,#167855,.T.);
#167868=B_SPLINE_CURVE_WITH_KNOTS('',5,(#167869,#167870,#167871,#167872,#167873,#167874),.UNSPECIFIED.,.F.,.U.,(6,6),(0.,10.),.UNSPECIFIED.);
#167869=CARTESIAN_POINT('Control Point',(9325.01345568,-2730.68701618,554.202340893));
#167870=CARTESIAN_POINT('Control Point',(9324.836741309999,-2732.6268451,554.692102633));
#167871=CARTESIAN_POINT('Control Point',(9324.69209031,-2734.39285825,555.886717409));
#167872=CARTESIAN_POINT('Control Point',(9324.611572869999,-2735.63558155,557.708738252));
#167873=CARTESIAN_POINT('Control Point',(9324.611312909999,-2736.10615489,559.793298511));
#167874=CARTESIAN_POINT('Control Point',(9324.678350169999,-2735.85910586,561.785408837));
#167875=EDGE_CURVE('',#167721,#167866,#167868,.T.);
#167876=EDGE_LOOP('',(#167877,#167878,#167879,#167880));
#167877=ORIENTED_EDGE('',*,*,#167867,.T.);
#167878=ORIENTED_EDGE('',*,*,#167570,.F.);
#167879=ORIENTED_EDGE('',*,*,#167728,.F.);
#167880=ORIENTED_EDGE('',*,*,#167875,.T.);
#167881=FACE_OUTER_BOUND('',#167876,.T.);
#167882=ADVANCED_FACE('PartBody',(#167881),#167800,.F.);
#167883=CARTESIAN_POINT('Axis2P3D Location',(9390.200520839999,-2692.73570175,536.883559686));
#167884=DIRECTION('Axis2P3D Direction',(-0.04426635360090554,-0.2407623685610301,-0.9695741187881215));
#167885=DIRECTION('Axis2P3D XDirection',(-0.9990197645386621,0.01066812941949639,0.04296162329108547));
#167886=AXIS2_PLACEMENT_3D('Cylinder Axis2P3D',#167883,#167884,#167885);
#167887=CYLINDRICAL_SURFACE('generated cylinder',#167886,11.);
#167888=CARTESIAN_POINT('Line Origine',(9379.21130343,-2692.61835233,537.3561375420001));
#167889=DIRECTION('Vector Direction',(-0.04426635360100535,-0.2407623685610291,-0.9695741187881172));
#167890=VECTOR('Line Direction',#167889,1.);
#167891=LINE('Line',#167888,#167890);
#167892=CARTESIAN_POINT('Vertex',(9379.28624637,-2692.21074164,538.997626525));
#167893=VERTEX_POINT('',#167892);
#167894=EDGE_CURVE('',#167893,#167765,#167891,.F.);
#167895=CARTESIAN_POINT('Axis2P3D Location',(9390.275463779999,-2692.32809106,538.5250486690001));
#167896=DIRECTION('Axis2P3D Direction',(-0.04426635360090554,-0.2407623685610301,-0.9695741187881215));
#167897=AXIS2_PLACEMENT_3D('Circle Axis2P3D',#167895,#167896,$);
#167898=CIRCLE('generated circle',#167897,11.);
#167899=CARTESIAN_POINT('Vertex',(9379.771330419999,-2689.07907409,538.197831457));
#167900=VERTEX_POINT('',#167899);
#167901=EDGE_CURVE('',#167900,#167893,#167898,.F.);
#167902=CARTESIAN_POINT('Line Origine',(9379.69638748,-2689.48668478,536.556342474));
#167903=DIRECTION('Vector Direction',(-0.04426635360100535,-0.2407623685610291,-0.9695741187881172));
#167904=VECTOR('Line Direction',#167903,1.);
#167905=LINE('Line',#167902,#167904);
#167906=EDGE_CURVE('',#167900,#167607,#167905,.F.);
#167907=EDGE_LOOP('',(#167908,#167909,#167910,#167911));
#167908=ORIENTED_EDGE('',*,*,#167894,.F.);
#167909=ORIENTED_EDGE('',*,*,#167901,.F.);
#167910=ORIENTED_EDGE('',*,*,#167906,.T.);
#167911=ORIENTED_EDGE('',*,*,#167772,.F.);
#167912=FACE_OUTER_BOUND('',#167907,.T.);
#167913=ADVANCED_FACE('PartBody',(#167912),#167887,.F.);
#167914=CARTESIAN_POINT('Axis2P3D Location',(9379.28624637,-2718.3967443,545.500073219));
#167915=DIRECTION('Axis2P3D Direction',(-0.9990197645386621,0.01066812941949639,0.04296162329108547));
#167916=DIRECTION('Axis2P3D XDirection',(1.841582442100538e-13,0.9705254622622835,-0.2409986039390704));
#167917=AXIS2_PLACEMENT_3D('Plane Axis2P3D',#167914,#167915,#167916);
#167918=PLANE('',#167917);
#167919=CARTESIAN_POINT('Line Origine',(9379.354328019999,-2718.02645177,546.991278214));
#167920=DIRECTION('Vector Direction',(-0.04426635360070594,-0.2407623685610323,-0.96957411878813));
#167921=VECTOR('Line Direction',#167920,1.);
#167922=LINE('Line',#167919,#167921);
#167923=CARTESIAN_POINT('Vertex',(9379.28624637,-2718.3967443,545.500073219));
#167924=VERTEX_POINT('',#167923);
#167925=EDGE_CURVE('',#167759,#167924,#167922,.T.);
#167926=CARTESIAN_POINT('Line Origine',(9379.28624637,-2705.30374297,542.2488498720001));
#167927=DIRECTION('Vector Direction',(2.022502885900591e-13,0.9705254622622835,-0.2409986039390704));
#167928=VECTOR('Line Direction',#167927,1.);
#167929=LINE('Line',#167926,#167928);
#167930=EDGE_CURVE('',#167924,#167893,#167929,.T.);
#167931=EDGE_LOOP('',(#167932,#167933,#167934,#167935));
#167932=ORIENTED_EDGE('',*,*,#167894,.T.);
#167933=ORIENTED_EDGE('',*,*,#167766,.F.);
#167934=ORIENTED_EDGE('',*,*,#167925,.T.);
#167935=ORIENTED_EDGE('',*,*,#167930,.T.);
#167936=FACE_OUTER_BOUND('',#167931,.T.);
#167937=ADVANCED_FACE('PartBody',(#167936),#167918,.F.);
#167938=CARTESIAN_POINT('Axis2P3D Location',(9364.800459779999,-2718.24205642,546.123016757));
#167939=DIRECTION('Axis2P3D Direction',(-0.04426635360090554,-0.2407623685610301,-0.9695741187881215));
#167940=DIRECTION('Axis2P3D XDirection',(0.9990197645386619,-0.01066812941829639,-0.04296162329138546));
#167941=AXIS2_PLACEMENT_3D('Cylinder Axis2P3D',#167938,#167939,#167940);
#167942=CYLINDRICAL_SURFACE('generated cylinder',#167941,14.5);
#167943=CARTESIAN_POINT('Line Origine',(9364.800459779999,-2732.31467562,549.617496514));
#167944=DIRECTION('Vector Direction',(-0.04426635360090554,-0.2407623685610301,-0.9695741187881215));
#167945=VECTOR('Line Direction',#167944,1.);
#167946=LINE('Line',#167943,#167945);
#167947=CARTESIAN_POINT('Vertex',(9364.800459779999,-2732.31467562,549.617496514));
#167948=VERTEX_POINT('',#167947);
#167949=EDGE_CURVE('',#167749,#167948,#167946,.T.);
#167950=CARTESIAN_POINT('Axis2P3D Location',(9364.800459779999,-2718.24205642,546.123016757));
#167951=DIRECTION('Axis2P3D Direction',(-0.04426635360090554,-0.2407623685610301,-0.9695741187881215));
#167952=AXIS2_PLACEMENT_3D('Circle Axis2P3D',#167950,#167951,$);
#167953=CIRCLE('generated circle',#167952,14.5);
#167954=EDGE_CURVE('',#167924,#167948,#167953,.T.);
#167955=EDGE_LOOP('',(#167956,#167957,#167958,#167959));
#167956=ORIENTED_EDGE('',*,*,#167760,.T.);
#167957=ORIENTED_EDGE('',*,*,#167949,.T.);
#167958=ORIENTED_EDGE('',*,*,#167954,.F.);
#167959=ORIENTED_EDGE('',*,*,#167925,.F.);
#167960=FACE_OUTER_BOUND('',#167955,.T.);
#167961=ADVANCED_FACE('PartBody',(#167960),#167942,.T.);
#167962=CARTESIAN_POINT('Axis2P3D Location',(9364.800459779999,-2732.31467562,549.617496514));
#167963=DIRECTION('Axis2P3D Direction',(-1.223030531020062e-11,-0.9705254622620495,0.2409986039400123));
#167964=DIRECTION('Axis2P3D XDirection',(-0.9990197645386619,0.01066812943119639,0.04296162328818547));
#167965=AXIS2_PLACEMENT_3D('Plane Axis2P3D',#167962,#167963,#167964);
#167966=PLANE('',#167965);
#167967=CARTESIAN_POINT('Line Origine',(9364.508412249999,-2731.94053743,551.124188424));
#167968=DIRECTION('Vector Direction',(-0.04426635360070594,-0.2407623685610323,-0.96957411878813));
#167969=VECTOR('Line Direction',#167968,1.);
#167970=LINE('Line',#167967,#167969);
#167971=CARTESIAN_POINT('Vertex',(9364.4403306,-2732.31082995,549.63298343));
#167972=VERTEX_POINT('',#167971);
#167973=EDGE_CURVE('',#167743,#167972,#167970,.T.);
#167974=CARTESIAN_POINT('Line Origine',(9364.620395189999,-2732.31275279,549.625239972));
#167975=DIRECTION('Vector Direction',(-0.9990197645384421,0.01066812943230472,0.04296162329301901));
#167976=VECTOR('Line Direction',#167975,1.);
#167977=LINE('Line',#167974,#167976);
#167978=EDGE_CURVE('',#167948,#167972,#167977,.T.);
#167979=EDGE_LOOP('',(#167980,#167981,#167982,#167983));
#167980=ORIENTED_EDGE('',*,*,#167750,.T.);
#167981=ORIENTED_EDGE('',*,*,#167973,.T.);
#167982=ORIENTED_EDGE('',*,*,#167978,.F.);
#167983=ORIENTED_EDGE('',*,*,#167949,.F.);
#167984=FACE_OUTER_BOUND('',#167979,.T.);
#167985=ADVANCED_FACE('PartBody',(#167984),#167966,.T.);
#167986=CARTESIAN_POINT('Axis2P3D Location',(9364.4403306,-2736.1929318,550.596977845));
#167987=DIRECTION('Axis2P3D Direction',(-0.04426635360090554,-0.2407623685610301,-0.9695741187881215));
#167988=DIRECTION('Axis2P3D XDirection',(-0.9910453184588324,0.1329647509079775,0.01222913638859793));
#167989=AXIS2_PLACEMENT_3D('Cylinder Axis2P3D',#167986,#167987,#167988);
#167990=CYLINDRICAL_SURFACE('generated cylinder',#167989,4.);
#167991=CARTESIAN_POINT('Line Origine',(9360.476149329999,-2735.66107279,550.645894391));
#167992=DIRECTION('Vector Direction',(-0.04426635360090554,-0.2407623685610301,-0.9695741187881215));
#167993=VECTOR('Line Direction',#167992,1.);
#167994=LINE('Line',#167991,#167993);
#167995=CARTESIAN_POINT('Vertex',(9360.476149329999,-2735.66107279,550.645894391));
#167996=VERTEX_POINT('',#167995);
#167997=EDGE_CURVE('',#167733,#167996,#167994,.T.);
#167998=CARTESIAN_POINT('Axis2P3D Location',(9364.4403306,-2736.1929318,550.596977845));
#167999=DIRECTION('Axis2P3D Direction',(-0.04426635360090554,-0.2407623685610301,-0.9695741187881215));
#168000=AXIS2_PLACEMENT_3D('Circle Axis2P3D',#167998,#167999,$);
#168001=CIRCLE('generated circle',#168000,4.);
#168002=EDGE_CURVE('',#167996,#167972,#168001,.T.);
#168003=EDGE_LOOP('',(#168004,#168005,#168006,#168007));
#168004=ORIENTED_EDGE('',*,*,#167997,.T.);
#168005=ORIENTED_EDGE('',*,*,#168002,.T.);
#168006=ORIENTED_EDGE('',*,*,#167973,.F.);
#168007=ORIENTED_EDGE('',*,*,#167744,.F.);
#168008=FACE_OUTER_BOUND('',#168003,.T.);
#168009=ADVANCED_FACE('PartBody',(#168008),#167990,.F.);
#168010=B_SPLINE_SURFACE_WITH_KNOTS('',2,5,((#168011,#168012,#168013,#168014,#168015,#168016,#168017,#168018,#168019),(#168020,#168021,#168022,#168023,#168024,#168025,#168026,#168027,#168028),(#168029,#168030,#168031,#168032,#168033,#168034,#168035,#168036,#168037)),.UNSPECIFIED.,.F.,.F.,.U.,(3,3),(6,3,6),(900.222193022,933.641426117),(0.,5.,10.),.UNSPECIFIED.);
#168011=CARTESIAN_POINT('Control Point',(9301.497415889999,-2728.41606053,554.7120581630001));
#168012=CARTESIAN_POINT('Control Point',(9301.409024439999,-2729.38634969,554.9570336420001));
#168013=CARTESIAN_POINT('Control Point',(9301.32869647,-2730.31278683,555.378646643));
#168014=CARTESIAN_POINT('Control Point',(9301.26032222,-2731.1527172,555.966334029));
#168015=CARTESIAN_POINT('Control Point',(9301.15373111,-2732.58278119,557.420108092));
#168016=CARTESIAN_POINT('Control Point',(9301.113814049999,-2733.41461487,559.284608845));
#168017=CARTESIAN_POINT('Control Point',(9301.11214927,-2733.65599719,560.283241083));
#168018=CARTESIAN_POINT('Control Point',(9301.12885535,-2733.71180008,561.302605008));
#168019=CARTESIAN_POINT('Control Point',(9301.162439079999,-2733.58767183,562.2989741170001));
#168020=CARTESIAN_POINT('Control Point',(9313.25543573,-2729.55153908,554.457199712));
#168021=CARTESIAN_POINT('Control Point',(9313.16706141,-2730.52164089,554.702127884));
#168022=CARTESIAN_POINT('Control Point',(9313.08674746,-2731.44790759,555.123625381));
#168023=CARTESIAN_POINT('Control Point',(9313.018381849999,-2732.28770922,555.711135083));
#168024=CARTESIAN_POINT('Control Point',(9312.91179398,-2733.7176417,557.164467252));
#168025=CARTESIAN_POINT('Control Point',(9312.87185066,-2734.54963229,559.0284518350001));
#168026=CARTESIAN_POINT('Control Point',(9312.870164989999,-2734.79117467,560.026831909));
#168027=CARTESIAN_POINT('Control Point',(9312.88684334,-2734.84721639,561.045979439));
#168028=CARTESIAN_POINT('Control Point',(9312.92039451,-2734.72339011,562.0421916620001));
#168029=CARTESIAN_POINT('Control Point',(9325.013455639999,-2730.68701612,554.202340882));
#168030=CARTESIAN_POINT('Control Point',(9324.925098449999,-2731.65693059,554.447221754));
#168031=CARTESIAN_POINT('Control Point',(9324.84479852,-2732.58302687,554.868603786));
#168032=CARTESIAN_POINT('Control Point',(9324.77644156,-2733.42269975,555.455935873));
#168033=CARTESIAN_POINT('Control Point',(9324.66985694,-2734.85250059,556.9088263));
#168034=CARTESIAN_POINT('Control Point',(9324.629887409999,-2735.68464776,558.772294788));
#168035=CARTESIAN_POINT('Control Point',(9324.62818086,-2735.92635002,559.770422692));
#168036=CARTESIAN_POINT('Control Point',(9324.6448315,-2735.98263032,560.789353745));
#168037=CARTESIAN_POINT('Control Point',(9324.67835013,-2735.85910579,561.7854089149999));
#168038=B_SPLINE_CURVE_WITH_KNOTS('',5,(#168039,#168040,#168041,#168042,#168043,#168044),.UNSPECIFIED.,.F.,.U.,(6,6),(900.222193051,933.641420771),.UNSPECIFIED.);
#168039=CARTESIAN_POINT('Control Point',(9301.162439099999,-2733.58767183,562.2989741170001));
#168040=CARTESIAN_POINT('Control Point',(9305.86562051,-2734.04195907,562.196261151));
#168041=CARTESIAN_POINT('Control Point',(9310.568801949999,-2734.49624605,562.093548156));
#168042=CARTESIAN_POINT('Control Point',(9315.2719834,-2734.95053277,561.990835132));
#168043=CARTESIAN_POINT('Control Point',(9319.975164879999,-2735.40481923,561.88812208));
#168044=CARTESIAN_POINT('Control Point',(9324.678346369999,-2735.85910542,561.785408998));
#168045=CARTESIAN_POINT('Vertex',(9301.162439079999,-2733.58767185,562.2989740740001));
#168046=VERTEX_POINT('',#168045);
#168047=EDGE_CURVE('',#168046,#167866,#168038,.T.);
#168048=B_SPLINE_CURVE_WITH_KNOTS('',5,(#168049,#168050,#168051,#168052,#168053,#168054),.UNSPECIFIED.,.F.,.U.,(6,6),(0.,10.),.UNSPECIFIED.);
#168049=CARTESIAN_POINT('Control Point',(9301.497415889999,-2728.41606053,554.7120581630001));
#168050=CARTESIAN_POINT('Control Point',(9301.32063299,-2730.35663886,555.2020091209999));
#168051=CARTESIAN_POINT('Control Point',(9301.17593795,-2732.12326972,556.397356298));
#168052=CARTESIAN_POINT('Control Point',(9301.095439569999,-2733.36606116,558.220570315));
#168053=CARTESIAN_POINT('Control Point',(9301.09527163,-2733.83592833,560.3062359));
#168054=CARTESIAN_POINT('Control Point',(9301.162439079999,-2733.58767183,562.2989741170001));
#168055=EDGE_CURVE('',#167714,#168046,#168048,.T.);
#168056=EDGE_LOOP('',(#168057,#168058,#168059,#168060));
#168057=ORIENTED_EDGE('',*,*,#168047,.T.);
#168058=ORIENTED_EDGE('',*,*,#167875,.F.);
#168059=ORIENTED_EDGE('',*,*,#167722,.F.);
#168060=ORIENTED_EDGE('',*,*,#168055,.T.);
#168061=FACE_OUTER_BOUND('',#168056,.T.);
#168062=ADVANCED_FACE('PartBody',(#168061),#168010,.F.);
#168063=B_SPLINE_SURFACE_WITH_KNOTS('',5,5,((#168064,#168065,#168066,#168067,#168068,#168069,#168070,#168071,#168072),(#168073,#168074,#168075,#168076,#168077,#168078,#168079,#168080,#168081),(#168082,#168083,#168084,#168085,#168086,#168087,#168088,#168089,#168090),(#168091,#168092,#168093,#168094,#168095,#168096,#168097,#168098,#168099),(#168100,#168101,#168102,#168103,#168104,#168105,#168106,#168107,#168108),(#168109,#168110,#168111,#168112,#168113,#168114,#168115,#168116,#168117)),.UNSPECIFIED.,.F.,.F.,.U.,(6,6),(6,3,6),(300.200498449,400.267313044),(0.,5.,10.),.UNSPECIFIED.);
#168064=CARTESIAN_POINT('Control Point',(9301.497415849999,-2728.41606046,554.712058147));
#168065=CARTESIAN_POINT('Control Point',(9301.4090244,-2729.38634961,554.957033622));
#168066=CARTESIAN_POINT('Control Point',(9301.328696439999,-2730.31278673,555.37864662));
#168067=CARTESIAN_POINT('Control Point',(9301.260322189999,-2731.15271709,555.966334001));
#168068=CARTESIAN_POINT('Control Point',(9301.15373109,-2732.58278106,557.420108054));
#168069=CARTESIAN_POINT('Control Point',(9301.11381404,-2733.41461472,559.284608799));
#168070=CARTESIAN_POINT('Control Point',(9301.11214926,-2733.65599703,560.283241033));
#168071=CARTESIAN_POINT('Control Point',(9301.12885535,-2733.71179992,561.302604955));
#168072=CARTESIAN_POINT('Control Point',(9301.16243907,-2733.58767167,562.298974062));
#168073=CARTESIAN_POINT('Control Point',(9300.769972509999,-2728.34581089,554.7278257));
#168074=CARTESIAN_POINT('Control Point',(9300.673425749999,-2729.31514223,554.97293567));
#168075=CARTESIAN_POINT('Control Point',(9300.58493958,-2730.24063678,555.394621734));
#168076=CARTESIAN_POINT('Control Point',(9300.50876099,-2731.07969676,555.982318401));
#168077=CARTESIAN_POINT('Control Point',(9300.387980169999,-2732.50827169,557.436002057));
#168078=CARTESIAN_POINT('Control Point',(9300.337779109999,-2733.33925584,559.300260267));
#168079=CARTESIAN_POINT('Control Point',(9300.332217749999,-2733.58040786,560.298749421));
#168080=CARTESIAN_POINT('Control Point',(9300.346450859999,-2733.63618946,561.31797149));
#168081=CARTESIAN_POINT('Control Point',(9300.3790283,-2733.51223886,562.31422046));
#168082=CARTESIAN_POINT('Control Point',(9300.043216029999,-2728.26835166,554.741771608));
#168083=CARTESIAN_POINT('Control Point',(9299.93852369,-2729.23665089,554.986997178));
#168084=CARTESIAN_POINT('Control Point',(9299.841889179999,-2730.16112799,555.408739772));
#168085=CARTESIAN_POINT('Control Point',(9299.75791552,-2730.99924479,555.99643224));
#168086=CARTESIAN_POINT('Control Point',(9299.62296097,-2732.42619471,557.4500051270001));
#168087=CARTESIAN_POINT('Control Point',(9299.562484819999,-2733.25622196,559.314012882));
#168088=CARTESIAN_POINT('Control Point',(9299.55302908,-2733.49709945,560.312357934));
#168089=CARTESIAN_POINT('Control Point',(9299.564788899999,-2733.55282685,561.331439475));
#168090=CARTESIAN_POINT('Control Point',(9299.596357319999,-2733.42903329,562.327571261));
#168091=CARTESIAN_POINT('Control Point',(9299.317246319999,-2728.18369248,554.7538937210001));
#168092=CARTESIAN_POINT('Control Point',(9299.20441905,-2729.15088548,554.999215998));
#168093=CARTESIAN_POINT('Control Point',(9299.099646929999,-2730.0742704,555.420998588));
#168094=CARTESIAN_POINT('Control Point',(9299.007888369999,-2730.91137135,556.008673383));
#168095=CARTESIAN_POINT('Control Point',(9298.858777759999,-2732.33656055,557.462115151));
#168096=CARTESIAN_POINT('Control Point',(9298.788036959999,-2733.16552361,559.325864547));
#168097=CARTESIAN_POINT('Control Point',(9298.77468975,-2733.40608235,560.324064484));
#168098=CARTESIAN_POINT('Control Point',(9298.783976589999,-2733.4617226,561.343006826));
#168099=CARTESIAN_POINT('Control Point',(9298.81453374,-2733.3380654,562.339024378));
#168100=CARTESIAN_POINT('Control Point',(9298.59216298,-2728.09184505,554.764190399));
#168101=CARTESIAN_POINT('Control Point',(9298.471212299999,-2729.05785785,555.009590488));
#168102=CARTESIAN_POINT('Control Point',(9298.35831421,-2729.98007604,555.4313965490001));
#168103=CARTESIAN_POINT('Control Point',(9298.25878176,-2730.81608863,556.019040207));
#168104=CARTESIAN_POINT('Control Point',(9298.09553447,-2732.23938164,557.472330529));
#168105=CARTESIAN_POINT('Control Point',(9298.01454097,-2733.06717337,559.335813688));
#168106=CARTESIAN_POINT('Control Point',(9297.99730589,-2733.30736918,560.3338675050001));
#168107=CARTESIAN_POINT('Control Point',(9298.004120669999,-2733.36288933,561.3526719830001));
#168108=CARTESIAN_POINT('Control Point',(9298.03366481,-2733.23934774,562.348578254));
#168109=CARTESIAN_POINT('Control Point',(9297.86806504,-2727.99282304,554.77266051));
#168110=CARTESIAN_POINT('Control Point',(9297.73900335,-2728.95758184,555.018119522));
#168111=CARTESIAN_POINT('Control Point',(9297.61799182,-2729.87855892,555.439932538));
#168112=CARTESIAN_POINT('Control Point',(9297.51069737,-2730.7134108,556.027531609));
#168113=CARTESIAN_POINT('Control Point',(9297.33333446,-2732.13467246,557.48065019));
#168114=CARTESIAN_POINT('Control Point',(9297.242101719999,-2732.96118589,559.34385926));
#168115=CARTESIAN_POINT('Control Point',(9297.22098305,-2733.20097463,560.341765962));
#168116=CARTESIAN_POINT('Control Point',(9297.225327299999,-2733.25634174,561.360433919));
#168117=CARTESIAN_POINT('Control Point',(9297.253857239999,-2733.132895,562.356231862));
#168118=B_SPLINE_CURVE_WITH_KNOTS('',5,(#168119,#168120,#168121,#168122,#168123,#168124),.UNSPECIFIED.,.F.,.U.,(6,6),(0.,10.),.UNSPECIFIED.);
#168119=CARTESIAN_POINT('Control Point',(9297.86806504,-2727.99282304,554.77266051));
#168120=CARTESIAN_POINT('Control Point',(9297.60994167,-2729.92234065,555.263578534));
#168121=CARTESIAN_POINT('Control Point',(9297.383807479999,-2731.67817904,556.458764209));
#168122=CARTESIAN_POINT('Control Point',(9297.236252229999,-2732.91301295,558.2806163400001));
#168123=CARTESIAN_POINT('Control Point',(9297.196797369999,-2733.37978848,560.3646359750001));
#168124=CARTESIAN_POINT('Control Point',(9297.253857239999,-2733.132895,562.356231862));
#168125=CARTESIAN_POINT('Vertex',(9297.253857219999,-2733.13289418,562.3562387440001));
#168126=VERTEX_POINT('',#168125);
#168127=EDGE_CURVE('',#167706,#168126,#168118,.T.);
#168128=B_SPLINE_CURVE_WITH_KNOTS('',5,(#168129,#168130,#168131,#168132,#168133,#168134),.UNSPECIFIED.,.F.,.U.,(6,6),(300.200498449,400.267313044),.UNSPECIFIED.);
#168129=CARTESIAN_POINT('Control Point',(9301.16243907,-2733.58767167,562.298974062));
#168130=CARTESIAN_POINT('Control Point',(9300.3790283,-2733.51223886,562.31422046));
#168131=CARTESIAN_POINT('Control Point',(9299.596357319999,-2733.42903329,562.327571261));
#168132=CARTESIAN_POINT('Control Point',(9298.81453374,-2733.3380654,562.339024378));
#168133=CARTESIAN_POINT('Control Point',(9298.03366481,-2733.23934774,562.348578254));
#168134=CARTESIAN_POINT('Control Point',(9297.253857239999,-2733.132895,562.356231862));
#168135=EDGE_CURVE('',#168046,#168126,#168128,.T.);
#168136=EDGE_LOOP('',(#168137,#168138,#168139,#168140));
#168137=ORIENTED_EDGE('',*,*,#168127,.T.);
#168138=ORIENTED_EDGE('',*,*,#168135,.F.);
#168139=ORIENTED_EDGE('',*,*,#168055,.F.);
#168140=ORIENTED_EDGE('',*,*,#167715,.T.);
#168141=FACE_OUTER_BOUND('',#168136,.T.);
#168142=ADVANCED_FACE('PartBody',(#168141),#168063,.T.);
#168143=B_SPLINE_SURFACE_WITH_KNOTS('',5,5,((#168144,#168145,#168146,#168147,#168148,#168149,#168150,#168151,#168152),(#168153,#168154,#168155,#168156,#168157,#168158,#168159,#168160,#168161),(#168162,#168163,#168164,#168165,#168166,#168167,#168168,#168169,#168170),(#168171,#168172,#168173,#168174,#168175,#168176,#168177,#168178,#168179),(#168180,#168181,#168182,#168183,#168184,#168185,#168186,#168187,#168188),(#168189,#168190,#168191,#168192,#168193,#168194,#168195,#168196,#168197)),.UNSPECIFIED.,.F.,.F.,.U.,(6,6),(6,3,6),(319.825972067,674.610505384),(0.,5.,10.),.UNSPECIFIED.);
#168144=CARTESIAN_POINT('Control Point',(9297.868086249999,-2727.99283792,554.772663236));
#168145=CARTESIAN_POINT('Control Point',(9297.739022779999,-2728.95759688,555.018122369));
#168146=CARTESIAN_POINT('Control Point',(9297.61800945,-2729.87857408,555.4399356390001));
#168147=CARTESIAN_POINT('Control Point',(9297.5107133,-2730.71342601,556.027535084));
#168148=CARTESIAN_POINT('Control Point',(9297.33334732,-2732.13468755,557.480654578));
#168149=CARTESIAN_POINT('Control Point',(9297.242112439999,-2732.96120042,559.343864693));
#168150=CARTESIAN_POINT('Control Point',(9297.22099299,-2733.20098874,560.341771902));
#168151=CARTESIAN_POINT('Control Point',(9297.225336789999,-2733.25635533,561.36044029));
#168152=CARTESIAN_POINT('Control Point',(9297.253866589999,-2733.13290798,562.356238544));
#168153=CARTESIAN_POINT('Control Point',(9248.143728469999,-2721.19289136,555.354304962));
#168154=CARTESIAN_POINT('Control Point',(9248.01265452,-2722.15809247,555.599965678));
#168155=CARTESIAN_POINT('Control Point',(9247.889642439999,-2723.07944796,556.0222379100001));
#168156=CARTESIAN_POINT('Control Point',(9247.780455729999,-2723.91453283,556.610529951));
#168157=CARTESIAN_POINT('Control Point',(9247.59971239,-2725.33583278,558.065357235));
#168158=CARTESIAN_POINT('Control Point',(9247.506172469999,-2726.1614265,559.930544908));
#168159=CARTESIAN_POINT('Control Point',(9247.48423548,-2726.40048883,560.929415241));
#168160=CARTESIAN_POINT('Control Point',(9247.48813552,-2726.45487946,561.948908064));
#168161=CARTESIAN_POINT('Control Point',(9247.51659607,-2726.33026601,562.945302373));
#168162=CARTESIAN_POINT('Control Point',(9198.434292619999,-2714.27669355,555.906398183));
#168163=CARTESIAN_POINT('Control Point',(9198.301212009999,-2715.24233006,556.152258632));
#168164=CARTESIAN_POINT('Control Point',(9198.17620498,-2716.16405728,556.574987241));
#168165=CARTESIAN_POINT('Control Point',(9198.065131579999,-2716.9993691,557.163968651));
#168166=CARTESIAN_POINT('Control Point',(9197.881019099999,-2718.42069744,558.620496269));
#168167=CARTESIAN_POINT('Control Point',(9197.78518336,-2719.24536711,560.487652756));
#168168=CARTESIAN_POINT('Control Point',(9197.76243373,-2719.48370255,561.487481699));
#168169=CARTESIAN_POINT('Control Point',(9197.765895089999,-2719.53711813,562.507794532));
#168170=CARTESIAN_POINT('Control Point',(9197.794291439999,-2719.41134132,563.504780822));
#168171=CARTESIAN_POINT('Control Point',(9148.74773899,-2707.24583588,556.42897464));
#168172=CARTESIAN_POINT('Control Point',(9148.612654009999,-2708.21190083,556.675032986));
#168173=CARTESIAN_POINT('Control Point',(9148.48565425,-2709.13399298,557.098215377));
#168174=CARTESIAN_POINT('Control Point',(9148.37269658,-2709.96952558,557.687882897));
#168175=CARTESIAN_POINT('Control Point',(9148.185220469999,-2711.39087197,559.146103293));
#168176=CARTESIAN_POINT('Control Point',(9148.087096129999,-2712.21461257,561.01521973));
#168177=CARTESIAN_POINT('Control Point',(9148.063537939999,-2712.45222024,562.016002713));
#168178=CARTESIAN_POINT('Control Point',(9148.066565179999,-2712.50466174,563.037131088));
#168179=CARTESIAN_POINT('Control Point',(9148.09490213,-2712.37772442,564.034705268));
#168180=CARTESIAN_POINT('Control Point',(9099.09405353,-2700.10206925,556.922013197));
#168181=CARTESIAN_POINT('Control Point',(9098.956963519999,-2701.06855523,557.168267632));
#168182=CARTESIAN_POINT('Control Point',(9098.827970369999,-2701.99100511,557.591901211));
#168183=CARTESIAN_POINT('Control Point',(9098.713128019999,-2702.82675192,558.182251563));
#168184=CARTESIAN_POINT('Control Point',(9098.522288689999,-2704.24810538,559.642157107));
#168185=CARTESIAN_POINT('Control Point',(9098.42187923,-2705.0709115,561.513224524));
#168186=CARTESIAN_POINT('Control Point',(9098.397515179999,-2705.30779045,562.5149569279999));
#168187=CARTESIAN_POINT('Control Point',(9098.40011192,-2705.35925884,563.536896342));
#168188=CARTESIAN_POINT('Control Point',(9098.428393869999,-2705.23116395,564.535054306));
#168189=CARTESIAN_POINT('Control Point',(9049.460400849999,-2692.84369368,557.3856777250001));
#168190=CARTESIAN_POINT('Control Point',(9049.321304629999,-2693.81059345,557.632126507));
#168191=CARTESIAN_POINT('Control Point',(9049.19031683,-2694.733394,558.056208846));
#168192=CARTESIAN_POINT('Control Point',(9049.07358889,-2695.56934855,558.647238999));
#168193=CARTESIAN_POINT('Control Point',(9048.87938583,-2696.99069814,560.108822688));
#168194=CARTESIAN_POINT('Control Point',(9048.776694099999,-2697.8125641,561.9818328600001));
#168195=CARTESIAN_POINT('Control Point',(9048.751526639999,-2698.04871311,562.9845104349999));
#168196=CARTESIAN_POINT('Control Point',(9048.75369639,-2698.09920903,564.007256708));
#168197=CARTESIAN_POINT('Control Point',(9048.781927709999,-2697.96995913,565.0059946));
#168198=B_SPLINE_CURVE_WITH_KNOTS('',5,(#168199,#168200,#168201,#168202,#168203,#168204),.UNSPECIFIED.,.F.,.U.,(6,6),(0.,10.),.UNSPECIFIED.);
#168199=CARTESIAN_POINT('Control Point',(9049.460400849999,-2692.84369368,557.3856777250001));
#168200=CARTESIAN_POINT('Control Point',(9049.1822084,-2694.77749322,557.878575289));
#168201=CARTESIAN_POINT('Control Point',(9048.936222259999,-2696.53637627,559.080837405));
#168202=CARTESIAN_POINT('Control Point',(9048.77300259,-2697.76959729,560.9140501110001));
#168203=CARTESIAN_POINT('Control Point',(9048.72546507,-2698.22845893,563.008518816));
#168204=CARTESIAN_POINT('Control Point',(9048.781927709999,-2697.96995913,565.0059946));
#168205=CARTESIAN_POINT('Vertex',(9048.781927669999,-2697.96995922,565.005994752));
#168206=VERTEX_POINT('',#168205);
#168207=EDGE_CURVE('',#167697,#168206,#168198,.T.);
#168208=B_SPLINE_CURVE_WITH_KNOTS('',5,(#168209,#168210,#168211,#168212,#168213,#168214),.UNSPECIFIED.,.F.,.U.,(6,6),(319.825987832,674.610505384),.UNSPECIFIED.);
#168209=CARTESIAN_POINT('Control Point',(9297.253855539999,-2733.13290647,562.356238675));
#168210=CARTESIAN_POINT('Control Point',(9247.51658723,-2726.33026478,562.945302472));
#168211=CARTESIAN_POINT('Control Point',(9197.79428482,-2719.41134039,563.504780893));
#168212=CARTESIAN_POINT('Control Point',(9148.094897719999,-2712.37772379,564.034705313));
#168213=CARTESIAN_POINT('Control Point',(9098.42839166,-2705.23116363,564.535054327));
#168214=CARTESIAN_POINT('Control Point',(9048.781927709999,-2697.96995913,565.0059946));
#168215=EDGE_CURVE('',#168126,#168206,#168208,.T.);
#168216=EDGE_LOOP('',(#168217,#168218,#168219,#168220));
#168217=ORIENTED_EDGE('',*,*,#168207,.T.);
#168218=ORIENTED_EDGE('',*,*,#168215,.F.);
#168219=ORIENTED_EDGE('',*,*,#168127,.F.);
#168220=ORIENTED_EDGE('',*,*,#167707,.T.);
#168221=FACE_OUTER_BOUND('',#168216,.T.);
#168222=ADVANCED_FACE('PartBody',(#168221),#168143,.T.);
#168223=B_SPLINE_SURFACE_WITH_KNOTS('',5,5,((#168224,#168225,#168226,#168227,#168228,#168229,#168230,#168231,#168232),(#168233,#168234,#168235,#168236,#168237,#168238,#168239,#168240,#168241),(#168242,#168243,#168244,#168245,#168246,#168247,#168248,#168249,#168250),(#168251,#168252,#168253,#168254,#168255,#168256,#168257,#168258,#168259),(#168260,#168261,#168262,#168263,#168264,#168265,#168266,#168267,#168268),(#168269,#168270,#168271,#168272,#168273,#168274,#168275,#168276,#168277)),.UNSPECIFIED.,.F.,.F.,.U.,(6,6),(6,3,6),(300.315584431,400.420952273),(0.,5.,10.),.UNSPECIFIED.);
#168224=CARTESIAN_POINT('Control Point',(9049.46040077,-2692.84369377,557.385677749));
#168225=CARTESIAN_POINT('Control Point',(9049.32130455,-2693.81059354,557.632126533));
#168226=CARTESIAN_POINT('Control Point',(9049.190316759999,-2694.7333941,558.056208877));
#168227=CARTESIAN_POINT('Control Point',(9049.073588829999,-2695.56934866,558.647239038));
#168228=CARTESIAN_POINT('Control Point',(9048.87938577,-2696.99069825,560.108822747));
#168229=CARTESIAN_POINT('Control Point',(9048.776694049999,-2697.81256421,561.981832942));
#168230=CARTESIAN_POINT('Control Point',(9048.751526599999,-2698.0487132,562.984510528));
#168231=CARTESIAN_POINT('Control Point',(9048.753696349999,-2698.09920912,564.007256811));
#168232=CARTESIAN_POINT('Control Point',(9048.781927669999,-2697.9699592,565.00599471));
#168233=CARTESIAN_POINT('Control Point',(9048.551503839999,-2692.7107776,557.3941684280001));
#168234=CARTESIAN_POINT('Control Point',(9048.40216691,-2693.67616544,557.640709316));
#168235=CARTESIAN_POINT('Control Point',(9048.26093807,-2694.59745533,558.064878606));
#168236=CARTESIAN_POINT('Control Point',(9048.134420799999,-2695.4319685,558.655986786));
#168237=CARTESIAN_POINT('Control Point',(9047.922442359999,-2696.85070874,560.11770315));
#168238=CARTESIAN_POINT('Control Point',(9047.80692673,-2697.67071164,561.990794173));
#168239=CARTESIAN_POINT('Control Point',(9047.77692405,-2697.90616596,562.993497911));
#168240=CARTESIAN_POINT('Control Point',(9047.77605771,-2697.95623634,564.016256272));
#168241=CARTESIAN_POINT('Control Point',(9047.803102469999,-2697.82683618,565.014993503));
#168242=CARTESIAN_POINT('Control Point',(9047.644241919999,-2692.56653848,557.399772769));
#168243=CARTESIAN_POINT('Control Point',(9047.484681579999,-2693.53029662,557.6463757290001));
#168244=CARTESIAN_POINT('Control Point',(9047.333229149999,-2694.44995718,558.070605529));
#168245=CARTESIAN_POINT('Control Point',(9047.196939489999,-2695.28291374,558.661770007));
#168246=CARTESIAN_POINT('Control Point',(9046.96721716,-2696.69883,560.123585867));
#168247=CARTESIAN_POINT('Control Point',(9046.838901969999,-2697.51680172,561.99674416));
#168248=CARTESIAN_POINT('Control Point',(9046.804073899999,-2697.75149266,562.999471951));
#168249=CARTESIAN_POINT('Control Point',(9046.8001785,-2697.80108707,564.022244097));
#168250=CARTESIAN_POINT('Control Point',(9046.82604072,-2697.67150597,565.0209850800001));
#168251=CARTESIAN_POINT('Control Point',(9046.73881146,-2692.41100539,557.402489003));
#168252=CARTESIAN_POINT('Control Point',(9046.569046769999,-2693.37301633,557.6491239859999));
#168253=CARTESIAN_POINT('Control Point',(9046.40739,-2694.29092917,558.0733878460001));
#168254=CARTESIAN_POINT('Control Point',(9046.261346649999,-2695.12221414,558.664586891));
#168255=CARTESIAN_POINT('Control Point',(9046.01391528,-2696.5350923,560.126469062));
#168256=CARTESIAN_POINT('Control Point',(9045.87282787,-2697.35086515,561.999681048));
#168257=CARTESIAN_POINT('Control Point',(9045.833185579999,-2697.58472419,563.002430783));
#168258=CARTESIAN_POINT('Control Point',(9045.826269319999,-2697.63379236,564.025218411));
#168259=CARTESIAN_POINT('Control Point',(9045.850953969999,-2697.50399976,565.023967556));
#168260=CARTESIAN_POINT('Control Point',(9045.83540801,-2692.2442119,557.402316537));
#168261=CARTESIAN_POINT('Control Point',(9045.65545984,-2693.20435845,557.648953491));
#168262=CARTESIAN_POINT('Control Point',(9045.48361974,-2694.12040548,558.073224956));
#168263=CARTESIAN_POINT('Control Point',(9045.327843139999,-2694.9499042,558.6644368250001));
#168264=CARTESIAN_POINT('Control Point',(9045.062740949999,-2696.3595307,560.126352111));
#168265=CARTESIAN_POINT('Control Point',(9044.908911589999,-2697.17293751,561.999604199));
#168266=CARTESIAN_POINT('Control Point',(9044.86446759,-2697.40589636,563.002373762));
#168267=CARTESIAN_POINT('Control Point',(9044.854539829999,-2697.45438824,564.025178565));
#168268=CARTESIAN_POINT('Control Point',(9044.87805284,-2697.32435373,565.02394028));
#168269=CARTESIAN_POINT('Control Point',(9044.93422775,-2692.06619691,557.3992560729999));
#168270=CARTESIAN_POINT('Control Point',(9044.744118729999,-2693.02436221,557.645864946));
#168271=CARTESIAN_POINT('Control Point',(9044.562118099999,-2693.93842568,558.070117561));
#168272=CARTESIAN_POINT('Control Point',(9044.39663046,-2694.76602381,558.6613205150001));
#168273=CARTESIAN_POINT('Control Point',(9044.11389902,-2696.17218576,560.123235718));
#168274=CARTESIAN_POINT('Control Point',(9043.94736095,-2696.98305995,561.996514315));
#168275=CARTESIAN_POINT('Control Point',(9043.89812908,-2697.2150506,562.9993015920001));
#168276=CARTESIAN_POINT('Control Point',(9043.88520033,-2697.26291636,564.022125263));
#168277=CARTESIAN_POINT('Control Point',(9043.907548589999,-2697.13260977,565.020903955));
#168278=B_SPLINE_CURVE_WITH_KNOTS('',5,(#168279,#168280,#168281,#168282,#168283,#168284),.UNSPECIFIED.,.F.,.U.,(6,6),(0.,10.),.UNSPECIFIED.);
#168279=CARTESIAN_POINT('Control Point',(9044.93422775,-2692.06619691,557.3992560729999));
#168280=CARTESIAN_POINT('Control Point',(9044.554009719999,-2693.98252752,557.892473819));
#168281=CARTESIAN_POINT('Control Point',(9044.20593871,-2695.72392131,559.095096865));
#168282=CARTESIAN_POINT('Control Point',(9043.958948719999,-2696.94275707,560.928649954));
#168283=CARTESIAN_POINT('Control Point',(9043.862852079999,-2697.39322296,563.0233465700001));
#168284=CARTESIAN_POINT('Control Point',(9043.907548589999,-2697.13260977,565.020903955));
#168285=CARTESIAN_POINT('Vertex',(9043.90754858,-2697.13260982,565.020904025));
#168286=VERTEX_POINT('',#168285);
#168287=EDGE_CURVE('',#167689,#168286,#168278,.T.);
#168288=B_SPLINE_CURVE_WITH_KNOTS('',5,(#168289,#168290,#168291,#168292,#168293,#168294,#168295,#168296,#168297),.UNSPECIFIED.,.F.,.U.,(6,3,6),(300.315584431,328.345379719,400.420952273),.UNSPECIFIED.);
#168289=CARTESIAN_POINT('Control Point',(9048.781927669999,-2697.9699592,565.00599471));
#168290=CARTESIAN_POINT('Control Point',(9048.507853749999,-2697.92988434,565.008514398));
#168291=CARTESIAN_POINT('Control Point',(9048.233918099999,-2697.88885241,565.010798316));
#168292=CARTESIAN_POINT('Control Point',(9047.960125349999,-2697.8468641,565.0128464209999));
#168293=CARTESIAN_POINT('Control Point',(9046.982831239999,-2697.69349438,565.019318708));
#168294=CARTESIAN_POINT('Control Point',(9046.0074781,-2697.52794488,565.022782495));
#168295=CARTESIAN_POINT('Control Point',(9045.306311569999,-2697.40244843,565.023716367));
#168296=CARTESIAN_POINT('Control Point',(9044.60630881,-2697.27066486,565.0230901));
#168297=CARTESIAN_POINT('Control Point',(9043.907548589999,-2697.13260977,565.020903955));
#168298=EDGE_CURVE('',#168206,#168286,#168288,.T.);
#168299=EDGE_LOOP('',(#168300,#168301,#168302,#168303));
#168300=ORIENTED_EDGE('',*,*,#168287,.T.);
#168301=ORIENTED_EDGE('',*,*,#168298,.F.);
#168302=ORIENTED_EDGE('',*,*,#168207,.F.);
#168303=ORIENTED_EDGE('',*,*,#167698,.T.);
#168304=FACE_OUTER_BOUND('',#168299,.T.);
#168305=ADVANCED_FACE('PartBody',(#168304),#168223,.T.);
#168306=B_SPLINE_SURFACE_WITH_KNOTS('',2,5,((#168307,#168308,#168309,#168310,#168311,#168312,#168313,#168314,#168315),(#168316,#168317,#168318,#168319,#168320,#168321,#168322,#168323,#168324),(#168325,#168326,#168327,#168328,#168329,#168330,#168331,#168332,#168333)),.UNSPECIFIED.,.F.,.F.,.U.,(3,3),(6,3,6),(464.749294054,530.619105349),(0.,5.,10.),.UNSPECIFIED.);
#168307=CARTESIAN_POINT('Control Point',(8999.24041697,-2683.04004976,557.244076412));
#168308=CARTESIAN_POINT('Control Point',(8999.0501909,-2683.9988041,557.4908369));
#168309=CARTESIAN_POINT('Control Point',(8998.86808317,-2684.91340242,557.915459563));
#168310=CARTESIAN_POINT('Control Point',(8998.702513959999,-2685.74140281,558.507231588));
#168311=CARTESIAN_POINT('Control Point',(8998.419697399999,-2687.1479698,559.970560991));
#168312=CARTESIAN_POINT('Control Point',(8998.253253729999,-2687.95833659,561.845487926));
#168313=CARTESIAN_POINT('Control Point',(8998.204120069999,-2688.18981581,562.849079069));
#168314=CARTESIAN_POINT('Control Point',(8998.19133892,-2688.23692226,563.872590347));
#168315=CARTESIAN_POINT('Control Point',(8998.21387453,-2688.1056586,564.871864379));
#168316=CARTESIAN_POINT('Control Point',(9022.087321989999,-2687.55312523,557.3216667299999));
#168317=CARTESIAN_POINT('Control Point',(9021.897154439999,-2688.51158503,557.5683514040001));
#168318=CARTESIAN_POINT('Control Point',(9021.71510026,-2689.42591591,557.9927889960001));
#168319=CARTESIAN_POINT('Control Point',(9021.549571829999,-2690.2537152,558.584276403));
#168320=CARTESIAN_POINT('Control Point',(9021.26679779,-2691.66007984,560.046898525));
#168321=CARTESIAN_POINT('Control Point',(9021.10030683,-2692.47070073,561.92100121));
#168322=CARTESIAN_POINT('Control Point',(9021.051124009999,-2692.70243592,562.924190437));
#168323=CARTESIAN_POINT('Control Point',(9021.03826901,-2692.74992232,563.947358021));
#168324=CARTESIAN_POINT('Control Point',(9021.06071088,-2692.61913747,564.946384601));
#168325=CARTESIAN_POINT('Control Point',(9044.934227809999,-2692.06619694,557.399256077));
#168326=CARTESIAN_POINT('Control Point',(9044.74411878,-2693.02436225,557.645864953));
#168327=CARTESIAN_POINT('Control Point',(9044.56211814,-2693.93842573,558.0701175729999));
#168328=CARTESIAN_POINT('Control Point',(9044.396630489999,-2694.76602387,558.661320533));
#168329=CARTESIAN_POINT('Control Point',(9044.113899029999,-2696.17218583,560.123235751));
#168330=CARTESIAN_POINT('Control Point',(9043.94736095,-2696.98306001,561.9965143650001));
#168331=CARTESIAN_POINT('Control Point',(9043.89812908,-2697.21505066,562.99930165));
#168332=CARTESIAN_POINT('Control Point',(9043.88520033,-2697.26291642,564.022125328));
#168333=CARTESIAN_POINT('Control Point',(9043.90754858,-2697.13260982,565.020904025));
#168334=B_SPLINE_CURVE_WITH_KNOTS('',5,(#168335,#168336,#168337,#168338,#168339,#168340),.UNSPECIFIED.,.F.,.U.,(6,6),(464.749294315,530.619105349),.UNSPECIFIED.);
#168335=CARTESIAN_POINT('Control Point',(8998.21387471,-2688.10565864,564.871864379));
#168336=CARTESIAN_POINT('Control Point',(9007.35260921,-2689.91105018,564.901672468));
#168337=CARTESIAN_POINT('Control Point',(9016.491343849999,-2691.71644106,564.931480477));
#168338=CARTESIAN_POINT('Control Point',(9025.63007863,-2693.5218313,564.961288406));
#168339=CARTESIAN_POINT('Control Point',(9034.76881354,-2695.32722088,564.991096255));
#168340=CARTESIAN_POINT('Control Point',(9043.90754858,-2697.13260982,565.020904025));
#168341=CARTESIAN_POINT('Vertex',(8998.21387453,-2688.10565865,564.871864314));
#168342=VERTEX_POINT('',#168341);
#168343=EDGE_CURVE('',#168342,#168286,#168334,.T.);
#168344=B_SPLINE_CURVE_WITH_KNOTS('',5,(#168345,#168346,#168347,#168348,#168349,#168350),.UNSPECIFIED.,.F.,.U.,(6,6),(0.,10.),.UNSPECIFIED.);
#168345=CARTESIAN_POINT('Control Point',(8999.24041697,-2683.04004976,557.244076412));
#168346=CARTESIAN_POINT('Control Point',(8998.859964829999,-2684.95755845,557.7375973870001));
#168347=CARTESIAN_POINT('Control Point',(8998.511698419999,-2686.69991941,558.941393716));
#168348=CARTESIAN_POINT('Control Point',(8998.26468301,-2687.9188495,560.77685724));
#168349=CARTESIAN_POINT('Control Point',(8998.168803319999,-2688.36818593,562.873316314));
#168350=CARTESIAN_POINT('Control Point',(8998.21387453,-2688.1056586,564.871864379));
#168351=EDGE_CURVE('',#167682,#168342,#168344,.T.);
#168352=EDGE_LOOP('',(#168353,#168354,#168355,#168356));
#168353=ORIENTED_EDGE('',*,*,#168343,.T.);
#168354=ORIENTED_EDGE('',*,*,#168287,.F.);
#168355=ORIENTED_EDGE('',*,*,#167690,.F.);
#168356=ORIENTED_EDGE('',*,*,#168351,.T.);
#168357=FACE_OUTER_BOUND('',#168352,.T.);
#168358=ADVANCED_FACE('PartBody',(#168357),#168306,.F.);
#168359=B_SPLINE_SURFACE_WITH_KNOTS('',5,5,((#168360,#168361,#168362,#168363,#168364,#168365,#168366,#168367,#168368),(#168369,#168370,#168371,#168372,#168373,#168374,#168375,#168376,#168377),(#168378,#168379,#168380,#168381,#168382,#168383,#168384,#168385,#168386),(#168387,#168388,#168389,#168390,#168391,#168392,#168393,#168394,#168395),(#168396,#168397,#168398,#168399,#168400,#168401,#168402,#168403,#168404),(#168405,#168406,#168407,#168408,#168409,#168410,#168411,#168412,#168413)),.UNSPECIFIED.,.F.,.F.,.U.,(6,6),(6,3,6),(300.432358029,400.576766004),(0.,5.,10.),.UNSPECIFIED.);
#168360=CARTESIAN_POINT('Control Point',(8993.93985198,-2682.12385006,557.2585675940001));
#168361=CARTESIAN_POINT('Control Point',(8993.798510499999,-2683.09115493,557.5052194800001));
#168362=CARTESIAN_POINT('Control Point',(8993.665289499999,-2684.01429489,557.929769707));
#168363=CARTESIAN_POINT('Control Point',(8993.54644894,-2684.8504412,558.521508162));
#168364=CARTESIAN_POINT('Control Point',(8993.348472989999,-2686.27174226,559.984839709));
#168365=CARTESIAN_POINT('Control Point',(8993.243211429999,-2687.09259752,561.859872259));
#168366=CARTESIAN_POINT('Control Point',(8993.217135199999,-2687.32797465,562.863533447));
#168367=CARTESIAN_POINT('Control Point',(8993.21881599,-2687.37745084,563.887119013));
#168368=CARTESIAN_POINT('Control Point',(8993.24697878,-2687.24699597,564.886459642));
#168369=CARTESIAN_POINT('Control Point',(8995.00411532,-2682.28175042,557.2491876080001));
#168370=CARTESIAN_POINT('Control Point',(8994.852960729999,-2683.24755995,557.4959161949999));
#168371=CARTESIAN_POINT('Control Point',(8994.709925879999,-2684.16920807,557.920528937));
#168372=CARTESIAN_POINT('Control Point',(8994.581704209999,-2685.0039356,558.512313153));
#168373=CARTESIAN_POINT('Control Point',(8994.366694619999,-2686.42268231,559.975703026));
#168374=CARTESIAN_POINT('Control Point',(8994.24914645,-2687.24174858,561.850736796));
#168375=CARTESIAN_POINT('Control Point',(8994.218438689999,-2687.47647277,562.8543865730001));
#168376=CARTESIAN_POINT('Control Point',(8994.21721302,-2687.52556855,563.8779530640001));
#168377=CARTESIAN_POINT('Control Point',(8994.24424267,-2687.3950096,564.877271471));
#168378=CARTESIAN_POINT('Control Point',(8996.066515099999,-2682.45235442,557.24304724));
#168379=CARTESIAN_POINT('Control Point',(8995.90556395,-2683.41656095,557.489825041));
#168380=CARTESIAN_POINT('Control Point',(8995.752731949999,-2684.33660872,557.914476286));
#168381=CARTESIAN_POINT('Control Point',(8995.615145329999,-2685.16981202,558.5062867410001));
#168382=CARTESIAN_POINT('Control Point',(8995.383131909999,-2686.58580765,559.96970556));
#168383=CARTESIAN_POINT('Control Point',(8995.25331962,-2687.40293018,561.844729375));
#168384=CARTESIAN_POINT('Control Point',(8995.21798915,-2687.63693792,562.8483664410001));
#168385=CARTESIAN_POINT('Control Point',(8995.213862999999,-2687.68560638,563.871915965));
#168386=CARTESIAN_POINT('Control Point',(8995.23976248,-2687.55491441,564.871216602));
#168387=CARTESIAN_POINT('Control Point',(8997.126838959999,-2682.63563071,557.240148403));
#168388=CARTESIAN_POINT('Control Point',(8996.95610935,-2683.59812686,557.486947926));
#168389=CARTESIAN_POINT('Control Point',(8996.79349846,-2684.51646601,557.911613657));
#168390=CARTESIAN_POINT('Control Point',(8996.646564589999,-2685.34803985,558.503430823));
#168391=CARTESIAN_POINT('Control Point',(8996.397580119999,-2686.76108816,559.966849207));
#168392=CARTESIAN_POINT('Control Point',(8996.25552879,-2687.57611255,561.84185189));
#168393=CARTESIAN_POINT('Control Point',(8996.215585639999,-2687.80934052,562.845474944));
#168394=CARTESIAN_POINT('Control Point',(8996.20856605,-2687.85753486,563.8690096080001));
#168395=CARTESIAN_POINT('Control Point',(8996.23333922,-2687.72668101,564.868296925));
#168396=CARTESIAN_POINT('Control Point',(8998.184875859999,-2682.83154294,557.240491704));
#168397=CARTESIAN_POINT('Control Point',(8998.00438744,-2683.79222159,557.487285453));
#168398=CARTESIAN_POINT('Control Point',(8997.832017459999,-2684.70874416,557.911941653));
#168399=CARTESIAN_POINT('Control Point',(8997.675755569999,-2685.53858359,558.503746006));
#168400=CARTESIAN_POINT('Control Point',(8997.40983574,-2686.94848882,559.967134575));
#168401=CARTESIAN_POINT('Control Point',(8997.25557309,-2687.76126113,561.842104956));
#168402=CARTESIAN_POINT('Control Point',(8997.21102848,-2687.99364618,562.845712697));
#168403=CARTESIAN_POINT('Control Point',(8997.201123549999,-2688.04131979,563.869234609));
#168404=CARTESIAN_POINT('Control Point',(8997.224775139999,-2687.91027532,564.868513054));
#168405=CARTESIAN_POINT('Control Point',(8999.240416949999,-2683.0400498,557.244076424));
#168406=CARTESIAN_POINT('Control Point',(8999.05019088,-2683.99880414,557.490836909));
#168407=CARTESIAN_POINT('Control Point',(8998.86808317,-2684.91340245,557.915459567));
#168408=CARTESIAN_POINT('Control Point',(8998.702513959999,-2685.74140283,558.507231586));
#168409=CARTESIAN_POINT('Control Point',(8998.419697399999,-2687.14796982,559.9705609710001));
#168410=CARTESIAN_POINT('Control Point',(8998.25325374,-2687.95833661,561.845487885));
#168411=CARTESIAN_POINT('Control Point',(8998.204120069999,-2688.18981584,562.849079019));
#168412=CARTESIAN_POINT('Control Point',(8998.191338929999,-2688.2369223,563.872590288));
#168413=CARTESIAN_POINT('Control Point',(8998.21387453,-2688.10565865,564.871864314));
#168414=B_SPLINE_CURVE_WITH_KNOTS('',5,(#168415,#168416,#168417,#168418,#168419,#168420),.UNSPECIFIED.,.F.,.U.,(6,6),(300.432358029,400.576766004),.UNSPECIFIED.);
#168415=CARTESIAN_POINT('Control Point',(8993.24697878,-2687.24699597,564.886459642));
#168416=CARTESIAN_POINT('Control Point',(8994.24424267,-2687.3950096,564.877271471));
#168417=CARTESIAN_POINT('Control Point',(8995.23976248,-2687.55491441,564.871216602));
#168418=CARTESIAN_POINT('Control Point',(8996.23333922,-2687.72668101,564.868296925));
#168419=CARTESIAN_POINT('Control Point',(8997.224775139999,-2687.91027532,564.868513054));
#168420=CARTESIAN_POINT('Control Point',(8998.21387453,-2688.10565865,564.871864314));
#168421=CARTESIAN_POINT('Vertex',(8993.246978859999,-2687.24699518,564.886459558));
#168422=VERTEX_POINT('',#168421);
#168423=EDGE_CURVE('',#168422,#168342,#168414,.T.);
#168424=B_SPLINE_CURVE_WITH_KNOTS('',5,(#168425,#168426,#168427,#168428,#168429,#168430),.UNSPECIFIED.,.F.,.U.,(6,6),(0.,10.),.UNSPECIFIED.);
#168425=CARTESIAN_POINT('Control Point',(8993.93985198,-2682.12385006,557.2585675940001));
#168426=CARTESIAN_POINT('Control Point',(8993.657169009999,-2684.05845981,557.751871366));
#168427=CARTESIAN_POINT('Control Point',(8993.40673701,-2685.81789706,558.955594392));
#168428=CARTESIAN_POINT('Control Point',(8993.240005419999,-2687.05072041,560.79115472));
#168429=CARTESIAN_POINT('Control Point',(8993.19065319,-2687.50790572,562.887778383));
#168430=CARTESIAN_POINT('Control Point',(8993.24697878,-2687.24699597,564.886459642));
#168431=EDGE_CURVE('',#167674,#168422,#168424,.T.);
#168432=EDGE_LOOP('',(#168433,#168434,#168435,#168436));
#168433=ORIENTED_EDGE('',*,*,#168423,.T.);
#168434=ORIENTED_EDGE('',*,*,#168351,.F.);
#168435=ORIENTED_EDGE('',*,*,#167683,.F.);
#168436=ORIENTED_EDGE('',*,*,#168431,.T.);
#168437=FACE_OUTER_BOUND('',#168432,.T.);
#168438=ADVANCED_FACE('PartBody',(#168437),#168359,.F.);
#168439=B_SPLINE_SURFACE_WITH_KNOTS('',5,5,((#168440,#168441,#168442,#168443,#168444,#168445),(#168446,#168447,#168448,#168449,#168450,#168451),(#168452,#168453,#168454,#168455,#168456,#168457),(#168458,#168459,#168460,#168461,#168462,#168463),(#168464,#168465,#168466,#168467,#168468,#168469),(#168470,#168471,#168472,#168473,#168474,#168475),(#168476,#168477,#168478,#168479,#168480,#168481),(#168482,#168483,#168484,#168485,#168486,#168487),(#168488,#168489,#168490,#168491,#168492,#168493),(#168494,#168495,#168496,#168497,#168498,#168499),(#168500,#168501,#168502,#168503,#168504,#168505),(#168506,#168507,#168508,#168509,#168510,#168511)),.UNSPECIFIED.,.F.,.F.,.U.,(6,3,3,6),(6,6),(754.623864845,869.503241414,982.727884029,1039.34020534),(0.,10.),.UNSPECIFIED.);
#168440=CARTESIAN_POINT('Control Point',(8993.939835829999,-2682.12386184,557.258550766));
#168441=CARTESIAN_POINT('Control Point',(8993.65722519,-2684.05804421,557.752196168));
#168442=CARTESIAN_POINT('Control Point',(8993.406671139999,-2685.81817921,558.95528556));
#168443=CARTESIAN_POINT('Control Point',(8993.23994336,-2687.05110438,560.79099305));
#168444=CARTESIAN_POINT('Control Point',(8993.190715499999,-2687.50744724,562.888039643));
#168445=CARTESIAN_POINT('Control Point',(8993.246978399999,-2687.24701192,564.886444378));
#168446=CARTESIAN_POINT('Control Point',(8977.87358383,-2679.74011299,557.400206608));
#168447=CARTESIAN_POINT('Control Point',(8977.589538459999,-2681.67454497,557.893967264));
#168448=CARTESIAN_POINT('Control Point',(8977.33770453,-2683.4348836,559.097495677));
#168449=CARTESIAN_POINT('Control Point',(8977.16980731,-2684.66766322,560.933928154));
#168450=CARTESIAN_POINT('Control Point',(8977.1200754,-2685.12347524,563.031656228));
#168451=CARTESIAN_POINT('Control Point',(8977.1762361,-2684.86226606,565.030443298));
#168452=CARTESIAN_POINT('Control Point',(8961.80888871,-2677.34440482,557.538654794));
#168453=CARTESIAN_POINT('Control Point',(8961.524069559999,-2679.279192,558.0325499739999));
#168454=CARTESIAN_POINT('Control Point',(8961.27104541,-2681.03971246,559.2365456270001));
#168455=CARTESIAN_POINT('Control Point',(8961.10259404,-2682.27246997,561.073712138));
#168456=CARTESIAN_POINT('Control Point',(8961.052305519999,-2682.72777718,563.172093022));
#168457=CARTESIAN_POINT('Control Point',(8961.108587049999,-2682.46586081,565.171248056));
#168458=CARTESIAN_POINT('Control Point',(8945.74817497,-2674.93687962,557.674141434));
#168459=CARTESIAN_POINT('Control Point',(8945.46125484,-2676.87177479,558.1681562));
#168460=CARTESIAN_POINT('Control Point',(8945.206749469999,-2678.63245581,559.372591879));
#168461=CARTESIAN_POINT('Control Point',(8945.03667406,-2679.86497707,561.2104793669999));
#168462=CARTESIAN_POINT('Control Point',(8944.98594379,-2680.31977186,563.309538072));
#168463=CARTESIAN_POINT('Control Point',(8945.04205262,-2680.05708048,565.309064313));
#168464=CARTESIAN_POINT('Control Point',(8913.858603709999,-2670.13213326,557.936954601));
#168465=CARTESIAN_POINT('Control Point',(8913.570118219999,-2672.06774395,558.431218735));
#168466=CARTESIAN_POINT('Control Point',(8913.313301459999,-2673.82882457,559.636554423));
#168467=CARTESIAN_POINT('Control Point',(8913.141927499999,-2675.06125498,561.475890643));
#168468=CARTESIAN_POINT('Control Point',(8913.09003109,-2675.51499523,563.576267056));
#168469=CARTESIAN_POINT('Control Point',(8913.146168649999,-2675.25083417,565.576534806));
#168470=CARTESIAN_POINT('Control Point',(8881.978385209999,-2665.28029476,558.187665897));
#168471=CARTESIAN_POINT('Control Point',(8881.686065689999,-2667.21616841,558.6821732020001));
#168472=CARTESIAN_POINT('Control Point',(8881.426409419999,-2668.97755764,559.888396001));
#168473=CARTESIAN_POINT('Control Point',(8881.2521925,-2670.20958997,561.729165544));
#168474=CARTESIAN_POINT('Control Point',(8881.199520659999,-2670.66235233,563.830868526));
#168475=CARTESIAN_POINT('Control Point',(8881.2556109,-2670.39671998,565.831865954));
#168476=CARTESIAN_POINT('Control Point',(8866.1539373,-2662.85991854,558.309126695));
#168477=CARTESIAN_POINT('Control Point',(8865.86212043,-2664.79639708,558.8037586200001));
#168478=CARTESIAN_POINT('Control Point',(8865.601512399999,-2666.55801652,560.010427424));
#168479=CARTESIAN_POINT('Control Point',(8865.42742496,-2667.7901535,561.851920381));
#168480=CARTESIAN_POINT('Control Point',(8865.373676769999,-2668.24228551,563.954271557));
#168481=CARTESIAN_POINT('Control Point',(8865.42948209,-2667.97585867,565.955638927));
#168482=CARTESIAN_POINT('Control Point',(8842.42322361,-2659.21248757,558.4868226250001));
#168483=CARTESIAN_POINT('Control Point',(8842.126688009999,-2661.14878998,558.981630829));
#168484=CARTESIAN_POINT('Control Point',(8841.863786709999,-2662.91060281,560.188958939));
#168485=CARTESIAN_POINT('Control Point',(8841.686482309999,-2664.14222134,562.031508736));
#168486=CARTESIAN_POINT('Control Point',(8841.63319669,-2664.59383837,564.1348532649999));
#168487=CARTESIAN_POINT('Control Point',(8841.689745849999,-2664.32647593,566.136758684));
#168488=CARTESIAN_POINT('Control Point',(8818.6938892,-2655.53816812,558.657816525));
#168489=CARTESIAN_POINT('Control Point',(8818.398962069999,-2657.47553928,559.152815229));
#168490=CARTESIAN_POINT('Control Point',(8818.13472294,-2659.23771455,560.36080857));
#168491=CARTESIAN_POINT('Control Point',(8817.95781878,-2660.46953113,562.204443179));
#168492=CARTESIAN_POINT('Control Point',(8817.90192348,-2660.92000307,564.30875267));
#168493=CARTESIAN_POINT('Control Point',(8817.95676585,-2660.65120183,566.311205578));
#168494=CARTESIAN_POINT('Control Point',(8810.786760249999,-2654.31094177,558.714048456));
#168495=CARTESIAN_POINT('Control Point',(8810.488715969999,-2656.24795155,559.209103127));
#168496=CARTESIAN_POINT('Control Point',(8810.22486568,-2658.01042326,560.417320787));
#168497=CARTESIAN_POINT('Control Point',(8810.040968899999,-2659.2408823,562.261263568));
#168498=CARTESIAN_POINT('Control Point',(8809.9876909,-2659.69169199,564.3659352));
#168499=CARTESIAN_POINT('Control Point',(8810.044034249999,-2659.42283483,566.368561519));
#168500=CARTESIAN_POINT('Control Point',(8802.875874759999,-2653.07988538,558.7695725250001));
#168501=CARTESIAN_POINT('Control Point',(8802.58212857,-2655.01797902,559.264700017));
#168502=CARTESIAN_POINT('Control Point',(8802.31692711,-2656.78038434,560.473135561));
#168503=CARTESIAN_POINT('Control Point',(8802.14789083,-2658.01384619,562.317545527));
#168504=CARTESIAN_POINT('Control Point',(8802.087756629999,-2658.46304964,564.4224687990001));
#168505=CARTESIAN_POINT('Control Point',(8802.13596924,-2658.19221421,566.4252594));
#168506=CARTESIAN_POINT('Control Point',(8794.96940349,-2651.84675818,558.824311635));
#168507=CARTESIAN_POINT('Control Point',(8794.692984339999,-2653.78851712,559.319581695));
#168508=CARTESIAN_POINT('Control Point',(8794.43215011,-2655.55198188,560.528252862));
#168509=CARTESIAN_POINT('Control Point',(8794.233301979999,-2656.77956356,562.372833984));
#168510=CARTESIAN_POINT('Control Point',(8794.170931459999,-2657.22817196,564.478125743));
#168511=CARTESIAN_POINT('Control Point',(8794.22432736,-2656.95802677,566.48112385));
#168512=B_SPLINE_CURVE_WITH_KNOTS('',5,(#168513,#168514,#168515,#168516,#168517,#168518,#168519,#168520,#168521),.UNSPECIFIED.,.F.,.U.,(6,3,6),(754.623864845,869.503241414,920.538083977),.UNSPECIFIED.);
#168513=CARTESIAN_POINT('Control Point',(8993.246978399999,-2687.24701192,564.886444378));
#168514=CARTESIAN_POINT('Control Point',(8977.1762361,-2684.86226606,565.030443298));
#168515=CARTESIAN_POINT('Control Point',(8961.108587049999,-2682.46586081,565.171248056));
#168516=CARTESIAN_POINT('Control Point',(8945.04205262,-2680.05708048,565.309064313));
#168517=CARTESIAN_POINT('Control Point',(8921.84219537,-2676.56119905,565.503612213));
#168518=CARTESIAN_POINT('Control Point',(8898.64515599,-2673.03999286,565.6917377250001));
#168519=CARTESIAN_POINT('Control Point',(8891.510263549999,-2671.95451666,565.74899929));
#168520=CARTESIAN_POINT('Control Point',(8884.37578651,-2670.86667187,565.805654191));
#168521=CARTESIAN_POINT('Control Point',(8877.24167318,-2669.77644991,565.861701512));
#168522=CARTESIAN_POINT('Vertex',(8877.24167318,-2669.77644991,565.861701512));
#168523=VERTEX_POINT('',#168522);
#168524=EDGE_CURVE('',#168422,#168523,#168512,.T.);
#168525=B_SPLINE_CURVE_WITH_KNOTS('',5,(#168526,#168527,#168528,#168529,#168530,#168531),.UNSPECIFIED.,.F.,.U.,(6,6),(0.,14.2120627697),.UNSPECIFIED.);
#168526=CARTESIAN_POINT('Control Point',(8877.24167318,-2669.77644991,565.861701512));
#168527=CARTESIAN_POINT('Control Point',(8877.18557503,-2670.04229141,563.860469656));
#168528=CARTESIAN_POINT('Control Point',(8877.238336409999,-2669.58974094,561.7590852020001));
#168529=CARTESIAN_POINT('Control Point',(8877.412129659999,-2668.35734431,559.917606303));
#168530=CARTESIAN_POINT('Control Point',(8877.671556289999,-2666.59613777,558.7114944260001));
#168531=CARTESIAN_POINT('Control Point',(8877.963218409999,-2664.65988274,558.216923462));
#168532=EDGE_CURVE('',#168523,#167666,#168525,.T.);
#168533=EDGE_LOOP('',(#168534,#168535,#168536,#168537));
#168534=ORIENTED_EDGE('',*,*,#168524,.F.);
#168535=ORIENTED_EDGE('',*,*,#168431,.F.);
#168536=ORIENTED_EDGE('',*,*,#167675,.T.);
#168537=ORIENTED_EDGE('',*,*,#168532,.F.);
#168538=FACE_OUTER_BOUND('',#168533,.T.);
#168539=ADVANCED_FACE('PartBody',(#168538),#168439,.T.);
#168540=CARTESIAN_POINT('Axis2P3D Location',(8871.44490658,-2660.72289509,553.332988345));
#168541=DIRECTION('Axis2P3D Direction',(-0.04426635360090554,-0.2407623685610301,-0.9695741187881215));
#168542=DIRECTION('Axis2P3D XDirection',(0.1461565112740286,0.9585221345091876,-0.2446908087120479));
#168543=AXIS2_PLACEMENT_3D('Cylinder Axis2P3D',#168540,#168541,#168542);
#168544=CYLINDRICAL_SURFACE('generated cylinder',#168543,7.);
#168545=CARTESIAN_POINT('Line Origine',(8872.46800216,-2654.01324015,551.620152684));
#168546=DIRECTION('Vector Direction',(-0.04426635360090554,-0.2407623685610301,-0.9695741187881215));
#168547=VECTOR('Line Direction',#168546,1.);
#168548=LINE('Line',#168545,#168547);
#168549=CARTESIAN_POINT('Vertex',(8872.51226852,-2653.77247778,552.589726803));
#168550=VERTEX_POINT('',#168549);
#168551=EDGE_CURVE('',#167650,#168550,#168548,.T.);
#168552=CARTESIAN_POINT('Axis2P3D Location',(8871.489172939999,-2660.48213272,554.3025624639999));
#168553=DIRECTION('Axis2P3D Direction',(-0.04426635360090554,-0.2407623685610301,-0.9695741187881215));
#168554=AXIS2_PLACEMENT_3D('Circle Axis2P3D',#168552,#168553,$);
#168555=CIRCLE('generated circle',#168554,7.);
#168556=CARTESIAN_POINT('Vertex',(8878.40884783,-2661.53817107,554.2488744790001));
#168557=VERTEX_POINT('',#168556);
#168558=EDGE_CURVE('',#168550,#168557,#168555,.T.);
#168559=CARTESIAN_POINT('Line Origine',(8878.36458148,-2661.77893344,553.27930036));
#168560=DIRECTION('Vector Direction',(-0.04426635360090554,-0.2407623685610301,-0.9695741187881215));
#168561=VECTOR('Line Direction',#168560,1.);
#168562=LINE('Line',#168559,#168561);
#168563=EDGE_CURVE('',#167660,#168557,#168562,.T.);
#168564=EDGE_LOOP('',(#168565,#168566,#168567,#168568));
#168565=ORIENTED_EDGE('',*,*,#168551,.T.);
#168566=ORIENTED_EDGE('',*,*,#168558,.T.);
#168567=ORIENTED_EDGE('',*,*,#168563,.F.);
#168568=ORIENTED_EDGE('',*,*,#167661,.F.);
#168569=FACE_OUTER_BOUND('',#168564,.T.);
#168570=ADVANCED_FACE('PartBody',(#168569),#168544,.F.);
#168571=CARTESIAN_POINT('Axis2P3D Location',(8872.51226852,-2653.77247778,552.589726803));
#168572=DIRECTION('Axis2P3D Direction',(-0.1461565112730499,-0.9585221345093276,0.2446908087120836));
#168573=DIRECTION('Axis2P3D XDirection',(-0.9882705925764251,0.1525411404840656,0.007241291905623115));
#168574=AXIS2_PLACEMENT_3D('Plane Axis2P3D',#168571,#168572,#168573);
#168575=PLANE('',#168574);
#168576=CARTESIAN_POINT('Line Origine',(8838.23408738,-2648.10078487,554.332594972));
#168577=DIRECTION('Vector Direction',(-0.04426635360070594,-0.2407623685610323,-0.96957411878813));
#168578=VECTOR('Line Direction',#168577,1.);
#168579=LINE('Line',#168576,#168578);
#168580=CARTESIAN_POINT('Vertex',(8838.16600573,-2648.4710774,552.8413899780001));
#168581=VERTEX_POINT('',#168580);
#168582=EDGE_CURVE('',#167644,#168581,#168579,.T.);
#168583=CARTESIAN_POINT('Line Origine',(8855.33913712,-2651.12177759,552.71555839));
#168584=DIRECTION('Vector Direction',(-0.9882705925764251,0.1525411404840656,0.007241291905623115));
#168585=VECTOR('Line Direction',#168584,1.);
#168586=LINE('Line',#168583,#168585);
#168587=EDGE_CURVE('',#168550,#168581,#168586,.T.);
#168588=EDGE_LOOP('',(#168589,#168590,#168591,#168592));
#168589=ORIENTED_EDGE('',*,*,#167651,.T.);
#168590=ORIENTED_EDGE('',*,*,#168582,.T.);
#168591=ORIENTED_EDGE('',*,*,#168587,.F.);
#168592=ORIENTED_EDGE('',*,*,#168551,.F.);
#168593=FACE_OUTER_BOUND('',#168588,.T.);
#168594=ADVANCED_FACE('PartBody',(#168593),#168575,.T.);
#168595=CARTESIAN_POINT('Axis2P3D Location',(8840.97179134,-2630.02065814,547.100345089));
#168596=DIRECTION('Axis2P3D Direction',(-0.04426635360090554,-0.2407623685610301,-0.9695741187881215));
#168597=DIRECTION('Axis2P3D XDirection',(-0.1461565112730499,-0.9585221345093276,0.2446908087120836));
#168598=AXIS2_PLACEMENT_3D('Cylinder Axis2P3D',#168595,#168596,#168597);
#168599=CYLINDRICAL_SURFACE('generated cylinder',#168598,19.5);
#168600=CARTESIAN_POINT('Line Origine',(8821.79325449,-2626.49450952,547.100345089));
#168601=DIRECTION('Vector Direction',(-0.04426635360090554,-0.2407623685610301,-0.9695741187881215));
#168602=VECTOR('Line Direction',#168601,1.);
#168603=LINE('Line',#168600,#168602);
#168604=CARTESIAN_POINT('Vertex',(8821.837520839999,-2626.25374715,548.069919208));
#168605=VERTEX_POINT('',#168604);
#168606=EDGE_CURVE('',#167634,#168605,#168603,.T.);
#168607=CARTESIAN_POINT('Axis2P3D Location',(8841.016057699999,-2629.77989577,548.069919208));
#168608=DIRECTION('Axis2P3D Direction',(-0.04426635360090554,-0.2407623685610301,-0.9695741187881215));
#168609=AXIS2_PLACEMENT_3D('Circle Axis2P3D',#168607,#168608,$);
#168610=CIRCLE('generated circle',#168609,19.5);
#168611=EDGE_CURVE('',#168581,#168605,#168610,.T.);
#168612=EDGE_LOOP('',(#168613,#168614,#168615,#168616));
#168613=ORIENTED_EDGE('',*,*,#167645,.T.);
#168614=ORIENTED_EDGE('',*,*,#168606,.T.);
#168615=ORIENTED_EDGE('',*,*,#168611,.F.);
#168616=ORIENTED_EDGE('',*,*,#168582,.F.);
#168617=FACE_OUTER_BOUND('',#168612,.T.);
#168618=ADVANCED_FACE('PartBody',(#168617),#168599,.T.);
#168619=CARTESIAN_POINT('Axis2P3D Location',(8821.837520839999,-2626.25374715,548.069919208));
#168620=DIRECTION('Axis2P3D Direction',(-0.9835147105151214,0.1808281344270223,1.366823321190169e-13));
#168621=DIRECTION('Axis2P3D XDirection',(0.1753262790889713,0.953590408762844,-0.24479793335796));
#168622=AXIS2_PLACEMENT_3D('Plane Axis2P3D',#168619,#168620,#168621);
#168623=PLANE('',#168622);
#168624=CARTESIAN_POINT('Line Origine',(8839.166422799999,-2532.00276099,525.460840082));
#168625=DIRECTION('Vector Direction',(-0.04426635360070594,-0.2407623685610323,-0.96957411878813));
#168626=VECTOR('Line Direction',#168625,1.);
#168627=LINE('Line',#168624,#168626);
#168628=CARTESIAN_POINT('Vertex',(8839.09834115,-2532.37305351,523.969635087));
#168629=VERTEX_POINT('',#168628);
#168630=EDGE_CURVE('',#167627,#168629,#168627,.T.);
#168631=CARTESIAN_POINT('Line Origine',(8830.467930999999,-2579.31340033,536.019777147));
#168632=DIRECTION('Vector Direction',(0.1753262790889713,0.953590408762844,-0.24479793335796));
#168633=VECTOR('Line Direction',#168632,1.);
#168634=LINE('Line',#168631,#168633);
#168635=EDGE_CURVE('',#168605,#168629,#168634,.T.);
#168636=EDGE_LOOP('',(#168637,#168638,#168639,#168640));
#168637=ORIENTED_EDGE('',*,*,#167635,.T.);
#168638=ORIENTED_EDGE('',*,*,#168630,.T.);
#168639=ORIENTED_EDGE('',*,*,#168635,.F.);
#168640=ORIENTED_EDGE('',*,*,#168606,.F.);
#168641=FACE_OUTER_BOUND('',#168636,.T.);
#168642=ADVANCED_FACE('PartBody',(#168641),#168623,.T.);
#168643=CARTESIAN_POINT('Axis2P3D Location',(8858.232611649999,-2536.1399645,523.000060968));
#168644=DIRECTION('Axis2P3D Direction',(-0.04426635360090554,-0.2407623685610301,-0.9695741187881215));
#168645=DIRECTION('Axis2P3D XDirection',(-0.9835147105152992,0.180828134426055,5.42246812094165e-13));
#168646=AXIS2_PLACEMENT_3D('Cylinder Axis2P3D',#168643,#168644,#168645);
#168647=CYLINDRICAL_SURFACE('generated cylinder',#168646,19.5);
#168648=CARTESIAN_POINT('Line Origine',(8839.611647969999,-2530.38034351,522.419994093));
#168649=DIRECTION('Vector Direction',(-0.04426635360090554,-0.2407623685610301,-0.9695741187881215));
#168650=VECTOR('Line Direction',#168649,1.);
#168651=LINE('Line',#168648,#168650);
#168652=CARTESIAN_POINT('Vertex',(8839.655914319999,-2530.13958114,523.389568212));
#168653=VERTEX_POINT('',#168652);
#168654=EDGE_CURVE('',#167619,#168653,#168651,.T.);
#168655=CARTESIAN_POINT('Axis2P3D Location',(8858.27687801,-2535.89920213,523.969635087));
#168656=DIRECTION('Axis2P3D Direction',(-0.04426635360090554,-0.2407623685610301,-0.9695741187881215));
#168657=AXIS2_PLACEMENT_3D('Circle Axis2P3D',#168655,#168656,$);
#168658=CIRCLE('generated circle',#168657,19.5);
#168659=EDGE_CURVE('',#168629,#168653,#168658,.T.);
#168660=EDGE_LOOP('',(#168661,#168662,#168663,#168664));
#168661=ORIENTED_EDGE('',*,*,#167628,.T.);
#168662=ORIENTED_EDGE('',*,*,#168654,.T.);
#168663=ORIENTED_EDGE('',*,*,#168659,.F.);
#168664=ORIENTED_EDGE('',*,*,#168630,.F.);
#168665=FACE_OUTER_BOUND('',#168660,.T.);
#168666=ADVANCED_FACE('PartBody',(#168665),#168647,.T.);
#168667=CARTESIAN_POINT('Axis2P3D Location',(8839.655914319999,-2530.13958114,523.389568212));
#168668=DIRECTION('Axis2P3D Direction',(-0.9549212144712904,0.2953651790570899,-0.02974701923300905));
#168669=DIRECTION('Axis2P3D XDirection',(0.2935403960130382,0.9245501029611204,-0.2429838328430316));
#168670=AXIS2_PLACEMENT_3D('Plane Axis2P3D',#168667,#168668,#168669);
#168671=PLANE('',#168670);
#168672=CARTESIAN_POINT('Line Origine',(8843.5117894,-2518.57568883,514.431165278));
#168673=DIRECTION('Vector Direction',(0.04426635360089488,0.2407623685619722,0.9695741187878881));
#168674=VECTOR('Line Direction',#168673,1.);
#168675=LINE('Line',#168672,#168674);
#168676=CARTESIAN_POINT('Vertex',(8843.47943069,-2518.75168612,513.722406597));
#168677=VERTEX_POINT('',#168676);
#168678=CARTESIAN_POINT('Vertex',(8843.5441481,-2518.39969154,515.1399239580001));
#168679=VERTEX_POINT('',#168678);
#168680=EDGE_CURVE('',#168677,#168679,#168675,.T.);
#168681=CARTESIAN_POINT('Axis2P3D Location',(8842.07644612,-2523.02244206,516.354843123));
#168682=DIRECTION('Axis2P3D Direction',(-0.9549212144712904,0.2953651790570899,-0.02974701923300905));
#168683=AXIS2_PLACEMENT_3D('Circle Axis2P3D',#168681,#168682,$);
#168684=CIRCLE('generated circle',#168683,5.);
#168685=CARTESIAN_POINT('Vertex',(8842.29777789,-2521.81863021,521.2027137159999));
#168686=VERTEX_POINT('',#168685);
#168687=EDGE_CURVE('',#168686,#168679,#168684,.T.);
#168688=CARTESIAN_POINT('Line Origine',(8840.976846109999,-2525.97910568,522.296140964));
#168689=DIRECTION('Vector Direction',(-0.2935403960130382,-0.9245501029611204,0.2429838328430316));
#168690=VECTOR('Line Direction',#168689,1.);
#168691=LINE('Line',#168688,#168690);
#168692=EDGE_CURVE('',#168686,#168653,#168691,.T.);
#168693=CARTESIAN_POINT('Axis2P3D Location',(8842.07644612,-2523.02244206,516.354843123));
#168694=DIRECTION('Axis2P3D Direction',(-0.9549212144712904,0.2953651790570899,-0.02974701923300905));
#168695=AXIS2_PLACEMENT_3D('Circle Axis2P3D',#168693,#168694,$);
#168696=CIRCLE('generated circle',#168695,8.076);
#168697=CARTESIAN_POINT('Vertex',(8844.447078359999,-2515.55577542,514.392505689));
#168698=VERTEX_POINT('',#168697);
#168699=EDGE_CURVE('',#167613,#168698,#168696,.T.);
#168700=CARTESIAN_POINT('Line Origine',(8844.41471965,-2515.73177272,513.683747008));
#168701=DIRECTION('Vector Direction',(0.04426635360089488,0.2407623685619722,0.9695741187878881));
#168702=VECTOR('Line Direction',#168701,1.);
#168703=LINE('Line',#168700,#168702);
#168704=CARTESIAN_POINT('Vertex',(8844.38236095,-2515.90777001,512.974988327));
#168705=VERTEX_POINT('',#168704);
#168706=EDGE_CURVE('',#168705,#168698,#168703,.T.);
#168707=CARTESIAN_POINT('Line Origine',(8843.93089582,-2517.32972807,513.348697462));
#168708=DIRECTION('Vector Direction',(-0.2935403960130382,-0.9245501029611204,0.2429838328430316));
#168709=VECTOR('Line Direction',#168708,1.);
#168710=LINE('Line',#168707,#168709);
#168711=EDGE_CURVE('',#168705,#168677,#168710,.T.);
#168712=EDGE_LOOP('',(#168713,#168714,#168715,#168716,#168717,#168718,#168719,#168720));
#168713=ORIENTED_EDGE('',*,*,#168680,.T.);
#168714=ORIENTED_EDGE('',*,*,#168687,.F.);
#168715=ORIENTED_EDGE('',*,*,#168692,.T.);
#168716=ORIENTED_EDGE('',*,*,#168654,.F.);
#168717=ORIENTED_EDGE('',*,*,#167620,.F.);
#168718=ORIENTED_EDGE('',*,*,#168699,.T.);
#168719=ORIENTED_EDGE('',*,*,#168706,.F.);
#168720=ORIENTED_EDGE('',*,*,#168711,.T.);
#168721=FACE_OUTER_BOUND('',#168712,.T.);
#168722=ADVANCED_FACE('PartBody',(#168721),#168671,.T.);
#168723=CARTESIAN_POINT('Axis2P3D Location',(9114.402094879999,-2607.25506019,524.838135973));
#168724=DIRECTION('Axis2P3D Direction',(-0.9549212144716607,0.2953651790558951,-0.02974701923298943));
#168725=DIRECTION('Axis2P3D XDirection',(-0.2388654433819324,-0.8240003508137668,-0.5137769183378545));
#168726=AXIS2_PLACEMENT_3D('Cylinder Axis2P3D',#168723,#168724,#168725);
#168727=CYLINDRICAL_SURFACE('generated cylinder',#168726,8.076);
#168728=CARTESIAN_POINT('Axis2P3D Location',(9379.84353905,-2689.35833583,533.1069770300001));
#168729=DIRECTION('Axis2P3D Direction',(-0.9549212144716607,0.2953651790558951,-0.02974701923298943));
#168730=AXIS2_PLACEMENT_3D('Circle Axis2P3D',#168728,#168729,$);
#168731=CIRCLE('generated circle',#168730,8.076);
#168732=CARTESIAN_POINT('Vertex',(9382.214171289999,-2681.8916692,531.144639596));
#168733=VERTEX_POINT('',#168732);
#168734=EDGE_CURVE('',#168733,#167605,#168731,.F.);
#168735=CARTESIAN_POINT('Line Origine',(9111.61030074,-2598.19161158,522.714982343));
#168736=DIRECTION('Vector Direction',(-0.9549212144716607,0.2953651790558951,-0.02974701923298943));
#168737=VECTOR('Line Direction',#168736,1.);
#168738=LINE('Line',#168735,#168737);
#168739=EDGE_CURVE('',#168733,#168698,#168738,.T.);
#168740=EDGE_LOOP('',(#168741,#168742,#168743,#168744));
#168741=ORIENTED_EDGE('',*,*,#167614,.F.);
#168742=ORIENTED_EDGE('',*,*,#168734,.F.);
#168743=ORIENTED_EDGE('',*,*,#168739,.T.);
#168744=ORIENTED_EDGE('',*,*,#168699,.F.);
#168745=FACE_OUTER_BOUND('',#168740,.T.);
#168746=ADVANCED_FACE('PartBody',(#168745),#168727,.T.);
#168747=CARTESIAN_POINT('Axis2P3D Location',(9384.467976759999,-2674.28627244,534.310090132));
#168748=DIRECTION('Axis2P3D Direction',(0.9549212144715725,-0.2953651790561771,0.02974701923301783));
#168749=DIRECTION('Axis2P3D XDirection',(-0.2935403960130382,-0.9245501029611204,0.2429838328430316));
#168750=AXIS2_PLACEMENT_3D('Plane Axis2P3D',#168747,#168748,#168749);
#168751=PLANE('',#168750);
#168752=CARTESIAN_POINT('Line Origine',(9379.91810062,-2688.61679904,538.076339541));
#168753=DIRECTION('Vector Direction',(-0.2935403960121243,-0.9245501029613917,0.242983832843103));
#168754=VECTOR('Line Direction',#168753,1.);
#168755=LINE('Line',#168752,#168754);
#168756=CARTESIAN_POINT('Vertex',(9380.064870819999,-2688.15452399,537.954847624));
#168757=VERTEX_POINT('',#168756);
#168758=EDGE_CURVE('',#168757,#167900,#168755,.T.);
#168759=CARTESIAN_POINT('Axis2P3D Location',(9379.84353905,-2689.35833583,533.1069770300001));
#168760=DIRECTION('Axis2P3D Direction',(0.9549212144715725,-0.2953651790561771,0.02974701923301783));
#168761=AXIS2_PLACEMENT_3D('Circle Axis2P3D',#168759,#168760,$);
#168762=CIRCLE('generated circle',#168761,5.);
#168763=CARTESIAN_POINT('Vertex',(9381.31124103,-2684.73558532,531.892057866));
#168764=VERTEX_POINT('',#168763);
#168765=EDGE_CURVE('',#168764,#168757,#168762,.T.);
#168766=CARTESIAN_POINT('Line Origine',(9381.278882319999,-2684.91158261,531.183299185));
#168767=DIRECTION('Vector Direction',(0.04426635360079509,0.2407623685619733,0.9695741187878923));
#168768=VECTOR('Line Direction',#168767,1.);
#168769=LINE('Line',#168766,#168768);
#168770=CARTESIAN_POINT('Vertex',(9381.246523619999,-2685.0875799,530.4745405039999));
#168771=VERTEX_POINT('',#168770);
#168772=EDGE_CURVE('',#168771,#168764,#168769,.T.);
#168773=CARTESIAN_POINT('Line Origine',(9381.69798875,-2683.66562184,530.10083137));
#168774=DIRECTION('Vector Direction',(-0.2935403960130382,-0.9245501029611204,0.2429838328430316));
#168775=VECTOR('Line Direction',#168774,1.);
#168776=LINE('Line',#168773,#168775);
#168777=CARTESIAN_POINT('Vertex',(9382.14945388,-2682.24366378,529.727122235));
#168778=VERTEX_POINT('',#168777);
#168779=EDGE_CURVE('',#168778,#168771,#168776,.T.);
#168780=CARTESIAN_POINT('Line Origine',(9382.18181258,-2682.06766649,530.435880915));
#168781=DIRECTION('Vector Direction',(0.04426635360079509,0.2407623685619733,0.9695741187878923));
#168782=VECTOR('Line Direction',#168781,1.);
#168783=LINE('Line',#168780,#168782);
#168784=EDGE_CURVE('',#168778,#168733,#168783,.T.);
#168785=EDGE_LOOP('',(#168786,#168787,#168788,#168789,#168790,#168791,#168792,#168793));
#168786=ORIENTED_EDGE('',*,*,#168758,.F.);
#168787=ORIENTED_EDGE('',*,*,#168765,.F.);
#168788=ORIENTED_EDGE('',*,*,#168772,.F.);
#168789=ORIENTED_EDGE('',*,*,#168779,.F.);
#168790=ORIENTED_EDGE('',*,*,#168784,.T.);
#168791=ORIENTED_EDGE('',*,*,#168734,.T.);
#168792=ORIENTED_EDGE('',*,*,#167608,.T.);
#168793=ORIENTED_EDGE('',*,*,#167906,.F.);
#168794=FACE_OUTER_BOUND('',#168785,.T.);
#168795=ADVANCED_FACE('PartBody',(#168794),#168751,.T.);
#168796=B_SPLINE_SURFACE_WITH_KNOTS('',5,5,((#168797,#168798,#168799,#168800,#168801,#168802),(#168803,#168804,#168805,#168806,#168807,#168808),(#168809,#168810,#168811,#168812,#168813,#168814),(#168815,#168816,#168817,#168818,#168819,#168820),(#168821,#168822,#168823,#168824,#168825,#168826),(#168827,#168828,#168829,#168830,#168831,#168832)),.UNSPECIFIED.,.F.,.F.,.U.,(6,6),(6,6),(29.7091959933,60.1905728068),(0.,100.),.UNSPECIFIED.);
#168797=CARTESIAN_POINT('Control Point',(9328.716906129999,-2733.52605205,583.191385219));
#168798=CARTESIAN_POINT('Control Point',(9327.91206712,-2733.41987379,583.176312017));
#168799=CARTESIAN_POINT('Control Point',(9327.106172169999,-2733.32155036,583.162290238));
#168800=CARTESIAN_POINT('Control Point',(9326.299325329999,-2733.23109546,583.1493218320001));
#168801=CARTESIAN_POINT('Control Point',(9325.491630909999,-2733.1485208,583.137408474));
#168802=CARTESIAN_POINT('Control Point',(9324.683193429999,-2733.07383603,583.126551569));
#168803=CARTESIAN_POINT('Control Point',(9328.71599345,-2734.10065343,578.89782316));
#168804=CARTESIAN_POINT('Control Point',(9327.91115032,-2733.99449996,578.882888548));
#168805=CARTESIAN_POINT('Control Point',(9327.105251679999,-2733.89620272,578.868994895));
#168806=CARTESIAN_POINT('Control Point',(9326.29840159,-2733.80577545,578.856144133));
#168807=CARTESIAN_POINT('Control Point',(9325.49070436,-2733.72322983,578.844337922));
#168808=CARTESIAN_POINT('Control Point',(9324.682264499999,-2733.64857552,578.833577654));
#168809=CARTESIAN_POINT('Control Point',(9328.715047989999,-2734.66817574,574.6027282700001));
#168810=CARTESIAN_POINT('Control Point',(9327.91019805,-2734.56204777,574.587931374));
#168811=CARTESIAN_POINT('Control Point',(9327.10429306,-2734.46377759,574.574164974));
#168812=CARTESIAN_POINT('Control Point',(9326.29743705,-2734.37337873,574.5614309920001));
#168813=CARTESIAN_POINT('Control Point',(9325.48973433,-2734.29086289,574.5497310760001));
#168814=CARTESIAN_POINT('Control Point',(9324.681289419999,-2734.21623989,574.539066593));
#168815=CARTESIAN_POINT('Control Point',(9328.714073859999,-2735.22861473,570.3061214860001));
#168816=CARTESIAN_POINT('Control Point',(9327.90921394,-2735.12251337,570.29145801));
#168817=CARTESIAN_POINT('Control Point',(9327.103299389999,-2735.02427115,570.27781459));
#168818=CARTESIAN_POINT('Control Point',(9326.296434259999,-2734.93390203,570.265193107));
#168819=CARTESIAN_POINT('Control Point',(9325.48872286,-2734.85141734,570.253595191));
#168820=CARTESIAN_POINT('Control Point',(9324.68026972,-2734.77682694,570.243022224));
#168821=CARTESIAN_POINT('Control Point',(9328.71312217,-2735.78197255,566.008023936));
#168822=CARTESIAN_POINT('Control Point',(9327.908255389999,-2735.67589946,565.993491552));
#168823=CARTESIAN_POINT('Control Point',(9327.10233442,-2735.57768699,565.979968753));
#168824=CARTESIAN_POINT('Control Point',(9326.29546333,-2735.48734885,565.967457418));
#168825=CARTESIAN_POINT('Control Point',(9325.487746429999,-2735.40489673,565.955959164));
#168826=CARTESIAN_POINT('Control Point',(9324.679288239999,-2735.33034027,565.945475346));
#168827=CARTESIAN_POINT('Control Point',(9328.71217228,-2736.32824478,561.708431008));
#168828=CARTESIAN_POINT('Control Point',(9327.90730065,-2736.22220084,561.694032267));
#168829=CARTESIAN_POINT('Control Point',(9327.101375319999,-2736.12401889,561.68063264));
#168830=CARTESIAN_POINT('Control Point',(9326.29450032,-2736.03371264,561.66823399));
#168831=CARTESIAN_POINT('Control Point',(9325.486779979999,-2735.95129377,561.6568379190001));
#168832=CARTESIAN_POINT('Control Point',(9324.67831881,-2735.8767719,561.646445771));
#168833=B_SPLINE_CURVE_WITH_KNOTS('',5,(#168834,#168835,#168836,#168837,#168838,#168839),.UNSPECIFIED.,.F.,.U.,(6,6),(29.8958851373,60.1905728068),.UNSPECIFIED.);
#168834=CARTESIAN_POINT('Control Point',(9328.71687817,-2733.54364569,583.059900848));
#168835=CARTESIAN_POINT('Control Point',(9328.71597028,-2734.11455544,578.79259823));
#168836=CARTESIAN_POINT('Control Point',(9328.715030089999,-2734.6784725,574.523781881));
#168837=CARTESIAN_POINT('Control Point',(9328.714062199999,-2735.23539276,570.253472354));
#168838=CARTESIAN_POINT('Control Point',(9328.713116359999,-2735.7853183,565.98169024));
#168839=CARTESIAN_POINT('Control Point',(9328.71217228,-2736.32824478,561.708431008));
#168840=CARTESIAN_POINT('Vertex',(9328.71686332,-2733.54364603,583.059900897));
#168841=VERTEX_POINT('',#168840);
#168842=EDGE_CURVE('',#168841,#167569,#168833,.T.);
#168843=B_SPLINE_CURVE_WITH_KNOTS('',5,(#168844,#168845,#168846,#168847,#168848,#168849),.UNSPECIFIED.,.F.,.U.,(6,6),(29.7091959933,59.993354039),.UNSPECIFIED.);
#168844=CARTESIAN_POINT('Control Point',(9324.683193429999,-2733.07383603,583.126551569));
#168845=CARTESIAN_POINT('Control Point',(9324.68227051,-2733.64485688,578.861353795));
#168846=CARTESIAN_POINT('Control Point',(9324.68130203,-2734.20889386,574.594638702));
#168847=CARTESIAN_POINT('Control Point',(9324.680289509999,-2734.76594482,570.326410054));
#168848=CARTESIAN_POINT('Control Point',(9324.67931365,-2735.31601326,566.056697884));
#168849=CARTESIAN_POINT('Control Point',(9324.678350169999,-2735.85909149,561.785521761));
#168850=CARTESIAN_POINT('Vertex',(9324.68319344,-2733.07383593,583.126551587));
#168851=VERTEX_POINT('',#168850);
#168852=EDGE_CURVE('',#168851,#167866,#168843,.T.);
#168853=B_SPLINE_CURVE_WITH_KNOTS('',5,(#168854,#168855,#168856,#168857,#168858,#168859,#168860,#168861,#168862,#168863,#168864,#168865,#168866,#168867,#168868,#168869,#168870,#168871,#168872,#168873,#168874,#168875,#168876,#168877),.UNSPECIFIED.,.F.,.U.,(6,3,3,3,3,3,3,6),(0.,25.3289763336,37.9934645004,46.4614327225,50.6579526672,75.1330716599,85.1377787642,99.4430740014),.UNSPECIFIED.);
#168854=CARTESIAN_POINT('Control Point',(9328.71661125,-2733.54361043,583.059896187));
#168855=CARTESIAN_POINT('Control Point',(9328.5129151,-2733.51586232,583.062630718));
#168856=CARTESIAN_POINT('Control Point',(9328.30915132,-2733.4886156,583.065445258));
#168857=CARTESIAN_POINT('Control Point',(9328.1053216,-2733.46187049,583.068339896));
#168858=CARTESIAN_POINT('Control Point',(9327.799480619999,-2733.42250549,583.072802385));
#168859=CARTESIAN_POINT('Control Point',(9327.493498869999,-2733.38426989,583.077446358));
#168860=CARTESIAN_POINT('Control Point',(9327.391489529999,-2733.3716502,583.079014553));
#168861=CARTESIAN_POINT('Control Point',(9327.221247379999,-2733.35080197,583.081665083));
#168862=CARTESIAN_POINT('Control Point',(9327.050963449999,-2733.3303033,583.0843720940001));
#168863=CARTESIAN_POINT('Control Point',(9326.982722479999,-2733.32214544,583.0854659));
#168864=CARTESIAN_POINT('Control Point',(9326.88065309,-2733.3100287,583.087115369));
#168865=CARTESIAN_POINT('Control Point',(9326.778569119999,-2733.29803754,583.088785203));
#168866=CARTESIAN_POINT('Control Point',(9326.726619379999,-2733.2919614,583.089639098));
#168867=CARTESIAN_POINT('Control Point',(9326.49548193,-2733.26504309,583.0934565159999));
#168868=CARTESIAN_POINT('Control Point',(9326.26425826,-2733.2387669,583.097380401));
#168869=CARTESIAN_POINT('Control Point',(9326.065972409999,-2733.21671108,583.100826403));
#168870=CARTESIAN_POINT('Control Point',(9325.78768763,-2733.18642856,583.105763371));
#168871=CARTESIAN_POINT('Control Point',(9325.50930466,-2733.15707897,583.110849079));
#168872=CARTESIAN_POINT('Control Point',(9325.428521219999,-2733.14864148,583.112337312));
#168873=CARTESIAN_POINT('Control Point',(9325.232212969999,-2733.12833079,583.115984308));
#168874=CARTESIAN_POINT('Control Point',(9325.03587184,-2733.10848519,583.119706821));
#168875=CARTESIAN_POINT('Control Point',(9324.91433749,-2733.09637497,583.122038911));
#168876=CARTESIAN_POINT('Control Point',(9324.79879126,-2733.08502661,583.124284583));
#168877=CARTESIAN_POINT('Control Point',(9324.68323821,-2733.07384037,583.126550645));
#168878=EDGE_CURVE('',#168841,#168851,#168853,.T.);
#168879=EDGE_LOOP('',(#168880,#168881,#168882,#168883));
#168880=ORIENTED_EDGE('',*,*,#168842,.T.);
#168881=ORIENTED_EDGE('',*,*,#167867,.F.);
#168882=ORIENTED_EDGE('',*,*,#168852,.F.);
#168883=ORIENTED_EDGE('',*,*,#168878,.F.);
#168884=FACE_OUTER_BOUND('',#168879,.T.);
#168885=ADVANCED_FACE('PartBody',(#168884),#168796,.T.);
#168886=CARTESIAN_POINT('Axis2P3D Location',(17803.8374718,96834.13491009999,-24559.7776041));
#168887=DIRECTION('Axis2P3D Direction',(-0.04426635360090554,-0.2407623685610301,-0.9695741187881215));
#168888=DIRECTION('Axis2P3D XDirection',(-0.9835147105151214,0.1808281344270223,1.366906433160169e-13));
#168889=AXIS2_PLACEMENT_3D('Plane Axis2P3D',#168886,#168887,#168888);
#168890=PLANE('',#168889);
#168891=CARTESIAN_POINT('Line Origine',(9360.44465575,-2735.90143002,550.707017187));
#168892=DIRECTION('Vector Direction',(0.125974865342985,0.9614332305998855,-0.2444922829049709));
#168893=VECTOR('Line Direction',#168892,1.);
#168894=LINE('Line',#168891,#168893);
#168895=CARTESIAN_POINT('Vertex',(9360.413162119999,-2736.14178765,550.768140085));
#168896=VERTEX_POINT('',#168895);
#168897=EDGE_CURVE('',#168896,#167996,#168894,.T.);
#168898=B_SPLINE_CURVE_WITH_KNOTS('',5,(#168899,#168900,#168901,#168902,#168903,#168904),.UNSPECIFIED.,.F.,.U.,(6,6),(230.677411333,275.237064912),.UNSPECIFIED.);
#168899=CARTESIAN_POINT('Control Point',(9360.413162119999,-2736.14178765,550.768140085));
#168900=CARTESIAN_POINT('Control Point',(9354.1666439,-2735.30254896,550.844929974));
#168901=CARTESIAN_POINT('Control Point',(9347.92026691,-2734.46145719,550.921253264));
#168902=CARTESIAN_POINT('Control Point',(9341.674038219999,-2733.61851437,550.997110133));
#168903=CARTESIAN_POINT('Control Point',(9335.42796682,-2732.77372275,551.072500733));
#168904=CARTESIAN_POINT('Control Point',(9329.18206311,-2731.92708477,551.147425193));
#168905=CARTESIAN_POINT('Vertex',(9329.18206311,-2731.92708477,551.147425193));
#168906=VERTEX_POINT('',#168905);
#168907=EDGE_CURVE('',#168906,#168896,#168898,.F.);
#168908=B_SPLINE_CURVE_WITH_KNOTS('',5,(#168909,#168910,#168911,#168912,#168913,#168914,#168915,#168916,#168917),.UNSPECIFIED.,.F.,.U.,(6,3,6),(300.282425004,328.309059075,400.376486839),.UNSPECIFIED.);
#168909=CARTESIAN_POINT('Control Point',(9324.877292379999,-2731.42760122,551.219930904));
#168910=CARTESIAN_POINT('Control Point',(9325.118867319999,-2731.45093022,551.21469469));
#168911=CARTESIAN_POINT('Control Point',(9325.36038029,-2731.47490963,551.209622815));
#168912=CARTESIAN_POINT('Control Point',(9325.601828859999,-2731.49953923,551.204715334));
#168913=CARTESIAN_POINT('Control Point',(9326.46389728,-2731.58982233,551.187776089));
#168914=CARTESIAN_POINT('Control Point',(9327.325082019999,-2731.68839194,551.172934877));
#168915=CARTESIAN_POINT('Control Point',(9327.944632999999,-2731.76365308,551.163337661));
#168916=CARTESIAN_POINT('Control Point',(9328.563643,-2731.84320053,551.15482951));
#168917=CARTESIAN_POINT('Control Point',(9329.18207051,-2731.9270287,551.147410931));
#168918=CARTESIAN_POINT('Vertex',(9324.877292379999,-2731.42760122,551.219930904));
#168919=VERTEX_POINT('',#168918);
#168920=EDGE_CURVE('',#168919,#168906,#168908,.T.);
#168921=B_SPLINE_CURVE_WITH_KNOTS('',5,(#168922,#168923,#168924,#168925,#168926,#168927),.UNSPECIFIED.,.F.,.U.,(6,6),(900.222193022,933.641426117),.UNSPECIFIED.);
#168922=CARTESIAN_POINT('Control Point',(9301.361252589999,-2729.15664558,551.729648174));
#168923=CARTESIAN_POINT('Control Point',(9306.06446052,-2729.610837,551.627704793));
#168924=CARTESIAN_POINT('Control Point',(9310.767668459999,-2730.06502827,551.525761375));
#168925=CARTESIAN_POINT('Control Point',(9315.47087641,-2730.51921939,551.423817919));
#168926=CARTESIAN_POINT('Control Point',(9320.174084369999,-2730.97341035,551.321874425));
#168927=CARTESIAN_POINT('Control Point',(9324.87729233,-2731.42760117,551.219930893));
#168928=CARTESIAN_POINT('Vertex',(9301.361252589999,-2729.15664558,551.729648174));
#168929=VERTEX_POINT('',#168928);
#168930=EDGE_CURVE('',#168929,#168919,#168921,.T.);
#168931=B_SPLINE_CURVE_WITH_KNOTS('',5,(#168932,#168933,#168934,#168935,#168936,#168937),.UNSPECIFIED.,.F.,.U.,(6,6),(300.200498449,400.267313044),.UNSPECIFIED.);
#168932=CARTESIAN_POINT('Control Point',(9301.36125254,-2729.1566455,551.729648157));
#168933=CARTESIAN_POINT('Control Point',(9300.63380921,-2729.08639594,551.745415711));
#168934=CARTESIAN_POINT('Control Point',(9299.907052729999,-2729.0089367,551.759361618));
#168935=CARTESIAN_POINT('Control Point',(9299.181083019999,-2728.92427753,551.771483732));
#168936=CARTESIAN_POINT('Control Point',(9298.455999669999,-2728.8324301,551.781780409));
#168937=CARTESIAN_POINT('Control Point',(9297.73190173,-2728.73340808,551.79025052));
#168938=CARTESIAN_POINT('Vertex',(9297.73190173,-2728.73340808,551.79025052));
#168939=VERTEX_POINT('',#168938);
#168940=EDGE_CURVE('',#168939,#168929,#168931,.F.);
#168941=B_SPLINE_CURVE_WITH_KNOTS('',5,(#168942,#168943,#168944,#168945,#168946,#168947),.UNSPECIFIED.,.F.,.U.,(6,6),(319.826004591,674.610505384),.UNSPECIFIED.);
#168942=CARTESIAN_POINT('Control Point',(9297.731900159999,-2728.73341985,551.790253513));
#168943=CARTESIAN_POINT('Control Point',(9248.00754694,-2721.93347387,552.371895175));
#168944=CARTESIAN_POINT('Control Point',(9198.298115649999,-2715.01727666,552.923988337));
#168945=CARTESIAN_POINT('Control Point',(9148.61156659,-2707.98641962,553.446564741));
#168946=CARTESIAN_POINT('Control Point',(9098.957885669999,-2700.84265363,553.93960325));
#168947=CARTESIAN_POINT('Control Point',(9049.324237549999,-2693.58427873,554.403267735));
#168948=CARTESIAN_POINT('Vertex',(9049.324237549999,-2693.58427873,554.403267735));
#168949=VERTEX_POINT('',#168948);
#168950=EDGE_CURVE('',#168949,#168939,#168941,.F.);
#168951=B_SPLINE_CURVE_WITH_KNOTS('',5,(#168952,#168953,#168954,#168955,#168956,#168957,#168958,#168959,#168960),.UNSPECIFIED.,.F.,.U.,(6,3,6),(300.315584431,328.345379719,400.420952273),.UNSPECIFIED.);
#168952=CARTESIAN_POINT('Control Point',(9049.32423747,-2693.58427881,554.4032677599999));
#168953=CARTESIAN_POINT('Control Point',(9049.069743669999,-2693.5470619,554.405645175));
#168954=CARTESIAN_POINT('Control Point',(9048.815378069999,-2693.50895725,554.407796296));
#168955=CARTESIAN_POINT('Control Point',(9048.56114496,-2693.46996549,554.409721084));
#168956=CARTESIAN_POINT('Control Point',(9047.653667679999,-2693.32754486,554.415786822));
#168957=CARTESIAN_POINT('Control Point',(9046.74799025,-2693.17382674,554.418965021));
#168958=CARTESIAN_POINT('Control Point',(9046.096911249999,-2693.05730532,554.419756008));
#168959=CARTESIAN_POINT('Control Point',(9045.4469116,-2692.93495223,554.419049609));
#168960=CARTESIAN_POINT('Control Point',(9044.79806445,-2692.80678196,554.416846083));
#168961=CARTESIAN_POINT('Vertex',(9044.79806445,-2692.80678196,554.416846083));
#168962=VERTEX_POINT('',#168961);
#168963=EDGE_CURVE('',#168962,#168949,#168951,.F.);
#168964=B_SPLINE_CURVE_WITH_KNOTS('',5,(#168965,#168966,#168967,#168968,#168969,#168970),.UNSPECIFIED.,.F.,.U.,(6,6),(464.749294054,530.619105349),.UNSPECIFIED.);
#168965=CARTESIAN_POINT('Control Point',(8999.104253669999,-2683.7806348,554.261666423));
#168966=CARTESIAN_POINT('Control Point',(9008.243015669999,-2685.58586499,554.2927025500001));
#168967=CARTESIAN_POINT('Control Point',(9017.38177776,-2687.3910948,554.3237385800001));
#168968=CARTESIAN_POINT('Control Point',(9026.520539929999,-2689.19632424,554.3547745130001));
#168969=CARTESIAN_POINT('Control Point',(9035.65930218,-2691.0015533,554.3858103490001));
#168970=CARTESIAN_POINT('Control Point',(9044.798064499999,-2692.80678199,554.4168460880001));
#168971=CARTESIAN_POINT('Vertex',(8999.104253669999,-2683.7806348,554.261666423));
#168972=VERTEX_POINT('',#168971);
#168973=EDGE_CURVE('',#168972,#168962,#168964,.T.);
#168974=B_SPLINE_CURVE_WITH_KNOTS('',5,(#168975,#168976,#168977,#168978,#168979,#168980),.UNSPECIFIED.,.F.,.U.,(6,6),(300.432358029,400.576766004),.UNSPECIFIED.);
#168975=CARTESIAN_POINT('Control Point',(8993.80368868,-2682.8644351,554.276157604));
#168976=CARTESIAN_POINT('Control Point',(8994.86795202,-2683.02233547,554.266777619));
#168977=CARTESIAN_POINT('Control Point',(8995.9303518,-2683.19293946,554.2606372500001));
#168978=CARTESIAN_POINT('Control Point',(8996.990675659999,-2683.37621576,554.257738413));
#168979=CARTESIAN_POINT('Control Point',(8998.048712559999,-2683.57212798,554.258081715));
#168980=CARTESIAN_POINT('Control Point',(8999.104253649999,-2683.78063485,554.2616664339999));
#168981=CARTESIAN_POINT('Vertex',(8993.80368952,-2682.86442868,554.276155972));
#168982=VERTEX_POINT('',#168981);
#168983=EDGE_CURVE('',#168982,#168972,#168974,.T.);
#168984=B_SPLINE_CURVE_WITH_KNOTS('',5,(#168985,#168986,#168987,#168988,#168989,#168990,#168991,#168992,#168993),.UNSPECIFIED.,.F.,.U.,(6,3,6),(754.623864845,835.220707264,920.539889689),.UNSPECIFIED.);
#168985=CARTESIAN_POINT('Control Point',(8993.80368952,-2682.86442868,554.276155972));
#168986=CARTESIAN_POINT('Control Point',(8982.531802019999,-2681.19206447,554.375501639));
#168987=CARTESIAN_POINT('Control Point',(8971.261137739999,-2679.51381575,554.4733302340001));
#168988=CARTESIAN_POINT('Control Point',(8959.99162834,-2677.8296737,554.569642686));
#168989=CARTESIAN_POINT('Control Point',(8936.794470749999,-2674.35055101,554.764792036));
#168990=CARTESIAN_POINT('Control Point',(8913.601154329999,-2670.8463055,554.953527579));
#168991=CARTESIAN_POINT('Control Point',(8901.675441179999,-2669.03766981,555.048885346));
#168992=CARTESIAN_POINT('Control Point',(8889.750740399999,-2667.22239067,555.142547205));
#168993=CARTESIAN_POINT('Control Point',(8877.827055009999,-2665.40046841,555.234513106));
#168994=CARTESIAN_POINT('Vertex',(8877.827055009999,-2665.40046841,555.234513106));
#168995=VERTEX_POINT('',#168994);
#168996=EDGE_CURVE('',#168995,#168982,#168984,.F.);
#168997=CARTESIAN_POINT('Line Origine',(8878.117951419999,-2663.46931974,554.741693792));
#168998=DIRECTION('Vector Direction',(0.1444259153969711,0.9587877508968079,-0.244677754795951));
#168999=VECTOR('Line Direction',#168998,1.);
#169000=LINE('Line',#168997,#168999);
#169001=EDGE_CURVE('',#168995,#168557,#169000,.T.);
#169002=CARTESIAN_POINT('Line Origine',(9111.18132435,-2604.9865771,529.57878067));
#169003=DIRECTION('Vector Direction',(-0.9549212144715725,0.2953651790561771,-0.02974701923301783));
#169004=VECTOR('Line Direction',#169003,1.);
#169005=LINE('Line',#169002,#169004);
#169006=EDGE_CURVE('',#168757,#168686,#169005,.T.);
#169007=EDGE_LOOP('',(#169008,#169009,#169010,#169011,#169012,#169013,#169014,#169015,#169016,#169017,#169018,#169019,#169020,#169021,#169022,#169023,#169024,#169025,#169026,#169027,#169028,#169029,#169030,#169031));
#169008=ORIENTED_EDGE('',*,*,#167901,.T.);
#169009=ORIENTED_EDGE('',*,*,#167930,.F.);
#169010=ORIENTED_EDGE('',*,*,#167954,.T.);
#169011=ORIENTED_EDGE('',*,*,#167978,.T.);
#169012=ORIENTED_EDGE('',*,*,#168002,.F.);
#169013=ORIENTED_EDGE('',*,*,#168897,.F.);
#169014=ORIENTED_EDGE('',*,*,#168907,.F.);
#169015=ORIENTED_EDGE('',*,*,#168920,.F.);
#169016=ORIENTED_EDGE('',*,*,#168930,.F.);
#169017=ORIENTED_EDGE('',*,*,#168940,.F.);
#169018=ORIENTED_EDGE('',*,*,#168950,.F.);
#169019=ORIENTED_EDGE('',*,*,#168963,.F.);
#169020=ORIENTED_EDGE('',*,*,#168973,.F.);
#169021=ORIENTED_EDGE('',*,*,#168983,.F.);
#169022=ORIENTED_EDGE('',*,*,#168996,.F.);
#169023=ORIENTED_EDGE('',*,*,#169001,.T.);
#169024=ORIENTED_EDGE('',*,*,#168558,.F.);
#169025=ORIENTED_EDGE('',*,*,#168587,.T.);
#169026=ORIENTED_EDGE('',*,*,#168611,.T.);
#169027=ORIENTED_EDGE('',*,*,#168635,.T.);
#169028=ORIENTED_EDGE('',*,*,#168659,.T.);
#169029=ORIENTED_EDGE('',*,*,#168692,.F.);
#169030=ORIENTED_EDGE('',*,*,#169006,.F.);
#169031=ORIENTED_EDGE('',*,*,#168758,.T.);
#169032=FACE_OUTER_BOUND('',#169007,.T.);
#169033=ADVANCED_FACE('PartBody',(#169032),#168890,.T.);
#169034=B_SPLINE_SURFACE_WITH_KNOTS('',5,5,((#169035,#169036,#169037,#169038,#169039,#169040,#169041,#169042,#169043),(#169044,#169045,#169046,#169047,#169048,#169049,#169050,#169051,#169052),(#169053,#169054,#169055,#169056,#169057,#169058,#169059,#169060,#169061),(#169062,#169063,#169064,#169065,#169066,#169067,#169068,#169069,#169070),(#169071,#169072,#169073,#169074,#169075,#169076,#169077,#169078,#169079),(#169080,#169081,#169082,#169083,#169084,#169085,#169086,#169087,#169088)),.UNSPECIFIED.,.F.,.F.,.U.,(6,6),(6,3,6),(230.604067549,275.237064912),(0.,5.,10.),.UNSPECIFIED.);
#169035=CARTESIAN_POINT('Control Point',(9360.464569989999,-2736.1486944,550.7675081040001));
#169036=CARTESIAN_POINT('Control Point',(9360.28183672,-2737.54120021,551.121634647));
#169037=CARTESIAN_POINT('Control Point',(9360.110707899999,-2738.87059397,551.7299779579999));
#169038=CARTESIAN_POINT('Control Point',(9359.959192069999,-2740.07587471,552.577319771));
#169039=CARTESIAN_POINT('Control Point',(9359.709186619999,-2742.1284283,554.6727850140001));
#169040=CARTESIAN_POINT('Control Point',(9359.5816177,-2743.32382104,557.36001701));
#169041=CARTESIAN_POINT('Control Point',(9359.55260298,-2743.67148872,558.799437758));
#169042=CARTESIAN_POINT('Control Point',(9359.55968156,-2743.75327753,560.2691026270001));
#169043=CARTESIAN_POINT('Control Point',(9359.601007769999,-2743.57717459,561.7061653440001));
#169044=CARTESIAN_POINT('Control Point',(9354.20776926,-2735.30808657,550.844427463));
#169045=CARTESIAN_POINT('Control Point',(9354.02466985,-2736.700674,551.198590992));
#169046=CARTESIAN_POINT('Control Point',(9353.85317701,-2738.03013775,551.807018212));
#169047=CARTESIAN_POINT('Control Point',(9353.701316819999,-2739.23546193,552.654486522));
#169048=CARTESIAN_POINT('Control Point',(9353.450695939999,-2741.28802437,554.75026359));
#169049=CARTESIAN_POINT('Control Point',(9353.322706319999,-2742.48325094,557.437856693));
#169050=CARTESIAN_POINT('Control Point',(9353.293542089999,-2742.83078682,558.877453359));
#169051=CARTESIAN_POINT('Control Point',(9353.30053907,-2742.91239806,560.347268922));
#169052=CARTESIAN_POINT('Control Point',(9353.341851739999,-2742.73608264,561.784440754));
#169053=CARTESIAN_POINT('Control Point',(9347.9511102,-2734.46561955,550.920878686));
#169054=CARTESIAN_POINT('Control Point',(9347.767644739999,-2735.85828845,551.275079158));
#169055=CARTESIAN_POINT('Control Point',(9347.595787999999,-2737.18782203,551.883590227));
#169056=CARTESIAN_POINT('Control Point',(9347.44358354,-2738.39318954,552.731184962));
#169057=CARTESIAN_POINT('Control Point',(9347.19234745,-2740.44576059,554.827273687));
#169058=CARTESIAN_POINT('Control Point',(9347.063937359999,-2741.64082088,557.5152277));
#169059=CARTESIAN_POINT('Control Point',(9347.03462375,-2741.98822493,558.955000182));
#169060=CARTESIAN_POINT('Control Point',(9347.041539239999,-2742.06965862,560.424966338));
#169061=CARTESIAN_POINT('Control Point',(9347.082838499999,-2741.89313078,561.862247193));
#169062=CARTESIAN_POINT('Control Point',(9341.694599889999,-2733.62129536,550.99686195));
#169063=CARTESIAN_POINT('Control Point',(9341.510768489999,-2735.01404558,551.351099323));
#169064=CARTESIAN_POINT('Control Point',(9341.33854794,-2736.34364886,551.959694184));
#169065=CARTESIAN_POINT('Control Point',(9341.18599932,-2737.54905954,552.80741527));
#169066=CARTESIAN_POINT('Control Point',(9340.93414824,-2739.60163898,554.903815483));
#169067=CARTESIAN_POINT('Control Point',(9340.805317929999,-2740.79653289,557.5921302089999));
#169068=CARTESIAN_POINT('Control Point',(9340.775855039999,-2741.14380509,559.032078405));
#169069=CARTESIAN_POINT('Control Point',(9340.782689169999,-2741.22506125,560.502195055));
#169070=CARTESIAN_POINT('Control Point',(9340.823975129999,-2741.04832105,561.93958484));
#169071=CARTESIAN_POINT('Control Point',(9335.43824738,-2732.77511629,551.072377409));
#169072=CARTESIAN_POINT('Control Point',(9335.25405014,-2734.16794768,551.426651641));
#169073=CARTESIAN_POINT('Control Point',(9335.081465879999,-2735.49762049,552.035330233));
#169074=CARTESIAN_POINT('Control Point',(9334.92857321,-2736.70307423,552.883177598));
#169075=CARTESIAN_POINT('Control Point',(9334.67610735,-2738.75566183,554.979889131));
#169076=CARTESIAN_POINT('Control Point',(9334.54685703,-2739.95038924,557.668564372));
#169077=CARTESIAN_POINT('Control Point',(9334.51724499,-2740.29752957,559.1086881800001));
#169078=CARTESIAN_POINT('Control Point',(9334.52399788,-2740.37860821,560.578955222));
#169079=CARTESIAN_POINT('Control Point',(9334.56527067,-2740.20165572,562.016453845));
#169080=CARTESIAN_POINT('Control Point',(9329.18206311,-2731.92708477,551.147425193));
#169081=CARTESIAN_POINT('Control Point',(9328.99750012,-2733.31999718,551.501736241));
#169082=CARTESIAN_POINT('Control Point',(9328.824552259999,-2734.64973938,552.110498507));
#169083=CARTESIAN_POINT('Control Point',(9328.671315629999,-2735.85523603,552.958472077));
#169084=CARTESIAN_POINT('Control Point',(9328.418235199999,-2737.90783157,555.055494761));
#169085=CARTESIAN_POINT('Control Point',(9328.2885651,-2739.10239237,557.744530318));
#169086=CARTESIAN_POINT('Control Point',(9328.258804019999,-2739.44940081,559.184829636));
#169087=CARTESIAN_POINT('Control Point',(9328.26547579,-2739.53030196,560.655246971));
#169088=CARTESIAN_POINT('Control Point',(9328.30673552,-2739.35313723,562.0928543380001));
#169089=B_SPLINE_CURVE_WITH_KNOTS('',5,(#169090,#169091,#169092,#169093,#169094,#169095),.UNSPECIFIED.,.F.,.U.,(6,6),(0.,17.6004636774),.UNSPECIFIED.);
#169090=CARTESIAN_POINT('Control Point',(9359.551456989999,-2743.57051601,561.706785001));
#169091=CARTESIAN_POINT('Control Point',(9359.468739419999,-2743.92271008,558.832709327));
#169092=CARTESIAN_POINT('Control Point',(9359.522490759999,-2743.24560434,555.826676408));
#169093=CARTESIAN_POINT('Control Point',(9359.729430949999,-2741.46159284,553.1998732980001));
#169094=CARTESIAN_POINT('Control Point',(9360.04824371,-2738.92682489,551.476374511));
#169095=CARTESIAN_POINT('Control Point',(9360.413162119999,-2736.14178765,550.768140085));
#169096=CARTESIAN_POINT('Vertex',(9359.55145698,-2743.57051601,561.706785001));
#169097=VERTEX_POINT('',#169096);
#169098=EDGE_CURVE('',#169097,#168896,#169089,.T.);
#169099=B_SPLINE_CURVE_WITH_KNOTS('',5,(#169100,#169101,#169102,#169103,#169104,#169105),.UNSPECIFIED.,.F.,.U.,(6,6),(230.67473523,275.237033265),.UNSPECIFIED.);
#169100=CARTESIAN_POINT('Control Point',(9359.55145698,-2743.57051601,561.706785001));
#169101=CARTESIAN_POINT('Control Point',(9353.30221645,-2742.7307446,561.784933457));
#169102=CARTESIAN_POINT('Control Point',(9347.053118289999,-2741.88911919,561.862614427));
#169103=CARTESIAN_POINT('Control Point',(9340.804169559999,-2741.04564178,561.939828089));
#169104=CARTESIAN_POINT('Control Point',(9334.555379239999,-2740.20031466,562.016574593));
#169105=CARTESIAN_POINT('Control Point',(9328.306757709999,-2739.35314024,562.092854068));
#169106=CARTESIAN_POINT('Vertex',(9328.306757709999,-2739.35314024,562.092854068));
#169107=VERTEX_POINT('',#169106);
#169108=EDGE_CURVE('',#169107,#169097,#169099,.F.);
#169109=B_SPLINE_CURVE_WITH_KNOTS('',5,(#169110,#169111,#169112,#169113,#169114,#169115),.UNSPECIFIED.,.F.,.U.,(6,6),(0.,10.),.UNSPECIFIED.);
#169110=CARTESIAN_POINT('Control Point',(9329.18206311,-2731.92708477,551.147425193));
#169111=CARTESIAN_POINT('Control Point',(9328.812937139999,-2734.71290959,551.856047289));
#169112=CARTESIAN_POINT('Control Point',(9328.489969229999,-2737.24813807,553.580819842));
#169113=CARTESIAN_POINT('Control Point',(9328.279722489999,-2739.03181697,556.209825099));
#169114=CARTESIAN_POINT('Control Point',(9328.22421606,-2739.70746668,559.217639603));
#169115=CARTESIAN_POINT('Control Point',(9328.30673552,-2739.35313723,562.0928543380001));
#169116=EDGE_CURVE('',#169107,#168906,#169109,.F.);
#169117=EDGE_LOOP('',(#169118,#169119,#169120,#169121));
#169118=ORIENTED_EDGE('',*,*,#169098,.F.);
#169119=ORIENTED_EDGE('',*,*,#169108,.F.);
#169120=ORIENTED_EDGE('',*,*,#169116,.T.);
#169121=ORIENTED_EDGE('',*,*,#168907,.T.);
#169122=FACE_OUTER_BOUND('',#169117,.T.);
#169123=ADVANCED_FACE('PartBody',(#169122),#169034,.F.);
#169124=B_SPLINE_SURFACE_WITH_KNOTS('',5,5,((#169125,#169126,#169127,#169128,#169129,#169130),(#169131,#169132,#169133,#169134,#169135,#169136),(#169137,#169138,#169139,#169140,#169141,#169142),(#169143,#169144,#169145,#169146,#169147,#169148),(#169149,#169150,#169151,#169152,#169153,#169154),(#169155,#169156,#169157,#169158,#169159,#169160)),.UNSPECIFIED.,.F.,.F.,.U.,(6,6),(6,6),(8.86911546355,30.4177085619),(2.02867837855,25.6600273473),.UNSPECIFIED.);
#169125=CARTESIAN_POINT('Control Point',(9301.162184179999,-2733.58833768,562.293574414));
#169126=CARTESIAN_POINT('Control Point',(9305.865437099999,-2734.04249024,562.191963469));
#169127=CARTESIAN_POINT('Control Point',(9310.56869002,-2734.49664284,562.09035252));
#169128=CARTESIAN_POINT('Control Point',(9315.27194293,-2734.9507955,561.9887415650001));
#169129=CARTESIAN_POINT('Control Point',(9319.975195839999,-2735.4049482,561.887130606));
#169130=CARTESIAN_POINT('Control Point',(9324.67844874,-2735.85910096,561.7855196420001));
#169131=CARTESIAN_POINT('Control Point',(9301.163302499999,-2733.04287901,566.564445333));
#169132=CARTESIAN_POINT('Control Point',(9305.866527869999,-2733.49750129,566.46294789));
#169133=CARTESIAN_POINT('Control Point',(9310.56975323,-2733.95212363,566.361450442));
#169134=CARTESIAN_POINT('Control Point',(9315.27297858,-2734.40674601,566.25995299));
#169135=CARTESIAN_POINT('Control Point',(9319.97620393,-2734.86136844,566.1584555330001));
#169136=CARTESIAN_POINT('Control Point',(9324.679429279999,-2735.31599092,566.05695807));
#169137=CARTESIAN_POINT('Control Point',(9301.16440505,-2732.49036707,570.834437289));
#169138=CARTESIAN_POINT('Control Point',(9305.867603429999,-2732.94545611,570.733053799));
#169139=CARTESIAN_POINT('Control Point',(9310.570801809999,-2733.40054518,570.631670307));
#169140=CARTESIAN_POINT('Control Point',(9315.27400019,-2733.85563433,570.530286806));
#169141=CARTESIAN_POINT('Control Point',(9319.97719856,-2734.3107235,570.428903302));
#169142=CARTESIAN_POINT('Control Point',(9324.68039693,-2734.76581273,570.327519794));
#169143=CARTESIAN_POINT('Control Point',(9301.165493189999,-2731.93080142,575.103536913));
#169144=CARTESIAN_POINT('Control Point',(9305.868665509999,-2732.38635458,575.002267343));
#169145=CARTESIAN_POINT('Control Point',(9310.571837829999,-2732.84190778,574.900997769));
#169146=CARTESIAN_POINT('Control Point',(9315.275010149999,-2733.29746104,574.799728188));
#169147=CARTESIAN_POINT('Control Point',(9319.978182449999,-2733.75301433,574.698458605));
#169148=CARTESIAN_POINT('Control Point',(9324.68135476,-2734.20856767,574.597189016));
#169149=CARTESIAN_POINT('Control Point',(9301.16656075,-2731.36419139,579.371693617));
#169150=CARTESIAN_POINT('Control Point',(9305.869708,-2731.82020462,579.270537963));
#169151=CARTESIAN_POINT('Control Point',(9310.572855249999,-2732.2762179,579.169382304));
#169152=CARTESIAN_POINT('Control Point',(9315.27600249,-2732.73223123,579.06822664));
#169153=CARTESIAN_POINT('Control Point',(9319.97914972,-2733.1882446,578.967070972));
#169154=CARTESIAN_POINT('Control Point',(9324.68229696,-2733.64425802,578.865915298));
#169155=CARTESIAN_POINT('Control Point',(9301.167608059999,-2730.79053805,583.638881471));
#169156=CARTESIAN_POINT('Control Point',(9305.870730979999,-2731.24700733,583.537840121));
#169157=CARTESIAN_POINT('Control Point',(9310.573853899999,-2731.70347665,583.436798766));
#169158=CARTESIAN_POINT('Control Point',(9315.276976809999,-2732.15994602,583.335757407));
#169159=CARTESIAN_POINT('Control Point',(9319.98009972,-2732.61641543,583.234716043));
#169160=CARTESIAN_POINT('Control Point',(9324.68322262,-2733.07288489,583.133674674));
#169161=B_SPLINE_CURVE_WITH_KNOTS('',3,(#169162,#169163,#169164,#169165),.UNSPECIFIED.,.F.,.U.,(4,4),(28.8830615746,59.1437281895),.UNSPECIFIED.);
#169162=CARTESIAN_POINT('Control Point',(9301.162439079999,-2733.58767183,562.298974087));
#169163=CARTESIAN_POINT('Control Point',(9301.164295529999,-2732.67906362,569.413159955));
#169164=CARTESIAN_POINT('Control Point',(9301.16587094,-2731.74720027,576.5224399270001));
#169165=CARTESIAN_POINT('Control Point',(9301.16766008,-2730.79218637,583.62665867));
#169166=CARTESIAN_POINT('Vertex',(9301.16766008,-2730.79218637,583.62665867));
#169167=VERTEX_POINT('',#169166);
#169168=EDGE_CURVE('',#168046,#169167,#169161,.T.);
#169169=B_SPLINE_CURVE_WITH_KNOTS('',5,(#169170,#169171,#169172,#169173,#169174,#169175,#169176,#169177,#169178,#169179,#169180,#169181,#169182,#169183,#169184,#169185,#169186,#169187,#169188,#169189,#169190),.UNSPECIFIED.,.F.,.U.,(6,3,3,3,3,3,6),(3.92808999807E-005,16.7019503038,25.0529254558,31.7487161639,32.3057026122,32.8548016099,33.4039006077),.UNSPECIFIED.);
#169170=CARTESIAN_POINT('Control Point',(9324.68319344,-2733.07383593,583.126551556));
#169171=CARTESIAN_POINT('Control Point',(9322.332725479999,-2732.84597877,583.175024542));
#169172=CARTESIAN_POINT('Control Point',(9319.98229038,-2732.61786187,583.225462572));
#169173=CARTESIAN_POINT('Control Point',(9317.6318873,-2732.38949872,583.277760158));
#169174=CARTESIAN_POINT('Control Point',(9314.10629365,-2732.0468387,583.35706835));
#169175=CARTESIAN_POINT('Control Point',(9310.580674479999,-2731.70437494,583.43489219));
#169176=CARTESIAN_POINT('Control Point',(9309.405460849999,-2731.59026247,583.460514303));
#169177=CARTESIAN_POINT('Control Point',(9307.28794984,-2731.38476733,583.505832759));
#169178=CARTESIAN_POINT('Control Point',(9305.17040861,-2731.17952234,583.549268913));
#169179=CARTESIAN_POINT('Control Point',(9304.22809884,-2731.08824568,583.568168766));
#169180=CARTESIAN_POINT('Control Point',(9303.20739568,-2730.98944376,583.588133416));
#169181=CARTESIAN_POINT('Control Point',(9302.186684409999,-2730.89071657,583.6075375630001));
#169182=CARTESIAN_POINT('Control Point',(9302.108288489999,-2730.88313425,583.609024662));
#169183=CARTESIAN_POINT('Control Point',(9301.952663739999,-2730.86808341,583.6119698689999));
#169184=CARTESIAN_POINT('Control Point',(9301.796930189999,-2730.85302388,583.614903451));
#169185=CARTESIAN_POINT('Control Point',(9301.717573869999,-2730.84535057,583.616394681));
#169186=CARTESIAN_POINT('Control Point',(9301.55734521,-2730.8298582,583.619399295));
#169187=CARTESIAN_POINT('Control Point',(9301.39833231,-2730.81448489,583.622369958));
#169188=CARTESIAN_POINT('Control Point',(9301.32083907,-2730.80699322,583.623815098));
#169189=CARTESIAN_POINT('Control Point',(9301.243750759999,-2730.79954098,583.625250594));
#169190=CARTESIAN_POINT('Control Point',(9301.167877899999,-2730.79220652,583.626661325));
#169191=EDGE_CURVE('',#168851,#169167,#169169,.T.);
#169192=EDGE_LOOP('',(#169193,#169194,#169195,#169196));
#169193=ORIENTED_EDGE('',*,*,#168852,.T.);
#169194=ORIENTED_EDGE('',*,*,#168047,.F.);
#169195=ORIENTED_EDGE('',*,*,#169168,.T.);
#169196=ORIENTED_EDGE('',*,*,#169191,.F.);
#169197=FACE_OUTER_BOUND('',#169192,.T.);
#169198=ADVANCED_FACE('PartBody',(#169197),#169124,.T.);
#169199=B_SPLINE_SURFACE_WITH_KNOTS('',5,5,((#169200,#169201,#169202,#169203,#169204,#169205),(#169206,#169207,#169208,#169209,#169210,#169211),(#169212,#169213,#169214,#169215,#169216,#169217),(#169218,#169219,#169220,#169221,#169222,#169223),(#169224,#169225,#169226,#169227,#169228,#169229),(#169230,#169231,#169232,#169233,#169234,#169235)),.UNSPECIFIED.,.F.,.F.,.U.,(6,6),(6,6),(28.8830615745,59.3112409503),(0.,100.),.UNSPECIFIED.);
#169200=CARTESIAN_POINT('Control Point',(9301.162439079999,-2733.58767185,562.2989740740001));
#169201=CARTESIAN_POINT('Control Point',(9300.37902278,-2733.5152058,562.290991232));
#169202=CARTESIAN_POINT('Control Point',(9299.59634615,-2733.43485439,562.2820010950001));
#169203=CARTESIAN_POINT('Control Point',(9298.81451672,-2733.34662756,562.272004759));
#169204=CARTESIAN_POINT('Control Point',(9298.03364186,-2733.25053742,562.261003596));
#169205=CARTESIAN_POINT('Control Point',(9297.25382862,-2733.14659824,562.2489992550001));
#169206=CARTESIAN_POINT('Control Point',(9301.16355911,-2733.0394891,566.591114604));
#169207=CARTESIAN_POINT('Control Point',(9300.38014696,-2732.96699135,566.5830080010001));
#169208=CARTESIAN_POINT('Control Point',(9299.59747493,-2732.88660962,566.573883644));
#169209=CARTESIAN_POINT('Control Point',(9298.81565058,-2732.79835384,566.563742646));
#169210=CARTESIAN_POINT('Control Point',(9298.03478124,-2732.70223615,566.5525864));
#169211=CARTESIAN_POINT('Control Point',(9297.254973989999,-2732.59827081,566.540416577));
#169212=CARTESIAN_POINT('Control Point',(9301.164611909999,-2732.48425329,570.881776924));
#169213=CARTESIAN_POINT('Control Point',(9300.381205689999,-2732.41172505,570.873545326));
#169214=CARTESIAN_POINT('Control Point',(9299.598540049999,-2732.33131432,570.864285516));
#169215=CARTESIAN_POINT('Control Point',(9298.816722539999,-2732.2430308,570.853998635));
#169216=CARTESIAN_POINT('Control Point',(9298.035860489999,-2732.14688697,570.8426860980001));
#169217=CARTESIAN_POINT('Control Point',(9297.256060969999,-2732.04289688,570.830349585));
#169218=CARTESIAN_POINT('Control Point',(9301.165577529999,-2731.92196836,575.1709282));
#169219=CARTESIAN_POINT('Control Point',(9300.38218047,-2731.84940955,575.1625810740001));
#169220=CARTESIAN_POINT('Control Point',(9299.59952442,-2731.76896973,575.153195309));
#169221=CARTESIAN_POINT('Control Point',(9298.81771693,-2731.68065866,575.14277204));
#169222=CARTESIAN_POINT('Control Point',(9298.036865349999,-2731.58448886,575.1313127));
#169223=CARTESIAN_POINT('Control Point',(9297.25707672,-2731.48047429,575.118819013));
#169224=CARTESIAN_POINT('Control Point',(9301.1666093,-2731.35265946,579.458544126));
#169225=CARTESIAN_POINT('Control Point',(9300.383218819999,-2731.28006973,579.450089747));
#169226=CARTESIAN_POINT('Control Point',(9299.60056979,-2731.19960044,579.440586284));
#169227=CARTESIAN_POINT('Control Point',(9298.81876975,-2731.11126155,579.430034899));
#169228=CARTESIAN_POINT('Control Point',(9298.037926049999,-2731.01506519,579.41843704));
#169229=CARTESIAN_POINT('Control Point',(9297.258145739999,-2730.91102565,579.405794443));
#169230=CARTESIAN_POINT('Control Point',(9301.167689799999,-2730.77632439,583.744637795));
#169231=CARTESIAN_POINT('Control Point',(9300.38430342,-2730.70370484,583.736073861));
#169232=CARTESIAN_POINT('Control Point',(9299.60165893,-2730.62320717,583.7264504));
#169233=CARTESIAN_POINT('Control Point',(9298.819863859999,-2730.53484136,583.715768586));
#169234=CARTESIAN_POINT('Control Point',(9298.03902556,-2730.43861953,583.704029887));
#169235=CARTESIAN_POINT('Control Point',(9297.25925107,-2730.33455598,583.691236058));
#169236=B_SPLINE_CURVE_WITH_KNOTS('',5,(#169237,#169238,#169239,#169240,#169241,#169242,#169243,#169244,#169245,#169246,#169247,#169248,#169249,#169250,#169251,#169252,#169253,#169254),.UNSPECIFIED.,.F.,.U.,(6,3,3,3,3,6),(0.,25.075501334,37.613252001,46.2258182406,50.151002668,99.3166087597),.UNSPECIFIED.);
#169237=CARTESIAN_POINT('Control Point',(9301.16766008,-2730.79218548,583.626665594));
#169238=CARTESIAN_POINT('Control Point',(9300.9713871,-2730.77318635,583.630507372));
#169239=CARTESIAN_POINT('Control Point',(9300.775160699999,-2730.75369454,583.634268423));
#169240=CARTESIAN_POINT('Control Point',(9300.57898255,-2730.73371014,583.6379493000001));
#169241=CARTESIAN_POINT('Control Point',(9300.28479025,-2730.70299467,583.643352143));
#169242=CARTESIAN_POINT('Control Point',(9299.990714149999,-2730.67117083,583.64858052));
#169243=CARTESIAN_POINT('Control Point',(9299.8927019,-2730.66043974,583.650304107));
#169244=CARTESIAN_POINT('Control Point',(9299.727384529999,-2730.64212937,583.653179611));
#169245=CARTESIAN_POINT('Control Point',(9299.562105699999,-2730.62346852,583.656001586));
#169246=CARTESIAN_POINT('Control Point',(9299.49480939,-2730.61581156,583.657141904));
#169247=CARTESIAN_POINT('Control Point',(9299.396852239999,-2730.60458034,583.65878919));
#169248=CARTESIAN_POINT('Control Point',(9299.298909069999,-2730.59322595,583.660418076));
#169249=CARTESIAN_POINT('Control Point',(9299.241016869999,-2730.5864833,583.661376333));
#169250=CARTESIAN_POINT('Control Point',(9298.826331549999,-2730.53796105,583.668208255));
#169251=CARTESIAN_POINT('Control Point',(9298.41185617,-2730.48722563,583.6747101460001));
#169252=CARTESIAN_POINT('Control Point',(9298.02557464,-2730.4380017,583.680479034));
#169253=CARTESIAN_POINT('Control Point',(9297.642331749999,-2730.38722659,583.686022526));
#169254=CARTESIAN_POINT('Control Point',(9297.25925107,-2730.33455598,583.691236058));
#169255=CARTESIAN_POINT('Vertex',(9297.25925105,-2730.33455611,583.691236097));
#169256=VERTEX_POINT('',#169255);
#169257=EDGE_CURVE('',#169167,#169256,#169236,.T.);
#169258=B_SPLINE_CURVE_WITH_KNOTS('',5,(#169259,#169260,#169261,#169262,#169263,#169264),.UNSPECIFIED.,.F.,.U.,(6,6),(29.0351378207,59.3112409502),.UNSPECIFIED.);
#169259=CARTESIAN_POINT('Control Point',(9297.25385723,-2733.13289412,562.356238728));
#169260=CARTESIAN_POINT('Control Point',(9297.25499571,-2732.58716699,566.626178558));
#169261=CARTESIAN_POINT('Control Point',(9297.25607621,-2732.0344636,570.894649179));
#169262=CARTESIAN_POINT('Control Point',(9297.257087399999,-2731.47478204,575.161670512));
#169263=CARTESIAN_POINT('Control Point',(9297.258151259999,-2730.90814452,579.427212546));
#169264=CARTESIAN_POINT('Control Point',(9297.25925107,-2730.33455598,583.691236058));
#169265=EDGE_CURVE('',#168126,#169256,#169258,.T.);
#169266=EDGE_LOOP('',(#169267,#169268,#169269,#169270));
#169267=ORIENTED_EDGE('',*,*,#169257,.F.);
#169268=ORIENTED_EDGE('',*,*,#169168,.F.);
#169269=ORIENTED_EDGE('',*,*,#168135,.T.);
#169270=ORIENTED_EDGE('',*,*,#169265,.T.);
#169271=FACE_OUTER_BOUND('',#169266,.T.);
#169272=ADVANCED_FACE('PartBody',(#169271),#169199,.F.);
#169273=B_SPLINE_SURFACE_WITH_KNOTS('',5,5,((#169274,#169275,#169276,#169277,#169278,#169279),(#169280,#169281,#169282,#169283,#169284,#169285),(#169286,#169287,#169288,#169289,#169290,#169291),(#169292,#169293,#169294,#169295,#169296,#169297),(#169298,#169299,#169300,#169301,#169302,#169303),(#169304,#169305,#169306,#169307,#169308,#169309)),.UNSPECIFIED.,.F.,.F.,.U.,(6,6),(6,6),(-499.613652866,-464.560755494),(-1018.29889271,-767.079592011),.UNSPECIFIED.);
#169274=CARTESIAN_POINT('Control Point',(9297.861893339999,-2733.21173309,562.3827956280001));
#169275=CARTESIAN_POINT('Control Point',(9248.089321109999,-2726.75869595,560.209072823));
#169276=CARTESIAN_POINT('Control Point',(9198.33409918,-2720.19494609,558.001625721));
#169277=CARTESIAN_POINT('Control Point',(9148.59616467,-2713.5209665,555.760600448));
#169278=CARTESIAN_POINT('Control Point',(9098.875488689999,-2706.73700052,553.486070524));
#169279=CARTESIAN_POINT('Control Point',(9049.1720558,-2699.84318363,551.178075008));
#169280=CARTESIAN_POINT('Control Point',(9297.659736399999,-2732.28548821,569.414322114));
#169281=CARTESIAN_POINT('Control Point',(9247.88751167,-2725.83026429,567.240000588));
#169282=CARTESIAN_POINT('Control Point',(9198.132640939999,-2719.26430408,565.031947529));
#169283=CARTESIAN_POINT('Control Point',(9148.39506146,-2712.5880895,562.7903090459999));
#169284=CARTESIAN_POINT('Control Point',(9098.6747445,-2705.80186322,560.515158433));
#169285=CARTESIAN_POINT('Control Point',(9048.971675049999,-2698.90575853,558.20653387));
#169286=CARTESIAN_POINT('Control Point',(9297.46045371,-2731.34086926,576.440253835));
#169287=CARTESIAN_POINT('Control Point',(9247.688562679999,-2724.88354593,574.265360303));
#169288=CARTESIAN_POINT('Control Point',(9197.93402936,-2718.31546485,572.056729052));
#169289=CARTESIAN_POINT('Control Point',(9148.19679131,-2711.63710047,569.814503101));
#169290=CARTESIAN_POINT('Control Point',(9098.476819289999,-2704.84870149,567.538758525));
#169291=CARTESIAN_POINT('Control Point',(9048.774099459999,-2697.95039658,565.229531641));
#169292=CARTESIAN_POINT('Control Point',(9297.26404068,-2730.37790541,583.4605994680001));
#169293=CARTESIAN_POINT('Control Point',(9247.492469609999,-2723.91856986,581.285160587));
#169294=CARTESIAN_POINT('Control Point',(9197.738260189999,-2717.34844836,579.0759761420001));
#169295=CARTESIAN_POINT('Control Point',(9148.001349209999,-2710.66802832,576.833190589));
#169296=CARTESIAN_POINT('Control Point',(9098.281708589999,-2703.87754386,574.556879255));
#169297=CARTESIAN_POINT('Control Point',(9048.57932461,-2696.97712606,572.247076674));
#169298=CARTESIAN_POINT('Control Point',(9297.07049301,-2729.39662415,590.475367208));
#169299=CARTESIAN_POINT('Control Point',(9247.29922814,-2722.9353634,588.299409579));
#169300=CARTESIAN_POINT('Control Point',(9197.54532834,-2716.36329481,586.0896985959999));
#169301=CARTESIAN_POINT('Control Point',(9147.80873106,-2709.68089928,583.846380834));
#169302=CARTESIAN_POINT('Control Point',(9098.089408189999,-2702.88841717,581.5695285850001));
#169303=CARTESIAN_POINT('Control Point',(9048.38734635,-2695.98597351,579.259176815));
#169304=CARTESIAN_POINT('Control Point',(9296.8798066,-2728.39705146,597.484564845));
#169305=CARTESIAN_POINT('Control Point',(9247.108834229999,-2721.93395236,595.3081150100001));
#169306=CARTESIAN_POINT('Control Point',(9197.35523058,-2715.36002143,593.097904557));
#169307=CARTESIAN_POINT('Control Point',(9147.618933169999,-2708.6757398,590.854080303));
#169308=CARTESIAN_POINT('Control Point',(9097.899914129999,-2701.88134673,588.576714048));
#169309=CARTESIAN_POINT('Control Point',(9048.19816079,-2694.97696388,586.265839471));
#169310=B_SPLINE_CURVE_WITH_KNOTS('',5,(#169311,#169312,#169313,#169314,#169315,#169316,#169317,#169318,#169319,#169320,#169321,#169322,#169323,#169324,#169325,#169326,#169327,#169328,#169329,#169330,#169331,#169332,#169333,#169334,#169335,#169336,#169337,#169338,#169339,#169340,#169341,#169342,#169343,#169344,#169345,#169346,#169347,#169348,#169349,#169350,#169351,#169352),.UNSPECIFIED.,.F.,.U.,(6,3,3,3,3,3,3,3,3,3,3,3,3,6),(0.,35.2459849687,76.524307491,85.615987887,191.407099626,200.269775566,235.528437268,270.915957625,282.682679622,306.279433561,324.924651154,329.808180936,340.062834586,353.291329121),.UNSPECIFIED.);
#169311=CARTESIAN_POINT('Control Point',(9297.25924754,-2730.33455563,583.6912361240001));
#169312=CARTESIAN_POINT('Control Point',(9292.3217804,-2729.65631236,583.753824464));
#169313=CARTESIAN_POINT('Control Point',(9287.38437824,-2728.97738584,583.8125965839999));
#169314=CARTESIAN_POINT('Control Point',(9282.43024489,-2728.29518019,583.869900674));
#169315=CARTESIAN_POINT('Control Point',(9271.66256769,-2726.80998579,583.992908072));
#169316=CARTESIAN_POINT('Control Point',(9260.879664279999,-2725.3171651,584.114549373));
#169317=CARTESIAN_POINT('Control Point',(9255.040209229999,-2724.5070202,584.1805955459999));
#169318=CARTESIAN_POINT('Control Point',(9247.972466859999,-2723.52448351,584.260261408));
#169319=CARTESIAN_POINT('Control Point',(9240.916903359999,-2722.54122829,584.339475064));
#169320=CARTESIAN_POINT('Control Point',(9239.81532713,-2722.38764964,584.351833621));
#169321=CARTESIAN_POINT('Control Point',(9223.72658968,-2720.14365868,584.532248869));
#169322=CARTESIAN_POINT('Control Point',(9207.639676249999,-2717.88733456,584.711294706));
#169323=CARTESIAN_POINT('Control Point',(9192.82736822,-2715.79927655,584.873828908));
#169324=CARTESIAN_POINT('Control Point',(9176.775752539999,-2713.52546808,585.045040471));
#169325=CARTESIAN_POINT('Control Point',(9160.725928169999,-2711.23960488,585.213387735));
#169326=CARTESIAN_POINT('Control Point',(9159.51973905,-2711.06774472,585.226026582));
#169327=CARTESIAN_POINT('Control Point',(9153.34083594,-2710.18699601,585.290718823));
#169328=CARTESIAN_POINT('Control Point',(9147.151431509999,-2709.30289853,585.355285254));
#169329=CARTESIAN_POINT('Control Point',(9142.177461269999,-2708.59121073,585.407100187));
#169330=CARTESIAN_POINT('Control Point',(9132.235277349999,-2707.16629229,585.5101014959999));
#169331=CARTESIAN_POINT('Control Point',(9122.30324752,-2705.73821949,585.611140203));
#169332=CARTESIAN_POINT('Control Point',(9117.33705869,-2705.02302487,585.661012698));
#169333=CARTESIAN_POINT('Control Point',(9110.73789792,-2704.07120704,585.726201146));
#169334=CARTESIAN_POINT('Control Point',(9104.13902796,-2703.11743184,585.790325991));
#169335=CARTESIAN_POINT('Control Point',(9102.490072499999,-2702.87897344,585.80628672));
#169336=CARTESIAN_POINT('Control Point',(9097.52492804,-2702.16056965,585.854208952));
#169337=CARTESIAN_POINT('Control Point',(9092.53116844,-2701.43683331,585.902191423));
#169338=CARTESIAN_POINT('Control Point',(9089.16424916,-2700.94830521,585.934622591));
#169339=CARTESIAN_POINT('Control Point',(9083.1746673,-2700.07816183,585.992884332));
#169340=CARTESIAN_POINT('Control Point',(9077.20664893,-2699.20922849,586.052112657));
#169341=CARTESIAN_POINT('Control Point',(9074.576850419999,-2698.82595552,586.078466596));
#169342=CARTESIAN_POINT('Control Point',(9071.275649719999,-2698.34436945,586.111809162));
#169343=CARTESIAN_POINT('Control Point',(9067.982312509999,-2697.86340336,586.145018084));
#169344=CARTESIAN_POINT('Control Point',(9067.124438789999,-2697.73808719,586.1536581730001));
#169345=CARTESIAN_POINT('Control Point',(9065.007123199999,-2697.42872138,586.174945244));
#169346=CARTESIAN_POINT('Control Point',(9062.88649574,-2697.11867781,586.196067317));
#169347=CARTESIAN_POINT('Control Point',(9061.43566893,-2696.90648314,586.210344786));
#169348=CARTESIAN_POINT('Control Point',(9058.125973889999,-2696.42224984,586.242388548));
#169349=CARTESIAN_POINT('Control Point',(9054.824630539999,-2695.93893384,586.272679274));
#169350=CARTESIAN_POINT('Control Point',(9052.96238791,-2695.66622941,586.28903962));
#169351=CARTESIAN_POINT('Control Point',(9051.13615267,-2695.3987842,586.304022764));
#169352=CARTESIAN_POINT('Control Point',(9049.30990364,-2695.13138058,586.317522847));
#169353=CARTESIAN_POINT('Vertex',(9049.30990265,-2695.13138044,586.317522853));
#169354=VERTEX_POINT('',#169353);
#169355=EDGE_CURVE('',#169256,#169354,#169310,.T.);
#169356=B_SPLINE_CURVE_WITH_KNOTS('',3,(#169357,#169358,#169359,#169360),.UNSPECIFIED.,.F.,.U.,(4,4),(32.5720667399,62.8410837452),.UNSPECIFIED.);
#169357=CARTESIAN_POINT('Control Point',(9049.30990265,-2695.13138044,586.317522853));
#169358=CARTESIAN_POINT('Control Point',(9049.129795479999,-2696.09958505,579.218543234));
#169359=CARTESIAN_POINT('Control Point',(9048.953836979999,-2697.04579234,572.1146771480001));
#169360=CARTESIAN_POINT('Control Point',(9048.78192766,-2697.96995928,565.00599465));
#169361=EDGE_CURVE('',#169354,#168206,#169356,.T.);
#169362=EDGE_LOOP('',(#169363,#169364,#169365,#169366));
#169363=ORIENTED_EDGE('',*,*,#169355,.F.);
#169364=ORIENTED_EDGE('',*,*,#169265,.F.);
#169365=ORIENTED_EDGE('',*,*,#168215,.T.);
#169366=ORIENTED_EDGE('',*,*,#169361,.F.);
#169367=FACE_OUTER_BOUND('',#169362,.T.);
#169368=ADVANCED_FACE('PartBody',(#169367),#169273,.F.);
#169369=B_SPLINE_SURFACE_WITH_KNOTS('',5,5,((#169370,#169371,#169372,#169373,#169374,#169375),(#169376,#169377,#169378,#169379,#169380,#169381),(#169382,#169383,#169384,#169385,#169386,#169387),(#169388,#169389,#169390,#169391,#169392,#169393),(#169394,#169395,#169396,#169397,#169398,#169399),(#169400,#169401,#169402,#169403,#169404,#169405)),.UNSPECIFIED.,.F.,.F.,.U.,(6,6),(6,6),(32.5014438659,62.8465249304),(-3.5527136788E-015,100.),.UNSPECIFIED.);
#169370=CARTESIAN_POINT('Control Point',(9044.43716802,-2694.28463746,586.385841972));
#169371=CARTESIAN_POINT('Control Point',(9045.407522379999,-2694.47723431,586.3855864350001));
#169372=CARTESIAN_POINT('Control Point',(9046.3803102,-2694.65756842,586.383595258));
#169373=CARTESIAN_POINT('Control Point',(9047.355320889999,-2694.825598,586.379868495));
#169374=CARTESIAN_POINT('Control Point',(9048.332342759999,-2694.98128657,586.374406957));
#169375=CARTESIAN_POINT('Control Point',(9049.3111634,-2695.12460302,586.367212204));
#169376=CARTESIAN_POINT('Control Point',(9044.328758379999,-2694.86749799,582.1157906019999));
#169377=CARTESIAN_POINT('Control Point',(9045.299126459999,-2695.06001623,582.115497848));
#169378=CARTESIAN_POINT('Control Point',(9046.271927379999,-2695.2402694,582.113485428));
#169379=CARTESIAN_POINT('Control Point',(9047.24695053,-2695.40821572,582.109753406));
#169380=CARTESIAN_POINT('Control Point',(9048.223984239999,-2695.56381872,582.104302592));
#169381=CARTESIAN_POINT('Control Point',(9049.202816069999,-2695.70704732,582.097134542));
#169382=CARTESIAN_POINT('Control Point',(9044.22158322,-2695.44372939,577.844247794));
#169383=CARTESIAN_POINT('Control Point',(9045.19196461,-2695.63616766,577.8439219959999));
#169384=CARTESIAN_POINT('Control Point',(9046.164778189999,-2695.81633852,577.841892507));
#169385=CARTESIAN_POINT('Control Point',(9047.139813379999,-2695.98420029,577.838159415));
#169386=CARTESIAN_POINT('Control Point',(9048.11685846,-2696.13971652,577.832723523));
#169387=CARTESIAN_POINT('Control Point',(9049.09570102,-2696.28285607,577.825586373));
#169388=CARTESIAN_POINT('Control Point',(9044.11567573,-2696.01333155,573.5712363919999));
#169389=CARTESIAN_POINT('Control Point',(9045.086069539999,-2696.2056891,573.570876785));
#169390=CARTESIAN_POINT('Control Point',(9046.05889488,-2696.38577702,573.5688294830001));
#169391=CARTESIAN_POINT('Control Point',(9047.03394116,-2696.55355359,573.565094559));
#169392=CARTESIAN_POINT('Control Point',(9048.010996679999,-2696.70898239,573.559672832));
#169393=CARTESIAN_POINT('Control Point',(9048.989849019999,-2696.85203234,573.552565838));
#169394=CARTESIAN_POINT('Control Point',(9044.011009709999,-2696.57629463,569.296784788));
#169395=CARTESIAN_POINT('Control Point',(9044.98141604,-2696.76857127,569.296388303));
#169396=CARTESIAN_POINT('Control Point',(9045.954253239999,-2696.94857606,569.294320109));
#169397=CARTESIAN_POINT('Control Point',(9046.92931068,-2697.11626727,569.290580292));
#169398=CARTESIAN_POINT('Control Point',(9047.906376719999,-2697.27160851,569.285169665));
#169399=CARTESIAN_POINT('Control Point',(9048.88523889,-2697.41456875,569.278089764));
#169400=CARTESIAN_POINT('Control Point',(9043.90754858,-2697.13260988,565.020903859));
#169401=CARTESIAN_POINT('Control Point',(9044.87796772,-2697.32480562,565.020465833));
#169402=CARTESIAN_POINT('Control Point',(9045.85081704,-2697.50472731,565.018372084));
#169403=CARTESIAN_POINT('Control Point',(9046.82588593,-2697.67233323,565.014622708));
#169404=CARTESIAN_POINT('Control Point',(9047.802962719999,-2697.827587,565.009218518));
#169405=CARTESIAN_POINT('Control Point',(9048.78183496,-2697.97045762,565.002161047));
#169406=B_SPLINE_CURVE_WITH_KNOTS('',5,(#169407,#169408,#169409,#169410,#169411,#169412,#169413,#169414,#169415),.UNSPECIFIED.,.F.,.U.,(6,3,6),(0.,59.4163064531,99.4681622457),.UNSPECIFIED.);
#169407=CARTESIAN_POINT('Control Point',(9044.435815119999,-2694.29191125,586.332550902));
#169408=CARTESIAN_POINT('Control Point',(9045.01165871,-2694.40607701,586.333300704));
#169409=CARTESIAN_POINT('Control Point',(9045.588341069999,-2694.51593728,586.333324435));
#169410=CARTESIAN_POINT('Control Point',(9046.197989819999,-2694.62726525,586.332523556));
#169411=CARTESIAN_POINT('Control Point',(9047.166097489999,-2694.796429,586.329950947));
#169412=CARTESIAN_POINT('Control Point',(9048.13621124,-2694.95347764,586.325254022));
#169413=CARTESIAN_POINT('Control Point',(9048.527148379999,-2695.01474808,586.323019464));
#169414=CARTESIAN_POINT('Control Point',(9048.918382459999,-2695.07404947,586.320442616));
#169415=CARTESIAN_POINT('Control Point',(9049.30990267,-2695.13138035,586.317522842));
#169416=CARTESIAN_POINT('Vertex',(9044.43581513,-2694.29191117,586.33255092));
#169417=VERTEX_POINT('',#169416);
#169418=EDGE_CURVE('',#169417,#169354,#169406,.T.);
#169419=B_SPLINE_CURVE_WITH_KNOTS('',5,(#169420,#169421,#169422,#169423,#169424,#169425),.UNSPECIFIED.,.F.,.U.,(6,6),(32.5771862338,62.8465248153),.UNSPECIFIED.);
#169420=CARTESIAN_POINT('Control Point',(9044.435815119999,-2694.29191125,586.332550902));
#169421=CARTESIAN_POINT('Control Point',(9044.327688379999,-2694.87325092,582.073142891));
#169422=CARTESIAN_POINT('Control Point',(9044.220790199999,-2695.4479945,577.812251048));
#169423=CARTESIAN_POINT('Control Point',(9044.11515324,-2696.01614185,573.549898075));
#169424=CARTESIAN_POINT('Control Point',(9044.010751469999,-2696.57768321,569.286112107));
#169425=CARTESIAN_POINT('Control Point',(9043.907548589999,-2697.13260987,565.02090394));
#169426=EDGE_CURVE('',#169417,#168286,#169419,.T.);
#169427=EDGE_LOOP('',(#169428,#169429,#169430,#169431));
#169428=ORIENTED_EDGE('',*,*,#169418,.T.);
#169429=ORIENTED_EDGE('',*,*,#169361,.T.);
#169430=ORIENTED_EDGE('',*,*,#168298,.T.);
#169431=ORIENTED_EDGE('',*,*,#169426,.F.);
#169432=FACE_OUTER_BOUND('',#169427,.T.);
#169433=ADVANCED_FACE('PartBody',(#169432),#169369,.F.);
#169434=B_SPLINE_SURFACE_WITH_KNOTS('',5,5,((#169435,#169436,#169437,#169438,#169439,#169440),(#169441,#169442,#169443,#169444,#169445,#169446),(#169447,#169448,#169449,#169450,#169451,#169452),(#169453,#169454,#169455,#169456,#169457,#169458),(#169459,#169460,#169461,#169462,#169463,#169464),(#169465,#169466,#169467,#169468,#169469,#169470)),.UNSPECIFIED.,.F.,.F.,.U.,(6,6),(6,6),(8.90582155123,30.4510870263),(2.44803077219,49.0250341974),.UNSPECIFIED.);
#169435=CARTESIAN_POINT('Control Point',(8998.21362509,-2688.10680453,564.8630637799999));
#169436=CARTESIAN_POINT('Control Point',(9007.352413519999,-2689.91196607,564.894631848));
#169437=CARTESIAN_POINT('Control Point',(9016.491201929999,-2691.71712774,564.926199906));
#169438=CARTESIAN_POINT('Control Point',(9025.62999032,-2693.52228953,564.957767952));
#169439=CARTESIAN_POINT('Control Point',(9034.76877868,-2695.32745144,564.989335988));
#169440=CARTESIAN_POINT('Control Point',(9043.90756702,-2697.13261347,565.0209040140001));
#169441=CARTESIAN_POINT('Control Point',(8998.31773133,-2687.54783359,569.130308033));
#169442=CARTESIAN_POINT('Control Point',(9007.456362769999,-2689.35372917,569.162058251));
#169443=CARTESIAN_POINT('Control Point',(9016.594994179999,-2691.15962487,569.193808459));
#169444=CARTESIAN_POINT('Control Point',(9025.73362556,-2692.96552068,569.225558656));
#169445=CARTESIAN_POINT('Control Point',(9034.87225692,-2694.77141662,569.257308842));
#169446=CARTESIAN_POINT('Control Point',(9044.01088826,-2696.57731268,569.289059018));
#169447=CARTESIAN_POINT('Control Point',(8998.423048789999,-2686.98219498,573.396668999));
#169448=CARTESIAN_POINT('Control Point',(9007.561524889999,-2688.78881946,573.428601735));
#169449=CARTESIAN_POINT('Control Point',(9016.700000969999,-2690.59544407,573.460534461));
#169450=CARTESIAN_POINT('Control Point',(9025.838477039999,-2692.40206879,573.492467173));
#169451=CARTESIAN_POINT('Control Point',(9034.97695307,-2694.20869364,573.524399881));
#169452=CARTESIAN_POINT('Control Point',(9044.115429079999,-2696.0153186,573.556332576));
#169453=CARTESIAN_POINT('Control Point',(8998.52957843,-2686.40988785,577.66213284));
#169454=CARTESIAN_POINT('Control Point',(9007.667902489999,-2688.21723634,577.694248369));
#169455=CARTESIAN_POINT('Control Point',(9016.80622653,-2690.02458494,577.726363888));
#169456=CARTESIAN_POINT('Control Point',(9025.944550549999,-2691.83193364,577.758479393));
#169457=CARTESIAN_POINT('Control Point',(9035.082874539999,-2693.63928251,577.790594895));
#169458=CARTESIAN_POINT('Control Point',(9044.22119851,-2695.44663147,577.822710383));
#169459=CARTESIAN_POINT('Control Point',(8998.63733039,-2685.83092052,581.926653324));
#169460=CARTESIAN_POINT('Control Point',(9007.775504899999,-2687.63898736,581.9589521950001));
#169461=CARTESIAN_POINT('Control Point',(9016.913679379999,-2689.44705432,581.991251057));
#169462=CARTESIAN_POINT('Control Point',(9026.051853839999,-2691.2551214,582.0235499079999));
#169463=CARTESIAN_POINT('Control Point',(9035.190028269999,-2693.06318859,582.055848748));
#169464=CARTESIAN_POINT('Control Point',(9044.32820269,-2694.87125591,582.088147579));
#169465=CARTESIAN_POINT('Control Point',(8998.74630144,-2685.24529439,586.190208231));
#169466=CARTESIAN_POINT('Control Point',(9007.88432788,-2687.05407393,586.22269109));
#169467=CARTESIAN_POINT('Control Point',(9017.02235429,-2688.86285359,586.255173939));
#169468=CARTESIAN_POINT('Control Point',(9026.160380669999,-2690.67163336,586.2876567770001));
#169469=CARTESIAN_POINT('Control Point',(9035.29840704,-2692.48041325,586.320139606));
#169470=CARTESIAN_POINT('Control Point',(9044.436433379999,-2694.28919325,586.3526224239999));
#169471=B_SPLINE_CURVE_WITH_KNOTS('',3,(#169472,#169473,#169474,#169475),.UNSPECIFIED.,.F.,.U.,(4,4),(28.209424209,58.507547254),.UNSPECIFIED.);
#169472=CARTESIAN_POINT('Control Point',(8998.21387688,-2688.10564606,564.8719601510001));
#169473=CARTESIAN_POINT('Control Point',(8998.38732733,-2687.17415667,571.982854109));
#169474=CARTESIAN_POINT('Control Point',(8998.564864619999,-2686.22070599,579.088973281));
#169475=CARTESIAN_POINT('Control Point',(8998.74638187,-2685.24531033,586.1902083689999));
#169476=CARTESIAN_POINT('Vertex',(8998.74638187,-2685.24531033,586.1902083689999));
#169477=VERTEX_POINT('',#169476);
#169478=EDGE_CURVE('',#168342,#169477,#169471,.T.);
#169479=B_SPLINE_CURVE_WITH_KNOTS('',5,(#169480,#169481,#169482,#169483,#169484,#169485,#169486,#169487,#169488,#169489,#169490,#169491,#169492,#169493,#169494,#169495,#169496,#169497,#169498,#169499,#169500,#169501,#169502,#169503,#169504,#169505,#169506,#169507,#169508,#169509,#169510,#169511,#169512,#169513,#169514,#169515,#169516,#169517,#169518,#169519,#169520,#169521,#169522,#169523,#169524,#169525,#169526,#169527,#169528,#169529,#169530),.UNSPECIFIED.,.F.,.U.,(6,3,3,3,3,3,3,3,3,3,3,3,3,3,3,3,6),(0.,1.12870307264,2.51506388835,4.00359252885,6.22605984812,7.70608443881,9.19424277447,31.128903867,52.7638836825,53.0554225785,53.3391156144,54.4767191834,55.7923416243,57.5356563318,59.2741780634,60.7271435661,62.2576959818),.UNSPECIFIED.);
#169480=CARTESIAN_POINT('Control Point',(9044.428983379999,-2694.29055672,586.33254199));
#169481=CARTESIAN_POINT('Control Point',(9044.273726359999,-2694.2597761,586.332337253));
#169482=CARTESIAN_POINT('Control Point',(9044.118235869999,-2694.22895029,586.3321243950001));
#169483=CARTESIAN_POINT('Control Point',(9043.955397719999,-2694.19667042,586.331883053));
#169484=CARTESIAN_POINT('Control Point',(9043.57580389,-2694.12142758,586.331284163));
#169485=CARTESIAN_POINT('Control Point',(9043.166883119999,-2694.04038096,586.330572575));
#169486=CARTESIAN_POINT('Control Point',(9042.932605189999,-2693.99395006,586.330149818));
#169487=CARTESIAN_POINT('Control Point',(9042.443187639999,-2693.89695694,586.329243822));
#169488=CARTESIAN_POINT('Control Point',(9041.94066308,-2693.79737179,586.328274428));
#169489=CARTESIAN_POINT('Control Point',(9041.67859383,-2693.74543874,586.3277607700001));
#169490=CARTESIAN_POINT('Control Point',(9041.02148315,-2693.61522468,586.326454986));
#169491=CARTESIAN_POINT('Control Point',(9040.360024239999,-2693.4841548,586.325099095));
#169492=CARTESIAN_POINT('Control Point',(9039.966783889999,-2693.40623505,586.324279562));
#169493=CARTESIAN_POINT('Control Point',(9039.310814349999,-2693.27625941,586.3228887510001));
#169494=CARTESIAN_POINT('Control Point',(9038.66953338,-2693.14920143,586.321477875));
#169495=CARTESIAN_POINT('Control Point',(9038.415053389999,-2693.09878229,586.320908269));
#169496=CARTESIAN_POINT('Control Point',(9037.91781787,-2693.00027041,586.319770712));
#169497=CARTESIAN_POINT('Control Point',(9037.452448619999,-2692.90808107,586.31864088));
#169498=CARTESIAN_POINT('Control Point',(9037.2294977,-2692.8639177,586.31807797));
#169499=CARTESIAN_POINT('Control Point',(9033.980151809999,-2692.22033407,586.309414739));
#169500=CARTESIAN_POINT('Control Point',(9030.730752399999,-2691.57704001,586.298629666));
#169501=CARTESIAN_POINT('Control Point',(9027.68776594,-2690.9748186,586.287059946));
#169502=CARTESIAN_POINT('Control Point',(9021.6433306,-2689.77881099,586.262569415));
#169503=CARTESIAN_POINT('Control Point',(9015.598890929999,-2688.58282947,586.237895986));
#169504=CARTESIAN_POINT('Control Point',(9012.597474369999,-2687.98886442,586.226283605));
#169505=CARTESIAN_POINT('Control Point',(9009.555645799999,-2687.38671092,586.215859818));
#169506=CARTESIAN_POINT('Control Point',(9006.513861649999,-2686.7843141,586.207206069));
#169507=CARTESIAN_POINT('Control Point',(9006.478848089999,-2686.77737995,586.20710673));
#169508=CARTESIAN_POINT('Control Point',(9006.398663639999,-2686.76149993,586.206880346));
#169509=CARTESIAN_POINT('Control Point',(9006.31757114,-2686.74543971,586.206653924));
#169510=CARTESIAN_POINT('Control Point',(9006.27728249,-2686.73746052,586.206542131));
#169511=CARTESIAN_POINT('Control Point',(9006.073817839999,-2686.69716368,586.205981342));
#169512=CARTESIAN_POINT('Control Point',(9005.861386889999,-2686.65508824,586.205415507));
#169513=CARTESIAN_POINT('Control Point',(9005.682756579999,-2686.61970556,586.20495384));
#169514=CARTESIAN_POINT('Control Point',(9005.28955695,-2686.54181819,586.203960706));
#169515=CARTESIAN_POINT('Control Point',(9004.877392839999,-2686.46016828,586.20296139));
#169516=CARTESIAN_POINT('Control Point',(9004.65215131,-2686.41554651,586.202424464));
#169517=CARTESIAN_POINT('Control Point',(9004.1235407,-2686.31082294,586.201181767));
#169518=CARTESIAN_POINT('Control Point',(9003.584611389999,-2686.2040501,586.19994989));
#169519=CARTESIAN_POINT('Control Point',(9003.276273519999,-2686.1429608,586.199254247));
#169520=CARTESIAN_POINT('Control Point',(9002.657691819999,-2686.02040217,586.197875533));
#169521=CARTESIAN_POINT('Control Point',(9002.039126869999,-2685.89784205,586.196530534));
#169522=CARTESIAN_POINT('Control Point',(9001.73166406,-2685.83692131,586.195870477));
#169523=CARTESIAN_POINT('Control Point',(9001.16940241,-2685.72551224,586.194680458));
#169524=CARTESIAN_POINT('Control Point',(9000.61833625,-2685.6163159,586.193553358));
#169525=CARTESIAN_POINT('Control Point',(9000.369405429999,-2685.56698769,586.193053986));
#169526=CARTESIAN_POINT('Control Point',(8999.87079891,-2685.46818006,586.19207909));
#169527=CARTESIAN_POINT('Control Point',(8999.40267924,-2685.37540386,586.191234347));
#169528=CARTESIAN_POINT('Control Point',(8999.173887629999,-2685.33005641,586.1908457649999));
#169529=CARTESIAN_POINT('Control Point',(8998.96018009,-2685.28769353,586.190518903));
#169530=CARTESIAN_POINT('Control Point',(8998.746381859999,-2685.24531033,586.190208353));
#169531=CARTESIAN_POINT('Vertex',(9044.428983379999,-2694.29055672,586.33254199));
#169532=VERTEX_POINT('',#169531);
#169533=EDGE_CURVE('',#169532,#169477,#169479,.T.);
#169534=B_SPLINE_CURVE_WITH_KNOTS('',2,(#169535,#169536,#169537),.UNSPECIFIED.,.F.,.U.,(3,3),(0.,0.00993348163777),.UNSPECIFIED.);
#169535=CARTESIAN_POINT('Control Point',(9044.428983379999,-2694.29055672,586.33254199));
#169536=CARTESIAN_POINT('Control Point',(9044.432399339999,-2694.29123397,586.332546445));
#169537=CARTESIAN_POINT('Control Point',(9044.43581513,-2694.29191117,586.332550892));
#169538=EDGE_CURVE('',#169532,#169417,#169534,.T.);
#169539=EDGE_LOOP('',(#169540,#169541,#169542,#169543,#169544));
#169540=ORIENTED_EDGE('',*,*,#169426,.T.);
#169541=ORIENTED_EDGE('',*,*,#168343,.F.);
#169542=ORIENTED_EDGE('',*,*,#169478,.T.);
#169543=ORIENTED_EDGE('',*,*,#169533,.F.);
#169544=ORIENTED_EDGE('',*,*,#169538,.T.);
#169545=FACE_OUTER_BOUND('',#169539,.T.);
#169546=ADVANCED_FACE('PartBody',(#169545),#169434,.T.);
#169547=B_SPLINE_SURFACE_WITH_KNOTS('',5,5,((#169548,#169549,#169550,#169551,#169552,#169553),(#169554,#169555,#169556,#169557,#169558,#169559),(#169560,#169561,#169562,#169563,#169564,#169565),(#169566,#169567,#169568,#169569,#169570,#169571),(#169572,#169573,#169574,#169575,#169576,#169577),(#169578,#169579,#169580,#169581,#169582,#169583)),.UNSPECIFIED.,.F.,.F.,.U.,(6,6),(6,6),(28.2092880572,58.5283021971),(0.,100.),.UNSPECIFIED.);
#169548=CARTESIAN_POINT('Control Point',(8993.2465964,-2687.24904919,564.8707912580001));
#169549=CARTESIAN_POINT('Control Point',(8994.24400735,-2687.39625671,564.8677489299999));
#169550=CARTESIAN_POINT('Control Point',(8995.23963907,-2687.55555316,564.866334786));
#169551=CARTESIAN_POINT('Control Point',(8996.233292749999,-2687.72690921,564.866549433));
#169552=CARTESIAN_POINT('Control Point',(8997.22477029,-2687.91029069,564.868392828));
#169553=CARTESIAN_POINT('Control Point',(8998.213874539999,-2688.10565866,564.871864279));
#169554=CARTESIAN_POINT('Control Point',(8993.35081362,-2686.68934862,569.140338711));
#169555=CARTESIAN_POINT('Control Point',(8994.34821083,-2686.83664492,569.137251503));
#169556=CARTESIAN_POINT('Control Point',(8995.343828159999,-2686.99602795,569.135807993));
#169557=CARTESIAN_POINT('Control Point',(8996.337466789999,-2687.16746836,569.136008795));
#169558=CARTESIAN_POINT('Control Point',(8997.328928629999,-2687.35093198,569.1378538709999));
#169559=CARTESIAN_POINT('Control Point',(8998.31801655,-2687.54637983,569.141342523));
#169560=CARTESIAN_POINT('Control Point',(8993.45624358,-2686.12304987,573.408459805));
#169561=CARTESIAN_POINT('Control Point',(8994.45362742,-2686.27043491,573.405324701));
#169562=CARTESIAN_POINT('Control Point',(8995.44923072,-2686.42990448,573.403848807));
#169563=CARTESIAN_POINT('Control Point',(8996.44285469,-2686.60142918,573.404032744));
#169564=CARTESIAN_POINT('Control Point',(8997.434301219999,-2686.78497483,573.405876481));
#169565=CARTESIAN_POINT('Control Point',(8998.42337319,-2686.98050246,573.409379316));
#169566=CARTESIAN_POINT('Control Point',(8993.562910949999,-2685.55016118,577.675134332));
#169567=CARTESIAN_POINT('Control Point',(8994.56028166,-2685.6976342,577.671953667));
#169568=CARTESIAN_POINT('Control Point',(8995.555871189999,-2685.85718941,577.670447727));
#169569=CARTESIAN_POINT('Control Point',(8996.549480759999,-2686.02879774,577.670617104));
#169570=CARTESIAN_POINT('Control Point',(8997.54091227,-2686.21242458,577.672461856));
#169571=CARTESIAN_POINT('Control Point',(8998.52996858,-2686.40803117,577.6759812));
#169572=CARTESIAN_POINT('Control Point',(8993.670784849999,-2684.97068339,581.940336999));
#169573=CARTESIAN_POINT('Control Point',(8994.668141529999,-2685.11824331,581.937113944));
#169574=CARTESIAN_POINT('Control Point',(8995.66371642,-2685.27788323,581.935581111));
#169575=CARTESIAN_POINT('Control Point',(8996.65731072,-2685.44957375,581.935739144));
#169576=CARTESIAN_POINT('Control Point',(8997.648726359999,-2685.63328065,581.937588011));
#169577=CARTESIAN_POINT('Control Point',(8998.637766189999,-2685.82896491,581.941127005));
#169578=CARTESIAN_POINT('Control Point',(8993.77985239,-2684.38461726,586.204060951));
#169579=CARTESIAN_POINT('Control Point',(8994.777194499999,-2684.53226327,586.200797076));
#169580=CARTESIAN_POINT('Control Point',(8995.772754219999,-2684.69198696,586.1992389230001));
#169581=CARTESIAN_POINT('Control Point',(8996.766332749999,-2684.86375892,586.199387141));
#169582=CARTESIAN_POINT('Control Point',(8997.75773202,-2685.0475449,586.2012417030001));
#169583=CARTESIAN_POINT('Control Point',(8998.746754899999,-2685.24330587,586.204801898));
#169584=B_SPLINE_CURVE_WITH_KNOTS('',5,(#169585,#169586,#169587,#169588,#169589,#169590),.UNSPECIFIED.,.F.,.U.,(6,6),(28.2315408903,58.5283021971),.UNSPECIFIED.);
#169585=CARTESIAN_POINT('Control Point',(8993.246978859999,-2687.24699518,564.886459558));
#169586=CARTESIAN_POINT('Control Point',(8993.35112315,-2686.68768605,569.152869165));
#169587=CARTESIAN_POINT('Control Point',(8993.45647845,-2686.12178844,573.417854462));
#169588=CARTESIAN_POINT('Control Point',(8993.5630693,-2685.54931056,577.681395276));
#169589=CARTESIAN_POINT('Control Point',(8993.670864899999,-2684.97025325,581.943466386));
#169590=CARTESIAN_POINT('Control Point',(8993.77985239,-2684.38461726,586.204060951));
#169591=CARTESIAN_POINT('Vertex',(8993.779852379999,-2684.38461731,586.204060966));
#169592=VERTEX_POINT('',#169591);
#169593=EDGE_CURVE('',#168422,#169592,#169584,.T.);
#169594=B_SPLINE_CURVE_WITH_KNOTS('',5,(#169595,#169596,#169597,#169598,#169599,#169600,#169601,#169602,#169603,#169604,#169605,#169606,#169607,#169608,#169609,#169610,#169611,#169612,#169613,#169614,#169615),.UNSPECIFIED.,.F.,.U.,(6,3,3,3,3,3,6),(0.,59.7508254448,84.751973018,86.539289559,89.0351198134,91.6119038421,99.2507978617),.UNSPECIFIED.);
#169595=CARTESIAN_POINT('Control Point',(8998.739284789999,-2685.24390374,586.190198097));
#169596=CARTESIAN_POINT('Control Point',(8998.14908831,-2685.12694695,586.1893419530001));
#169597=CARTESIAN_POINT('Control Point',(8997.55803434,-2685.01423621,586.189208584));
#169598=CARTESIAN_POINT('Control Point',(8996.96397707,-2684.90538073,586.189840495));
#169599=CARTESIAN_POINT('Control Point',(8996.12342319,-2684.75760323,586.1918268110001));
#169600=CARTESIAN_POINT('Control Point',(8995.28141439,-2684.61840874,586.195337408));
#169601=CARTESIAN_POINT('Control Point',(8995.03290464,-2684.57809494,586.196504961));
#169602=CARTESIAN_POINT('Control Point',(8994.76649962,-2684.53570073,586.197896431));
#169603=CARTESIAN_POINT('Control Point',(8994.499960809999,-2684.49416612,586.199438845));
#169604=CARTESIAN_POINT('Control Point',(8994.446567319999,-2684.48586703,586.1997514350001));
#169605=CARTESIAN_POINT('Control Point',(8994.40394584,-2684.47925918,586.200003863));
#169606=CARTESIAN_POINT('Control Point',(8994.36132118,-2684.47267334,586.200260124));
#169607=CARTESIAN_POINT('Control Point',(8994.33612434,-2684.46878806,586.200412708));
#169608=CARTESIAN_POINT('Control Point',(8994.285646659999,-2684.46102025,586.200720466));
#169609=CARTESIAN_POINT('Control Point',(8994.23517391,-2684.45328486,586.201032696));
#169610=CARTESIAN_POINT('Control Point',(8994.211168149999,-2684.44961321,586.2011823190001));
#169611=CARTESIAN_POINT('Control Point',(8994.10952016,-2684.43409763,586.201821901));
#169612=CARTESIAN_POINT('Control Point',(8994.00781904,-2684.4187012,586.202488203));
#169613=CARTESIAN_POINT('Control Point',(8993.93209726,-2684.40730837,586.202998954));
#169614=CARTESIAN_POINT('Control Point',(8993.85593453,-2684.39592066,586.203527057));
#169615=CARTESIAN_POINT('Control Point',(8993.77985241,-2684.38461727,586.204060951));
#169616=CARTESIAN_POINT('Vertex',(8998.739284789999,-2685.24390374,586.190198097));
#169617=VERTEX_POINT('',#169616);
#169618=EDGE_CURVE('',#169617,#169592,#169594,.T.);
#169619=B_SPLINE_CURVE_WITH_KNOTS('',2,(#169620,#169621,#169622),.UNSPECIFIED.,.F.,.U.,(3,3),(0.,0.143700927231),.UNSPECIFIED.);
#169620=CARTESIAN_POINT('Control Point',(8998.739284789999,-2685.24390374,586.190198097));
#169621=CARTESIAN_POINT('Control Point',(8998.742833349999,-2685.24460695,586.1902032089999));
#169622=CARTESIAN_POINT('Control Point',(8998.746381859999,-2685.24531041,586.190208363));
#169623=EDGE_CURVE('',#169617,#169477,#169619,.T.);
#169624=EDGE_LOOP('',(#169625,#169626,#169627,#169628,#169629));
#169625=ORIENTED_EDGE('',*,*,#169478,.F.);
#169626=ORIENTED_EDGE('',*,*,#168423,.F.);
#169627=ORIENTED_EDGE('',*,*,#169593,.T.);
#169628=ORIENTED_EDGE('',*,*,#169618,.F.);
#169629=ORIENTED_EDGE('',*,*,#169623,.T.);
#169630=FACE_OUTER_BOUND('',#169624,.T.);
#169631=ADVANCED_FACE('PartBody',(#169630),#169547,.T.);
#169632=B_SPLINE_SURFACE_WITH_KNOTS('',5,5,((#169633,#169634,#169635,#169636,#169637,#169638,#169639,#169640,#169641),(#169642,#169643,#169644,#169645,#169646,#169647,#169648,#169649,#169650),(#169651,#169652,#169653,#169654,#169655,#169656,#169657,#169658,#169659),(#169660,#169661,#169662,#169663,#169664,#169665,#169666,#169667,#169668),(#169669,#169670,#169671,#169672,#169673,#169674,#169675,#169676,#169677),(#169678,#169679,#169680,#169681,#169682,#169683,#169684,#169685,#169686)),.UNSPECIFIED.,.F.,.F.,.U.,(6,6),(6,3,6),(754.623864845,920.610594274),(0.,5.,10.),.UNSPECIFIED.);
#169633=CARTESIAN_POINT('Control Point',(8993.80368952,-2682.86442868,554.276155972));
#169634=CARTESIAN_POINT('Control Point',(8993.59955664,-2684.26146057,554.63238343));
#169635=CARTESIAN_POINT('Control Point',(8993.407151789999,-2685.59470719,555.245540907));
#169636=CARTESIAN_POINT('Control Point',(8993.235515909999,-2686.80231307,556.100160299));
#169637=CARTESIAN_POINT('Control Point',(8992.94958846,-2688.85502979,558.213579671));
#169638=CARTESIAN_POINT('Control Point',(8992.79756404,-2690.04055152,560.921598993));
#169639=CARTESIAN_POINT('Control Point',(8992.75990331,-2690.38049537,562.371138567));
#169640=CARTESIAN_POINT('Control Point',(8992.76233075,-2690.45195143,563.849453957));
#169641=CARTESIAN_POINT('Control Point',(8992.803004899999,-2690.26354171,565.292753548));
#169642=CARTESIAN_POINT('Control Point',(8970.58958231,-2679.42024578,554.4807553320001));
#169643=CARTESIAN_POINT('Control Point',(8970.38409297,-2680.8175535,554.8371132140001));
#169644=CARTESIAN_POINT('Control Point',(8970.19033949,-2682.15103334,555.450572823));
#169645=CARTESIAN_POINT('Control Point',(8970.017428859999,-2683.35877609,556.3056503));
#169646=CARTESIAN_POINT('Control Point',(8969.72922807,-2685.41148401,558.4202008));
#169647=CARTESIAN_POINT('Control Point',(8969.57566318,-2686.59636659,561.1295295899999));
#169648=CARTESIAN_POINT('Control Point',(8969.53746107,-2686.935816,562.579706102));
#169649=CARTESIAN_POINT('Control Point',(8969.539602119999,-2687.00661462,564.058564922));
#169650=CARTESIAN_POINT('Control Point',(8969.580244749999,-2686.81742504,565.502254629));
#169651=CARTESIAN_POINT('Control Point',(8947.380663279999,-2675.95110426,554.678920158));
#169652=CARTESIAN_POINT('Control Point',(8947.173816839999,-2677.34868553,555.035407928));
#169653=CARTESIAN_POINT('Control Point',(8946.978714069999,-2678.68239637,555.649168935));
#169654=CARTESIAN_POINT('Control Point',(8946.80452817,-2679.89027395,556.504703591));
#169655=CARTESIAN_POINT('Control Point',(8946.514053429999,-2681.9429696,558.620383131));
#169656=CARTESIAN_POINT('Control Point',(8946.35894867,-2683.12721114,561.331018935));
#169657=CARTESIAN_POINT('Control Point',(8946.320205829999,-2683.46616567,562.781831113));
#169658=CARTESIAN_POINT('Control Point',(8946.322061549999,-2683.53630698,564.261232106));
#169659=CARTESIAN_POINT('Control Point',(8946.362674009999,-2683.34633828,565.705310757));
#169660=CARTESIAN_POINT('Control Point',(8924.176052409999,-2672.4568866,554.870661447));
#169661=CARTESIAN_POINT('Control Point',(8923.96784816,-2673.85473921,555.227278585));
#169662=CARTESIAN_POINT('Control Point',(8923.77139539,-2675.18867888,555.841340294));
#169663=CARTESIAN_POINT('Control Point',(8923.595933589999,-2676.39668927,556.6973312809999));
#169664=CARTESIAN_POINT('Control Point',(8923.303184169999,-2678.44936918,558.8141379149999));
#169665=CARTESIAN_POINT('Control Point',(8923.14654005,-2679.63296774,561.526078449));
#169666=CARTESIAN_POINT('Control Point',(8923.107257129999,-2679.97142691,562.977525106));
#169667=CARTESIAN_POINT('Control Point',(8923.10882854,-2680.04091097,564.457467084));
#169668=CARTESIAN_POINT('Control Point',(8923.149412209999,-2679.85016376,565.901933561));
#169669=CARTESIAN_POINT('Control Point',(8900.974929029999,-2668.9374746,555.055987311));
#169670=CARTESIAN_POINT('Control Point',(8900.76536625,-2670.33559639,555.4127333180001));
#169671=CARTESIAN_POINT('Control Point',(8900.567562749999,-2671.66976277,556.027095082));
#169672=CARTESIAN_POINT('Control Point',(8900.390824459999,-2672.87790402,556.883541628));
#169673=CARTESIAN_POINT('Control Point',(8900.095799659999,-2674.93056479,559.001473609));
#169674=CARTESIAN_POINT('Control Point',(8899.93761673,-2676.11351837,561.71471682));
#169675=CARTESIAN_POINT('Control Point',(8899.89779438,-2676.45148161,563.16679688));
#169676=CARTESIAN_POINT('Control Point',(8899.899082529999,-2676.52030837,564.647278757));
#169677=CARTESIAN_POINT('Control Point',(8899.939638779999,-2676.32878317,566.0921320149999));
#169678=CARTESIAN_POINT('Control Point',(8877.77764882,-2665.39291917,555.234894158));
#169679=CARTESIAN_POINT('Control Point',(8877.566726699999,-2666.79130811,555.591768563));
#169680=CARTESIAN_POINT('Control Point',(8877.367571639999,-2668.12569919,556.206429806));
#169681=CARTESIAN_POINT('Control Point',(8877.189556159999,-2669.3339694,557.063331247));
#169682=CARTESIAN_POINT('Control Point',(8876.892255089999,-2671.38660766,559.182387089));
#169683=CARTESIAN_POINT('Control Point',(8876.732533779999,-2672.56891415,561.896931232));
#169684=CARTESIAN_POINT('Control Point',(8876.692172629999,-2672.9063808,563.3496437700001));
#169685=CARTESIAN_POINT('Control Point',(8876.69317857,-2672.97455008,564.830664589));
#169686=CARTESIAN_POINT('Control Point',(8876.733708809999,-2672.78224721,566.275903676));
#169687=B_SPLINE_CURVE_WITH_KNOTS('',5,(#169688,#169689,#169690,#169691,#169692,#169693),.UNSPECIFIED.,.F.,.U.,(6,6),(0.,17.6839506973),.UNSPECIFIED.);
#169688=CARTESIAN_POINT('Control Point',(8876.784961949999,-2672.79008012,566.275497781));
#169689=CARTESIAN_POINT('Control Point',(8876.70384274,-2673.17466618,563.385074867));
#169690=CARTESIAN_POINT('Control Point',(8876.78024586,-2672.51973178,560.349925215));
#169691=CARTESIAN_POINT('Control Point',(8877.031175279999,-2670.74036677,557.6914592320001));
#169692=CARTESIAN_POINT('Control Point',(8877.40576109,-2668.19727566,555.948244083));
#169693=CARTESIAN_POINT('Control Point',(8877.827055009999,-2665.40046841,555.234513106));
#169694=CARTESIAN_POINT('Vertex',(8876.784961949999,-2672.79008012,566.275497781));
#169695=VERTEX_POINT('',#169694);
#169696=EDGE_CURVE('',#169695,#168995,#169687,.T.);
#169697=B_SPLINE_CURVE_WITH_KNOTS('',5,(#169698,#169699,#169700,#169701,#169702,#169703),.UNSPECIFIED.,.F.,.U.,(6,6),(0.,10.),.UNSPECIFIED.);
#169698=CARTESIAN_POINT('Control Point',(8993.80368952,-2682.86442868,554.276155972));
#169699=CARTESIAN_POINT('Control Point',(8993.39542375,-2685.65849246,554.988610889));
#169700=CARTESIAN_POINT('Control Point',(8993.033736509999,-2688.19956302,556.727090165));
#169701=CARTESIAN_POINT('Control Point',(8992.79293381,-2689.98007044,559.3781016630001));
#169702=CARTESIAN_POINT('Control Point',(8992.72165659,-2690.64036115,562.406154366));
#169703=CARTESIAN_POINT('Control Point',(8992.803004899999,-2690.26354171,565.292753548));
#169704=CARTESIAN_POINT('Vertex',(8992.803004899999,-2690.26354171,565.292753548));
#169705=VERTEX_POINT('',#169704);
#169706=EDGE_CURVE('',#169705,#168982,#169697,.F.);
#169707=B_SPLINE_CURVE_WITH_KNOTS('',5,(#169708,#169709,#169710,#169711,#169712,#169713,#169714,#169715,#169716),.UNSPECIFIED.,.F.,.U.,(6,3,6),(754.623864845,835.220707264,920.537273873),.UNSPECIFIED.);
#169708=CARTESIAN_POINT('Control Point',(8992.803004899999,-2690.26354171,565.292753548));
#169709=CARTESIAN_POINT('Control Point',(8981.52691586,-2688.59023853,565.394479304));
#169710=CARTESIAN_POINT('Control Point',(8970.25205033,-2686.91104814,565.4946855319999));
#169711=CARTESIAN_POINT('Control Point',(8958.97833989,-2685.2259617,565.59337323));
#169712=CARTESIAN_POINT('Control Point',(8935.77290036,-2681.74494413,565.793404356));
#169713=CARTESIAN_POINT('Control Point',(8912.57130286,-2678.23879289,565.9870125690001));
#169714=CARTESIAN_POINT('Control Point',(8900.641509139999,-2676.42920138,566.084872288));
#169715=CARTESIAN_POINT('Control Point',(8888.71272784,-2674.61296367,566.181033989));
#169716=CARTESIAN_POINT('Control Point',(8876.784961949999,-2672.79008012,566.275497781));
#169717=EDGE_CURVE('',#169695,#169705,#169707,.F.);
#169718=EDGE_LOOP('',(#169719,#169720,#169721,#169722));
#169719=ORIENTED_EDGE('',*,*,#169696,.T.);
#169720=ORIENTED_EDGE('',*,*,#168996,.T.);
#169721=ORIENTED_EDGE('',*,*,#169706,.F.);
#169722=ORIENTED_EDGE('',*,*,#169717,.F.);
#169723=FACE_OUTER_BOUND('',#169718,.T.);
#169724=ADVANCED_FACE('PartBody',(#169723),#169632,.F.);
#169725=CARTESIAN_POINT('Axis2P3D Location',(9399.119130999999,-2688.97144413,537.287772279));
#169726=DIRECTION('Axis2P3D Direction',(-0.2935403960130382,-0.9245501029611204,0.2429838328430316));
#169727=DIRECTION('Axis2P3D XDirection',(-0.9549212144715725,0.2953651790561771,-0.02974701923301783));
#169728=AXIS2_PLACEMENT_3D('Plane Axis2P3D',#169725,#169726,#169727);
#169729=PLANE('',#169728);
#169730=CARTESIAN_POINT('Line Origine',(9112.42769456,-2601.56763843,523.515990912));
#169731=DIRECTION('Vector Direction',(-0.9549212144715725,0.2953651790561771,-0.02974701923301783));
#169732=VECTOR('Line Direction',#169731,1.);
#169733=LINE('Line',#169730,#169732);
#169734=EDGE_CURVE('',#168764,#168679,#169733,.T.);
#169735=CARTESIAN_POINT('Axis2P3D Location',(8853.02864284,-2521.70533791,514.019876789));
#169736=DIRECTION('Axis2P3D Direction',(-0.2935403960130382,-0.9245501029611204,0.2429838328430316));
#169737=AXIS2_PLACEMENT_3D('Circle Axis2P3D',#169735,#169736,$);
#169738=CIRCLE('generated circle',#169737,10.);
#169739=CARTESIAN_POINT('Vertex',(8852.5859793,-2524.1129616,504.324135601));
#169740=VERTEX_POINT('',#169739);
#169741=EDGE_CURVE('',#169740,#168677,#169738,.F.);
#169742=CARTESIAN_POINT('Line Origine',(9111.920313619999,-2604.3272567,512.4027323629999));
#169743=DIRECTION('Vector Direction',(-0.9549212144715725,0.2953651790561771,-0.02974701923301783));
#169744=VECTOR('Line Direction',#169743,1.);
#169745=LINE('Line',#169742,#169744);
#169746=CARTESIAN_POINT('Vertex',(9371.254647939999,-2684.54155179,520.481329124));
#169747=VERTEX_POINT('',#169746);
#169748=EDGE_CURVE('',#169747,#169740,#169745,.T.);
#169749=CARTESIAN_POINT('Axis2P3D Location',(9371.697311469999,-2682.13392811,530.177070312));
#169750=DIRECTION('Axis2P3D Direction',(-0.2935403960130382,-0.9245501029611204,0.2429838328430316));
#169751=AXIS2_PLACEMENT_3D('Circle Axis2P3D',#169749,#169750,$);
#169752=CIRCLE('generated circle',#169751,10.);
#169753=EDGE_CURVE('',#168771,#169747,#169752,.F.);
#169754=EDGE_LOOP('',(#169755,#169756,#169757,#169758,#169759,#169760));
#169755=ORIENTED_EDGE('',*,*,#168772,.T.);
#169756=ORIENTED_EDGE('',*,*,#169734,.T.);
#169757=ORIENTED_EDGE('',*,*,#168680,.F.);
#169758=ORIENTED_EDGE('',*,*,#169741,.F.);
#169759=ORIENTED_EDGE('',*,*,#169748,.F.);
#169760=ORIENTED_EDGE('',*,*,#169753,.F.);
#169761=FACE_OUTER_BOUND('',#169754,.T.);
#169762=ADVANCED_FACE('PartBody',(#169761),#169729,.T.);
#169763=CARTESIAN_POINT('Axis2P3D Location',(9114.402094879999,-2607.25506019,524.838135973));
#169764=DIRECTION('Axis2P3D Direction',(-0.9549212144716607,0.2953651790558951,-0.02974701923298943));
#169765=DIRECTION('Axis2P3D XDirection',(0.04426635359921925,0.2407623685561047,0.9695741187894216));
#169766=AXIS2_PLACEMENT_3D('Cylinder Axis2P3D',#169763,#169764,#169765);
#169767=CYLINDRICAL_SURFACE('generated cylinder',#169766,5.);
#169768=EDGE_LOOP('',(#169769,#169770,#169771,#169772));
#169769=ORIENTED_EDGE('',*,*,#168687,.T.);
#169770=ORIENTED_EDGE('',*,*,#169734,.F.);
#169771=ORIENTED_EDGE('',*,*,#168765,.T.);
#169772=ORIENTED_EDGE('',*,*,#169006,.T.);
#169773=FACE_OUTER_BOUND('',#169768,.T.);
#169774=ADVANCED_FACE('PartBody',(#169773),#169767,.F.);
#169775=CARTESIAN_POINT('Axis2P3D Location',(9400.022061259999,-2686.12752802,536.540354009));
#169776=DIRECTION('Axis2P3D Direction',(-0.2935403960130382,-0.9245501029611204,0.2429838328430316));
#169777=DIRECTION('Axis2P3D XDirection',(-0.9549212144715725,0.2953651790561771,-0.02974701923301783));
#169778=AXIS2_PLACEMENT_3D('Plane Axis2P3D',#169775,#169776,#169777);
#169779=PLANE('',#169778);
#169780=B_SPLINE_CURVE_WITH_KNOTS('',5,(#169781,#169782,#169783,#169784,#169785,#169786),.UNSPECIFIED.,.F.,.U.,(6,6),(15.7079632679,31.4159265359),.UNSPECIFIED.);
#169781=CARTESIAN_POINT('Control Point',(9372.1575782,-2681.69763568,519.733910854));
#169782=CARTESIAN_POINT('Control Point',(9375.15755167,-2682.62555275,519.827363871));
#169783=CARTESIAN_POINT('Control Point',(9378.21477839,-2683.25816175,521.1136257220001));
#169784=CARTESIAN_POINT('Control Point',(9380.69649405,-2683.39378058,523.595673136));
#169785=CARTESIAN_POINT('Control Point',(9382.010387029999,-2683.00004107,526.681115306));
#169786=CARTESIAN_POINT('Control Point',(9382.14945388,-2682.24366378,529.727122235));
#169787=CARTESIAN_POINT('Vertex',(9372.1575782,-2681.69763568,519.733910854));
#169788=VERTEX_POINT('',#169787);
#169789=EDGE_CURVE('',#169788,#168778,#169780,.T.);
#169790=CARTESIAN_POINT('Line Origine',(9110.37705526,-2600.72671383,511.579112184));
#169791=DIRECTION('Vector Direction',(-0.9549212144715725,0.2953651790561771,-0.02974701923301783));
#169792=VECTOR('Line Direction',#169791,1.);
#169793=LINE('Line',#169790,#169792);
#169794=CARTESIAN_POINT('Vertex',(8853.488909559999,-2521.26904548,503.576717331));
#169795=VERTEX_POINT('',#169794);
#169796=EDGE_CURVE('',#169788,#169795,#169793,.T.);
#169797=B_SPLINE_CURVE_WITH_KNOTS('',5,(#169798,#169799,#169800,#169801,#169802,#169803),.UNSPECIFIED.,.F.,.U.,(6,6),(5.68434188608E-014,15.7079632679),.UNSPECIFIED.);
#169798=CARTESIAN_POINT('Control Point',(8844.38236095,-2515.90777001,512.974988327));
#169799=CARTESIAN_POINT('Control Point',(8844.243294099999,-2516.6641473,509.928981398));
#169800=CARTESIAN_POINT('Control Point',(8845.27879387,-2517.78457378,506.916725822));
#169801=CARTESIAN_POINT('Control Point',(8847.54061788,-2519.11617174,504.582445746));
#169802=CARTESIAN_POINT('Control Point',(8850.48893609,-2520.34112841,503.483264314));
#169803=CARTESIAN_POINT('Control Point',(8853.488909559999,-2521.26904548,503.576717331));
#169804=EDGE_CURVE('',#168705,#169795,#169797,.T.);
#169805=EDGE_LOOP('',(#169806,#169807,#169808,#169809,#169810,#169811));
#169806=ORIENTED_EDGE('',*,*,#169789,.F.);
#169807=ORIENTED_EDGE('',*,*,#169796,.T.);
#169808=ORIENTED_EDGE('',*,*,#169804,.F.);
#169809=ORIENTED_EDGE('',*,*,#168706,.T.);
#169810=ORIENTED_EDGE('',*,*,#168739,.F.);
#169811=ORIENTED_EDGE('',*,*,#168784,.F.);
#169812=FACE_OUTER_BOUND('',#169805,.T.);
#169813=ADVANCED_FACE('PartBody',(#169812),#169779,.F.);
#169814=CARTESIAN_POINT('Axis2P3D Location',(8851.425325189999,-2526.75523058,515.347054484));
#169815=DIRECTION('Axis2P3D Direction',(-0.2935403960130382,-0.9245501029611204,0.2429838328430316));
#169816=DIRECTION('Axis2P3D XDirection',(-0.9549212144715725,0.2953651790561771,-0.02974701923301783));
#169817=AXIS2_PLACEMENT_3D('Cylinder Axis2P3D',#169814,#169815,#169816);
#169818=CYLINDRICAL_SURFACE('generated cylinder',#169817,10.);
#169819=CARTESIAN_POINT('Line Origine',(8850.98266166,-2529.16285426,505.651313296));
#169820=DIRECTION('Vector Direction',(-0.2935403960130382,-0.9245501029611204,0.2429838328430316));
#169821=VECTOR('Line Direction',#169820,1.);
#169822=LINE('Line',#169819,#169821);
#169823=EDGE_CURVE('',#169795,#169740,#169822,.T.);
#169824=EDGE_LOOP('',(#169825,#169826,#169827,#169828));
#169825=ORIENTED_EDGE('',*,*,#169741,.T.);
#169826=ORIENTED_EDGE('',*,*,#168711,.F.);
#169827=ORIENTED_EDGE('',*,*,#169804,.T.);
#169828=ORIENTED_EDGE('',*,*,#169823,.T.);
#169829=FACE_OUTER_BOUND('',#169824,.T.);
#169830=ADVANCED_FACE('PartBody',(#169829),#169818,.T.);
#169831=CARTESIAN_POINT('Axis2P3D Location',(9371.02561339,-2684.24954334,530.7330816050001));
#169832=DIRECTION('Axis2P3D Direction',(-0.2935403960130382,-0.9245501029611204,0.2429838328430316));
#169833=DIRECTION('Axis2P3D XDirection',(-0.04426635360079509,-0.2407623685619733,-0.9695741187878923));
#169834=AXIS2_PLACEMENT_3D('Cylinder Axis2P3D',#169831,#169832,#169833);
#169835=CYLINDRICAL_SURFACE('generated cylinder',#169834,10.);
#169836=CARTESIAN_POINT('Line Origine',(9370.582949849999,-2686.65716703,521.037340417));
#169837=DIRECTION('Vector Direction',(-0.2935403960121243,-0.9245501029613917,0.242983832843103));
#169838=VECTOR('Line Direction',#169837,1.);
#169839=LINE('Line',#169836,#169838);
#169840=EDGE_CURVE('',#169788,#169747,#169839,.T.);
#169841=EDGE_LOOP('',(#169842,#169843,#169844,#169845));
#169842=ORIENTED_EDGE('',*,*,#169753,.T.);
#169843=ORIENTED_EDGE('',*,*,#169840,.F.);
#169844=ORIENTED_EDGE('',*,*,#169789,.T.);
#169845=ORIENTED_EDGE('',*,*,#168779,.T.);
#169846=FACE_OUTER_BOUND('',#169841,.T.);
#169847=ADVANCED_FACE('PartBody',(#169846),#169835,.T.);
#169848=B_SPLINE_SURFACE_WITH_KNOTS('',5,5,((#169849,#169850,#169851,#169852,#169853,#169854,#169855,#169856,#169857),(#169858,#169859,#169860,#169861,#169862,#169863,#169864,#169865,#169866),(#169867,#169868,#169869,#169870,#169871,#169872,#169873,#169874,#169875),(#169876,#169877,#169878,#169879,#169880,#169881,#169882,#169883,#169884),(#169885,#169886,#169887,#169888,#169889,#169890,#169891,#169892,#169893),(#169894,#169895,#169896,#169897,#169898,#169899,#169900,#169901,#169902)),.UNSPECIFIED.,.F.,.F.,.U.,(6,6),(6,3,6),(300.282425004,400.376486839),(0.,5.,10.),.UNSPECIFIED.);
#169849=CARTESIAN_POINT('Control Point',(9324.877292379999,-2731.42760122,551.219930904));
#169850=CARTESIAN_POINT('Control Point',(9324.749682349999,-2732.828402,551.57360056));
#169851=CARTESIAN_POINT('Control Point',(9324.63370903,-2734.16591828,552.182182343));
#169852=CARTESIAN_POINT('Control Point',(9324.53498436,-2735.37861741,553.0304378));
#169853=CARTESIAN_POINT('Control Point',(9324.38104932,-2737.44360994,555.128777497));
#169854=CARTESIAN_POINT('Control Point',(9324.32332324,-2738.64544007,557.820095326));
#169855=CARTESIAN_POINT('Control Point',(9324.32085855,-2738.99451902,559.261643407));
#169856=CARTESIAN_POINT('Control Point',(9324.34490627,-2739.07580197,560.733236479));
#169857=CARTESIAN_POINT('Control Point',(9324.393315609999,-2738.89740145,562.171791019));
#169858=CARTESIAN_POINT('Control Point',(9325.740050889999,-2731.51091818,551.201230338));
#169859=CARTESIAN_POINT('Control Point',(9325.601021189999,-2732.91034134,551.555079275));
#169860=CARTESIAN_POINT('Control Point',(9325.473623559999,-2734.24650457,552.16374122));
#169861=CARTESIAN_POINT('Control Point',(9325.36396882,-2735.45795972,553.01197558));
#169862=CARTESIAN_POINT('Control Point',(9325.1901569,-2737.52084085,555.110103847));
#169863=CARTESIAN_POINT('Control Point',(9325.118015049999,-2738.72151023,557.800982825));
#169864=CARTESIAN_POINT('Control Point',(9325.11008425,-2739.07029672,559.242282028));
#169865=CARTESIAN_POINT('Control Point',(9325.13065739,-2739.15159496,560.713634745));
#169866=CARTESIAN_POINT('Control Point',(9325.17764466,-2738.97350048,562.151990703));
#169867=CARTESIAN_POINT('Control Point',(9326.60201902,-2731.60253111,551.184625894));
#169868=CARTESIAN_POINT('Control Point',(9326.45158338,-2733.00047636,551.538628584));
#169869=CARTESIAN_POINT('Control Point',(9326.31277533,-2734.33518542,552.147348597));
#169870=CARTESIAN_POINT('Control Point',(9326.19220354,-2735.54529813,552.995544128));
#169871=CARTESIAN_POINT('Control Point',(9325.99853701,-2737.60588353,555.093434761));
#169872=CARTESIAN_POINT('Control Point',(9325.91199128,-2738.80524556,557.783865845));
#169873=CARTESIAN_POINT('Control Point',(9325.898596999999,-2739.15367883,559.2249156190001));
#169874=CARTESIAN_POINT('Control Point',(9325.9156945,-2739.23494667,560.696030491));
#169875=CARTESIAN_POINT('Control Point',(9325.961255079999,-2739.057129,562.134192378));
#169876=CARTESIAN_POINT('Control Point',(9327.4630856,-2731.70242934,551.1701199950001));
#169877=CARTESIAN_POINT('Control Point',(9327.301258899999,-2733.09879663,551.524250914));
#169878=CARTESIAN_POINT('Control Point',(9327.151055479999,-2734.4319506,552.133006913));
#169879=CARTESIAN_POINT('Control Point',(9327.01958081,-2735.64062259,552.9811459060001));
#169880=CARTESIAN_POINT('Control Point',(9326.806084149999,-2737.69872828,555.078772747));
#169881=CARTESIAN_POINT('Control Point',(9326.705148409999,-2738.89663648,557.76874694));
#169882=CARTESIAN_POINT('Control Point',(9326.686294229999,-2739.24465577,559.2095467520001));
#169883=CARTESIAN_POINT('Control Point',(9326.699915859999,-2739.32584748,560.680426302));
#169884=CARTESIAN_POINT('Control Point',(9326.744045849999,-2739.14827728,562.118398633));
#169885=CARTESIAN_POINT('Control Point',(9328.32313988,-2731.8106002,551.157714555));
#169886=CARTESIAN_POINT('Control Point',(9328.14993813,-2733.2052897,551.511948182));
#169887=CARTESIAN_POINT('Control Point',(9327.988355489999,-2734.53678789,552.120718102));
#169888=CARTESIAN_POINT('Control Point',(9327.84599322,-2735.74392109,552.9687828690001));
#169889=CARTESIAN_POINT('Control Point',(9327.612693089999,-2737.79936343,555.066119813));
#169890=CARTESIAN_POINT('Control Point',(9327.49738323,-2738.9956715,557.755628168));
#169891=CARTESIAN_POINT('Control Point',(9327.473073609999,-2739.34321608,559.196177509));
#169892=CARTESIAN_POINT('Control Point',(9327.483220009999,-2739.42428588,560.666824274));
#169893=CARTESIAN_POINT('Control Point',(9327.52591622,-2739.24693373,562.104611571));
#169894=CARTESIAN_POINT('Control Point',(9329.18207051,-2731.9270287,551.147410931));
#169895=CARTESIAN_POINT('Control Point',(9328.997510859999,-2733.31994082,551.5017217549999));
#169896=CARTESIAN_POINT('Control Point',(9328.82456632,-2734.6496828,552.11048355));
#169897=CARTESIAN_POINT('Control Point',(9328.671332849999,-2735.85517936,552.958456427));
#169898=CARTESIAN_POINT('Control Point',(9328.41825812,-2737.9077751,555.055477422));
#169899=CARTESIAN_POINT('Control Point',(9328.288591999999,-2739.10233695,557.7445110469999));
#169900=CARTESIAN_POINT('Control Point',(9328.25883239,-2739.44934615,559.184809427));
#169901=CARTESIAN_POINT('Control Point',(9328.26550501,-2739.53024827,560.655225962));
#169902=CARTESIAN_POINT('Control Point',(9328.30676498,-2739.35308468,562.092832755));
#169903=B_SPLINE_CURVE_WITH_KNOTS('',5,(#169904,#169905,#169906,#169907,#169908,#169909),.UNSPECIFIED.,.F.,.U.,(6,6),(0.,10.),.UNSPECIFIED.);
#169904=CARTESIAN_POINT('Control Point',(9324.877292379999,-2731.42760122,551.219930904));
#169905=CARTESIAN_POINT('Control Point',(9324.62207231,-2734.22920279,551.927270215));
#169906=CARTESIAN_POINT('Control Point',(9324.41315984,-2736.77977059,553.652594849));
#169907=CARTESIAN_POINT('Control Point',(9324.296872379999,-2738.57457605,556.284051872));
#169908=CARTESIAN_POINT('Control Point',(9324.29649692,-2739.25420248,559.29468194));
#169909=CARTESIAN_POINT('Control Point',(9324.393315609999,-2738.89740145,562.171791019));
#169910=CARTESIAN_POINT('Vertex',(9324.39331562,-2738.89738701,562.171904099));
#169911=VERTEX_POINT('',#169910);
#169912=EDGE_CURVE('',#169911,#168919,#169903,.F.);
#169913=B_SPLINE_CURVE_WITH_KNOTS('',5,(#169914,#169915,#169916,#169917,#169918,#169919,#169920,#169921,#169922),.UNSPECIFIED.,.F.,.U.,(6,3,6),(300.282425004,328.309059075,400.376486839),.UNSPECIFIED.);
#169914=CARTESIAN_POINT('Control Point',(9324.393315609999,-2738.89740145,562.171791019));
#169915=CARTESIAN_POINT('Control Point',(9324.612930069999,-2738.9187094,562.166246871));
#169916=CARTESIAN_POINT('Control Point',(9324.832488189999,-2738.94060768,562.160859684));
#169917=CARTESIAN_POINT('Control Point',(9325.05198774,-2738.96309607,562.155629512));
#169918=CARTESIAN_POINT('Control Point',(9325.835689359999,-2739.04551761,562.137511486));
#169919=CARTESIAN_POINT('Control Point',(9326.61858755,-2739.13546002,562.121397507));
#169920=CARTESIAN_POINT('Control Point',(9327.181817799999,-2739.20411306,562.110835246));
#169921=CARTESIAN_POINT('Control Point',(9327.74455619,-2739.27665631,562.101313467));
#169922=CARTESIAN_POINT('Control Point',(9328.30676498,-2739.35308468,562.092832755));
#169923=EDGE_CURVE('',#169911,#169107,#169913,.T.);
#169924=EDGE_LOOP('',(#169925,#169926,#169927,#169928));
#169925=ORIENTED_EDGE('',*,*,#169912,.T.);
#169926=ORIENTED_EDGE('',*,*,#168920,.T.);
#169927=ORIENTED_EDGE('',*,*,#169116,.F.);
#169928=ORIENTED_EDGE('',*,*,#169923,.F.);
#169929=FACE_OUTER_BOUND('',#169924,.T.);
#169930=ADVANCED_FACE('PartBody',(#169929),#169848,.T.);
#169931=B_SPLINE_SURFACE_WITH_KNOTS('',2,5,((#169932,#169933,#169934,#169935,#169936,#169937,#169938,#169939,#169940),(#169941,#169942,#169943,#169944,#169945,#169946,#169947,#169948,#169949),(#169950,#169951,#169952,#169953,#169954,#169955,#169956,#169957,#169958)),.UNSPECIFIED.,.F.,.F.,.U.,(3,3),(6,3,6),(900.222193022,933.641426117),(0.,5.,10.),.UNSPECIFIED.);
#169932=CARTESIAN_POINT('Control Point',(9301.361252589999,-2729.15664558,551.729648174));
#169933=CARTESIAN_POINT('Control Point',(9301.233593069999,-2730.55798752,552.083454469));
#169934=CARTESIAN_POINT('Control Point',(9301.11757925,-2731.89599609,552.692369838));
#169935=CARTESIAN_POINT('Control Point',(9301.0188296,-2733.10906711,553.541138448));
#169936=CARTESIAN_POINT('Control Point',(9300.86488519,-2735.17443972,555.640754368));
#169937=CARTESIAN_POINT('Control Point',(9300.80723491,-2736.37581707,558.333563081));
#169938=CARTESIAN_POINT('Control Point',(9300.804830539999,-2736.72443393,559.775839565));
#169939=CARTESIAN_POINT('Control Point',(9300.82895834,-2736.80502736,561.248057829));
#169940=CARTESIAN_POINT('Control Point',(9300.877461689999,-2736.6257549,562.687065785));
#169941=CARTESIAN_POINT('Control Point',(9313.119272419999,-2730.29212413,551.474789722));
#169942=CARTESIAN_POINT('Control Point',(9312.991637649999,-2731.69319548,551.828527695));
#169943=CARTESIAN_POINT('Control Point',(9312.875644079999,-2733.0309579,552.437276246));
#169944=CARTESIAN_POINT('Control Point',(9312.77690692,-2734.24384299,553.285788237));
#169945=CARTESIAN_POINT('Control Point',(9312.622967179999,-2736.30902565,555.38476595));
#169946=CARTESIAN_POINT('Control Point',(9312.565278979999,-2737.51062962,558.076829185));
#169947=CARTESIAN_POINT('Control Point',(9312.56284443,-2737.85947767,559.518741481));
#169948=CARTESIAN_POINT('Control Point',(9312.58693218,-2737.94041602,560.990647214));
#169949=CARTESIAN_POINT('Control Point',(9312.635388519999,-2737.76157968,562.429428587));
#169950=CARTESIAN_POINT('Control Point',(9324.87729233,-2731.42760117,551.219930893));
#169951=CARTESIAN_POINT('Control Point',(9324.7496823,-2732.82840196,551.573600552));
#169952=CARTESIAN_POINT('Control Point',(9324.63370898,-2734.16591825,552.182182342));
#169953=CARTESIAN_POINT('Control Point',(9324.534984309999,-2735.37861738,553.0304378120001));
#169954=CARTESIAN_POINT('Control Point',(9324.38104928,-2737.44360992,555.128777538));
#169955=CARTESIAN_POINT('Control Point',(9324.3233232,-2738.64544005,557.820095402));
#169956=CARTESIAN_POINT('Control Point',(9324.32085851,-2738.99451898,559.2616435));
#169957=CARTESIAN_POINT('Control Point',(9324.344906229999,-2739.07580191,560.733236587));
#169958=CARTESIAN_POINT('Control Point',(9324.39331557,-2738.89740137,562.171791137));
#169959=B_SPLINE_CURVE_WITH_KNOTS('',5,(#169960,#169961,#169962,#169963,#169964,#169965),.UNSPECIFIED.,.F.,.U.,(6,6),(0.,10.),.UNSPECIFIED.);
#169960=CARTESIAN_POINT('Control Point',(9301.361252589999,-2729.15664558,551.729648174));
#169961=CARTESIAN_POINT('Control Point',(9301.105933539999,-2731.95932947,552.437260765));
#169962=CARTESIAN_POINT('Control Point',(9300.89695746,-2734.5107894,554.163643169));
#169963=CARTESIAN_POINT('Control Point',(9300.780697529999,-2736.30569327,556.796823436));
#169964=CARTESIAN_POINT('Control Point',(9300.780454989999,-2736.98429983,559.809049873));
#169965=CARTESIAN_POINT('Control Point',(9300.877461689999,-2736.6257549,562.687065785));
#169966=CARTESIAN_POINT('Vertex',(9300.8774617,-2736.6257549,562.687065755));
#169967=VERTEX_POINT('',#169966);
#169968=EDGE_CURVE('',#169967,#168929,#169959,.F.);
#169969=B_SPLINE_CURVE_WITH_KNOTS('',5,(#169970,#169971,#169972,#169973,#169974,#169975),.UNSPECIFIED.,.F.,.U.,(6,6),(900.222193027,933.641420748),.UNSPECIFIED.);
#169970=CARTESIAN_POINT('Control Point',(9300.8774617,-2736.6257549,562.687065785));
#169971=CARTESIAN_POINT('Control Point',(9305.58063167,-2737.08008474,562.5840109219999));
#169972=CARTESIAN_POINT('Control Point',(9310.283801669999,-2737.53441427,562.480956035));
#169973=CARTESIAN_POINT('Control Point',(9314.986971689999,-2737.98874349,562.377901121));
#169974=CARTESIAN_POINT('Control Point',(9319.69014173,-2738.44307241,562.274846183));
#169975=CARTESIAN_POINT('Control Point',(9324.393311799999,-2738.89740101,562.17179122));
#169976=EDGE_CURVE('',#169967,#169911,#169969,.T.);
#169977=EDGE_LOOP('',(#169978,#169979,#169980,#169981));
#169978=ORIENTED_EDGE('',*,*,#169968,.T.);
#169979=ORIENTED_EDGE('',*,*,#168930,.T.);
#169980=ORIENTED_EDGE('',*,*,#169912,.F.);
#169981=ORIENTED_EDGE('',*,*,#169976,.F.);
#169982=FACE_OUTER_BOUND('',#169977,.T.);
#169983=ADVANCED_FACE('PartBody',(#169982),#169931,.T.);
#169984=B_SPLINE_SURFACE_WITH_KNOTS('',5,5,((#169985,#169986,#169987,#169988,#169989,#169990,#169991,#169992,#169993),(#169994,#169995,#169996,#169997,#169998,#169999,#170000,#170001,#170002),(#170003,#170004,#170005,#170006,#170007,#170008,#170009,#170010,#170011),(#170012,#170013,#170014,#170015,#170016,#170017,#170018,#170019,#170020),(#170021,#170022,#170023,#170024,#170025,#170026,#170027,#170028,#170029),(#170030,#170031,#170032,#170033,#170034,#170035,#170036,#170037,#170038)),.UNSPECIFIED.,.F.,.F.,.U.,(6,6),(6,3,6),(300.200498449,400.267313044),(0.,5.,10.),.UNSPECIFIED.);
#169985=CARTESIAN_POINT('Control Point',(9301.36125254,-2729.1566455,551.729648157));
#169986=CARTESIAN_POINT('Control Point',(9301.23359303,-2730.55798743,552.083454449));
#169987=CARTESIAN_POINT('Control Point',(9301.117579219999,-2731.89599599,552.692369812));
#169988=CARTESIAN_POINT('Control Point',(9301.01882958,-2733.109067,553.541138417));
#169989=CARTESIAN_POINT('Control Point',(9300.86488519,-2735.17443958,555.640754324));
#169990=CARTESIAN_POINT('Control Point',(9300.807234919999,-2736.37581692,558.333563026));
#169991=CARTESIAN_POINT('Control Point',(9300.80483055,-2736.72443377,559.775839505));
#169992=CARTESIAN_POINT('Control Point',(9300.82895836,-2736.80502721,561.248057764));
#169993=CARTESIAN_POINT('Control Point',(9300.877461709999,-2736.62575474,562.687065718));
#169994=CARTESIAN_POINT('Control Point',(9300.63380921,-2729.08639594,551.745415711));
#169995=CARTESIAN_POINT('Control Point',(9300.494371359999,-2730.48635455,552.099416245));
#169996=CARTESIAN_POINT('Control Point',(9300.366575049999,-2731.82300178,552.708437136));
#169997=CARTESIAN_POINT('Control Point',(9300.25655398,-2733.03481575,553.55721915));
#169998=CARTESIAN_POINT('Control Point',(9300.08211605,-2735.09803777,555.6567045));
#169999=CARTESIAN_POINT('Control Point',(9300.00961307,-2736.2981882,558.349162922));
#170000=CARTESIAN_POINT('Control Point',(9300.00158106,-2736.64647246,559.791232757));
#170001=CARTESIAN_POINT('Control Point',(9300.022137259999,-2736.72703514,561.263246144));
#170002=CARTESIAN_POINT('Control Point',(9300.0691873,-2736.54801926,562.702080589));
#170003=CARTESIAN_POINT('Control Point',(9299.907052729999,-2729.0089367,551.759361618));
#170004=CARTESIAN_POINT('Control Point',(9299.75585062,-2730.4074047,552.113529109));
#170005=CARTESIAN_POINT('Control Point',(9299.61628604,-2731.74258248,552.722631643));
#170006=CARTESIAN_POINT('Control Point',(9299.495006929999,-2732.95303424,553.571407593));
#170007=CARTESIAN_POINT('Control Point',(9299.300098559999,-2735.01390935,555.670732965));
#170008=CARTESIAN_POINT('Control Point',(9299.212755769999,-2736.21267777,558.362829665));
#170009=CARTESIAN_POINT('Control Point',(9299.1990993,-2736.56056554,559.804691381));
#170010=CARTESIAN_POINT('Control Point',(9299.216083449999,-2736.64104994,561.27650181));
#170011=CARTESIAN_POINT('Control Point',(9299.261676189999,-2736.46226086,562.7151670120001));
#170012=CARTESIAN_POINT('Control Point',(9299.181083019999,-2728.92427753,551.771483732));
#170013=CARTESIAN_POINT('Control Point',(9299.018132019999,-2730.32114783,552.12579089));
#170014=CARTESIAN_POINT('Control Point',(9298.86681469,-2731.65474824,552.734951189));
#170015=CARTESIAN_POINT('Control Point',(9298.73429221,-2732.86373286,553.583701615));
#170016=CARTESIAN_POINT('Control Point',(9298.51893894,-2734.92206503,555.682837616));
#170017=CARTESIAN_POINT('Control Point',(9298.4167714,-2736.11929649,558.374561181));
#170018=CARTESIAN_POINT('Control Point',(9298.39749467,-2736.46672391,559.816213314));
#170019=CARTESIAN_POINT('Control Point',(9298.41090721,-2736.54708245,561.287822706));
#170020=CARTESIAN_POINT('Control Point',(9298.45503942,-2736.3684903,562.726322926));
#170021=CARTESIAN_POINT('Control Point',(9298.45599968,-2728.8324301,551.781780409));
#170022=CARTESIAN_POINT('Control Point',(9298.281316429999,-2730.2275959,552.136199948));
#170023=CARTESIAN_POINT('Control Point',(9298.118263159999,-2731.55951125,552.745394144));
#170024=CARTESIAN_POINT('Control Point',(9297.974513219999,-2732.76692399,553.594099601));
#170025=CARTESIAN_POINT('Control Point',(9297.73874302,-2734.8225176,555.693016877));
#170026=CARTESIAN_POINT('Control Point',(9297.62176801,-2736.01805736,558.384355928));
#170027=CARTESIAN_POINT('Control Point',(9297.59687621,-2736.36496061,559.825797027));
#170028=CARTESIAN_POINT('Control Point',(9297.606718469999,-2736.44514569,561.297207307));
#170029=CARTESIAN_POINT('Control Point',(9297.649387649999,-2736.26672052,562.735546809));
#170030=CARTESIAN_POINT('Control Point',(9297.73190173,-2728.73340808,551.79025052));
#170031=CARTESIAN_POINT('Control Point',(9297.54550416,-2730.1267628,552.1447551590001));
#170032=CARTESIAN_POINT('Control Point',(9297.37073302,-2731.45688568,552.7539594));
#170033=CARTESIAN_POINT('Control Point',(9297.215772809999,-2732.66262207,553.602600461));
#170034=CARTESIAN_POINT('Control Point',(9296.95961609,-2734.71528188,555.7012697));
#170035=CARTESIAN_POINT('Control Point',(9296.827853029999,-2735.90897546,558.392212898));
#170036=CARTESIAN_POINT('Control Point',(9296.797352359999,-2736.2552908,559.833441527));
#170037=CARTESIAN_POINT('Control Point',(9296.80362656,-2736.33525486,561.304654635));
#170038=CARTESIAN_POINT('Control Point',(9296.844830959999,-2736.15696667,562.7428376840001));
#170039=B_SPLINE_CURVE_WITH_KNOTS('',5,(#170040,#170041,#170042,#170043,#170044,#170045),.UNSPECIFIED.,.F.,.U.,(6,6),(300.200498449,400.267313044),.UNSPECIFIED.);
#170040=CARTESIAN_POINT('Control Point',(9300.877461709999,-2736.62575474,562.687065718));
#170041=CARTESIAN_POINT('Control Point',(9300.0691873,-2736.54801926,562.702080589));
#170042=CARTESIAN_POINT('Control Point',(9299.261676189999,-2736.46226086,562.7151670120001));
#170043=CARTESIAN_POINT('Control Point',(9298.45503942,-2736.3684903,562.726322926));
#170044=CARTESIAN_POINT('Control Point',(9297.649387649999,-2736.26672052,562.735546809));
#170045=CARTESIAN_POINT('Control Point',(9296.844830959999,-2736.15696667,562.7428376840001));
#170046=CARTESIAN_POINT('Vertex',(9296.844830959999,-2736.15696585,562.742844519));
#170047=VERTEX_POINT('',#170046);
#170048=EDGE_CURVE('',#170047,#169967,#170039,.F.);
#170049=B_SPLINE_CURVE_WITH_KNOTS('',5,(#170050,#170051,#170052,#170053,#170054,#170055),.UNSPECIFIED.,.F.,.U.,(6,6),(0.,10.),.UNSPECIFIED.);
#170050=CARTESIAN_POINT('Control Point',(9297.73190173,-2728.73340808,551.79025052));
#170051=CARTESIAN_POINT('Control Point',(9297.359106579999,-2731.52011752,552.499259798));
#170052=CARTESIAN_POINT('Control Point',(9297.032511849999,-2734.05599041,554.225408954));
#170053=CARTESIAN_POINT('Control Point',(9296.819404899999,-2735.8394016,556.856622314));
#170054=CARTESIAN_POINT('Control Point',(9296.762422149999,-2736.51354304,559.866471586));
#170055=CARTESIAN_POINT('Control Point',(9296.844830959999,-2736.15696667,562.7428376840001));
#170056=EDGE_CURVE('',#170047,#168939,#170049,.F.);
#170057=EDGE_LOOP('',(#170058,#170059,#170060,#170061));
#170058=ORIENTED_EDGE('',*,*,#168940,.T.);
#170059=ORIENTED_EDGE('',*,*,#169968,.F.);
#170060=ORIENTED_EDGE('',*,*,#170048,.F.);
#170061=ORIENTED_EDGE('',*,*,#170056,.T.);
#170062=FACE_OUTER_BOUND('',#170057,.T.);
#170063=ADVANCED_FACE('PartBody',(#170062),#169984,.F.);
#170064=B_SPLINE_SURFACE_WITH_KNOTS('',5,5,((#170065,#170066,#170067,#170068,#170069,#170070,#170071,#170072,#170073),(#170074,#170075,#170076,#170077,#170078,#170079,#170080,#170081,#170082),(#170083,#170084,#170085,#170086,#170087,#170088,#170089,#170090,#170091),(#170092,#170093,#170094,#170095,#170096,#170097,#170098,#170099,#170100),(#170101,#170102,#170103,#170104,#170105,#170106,#170107,#170108,#170109),(#170110,#170111,#170112,#170113,#170114,#170115,#170116,#170117,#170118)),.UNSPECIFIED.,.F.,.F.,.U.,(6,6),(6,3,6),(319.825972067,674.610505384),(0.,5.,10.),.UNSPECIFIED.);
#170065=CARTESIAN_POINT('Control Point',(9297.731922949999,-2728.73342296,551.790253246));
#170066=CARTESIAN_POINT('Control Point',(9297.545522779999,-2730.1267779,552.14475806));
#170067=CARTESIAN_POINT('Control Point',(9297.37074905,-2731.45690096,552.753962667));
#170068=CARTESIAN_POINT('Control Point',(9297.215786389999,-2732.66263742,553.602604269));
#170069=CARTESIAN_POINT('Control Point',(9296.95962525,-2734.71529708,555.701274826));
#170070=CARTESIAN_POINT('Control Point',(9296.827859089999,-2735.90898984,558.392219533));
#170071=CARTESIAN_POINT('Control Point',(9296.797357289999,-2736.25530458,559.833448894));
#170072=CARTESIAN_POINT('Control Point',(9296.80363083,-2736.33526787,561.304662626));
#170073=CARTESIAN_POINT('Control Point',(9296.84483505,-2736.1569788,562.742846123));
#170074=CARTESIAN_POINT('Control Point',(9248.007565169999,-2721.9334764,552.3718949730001));
#170075=CARTESIAN_POINT('Control Point',(9247.818261369999,-2723.32746992,552.726690923));
#170076=CARTESIAN_POINT('Control Point',(9247.64060094,-2724.65813932,553.336558387));
#170077=CARTESIAN_POINT('Control Point',(9247.482907829999,-2725.86421221,554.186200272));
#170078=CARTESIAN_POINT('Control Point',(9247.221868909999,-2727.91692733,556.287337309));
#170079=CARTESIAN_POINT('Control Point',(9247.08677371,-2729.10929262,558.981138107));
#170080=CARTESIAN_POINT('Control Point',(9247.055091169999,-2729.45455883,560.42375846));
#170081=CARTESIAN_POINT('Control Point',(9247.060723819999,-2729.5331126,561.896162885));
#170082=CARTESIAN_POINT('Control Point',(9247.101828019999,-2729.3531394,563.335207236));
#170083=CARTESIAN_POINT('Control Point',(9198.298129319999,-2715.01727859,552.923988194));
#170084=CARTESIAN_POINT('Control Point',(9198.1059274,-2716.41190094,553.279072609));
#170085=CARTESIAN_POINT('Control Point',(9197.925385749999,-2717.7431072,553.8895991959999));
#170086=CARTESIAN_POINT('Control Point',(9197.764967789999,-2718.94950787,554.740236704));
#170087=CARTESIAN_POINT('Control Point',(9197.49906299,-2721.00226399,556.84382945));
#170088=CARTESIAN_POINT('Control Point',(9197.360652059999,-2722.19329472,559.540473712));
#170089=CARTESIAN_POINT('Control Point',(9197.32779585,-2722.53751113,560.9844785400001));
#170090=CARTESIAN_POINT('Control Point',(9197.33279493,-2722.61465668,562.4580672660001));
#170091=CARTESIAN_POINT('Control Point',(9197.373806419999,-2722.43300329,563.897966587));
#170092=CARTESIAN_POINT('Control Point',(9148.61157569,-2707.98642093,553.44656465));
#170093=CARTESIAN_POINT('Control Point',(9148.416478949999,-2709.38166204,553.801934879));
#170094=CARTESIAN_POINT('Control Point',(9148.23305931,-2710.71339536,554.413116841));
#170095=CARTESIAN_POINT('Control Point',(9148.06991998,-2711.92011489,555.264745265));
#170096=CARTESIAN_POINT('Control Point',(9147.79915725,-2713.97289709,557.370782809));
#170097=CARTESIAN_POINT('Control Point',(9147.657440989999,-2715.16258598,560.070257732));
#170098=CARTESIAN_POINT('Control Point',(9147.62341704,-2715.50575132,561.515640435));
#170099=CARTESIAN_POINT('Control Point',(9147.62778913,-2715.58149005,562.990407008));
#170100=CARTESIAN_POINT('Control Point',(9147.66871482,-2715.39816059,564.4311553909999));
#170101=CARTESIAN_POINT('Control Point',(9098.957890219999,-2700.8426543,553.939603208));
#170102=CARTESIAN_POINT('Control Point',(9098.75989773,-2702.23850348,554.295256637));
#170103=CARTESIAN_POINT('Control Point',(9098.57359912,-2703.57075345,554.90709023));
#170104=CARTESIAN_POINT('Control Point',(9098.407737849999,-2704.77778236,555.759704833));
#170105=CARTESIAN_POINT('Control Point',(9098.13211778,-2706.83057477,557.868176157));
#170106=CARTESIAN_POINT('Control Point',(9097.98710124,-2708.01891405,560.570468786));
#170107=CARTESIAN_POINT('Control Point',(9097.951913409999,-2708.36102691,562.017222692));
#170108=CARTESIAN_POINT('Control Point',(9097.955663749999,-2708.43536023,563.493160609));
#170109=CARTESIAN_POINT('Control Point',(9097.99651001,-2708.25035895,564.934752123));
#170110=CARTESIAN_POINT('Control Point',(9049.324237549999,-2693.58427873,554.403267735));
#170111=CARTESIAN_POINT('Control Point',(9049.12334756,-2694.98072553,554.759201852));
#170112=CARTESIAN_POINT('Control Point',(9048.934168199999,-2696.31348196,555.371683566));
#170113=CARTESIAN_POINT('Control Point',(9048.76558365,-2697.52081089,556.225279974));
#170114=CARTESIAN_POINT('Control Point',(9048.485105509999,-2699.5735977,558.336174962));
#170115=CARTESIAN_POINT('Control Point',(9048.33679279,-2700.76057916,561.041273419));
#170116=CARTESIAN_POINT('Control Point',(9048.300444639999,-2701.10163781,562.489392389));
#170117=CARTESIAN_POINT('Control Point',(9048.3035783,-2701.17456664,563.966495614));
#170118=CARTESIAN_POINT('Control Point',(9048.34435143,-2700.98789723,565.4089246890001));
#170119=B_SPLINE_CURVE_WITH_KNOTS('',5,(#170120,#170121,#170122,#170123,#170124,#170125),.UNSPECIFIED.,.F.,.U.,(6,6),(319.825980249,674.610505384),.UNSPECIFIED.);
#170120=CARTESIAN_POINT('Control Point',(9296.844829309999,-2736.15697801,562.742846192));
#170121=CARTESIAN_POINT('Control Point',(9247.101823429999,-2729.35313876,563.335207288));
#170122=CARTESIAN_POINT('Control Point',(9197.373802979999,-2722.4330028,563.897966624));
#170123=CARTESIAN_POINT('Control Point',(9147.66871253,-2715.39816026,564.431155414));
#170124=CARTESIAN_POINT('Control Point',(9097.996508869999,-2708.25035878,564.934752134));
#170125=CARTESIAN_POINT('Control Point',(9048.34435143,-2700.98789723,565.4089246890001));
#170126=CARTESIAN_POINT('Vertex',(9048.344351399999,-2700.98789738,565.408924738));
#170127=VERTEX_POINT('',#170126);
#170128=EDGE_CURVE('',#170127,#170047,#170119,.F.);
#170129=B_SPLINE_CURVE_WITH_KNOTS('',5,(#170130,#170131,#170132,#170133,#170134,#170135),.UNSPECIFIED.,.F.,.U.,(6,6),(0.,10.),.UNSPECIFIED.);
#170130=CARTESIAN_POINT('Control Point',(9049.324237549999,-2693.58427873,554.403267735));
#170131=CARTESIAN_POINT('Control Point',(9048.92245758,-2696.37717234,555.115135968));
#170132=CARTESIAN_POINT('Control Point',(9048.56719163,-2698.91744249,556.851505286));
#170133=CARTESIAN_POINT('Control Point',(9048.33146132,-2700.69852426,559.49912618));
#170134=CARTESIAN_POINT('Control Point',(9048.262805159999,-2701.36123604,562.5240665380001));
#170135=CARTESIAN_POINT('Control Point',(9048.34435143,-2700.98789723,565.4089246890001));
#170136=EDGE_CURVE('',#170127,#168949,#170129,.F.);
#170137=EDGE_LOOP('',(#170138,#170139,#170140,#170141));
#170138=ORIENTED_EDGE('',*,*,#168950,.T.);
#170139=ORIENTED_EDGE('',*,*,#170056,.F.);
#170140=ORIENTED_EDGE('',*,*,#170128,.F.);
#170141=ORIENTED_EDGE('',*,*,#170136,.T.);
#170142=FACE_OUTER_BOUND('',#170137,.T.);
#170143=ADVANCED_FACE('PartBody',(#170142),#170064,.F.);
#170144=B_SPLINE_SURFACE_WITH_KNOTS('',5,5,((#170145,#170146,#170147,#170148,#170149,#170150,#170151,#170152,#170153),(#170154,#170155,#170156,#170157,#170158,#170159,#170160,#170161,#170162),(#170163,#170164,#170165,#170166,#170167,#170168,#170169,#170170,#170171),(#170172,#170173,#170174,#170175,#170176,#170177,#170178,#170179,#170180),(#170181,#170182,#170183,#170184,#170185,#170186,#170187,#170188,#170189),(#170190,#170191,#170192,#170193,#170194,#170195,#170196,#170197,#170198)),.UNSPECIFIED.,.F.,.F.,.U.,(6,6),(6,3,6),(300.315584431,400.420952273),(0.,5.,10.),.UNSPECIFIED.);
#170145=CARTESIAN_POINT('Control Point',(9049.32423747,-2693.58427881,554.4032677599999));
#170146=CARTESIAN_POINT('Control Point',(9049.12334749,-2694.98072563,554.759201879));
#170147=CARTESIAN_POINT('Control Point',(9048.934168129999,-2696.31348207,555.3716836));
#170148=CARTESIAN_POINT('Control Point',(9048.765583589999,-2697.52081101,556.22528002));
#170149=CARTESIAN_POINT('Control Point',(9048.48510546,-2699.57359783,558.336175036));
#170150=CARTESIAN_POINT('Control Point',(9048.336792759999,-2700.76057928,561.041273527));
#170151=CARTESIAN_POINT('Control Point',(9048.30044461,-2701.10163791,562.489392513));
#170152=CARTESIAN_POINT('Control Point',(9048.303578269999,-2701.17456672,563.966495752));
#170153=CARTESIAN_POINT('Control Point',(9048.34435141,-2700.9878973,565.408924837));
#170154=CARTESIAN_POINT('Control Point',(9048.41534053,-2693.45136265,554.411758438));
#170155=CARTESIAN_POINT('Control Point',(9048.199660389999,-2694.84562585,554.767825579));
#170156=CARTESIAN_POINT('Control Point',(9047.995690379999,-2696.1762005,555.380432872));
#170157=CARTESIAN_POINT('Control Point',(9047.81296757,-2697.38144772,556.234141971));
#170158=CARTESIAN_POINT('Control Point',(9047.50681732,-2699.43046597,558.345228574));
#170159=CARTESIAN_POINT('Control Point',(9047.33998364,-2700.6147567,561.050443801));
#170160=CARTESIAN_POINT('Control Point',(9047.296652219999,-2700.95481205,562.498600557));
#170161=CARTESIAN_POINT('Control Point',(9047.29540101,-2701.02712628,563.975721241));
#170162=CARTESIAN_POINT('Control Point',(9047.33446045,-2700.84023986,565.418149362));
#170163=CARTESIAN_POINT('Control Point',(9047.50807862,-2693.30712353,554.41736278));
#170164=CARTESIAN_POINT('Control Point',(9047.277633289999,-2694.69903303,554.773519568));
#170165=CARTESIAN_POINT('Control Point',(9047.058897839999,-2696.02725452,555.3862142520001));
#170166=CARTESIAN_POINT('Control Point',(9046.862061239999,-2697.23025359,556.24000466));
#170167=CARTESIAN_POINT('Control Point',(9046.530284339999,-2699.27519331,558.3512349600001));
#170168=CARTESIAN_POINT('Control Point',(9046.34496488,-2700.4565505,561.056547342));
#170169=CARTESIAN_POINT('Control Point',(9046.294664379999,-2700.79550333,562.504738836));
#170170=CARTESIAN_POINT('Control Point',(9046.28903844,-2700.86713015,563.9818794290001));
#170171=CARTESIAN_POINT('Control Point',(9046.326389989999,-2700.6799824,565.424312968));
#170172=CARTESIAN_POINT('Control Point',(9046.602648149999,-2693.15159044,554.420079013));
#170173=CARTESIAN_POINT('Control Point',(9046.35746519,-2694.54097655,554.776282051));
#170174=CARTESIAN_POINT('Control Point',(9046.123992089999,-2695.86667389,555.389025928));
#170175=CARTESIAN_POINT('Control Point',(9045.913068709999,-2697.06725876,556.242866258));
#170176=CARTESIAN_POINT('Control Point',(9045.55571549,-2699.1078107,558.3541923290001));
#170177=CARTESIAN_POINT('Control Point',(9045.35194973,-2700.28599217,561.059582257));
#170178=CARTESIAN_POINT('Control Point',(9045.29469628,-2700.62374352,562.5078054430001));
#170179=CARTESIAN_POINT('Control Point',(9045.284707459999,-2700.69461033,563.984968396));
#170180=CARTESIAN_POINT('Control Point',(9045.32035831,-2700.50715711,565.427413724));
#170181=CARTESIAN_POINT('Control Point',(9045.699244699999,-2692.98479695,554.419906548));
#170182=CARTESIAN_POINT('Control Point',(9045.43935422,-2694.37149041,554.776112431));
#170183=CARTESIAN_POINT('Control Point',(9045.191173829999,-2695.69449305,555.388867292));
#170184=CARTESIAN_POINT('Control Point',(9044.966193189999,-2696.89249813,556.242726144));
#170185=CARTESIAN_POINT('Control Point',(9044.583318859999,-2698.92835386,558.354100041));
#170186=CARTESIAN_POINT('Control Point',(9044.361150519999,-2700.10311817,561.059547886));
#170187=CARTESIAN_POINT('Control Point',(9044.29696218,-2700.43956942,562.50779971));
#170188=CARTESIAN_POINT('Control Point',(9044.282623989999,-2700.50960391,563.984987468));
#170189=CARTESIAN_POINT('Control Point',(9044.316582699999,-2700.32180132,565.427450949));
#170190=CARTESIAN_POINT('Control Point',(9044.79806445,-2692.80678196,554.416846083));
#170191=CARTESIAN_POINT('Control Point',(9044.523499139999,-2694.190614,554.773011411));
#170192=CARTESIAN_POINT('Control Point',(9044.260644389999,-2695.51075188,555.385739048));
#170193=CARTESIAN_POINT('Control Point',(9044.021638549999,-2696.70601203,556.239585024));
#170194=CARTESIAN_POINT('Control Point',(9043.613303139999,-2698.73686407,558.350958802));
#170195=CARTESIAN_POINT('Control Point',(9043.372780219999,-2699.90797064,561.056444933));
#170196=CARTESIAN_POINT('Control Point',(9043.301676989999,-2700.24302357,562.5047223400001));
#170197=CARTESIAN_POINT('Control Point',(9043.283004629999,-2700.31215379,563.981937347));
#170198=CARTESIAN_POINT('Control Point',(9043.315281129999,-2700.12395825,565.424425349));
#170199=B_SPLINE_CURVE_WITH_KNOTS('',5,(#170200,#170201,#170202,#170203,#170204,#170205,#170206,#170207,#170208),.UNSPECIFIED.,.F.,.U.,(6,3,6),(300.315584431,328.345379719,400.420952273),.UNSPECIFIED.);
#170200=CARTESIAN_POINT('Control Point',(9048.34435141,-2700.9878973,565.408924837));
#170201=CARTESIAN_POINT('Control Point',(9048.06157899,-2700.94655278,565.411507731));
#170202=CARTESIAN_POINT('Control Point',(9047.778949309999,-2700.90422041,565.413850644));
#170203=CARTESIAN_POINT('Control Point',(9047.49646715,-2700.86090087,565.415953533));
#170204=CARTESIAN_POINT('Control Point',(9046.488156789999,-2700.70266699,565.42260643));
#170205=CARTESIAN_POINT('Control Point',(9045.481850079999,-2700.53186138,565.42619709));
#170206=CARTESIAN_POINT('Control Point',(9044.758432069999,-2700.40237776,565.42719444));
#170207=CARTESIAN_POINT('Control Point',(9044.03621534,-2700.26640469,565.426603772));
#170208=CARTESIAN_POINT('Control Point',(9043.315281129999,-2700.12395825,565.424425349));
#170209=CARTESIAN_POINT('Vertex',(9043.31528112,-2700.1239583,565.424425371));
#170210=VERTEX_POINT('',#170209);
#170211=EDGE_CURVE('',#170210,#170127,#170199,.F.);
#170212=B_SPLINE_CURVE_WITH_KNOTS('',5,(#170213,#170214,#170215,#170216,#170217,#170218),.UNSPECIFIED.,.F.,.U.,(6,6),(0.,10.),.UNSPECIFIED.);
#170213=CARTESIAN_POINT('Control Point',(9044.79806445,-2692.80678196,554.416846083));
#170214=CARTESIAN_POINT('Control Point',(9044.248933839999,-2695.57444603,555.1291767390001));
#170215=CARTESIAN_POINT('Control Point',(9043.746231629999,-2698.0894573,556.866067333));
#170216=CARTESIAN_POINT('Control Point',(9043.38951587,-2699.84976313,559.5141798240001));
#170217=CARTESIAN_POINT('Control Point',(9043.25072812,-2700.50034934,562.539449345));
#170218=CARTESIAN_POINT('Control Point',(9043.315281129999,-2700.12395825,565.424425349));
#170219=EDGE_CURVE('',#170210,#168962,#170212,.F.);
#170220=EDGE_LOOP('',(#170221,#170222,#170223,#170224));
#170221=ORIENTED_EDGE('',*,*,#168963,.T.);
#170222=ORIENTED_EDGE('',*,*,#170136,.F.);
#170223=ORIENTED_EDGE('',*,*,#170211,.F.);
#170224=ORIENTED_EDGE('',*,*,#170219,.T.);
#170225=FACE_OUTER_BOUND('',#170220,.T.);
#170226=ADVANCED_FACE('PartBody',(#170225),#170144,.F.);
#170227=B_SPLINE_SURFACE_WITH_KNOTS('',2,5,((#170228,#170229,#170230,#170231,#170232,#170233,#170234,#170235,#170236),(#170237,#170238,#170239,#170240,#170241,#170242,#170243,#170244,#170245),(#170246,#170247,#170248,#170249,#170250,#170251,#170252,#170253,#170254)),.UNSPECIFIED.,.F.,.F.,.U.,(3,3),(6,3,6),(464.749294054,530.619105349),(0.,5.,10.),.UNSPECIFIED.);
#170228=CARTESIAN_POINT('Control Point',(8999.104253669999,-2683.7806348,554.261666423));
#170229=CARTESIAN_POINT('Control Point',(8998.82951931,-2685.16531757,554.61805072));
#170230=CARTESIAN_POINT('Control Point',(8998.56650988,-2686.48622791,555.231312798));
#170231=CARTESIAN_POINT('Control Point',(8998.32738624,-2687.68206902,556.085980658));
#170232=CARTESIAN_POINT('Control Point',(8997.918927879999,-2689.71350603,558.1993968949999));
#170233=CARTESIAN_POINT('Control Point',(8997.6785413,-2690.88387979,560.907263641));
#170234=CARTESIAN_POINT('Control Point',(8997.607579919999,-2691.21819409,562.356702034));
#170235=CARTESIAN_POINT('Control Point',(8997.589120729999,-2691.28622768,563.834910118));
#170236=CARTESIAN_POINT('Control Point',(8997.62166782,-2691.09664988,565.278113515));
#170237=CARTESIAN_POINT('Control Point',(9021.95115868,-2688.29371027,554.33925674));
#170238=CARTESIAN_POINT('Control Point',(9021.67650885,-2689.67796764,554.695531545));
#170239=CARTESIAN_POINT('Control Point',(9021.41357676,-2690.99849174,555.308526334));
#170240=CARTESIAN_POINT('Control Point',(9021.174512009999,-2692.19404241,556.162783132));
#170241=CARTESIAN_POINT('Control Point',(9020.766115069999,-2694.22518718,558.275177877));
#170242=CARTESIAN_POINT('Control Point',(9020.52566019,-2695.39592792,560.9818541990001));
#170243=CARTESIAN_POINT('Control Point',(9020.454627809999,-2695.7306119,562.430712123));
#170244=CARTESIAN_POINT('Control Point',(9020.43606195,-2695.79919422,563.908423828));
#170245=CARTESIAN_POINT('Control Point',(9020.46847367,-2695.61030796,565.351269841));
#170246=CARTESIAN_POINT('Control Point',(9044.798064499999,-2692.80678199,554.4168460880001));
#170247=CARTESIAN_POINT('Control Point',(9044.52349919,-2694.19061404,554.773011419));
#170248=CARTESIAN_POINT('Control Point',(9044.260644419999,-2695.51075193,555.385739062));
#170249=CARTESIAN_POINT('Control Point',(9044.02163856,-2696.70601209,556.239585047));
#170250=CARTESIAN_POINT('Control Point',(9043.61330313,-2698.73686414,558.350958846));
#170251=CARTESIAN_POINT('Control Point',(9043.372780199999,-2699.9079707,561.056445001));
#170252=CARTESIAN_POINT('Control Point',(9043.301676969999,-2700.24302363,562.50472242));
#170253=CARTESIAN_POINT('Control Point',(9043.2830046,-2700.31215384,563.9819374370001));
#170254=CARTESIAN_POINT('Control Point',(9043.315281109999,-2700.12395829,565.424425446));
#170255=B_SPLINE_CURVE_WITH_KNOTS('',5,(#170256,#170257,#170258,#170259,#170260,#170261),.UNSPECIFIED.,.F.,.U.,(6,6),(0.,10.),.UNSPECIFIED.);
#170256=CARTESIAN_POINT('Control Point',(8999.104253669999,-2683.7806348,554.261666423));
#170257=CARTESIAN_POINT('Control Point',(8998.55478495,-2686.55000034,554.974435017));
#170258=CARTESIAN_POINT('Control Point',(8998.051800539999,-2689.06640842,556.7130201259999));
#170259=CARTESIAN_POINT('Control Point',(8997.695048059999,-2690.82685049,559.3638917649999));
#170260=CARTESIAN_POINT('Control Point',(8997.55657364,-2691.47580547,562.39170672));
#170261=CARTESIAN_POINT('Control Point',(8997.62166782,-2691.09664988,565.278113514));
#170262=CARTESIAN_POINT('Vertex',(8997.62167017,-2691.09663733,565.278209374));
#170263=VERTEX_POINT('',#170262);
#170264=EDGE_CURVE('',#170263,#168972,#170255,.F.);
#170265=B_SPLINE_CURVE_WITH_KNOTS('',5,(#170266,#170267,#170268,#170269,#170270,#170271),.UNSPECIFIED.,.F.,.U.,(6,6),(464.749294303,530.619105349),.UNSPECIFIED.);
#170266=CARTESIAN_POINT('Control Point',(8997.621667989999,-2691.09664992,565.278113515));
#170267=CARTESIAN_POINT('Control Point',(9006.760390289999,-2692.90211314,565.3073760460001));
#170268=CARTESIAN_POINT('Control Point',(9015.89911276,-2694.70757559,565.336638504));
#170269=CARTESIAN_POINT('Control Point',(9025.037835379999,-2696.51303727,565.36590089));
#170270=CARTESIAN_POINT('Control Point',(9034.17655817,-2698.31849817,565.395163204));
#170271=CARTESIAN_POINT('Control Point',(9043.315281109999,-2700.12395829,565.424425446));
#170272=EDGE_CURVE('',#170263,#170210,#170265,.T.);
#170273=EDGE_LOOP('',(#170274,#170275,#170276,#170277));
#170274=ORIENTED_EDGE('',*,*,#170264,.T.);
#170275=ORIENTED_EDGE('',*,*,#168973,.T.);
#170276=ORIENTED_EDGE('',*,*,#170219,.F.);
#170277=ORIENTED_EDGE('',*,*,#170272,.F.);
#170278=FACE_OUTER_BOUND('',#170273,.T.);
#170279=ADVANCED_FACE('PartBody',(#170278),#170227,.T.);
#170280=B_SPLINE_SURFACE_WITH_KNOTS('',5,5,((#170281,#170282,#170283,#170284,#170285,#170286,#170287,#170288,#170289),(#170290,#170291,#170292,#170293,#170294,#170295,#170296,#170297,#170298),(#170299,#170300,#170301,#170302,#170303,#170304,#170305,#170306,#170307),(#170308,#170309,#170310,#170311,#170312,#170313,#170314,#170315,#170316),(#170317,#170318,#170319,#170320,#170321,#170322,#170323,#170324,#170325),(#170326,#170327,#170328,#170329,#170330,#170331,#170332,#170333,#170334)),.UNSPECIFIED.,.F.,.F.,.U.,(6,6),(6,3,6),(300.432358029,400.576766004),(0.,5.,10.),.UNSPECIFIED.);
#170281=CARTESIAN_POINT('Control Point',(8993.80368868,-2682.8644351,554.276157604));
#170282=CARTESIAN_POINT('Control Point',(8993.599555969999,-2684.26146699,554.632385054));
#170283=CARTESIAN_POINT('Control Point',(8993.4071513,-2685.5947136,555.245542518));
#170284=CARTESIAN_POINT('Control Point',(8993.235515599999,-2686.80231948,556.1001618929999));
#170285=CARTESIAN_POINT('Control Point',(8992.949588449999,-2688.85503621,558.213581226));
#170286=CARTESIAN_POINT('Control Point',(8992.797564249999,-2690.04055796,560.921600508));
#170287=CARTESIAN_POINT('Control Point',(8992.759903599999,-2690.38050183,562.371140063));
#170288=CARTESIAN_POINT('Control Point',(8992.76233109,-2690.45195791,563.8494554379999));
#170289=CARTESIAN_POINT('Control Point',(8992.803005259999,-2690.26354821,565.292755018));
#170290=CARTESIAN_POINT('Control Point',(8994.86795202,-2683.02233547,554.266777619));
#170291=CARTESIAN_POINT('Control Point',(8994.649646709999,-2684.41720769,554.6231158430001));
#170292=CARTESIAN_POINT('Control Point',(8994.443068369999,-2685.74829972,555.236363594));
#170293=CARTESIAN_POINT('Control Point',(8994.257883979999,-2686.95385653,556.09104906));
#170294=CARTESIAN_POINT('Control Point',(8993.94735597,-2689.00288413,558.204552631));
#170295=CARTESIAN_POINT('Control Point',(8993.77758681,-2690.18582213,560.912573674));
#170296=CARTESIAN_POINT('Control Point',(8993.733237069999,-2690.52482298,562.362096749));
#170297=CARTESIAN_POINT('Control Point',(8993.73146689,-2690.59572965,563.840384575));
#170298=CARTESIAN_POINT('Control Point',(8993.770504509999,-2690.40716965,565.283652061));
#170299=CARTESIAN_POINT('Control Point',(8995.9303518,-2683.19293946,554.2606372500001));
#170300=CARTESIAN_POINT('Control Point',(8995.69789779,-2684.58549656,554.617046554));
#170301=CARTESIAN_POINT('Control Point',(8995.477169899999,-2685.91427727,555.230349912));
#170302=CARTESIAN_POINT('Control Point',(8995.27846016,-2687.1176327,556.0850732710001));
#170303=CARTESIAN_POINT('Control Point',(8994.943374349999,-2689.16268706,558.198618649));
#170304=CARTESIAN_POINT('Control Point',(8994.75589269,-2690.3428178,560.9066253140001));
#170305=CARTESIAN_POINT('Control Point',(8994.704866599999,-2690.68078393,562.356130031));
#170306=CARTESIAN_POINT('Control Point',(8994.698907399999,-2690.75107344,563.834393354));
#170307=CARTESIAN_POINT('Control Point',(8994.736312769999,-2690.56232131,565.277635175));
#170308=CARTESIAN_POINT('Control Point',(8996.990675659999,-2683.37621576,554.257738413));
#170309=CARTESIAN_POINT('Control Point',(8996.74409909,-2684.76630262,554.614179088));
#170310=CARTESIAN_POINT('Control Point',(8996.509248009999,-2686.09261567,555.2275033670001));
#170311=CARTESIAN_POINT('Control Point',(8996.297038499999,-2687.29361776,556.08223642));
#170312=CARTESIAN_POINT('Control Point',(8995.9374422,-2689.33441542,558.195781169));
#170313=CARTESIAN_POINT('Control Point',(8995.7322843,-2690.51151592,560.903757316));
#170314=CARTESIAN_POINT('Control Point',(8995.67459633,-2690.84835586,562.353241795));
#170315=CARTESIAN_POINT('Control Point',(8995.66445828,-2690.91796063,563.8314836550001));
#170316=CARTESIAN_POINT('Control Point',(8995.70023697,-2690.72897471,565.274706239));
#170317=CARTESIAN_POINT('Control Point',(8998.048712559999,-2683.57212798,554.258081715));
#170318=CARTESIAN_POINT('Control Point',(8997.788041809999,-2684.95958992,554.61451405));
#170319=CARTESIAN_POINT('Control Point',(8997.53909615,-2686.28327937,555.227824565));
#170320=CARTESIAN_POINT('Control Point',(8997.31341461,-2687.48177653,556.0825391119999));
#170321=CARTESIAN_POINT('Control Point',(8996.92935941,-2689.5180348,558.196040801));
#170322=CARTESIAN_POINT('Control Point',(8996.70656529,-2690.69188274,560.903970293));
#170323=CARTESIAN_POINT('Control Point',(8996.642231649999,-2691.02750528,562.353432658));
#170324=CARTESIAN_POINT('Control Point',(8996.627926429999,-2691.09635799,563.8316561));
#170325=CARTESIAN_POINT('Control Point',(8996.662085279999,-2690.90709676,565.274865871));
#170326=CARTESIAN_POINT('Control Point',(8999.104253649999,-2683.78063485,554.2616664339999));
#170327=CARTESIAN_POINT('Control Point',(8998.829519289999,-2685.1653176,554.6180507289999));
#170328=CARTESIAN_POINT('Control Point',(8998.56650988,-2686.48622793,555.2313128));
#170329=CARTESIAN_POINT('Control Point',(8998.32738624,-2687.68206903,556.085980649));
#170330=CARTESIAN_POINT('Control Point',(8997.9189279,-2689.71350604,558.199396861));
#170331=CARTESIAN_POINT('Control Point',(8997.67854132,-2690.88387981,560.907263577));
#170332=CARTESIAN_POINT('Control Point',(8997.607579939999,-2691.21819412,562.3567019560001));
#170333=CARTESIAN_POINT('Control Point',(8997.589120749999,-2691.28622772,563.834910027));
#170334=CARTESIAN_POINT('Control Point',(8997.621667829999,-2691.09664994,565.278113416));
#170335=B_SPLINE_CURVE_WITH_KNOTS('',5,(#170336,#170337,#170338,#170339,#170340,#170341),.UNSPECIFIED.,.F.,.U.,(6,6),(300.432358029,400.576766004),.UNSPECIFIED.);
#170336=CARTESIAN_POINT('Control Point',(8992.803005259999,-2690.26354821,565.292755018));
#170337=CARTESIAN_POINT('Control Point',(8993.770504509999,-2690.40716965,565.283652061));
#170338=CARTESIAN_POINT('Control Point',(8994.736312769999,-2690.56232131,565.277635175));
#170339=CARTESIAN_POINT('Control Point',(8995.70023697,-2690.72897471,565.274706239));
#170340=CARTESIAN_POINT('Control Point',(8996.662085279999,-2690.90709676,565.274865871));
#170341=CARTESIAN_POINT('Control Point',(8997.621667829999,-2691.09664994,565.278113416));
#170342=EDGE_CURVE('',#169705,#170263,#170335,.T.);
#170343=EDGE_LOOP('',(#170344,#170345,#170346,#170347));
#170344=ORIENTED_EDGE('',*,*,#169706,.T.);
#170345=ORIENTED_EDGE('',*,*,#168983,.T.);
#170346=ORIENTED_EDGE('',*,*,#170264,.F.);
#170347=ORIENTED_EDGE('',*,*,#170342,.F.);
#170348=FACE_OUTER_BOUND('',#170343,.T.);
#170349=ADVANCED_FACE('PartBody',(#170348),#170280,.T.);
#170350=B_SPLINE_SURFACE_WITH_KNOTS('',5,5,((#170351,#170352,#170353,#170354,#170355,#170356),(#170357,#170358,#170359,#170360,#170361,#170362),(#170363,#170364,#170365,#170366,#170367,#170368),(#170369,#170370,#170371,#170372,#170373,#170374),(#170375,#170376,#170377,#170378,#170379,#170380),(#170381,#170382,#170383,#170384,#170385,#170386)),.UNSPECIFIED.,.F.,.F.,.U.,(6,6),(6,6),(29.7091959883,60.1905728068),(0.,100.000000002),.UNSPECIFIED.);
#170351=CARTESIAN_POINT('Control Point',(9328.310640169999,-2736.54815062,583.595914819));
#170352=CARTESIAN_POINT('Control Point',(9327.52981921,-2736.44514094,583.5812914320001));
#170353=CARTESIAN_POINT('Control Point',(9326.747973829999,-2736.34975168,583.567688092));
#170354=CARTESIAN_POINT('Control Point',(9325.965204959999,-2736.26199614,583.55510669));
#170355=CARTESIAN_POINT('Control Point',(9325.18161381,-2736.18188568,583.543548851));
#170356=CARTESIAN_POINT('Control Point',(9324.39730176,-2736.10942966,583.5330159379999));
#170357=CARTESIAN_POINT('Control Point',(9328.30989364,-2737.12331301,579.29832856));
#170358=CARTESIAN_POINT('Control Point',(9327.52906868,-2737.02032737,579.283839627));
#170359=CARTESIAN_POINT('Control Point',(9326.747219729999,-2736.92496353,579.27036059));
#170360=CARTESIAN_POINT('Control Point',(9325.9644477,-2736.83723479,579.257893321));
#170361=CARTESIAN_POINT('Control Point',(9325.18085382,-2736.75715251,579.246439432));
#170362=CARTESIAN_POINT('Control Point',(9324.396539469999,-2736.68472603,579.236000272));
#170363=CARTESIAN_POINT('Control Point',(9328.309117119999,-2737.69138995,574.999208784));
#170364=CARTESIAN_POINT('Control Point',(9327.528285569999,-2737.58842905,574.984853457));
#170365=CARTESIAN_POINT('Control Point',(9326.746430429999,-2737.49309133,574.971497875));
#170366=CARTESIAN_POINT('Control Point',(9325.96365267,-2737.40539016,574.9591439009999));
#170367=CARTESIAN_POINT('Control Point',(9325.180053459999,-2737.32533689,574.947793135));
#170368=CARTESIAN_POINT('Control Point',(9324.39573421,-2737.25294079,574.937446902));
#170369=CARTESIAN_POINT('Control Point',(9328.30831472,-2738.2523772,570.698576431));
#170370=CARTESIAN_POINT('Control Point',(9327.527473479999,-2738.14944212,570.684350544));
#170371=CARTESIAN_POINT('Control Point',(9326.745609079999,-2738.05413164,570.671114271));
#170372=CARTESIAN_POINT('Control Point',(9325.96282246,-2737.96645921,570.658869439));
#170373=CARTESIAN_POINT('Control Point',(9325.17921484,-2737.88643615,570.647617629));
#170374=CARTESIAN_POINT('Control Point',(9324.394887599999,-2737.81407168,570.637360181));
#170375=CARTESIAN_POINT('Control Point',(9328.30753756,-2738.8062769,566.396452632));
#170376=CARTESIAN_POINT('Control Point',(9327.526689659999,-2738.70336925,566.382353924));
#170377=CARTESIAN_POINT('Control Point',(9326.74481903,-2738.60808764,566.369234674));
#170378=CARTESIAN_POINT('Control Point',(9325.96202664,-2738.52044538,566.357096702));
#170379=CARTESIAN_POINT('Control Point',(9325.178413669999,-2738.4404538,566.34594158));
#170380=CARTESIAN_POINT('Control Point',(9324.39408154,-2738.36812226,566.3357706210001));
#170381=CARTESIAN_POINT('Control Point',(9328.30676498,-2739.35308465,562.0928327509999));
#170382=CARTESIAN_POINT('Control Point',(9327.52591239,-2739.25020528,562.078863698));
#170383=CARTESIAN_POINT('Control Point',(9326.74403752,-2739.15495328,562.0658639440001));
#170384=CARTESIAN_POINT('Control Point',(9325.96124133,-2739.06734196,562.053835295));
#170385=CARTESIAN_POINT('Control Point',(9325.177625029999,-2738.98738263,562.0427793060001));
#170386=CARTESIAN_POINT('Control Point',(9324.39329,-2738.91508465,562.032697281));
#170387=B_SPLINE_CURVE_WITH_KNOTS('',5,(#170388,#170389,#170390,#170391,#170392,#170393,#170394,#170395,#170396,#170397,#170398,#170399,#170400,#170401,#170402,#170403,#170404,#170405),.UNSPECIFIED.,.F.,.U.,(6,3,3,3,3,6),(0.,25.3311987099,37.9967980649,46.4663872441,50.6623974199,99.5696721982),.UNSPECIFIED.);
#170388=CARTESIAN_POINT('Control Point',(9328.3106173,-2736.56576258,583.464298659));
#170389=CARTESIAN_POINT('Control Point',(9328.112982339999,-2736.53881265,583.467153331));
#170390=CARTESIAN_POINT('Control Point',(9327.915281759999,-2736.51234918,583.470086023));
#170391=CARTESIAN_POINT('Control Point',(9327.71751719,-2736.48637238,583.473096839));
#170392=CARTESIAN_POINT('Control Point',(9327.420776809999,-2736.44813743,583.477730627));
#170393=CARTESIAN_POINT('Control Point',(9327.12389983,-2736.41099825,583.4825414430001));
#170394=CARTESIAN_POINT('Control Point',(9327.024925869999,-2736.3987403,583.484164756));
#170395=CARTESIAN_POINT('Control Point',(9326.859742569999,-2736.37848858,583.486906545));
#170396=CARTESIAN_POINT('Control Point',(9326.69451872,-2736.35857606,583.489703437));
#170397=CARTESIAN_POINT('Control Point',(9326.628301449999,-2736.35065091,583.490833107));
#170398=CARTESIAN_POINT('Control Point',(9326.529269229999,-2736.33888095,583.492535709));
#170399=CARTESIAN_POINT('Control Point',(9326.43022285,-2736.32723283,583.494258179));
#170400=CARTESIAN_POINT('Control Point',(9326.379792989999,-2736.32132745,583.495139215));
#170401=CARTESIAN_POINT('Control Point',(9325.96447379,-2736.27290165,583.502427785));
#170402=CARTESIAN_POINT('Control Point',(9325.548864259999,-2736.22661159,583.510076768));
#170403=CARTESIAN_POINT('Control Point',(9325.1636999,-2736.18556985,583.517450915));
#170404=CARTESIAN_POINT('Control Point',(9324.78058689,-2736.14658935,583.5250849));
#170405=CARTESIAN_POINT('Control Point',(9324.39730176,-2736.10942966,583.5330159379999));
#170406=CARTESIAN_POINT('Vertex',(9328.310617289999,-2736.56576263,583.464298666));
#170407=VERTEX_POINT('',#170406);
#170408=CARTESIAN_POINT('Vertex',(9324.397301769999,-2736.10942956,583.533015957));
#170409=VERTEX_POINT('',#170408);
#170410=EDGE_CURVE('',#170407,#170409,#170387,.T.);
#170411=B_SPLINE_CURVE_WITH_KNOTS('',5,(#170412,#170413,#170414,#170415,#170416,#170417),.UNSPECIFIED.,.F.,.U.,(6,6),(29.7091959883,59.9935142283),.UNSPECIFIED.);
#170412=CARTESIAN_POINT('Control Point',(9324.39730176,-2736.10942966,583.5330159379999));
#170413=CARTESIAN_POINT('Control Point',(9324.396544399999,-2736.68100681,579.263779982));
#170414=CARTESIAN_POINT('Control Point',(9324.39574462,-2737.24559361,574.993026139));
#170415=CARTESIAN_POINT('Control Point',(9324.394904019999,-2737.80318786,570.72075868));
#170416=CARTESIAN_POINT('Control Point',(9324.394102389999,-2738.35379299,566.447007361));
#170417=CARTESIAN_POINT('Control Point',(9324.3933156,-2738.89740144,562.17179102));
#170418=EDGE_CURVE('',#170409,#169911,#170411,.T.);
#170419=B_SPLINE_CURVE_WITH_KNOTS('',5,(#170420,#170421,#170422,#170423,#170424,#170425),.UNSPECIFIED.,.F.,.U.,(6,6),(29.8958972414,60.1905728068),.UNSPECIFIED.);
#170420=CARTESIAN_POINT('Control Point',(9328.3106173,-2736.56576258,583.464298676));
#170421=CARTESIAN_POINT('Control Point',(9328.309874609999,-2737.13722951,579.192998194));
#170422=CARTESIAN_POINT('Control Point',(9328.309102379999,-2737.70169744,574.920183303));
#170423=CARTESIAN_POINT('Control Point',(9328.3083052,-2738.25916231,570.645874562));
#170424=CARTESIAN_POINT('Control Point',(9328.30753283,-2738.80962615,566.370092562));
#170425=CARTESIAN_POINT('Control Point',(9328.30676498,-2739.35308465,562.0928327509999));
#170426=EDGE_CURVE('',#170407,#169107,#170419,.T.);
#170427=EDGE_LOOP('',(#170428,#170429,#170430,#170431));
#170428=ORIENTED_EDGE('',*,*,#170410,.T.);
#170429=ORIENTED_EDGE('',*,*,#170418,.T.);
#170430=ORIENTED_EDGE('',*,*,#169923,.T.);
#170431=ORIENTED_EDGE('',*,*,#170426,.F.);
#170432=FACE_OUTER_BOUND('',#170427,.T.);
#170433=ADVANCED_FACE('PartBody',(#170432),#170350,.F.);
#170434=B_SPLINE_SURFACE_WITH_KNOTS('',5,5,((#170435,#170436,#170437,#170438,#170439,#170440),(#170441,#170442,#170443,#170444,#170445,#170446),(#170447,#170448,#170449,#170450,#170451,#170452),(#170453,#170454,#170455,#170456,#170457,#170458),(#170459,#170460,#170461,#170462,#170463,#170464),(#170465,#170466,#170467,#170468,#170469,#170470)),.UNSPECIFIED.,.F.,.F.,.U.,(6,6),(6,6),(28.2092880572,58.5283021854),(0.,100.),.UNSPECIFIED.);
#170435=CARTESIAN_POINT('Control Point',(8992.802623489999,-2690.26560347,565.277072415));
#170436=CARTESIAN_POINT('Control Point',(8993.77026965,-2690.40841801,565.274120877));
#170437=CARTESIAN_POINT('Control Point',(8994.736189669999,-2690.56296073,565.272748934));
#170438=CARTESIAN_POINT('Control Point',(8995.70019068,-2690.72920316,565.272957176));
#170439=CARTESIAN_POINT('Control Point',(8996.662080489999,-2690.90711216,565.27474556));
#170440=CARTESIAN_POINT('Control Point',(8997.621667829999,-2691.09664994,565.278113416));
#170441=CARTESIAN_POINT('Control Point',(8992.906676699999,-2689.70535734,569.5504912500001));
#170442=CARTESIAN_POINT('Control Point',(8993.87430953,-2689.84825801,569.547496171));
#170443=CARTESIAN_POINT('Control Point',(8994.840215579999,-2690.00288473,569.546095738));
#170444=CARTESIAN_POINT('Control Point',(8995.80420199,-2690.16920901,569.546290548));
#170445=CARTESIAN_POINT('Control Point',(8996.76607657,-2690.34719769,569.548080562));
#170446=CARTESIAN_POINT('Control Point',(8997.72564807,-2690.53681297,569.551465106));
#170447=CARTESIAN_POINT('Control Point',(8993.011945569999,-2689.13850721,573.822483101));
#170448=CARTESIAN_POINT('Control Point',(8993.979565419999,-2689.28149397,573.819441555));
#170449=CARTESIAN_POINT('Control Point',(8994.945457849999,-2689.43620464,573.818009705));
#170450=CARTESIAN_POINT('Control Point',(8995.909430039999,-2689.6026107,573.8181881530001));
#170451=CARTESIAN_POINT('Control Point',(8996.87128978,-2689.78067896,573.819976868));
#170452=CARTESIAN_POINT('Control Point',(8997.830845799999,-2689.97037165,573.8233751720001));
#170453=CARTESIAN_POINT('Control Point',(8993.11845477,-2688.56506131,578.093027766));
#170454=CARTESIAN_POINT('Control Point',(8994.086061869999,-2688.70813342,578.089942019));
#170455=CARTESIAN_POINT('Control Point',(8995.051940969999,-2688.86292718,578.088481018));
#170456=CARTESIAN_POINT('Control Point',(8996.01589918,-2689.02941436,578.088645371));
#170457=CARTESIAN_POINT('Control Point',(8996.977744329999,-2689.2075614,578.090435042));
#170458=CARTESIAN_POINT('Control Point',(8997.93728518,-2689.39733068,578.093849362));
#170459=CARTESIAN_POINT('Control Point',(8993.22617342,-2687.98502047,582.362099954));
#170460=CARTESIAN_POINT('Control Point',(8994.19376692,-2688.12817689,582.358973081));
#170461=CARTESIAN_POINT('Control Point',(8995.159631799999,-2688.28305283,582.357485991));
#170462=CARTESIAN_POINT('Control Point',(8996.123575199999,-2688.44961975,582.357639308));
#170463=CARTESIAN_POINT('Control Point',(8997.08540496,-2688.62784446,582.359433001));
#170464=CARTESIAN_POINT('Control Point',(8998.044929809999,-2688.81768909,582.362866384));
#170465=CARTESIAN_POINT('Control Point',(8993.335088619999,-2687.39838545,586.629692825));
#170466=CARTESIAN_POINT('Control Point',(8994.302667989999,-2687.5416254,586.6265263510001));
#170467=CARTESIAN_POINT('Control Point',(8995.26851815,-2687.69658261,586.625014696));
#170468=CARTESIAN_POINT('Control Point',(8996.232446259999,-2687.86322854,586.625158491));
#170469=CARTESIAN_POINT('Control Point',(8997.194260139999,-2688.04152996,586.626957709));
#170470=CARTESIAN_POINT('Control Point',(8998.153768529999,-2688.23144902,586.630411661));
#170471=B_SPLINE_CURVE_WITH_KNOTS('',5,(#170472,#170473,#170474,#170475,#170476,#170477,#170478,#170479,#170480,#170481,#170482,#170483,#170484,#170485,#170486),.UNSPECIFIED.,.F.,.U.,(6,3,3,3,6),(0.,10.0120528849,14.3209446097,69.52094724,99.7553273652),.UNSPECIFIED.);
#170472=CARTESIAN_POINT('Control Point',(8993.335088619999,-2687.39838545,586.629692825));
#170473=CARTESIAN_POINT('Control Point',(8993.431837979999,-2687.41276102,586.629002062));
#170474=CARTESIAN_POINT('Control Point',(8993.52857009,-2687.42725354,586.628329385));
#170475=CARTESIAN_POINT('Control Point',(8993.62528274,-2687.44186201,586.627679701));
#170476=CARTESIAN_POINT('Control Point',(8993.763592809999,-2687.46292425,586.626780148));
#170477=CARTESIAN_POINT('Control Point',(8993.9018674,-2687.48422511,586.625922103));
#170478=CARTESIAN_POINT('Control Point',(8993.977123119999,-2687.49587099,586.625464036));
#170479=CARTESIAN_POINT('Control Point',(8994.551585539999,-2687.58517328,586.622037031));
#170480=CARTESIAN_POINT('Control Point',(8995.12540753,-2687.67859037,586.619336946));
#170481=CARTESIAN_POINT('Control Point',(8995.64116913,-2687.76603543,586.617502771));
#170482=CARTESIAN_POINT('Control Point',(8996.46312837,-2687.91094758,586.615562197));
#170483=CARTESIAN_POINT('Control Point',(8997.28356236,-2688.06430328,586.615138637));
#170484=CARTESIAN_POINT('Control Point',(8997.573710619999,-2688.11963128,586.61517723));
#170485=CARTESIAN_POINT('Control Point',(8997.86365806,-2688.17601574,586.615400709));
#170486=CARTESIAN_POINT('Control Point',(8998.153396,-2688.2334556,586.615804515));
#170487=CARTESIAN_POINT('Vertex',(8993.33508861,-2687.3983855,586.629692832));
#170488=VERTEX_POINT('',#170487);
#170489=CARTESIAN_POINT('Vertex',(8998.153396,-2688.23345552,586.615804529));
#170490=VERTEX_POINT('',#170489);
#170491=EDGE_CURVE('',#170488,#170490,#170471,.T.);
#170492=B_SPLINE_CURVE_WITH_KNOTS('',5,(#170493,#170494,#170495,#170496,#170497,#170498),.UNSPECIFIED.,.F.,.U.,(6,6),(28.2315408903,58.5283021745),.UNSPECIFIED.);
#170493=CARTESIAN_POINT('Control Point',(8992.803005349999,-2690.26354745,565.292754922));
#170494=CARTESIAN_POINT('Control Point',(8992.90698575,-2689.70369315,569.563033066));
#170495=CARTESIAN_POINT('Control Point',(8993.01218009,-2689.13724455,573.831886276));
#170496=CARTESIAN_POINT('Control Point',(8993.118612889999,-2688.56420985,578.099294385));
#170497=CARTESIAN_POINT('Control Point',(8993.226253359999,-2687.9845899,582.365232174));
#170498=CARTESIAN_POINT('Control Point',(8993.335088619999,-2687.39838545,586.629692818));
#170499=EDGE_CURVE('',#169705,#170488,#170492,.T.);
#170500=B_SPLINE_CURVE_WITH_KNOTS('',5,(#170501,#170502,#170503,#170504,#170505,#170506),.UNSPECIFIED.,.F.,.U.,(6,6),(28.2092880572,58.5075467381),.UNSPECIFIED.);
#170501=CARTESIAN_POINT('Control Point',(8997.621667829999,-2691.09664994,565.278113416));
#170502=CARTESIAN_POINT('Control Point',(8997.725576879999,-2690.53719622,569.5485397039999));
#170503=CARTESIAN_POINT('Control Point',(8997.83070178,-2689.97114718,573.81752634));
#170504=CARTESIAN_POINT('Control Point',(8997.93706658,-2689.39850753,578.085079061));
#170505=CARTESIAN_POINT('Control Point',(8998.044635049999,-2688.81927629,582.351176639));
#170506=CARTESIAN_POINT('Control Point',(8998.153396,-2688.2334556,586.615804515));
#170507=EDGE_CURVE('',#170263,#170490,#170500,.T.);
#170508=EDGE_LOOP('',(#170509,#170510,#170511,#170512));
#170509=ORIENTED_EDGE('',*,*,#170491,.F.);
#170510=ORIENTED_EDGE('',*,*,#170499,.F.);
#170511=ORIENTED_EDGE('',*,*,#170342,.T.);
#170512=ORIENTED_EDGE('',*,*,#170507,.T.);
#170513=FACE_OUTER_BOUND('',#170508,.T.);
#170514=ADVANCED_FACE('PartBody',(#170513),#170434,.F.);
#170515=CARTESIAN_POINT('Axis2P3D Location',(8780.746558019999,-2501.89242319,502.086245591));
#170516=DIRECTION('Axis2P3D Direction',(-0.04426635360090554,-0.2407623685610301,-0.9695741187881215));
#170517=DIRECTION('Axis2P3D XDirection',(0.9549212144715725,-0.2953651790561771,0.02974701923301783));
#170518=AXIS2_PLACEMENT_3D('Plane Axis2P3D',#170515,#170516,#170517);
#170519=PLANE('',#170518);
#170520=EDGE_LOOP('',(#170521,#170522,#170523,#170524));
#170521=ORIENTED_EDGE('',*,*,#169748,.T.);
#170522=ORIENTED_EDGE('',*,*,#169823,.F.);
#170523=ORIENTED_EDGE('',*,*,#169796,.F.);
#170524=ORIENTED_EDGE('',*,*,#169840,.T.);
#170525=FACE_OUTER_BOUND('',#170520,.T.);
#170526=ADVANCED_FACE('PartBody',(#170525),#170519,.T.);
#170527=B_SPLINE_SURFACE_WITH_KNOTS('',5,1,((#170528,#170529),(#170530,#170531),(#170532,#170533),(#170534,#170535),(#170536,#170537),(#170538,#170539)),.UNSPECIFIED.,.F.,.F.,.U.,(6,6),(2,2),(0.,42.310072405),(0.,27.6325320612),.UNSPECIFIED.);
#170528=CARTESIAN_POINT('Control Point',(9298.856426479999,-2737.54353097,553.926618852));
#170529=CARTESIAN_POINT('Control Point',(9326.354656699999,-2740.19333321,553.329166739));
#170530=CARTESIAN_POINT('Control Point',(9298.85834845,-2736.49391289,562.322966898));
#170531=CARTESIAN_POINT('Control Point',(9326.356256629999,-2739.14917646,561.726830103));
#170532=CARTESIAN_POINT('Control Point',(9298.86019766,-2735.4171104,570.715911208));
#170533=CARTESIAN_POINT('Control Point',(9326.357783809999,-2738.07773526,570.121098825));
#170534=CARTESIAN_POINT('Control Point',(9298.862036439999,-2734.31303012,579.105638491));
#170535=CARTESIAN_POINT('Control Point',(9326.359326039999,-2736.97901618,578.512155428));
#170536=CARTESIAN_POINT('Control Point',(9298.863759809999,-2733.18185412,587.4914311270001));
#170537=CARTESIAN_POINT('Control Point',(9326.360781329999,-2735.85303662,586.8992892369999));
#170538=CARTESIAN_POINT('Control Point',(9298.865446799999,-2732.02346642,595.8734653290001));
#170539=CARTESIAN_POINT('Control Point',(9326.362200239999,-2734.69979989,595.282669158));
#170540=B_SPLINE_CURVE_WITH_KNOTS('',5,(#170541,#170542,#170543,#170544,#170545,#170546,#170547,#170548,#170549,#170550,#170551,#170552,#170553,#170554,#170555,#170556,#170557,#170558),.UNSPECIFIED.,.F.,.U.,(6,3,3,3,3,6),(0.,16.7313722297,25.0970583445,31.7487183505,32.6272545508,33.4627030283),.UNSPECIFIED.);
#170541=CARTESIAN_POINT('Control Point',(9324.39730176,-2736.10942956,583.533015925));
#170542=CARTESIAN_POINT('Control Point',(9322.04269663,-2735.88114938,583.581738202));
#170543=CARTESIAN_POINT('Control Point',(9319.68812305,-2735.65260815,583.6324343));
#170544=CARTESIAN_POINT('Control Point',(9317.33358203,-2735.4238196,583.684998236));
#170545=CARTESIAN_POINT('Control Point',(9313.801784919999,-2735.0805222,583.764702926));
#170546=CARTESIAN_POINT('Control Point',(9310.26996215,-2734.73742389,583.842901743));
#170547=CARTESIAN_POINT('Control Point',(9309.09268242,-2734.62310052,583.8686454690001));
#170548=CARTESIAN_POINT('Control Point',(9306.979318759999,-2734.41799021,583.914006695));
#170549=CARTESIAN_POINT('Control Point',(9304.865924309999,-2734.21312998,583.9574855560001));
#170550=CARTESIAN_POINT('Control Point',(9303.929827889999,-2734.12244732,583.976319276));
#170551=CARTESIAN_POINT('Control Point',(9302.870085769999,-2734.01985722,583.997116646));
#170552=CARTESIAN_POINT('Control Point',(9301.810334629999,-2733.91734772,584.017309288));
#170553=CARTESIAN_POINT('Control Point',(9301.717037209999,-2733.9083238,584.019081657));
#170554=CARTESIAN_POINT('Control Point',(9301.475518679999,-2733.88496592,584.0236527759999));
#170555=CARTESIAN_POINT('Control Point',(9301.233999279999,-2733.86161207,584.02819333));
#170556=CARTESIAN_POINT('Control Point',(9301.11639727,-2733.85024134,584.03039787));
#170557=CARTESIAN_POINT('Control Point',(9300.99911128,-2733.83890182,584.032591587));
#170558=CARTESIAN_POINT('Control Point',(9300.88182531,-2733.82756296,584.034780516));
#170559=CARTESIAN_POINT('Vertex',(9300.88182533,-2733.82756284,584.034781415));
#170560=VERTEX_POINT('',#170559);
#170561=EDGE_CURVE('',#170409,#170560,#170540,.T.);
#170562=B_SPLINE_CURVE_WITH_KNOTS('',3,(#170563,#170564,#170565,#170566),.UNSPECIFIED.,.F.,.U.,(4,4),(28.8830616182,59.1437390015),.UNSPECIFIED.);
#170563=CARTESIAN_POINT('Control Point',(9300.8774617,-2736.6257549,562.6870657859999));
#170564=CARTESIAN_POINT('Control Point',(9300.879023689999,-2735.71626559,569.807932893));
#170565=CARTESIAN_POINT('Control Point',(9300.88031232,-2734.78349996,576.923889684));
#170566=CARTESIAN_POINT('Control Point',(9300.88182533,-2733.82756284,584.034781415));
#170567=EDGE_CURVE('',#169967,#170560,#170562,.T.);
#170568=EDGE_LOOP('',(#170569,#170570,#170571,#170572));
#170569=ORIENTED_EDGE('',*,*,#170561,.T.);
#170570=ORIENTED_EDGE('',*,*,#170567,.F.);
#170571=ORIENTED_EDGE('',*,*,#169976,.T.);
#170572=ORIENTED_EDGE('',*,*,#170418,.F.);
#170573=FACE_OUTER_BOUND('',#170568,.T.);
#170574=ADVANCED_FACE('PartBody',(#170573),#170527,.F.);
#170575=B_SPLINE_SURFACE_WITH_KNOTS('',5,5,((#170576,#170577,#170578,#170579,#170580,#170581),(#170582,#170583,#170584,#170585,#170586,#170587),(#170588,#170589,#170590,#170591,#170592,#170593),(#170594,#170595,#170596,#170597,#170598,#170599),(#170600,#170601,#170602,#170603,#170604,#170605),(#170606,#170607,#170608,#170609,#170610,#170611)),.UNSPECIFIED.,.F.,.F.,.U.,(6,6),(6,6),(28.8830615745,59.3112409573),(0.,100.),.UNSPECIFIED.);
#170576=CARTESIAN_POINT('Control Point',(9300.8774617,-2736.62575492,562.687065741));
#170577=CARTESIAN_POINT('Control Point',(9300.069182739999,-2736.55098908,562.678829554));
#170578=CARTESIAN_POINT('Control Point',(9299.26166692,-2736.46808762,562.669554105));
#170579=CARTESIAN_POINT('Control Point',(9298.45502519,-2736.3770608,562.659240523));
#170580=CARTESIAN_POINT('Control Point',(9297.64936833,-2736.27792113,562.647890225));
#170581=CARTESIAN_POINT('Control Point',(9296.84480678,-2736.17068331,562.635504912));
#170582=CARTESIAN_POINT('Control Point',(9300.87840408,-2736.07704078,566.983235679));
#170583=CARTESIAN_POINT('Control Point',(9300.07012939,-2736.00224223,566.9748718020001));
#170584=CARTESIAN_POINT('Control Point',(9299.262618319999,-2735.91930948,566.965457873));
#170585=CARTESIAN_POINT('Control Point',(9298.455981829999,-2735.82825281,566.954995038));
#170586=CARTESIAN_POINT('Control Point',(9297.65033067,-2735.7290847,566.943484735));
#170587=CARTESIAN_POINT('Control Point',(9296.845775289999,-2735.62181989,566.930928688));
#170588=CARTESIAN_POINT('Control Point',(9300.879281699999,-2735.52126707,571.277926903));
#170589=CARTESIAN_POINT('Control Point',(9300.07101315,-2735.44643706,571.269434066));
#170590=CARTESIAN_POINT('Control Point',(9299.263508669999,-2735.3634744,571.259880384));
#170591=CARTESIAN_POINT('Control Point',(9298.45687923,-2735.27238922,571.249267037));
#170592=CARTESIAN_POINT('Control Point',(9297.651235589999,-2735.17319402,571.237595483));
#170593=CARTESIAN_POINT('Control Point',(9296.84668819,-2735.06590369,571.224867456));
#170594=CARTESIAN_POINT('Control Point',(9300.880074429999,-2734.95843792,575.571104922));
#170595=CARTESIAN_POINT('Control Point',(9300.07181532,-2734.88357637,575.56249289));
#170596=CARTESIAN_POINT('Control Point',(9299.264320729999,-2734.80058369,575.552809256));
#170597=CARTESIAN_POINT('Control Point',(9298.45770164,-2734.7094701,575.542055192));
#170598=CARTESIAN_POINT('Control Point',(9297.652068789999,-2734.6102481,575.530232176));
#170599=CARTESIAN_POINT('Control Point',(9296.847532629999,-2734.5029325,575.517341987));
#170600=CARTESIAN_POINT('Control Point',(9300.880936489999,-2734.38857855,579.862745603));
#170601=CARTESIAN_POINT('Control Point',(9300.07268417,-2734.3136851,579.854022914));
#170602=CARTESIAN_POINT('Control Point',(9299.26519683,-2734.23066202,579.844217848));
#170603=CARTESIAN_POINT('Control Point',(9298.45858542,-2734.13951959,579.833331602));
#170604=CARTESIAN_POINT('Control Point',(9297.65296071,-2734.04027033,579.821365671));
#170605=CARTESIAN_POINT('Control Point',(9296.848433129999,-2733.93292896,579.808321846));
#170606=CARTESIAN_POINT('Control Point',(9300.881850469999,-2733.81168655,584.152863697));
#170607=CARTESIAN_POINT('Control Point',(9300.07360238,-2733.73676234,584.144027977));
#170608=CARTESIAN_POINT('Control Point',(9299.26611972,-2733.65370998,584.134099103));
#170609=CARTESIAN_POINT('Control Point',(9298.459513439999,-2733.56253977,584.123078289));
#170610=CARTESIAN_POINT('Control Point',(9297.6538943,-2733.46326423,584.110967048));
#170611=CARTESIAN_POINT('Control Point',(9296.849372729999,-2733.3558981,584.097767192));
#170612=B_SPLINE_CURVE_WITH_KNOTS('',5,(#170613,#170614,#170615,#170616,#170617,#170618),.UNSPECIFIED.,.F.,.U.,(6,6),(29.0351281599,59.3112409572),.UNSPECIFIED.);
#170613=CARTESIAN_POINT('Control Point',(9296.844830959999,-2736.15696667,562.7428376840001));
#170614=CARTESIAN_POINT('Control Point',(9296.845793529999,-2735.61070594,567.016765297));
#170615=CARTESIAN_POINT('Control Point',(9296.84670086,-2735.05746272,571.289223012));
#170616=CARTESIAN_POINT('Control Point',(9296.847541629999,-2734.49723507,575.560230788));
#170617=CARTESIAN_POINT('Control Point',(9296.848437819999,-2733.93004521,579.829758597));
#170618=CARTESIAN_POINT('Control Point',(9296.849372729999,-2733.3558981,584.097767192));
#170619=CARTESIAN_POINT('Vertex',(9296.849372709999,-2733.35589823,584.097767232));
#170620=VERTEX_POINT('',#170619);
#170621=EDGE_CURVE('',#170047,#170620,#170612,.T.);
#170622=B_SPLINE_CURVE_WITH_KNOTS('',5,(#170623,#170624,#170625,#170626,#170627,#170628,#170629,#170630,#170631,#170632,#170633,#170634,#170635,#170636,#170637,#170638,#170639,#170640),.UNSPECIFIED.,.F.,.U.,(6,3,3,3,3,6),(0.,49.3077291422,53.2058625438,61.8146872646,74.3216453869,99.3355616316),.UNSPECIFIED.);
#170623=CARTESIAN_POINT('Control Point',(9296.849372729999,-2733.3558981,584.097767192));
#170624=CARTESIAN_POINT('Control Point',(9297.24573431,-2733.41034836,584.092717558));
#170625=CARTESIAN_POINT('Control Point',(9297.642362319999,-2733.46283783,584.08737992));
#170626=CARTESIAN_POINT('Control Point',(9298.03985596,-2733.51343854,584.081768971));
#170627=CARTESIAN_POINT('Control Point',(9298.468405759999,-2733.56583611,584.075427079));
#170628=CARTESIAN_POINT('Control Point',(9298.89718136,-2733.61594086,584.0687466640001));
#170629=CARTESIAN_POINT('Control Point',(9298.95804532,-2733.62301998,584.067793627));
#170630=CARTESIAN_POINT('Control Point',(9299.058849249999,-2733.63468963,584.066207241));
#170631=CARTESIAN_POINT('Control Point',(9299.159667529999,-2733.64623282,584.064602015));
#170632=CARTESIAN_POINT('Control Point',(9299.22906978,-2733.65411834,584.06348811));
#170633=CARTESIAN_POINT('Control Point',(9299.399316409999,-2733.67331306,584.060733705));
#170634=CARTESIAN_POINT('Control Point',(9299.56960266,-2733.69214733,584.05792443));
#170635=CARTESIAN_POINT('Control Point',(9299.670477539999,-2733.70317649,584.0562410369999));
#170636=CARTESIAN_POINT('Control Point',(9299.973142589999,-2733.73588462,584.051131933));
#170637=CARTESIAN_POINT('Control Point',(9300.2759269,-2733.76745474,584.045844439));
#170638=CARTESIAN_POINT('Control Point',(9300.477834379999,-2733.78799571,584.042238728));
#170639=CARTESIAN_POINT('Control Point',(9300.679791389999,-2733.80803088,584.03855112));
#170640=CARTESIAN_POINT('Control Point',(9300.881796219999,-2733.82756019,584.034781064));
#170641=EDGE_CURVE('',#170620,#170560,#170622,.T.);
#170642=EDGE_LOOP('',(#170643,#170644,#170645,#170646));
#170643=ORIENTED_EDGE('',*,*,#170621,.F.);
#170644=ORIENTED_EDGE('',*,*,#170048,.T.);
#170645=ORIENTED_EDGE('',*,*,#170567,.T.);
#170646=ORIENTED_EDGE('',*,*,#170641,.F.);
#170647=FACE_OUTER_BOUND('',#170642,.T.);
#170648=ADVANCED_FACE('PartBody',(#170647),#170575,.T.);
#170649=B_SPLINE_SURFACE_WITH_KNOTS('',5,5,((#170650,#170651,#170652,#170653,#170654,#170655),(#170656,#170657,#170658,#170659,#170660,#170661),(#170662,#170663,#170664,#170665,#170666,#170667),(#170668,#170669,#170670,#170671,#170672,#170673),(#170674,#170675,#170676,#170677,#170678,#170679),(#170680,#170681,#170682,#170683,#170684,#170685)),.UNSPECIFIED.,.F.,.F.,.U.,(6,6),(6,6),(-499.613652866,-464.560755537),(-1018.29889271,-767.079592011),.UNSPECIFIED.);
#170650=CARTESIAN_POINT('Control Point',(9297.452935809999,-2736.23581518,562.769392613));
#170651=CARTESIAN_POINT('Control Point',(9247.674737759999,-2729.78192526,560.59638934));
#170652=CARTESIAN_POINT('Control Point',(9197.91390869,-2723.21731029,558.389671614));
#170653=CARTESIAN_POINT('Control Point',(9148.17037971,-2716.54245256,556.149385762));
#170654=CARTESIAN_POINT('Control Point',(9098.44411769,-2709.75759486,553.875605384));
#170655=CARTESIAN_POINT('Control Point',(9048.735104489999,-2702.86287219,551.568370415));
#170656=CARTESIAN_POINT('Control Point',(9297.25046578,-2735.30868726,569.807495366));
#170657=CARTESIAN_POINT('Control Point',(9247.47261311,-2728.85261183,567.633862417));
#170658=CARTESIAN_POINT('Control Point',(9197.71213312,-2722.28578776,565.426507803));
#170659=CARTESIAN_POINT('Control Point',(9147.96895708,-2715.6086963,563.185577693));
#170660=CARTESIAN_POINT('Control Point',(9098.24305196,-2708.82157957,560.911145477));
#170661=CARTESIAN_POINT('Control Point',(9048.534400049999,-2701.92457034,558.603250298));
#170662=CARTESIAN_POINT('Control Point',(9297.050877849999,-2734.36316857,576.839999511));
#170663=CARTESIAN_POINT('Control Point',(9247.273356779999,-2727.90499519,574.665763597));
#170664=CARTESIAN_POINT('Control Point',(9197.513212079999,-2721.33604959,572.457798807));
#170665=CARTESIAN_POINT('Control Point',(9147.770375149999,-2714.65680978,570.216251188));
#170666=CARTESIAN_POINT('Control Point',(9098.04481313,-2707.86752388,567.941193879));
#170667=CARTESIAN_POINT('Control Point',(9048.336508689999,-2700.96831585,565.632665237));
#170668=CARTESIAN_POINT('Control Point',(9296.85416744,-2733.39928832,583.866913823));
#170669=CARTESIAN_POINT('Control Point',(9247.0769642,-2726.93910435,581.6921016));
#170670=CARTESIAN_POINT('Control Point',(9197.317140809999,-2720.36812415,579.483553185));
#170671=CARTESIAN_POINT('Control Point',(9147.57462994,-2713.68682822,577.241415411));
#170672=CARTESIAN_POINT('Control Point',(9097.849396699999,-2706.89545635,574.965759157));
#170673=CARTESIAN_POINT('Control Point',(9048.14142597,-2699.99413701,572.656623706));
#170674=CARTESIAN_POINT('Control Point',(9296.660330229999,-2732.41707397,590.888246578));
#170675=CARTESIAN_POINT('Control Point',(9246.883431099999,-2725.95496662,588.712884647));
#170676=CARTESIAN_POINT('Control Point',(9197.123915779999,-2719.38203905,586.503779241));
#170677=CARTESIAN_POINT('Control Point',(9147.381715759999,-2712.69877152,584.261076643));
#170678=CARTESIAN_POINT('Control Point',(9097.65679848,-2705.90540381,581.98484937));
#170679=CARTESIAN_POINT('Control Point',(9047.94914773,-2699.00206036,579.675133659));
#170680=CARTESIAN_POINT('Control Point',(9296.469362149999,-2731.41655155,597.904005626));
#170681=CARTESIAN_POINT('Control Point',(9246.69275341,-2724.95260784,595.728120532));
#170682=CARTESIAN_POINT('Control Point',(9196.933532199999,-2718.37781992,593.51848468));
#170683=CARTESIAN_POINT('Control Point',(9147.191629999999,-2711.69266827,591.2752445150001));
#170684=CARTESIAN_POINT('Control Point',(9097.4670145,-2704.89739156,588.998472131));
#170685=CARTESIAN_POINT('Control Point',(9047.759670079999,-2697.99211086,586.688202593));
#170686=B_SPLINE_CURVE_WITH_KNOTS('',3,(#170687,#170688,#170689,#170690),.UNSPECIFIED.,.F.,.U.,(4,4),(32.5720668001,62.8410837452),.UNSPECIFIED.);
#170687=CARTESIAN_POINT('Control Point',(9048.871536999999,-2698.14654749,586.739872443));
#170688=CARTESIAN_POINT('Control Point',(9048.69168324,-2699.11569538,579.6344217549999));
#170689=CARTESIAN_POINT('Control Point',(9048.515987859999,-2700.06282634,572.52408255));
#170690=CARTESIAN_POINT('Control Point',(9048.344351399999,-2700.98789738,565.408924738));
#170691=CARTESIAN_POINT('Vertex',(9048.871536999999,-2698.14654749,586.739872443));
#170692=VERTEX_POINT('',#170691);
#170693=EDGE_CURVE('',#170692,#170127,#170686,.T.);
#170694=B_SPLINE_CURVE_WITH_KNOTS('',5,(#170695,#170696,#170697,#170698,#170699,#170700,#170701,#170702,#170703,#170704,#170705,#170706,#170707,#170708,#170709,#170710,#170711,#170712,#170713,#170714,#170715,#170716,#170717,#170718,#170719,#170720,#170721,#170722,#170723,#170724,#170725,#170726,#170727,#170728,#170729,#170730,#170731,#170732,#170733),.UNSPECIFIED.,.F.,.U.,(6,3,3,3,3,3,3,3,3,3,3,3,6),(0.,35.2459840495,76.5243075065,85.6154977601,191.406608566,200.26926573,235.527928923,270.915449114,282.682171318,306.278925168,324.924148268,330.164421528,353.639507074),.UNSPECIFIED.);
#170695=CARTESIAN_POINT('Control Point',(9296.849372709999,-2733.35589823,584.09776721));
#170696=CARTESIAN_POINT('Control Point',(9291.91133614,-2732.67753435,584.16067778));
#170697=CARTESIAN_POINT('Control Point',(9286.97336401,-2731.99848731,584.219769649));
#170698=CARTESIAN_POINT('Control Point',(9282.018658339999,-2731.31616072,584.277392845));
#170699=CARTESIAN_POINT('Control Point',(9271.249740069999,-2729.83070373,584.401091588));
#170700=CARTESIAN_POINT('Control Point',(9260.46559571,-2728.33761982,584.523422727));
#170701=CARTESIAN_POINT('Control Point',(9254.625470129999,-2727.52733232,584.589842527));
#170702=CARTESIAN_POINT('Control Point',(9247.556982909999,-2726.54463192,584.669960424));
#170703=CARTESIAN_POINT('Control Point',(9240.500675739999,-2725.56121291,584.749625649));
#170704=CARTESIAN_POINT('Control Point',(9239.398698359999,-2725.40756893,584.762057931));
#170705=CARTESIAN_POINT('Control Point',(9223.3081781,-2723.16319193,584.943503954));
#170706=CARTESIAN_POINT('Control Point',(9207.219484309999,-2720.90648031,585.123580453));
#170707=CARTESIAN_POINT('Control Point',(9192.405475829999,-2718.81805548,585.287063029));
#170708=CARTESIAN_POINT('Control Point',(9176.352018,-2716.5438482,585.459299517));
#170709=CARTESIAN_POINT('Control Point',(9160.30035281,-2714.25758473,585.628669875));
#170710=CARTESIAN_POINT('Control Point',(9159.09401452,-2714.08569294,585.641385718));
#170711=CARTESIAN_POINT('Control Point',(9152.91440417,-2713.20479023,585.706471768));
#170712=CARTESIAN_POINT('Control Point',(9146.724291569999,-2712.32053825,585.7714326179999));
#170713=CARTESIAN_POINT('Control Point',(9141.74975051,-2711.60872586,585.823564592));
#170714=CARTESIAN_POINT('Control Point',(9131.806425519999,-2710.18355804,585.9271993470001));
#170715=CARTESIAN_POINT('Control Point',(9121.873255929999,-2708.75523557,586.028869639));
#170716=CARTESIAN_POINT('Control Point',(9116.90649729,-2708.039916,586.079057463));
#170717=CARTESIAN_POINT('Control Point',(9110.306579239999,-2707.08793201,586.14466409));
#170718=CARTESIAN_POINT('Control Point',(9103.706952319999,-2706.13399047,586.209206346));
#170719=CARTESIAN_POINT('Control Point',(9102.05780771,-2705.89549049,586.225271336));
#170720=CARTESIAN_POINT('Control Point',(9097.09209375,-2705.17696146,586.27350742));
#170721=CARTESIAN_POINT('Control Point',(9092.09776142,-2704.45309899,586.321805473));
#170722=CARTESIAN_POINT('Control Point',(9088.730455999999,-2703.96448576,586.354449544));
#170723=CARTESIAN_POINT('Control Point',(9082.740186429999,-2703.09419058,586.413090649));
#170724=CARTESIAN_POINT('Control Point',(9076.77148281,-2702.22510554,586.472698221));
#170725=CARTESIAN_POINT('Control Point',(9074.14138187,-2701.84176557,586.4992195459999));
#170726=CARTESIAN_POINT('Control Point',(9070.789743159999,-2701.35279223,586.53328124));
#170727=CARTESIAN_POINT('Control Point',(9067.44620912,-2700.86445794,586.567204693));
#170728=CARTESIAN_POINT('Control Point',(9066.78804071,-2700.76830835,586.573875748));
#170729=CARTESIAN_POINT('Control Point',(9062.770192399999,-2700.1812257,586.614524439));
#170730=CARTESIAN_POINT('Control Point',(9058.751121739999,-2699.59326008,586.654524709));
#170731=CARTESIAN_POINT('Control Point',(9055.431437039999,-2699.10723113,586.686401979));
#170732=CARTESIAN_POINT('Control Point',(9052.15150663,-2698.62683676,586.715422689));
#170733=CARTESIAN_POINT('Control Point',(9048.871536999999,-2698.14654749,586.739872443));
#170734=EDGE_CURVE('',#170620,#170692,#170694,.T.);
#170735=EDGE_LOOP('',(#170736,#170737,#170738,#170739));
#170736=ORIENTED_EDGE('',*,*,#170693,.T.);
#170737=ORIENTED_EDGE('',*,*,#170128,.T.);
#170738=ORIENTED_EDGE('',*,*,#170621,.T.);
#170739=ORIENTED_EDGE('',*,*,#170734,.T.);
#170740=FACE_OUTER_BOUND('',#170735,.T.);
#170741=ADVANCED_FACE('PartBody',(#170740),#170649,.T.);
#170742=B_SPLINE_SURFACE_WITH_KNOTS('',5,5,((#170743,#170744,#170745,#170746,#170747,#170748),(#170749,#170750,#170751,#170752,#170753,#170754),(#170755,#170756,#170757,#170758,#170759,#170760),(#170761,#170762,#170763,#170764,#170765,#170766),(#170767,#170768,#170769,#170770,#170771,#170772),(#170773,#170774,#170775,#170776,#170777,#170778)),.UNSPECIFIED.,.F.,.F.,.U.,(6,6),(6,6),(32.5016101673,62.8465249304),(0.,100.),.UNSPECIFIED.);
#170743=CARTESIAN_POINT('Control Point',(9043.844115509999,-2697.27315657,586.808711024));
#170744=CARTESIAN_POINT('Control Point',(9044.845265239999,-2697.47186572,586.808447377));
#170745=CARTESIAN_POINT('Control Point',(9045.84892565,-2697.65792295,586.806393006));
#170746=CARTESIAN_POINT('Control Point',(9046.854879479999,-2697.83128515,586.802547971));
#170747=CARTESIAN_POINT('Control Point',(9047.862908319999,-2697.99191468,586.7969131040001));
#170748=CARTESIAN_POINT('Control Point',(9048.872793009999,-2698.13977945,586.789490018));
#170749=CARTESIAN_POINT('Control Point',(9043.73585691,-2697.85659442,582.534791477));
#170750=CARTESIAN_POINT('Control Point',(9044.73702079,-2698.05522246,582.534489431));
#170751=CARTESIAN_POINT('Control Point',(9045.74069472,-2698.24119618,582.532413145));
#170752=CARTESIAN_POINT('Control Point',(9046.746661399999,-2698.41447247,582.528562682));
#170753=CARTESIAN_POINT('Control Point',(9047.754702459999,-2698.57501372,582.522938881));
#170754=CARTESIAN_POINT('Control Point',(9048.7645987,-2698.72278785,582.515543344));
#170755=CARTESIAN_POINT('Control Point',(9043.62883578,-2698.43339749,578.259379229));
#170756=CARTESIAN_POINT('Control Point',(9044.630013389999,-2698.63194302,578.259043091));
#170757=CARTESIAN_POINT('Control Point',(9045.633700369999,-2698.81783182,578.256949193));
#170758=CARTESIAN_POINT('Control Point',(9046.63967948,-2698.99102088,578.253097628));
#170759=CARTESIAN_POINT('Control Point',(9047.647732269999,-2699.15147261,578.247489221));
#170760=CARTESIAN_POINT('Control Point',(9048.657639589999,-2699.29915487,578.240125565));
#170761=CARTESIAN_POINT('Control Point',(9043.52308538,-2699.0035656,573.982497885));
#170762=CARTESIAN_POINT('Control Point',(9044.524275809999,-2699.20202785,573.9821268650001));
#170763=CARTESIAN_POINT('Control Point',(9045.527974929999,-2699.3878312,573.980014558));
#170764=CARTESIAN_POINT('Control Point',(9046.53396549,-2699.56093223,573.976161164));
#170765=CARTESIAN_POINT('Control Point',(9047.54202904,-2699.72129375,573.970567341));
#170766=CARTESIAN_POINT('Control Point',(9048.551946439999,-2699.86888356,573.963234798));
#170767=CARTESIAN_POINT('Control Point',(9043.418579359999,-2699.56708882,569.704176199));
#170768=CARTESIAN_POINT('Control Point',(9044.41978271,-2699.76546758,569.70376713));
#170769=CARTESIAN_POINT('Control Point',(9045.423494069999,-2699.95118504,569.701633299));
#170770=CARTESIAN_POINT('Control Point',(9046.429496139999,-2700.12419813,569.697774795));
#170771=CARTESIAN_POINT('Control Point',(9047.43757054,-2700.28446931,569.6921924550001));
#170772=CARTESIAN_POINT('Control Point',(9048.447498089999,-2700.43196657,569.684887865));
#170773=CARTESIAN_POINT('Control Point',(9043.315281109999,-2700.12395835,565.424425281));
#170774=CARTESIAN_POINT('Control Point',(9044.316497669999,-2700.32225366,565.423973353));
#170775=CARTESIAN_POINT('Control Point',(9045.32022154,-2700.50788538,565.421813157));
#170776=CARTESIAN_POINT('Control Point',(9046.326235409999,-2700.68081048,565.41794479));
#170777=CARTESIAN_POINT('Control Point',(9047.33432091,-2700.84099142,565.412369091));
#170778=CARTESIAN_POINT('Control Point',(9048.34425885,-2700.98839621,565.405087643));
#170779=B_SPLINE_CURVE_WITH_KNOTS('',5,(#170780,#170781,#170782,#170783,#170784,#170785),.UNSPECIFIED.,.F.,.U.,(6,6),(32.5771866896,62.8465248153),.UNSPECIFIED.);
#170780=CARTESIAN_POINT('Control Point',(9043.84276745,-2697.28042166,586.75548818));
#170781=CARTESIAN_POINT('Control Point',(9043.734790779999,-2697.86234047,582.492198366));
#170782=CARTESIAN_POINT('Control Point',(9043.62804566,-2698.43765752,578.227423453));
#170783=CARTESIAN_POINT('Control Point',(9043.52256483,-2699.00637255,573.961186896));
#170784=CARTESIAN_POINT('Control Point',(9043.418322089999,-2699.56847574,569.69351719));
#170785=CARTESIAN_POINT('Control Point',(9043.31528112,-2700.12395834,565.424425362));
#170786=CARTESIAN_POINT('Vertex',(9043.842767459999,-2697.28042159,586.755488197));
#170787=VERTEX_POINT('',#170786);
#170788=EDGE_CURVE('',#170787,#170210,#170779,.T.);
#170789=B_SPLINE_CURVE_WITH_KNOTS('',5,(#170790,#170791,#170792,#170793,#170794,#170795),.UNSPECIFIED.,.F.,.U.,(6,6),(0.,99.7883570164),.UNSPECIFIED.);
#170790=CARTESIAN_POINT('Control Point',(9043.84276745,-2697.28042166,586.75548818));
#170791=CARTESIAN_POINT('Control Point',(9044.840535219999,-2697.47824389,586.756741465));
#170792=CARTESIAN_POINT('Control Point',(9045.85093008,-2697.66558792,586.7558995320001));
#170793=CARTESIAN_POINT('Control Point',(9046.86714805,-2697.84028034,586.7526627460001));
#170794=CARTESIAN_POINT('Control Point',(9047.865115029999,-2697.99917601,586.7473746319999));
#170795=CARTESIAN_POINT('Control Point',(9048.87153701,-2698.1465474,586.739872431));
#170796=EDGE_CURVE('',#170787,#170692,#170789,.T.);
#170797=EDGE_LOOP('',(#170798,#170799,#170800,#170801));
#170798=ORIENTED_EDGE('',*,*,#170788,.T.);
#170799=ORIENTED_EDGE('',*,*,#170211,.T.);
#170800=ORIENTED_EDGE('',*,*,#170693,.F.);
#170801=ORIENTED_EDGE('',*,*,#170796,.F.);
#170802=FACE_OUTER_BOUND('',#170797,.T.);
#170803=ADVANCED_FACE('PartBody',(#170802),#170742,.T.);
#170804=B_SPLINE_SURFACE_WITH_KNOTS('',5,1,((#170805,#170806),(#170807,#170808),(#170809,#170810),(#170811,#170812),(#170813,#170814),(#170815,#170816)),.UNSPECIFIED.,.F.,.F.,.U.,(6,6),(2,2),(0.,42.2633069887),(0.,51.5748642938),.UNSPECIFIED.);
#170805=CARTESIAN_POINT('Control Point',(8995.006963899999,-2691.76881066,556.432335139));
#170806=CARTESIAN_POINT('Control Point',(9045.6057485,-2701.75505894,556.601986024));
#170807=CARTESIAN_POINT('Control Point',(8995.20700126,-2690.69249016,564.8133383000001));
#170808=CARTESIAN_POINT('Control Point',(9045.804075909999,-2700.68681144,564.98499194));
#170809=CARTESIAN_POINT('Control Point',(8995.41173154,-2689.59052224,573.190935447));
#170810=CARTESIAN_POINT('Control Point',(9046.00705987,-2699.59278919,573.364603211));
#170811=CARTESIAN_POINT('Control Point',(8995.62106718,-2688.4628216,581.565286922));
#170812=CARTESIAN_POINT('Control Point',(9046.21477898,-2698.47295913,581.7409700429999));
#170813=CARTESIAN_POINT('Control Point',(8995.835210539999,-2687.30954198,589.9357379750001));
#170814=CARTESIAN_POINT('Control Point',(9046.427329909999,-2697.32739463,590.113462921));
#170815=CARTESIAN_POINT('Control Point',(8996.053974069999,-2686.13059675,598.302453327));
#170816=CARTESIAN_POINT('Control Point',(9046.644500999999,-2696.15606447,598.482220097));
#170817=B_SPLINE_CURVE_WITH_KNOTS('',5,(#170818,#170819,#170820,#170821,#170822,#170823,#170824,#170825,#170826,#170827,#170828,#170829,#170830,#170831,#170832,#170833,#170834,#170835,#170836,#170837,#170838,#170839,#170840,#170841,#170842,#170843,#170844,#170845,#170846,#170847,#170848,#170849,#170850,#170851,#170852,#170853,#170854,#170855,#170856,#170857,#170858,#170859,#170860,#170861,#170862),.UNSPECIFIED.,.F.,.U.,(6,3,3,3,3,3,3,3,3,3,3,3,3,3,6),(0.,2.55295020767,4.05956390422,6.30925346227,7.80737055272,9.25384418075,31.1321508944,52.7945597536,53.0803344359,53.6479737838,54.8309521058,58.1849239152,60.1628475579,61.1585323872,62.2643017887),.UNSPECIFIED.);
#170818=CARTESIAN_POINT('Control Point',(9043.842767459999,-2697.28042159,586.755488169));
#170819=CARTESIAN_POINT('Control Point',(9043.488842109999,-2697.21025065,586.755043599));
#170820=CARTESIAN_POINT('Control Point',(9043.134912089999,-2697.14008456,586.754558168));
#170821=CARTESIAN_POINT('Control Point',(9042.70655974,-2697.05518405,586.753831336));
#170822=CARTESIAN_POINT('Control Point',(9042.02156139,-2696.9194221,586.752623375));
#170823=CARTESIAN_POINT('Control Point',(9041.3113395,-2696.77867202,586.751292892));
#170824=CARTESIAN_POINT('Control Point',(9041.045911129999,-2696.72607122,586.750787432));
#170825=CARTESIAN_POINT('Control Point',(9040.380493889999,-2696.59420588,586.749502142));
#170826=CARTESIAN_POINT('Control Point',(9039.71104557,-2696.46154764,586.748166806));
#170827=CARTESIAN_POINT('Control Point',(9039.313280979999,-2696.38272835,586.7473595930001));
#170828=CARTESIAN_POINT('Control Point',(9038.64993338,-2696.25128573,586.745988891));
#170829=CARTESIAN_POINT('Control Point',(9038.002734079999,-2696.12305051,586.744597692));
#170830=CARTESIAN_POINT('Control Point',(9037.74573592,-2696.07213069,586.74403492));
#170831=CARTESIAN_POINT('Control Point',(9037.255515639999,-2695.97500555,586.742935396));
#170832=CARTESIAN_POINT('Control Point',(9036.798840599999,-2695.88453611,586.741843672));
#170833=CARTESIAN_POINT('Control Point',(9036.586631619999,-2695.84249983,586.741313065));
#170834=CARTESIAN_POINT('Control Point',(9033.350890019999,-2695.20158726,586.732851852));
#170835=CARTESIAN_POINT('Control Point',(9030.11509533,-2694.56096162,586.722287887));
#170836=CARTESIAN_POINT('Control Point',(9027.079930869999,-2693.96026396,586.7109189720001));
#170837=CARTESIAN_POINT('Control Point',(9021.03951662,-2692.76500285,586.686791129));
#170838=CARTESIAN_POINT('Control Point',(9014.99909822,-2691.56976786,586.662480004));
#170839=CARTESIAN_POINT('Control Point',(9011.99388066,-2690.97502586,586.651027132));
#170840=CARTESIAN_POINT('Control Point',(9008.949050859999,-2690.37225249,586.640774141));
#170841=CARTESIAN_POINT('Control Point',(9005.904265559999,-2689.76923486,586.632297885));
#170842=CARTESIAN_POINT('Control Point',(9005.86589752,-2689.76163604,586.632191476));
#170843=CARTESIAN_POINT('Control Point',(9005.74671806,-2689.73803221,586.631862631));
#170844=CARTESIAN_POINT('Control Point',(9005.62537369,-2689.71399879,586.6315335960001));
#170845=CARTESIAN_POINT('Control Point',(9005.543100569999,-2689.69770335,586.631313711));
#170846=CARTESIAN_POINT('Control Point',(9005.28476733,-2689.64653508,586.630633523));
#170847=CARTESIAN_POINT('Control Point',(9005.011627669999,-2689.59242975,586.629944859));
#170848=CARTESIAN_POINT('Control Point',(9004.819074969999,-2689.55428581,586.62947213));
#170849=CARTESIAN_POINT('Control Point',(9004.07052764,-2689.40599624,586.6276711200001));
#170850=CARTESIAN_POINT('Control Point',(9003.27243209,-2689.2478742,586.6258689));
#170851=CARTESIAN_POINT('Control Point',(9002.678699919999,-2689.13023694,586.624559937));
#170852=CARTESIAN_POINT('Control Point',(9001.72760654,-2688.94178839,586.622509588));
#170853=CARTESIAN_POINT('Control Point',(9000.78604544,-2688.75521672,586.620562494));
#170854=CARTESIAN_POINT('Control Point',(9000.43921405,-2688.68648978,586.6198579430001));
#170855=CARTESIAN_POINT('Control Point',(8999.92484037,-2688.58455997,586.618835742));
#170856=CARTESIAN_POINT('Control Point',(8999.43069155,-2688.48663075,586.617904298));
#170857=CARTESIAN_POINT('Control Point',(8999.26755954,-2688.45430067,586.617603669));
#170858=CARTESIAN_POINT('Control Point',(8998.932262869999,-2688.38784783,586.617003634));
#170859=CARTESIAN_POINT('Control Point',(8998.61683436,-2688.32532632,586.616483735));
#170860=CARTESIAN_POINT('Control Point',(8998.459991689999,-2688.29423622,586.616239993));
#170861=CARTESIAN_POINT('Control Point',(8998.306693439999,-2688.26384637,586.616018151));
#170862=CARTESIAN_POINT('Control Point',(8998.153396009999,-2688.23345552,586.615804504));
#170863=EDGE_CURVE('',#170787,#170490,#170817,.T.);
#170864=EDGE_LOOP('',(#170865,#170866,#170867,#170868));
#170865=ORIENTED_EDGE('',*,*,#170863,.T.);
#170866=ORIENTED_EDGE('',*,*,#170507,.F.);
#170867=ORIENTED_EDGE('',*,*,#170272,.T.);
#170868=ORIENTED_EDGE('',*,*,#170788,.F.);
#170869=FACE_OUTER_BOUND('',#170864,.T.);
#170870=ADVANCED_FACE('PartBody',(#170869),#170804,.F.);
#170871=B_SPLINE_SURFACE_WITH_KNOTS('',5,1,((#170872,#170873),(#170874,#170875),(#170876,#170877),(#170878,#170879),(#170880,#170881),(#170882,#170883),(#170884,#170885),(#170886,#170887),(#170888,#170889)),.UNSPECIFIED.,.F.,.F.,.U.,(6,3,6),(2,2),(0.,4.31684734725,4.94097686143),(0.,20.),.UNSPECIFIED.);
#170872=CARTESIAN_POINT('Control Point',(9000.0581002,-2678.51452595,585.232172775));
#170873=CARTESIAN_POINT('Control Point',(8996.24869043,-2697.9523922,587.999437244));
#170874=CARTESIAN_POINT('Control Point',(8999.169507839999,-2678.34054156,585.231042983));
#170875=CARTESIAN_POINT('Control Point',(8995.444851209999,-2697.79495165,587.998770649));
#170876=CARTESIAN_POINT('Control Point',(8998.239718499999,-2678.16340417,585.230775829));
#170877=CARTESIAN_POINT('Control Point',(8994.68045073,-2697.64966496,587.999034316));
#170878=CARTESIAN_POINT('Control Point',(8997.322590329999,-2678.00214573,585.2327700230001));
#170879=CARTESIAN_POINT('Control Point',(8993.96861627,-2697.52473993,588.001069539));
#170880=CARTESIAN_POINT('Control Point',(8996.255459669999,-2677.82536481,585.23692687));
#170881=CARTESIAN_POINT('Control Point',(8993.09552266,-2697.38001776,588.005069641));
#170882=CARTESIAN_POINT('Control Point',(8995.186337269999,-2677.66154009,585.243331844));
#170883=CARTESIAN_POINT('Control Point',(8992.220802239999,-2697.24588633,588.0109861879999));
#170884=CARTESIAN_POINT('Control Point',(8995.336872099999,-2677.68328387,585.242106434));
#170885=CARTESIAN_POINT('Control Point',(8991.827173059999,-2697.18688716,588.013760778));
#170886=CARTESIAN_POINT('Control Point',(8994.90472662,-2677.61907596,585.2451399400001));
#170887=CARTESIAN_POINT('Control Point',(8992.01238464,-2697.21438598,588.012482695));
#170888=CARTESIAN_POINT('Control Point',(8994.78100463,-2677.60070007,585.245974194));
#170889=CARTESIAN_POINT('Control Point',(8991.889172449999,-2697.19607189,588.013411607));
#170890=B_SPLINE_CURVE_WITH_KNOTS('',1,(#170891,#170892),.UNSPECIFIED.,.F.,.U.,(2,2),(6.92398816779,9.99999634522),.UNSPECIFIED.);
#170891=CARTESIAN_POINT('Control Point',(8998.739284789999,-2685.24390374,586.190198097));
#170892=CARTESIAN_POINT('Control Point',(8998.153396009999,-2688.23345552,586.615804504));
#170893=EDGE_CURVE('',#169617,#170490,#170890,.T.);
#170894=B_SPLINE_CURVE_WITH_KNOTS('',1,(#170895,#170896),.UNSPECIFIED.,.F.,.U.,(2,2),(6.92399950679,9.99999945807),.UNSPECIFIED.);
#170895=CARTESIAN_POINT('Control Point',(8993.779852399999,-2684.38461731,586.204060958));
#170896=CARTESIAN_POINT('Control Point',(8993.335088619999,-2687.39838545,586.629692825));
#170897=EDGE_CURVE('',#169592,#170488,#170894,.T.);
#170898=EDGE_LOOP('',(#170899,#170900,#170901,#170902));
#170899=ORIENTED_EDGE('',*,*,#170491,.T.);
#170900=ORIENTED_EDGE('',*,*,#170893,.F.);
#170901=ORIENTED_EDGE('',*,*,#169618,.T.);
#170902=ORIENTED_EDGE('',*,*,#170897,.T.);
#170903=FACE_OUTER_BOUND('',#170898,.T.);
#170904=ADVANCED_FACE('PartBody',(#170903),#170871,.T.);
#170905=B_SPLINE_SURFACE_WITH_KNOTS('',5,1,((#170906,#170907),(#170908,#170909),(#170910,#170911),(#170912,#170913),(#170914,#170915),(#170916,#170917),(#170918,#170919),(#170920,#170921),(#170922,#170923),(#170924,#170925),(#170926,#170927),(#170928,#170929)),.UNSPECIFIED.,.F.,.F.,.U.,(6,3,3,6),(2,2),(0.,4.81299869662,35.6484856404,40.6168500068),(0.,20.),.UNSPECIFIED.);
#170906=CARTESIAN_POINT('Control Point',(9045.74853943,-2687.5604525,585.380501683));
#170907=CARTESIAN_POINT('Control Point',(9041.937002229999,-2707.0003563,588.130469792));
#170908=CARTESIAN_POINT('Control Point',(9044.85228438,-2687.3848715,585.379471786));
#170909=CARTESIAN_POINT('Control Point',(9040.946342829999,-2706.80622474,588.129729158));
#170910=CARTESIAN_POINT('Control Point',(9043.90384857,-2687.19360354,585.377384118));
#170911=CARTESIAN_POINT('Control Point',(9040.010033409999,-2706.61671921,588.1278906490001));
#170912=CARTESIAN_POINT('Control Point',(9040.044530649999,-2686.43013502,585.369126588));
#170913=CARTESIAN_POINT('Control Point',(9036.18861311,-2705.86097877,588.1212553730001));
#170914=CARTESIAN_POINT('Control Point',(9033.0507256,-2685.04488701,585.350597614));
#170915=CARTESIAN_POINT('Control Point',(9029.19487127,-2704.47536462,588.105397787));
#170916=CARTESIAN_POINT('Control Point',(9026.056686129999,-2683.66097894,585.322257555));
#170917=CARTESIAN_POINT('Control Point',(9022.20088436,-2703.09109839,588.07966918));
#170918=CARTESIAN_POINT('Control Point',(9020.006824209999,-2682.46450895,585.293465922));
#170919=CARTESIAN_POINT('Control Point',(9016.15108326,-2701.89431989,588.053114884));
#170920=CARTESIAN_POINT('Control Point',(9012.98228808,-2681.07465489,585.264406948));
#170921=CARTESIAN_POINT('Control Point',(9009.126609699999,-2700.50410767,588.0266747639999));
#170922=CARTESIAN_POINT('Control Point',(9005.95797768,-2679.68350561,585.244776527));
#170923=CARTESIAN_POINT('Control Point',(9002.10236185,-2699.11258949,588.009722315));
#170924=CARTESIAN_POINT('Control Point',(9002.047855859999,-2678.91054447,585.235903417));
#170925=CARTESIAN_POINT('Control Point',(8998.15234332,-2698.33105551,588.002194182));
#170926=CARTESIAN_POINT('Control Point',(9001.08080304,-2678.71477352,585.233440967));
#170927=CARTESIAN_POINT('Control Point',(8997.173848029999,-2698.13358971,588.000236546));
#170928=CARTESIAN_POINT('Control Point',(9000.0581002,-2678.51452595,585.232172775));
#170929=CARTESIAN_POINT('Control Point',(8996.24869043,-2697.9523922,587.999437244));
#170930=B_SPLINE_CURVE_WITH_KNOTS('',1,(#170931,#170932),.UNSPECIFIED.,.F.,.U.,(2,2),(6.92400980478,10.0000176896),.UNSPECIFIED.);
#170931=CARTESIAN_POINT('Control Point',(9044.428983379999,-2694.29055672,586.33254199));
#170932=CARTESIAN_POINT('Control Point',(9043.842767459999,-2697.28042159,586.755488169));
#170933=EDGE_CURVE('',#169532,#170787,#170930,.T.);
#170934=EDGE_LOOP('',(#170935,#170936,#170937,#170938,#170939));
#170935=ORIENTED_EDGE('',*,*,#170863,.F.);
#170936=ORIENTED_EDGE('',*,*,#170933,.F.);
#170937=ORIENTED_EDGE('',*,*,#169533,.T.);
#170938=ORIENTED_EDGE('',*,*,#169623,.F.);
#170939=ORIENTED_EDGE('',*,*,#170893,.T.);
#170940=FACE_OUTER_BOUND('',#170934,.T.);
#170941=ADVANCED_FACE('PartBody',(#170940),#170905,.T.);
#170942=B_SPLINE_SURFACE_WITH_KNOTS('',5,1,((#170943,#170944),(#170945,#170946),(#170947,#170948),(#170949,#170950),(#170951,#170952),(#170953,#170954)),.UNSPECIFIED.,.F.,.F.,.U.,(6,6),(2,2),(0.,5.09774994436),(0.,20.),.UNSPECIFIED.);
#170943=CARTESIAN_POINT('Control Point',(9050.296656049999,-2688.34431493,585.366824421));
#170944=CARTESIAN_POINT('Control Point',(9047.446417789999,-2707.94878119,588.112920626));
#170945=CARTESIAN_POINT('Control Point',(9049.39327266,-2688.21202988,585.373568624));
#170946=CARTESIAN_POINT('Control Point',(9046.3422844,-2707.78710288,588.121141025));
#170947=CARTESIAN_POINT('Control Point',(9048.49151799,-2688.06845147,585.378319057));
#170948=CARTESIAN_POINT('Control Point',(9045.24015414,-2707.61161327,588.127011958));
#170949=CARTESIAN_POINT('Control Point',(9047.59065667,-2687.91516198,585.381330389));
#170950=CARTESIAN_POINT('Control Point',(9044.094417869999,-2707.41626203,588.130951439));
#170951=CARTESIAN_POINT('Control Point',(9046.697818589999,-2687.74642783,585.3815455169999));
#170952=CARTESIAN_POINT('Control Point',(9042.986272979999,-2707.20596688,588.131301196));
#170953=CARTESIAN_POINT('Control Point',(9045.74853943,-2687.5604525,585.380501683));
#170954=CARTESIAN_POINT('Control Point',(9041.937002229999,-2707.0003563,588.130469792));
#170955=B_SPLINE_CURVE_WITH_KNOTS('',1,(#170956,#170957),.UNSPECIFIED.,.F.,.U.,(2,2),(6.92399941785,9.99999932798),.UNSPECIFIED.);
#170956=CARTESIAN_POINT('Control Point',(9049.30990364,-2695.13138058,586.317522847));
#170957=CARTESIAN_POINT('Control Point',(9048.87153701,-2698.1465474,586.739872431));
#170958=EDGE_CURVE('',#169354,#170692,#170955,.T.);
#170959=EDGE_LOOP('',(#170960,#170961,#170962,#170963,#170964));
#170960=ORIENTED_EDGE('',*,*,#170796,.T.);
#170961=ORIENTED_EDGE('',*,*,#170958,.F.);
#170962=ORIENTED_EDGE('',*,*,#169418,.F.);
#170963=ORIENTED_EDGE('',*,*,#169538,.F.);
#170964=ORIENTED_EDGE('',*,*,#170933,.T.);
#170965=FACE_OUTER_BOUND('',#170959,.T.);
#170966=ADVANCED_FACE('PartBody',(#170965),#170942,.T.);
#170967=B_SPLINE_SURFACE_WITH_KNOTS('',5,1,((#170968,#170969),(#170970,#170971),(#170972,#170973),(#170974,#170975),(#170976,#170977),(#170978,#170979),(#170980,#170981),(#170982,#170983),(#170984,#170985),(#170986,#170987),(#170988,#170989),(#170990,#170991),(#170992,#170993),(#170994,#170995),(#170996,#170997),(#170998,#170999),(#171000,#171001),(#171002,#171003)),.UNSPECIFIED.,.F.,.F.,.U.,(6,3,3,3,3,6),(2,2),(0.,58.7956647897,135.127821168,191.083527113,232.001633788,249.27527658),(0.,20.),.UNSPECIFIED.);
#170968=CARTESIAN_POINT('Control Point',(9298.181881049999,-2723.53347461,582.776129423));
#170969=CARTESIAN_POINT('Control Point',(9295.51689517,-2743.17809489,585.419374458));
#170970=CARTESIAN_POINT('Control Point',(9286.53745616,-2721.93415773,582.922065552));
#170971=CARTESIAN_POINT('Control Point',(9283.863733689999,-2741.5769278,585.57025299));
#170972=CARTESIAN_POINT('Control Point',(9274.893311889999,-2720.33102379,583.046796879));
#170973=CARTESIAN_POINT('Control Point',(9272.210800719999,-2739.97194264,585.699837519));
#170974=CARTESIAN_POINT('Control Point',(9262.908235139999,-2718.67301202,583.182462998));
#170975=CARTESIAN_POINT('Control Point',(9260.216815259999,-2738.31203955,585.84047287));
#170976=CARTESIAN_POINT('Control Point',(9236.151463799999,-2714.95660327,583.480230229));
#170977=CARTESIAN_POINT('Control Point',(9233.439985339999,-2734.59136253,586.149396917));
#170978=CARTESIAN_POINT('Control Point',(9209.399393419999,-2711.20598414,583.774427401));
#170979=CARTESIAN_POINT('Control Point',(9206.66791991,-2730.83644999,586.454750244));
#170980=CARTESIAN_POINT('Control Point',(9194.288899719999,-2709.07657055,583.9382725409999));
#170981=CARTESIAN_POINT('Control Point',(9191.546156279999,-2728.70460416,586.624887865));
#170982=CARTESIAN_POINT('Control Point',(9168.10410366,-2705.36815627,584.213930693));
#170983=CARTESIAN_POINT('Control Point',(9165.34177438,-2724.99195366,586.911420468));
#170984=CARTESIAN_POINT('Control Point',(9141.923797829999,-2701.62758619,584.481997646));
#170985=CARTESIAN_POINT('Control Point',(9139.14191314,-2721.24712198,587.19033016));
#170986=CARTESIAN_POINT('Control Point',(9130.54692936,-2699.99562136,584.599889719));
#170987=CARTESIAN_POINT('Control Point',(9127.75656935,-2719.61330075,587.312947322));
#170988=CARTESIAN_POINT('Control Point',(9111.377981009999,-2697.23658795,584.7894149160001));
#170989=CARTESIAN_POINT('Control Point',(9108.5733029,-2716.85113043,587.510385723));
#170990=CARTESIAN_POINT('Control Point',(9092.21132085,-2694.46100865,584.969977957));
#170991=CARTESIAN_POINT('Control Point',(9089.392351859999,-2714.07240605,587.698819795));
#170992=CARTESIAN_POINT('Control Point',(9083.569951199999,-2693.20625721,585.050169565));
#170993=CARTESIAN_POINT('Control Point',(9080.74453516,-2712.81623359,587.782555066));
#170994=CARTESIAN_POINT('Control Point',(9072.058220139999,-2691.52856385,585.167274903));
#170995=CARTESIAN_POINT('Control Point',(9069.224217499999,-2711.13663345,587.904445308));
#170996=CARTESIAN_POINT('Control Point',(9060.54727841,-2689.84506261,585.2799519930001));
#170997=CARTESIAN_POINT('Control Point',(9057.704689169999,-2709.45122249,588.021884845));
#170998=CARTESIAN_POINT('Control Point',(9056.597643379999,-2689.26672544,585.316250682));
#170999=CARTESIAN_POINT('Control Point',(9054.779124269999,-2709.02261006,588.051938714));
#171000=CARTESIAN_POINT('Control Point',(9053.44717655,-2688.80546516,585.343998596));
#171001=CARTESIAN_POINT('Control Point',(9051.11279718,-2708.48563879,588.084904584));
#171002=CARTESIAN_POINT('Control Point',(9050.296656049999,-2688.34431493,585.366824421));
#171003=CARTESIAN_POINT('Control Point',(9047.446417789999,-2707.94878119,588.112920626));
#171004=B_SPLINE_CURVE_WITH_KNOTS('',1,(#171005,#171006),.UNSPECIFIED.,.F.,.U.,(2,2),(6.9241155342,10.0001153979),.UNSPECIFIED.);
#171005=CARTESIAN_POINT('Control Point',(9297.25924754,-2730.33455563,583.6912361240001));
#171006=CARTESIAN_POINT('Control Point',(9296.849372729999,-2733.3558981,584.097767192));
#171007=EDGE_CURVE('',#169256,#170620,#171004,.T.);
#171008=EDGE_LOOP('',(#171009,#171010,#171011,#171012));
#171009=ORIENTED_EDGE('',*,*,#170734,.F.);
#171010=ORIENTED_EDGE('',*,*,#171007,.F.);
#171011=ORIENTED_EDGE('',*,*,#169355,.T.);
#171012=ORIENTED_EDGE('',*,*,#170958,.T.);
#171013=FACE_OUTER_BOUND('',#171008,.T.);
#171014=ADVANCED_FACE('PartBody',(#171013),#170967,.T.);
#171015=B_SPLINE_SURFACE_WITH_KNOTS('',5,1,((#171016,#171017),(#171018,#171019),(#171020,#171021),(#171022,#171023),(#171024,#171025),(#171026,#171027),(#171028,#171029),(#171030,#171031),(#171032,#171033)),.UNSPECIFIED.,.F.,.F.,.U.,(6,3,6),(2,2),(0.,2.04036420359,3.76918756527),(0.,20.),.UNSPECIFIED.);
#171016=CARTESIAN_POINT('Control Point',(9301.811830519999,-2723.95980848,582.708008405));
#171017=CARTESIAN_POINT('Control Point',(9299.951741589999,-2743.69552768,585.361582737));
#171018=CARTESIAN_POINT('Control Point',(9301.44799798,-2723.92444897,582.715954294));
#171019=CARTESIAN_POINT('Control Point',(9299.50736209,-2743.65268631,585.368712091));
#171020=CARTESIAN_POINT('Control Point',(9301.08434091,-2723.88727377,582.723598379));
#171021=CARTESIAN_POINT('Control Point',(9299.063185049999,-2743.6076251,585.375485279));
#171022=CARTESIAN_POINT('Control Point',(9300.72084219,-2723.84828073,582.730945668));
#171023=CARTESIAN_POINT('Control Point',(9298.619186989999,-2743.56034006,585.381907233));
#171024=CARTESIAN_POINT('Control Point',(9300.04980447,-2723.77290256,582.743993963));
#171025=CARTESIAN_POINT('Control Point',(9297.799475169999,-2743.46889336,585.393146405));
#171026=CARTESIAN_POINT('Control Point',(9299.379547159999,-2723.69132775,582.756116951));
#171027=CARTESIAN_POINT('Control Point',(9296.980564239999,-2743.36985677,585.403276681));
#171028=CARTESIAN_POINT('Control Point',(9298.707828409999,-2723.6059362,582.767464692));
#171029=CARTESIAN_POINT('Control Point',(9296.361036349999,-2743.293745,585.410534544));
#171030=CARTESIAN_POINT('Control Point',(9298.52423569,-2723.5806357,582.770799712));
#171031=CARTESIAN_POINT('Control Point',(9295.859578269999,-2743.22504048,585.415976719));
#171032=CARTESIAN_POINT('Control Point',(9298.181881049999,-2723.53347461,582.776129423));
#171033=CARTESIAN_POINT('Control Point',(9295.51689517,-2743.17809489,585.419374458));
#171034=B_SPLINE_CURVE_WITH_KNOTS('',1,(#171035,#171036),.UNSPECIFIED.,.F.,.U.,(2,2),(6.92389062617,9.99989061618),.UNSPECIFIED.);
#171035=CARTESIAN_POINT('Control Point',(9301.167877899999,-2730.79220654,583.626661327));
#171036=CARTESIAN_POINT('Control Point',(9300.881796219999,-2733.82756014,584.034781058));
#171037=EDGE_CURVE('',#169167,#170560,#171034,.T.);
#171038=EDGE_LOOP('',(#171039,#171040,#171041,#171042));
#171039=ORIENTED_EDGE('',*,*,#170641,.T.);
#171040=ORIENTED_EDGE('',*,*,#171037,.F.);
#171041=ORIENTED_EDGE('',*,*,#169257,.T.);
#171042=ORIENTED_EDGE('',*,*,#171007,.T.);
#171043=FACE_OUTER_BOUND('',#171038,.T.);
#171044=ADVANCED_FACE('PartBody',(#171043),#171015,.T.);
#171045=B_SPLINE_SURFACE_WITH_KNOTS('',5,1,((#171046,#171047),(#171048,#171049),(#171050,#171051),(#171052,#171053),(#171054,#171055),(#171056,#171057),(#171058,#171059),(#171060,#171061),(#171062,#171063)),.UNSPECIFIED.,.F.,.F.,.U.,(6,3,6),(2,2),(0.,22.646652836,23.6312906132),(0.,20.),.UNSPECIFIED.);
#171046=CARTESIAN_POINT('Control Point',(9325.32686168,-2726.24093582,582.211624979));
#171047=CARTESIAN_POINT('Control Point',(9323.467716969999,-2745.97818735,584.8544422259999));
#171048=CARTESIAN_POINT('Control Point',(9320.81955572,-2725.80402077,582.303862442));
#171049=CARTESIAN_POINT('Control Point',(9318.96056127,-2745.54101366,584.948717783));
#171050=CARTESIAN_POINT('Control Point',(9316.312517049999,-2725.36618692,582.403310474));
#171051=CARTESIAN_POINT('Control Point',(9314.45360603,-2745.10292117,585.05024985));
#171052=CARTESIAN_POINT('Control Point',(9311.805661439999,-2724.92752829,582.509225019));
#171053=CARTESIAN_POINT('Control Point',(9309.946937949999,-2744.66398462,585.15829035));
#171054=CARTESIAN_POINT('Control Point',(9307.10249388,-2724.4712032,582.609124929));
#171055=CARTESIAN_POINT('Control Point',(9305.243921969999,-2744.20738329,585.260333238));
#171056=CARTESIAN_POINT('Control Point',(9302.398980709999,-2724.01645152,582.697125246));
#171057=CARTESIAN_POINT('Control Point',(9300.54048763,-2743.75235993,585.350410594));
#171058=CARTESIAN_POINT('Control Point',(9302.210439769999,-2723.99793835,582.70059219));
#171059=CARTESIAN_POINT('Control Point',(9300.33327623,-2743.731935,585.354295694));
#171060=CARTESIAN_POINT('Control Point',(9301.98743071,-2723.97679336,582.70477591));
#171061=CARTESIAN_POINT('Control Point',(9300.166169939999,-2743.71628099,585.357540187));
#171062=CARTESIAN_POINT('Control Point',(9301.811830519999,-2723.95980848,582.708008405));
#171063=CARTESIAN_POINT('Control Point',(9299.951741589999,-2743.69552768,585.361582737));
#171064=B_SPLINE_CURVE_WITH_KNOTS('',1,(#171065,#171066),.UNSPECIFIED.,.F.,.U.,(2,2),(6.92386622233,9.999866222),.UNSPECIFIED.);
#171065=CARTESIAN_POINT('Control Point',(9324.683238219999,-2733.07384028,583.126550633));
#171066=CARTESIAN_POINT('Control Point',(9324.39730176,-2736.10942956,583.533015925));
#171067=EDGE_CURVE('',#168851,#170409,#171064,.T.);
#171068=EDGE_LOOP('',(#171069,#171070,#171071,#171072));
#171069=ORIENTED_EDGE('',*,*,#170561,.F.);
#171070=ORIENTED_EDGE('',*,*,#171067,.F.);
#171071=ORIENTED_EDGE('',*,*,#169191,.T.);
#171072=ORIENTED_EDGE('',*,*,#171037,.T.);
#171073=FACE_OUTER_BOUND('',#171068,.T.);
#171074=ADVANCED_FACE('PartBody',(#171073),#171045,.T.);
#171075=B_SPLINE_SURFACE_WITH_KNOTS('',5,1,((#171076,#171077),(#171078,#171079),(#171080,#171081),(#171082,#171083),(#171084,#171085),(#171086,#171087),(#171088,#171089),(#171090,#171091),(#171092,#171093)),.UNSPECIFIED.,.F.,.F.,.U.,(6,3,6),(2,2),(0.,1.98006163274,3.67727654326),(0.,20.),.UNSPECIFIED.);
#171076=CARTESIAN_POINT('Control Point',(9329.6305085,-2726.74070951,582.1495813499999));
#171077=CARTESIAN_POINT('Control Point',(9326.990755979999,-2746.3905934,584.778986227));
#171078=CARTESIAN_POINT('Control Point',(9329.20120668,-2726.68238555,582.154452966));
#171079=CARTESIAN_POINT('Control Point',(9326.63922655,-2746.34251067,584.785401991));
#171080=CARTESIAN_POINT('Control Point',(9328.771623799999,-2726.62614052,582.159653125));
#171081=CARTESIAN_POINT('Control Point',(9326.287472549999,-2746.29613051,584.792095982));
#171082=CARTESIAN_POINT('Control Point',(9328.341728399999,-2726.57197288,582.165183193));
#171083=CARTESIAN_POINT('Control Point',(9325.9354836,-2746.2514516,584.799069803));
#171084=CARTESIAN_POINT('Control Point',(9327.542924399999,-2726.47525094,582.176070722));
#171085=CARTESIAN_POINT('Control Point',(9325.28150202,-2746.17165487,584.812543463));
#171086=CARTESIAN_POINT('Control Point',(9326.74321927,-2726.3857192,582.188115569));
#171087=CARTESIAN_POINT('Control Point',(9324.626933489999,-2746.09775753,584.826997868));
#171088=CARTESIAN_POINT('Control Point',(9326.14360872,-2726.31985243,582.1971400800001));
#171089=CARTESIAN_POINT('Control Point',(9324.00210233,-2746.03035805,584.841064075));
#171090=CARTESIAN_POINT('Control Point',(9325.664692319999,-2726.27353443,582.20582293));
#171091=CARTESIAN_POINT('Control Point',(9323.80545568,-2746.01109519,584.846266446));
#171092=CARTESIAN_POINT('Control Point',(9325.32686168,-2726.24093582,582.211624979));
#171093=CARTESIAN_POINT('Control Point',(9323.467716969999,-2745.97818735,584.8544422259999));
#171094=B_SPLINE_CURVE_WITH_KNOTS('',1,(#171095,#171096),.UNSPECIFIED.,.F.,.U.,(2,2),(6.92411542205,10.0001131071),.UNSPECIFIED.);
#171095=CARTESIAN_POINT('Control Point',(9328.716610939999,-2733.54361271,583.059896493));
#171096=CARTESIAN_POINT('Control Point',(9328.310617309999,-2736.56576258,583.464298659));
#171097=EDGE_CURVE('',#168841,#170407,#171094,.T.);
#171098=EDGE_LOOP('',(#171099,#171100,#171101,#171102));
#171099=ORIENTED_EDGE('',*,*,#170410,.F.);
#171100=ORIENTED_EDGE('',*,*,#171097,.F.);
#171101=ORIENTED_EDGE('',*,*,#168878,.T.);
#171102=ORIENTED_EDGE('',*,*,#171067,.T.);
#171103=FACE_OUTER_BOUND('',#171098,.T.);
#171104=ADVANCED_FACE('PartBody',(#171103),#171075,.T.);
#171105=B_SPLINE_SURFACE_WITH_KNOTS('',5,5,((#171106,#171107,#171108,#171109,#171110,#171111),(#171112,#171113,#171114,#171115,#171116,#171117),(#171118,#171119,#171120,#171121,#171122,#171123),(#171124,#171125,#171126,#171127,#171128,#171129),(#171130,#171131,#171132,#171133,#171134,#171135),(#171136,#171137,#171138,#171139,#171140,#171141)),.UNSPECIFIED.,.F.,.F.,.U.,(6,6),(6,6),(-505.384348795,-468.427687382),(-1121.52268814,-1049.2373508),.UNSPECIFIED.);
#171106=CARTESIAN_POINT('Control Point',(9400.456360169999,-2745.94936937,560.864822797));
#171107=CARTESIAN_POINT('Control Point',(9386.133365399999,-2744.14650905,560.255524418));
#171108=CARTESIAN_POINT('Control Point',(9371.79114256,-2742.33174513,559.643075681));
#171109=CARTESIAN_POINT('Control Point',(9357.481940189999,-2740.51188228,559.028358586));
#171110=CARTESIAN_POINT('Control Point',(9343.14555302,-2738.67905188,558.410330818));
#171111=CARTESIAN_POINT('Control Point',(9328.826024059999,-2736.83912683,557.789796398));
#171112=CARTESIAN_POINT('Control Point',(9400.189458929999,-2744.9841358,568.28008084));
#171113=CARTESIAN_POINT('Control Point',(9385.948027169999,-2743.19100093,567.672052577));
#171114=CARTESIAN_POINT('Control Point',(9371.572745469999,-2741.37144393,567.058654892));
#171115=CARTESIAN_POINT('Control Point',(9357.2548166,-2739.54960423,566.443770589));
#171116=CARTESIAN_POINT('Control Point',(9342.93770776,-2737.71875056,565.825838714));
#171117=CARTESIAN_POINT('Control Point',(9328.609571069999,-2735.87688361,565.204961817));
#171118=CARTESIAN_POINT('Control Point',(9399.98500893,-2744.00583576,575.6904701460001));
#171119=CARTESIAN_POINT('Control Point',(9385.697196159999,-2742.20621302,575.080541221));
#171120=CARTESIAN_POINT('Control Point',(9371.372399739999,-2740.39232071,574.468879492));
#171121=CARTESIAN_POINT('Control Point',(9357.048147689999,-2738.56915576,573.852861027));
#171122=CARTESIAN_POINT('Control Point',(9342.718858099999,-2736.73597843,573.234946264));
#171123=CARTESIAN_POINT('Control Point',(9328.399124969999,-2734.89458694,572.613953383));
#171124=CARTESIAN_POINT('Control Point',(9399.809711549999,-2743.01037757,583.094143708));
#171125=CARTESIAN_POINT('Control Point',(9385.475000499999,-2741.20409073,582.484397145));
#171126=CARTESIAN_POINT('Control Point',(9371.17885461,-2739.393259,581.871653198));
#171127=CARTESIAN_POINT('Control Point',(9356.82477847,-2737.56573959,581.256185129));
#171128=CARTESIAN_POINT('Control Point',(9342.516878409999,-2735.73450912,580.637814052));
#171129=CARTESIAN_POINT('Control Point',(9328.188896599999,-2733.89150557,580.0166763780001));
#171130=CARTESIAN_POINT('Control Point',(9399.620659259999,-2741.99216186,590.491655008));
#171131=CARTESIAN_POINT('Control Point',(9385.27592305,-2740.18394556,589.88151423));
#171132=CARTESIAN_POINT('Control Point',(9370.963754319999,-2738.37049629,589.268707701));
#171133=CARTESIAN_POINT('Control Point',(9356.628919449999,-2736.54467546,588.652946946));
#171134=CARTESIAN_POINT('Control Point',(9342.30672819,-2734.71126666,588.034516055));
#171135=CARTESIAN_POINT('Control Point',(9327.9838461,-2732.86815589,587.413191968));
#171136=CARTESIAN_POINT('Control Point',(9399.408474219999,-2740.94997466,597.882656474));
#171137=CARTESIAN_POINT('Control Point',(9385.08696393,-2739.1441558,597.272440874));
#171138=CARTESIAN_POINT('Control Point',(9370.74918529,-2737.32686021,596.659395584));
#171139=CARTESIAN_POINT('Control Point',(9356.431552189999,-2735.50270954,596.043579194));
#171140=CARTESIAN_POINT('Control Point',(9342.103449549999,-2733.66785797,595.424931761));
#171141=CARTESIAN_POINT('Control Point',(9327.781453869999,-2731.8244013,594.803495965));
#171142=B_SPLINE_CURVE_WITH_KNOTS('',5,(#171143,#171144,#171145,#171146,#171147,#171148),.UNSPECIFIED.,.F.,.U.,(6,6),(0.,22.2364127201),.UNSPECIFIED.);
#171143=CARTESIAN_POINT('Control Point',(9348.689144889999,-2736.25638927,582.792656785));
#171144=CARTESIAN_POINT('Control Point',(9352.406225929999,-2736.75939067,582.745902423));
#171145=CARTESIAN_POINT('Control Point',(9356.08486212,-2737.44954429,581.2520304130001));
#171146=CARTESIAN_POINT('Control Point',(9358.972838239999,-2738.23054062,578.276633497));
#171147=CARTESIAN_POINT('Control Point',(9360.33515644,-2738.90576379,574.498698362));
#171148=CARTESIAN_POINT('Control Point',(9360.22575487,-2739.37625916,570.7484244570001));
#171149=CARTESIAN_POINT('Vertex',(9360.225754879999,-2739.37625916,570.7484244570001));
#171150=VERTEX_POINT('',#171149);
#171151=CARTESIAN_POINT('Vertex',(9348.689144889999,-2736.25638927,582.792656785));
#171152=VERTEX_POINT('',#171151);
#171153=EDGE_CURVE('',#171150,#171152,#171142,.F.);
#171154=B_SPLINE_CURVE_WITH_KNOTS('',3,(#171155,#171156,#171157,#171158),.UNSPECIFIED.,.F.,.U.,(4,4),(36.1733918421,49.5321458593),.UNSPECIFIED.);
#171155=CARTESIAN_POINT('Control Point',(9360.22575487,-2739.37625916,570.7484244570001));
#171156=CARTESIAN_POINT('Control Point',(9360.13414525,-2739.77023817,567.608055206));
#171157=CARTESIAN_POINT('Control Point',(9360.043121159999,-2740.15976434,564.466729709));
#171158=CARTESIAN_POINT('Control Point',(9359.95268341,-2740.54483401,561.3244610100001));
#171159=EDGE_CURVE('',#171150,#167579,#171154,.T.);
#171160=B_SPLINE_CURVE_WITH_KNOTS('',5,(#171161,#171162,#171163,#171164,#171165,#171166,#171167,#171168,#171169,#171170,#171171,#171172,#171173,#171174,#171175,#171176,#171177,#171178,#171179,#171180,#171181,#171182,#171183,#171184),.UNSPECIFIED.,.F.,.U.,(6,3,3,3,3,3,3,6),(0.000355431249574,0.470442072766,0.763266330928,1.43536866032,1.77530645938,7.02489998629,14.0497999726,28.0995999452),.UNSPECIFIED.);
#171161=CARTESIAN_POINT('Control Point',(9328.71686307,-2733.54364707,583.0598928639999));
#171162=CARTESIAN_POINT('Control Point',(9328.78355131,-2733.55274041,583.058933841));
#171163=CARTESIAN_POINT('Control Point',(9328.849525449999,-2733.56173595,583.057986622));
#171164=CARTESIAN_POINT('Control Point',(9328.93581445,-2733.57350017,583.056755287));
#171165=CARTESIAN_POINT('Control Point',(9329.07174304,-2733.59203129,583.054815799));
#171166=CARTESIAN_POINT('Control Point',(9329.211671249999,-2733.6111064,583.0528215739999));
#171167=CARTESIAN_POINT('Control Point',(9329.26571337,-2733.61847328,583.052051609));
#171168=CARTESIAN_POINT('Control Point',(9329.444339809999,-2733.64282261,583.049507264));
#171169=CARTESIAN_POINT('Control Point',(9329.623966649999,-2733.66730647,583.046950487));
#171170=CARTESIAN_POINT('Control Point',(9329.74728797,-2733.68411482,583.0451958580001));
#171171=CARTESIAN_POINT('Control Point',(9329.934782049999,-2733.70966835,583.042528964));
#171172=CARTESIAN_POINT('Control Point',(9330.10236606,-2733.73250638,583.040149509));
#171173=CARTESIAN_POINT('Control Point',(9330.152055029999,-2733.7392776,583.0394451020001));
#171174=CARTESIAN_POINT('Control Point',(9330.935177519999,-2733.84599251,583.028353141));
#171175=CARTESIAN_POINT('Control Point',(9331.71830029,-2733.9526667,583.017338064));
#171176=CARTESIAN_POINT('Control Point',(9332.45379736,-2734.05281758,583.007060318));
#171177=CARTESIAN_POINT('Control Point',(9334.17352722,-2734.28690537,582.9831850640001));
#171178=CARTESIAN_POINT('Control Point',(9335.89327416,-2734.52080047,582.959668919));
#171179=CARTESIAN_POINT('Control Point',(9336.877521889999,-2734.65460007,582.94632542));
#171180=CARTESIAN_POINT('Control Point',(9339.830291759999,-2735.05581321,582.906630375));
#171181=CARTESIAN_POINT('Control Point',(9342.783150149999,-2735.45647559,582.867904696));
#171182=CARTESIAN_POINT('Control Point',(9344.75176929,-2735.72334457,582.84248553));
#171183=CARTESIAN_POINT('Control Point',(9346.720435589999,-2735.98998037,582.817419629));
#171184=CARTESIAN_POINT('Control Point',(9348.689144889999,-2736.25638927,582.792656785));
#171185=EDGE_CURVE('',#168841,#171152,#171160,.T.);
#171186=EDGE_LOOP('',(#171187,#171188,#171189,#171190,#171191));
#171187=ORIENTED_EDGE('',*,*,#171153,.F.);
#171188=ORIENTED_EDGE('',*,*,#171159,.T.);
#171189=ORIENTED_EDGE('',*,*,#167580,.T.);
#171190=ORIENTED_EDGE('',*,*,#168842,.F.);
#171191=ORIENTED_EDGE('',*,*,#171185,.T.);
#171192=FACE_OUTER_BOUND('',#171186,.T.);
#171193=ADVANCED_FACE('PartBody',(#171192),#171105,.F.);
#171194=CARTESIAN_POINT('Axis2P3D Location',(9358.040648999999,-2754.24867704,555.372718522));
#171195=DIRECTION('Axis2P3D Direction',(-0.9910453184585727,0.1329647509099427,0.01222913638829473));
#171196=DIRECTION('Axis2P3D XDirection',(0.12597486535101,0.961433230599076,-0.2444922829040193));
#171197=AXIS2_PLACEMENT_3D('Plane Axis2P3D',#171194,#171195,#171196);
#171198=PLANE('',#171197);
#171199=CARTESIAN_POINT('Line Origine',(9360.02544603,-2740.88778478,570.949949918));
#171200=DIRECTION('Vector Direction',(-0.1302397717870322,-0.9827861055662431,0.1310308076400324));
#171201=VECTOR('Line Direction',#171200,1.);
#171202=LINE('Line',#171199,#171201);
#171203=CARTESIAN_POINT('Vertex',(9359.82513718,-2742.3993104,571.151475379));
#171204=VERTEX_POINT('',#171203);
#171205=EDGE_CURVE('',#171150,#171204,#171202,.T.);
#171206=B_SPLINE_CURVE_WITH_KNOTS('',5,(#171207,#171208,#171209,#171210,#171211,#171212),.UNSPECIFIED.,.F.,.U.,(6,6),(36.1733707438,49.5552914019),.UNSPECIFIED.);
#171207=CARTESIAN_POINT('Control Point',(9359.82513718,-2742.3993104,571.151475379));
#171208=CARTESIAN_POINT('Control Point',(9359.770049589999,-2742.63622412,569.263105832));
#171209=CARTESIAN_POINT('Control Point',(9359.71513857,-2742.87179541,567.374450382));
#171210=CARTESIAN_POINT('Control Point',(9359.6604042,-2743.10602396,565.4855101650001));
#171211=CARTESIAN_POINT('Control Point',(9359.605846499999,-2743.33890953,563.596285837));
#171212=CARTESIAN_POINT('Control Point',(9359.551465479999,-2743.570452,561.706776913));
#171213=EDGE_CURVE('',#171204,#169097,#171206,.T.);
#171214=EDGE_LOOP('',(#171215,#171216,#171217,#171218,#171219,#171220,#171221,#171222));
#171215=ORIENTED_EDGE('',*,*,#171205,.T.);
#171216=ORIENTED_EDGE('',*,*,#171213,.T.);
#171217=ORIENTED_EDGE('',*,*,#169098,.T.);
#171218=ORIENTED_EDGE('',*,*,#168897,.T.);
#171219=ORIENTED_EDGE('',*,*,#167997,.F.);
#171220=ORIENTED_EDGE('',*,*,#167734,.F.);
#171221=ORIENTED_EDGE('',*,*,#167588,.F.);
#171222=ORIENTED_EDGE('',*,*,#171159,.F.);
#171223=FACE_OUTER_BOUND('',#171214,.T.);
#171224=ADVANCED_FACE('PartBody',(#171223),#171198,.F.);
#171225=B_SPLINE_SURFACE_WITH_KNOTS('',5,5,((#171226,#171227,#171228,#171229,#171230,#171231),(#171232,#171233,#171234,#171235,#171236,#171237),(#171238,#171239,#171240,#171241,#171242,#171243),(#171244,#171245,#171246,#171247,#171248,#171249),(#171250,#171251,#171252,#171253,#171254,#171255),(#171256,#171257,#171258,#171259,#171260,#171261)),.UNSPECIFIED.,.F.,.F.,.U.,(6,6),(6,6),(-503.202662809,-480.193086279),(-1081.47938921,-1049.2373508),.UNSPECIFIED.);
#171226=CARTESIAN_POINT('Control Point',(9360.307225609999,-2743.66670405,561.739236692));
#171227=CARTESIAN_POINT('Control Point',(9353.916573299999,-2742.85290082,561.464717112));
#171228=CARTESIAN_POINT('Control Point',(9347.526207879999,-2742.03726724,561.189640145));
#171229=CARTESIAN_POINT('Control Point',(9341.136129189999,-2741.2198046,560.91400618));
#171230=CARTESIAN_POINT('Control Point',(9334.74633704,-2740.40051413,560.637815589));
#171231=CARTESIAN_POINT('Control Point',(9328.35683128,-2739.57939698,560.3610687190001));
#171232=CARTESIAN_POINT('Control Point',(9360.173329989999,-2743.06509086,566.359691387));
#171233=CARTESIAN_POINT('Control Point',(9353.782707009999,-2742.2511024,566.0851193780001));
#171234=CARTESIAN_POINT('Control Point',(9347.39237096,-2741.43528334,565.809989905));
#171235=CARTESIAN_POINT('Control Point',(9341.002321669999,-2740.61763499,565.534303359));
#171236=CARTESIAN_POINT('Control Point',(9334.612558969999,-2739.79815855,565.258060108));
#171237=CARTESIAN_POINT('Control Point',(9328.22308269,-2738.97685518,564.9812605020001));
#171238=CARTESIAN_POINT('Control Point',(9360.040683129999,-2742.45550439,570.977718607));
#171239=CARTESIAN_POINT('Control Point',(9353.6500887,-2741.64133556,570.703095654));
#171240=CARTESIAN_POINT('Control Point',(9347.25978126,-2740.82533588,570.4279151550001));
#171241=CARTESIAN_POINT('Control Point',(9340.86976061,-2740.00750665,570.152177507));
#171242=CARTESIAN_POINT('Control Point',(9334.480026589999,-2739.18784911,569.875883081));
#171243=CARTESIAN_POINT('Control Point',(9328.090579039999,-2738.36636437,569.599032219));
#171244=CARTESIAN_POINT('Control Point',(9359.90928369,-2741.83795308,575.593320879));
#171245=CARTESIAN_POINT('Control Point',(9353.518717069999,-2741.02360873,575.318648461));
#171246=CARTESIAN_POINT('Control Point',(9347.12843746,-2740.20743328,575.043418425));
#171247=CARTESIAN_POINT('Control Point',(9340.738444699999,-2739.38942804,574.767631152));
#171248=CARTESIAN_POINT('Control Point',(9334.3487386,-2738.56959422,574.4912870220001));
#171249=CARTESIAN_POINT('Control Point',(9327.959319,-2737.74793296,574.21438638));
#171250=CARTESIAN_POINT('Control Point',(9359.779130409999,-2741.21244503,580.206500633));
#171251=CARTESIAN_POINT('Control Point',(9353.38859083,-2740.39793001,579.931780227));
#171252=CARTESIAN_POINT('Control Point',(9346.9983383,-2739.58158364,579.656502121));
#171253=CARTESIAN_POINT('Control Point',(9340.60837265,-2738.76340722,579.3806667060001));
#171254=CARTESIAN_POINT('Control Point',(9334.21869371,-2737.94340196,579.1042743519999));
#171255=CARTESIAN_POINT('Control Point',(9327.829301309999,-2737.121569,578.827325406));
#171256=CARTESIAN_POINT('Control Point',(9359.65022206,-2740.57898806,584.817260217));
#171257=CARTESIAN_POINT('Control Point',(9353.259708759999,-2739.7643072,584.5424932990001));
#171258=CARTESIAN_POINT('Control Point',(9346.869482549999,-2738.94779474,584.2671686));
#171259=CARTESIAN_POINT('Control Point',(9340.47954326,-2738.12945197,583.991286513));
#171260=CARTESIAN_POINT('Control Point',(9334.089890719999,-2737.3092801,583.714847407));
#171261=CARTESIAN_POINT('Control Point',(9327.700524759999,-2736.48728028,583.43785163));
#171262=B_SPLINE_CURVE_WITH_KNOTS('',5,(#171263,#171264,#171265,#171266,#171267,#171268,#171269,#171270,#171271,#171272,#171273,#171274,#171275,#171276,#171277,#171278,#171279,#171280,#171281,#171282,#171283,#171284,#171285,#171286,#171287,#171288,#171289),.UNSPECIFIED.,.F.,.U.,(6,3,3,3,3,3,3,3,6),(17.935855524,31.9878113713,39.0137892949,44.3040835162,44.6176418551,45.1156794811,45.4034442217,45.777930893,46.0397672185),.UNSPECIFIED.);
#171263=CARTESIAN_POINT('Control Point',(9348.289283079999,-2739.27951666,583.195694464));
#171264=CARTESIAN_POINT('Control Point',(9346.320031069999,-2739.01301846,583.220588834));
#171265=CARTESIAN_POINT('Control Point',(9344.35081536,-2738.74629268,583.245786725));
#171266=CARTESIAN_POINT('Control Point',(9342.38163751,-2738.4793328,583.271338453));
#171267=CARTESIAN_POINT('Control Point',(9339.427929739999,-2738.07853307,583.310263901));
#171268=CARTESIAN_POINT('Control Point',(9336.47431299,-2737.6771838,583.35015999));
#171269=CARTESIAN_POINT('Control Point',(9335.489784329999,-2737.54333912,583.3635706380001));
#171270=CARTESIAN_POINT('Control Point',(9333.763961189999,-2737.30860572,583.38728113));
#171271=CARTESIAN_POINT('Control Point',(9332.0381702,-2737.0736807,583.411353383));
#171272=CARTESIAN_POINT('Control Point',(9331.296885129999,-2736.97273622,583.421761083));
#171273=CARTESIAN_POINT('Control Point',(9330.51167009,-2736.86577102,583.432858218));
#171274=CARTESIAN_POINT('Control Point',(9329.726461799999,-2736.75876582,583.444032645));
#171275=CARTESIAN_POINT('Control Point',(9329.67675828,-2736.75199219,583.444741001));
#171276=CARTESIAN_POINT('Control Point',(9329.540753679999,-2736.73345672,583.446681277));
#171277=CARTESIAN_POINT('Control Point',(9329.3928665,-2736.71330042,583.448793959));
#171278=CARTESIAN_POINT('Control Point',(9329.3013978,-2736.70083319,583.450101112));
#171279=CARTESIAN_POINT('Control Point',(9329.155860749999,-2736.68099567,583.452181632));
#171280=CARTESIAN_POINT('Control Point',(9329.009850639999,-2736.66109246,583.454269988));
#171281=CARTESIAN_POINT('Control Point',(9328.956407129999,-2736.6538072,583.455034529));
#171282=CARTESIAN_POINT('Control Point',(9328.83365692,-2736.63707389,583.456790922));
#171283=CARTESIAN_POINT('Control Point',(9328.712143969999,-2736.62050837,583.4585307));
#171284=CARTESIAN_POINT('Control Point',(9328.644263189999,-2736.61125407,583.459503049));
#171285=CARTESIAN_POINT('Control Point',(9328.53038294,-2736.59572807,583.461135314));
#171286=CARTESIAN_POINT('Control Point',(9328.425074909999,-2736.58136974,583.462648246));
#171287=CARTESIAN_POINT('Control Point',(9328.38381467,-2736.57574386,583.463241821));
#171288=CARTESIAN_POINT('Control Point',(9328.34721466,-2736.57075313,583.463770049));
#171289=CARTESIAN_POINT('Control Point',(9328.310617309999,-2736.56576263,583.464298666));
#171290=CARTESIAN_POINT('Vertex',(9348.28928341,-2739.27951662,583.195694505));
#171291=VERTEX_POINT('',#171290);
#171292=EDGE_CURVE('',#171291,#170407,#171262,.T.);
#171293=B_SPLINE_CURVE_WITH_KNOTS('',5,(#171294,#171295,#171296,#171297,#171298,#171299),.UNSPECIFIED.,.F.,.U.,(6,6),(0.,22.2267201998),.UNSPECIFIED.);
#171294=CARTESIAN_POINT('Control Point',(9359.825137169999,-2742.39931047,571.151475399));
#171295=CARTESIAN_POINT('Control Point',(9359.934563679999,-2741.92870286,574.902550467));
#171296=CARTESIAN_POINT('Control Point',(9358.57157443,-2741.25324641,578.681463668));
#171297=CARTESIAN_POINT('Control Point',(9355.682373399999,-2740.4722178,581.655820787));
#171298=CARTESIAN_POINT('Control Point',(9352.00503928,-2739.78236868,583.148721591));
#171299=CARTESIAN_POINT('Control Point',(9348.289283079999,-2739.27951666,583.195694464));
#171300=EDGE_CURVE('',#171291,#171204,#171293,.F.);
#171301=EDGE_LOOP('',(#171302,#171303,#171304,#171305,#171306));
#171302=ORIENTED_EDGE('',*,*,#171292,.T.);
#171303=ORIENTED_EDGE('',*,*,#170426,.T.);
#171304=ORIENTED_EDGE('',*,*,#169108,.T.);
#171305=ORIENTED_EDGE('',*,*,#171213,.F.);
#171306=ORIENTED_EDGE('',*,*,#171300,.F.);
#171307=FACE_OUTER_BOUND('',#171301,.T.);
#171308=ADVANCED_FACE('PartBody',(#171307),#171225,.T.);
#171309=B_SPLINE_SURFACE_WITH_KNOTS('',5,1,((#171310,#171311),(#171312,#171313),(#171314,#171315),(#171316,#171317),(#171318,#171319),(#171320,#171321),(#171322,#171323),(#171324,#171325),(#171326,#171327),(#171328,#171329),(#171330,#171331),(#171332,#171333)),.UNSPECIFIED.,.F.,.F.,.U.,(6,3,3,6),(2,2),(0.,60.4342658657,69.9542093373,70.7447881699),(0.,20.),.UNSPECIFIED.);
#171310=CARTESIAN_POINT('Control Point',(9400.413241119999,-2736.27476818,581.268494537));
#171311=CARTESIAN_POINT('Control Point',(9397.82502102,-2755.93547789,583.868034973));
#171312=CARTESIAN_POINT('Control Point',(9388.437908119999,-2734.67831175,581.419547654));
#171313=CARTESIAN_POINT('Control Point',(9385.840657429999,-2754.33716397,584.024145555));
#171314=CARTESIAN_POINT('Control Point',(9376.463433909999,-2733.07512159,581.5686603509999));
#171315=CARTESIAN_POINT('Control Point',(9373.85720468,-2752.7321033,584.178309212));
#171316=CARTESIAN_POINT('Control Point',(9364.489432459999,-2731.46693019,581.702292358));
#171317=CARTESIAN_POINT('Control Point',(9361.87415401,-2751.12206363,584.316900206));
#171318=CARTESIAN_POINT('Control Point',(9350.63057972,-2729.5961875,581.866029508));
#171319=CARTESIAN_POINT('Control Point',(9348.004871649999,-2749.24915757,584.486440298));
#171320=CARTESIAN_POINT('Control Point',(9336.77362733,-2727.71339764,582.050682466));
#171321=CARTESIAN_POINT('Control Point',(9334.137507059999,-2747.3641782,584.677029136));
#171322=CARTESIAN_POINT('Control Point',(9334.887895919999,-2727.45694509,582.076228919));
#171323=CARTESIAN_POINT('Control Point',(9332.250358559999,-2747.10742704,584.703386839));
#171324=CARTESIAN_POINT('Control Point',(9332.8456059,-2727.17894658,582.104372629));
#171325=CARTESIAN_POINT('Control Point',(9330.206533609999,-2746.82910477,584.732410601));
#171326=CARTESIAN_POINT('Control Point',(9330.803360189999,-2726.90067755,582.1330377210001));
#171327=CARTESIAN_POINT('Control Point',(9328.162752979999,-2746.55051123,584.761959603));
#171328=CARTESIAN_POINT('Control Point',(9329.94344479,-2726.78368037,582.145176529));
#171329=CARTESIAN_POINT('Control Point',(9327.301268859999,-2746.43319372,584.774474003));
#171330=CARTESIAN_POINT('Control Point',(9329.80189782,-2726.76406107,582.147136778));
#171331=CARTESIAN_POINT('Control Point',(9327.13113141,-2746.40972734,584.776924078));
#171332=CARTESIAN_POINT('Control Point',(9329.6305085,-2726.74070951,582.1495813499999));
#171333=CARTESIAN_POINT('Control Point',(9326.990755979999,-2746.3905934,584.778986227));
#171334=B_SPLINE_CURVE_WITH_KNOTS('',2,(#171335,#171336,#171337),.UNSPECIFIED.,.F.,.U.,(3,3),(15.8449264998,20.1950121039),.UNSPECIFIED.);
#171335=CARTESIAN_POINT('Control Point',(9348.68914633,-2736.25638934,582.792657035));
#171336=CARTESIAN_POINT('Control Point',(9348.489214919999,-2737.76795297,582.994175899));
#171337=CARTESIAN_POINT('Control Point',(9348.28928341,-2739.27951662,583.195694505));
#171338=EDGE_CURVE('',#171152,#171291,#171334,.T.);
#171339=EDGE_LOOP('',(#171340,#171341,#171342,#171343));
#171340=ORIENTED_EDGE('',*,*,#171185,.F.);
#171341=ORIENTED_EDGE('',*,*,#171097,.T.);
#171342=ORIENTED_EDGE('',*,*,#171292,.F.);
#171343=ORIENTED_EDGE('',*,*,#171338,.F.);
#171344=FACE_OUTER_BOUND('',#171339,.T.);
#171345=ADVANCED_FACE('PartBody',(#171344),#171309,.T.);
#171346=B_SPLINE_SURFACE_WITH_KNOTS('',2,5,((#171347,#171348,#171349,#171350,#171351,#171352,#171353,#171354,#171355),(#171356,#171357,#171358,#171359,#171360,#171361,#171362,#171363,#171364),(#171365,#171366,#171367,#171368,#171369,#171370,#171371,#171372,#171373)),.UNSPECIFIED.,.F.,.F.,.U.,(3,3),(6,3,6),(15.824385272,20.203385768),(0.,6.,12.),.UNSPECIFIED.);
#171347=CARTESIAN_POINT('Control Point',(9348.691034489999,-2736.24211404,582.79075388));
#171348=CARTESIAN_POINT('Control Point',(9350.558636599999,-2736.49277797,582.76699646));
#171349=CARTESIAN_POINT('Control Point',(9352.41523991,-2736.79086552,582.376609281));
#171350=CARTESIAN_POINT('Control Point',(9354.16471472,-2737.12354788,581.6202644160001));
#171351=CARTESIAN_POINT('Control Point',(9357.26080679,-2737.82222797,579.4572694239999));
#171352=CARTESIAN_POINT('Control Point',(9359.289189319999,-2738.5159393,576.270277705));
#171353=CARTESIAN_POINT('Control Point',(9359.97018332,-2738.8436493,574.489196427));
#171354=CARTESIAN_POINT('Control Point',(9360.28123662,-2739.13454437,572.616535194));
#171355=CARTESIAN_POINT('Control Point',(9360.225754929999,-2739.3762589,570.748426434));
#171356=CARTESIAN_POINT('Control Point',(9348.48977414,-2737.76372499,582.993612234));
#171357=CARTESIAN_POINT('Control Point',(9350.35733664,-2738.01439153,582.969795873));
#171358=CARTESIAN_POINT('Control Point',(9352.213889119999,-2738.31247818,582.5793647409999));
#171359=CARTESIAN_POINT('Control Point',(9353.96330781,-2738.6451565,581.822993964));
#171360=CARTESIAN_POINT('Control Point',(9357.05929112,-2739.34382419,579.659982558));
#171361=CARTESIAN_POINT('Control Point',(9359.08759214,-2740.0375189,576.47303258));
#171362=CARTESIAN_POINT('Control Point',(9359.768557359999,-2740.36522063,574.6919836439999));
#171363=CARTESIAN_POINT('Control Point',(9360.07959696,-2740.65610867,572.819360419));
#171364=CARTESIAN_POINT('Control Point',(9360.02411642,-2740.89781817,570.951289479));
#171365=CARTESIAN_POINT('Control Point',(9348.288513699999,-2739.28533597,583.196470328));
#171366=CARTESIAN_POINT('Control Point',(9350.15603658,-2739.53600511,583.172595043));
#171367=CARTESIAN_POINT('Control Point',(9352.012538249999,-2739.83409085,582.782119975));
#171368=CARTESIAN_POINT('Control Point',(9353.76190084,-2740.16676513,582.025723296));
#171369=CARTESIAN_POINT('Control Point',(9356.857775409999,-2740.86542044,579.862695487));
#171370=CARTESIAN_POINT('Control Point',(9358.885994939999,-2741.55909853,576.6757872430001));
#171371=CARTESIAN_POINT('Control Point',(9359.56693139,-2741.886792,574.894770641));
#171372=CARTESIAN_POINT('Control Point',(9359.877957299999,-2742.177673,573.022185414));
#171373=CARTESIAN_POINT('Control Point',(9359.82247789,-2742.41937746,571.154152286));
#171374=EDGE_LOOP('',(#171375,#171376,#171377,#171378));
#171375=ORIENTED_EDGE('',*,*,#171300,.T.);
#171376=ORIENTED_EDGE('',*,*,#171205,.F.);
#171377=ORIENTED_EDGE('',*,*,#171153,.T.);
#171378=ORIENTED_EDGE('',*,*,#171338,.T.);
#171379=FACE_OUTER_BOUND('',#171374,.T.);
#171380=ADVANCED_FACE('PartBody',(#171379),#171346,.T.);
#171381=CARTESIAN_POINT('Axis2P3D Location',(8874.55358007,-2687.1318015,560.7802387200001));
#171382=DIRECTION('Axis2P3D Direction',(-0.9885249844595361,0.1508626216629292,0.007669712136836399));
#171383=DIRECTION('Axis2P3D XDirection',(0.1444259153969711,0.9587877508968079,-0.244677754795951));
#171384=AXIS2_PLACEMENT_3D('Plane Axis2P3D',#171381,#171382,#171383);
#171385=PLANE('',#171384);
#171386=B_SPLINE_CURVE_WITH_KNOTS('',5,(#171387,#171388,#171389,#171390,#171391,#171392),.UNSPECIFIED.,.F.,.U.,(6,6),(40.1054908923,53.4926943473),.UNSPECIFIED.);
#171387=CARTESIAN_POINT('Control Point',(8877.508123649999,-2668.50957434,575.284320984));
#171388=CARTESIAN_POINT('Control Point',(8877.454447979999,-2668.76550436,573.400355622));
#171389=CARTESIAN_POINT('Control Point',(8877.400965029999,-2669.02015726,571.516109938));
#171390=CARTESIAN_POINT('Control Point',(8877.34767487,-2669.27353276,569.631585116));
#171391=CARTESIAN_POINT('Control Point',(8877.29457754,-2669.52563061,567.746782067));
#171392=CARTESIAN_POINT('Control Point',(8877.24167306,-2669.77645067,565.861701007));
#171393=CARTESIAN_POINT('Vertex',(8877.508123649999,-2668.50957434,575.284320984));
#171394=VERTEX_POINT('',#171393);
#171395=EDGE_CURVE('',#171394,#168523,#171386,.T.);
#171396=B_SPLINE_CURVE_WITH_KNOTS('',5,(#171397,#171398,#171399,#171400,#171401,#171402),.UNSPECIFIED.,.F.,.U.,(6,6),(40.1097665397,53.5171284842),.UNSPECIFIED.);
#171397=CARTESIAN_POINT('Control Point',(8877.051934109999,-2671.52072022,575.716489097));
#171398=CARTESIAN_POINT('Control Point',(8876.99815295,-2671.7771547,573.828850815));
#171399=CARTESIAN_POINT('Control Point',(8876.94456511,-2672.0323082,571.940931536));
#171400=CARTESIAN_POINT('Control Point',(8876.891170629999,-2672.28618045,570.052732452));
#171401=CARTESIAN_POINT('Control Point',(8876.83796956,-2672.53877119,568.164254477));
#171402=CARTESIAN_POINT('Control Point',(8876.78496193,-2672.79008028,566.275497826));
#171403=CARTESIAN_POINT('Vertex',(8877.051934109999,-2671.52072022,575.716489097));
#171404=VERTEX_POINT('',#171403);
#171405=EDGE_CURVE('',#171404,#169695,#171396,.T.);
#171406=CARTESIAN_POINT('Line Origine',(8877.280028879999,-2670.01514728,575.500405041));
#171407=DIRECTION('Vector Direction',(-0.1483052950000368,-0.9789108257582431,0.1404960308630349));
#171408=VECTOR('Line Direction',#171407,1.);
#171409=LINE('Line',#171406,#171408);
#171410=EDGE_CURVE('',#171404,#171394,#171409,.F.);
#171411=EDGE_LOOP('',(#171412,#171413,#171414,#171415,#171416,#171417,#171418,#171419));
#171412=ORIENTED_EDGE('',*,*,#171395,.T.);
#171413=ORIENTED_EDGE('',*,*,#168532,.T.);
#171414=ORIENTED_EDGE('',*,*,#167667,.T.);
#171415=ORIENTED_EDGE('',*,*,#168563,.T.);
#171416=ORIENTED_EDGE('',*,*,#169001,.F.);
#171417=ORIENTED_EDGE('',*,*,#169696,.F.);
#171418=ORIENTED_EDGE('',*,*,#171405,.F.);
#171419=ORIENTED_EDGE('',*,*,#171410,.T.);
#171420=FACE_OUTER_BOUND('',#171411,.T.);
#171421=ADVANCED_FACE('PartBody',(#171420),#171385,.T.);
#171422=B_SPLINE_SURFACE_WITH_KNOTS('',5,5,((#171423,#171424,#171425,#171426,#171427,#171428),(#171429,#171430,#171431,#171432,#171433,#171434),(#171435,#171436,#171437,#171438,#171439,#171440),(#171441,#171442,#171443,#171444,#171445,#171446),(#171447,#171448,#171449,#171450,#171451,#171452),(#171453,#171454,#171455,#171456,#171457,#171458)),.UNSPECIFIED.,.F.,.F.,.U.,(6,6),(6,6),(-482.983801924,-455.532021207),(-711.76036262,-593.461586424),.UNSPECIFIED.);
#171423=CARTESIAN_POINT('Control Point',(8994.35981039,-2687.40369846,564.93886826));
#171424=CARTESIAN_POINT('Control Point',(8970.96428848,-2684.1097342,563.83720306));
#171425=CARTESIAN_POINT('Control Point',(8947.57259005,-2680.79141486,562.728114686));
#171426=CARTESIAN_POINT('Control Point',(8924.184714359999,-2677.44874953,561.611605368));
#171427=CARTESIAN_POINT('Control Point',(8900.80066105,-2674.08174314,560.487675921));
#171428=CARTESIAN_POINT('Control Point',(8877.42042975,-2670.69039946,559.35632659));
#171429=CARTESIAN_POINT('Control Point',(8994.207542619999,-2686.64167626,570.430432974));
#171430=CARTESIAN_POINT('Control Point',(8970.81214731,-2683.34691966,569.328561139));
#171431=CARTESIAN_POINT('Control Point',(8947.42057636,-2680.02780281,568.219264494));
#171432=CARTESIAN_POINT('Control Point',(8924.03282907,-2676.68433449,567.102545147));
#171433=CARTESIAN_POINT('Control Point',(8900.648905189999,-2673.31651927,565.978403757));
#171434=CARTESIAN_POINT('Control Point',(8877.26880442,-2669.92436041,564.846840381));
#171435=CARTESIAN_POINT('Control Point',(8994.056978269999,-2685.86874368,575.918675105));
#171436=CARTESIAN_POINT('Control Point',(8970.66170561,-2682.5732198,574.816604259));
#171437=CARTESIAN_POINT('Control Point',(8947.270258159999,-2679.2533308,573.707106823));
#171438=CARTESIAN_POINT('Control Point',(8923.88263539,-2675.90908395,572.590185173));
#171439=CARTESIAN_POINT('Control Point',(8900.498837069999,-2672.5404849,571.46583931));
#171440=CARTESIAN_POINT('Control Point',(8877.118862969999,-2669.14753558,570.334069359));
#171441=CARTESIAN_POINT('Control Point',(8993.908115389999,-2685.08491333,581.403598325));
#171442=CARTESIAN_POINT('Control Point',(8970.512961459999,-2681.78864716,580.301336056));
#171443=CARTESIAN_POINT('Control Point',(8947.121633699999,-2678.46801005,579.191645587));
#171444=CARTESIAN_POINT('Control Point',(8923.734131469999,-2675.12301058,578.074528912));
#171445=CARTESIAN_POINT('Control Point',(8900.350454809999,-2671.75365225,576.949986091));
#171446=CARTESIAN_POINT('Control Point',(8876.97060355,-2668.35993706,575.818016987));
#171447=CARTESIAN_POINT('Control Point',(8993.760952119999,-2684.2901972,586.8852061269999));
#171448=CARTESIAN_POINT('Control Point',(8970.365913019999,-2680.99321363,585.782759988));
#171449=CARTESIAN_POINT('Control Point',(8946.974700979999,-2677.67185397,584.672883951));
#171450=CARTESIAN_POINT('Control Point',(8923.58731553,-2674.32612595,583.555579713));
#171451=CARTESIAN_POINT('Control Point',(8900.203756659999,-2670.95603284,582.430847423));
#171452=CARTESIAN_POINT('Control Point',(8876.82402441,-2667.56157624,581.298686536));
#171453=CARTESIAN_POINT('Control Point',(8993.615486709999,-2683.48460667,592.36350185));
#171454=CARTESIAN_POINT('Control Point',(8970.220558539999,-2680.1869305,591.2608793540001));
#171455=CARTESIAN_POINT('Control Point',(8946.829458369999,-2676.86487279,590.150825192));
#171456=CARTESIAN_POINT('Control Point',(8923.44218581,-2673.5184409,589.033340908));
#171457=CARTESIAN_POINT('Control Point',(8900.05874094,-2670.14763759,587.908426469));
#171458=CARTESIAN_POINT('Control Point',(8876.679123919999,-2666.7524639,586.776081119));
#171459=B_SPLINE_CURVE_WITH_KNOTS('',5,(#171460,#171461,#171462,#171463,#171464,#171465),.UNSPECIFIED.,.F.,.U.,(6,6),(0.,22.2793300012),.UNSPECIFIED.);
#171460=CARTESIAN_POINT('Control Point',(8889.71244601,-2668.68947659,587.076105119));
#171461=CARTESIAN_POINT('Control Point',(8885.99768142,-2668.12187932,587.10514386));
#171462=CARTESIAN_POINT('Control Point',(8882.23976773,-2667.75532372,585.682537729));
#171463=CARTESIAN_POINT('Control Point',(8879.194176969999,-2667.71074944,582.772371552));
#171464=CARTESIAN_POINT('Control Point',(8877.61490119,-2668.00045034,579.032112508));
#171465=CARTESIAN_POINT('Control Point',(8877.508123629999,-2668.50957449,575.284321028));
#171466=CARTESIAN_POINT('Vertex',(8889.712446,-2668.68947658,587.07610512));
#171467=VERTEX_POINT('',#171466);
#171468=EDGE_CURVE('',#171467,#171394,#171459,.T.);
#171469=B_SPLINE_CURVE_WITH_KNOTS('',5,(#171470,#171471,#171472,#171473,#171474,#171475,#171476,#171477,#171478,#171479,#171480,#171481),.UNSPECIFIED.,.F.,.U.,(6,3,3,6),(19.0817723532,84.4609002152,151.506996626,167.456666033),.UNSPECIFIED.);
#171470=CARTESIAN_POINT('Control Point',(8889.71244601,-2668.68947659,587.076105119));
#171471=CARTESIAN_POINT('Control Point',(8898.851021779999,-2670.0858048,587.004667793));
#171472=CARTESIAN_POINT('Control Point',(8907.996506579999,-2671.47916729,586.932403165));
#171473=CARTESIAN_POINT('Control Point',(8917.17972971,-2672.87424649,586.859057252));
#171474=CARTESIAN_POINT('Control Point',(8935.782334949999,-2675.69256502,586.705120548));
#171475=CARTESIAN_POINT('Control Point',(8954.40059485,-2678.49762471,586.540520024));
#171476=CARTESIAN_POINT('Control Point',(8963.846902399999,-2679.91677258,586.454372182));
#171477=CARTESIAN_POINT('Control Point',(8975.47662161,-2681.65862337,586.347691189));
#171478=CARTESIAN_POINT('Control Point',(8987.087828279999,-2683.38924422,586.253954968));
#171479=CARTESIAN_POINT('Control Point',(8989.31867647,-2683.72141731,586.236536733));
#171480=CARTESIAN_POINT('Control Point',(8991.54923441,-2684.05319858,586.219851972));
#171481=CARTESIAN_POINT('Control Point',(8993.779852399999,-2684.38461731,586.204060958));
#171482=EDGE_CURVE('',#171467,#169592,#171469,.T.);
#171483=EDGE_LOOP('',(#171484,#171485,#171486,#171487,#171488));
#171484=ORIENTED_EDGE('',*,*,#171468,.F.);
#171485=ORIENTED_EDGE('',*,*,#171482,.T.);
#171486=ORIENTED_EDGE('',*,*,#169593,.F.);
#171487=ORIENTED_EDGE('',*,*,#168524,.T.);
#171488=ORIENTED_EDGE('',*,*,#171395,.F.);
#171489=FACE_OUTER_BOUND('',#171483,.T.);
#171490=ADVANCED_FACE('PartBody',(#171489),#171422,.F.);
#171491=B_SPLINE_SURFACE_WITH_KNOTS('',5,5,((#171492,#171493,#171494,#171495,#171496,#171497),(#171498,#171499,#171500,#171501,#171502,#171503),(#171504,#171505,#171506,#171507,#171508,#171509),(#171510,#171511,#171512,#171513,#171514,#171515),(#171516,#171517,#171518,#171519,#171520,#171521),(#171522,#171523,#171524,#171525,#171526,#171527)),.UNSPECIFIED.,.F.,.F.,.U.,(6,6),(6,6),(-482.983802076,-455.584541892),(-711.760362601,-593.462154521),.UNSPECIFIED.);
#171492=CARTESIAN_POINT('Control Point',(8993.915961879999,-2690.42027124,565.345147862));
#171493=CARTESIAN_POINT('Control Point',(8970.51792416,-2687.12589192,564.24381605));
#171494=CARTESIAN_POINT('Control Point',(8947.123710779999,-2683.80715454,563.1350637740001));
#171495=CARTESIAN_POINT('Control Point',(8923.733320769999,-2680.46406813,562.018893425));
#171496=CARTESIAN_POINT('Control Point',(8900.346753649999,-2677.09663759,560.895306034));
#171497=CARTESIAN_POINT('Control Point',(8876.964008969999,-2673.70486664,559.764302137));
#171498=CARTESIAN_POINT('Control Point',(8993.76374226,-2689.65899955,570.83119284));
#171499=CARTESIAN_POINT('Control Point',(8970.36583008,-2686.36382996,569.72964336));
#171500=CARTESIAN_POINT('Control Point',(8946.97174309,-2683.04429715,568.620671801));
#171501=CARTESIAN_POINT('Control Point',(8923.58148038,-2679.70040985,567.504280442));
#171502=CARTESIAN_POINT('Control Point',(8900.195041539999,-2676.33217255,566.380470174));
#171503=CARTESIAN_POINT('Control Point',(8876.81242622,-2672.93958849,565.249241351));
#171504=CARTESIAN_POINT('Control Point',(8993.613224369999,-2688.88684964,576.313925713));
#171505=CARTESIAN_POINT('Control Point',(8970.215433789999,-2685.59091481,575.212166176));
#171506=CARTESIAN_POINT('Control Point',(8946.821469229999,-2682.27061188,574.102982945));
#171507=CARTESIAN_POINT('Control Point',(8923.43132994,-2678.92594837,572.986378085));
#171508=CARTESIAN_POINT('Control Point',(8900.04501552,-2675.556929,571.862352482));
#171509=CARTESIAN_POINT('Control Point',(8876.662525689999,-2672.16355649,570.730906207));
#171510=CARTESIAN_POINT('Control Point',(8993.46440626,-2688.10383408,581.793350188));
#171511=CARTESIAN_POINT('Control Point',(8970.06673337,-2684.80715895,580.691388173));
#171512=CARTESIAN_POINT('Control Point',(8946.6728874,-2681.48611018,579.58200074));
#171513=CARTESIAN_POINT('Control Point',(8923.282867649999,-2678.14069574,578.465190085));
#171514=CARTESIAN_POINT('Control Point',(8899.89667369,-2674.77091906,577.340956518));
#171515=CARTESIAN_POINT('Control Point',(8876.514305519999,-2671.37678267,576.209300218));
#171516=CARTESIAN_POINT('Control Point',(8993.317286079999,-2687.30996477,587.269469791));
#171517=CARTESIAN_POINT('Control Point',(8969.91972697,-2684.01257418,586.167312845));
#171518=CARTESIAN_POINT('Control Point',(8946.525995689999,-2680.69080451,585.057728819));
#171519=CARTESIAN_POINT('Control Point',(8923.13609152,-2677.34466346,583.940719616));
#171520=CARTESIAN_POINT('Control Point',(8899.7500143,-2673.97415421,582.816285648));
#171521=CARTESIAN_POINT('Control Point',(8876.36776397,-2670.57927833,581.684426703));
#171522=CARTESIAN_POINT('Control Point',(8993.171862059999,-2686.50525305,592.742287886));
#171523=CARTESIAN_POINT('Control Point',(8969.774412859999,-2683.20717174,591.639943516));
#171524=CARTESIAN_POINT('Control Point',(8946.38079239,-2679.88470591,590.530170337));
#171525=CARTESIAN_POINT('Control Point',(8922.99100002,-2676.53786286,589.412970107));
#171526=CARTESIAN_POINT('Control Point',(8899.60503567,-2673.1666453,588.288343071));
#171527=CARTESIAN_POINT('Control Point',(8876.22289938,-2669.77105419,587.156288811));
#171528=B_SPLINE_CURVE_WITH_KNOTS('',5,(#171529,#171530,#171531,#171532,#171533,#171534,#171535,#171536,#171537,#171538,#171539,#171540),.UNSPECIFIED.,.F.,.U.,(6,3,3,6),(19.0754059589,84.4531156008,151.49889527,167.448500932),.UNSPECIFIED.);
#171529=CARTESIAN_POINT('Control Point',(8889.25698989,-2671.70071805,587.508264988));
#171530=CARTESIAN_POINT('Control Point',(8898.39641632,-2673.09725669,587.436257353));
#171531=CARTESIAN_POINT('Control Point',(8907.5427576,-2674.49083002,587.363422666));
#171532=CARTESIAN_POINT('Control Point',(8916.72685329,-2675.88612191,587.289507542));
#171533=CARTESIAN_POINT('Control Point',(8935.331365479999,-2678.70489189,587.134413883));
#171534=CARTESIAN_POINT('Control Point',(8953.951521589999,-2681.51040138,586.968641728));
#171535=CARTESIAN_POINT('Control Point',(8963.398866629999,-2682.92978902,586.881893019));
#171536=CARTESIAN_POINT('Control Point',(8975.029851559999,-2684.67193341,586.774466083));
#171537=CARTESIAN_POINT('Control Point',(8986.64232671,-2686.40284492,586.680001055));
#171538=CARTESIAN_POINT('Control Point',(8988.87342025,-2686.73507395,586.662443584));
#171539=CARTESIAN_POINT('Control Point',(8991.104224019999,-2687.06691106,586.645620656));
#171540=CARTESIAN_POINT('Control Point',(8993.33508861,-2687.3983855,586.629692832));
#171541=CARTESIAN_POINT('Vertex',(8889.256989879999,-2671.70071804,587.5082649890001));
#171542=VERTEX_POINT('',#171541);
#171543=EDGE_CURVE('',#171542,#170488,#171528,.T.);
#171544=B_SPLINE_CURVE_WITH_KNOTS('',5,(#171545,#171546,#171547,#171548,#171549,#171550),.UNSPECIFIED.,.F.,.U.,(6,6),(0.,22.2726779743),.UNSPECIFIED.);
#171545=CARTESIAN_POINT('Control Point',(8877.051934089999,-2671.52072037,575.716489142));
#171546=CARTESIAN_POINT('Control Point',(8877.158750279999,-2671.01140904,579.465578025));
#171547=CARTESIAN_POINT('Control Point',(8878.739194629999,-2670.72168281,583.207202396));
#171548=CARTESIAN_POINT('Control Point',(8881.786270729999,-2670.76669781,586.115841606));
#171549=CARTESIAN_POINT('Control Point',(8885.542991279999,-2671.13320513,587.5375267970001));
#171550=CARTESIAN_POINT('Control Point',(8889.25698989,-2671.70071805,587.508264988));
#171551=EDGE_CURVE('',#171404,#171542,#171544,.T.);
#171552=EDGE_LOOP('',(#171553,#171554,#171555,#171556,#171557));
#171553=ORIENTED_EDGE('',*,*,#171405,.T.);
#171554=ORIENTED_EDGE('',*,*,#169717,.T.);
#171555=ORIENTED_EDGE('',*,*,#170499,.T.);
#171556=ORIENTED_EDGE('',*,*,#171543,.F.);
#171557=ORIENTED_EDGE('',*,*,#171551,.F.);
#171558=FACE_OUTER_BOUND('',#171552,.T.);
#171559=ADVANCED_FACE('PartBody',(#171558),#171491,.T.);
#171560=B_SPLINE_SURFACE_WITH_KNOTS('',5,1,((#171561,#171562),(#171563,#171564),(#171565,#171566),(#171567,#171568),(#171569,#171570),(#171571,#171572),(#171573,#171574),(#171575,#171576),(#171577,#171578)),.UNSPECIFIED.,.F.,.F.,.U.,(6,3,6),(2,2),(0.,108.404112221,200.656279127),(0.,20.),.UNSPECIFIED.);
#171561=CARTESIAN_POINT('Control Point',(8994.78100463,-2677.60070007,585.245974194));
#171562=CARTESIAN_POINT('Control Point',(8991.889172449999,-2697.19607189,588.013411607));
#171563=CARTESIAN_POINT('Control Point',(8973.34414241,-2674.41608607,585.394807683));
#171564=CARTESIAN_POINT('Control Point',(8970.43634303,-2694.00789331,588.170799912));
#171565=CARTESIAN_POINT('Control Point',(8951.91237711,-2671.19795953,585.625947778));
#171566=CARTESIAN_POINT('Control Point',(8948.98953916,-2690.78620746,588.4113113339999));
#171567=CARTESIAN_POINT('Control Point',(8929.869263639999,-2667.87352866,585.799566789));
#171568=CARTESIAN_POINT('Control Point',(8926.92905877,-2687.45794145,588.593582775));
#171569=CARTESIAN_POINT('Control Point',(8890.20938387,-2661.84950511,586.111216126));
#171570=CARTESIAN_POINT('Control Point',(8887.239416619999,-2681.42711915,588.921382805));
#171571=CARTESIAN_POINT('Control Point',(8850.5604773,-2655.75159317,586.407491445));
#171572=CARTESIAN_POINT('Control Point',(8847.56114539,-2675.32239943,589.2337862210001));
#171573=CARTESIAN_POINT('Control Point',(8832.33421879,-2652.93235924,586.542113307));
#171574=CARTESIAN_POINT('Control Point',(8829.321288589999,-2672.49999968,589.375826893));
#171575=CARTESIAN_POINT('Control Point',(8814.11038839,-2650.09771479,586.671241283));
#171576=CARTESIAN_POINT('Control Point',(8811.083811459999,-2669.66217505,589.512363417));
#171577=CARTESIAN_POINT('Control Point',(8795.888934729999,-2647.24754314,586.79639862));
#171578=CARTESIAN_POINT('Control Point',(8792.848756919999,-2666.80881176,589.6449226140001));
#171579=B_SPLINE_CURVE_WITH_KNOTS('',2,(#171580,#171581,#171582),.UNSPECIFIED.,.F.,.U.,(3,3),(3.8503733736,6.92637362813),.UNSPECIFIED.);
#171580=CARTESIAN_POINT('Control Point',(8889.712446,-2668.68947658,587.07610512));
#171581=CARTESIAN_POINT('Control Point',(8889.48471787,-2670.1950973,587.292185094));
#171582=CARTESIAN_POINT('Control Point',(8889.256989879999,-2671.70071804,587.5082649890001));
#171583=EDGE_CURVE('',#171542,#171467,#171579,.F.);
#171584=EDGE_LOOP('',(#171585,#171586,#171587,#171588));
#171585=ORIENTED_EDGE('',*,*,#171543,.T.);
#171586=ORIENTED_EDGE('',*,*,#170897,.F.);
#171587=ORIENTED_EDGE('',*,*,#171482,.F.);
#171588=ORIENTED_EDGE('',*,*,#171583,.F.);
#171589=FACE_OUTER_BOUND('',#171584,.T.);
#171590=ADVANCED_FACE('PartBody',(#171589),#171560,.T.);
#171591=B_SPLINE_SURFACE_WITH_KNOTS('',2,5,((#171592,#171593,#171594,#171595,#171596,#171597,#171598,#171599,#171600),(#171601,#171602,#171603,#171604,#171605,#171606,#171607,#171608,#171609),(#171610,#171611,#171612,#171613,#171614,#171615,#171616,#171617,#171618)),.UNSPECIFIED.,.F.,.F.,.U.,(3,3),(6,3,6),(21.6508210904,26.0332439936),(0.,6.,12.),.UNSPECIFIED.);
#171592=CARTESIAN_POINT('Control Point',(8889.71583087,-2668.66711693,587.072896077));
#171593=CARTESIAN_POINT('Control Point',(8887.85241311,-2668.38271175,587.0875056679999));
#171594=CARTESIAN_POINT('Control Point',(8885.978313869999,-2668.14927267,586.735731889));
#171595=CARTESIAN_POINT('Control Point',(8884.189471599999,-2667.98152144,586.016271602));
#171596=CARTESIAN_POINT('Control Point',(8880.97526841,-2667.79548021,583.9196595450001));
#171597=CARTESIAN_POINT('Control Point',(8878.765669939999,-2667.91152629,580.778687793));
#171598=CARTESIAN_POINT('Control Point',(8877.9821589,-2668.04608084,579.014112554));
#171599=CARTESIAN_POINT('Control Point',(8877.562231399999,-2668.24991508,577.150621465));
#171600=CARTESIAN_POINT('Control Point',(8877.508123669999,-2668.50957425,575.284321658));
#171601=CARTESIAN_POINT('Control Point',(8889.486411439999,-2670.18391764,587.290580564));
#171602=CARTESIAN_POINT('Control Point',(8887.622958579999,-2669.8994988,587.3052483180001));
#171603=CARTESIAN_POINT('Control Point',(8885.748812469999,-2669.66604633,586.9535183310001));
#171604=CARTESIAN_POINT('Control Point',(8883.95991716,-2669.49828327,586.234084377));
#171605=CARTESIAN_POINT('Control Point',(8880.74560919,-2669.31222352,584.137490439));
#171606=CARTESIAN_POINT('Control Point',(8878.53592909,-2669.42826278,580.996479645));
#171607=CARTESIAN_POINT('Control Point',(8877.75238822,-2669.56281722,579.23187348));
#171608=CARTESIAN_POINT('Control Point',(8877.332445219999,-2669.76665435,577.368345652));
#171609=CARTESIAN_POINT('Control Point',(8877.278336429999,-2670.02631861,575.5020089990001));
#171610=CARTESIAN_POINT('Control Point',(8889.25699193,-2671.70071836,587.508264973));
#171611=CARTESIAN_POINT('Control Point',(8887.393503969999,-2671.41628585,587.52299088));
#171612=CARTESIAN_POINT('Control Point',(8885.519311009999,-2671.18281999,587.171304681));
#171613=CARTESIAN_POINT('Control Point',(8883.730362659999,-2671.0150451,586.451897058));
#171614=CARTESIAN_POINT('Control Point',(8880.515949949999,-2670.82896684,584.35532124));
#171615=CARTESIAN_POINT('Control Point',(8878.30618824,-2670.94499929,581.214271417));
#171616=CARTESIAN_POINT('Control Point',(8877.522617529999,-2671.0795536,579.4496343329999));
#171617=CARTESIAN_POINT('Control Point',(8877.10265904,-2671.28339362,577.586069776));
#171618=CARTESIAN_POINT('Control Point',(8877.048549179999,-2671.54306297,575.719696284));
#171619=EDGE_LOOP('',(#171620,#171621,#171622,#171623));
#171620=ORIENTED_EDGE('',*,*,#171410,.F.);
#171621=ORIENTED_EDGE('',*,*,#171551,.T.);
#171622=ORIENTED_EDGE('',*,*,#171583,.T.);
#171623=ORIENTED_EDGE('',*,*,#171468,.T.);
#171624=FACE_OUTER_BOUND('',#171619,.T.);
#171625=ADVANCED_FACE('PartBody',(#171624),#171591,.F.);
#171626=ADVANCED_BREP_SHAPE_REPRESENTATION('NONE',(#167509),#166035);

#171627=APPLICATION_CONTEXT('automotive_design');
#171628=APPLICATION_PROTOCOL_DEFINITION('international standard','automotive_design',2010,#171627);
#171629=PRODUCT_CONTEXT('',#171627,'mechanical');
#171630=PRODUCT_DEFINITION_CONTEXT('part definition',#171627,'design');
#171631=PRODUCT('part_025_V5311315520000','part_025_V5311315520000','',(#171629));
#171632=PRODUCT_DEFINITION_FORMATION('','',#171631);
#171633=PRODUCT_DEFINITION('design','',#171632,#171630);
#171634=PRODUCT_DEFINITION_SHAPE('','',#171633);
#171635=SHAPE_DEFINITION_REPRESENTATION(#171634,#171626);
ENDSEC;
END-ISO-10303-21;
