ISO-10303-21;
HEADER;
FILE_DESCRIPTION(('CATIA V5 STEP Exchange','CAx-IF Rec.Pracs.--- Model Styling and Organization---1.4--- 2014-01-23'),'2;1');

FILE_NAME('C:\\Users\\SA516207\\WORK\\01_ASSY\\3_Catia\\ECHELLE\\ECHELLE.stp','2026-09-22T12:18:05+00:00',('none'),('none'),'CATIA Version 5-6 Release 2017 SP2 HF26','CATIA V5 STEP AP203 WITH EXTENSIONS','none');

FILE_SCHEMA(('CONFIG_CONTROL_DESIGN','SHAPE_APPEARANCE_LAYER_MIM'));

ENDSEC;
DATA;
#46=(LENGTH_UNIT()NAMED_UNIT(*)SI_UNIT(.MILLI.,.METRE.));
#47=(NAMED_UNIT(*)PLANE_ANGLE_UNIT()SI_UNIT($,.RADIAN.));
#48=(NAMED_UNIT(*)SI_UNIT($,.STERADIAN.)SOLID_ANGLE_UNIT());
#206970=UNCERTAINTY_MEASURE_WITH_UNIT(LENGTH_MEASURE(0.005),#46,'distance_accuracy_value','CONFUSED CURVE UNCERTAINTY');
#206971=(GEOMETRIC_REPRESENTATION_CONTEXT(3)GLOBAL_UNCERTAINTY_ASSIGNED_CONTEXT((#206970))GLOBAL_UNIT_ASSIGNED_CONTEXT((#46,#47,#48))REPRESENTATION_CONTEXT(' ',' '));
#207295=MANIFOLD_SOLID_BREP('PartBody',#207297);
#207297=CLOSED_SHELL('Closed Shell',(#207337,#207437,#207483,#207531,#207562,#207586,#207621,#207638,#207661,#207701,#207754,#207807,#207840,#207870,#207903,#207934,#207965,#208011,#208041,#208110,#208128,#208172,#208201,#208236,#208267,#208300,#208342,#208376,#208402,#208432,#208456,#208495,#208548,#208582,#208598,#208615,#208681,#208700,#208712,#208770,#208856,#208891,#208974,#208998,#209035,#209075,#209105,#209144,#209163,#209196,#209231,#209245,#209297,#209328,#209345,#209362,#209382,#209434,#209474,#209501,#209542,#209579,#209617,#209639,#209651,#209664,#209677));
#207298=CARTESIAN_POINT('Axis2P3D Location',(8865.22716282,-2608.69922397,814.869456567));
#207299=DIRECTION('Axis2P3D Direction',(0.9835147105149434,-0.1808281344279896,0));
#207300=DIRECTION('Axis2P3D XDirection',(0.05590504283649533,0.3040645870489747,0.9510096493139206));
#207301=AXIS2_PLACEMENT_3D('Cylinder Axis2P3D',#207298,#207299,#207300);
#207302=CYLINDRICAL_SURFACE('generated cylinder',#207301,50.);
#207303=CARTESIAN_POINT('Axis2P3D Location',(8816.05142729,-2599.65781725,814.869456567));
#207304=DIRECTION('Axis2P3D Direction',(0.9835147105149434,-0.1808281344279896,0));
#207305=AXIS2_PLACEMENT_3D('Circle Axis2P3D',#207303,#207304,$);
#207306=CIRCLE('generated circle',#207305,50.);
#207307=CARTESIAN_POINT('Vertex',(8818.07865141,-2588.6318519,863.59643524));
#207308=VERTEX_POINT('',#207307);
#207309=CARTESIAN_POINT('Vertex',(8818.846679439999,-2584.4545879,862.419939033));
#207310=VERTEX_POINT('',#207309);
#207311=EDGE_CURVE('',#207308,#207310,#207306,.F.);
#207312=CARTESIAN_POINT('Line Origine',(8867.25438694,-2597.67325863,863.59643524));
#207313=DIRECTION('Vector Direction',(0.9835147105149434,-0.1808281344279896,0));
#207314=VECTOR('Line Direction',#207313,1.);
#207315=LINE('Line',#207312,#207314);
#207316=CARTESIAN_POINT('Vertex',(8813.161077860001,-2587.72771123,863.59643524));
#207317=VERTEX_POINT('',#207316);
#207318=EDGE_CURVE('',#207317,#207308,#207315,.T.);
#207319=CARTESIAN_POINT('Axis2P3D Location',(8811.133853740001,-2598.75367658,814.869456567));
#207320=DIRECTION('Axis2P3D Direction',(0.9835147105149434,-0.1808281344279896,0));
#207321=AXIS2_PLACEMENT_3D('Circle Axis2P3D',#207319,#207320,$);
#207322=CIRCLE('generated circle',#207321,50.);
#207323=CARTESIAN_POINT('Vertex',(8813.929105880001,-2583.55044722,862.419939033));
#207324=VERTEX_POINT('',#207323);
#207325=EDGE_CURVE('',#207324,#207317,#207322,.T.);
#207326=CARTESIAN_POINT('Line Origine',(8868.02241496,-2593.49599462,862.419939033));
#207327=DIRECTION('Vector Direction',(0.9835147105149434,-0.1808281344279896,0));
#207328=VECTOR('Line Direction',#207327,1.);
#207329=LINE('Line',#207326,#207328);
#207330=EDGE_CURVE('',#207324,#207310,#207329,.T.);
#207331=EDGE_LOOP('',(#207332,#207333,#207334,#207335));
#207332=ORIENTED_EDGE('',*,*,#207311,.F.);
#207333=ORIENTED_EDGE('',*,*,#207318,.F.);
#207334=ORIENTED_EDGE('',*,*,#207325,.F.);
#207335=ORIENTED_EDGE('',*,*,#207330,.T.);
#207336=FACE_OUTER_BOUND('',#207331,.T.);
#207337=ADVANCED_FACE('PartBody',(#207336),#207302,.F.);
#207338=CARTESIAN_POINT('Axis2P3D Location',(8813.929105880001,-2583.55044722,862.419939033));
#207339=DIRECTION('Axis2P3D Direction',(-0.05590504283649533,-0.3040645870489747,-0.9510096493139206));
#207340=DIRECTION('Axis2P3D XDirection',(0.1719693007080267,0.9353319799421453,-0.3091611989100481));
#207341=AXIS2_PLACEMENT_3D('Plane Axis2P3D',#207338,#207339,#207340);
#207342=PLANE('',#207341);
#207343=CARTESIAN_POINT('Line Origine',(8852.18963042,-2459.18800213,820.408617903));
#207344=DIRECTION('Vector Direction',(0.953585981178914,-0.2985330356189731,0.03939293265509645));
#207345=VECTOR('Line Direction',#207344,1.);
#207346=LINE('Line',#207343,#207345);
#207347=CARTESIAN_POINT('Vertex',(8851.94916412,-2459.11272089,820.398684166));
#207348=VERTEX_POINT('',#207347);
#207349=CARTESIAN_POINT('Vertex',(8852.43009672,-2459.26328337,820.418551641));
#207350=VERTEX_POINT('',#207349);
#207351=EDGE_CURVE('',#207348,#207350,#207346,.T.);
#207352=B_SPLINE_CURVE_WITH_KNOTS('',5,(#207353,#207354,#207355,#207356,#207357,#207358,#207359,#207360,#207361,#207362,#207363,#207364,#207365,#207366,#207367),.UNSPECIFIED.,.F.,.U.,(6,3,3,3,6),(0.,5.06885414755,10.1446520616,15.2217244093,16.8183441332),.UNSPECIFIED.);
#207353=CARTESIAN_POINT('Control Point',(8851.94916412,-2459.11272089,820.398684166));
#207354=CARTESIAN_POINT('Control Point',(8851.26559151,-2458.89871921,820.37044557));
#207355=CARTESIAN_POINT('Control Point',(8850.554854030001,-2458.7677753,820.3703597700001));
#207356=CARTESIAN_POINT('Control Point',(8849.83185497,-2458.72459196,820.3990542929999));
#207357=CARTESIAN_POINT('Control Point',(8848.39283153,-2458.81573384,820.512787824));
#207358=CARTESIAN_POINT('Control Point',(8847.030844520001,-2459.25059442,820.7318893299999));
#207359=CARTESIAN_POINT('Control Point',(8846.38399645,-2459.5513563,820.866076301));
#207360=CARTESIAN_POINT('Control Point',(8845.188451460001,-2460.30575183,821.17755785));
#207361=CARTESIAN_POINT('Control Point',(8844.2363062,-2461.32684392,821.560001568));
#207362=CARTESIAN_POINT('Control Point',(8843.83277076,-2461.89445313,821.765204036));
#207363=CARTESIAN_POINT('Control Point',(8843.40965315,-2462.69870203,822.047218019));
#207364=CARTESIAN_POINT('Control Point',(8843.13640474,-2463.55515106,822.337111802));
#207365=CARTESIAN_POINT('Control Point',(8843.079770189999,-2463.7625997,822.4067682370001));
#207366=CARTESIAN_POINT('Control Point',(8843.03199594,-2463.97214952,822.476575624));
#207367=CARTESIAN_POINT('Control Point',(8842.993165940001,-2464.18334385,822.546383025));
#207368=CARTESIAN_POINT('Vertex',(8842.993165940001,-2464.18334385,822.546383025));
#207369=VERTEX_POINT('',#207368);
#207370=EDGE_CURVE('',#207348,#207369,#207352,.T.);
#207371=CARTESIAN_POINT('Line Origine',(8834.19156567,-2512.0547847,838.369633339));
#207372=DIRECTION('Vector Direction',(-0.1719693007080267,-0.9353319799421453,0.3091611989100481));
#207373=VECTOR('Line Direction',#207372,1.);
#207374=LINE('Line',#207371,#207373);
#207375=CARTESIAN_POINT('Vertex',(8825.3899654,-2559.92622554,854.192883652));
#207376=VERTEX_POINT('',#207375);
#207377=EDGE_CURVE('',#207369,#207376,#207374,.T.);
#207378=B_SPLINE_CURVE_WITH_KNOTS('',5,(#207379,#207380,#207381,#207382,#207383,#207384,#207385,#207386,#207387,#207388,#207389,#207390),.UNSPECIFIED.,.F.,.U.,(6,3,3,6),(11.3434503074,12.053227371,18.0849095375,19.9983520988),.UNSPECIFIED.);
#207379=CARTESIAN_POINT('Control Point',(8825.38996533,-2559.92622596,854.192883792));
#207380=CARTESIAN_POINT('Control Point',(8825.31450577,-2559.98785995,854.2170258));
#207381=CARTESIAN_POINT('Control Point',(8825.23996544,-2560.05051273,854.241439508));
#207382=CARTESIAN_POINT('Control Point',(8825.16636381,-2560.11416831,854.266118659));
#207383=CARTESIAN_POINT('Control Point',(8824.4763922,-2560.72813668,854.502981586));
#207384=CARTESIAN_POINT('Control Point',(8823.87448151,-2561.42954753,854.762625684));
#207385=CARTESIAN_POINT('Control Point',(8823.4177956,-2562.11670999,855.009177141));
#207386=CARTESIAN_POINT('Control Point',(8822.935526069999,-2563.08305211,855.346494136));
#207387=CARTESIAN_POINT('Control Point',(8822.61908335,-2564.1052211,855.691912438));
#207388=CARTESIAN_POINT('Control Point',(8822.552652750001,-2564.35417386,855.775414769));
#207389=CARTESIAN_POINT('Control Point',(8822.496126149999,-2564.60543918,855.859074285));
#207390=CARTESIAN_POINT('Control Point',(8822.449590980001,-2564.85854155,855.942733813));
#207391=CARTESIAN_POINT('Vertex',(8822.449590980001,-2564.85854155,855.942733813));
#207392=VERTEX_POINT('',#207391);
#207393=EDGE_CURVE('',#207376,#207392,#207378,.T.);
#207394=CARTESIAN_POINT('Line Origine',(8820.64813521,-2574.65656472,859.1813364229999));
#207395=DIRECTION('Vector Direction',(-0.1719693007080267,-0.9353319799421453,0.3091611989100481));
#207396=VECTOR('Line Direction',#207395,1.);
#207397=LINE('Line',#207394,#207396);
#207398=EDGE_CURVE('',#207392,#207310,#207397,.T.);
#207399=CARTESIAN_POINT('Line Origine',(8826.041571829999,-2517.67138211,840.644514702));
#207400=DIRECTION('Vector Direction',(0.1719693007080267,0.9353319799421453,-0.3091611989100481));
#207401=VECTOR('Line Direction',#207400,1.);
#207402=LINE('Line',#207399,#207401);
#207403=CARTESIAN_POINT('Vertex',(8838.154037779999,-2451.792317,818.869090372));
#207404=VERTEX_POINT('',#207403);
#207405=EDGE_CURVE('',#207324,#207404,#207402,.T.);
#207406=CARTESIAN_POINT('Line Origine',(8838.66608356,-2451.45776082,818.732022754));
#207407=DIRECTION('Vector Direction',(0.816891400286977,0.5337336497489849,-0.2186705999049939));
#207408=VECTOR('Line Direction',#207407,1.);
#207409=LINE('Line',#207406,#207408);
#207410=CARTESIAN_POINT('Vertex',(8839.17812934,-2451.12320465,818.5949551370001));
#207411=VERTEX_POINT('',#207410);
#207412=EDGE_CURVE('',#207411,#207404,#207409,.F.);
#207413=CARTESIAN_POINT('Line Origine',(8846.26710877,-2453.34250588,818.887803076));
#207414=DIRECTION('Vector Direction',(-0.953585981178914,0.2985330356189731,-0.03939293265509645));
#207415=VECTOR('Line Direction',#207414,1.);
#207416=LINE('Line',#207413,#207415);
#207417=CARTESIAN_POINT('Vertex',(8853.3560882,-2455.56180712,819.180651015));
#207418=VERTEX_POINT('',#207417);
#207419=EDGE_CURVE('',#207418,#207411,#207416,.T.);
#207420=CARTESIAN_POINT('Line Origine',(8852.893092460001,-2457.41254525,819.799601328));
#207421=DIRECTION('Vector Direction',(0.2308438876449286,0.9227548922617148,-0.3086008884369046));
#207422=VECTOR('Line Direction',#207421,1.);
#207423=LINE('Line',#207420,#207422);
#207424=EDGE_CURVE('',#207350,#207418,#207423,.T.);
#207425=EDGE_LOOP('',(#207426,#207427,#207428,#207429,#207430,#207431,#207432,#207433,#207434,#207435));
#207426=ORIENTED_EDGE('',*,*,#207351,.F.);
#207427=ORIENTED_EDGE('',*,*,#207370,.T.);
#207428=ORIENTED_EDGE('',*,*,#207377,.T.);
#207429=ORIENTED_EDGE('',*,*,#207393,.T.);
#207430=ORIENTED_EDGE('',*,*,#207398,.T.);
#207431=ORIENTED_EDGE('',*,*,#207330,.F.);
#207432=ORIENTED_EDGE('',*,*,#207405,.T.);
#207433=ORIENTED_EDGE('',*,*,#207412,.F.);
#207434=ORIENTED_EDGE('',*,*,#207419,.F.);
#207435=ORIENTED_EDGE('',*,*,#207424,.F.);
#207436=FACE_OUTER_BOUND('',#207425,.T.);
#207437=ADVANCED_FACE('PartBody',(#207436),#207342,.T.);
#207438=CARTESIAN_POINT('Axis2P3D Location',(8985.20110866,-1652.01103407,0));
#207439=DIRECTION('Axis2P3D Direction',(0.9835147105149434,-0.1808281344279896,0));
#207440=DIRECTION('Axis2P3D XDirection',(0.1808281344279896,0.9835147105149434,0));
#207441=AXIS2_PLACEMENT_3D('Plane Axis2P3D',#207438,#207439,#207440);
#207442=PLANE('',#207441);
#207443=CARTESIAN_POINT('Line Origine',(8839.89983703,-2442.29700673,852.316616006));
#207444=DIRECTION('Vector Direction',(-0.05014789645250626,-0.272751770727034,-0.9607765921621199));
#207445=VECTOR('Line Direction',#207444,1.);
#207446=LINE('Line',#207443,#207445);
#207447=CARTESIAN_POINT('Vertex',(8841.64563628,-2432.80169646,885.764141641));
#207448=VERTEX_POINT('',#207447);
#207449=EDGE_CURVE('',#207448,#207404,#207446,.T.);
#207450=CARTESIAN_POINT('Line Origine',(8812.89337854,-2589.18371377,863.937037521));
#207451=DIRECTION('Vector Direction',(-0.1762241729950191,-0.9584740064801038,0.2242155653700243));
#207452=VECTOR('Line Direction',#207451,1.);
#207453=LINE('Line',#207450,#207452);
#207454=CARTESIAN_POINT('Vertex',(8812.625679209999,-2590.63971631,864.277639802));
#207455=VERTEX_POINT('',#207454);
#207456=EDGE_CURVE('',#207317,#207455,#207453,.T.);
#207457=B_SPLINE_CURVE_WITH_KNOTS('',5,(#207458,#207459,#207460,#207461,#207462,#207463,#207464,#207465,#207466),.UNSPECIFIED.,.F.,.U.,(6,3,6),(39.9582582771,106.778605507,144.356240889),.UNSPECIFIED.);
#207458=CARTESIAN_POINT('Control Point',(8815.16032841,-2576.85389268,922.8052993479999));
#207459=CARTESIAN_POINT('Control Point',(8814.82381321,-2578.68418112,915.329355015));
#207460=CARTESIAN_POINT('Control Point',(8814.491155879999,-2580.49348683,907.848101948));
#207461=CARTESIAN_POINT('Control Point',(8814.162356770001,-2582.28180793,900.361633527));
#207462=CARTESIAN_POINT('Control Point',(8813.65468044,-2585.0430328,888.6570166830001));
#207463=CARTESIAN_POINT('Control Point',(8813.15641448,-2587.75307511,876.93989742));
#207464=CARTESIAN_POINT('Control Point',(8812.978284209999,-2588.7219163,872.72074649));
#207465=CARTESIAN_POINT('Control Point',(8812.80137239,-2589.68413036,868.499987429));
#207466=CARTESIAN_POINT('Control Point',(8812.625679209999,-2590.63971631,864.277639802));
#207467=CARTESIAN_POINT('Vertex',(8815.16032841,-2576.85389268,922.8052993479999));
#207468=VERTEX_POINT('',#207467);
#207469=EDGE_CURVE('',#207455,#207468,#207457,.F.);
#207470=CARTESIAN_POINT('Line Origine',(8828.40298234,-2504.82779457,904.284720494));
#207471=DIRECTION('Vector Direction',(-0.1753088635220482,-0.9534956864032623,0.2451790741090674));
#207472=VECTOR('Line Direction',#207471,1.);
#207473=LINE('Line',#207470,#207472);
#207474=EDGE_CURVE('',#207448,#207468,#207473,.T.);
#207475=EDGE_LOOP('',(#207476,#207477,#207478,#207479,#207480,#207481));
#207476=ORIENTED_EDGE('',*,*,#207449,.T.);
#207477=ORIENTED_EDGE('',*,*,#207405,.F.);
#207478=ORIENTED_EDGE('',*,*,#207325,.T.);
#207479=ORIENTED_EDGE('',*,*,#207456,.T.);
#207480=ORIENTED_EDGE('',*,*,#207469,.T.);
#207481=ORIENTED_EDGE('',*,*,#207474,.F.);
#207482=FACE_OUTER_BOUND('',#207475,.T.);
#207483=ADVANCED_FACE('PartBody',(#207482),#207442,.F.);
#207484=CARTESIAN_POINT('Axis2P3D Location',(8811.61096971,-2623.80923243,903.240440392));
#207485=DIRECTION('Axis2P3D Direction',(-0.9835147105149434,0.1808281344279896,-6.328965129749637e-14));
#207486=DIRECTION('Axis2P3D XDirection',(0.1737354387629714,0.9449379119098446,-0.2773235293899544));
#207487=AXIS2_PLACEMENT_3D('Plane Axis2P3D',#207484,#207485,#207486);
#207488=PLANE('',#207487);
#207489=CARTESIAN_POINT('Line Origine',(8818.0346183,-2588.87134569,863.652459957));
#207490=DIRECTION('Vector Direction',(0.1762241729969569,0.9584740064797659,-0.2242155653699452));
#207491=VECTOR('Line Direction',#207490,1.);
#207492=LINE('Line',#207489,#207491);
#207493=CARTESIAN_POINT('Vertex',(8817.99058519,-2589.11083948,863.708484675));
#207494=VERTEX_POINT('',#207493);
#207495=EDGE_CURVE('',#207494,#207308,#207492,.T.);
#207496=CARTESIAN_POINT('Line Origine',(8823.06440644,-2561.51459257,867.72189805));
#207497=DIRECTION('Vector Direction',(-0.0501478964524065,-0.2727517707270354,-0.9607765921621245));
#207498=VECTOR('Line Direction',#207497,1.);
#207499=LINE('Line',#207496,#207498);
#207500=CARTESIAN_POINT('Vertex',(8823.679221910001,-2558.17064359,879.501062288));
#207501=VERTEX_POINT('',#207500);
#207502=EDGE_CURVE('',#207501,#207392,#207499,.T.);
#207503=CARTESIAN_POINT('Line Origine',(8821.479574479999,-2570.13441025,883.01222842));
#207504=DIRECTION('Vector Direction',(0.1737354387629714,0.9449379119098446,-0.2773235293899544));
#207505=VECTOR('Line Direction',#207504,1.);
#207506=LINE('Line',#207503,#207505);
#207507=CARTESIAN_POINT('Vertex',(8819.27992705,-2582.0981769,886.523394552));
#207508=VERTEX_POINT('',#207507);
#207509=EDGE_CURVE('',#207501,#207508,#207506,.F.);
#207510=CARTESIAN_POINT('Line Origine',(8819.12498262,-2582.9409115,886.723317862));
#207511=DIRECTION('Vector Direction',(0.1760983772929285,0.9577898102756112,-0.2272180469219078));
#207512=VECTOR('Line Direction',#207511,1.);
#207513=LINE('Line',#207510,#207512);
#207514=CARTESIAN_POINT('Vertex',(8818.97003819,-2583.78364609,886.923241172));
#207515=VERTEX_POINT('',#207514);
#207516=EDGE_CURVE('',#207508,#207515,#207513,.F.);
#207517=CARTESIAN_POINT('Line Origine',(8818.48031169,-2586.44724279,875.3158629230001));
#207518=DIRECTION('Vector Direction',(-0.04108741553320394,-0.2234722916420214,-0.9738439090290933));
#207519=VECTOR('Line Direction',#207518,1.);
#207520=LINE('Line',#207517,#207519);
#207521=EDGE_CURVE('',#207494,#207515,#207520,.F.);
#207522=EDGE_LOOP('',(#207523,#207524,#207525,#207526,#207527,#207528,#207529));
#207523=ORIENTED_EDGE('',*,*,#207495,.T.);
#207524=ORIENTED_EDGE('',*,*,#207311,.T.);
#207525=ORIENTED_EDGE('',*,*,#207398,.F.);
#207526=ORIENTED_EDGE('',*,*,#207502,.F.);
#207527=ORIENTED_EDGE('',*,*,#207509,.T.);
#207528=ORIENTED_EDGE('',*,*,#207516,.T.);
#207529=ORIENTED_EDGE('',*,*,#207521,.F.);
#207530=FACE_OUTER_BOUND('',#207522,.T.);
#207531=ADVANCED_FACE('PartBody',(#207530),#207488,.F.);
#207532=CARTESIAN_POINT('Axis2P3D Location',(8873.263510479999,-2460.29245998,839.535902188));
#207533=DIRECTION('Axis2P3D Direction',(-0.297570722999937,-0.9142158449278066,0.2750655443639418));
#207534=DIRECTION('Axis2P3D XDirection',(-0.9533817982815069,0.299692943607845,-0.03531694008808173));
#207535=AXIS2_PLACEMENT_3D('Plane Axis2P3D',#207532,#207533,#207534);
#207536=PLANE('',#207535);
#207537=CARTESIAN_POINT('Line Origine',(8881.30066657,-2460.07380865,848.9573543));
#207538=DIRECTION('Vector Direction',(-0.9533817982815069,0.299692943607845,-0.03531694008808173));
#207539=VECTOR('Line Direction',#207538,1.);
#207540=LINE('Line',#207537,#207539);
#207541=CARTESIAN_POINT('Vertex',(8909.215518069999,-2468.84876537,849.991428099));
#207542=VERTEX_POINT('',#207541);
#207543=CARTESIAN_POINT('Vertex',(8853.38581507,-2451.29885193,847.923280501));
#207544=VERTEX_POINT('',#207543);
#207545=EDGE_CURVE('',#207542,#207544,#207540,.T.);
#207546=CARTESIAN_POINT('Line Origine',(8852.6674896,-2455.20578641,834.160982334));
#207547=DIRECTION('Vector Direction',(0.05014789645250626,0.272751770727034,0.9607765921621199));
#207548=VECTOR('Line Direction',#207547,1.);
#207549=LINE('Line',#207546,#207548);
#207550=EDGE_CURVE('',#207348,#207544,#207549,.T.);
#207551=CARTESIAN_POINT('Line Origine',(8880.8228074,-2464.05602437,835.20498987));
#207552=DIRECTION('Vector Direction',(0.8771562388359332,-0.1480655622399887,0.4568079705409652));
#207553=VECTOR('Line Direction',#207552,1.);
#207554=LINE('Line',#207551,#207553);
#207555=EDGE_CURVE('',#207350,#207542,#207554,.T.);
#207556=EDGE_LOOP('',(#207557,#207558,#207559,#207560));
#207557=ORIENTED_EDGE('',*,*,#207545,.T.);
#207558=ORIENTED_EDGE('',*,*,#207550,.F.);
#207559=ORIENTED_EDGE('',*,*,#207351,.T.);
#207560=ORIENTED_EDGE('',*,*,#207555,.T.);
#207561=FACE_OUTER_BOUND('',#207556,.T.);
#207562=ADVANCED_FACE('PartBody',(#207561),#207536,.T.);
#207563=CARTESIAN_POINT('Axis2P3D Location',(8850.24971419,-2463.42615003,829.672430876));
#207564=DIRECTION('Axis2P3D Direction',(0.05014789645250626,0.272751770727034,0.9607765921621199));
#207565=DIRECTION('Axis2P3D XDirection',(0.297570722999937,0.9142158449278066,-0.2750655443639418));
#207566=AXIS2_PLACEMENT_3D('Cylinder Axis2P3D',#207563,#207564,#207565);
#207567=CYLINDRICAL_SURFACE('generated cylinder',#207566,7.);
#207568=CARTESIAN_POINT('Axis2P3D Location',(8851.30282001,-2457.69836285,849.848739312));
#207569=DIRECTION('Axis2P3D Direction',(0.05014789645250626,0.272751770727034,0.9607765921621199));
#207570=AXIS2_PLACEMENT_3D('Circle Axis2P3D',#207568,#207569,$);
#207571=CIRCLE('generated circle',#207570,7.);
#207572=CARTESIAN_POINT('Vertex',(8844.41821704,-2456.43256591,849.848739312));
#207573=VERTEX_POINT('',#207572);
#207574=EDGE_CURVE('',#207544,#207573,#207571,.T.);
#207575=CARTESIAN_POINT('Line Origine',(8843.36511121,-2462.16035309,829.672430876));
#207576=DIRECTION('Vector Direction',(0.05014789645250626,0.272751770727034,0.9607765921621199));
#207577=VECTOR('Line Direction',#207576,1.);
#207578=LINE('Line',#207575,#207577);
#207579=EDGE_CURVE('',#207369,#207573,#207578,.T.);
#207580=EDGE_LOOP('',(#207581,#207582,#207583,#207584));
#207581=ORIENTED_EDGE('',*,*,#207370,.F.);
#207582=ORIENTED_EDGE('',*,*,#207550,.T.);
#207583=ORIENTED_EDGE('',*,*,#207574,.T.);
#207584=ORIENTED_EDGE('',*,*,#207579,.F.);
#207585=FACE_OUTER_BOUND('',#207580,.T.);
#207586=ADVANCED_FACE('PartBody',(#207585),#207567,.F.);
#207587=CARTESIAN_POINT('Axis2P3D Location',(8854.570123949999,-2401.21687825,837.807153941));
#207588=DIRECTION('Axis2P3D Direction',(0.9835147105149434,-0.1808281344279896,6.827871601439607e-14));
#207589=DIRECTION('Axis2P3D XDirection',(-0.1737354387629714,-0.9449379119098446,0.2773235293899544));
#207590=AXIS2_PLACEMENT_3D('Plane Axis2P3D',#207587,#207588,#207589);
#207591=PLANE('',#207590);
#207592=CARTESIAN_POINT('Line Origine',(8835.529595890001,-2504.77730872,864.037115642));
#207593=DIRECTION('Vector Direction',(-0.1737354387629714,-0.9449379119098446,0.2773235293899544));
#207594=VECTOR('Line Direction',#207593,1.);
#207595=LINE('Line',#207592,#207594);
#207596=CARTESIAN_POINT('Vertex',(8826.64097475,-2553.12205153,878.225491973));
#207597=VERTEX_POINT('',#207596);
#207598=EDGE_CURVE('',#207573,#207597,#207595,.T.);
#207599=B_SPLINE_CURVE_WITH_KNOTS('',5,(#207600,#207601,#207602,#207603,#207604,#207605),.UNSPECIFIED.,.F.,.U.,(6,6),(0.,0.42491339249),.UNSPECIFIED.);
#207600=CARTESIAN_POINT('Control Point',(8826.629047390001,-2553.18692382,877.932283502));
#207601=CARTESIAN_POINT('Control Point',(8826.632060870001,-2553.17053367,877.9900183239999));
#207602=CARTESIAN_POINT('Control Point',(8826.63476243,-2553.15584001,878.048251019));
#207603=CARTESIAN_POINT('Control Point',(8826.63715323,-2553.14283658,878.107031126));
#207604=CARTESIAN_POINT('Control Point',(8826.63922288,-2553.13157987,878.166095707));
#207605=CARTESIAN_POINT('Control Point',(8826.64097475,-2553.12205153,878.225491973));
#207606=CARTESIAN_POINT('Vertex',(8826.629047390001,-2553.18692382,877.932283502));
#207607=VERTEX_POINT('',#207606);
#207608=EDGE_CURVE('',#207607,#207597,#207599,.T.);
#207609=CARTESIAN_POINT('Line Origine',(8826.0095064,-2556.55657468,866.0625835770001));
#207610=DIRECTION('Vector Direction',(-0.0501478964524065,-0.2727517707270354,-0.9607765921621245));
#207611=VECTOR('Line Direction',#207610,1.);
#207612=LINE('Line',#207609,#207611);
#207613=EDGE_CURVE('',#207607,#207376,#207612,.T.);
#207614=EDGE_LOOP('',(#207615,#207616,#207617,#207618,#207619));
#207615=ORIENTED_EDGE('',*,*,#207377,.F.);
#207616=ORIENTED_EDGE('',*,*,#207579,.T.);
#207617=ORIENTED_EDGE('',*,*,#207598,.T.);
#207618=ORIENTED_EDGE('',*,*,#207608,.F.);
#207619=ORIENTED_EDGE('',*,*,#207613,.T.);
#207620=FACE_OUTER_BOUND('',#207614,.T.);
#207621=ADVANCED_FACE('PartBody',(#207620),#207591,.T.);
#207622=CARTESIAN_POINT('Axis2P3D Location',(8831.48527066,-2565.48497122,859.468870341));
#207623=DIRECTION('Axis2P3D Direction',(-0.05014789645250626,-0.272751770727034,-0.9607765921621199));
#207624=DIRECTION('Axis2P3D XDirection',(-0.9835147105149434,0.1808281344279896,-4.203086511349758e-14));
#207625=AXIS2_PLACEMENT_3D('Cylinder Axis2P3D',#207622,#207623,#207624);
#207626=CYLINDRICAL_SURFACE('generated cylinder',#207625,9.);
#207627=CARTESIAN_POINT('Axis2P3D Location',(8832.53085431,-2559.7980968,879.501062288));
#207628=DIRECTION('Axis2P3D Direction',(-0.05014789645250626,-0.272751770727034,-0.9607765921621199));
#207629=AXIS2_PLACEMENT_3D('Circle Axis2P3D',#207627,#207628,$);
#207630=CIRCLE('generated circle',#207629,9.);
#207631=EDGE_CURVE('',#207607,#207501,#207630,.F.);
#207632=EDGE_LOOP('',(#207633,#207634,#207635,#207636));
#207633=ORIENTED_EDGE('',*,*,#207393,.F.);
#207634=ORIENTED_EDGE('',*,*,#207613,.F.);
#207635=ORIENTED_EDGE('',*,*,#207631,.T.);
#207636=ORIENTED_EDGE('',*,*,#207502,.T.);
#207637=FACE_OUTER_BOUND('',#207632,.T.);
#207638=ADVANCED_FACE('PartBody',(#207637),#207626,.F.);
#207639=CARTESIAN_POINT('Axis2P3D Location',(8844.66722849,-2416.36741538,943.65440769));
#207640=DIRECTION('Axis2P3D Direction',(0.5726004143201501,-0.7960368053952087,0.1960973482140514));
#207641=DIRECTION('Axis2P3D XDirection',(-0.05014789645250626,-0.272751770727034,-0.9607765921621199));
#207642=AXIS2_PLACEMENT_3D('Plane Axis2P3D',#207639,#207640,#207641);
#207643=PLANE('',#207642);
#207644=B_SPLINE_CURVE_WITH_KNOTS('',1,(#207645,#207646),.UNSPECIFIED.,.F.,.U.,(2,2),(-0.626822333885,0.626822333885),.UNSPECIFIED.);
#207645=CARTESIAN_POINT('Control Point',(8841.64563628,-2432.80169646,885.764141641));
#207646=CARTESIAN_POINT('Control Point',(8842.672689049999,-2432.11647825,885.546739775));
#207647=CARTESIAN_POINT('Vertex',(8842.672689049999,-2432.11647825,885.546739775));
#207648=VERTEX_POINT('',#207647);
#207649=EDGE_CURVE('',#207448,#207648,#207644,.T.);
#207650=CARTESIAN_POINT('Line Origine',(8841.88402112,-2436.40600164,870.436760286));
#207651=DIRECTION('Vector Direction',(-0.05014789645250626,-0.272751770727034,-0.9607765921621199));
#207652=VECTOR('Line Direction',#207651,1.);
#207653=LINE('Line',#207650,#207652);
#207654=EDGE_CURVE('',#207648,#207411,#207653,.T.);
#207655=EDGE_LOOP('',(#207656,#207657,#207658,#207659));
#207656=ORIENTED_EDGE('',*,*,#207449,.F.);
#207657=ORIENTED_EDGE('',*,*,#207649,.T.);
#207658=ORIENTED_EDGE('',*,*,#207654,.T.);
#207659=ORIENTED_EDGE('',*,*,#207412,.T.);
#207660=FACE_OUTER_BOUND('',#207655,.T.);
#207661=ADVANCED_FACE('PartBody',(#207660),#207643,.F.);
#207662=CARTESIAN_POINT('Axis2P3D Location',(8874.453793369999,-2456.6355966,838.435640011));
#207663=DIRECTION('Axis2P3D Direction',(-0.297570722999937,-0.9142158449278066,0.2750655443639418));
#207664=DIRECTION('Axis2P3D XDirection',(-0.9533817982815069,0.299692943607845,-0.03531694008808173));
#207665=AXIS2_PLACEMENT_3D('Plane Axis2P3D',#207662,#207663,#207664);
#207666=PLANE('',#207665);
#207667=CARTESIAN_POINT('Line Origine',(8849.75850813,-2434.35298569,885.778981775));
#207668=DIRECTION('Vector Direction',(-0.9531604592752093,0.3008474292380661,-0.03124040965030686));
#207669=VECTOR('Line Direction',#207668,1.);
#207670=LINE('Line',#207667,#207669);
#207671=CARTESIAN_POINT('Vertex',(8856.84432722,-2436.58949313,886.011223774));
#207672=VERTEX_POINT('',#207671);
#207673=EDGE_CURVE('',#207672,#207648,#207670,.T.);
#207674=CARTESIAN_POINT('Line Origine',(8886.97643144,-2450.68074106,871.774580283));
#207675=DIRECTION('Vector Direction',(-0.8327761686899122,0.3894469292649589,0.3934652998019585));
#207676=VECTOR('Line Direction',#207675,1.);
#207677=LINE('Line',#207674,#207676);
#207678=CARTESIAN_POINT('Vertex',(8917.10853567,-2464.77198898,857.537936791));
#207679=VERTEX_POINT('',#207678);
#207680=EDGE_CURVE('',#207679,#207672,#207677,.T.);
#207681=CARTESIAN_POINT('Line Origine',(8916.97021397,-2465.52431342,854.8878505919999));
#207682=DIRECTION('Vector Direction',(0.05014789645260601,0.2727517707270327,0.960776592162115));
#207683=VECTOR('Line Direction',#207682,1.);
#207684=LINE('Line',#207681,#207683);
#207685=CARTESIAN_POINT('Vertex',(8916.83189227,-2466.27663785,852.237764393));
#207686=VERTEX_POINT('',#207685);
#207687=EDGE_CURVE('',#207686,#207679,#207684,.T.);
#207688=CARTESIAN_POINT('Line Origine',(8885.09399023,-2460.91922248,835.7092077040001));
#207689=DIRECTION('Vector Direction',(-0.8771562388359332,0.1480655622399887,-0.4568079705409652));
#207690=VECTOR('Line Direction',#207689,1.);
#207691=LINE('Line',#207688,#207690);
#207692=EDGE_CURVE('',#207686,#207418,#207691,.T.);
#207693=EDGE_LOOP('',(#207694,#207695,#207696,#207697,#207698,#207699));
#207694=ORIENTED_EDGE('',*,*,#207419,.T.);
#207695=ORIENTED_EDGE('',*,*,#207654,.F.);
#207696=ORIENTED_EDGE('',*,*,#207673,.F.);
#207697=ORIENTED_EDGE('',*,*,#207680,.F.);
#207698=ORIENTED_EDGE('',*,*,#207687,.F.);
#207699=ORIENTED_EDGE('',*,*,#207692,.T.);
#207700=FACE_OUTER_BOUND('',#207693,.T.);
#207701=ADVANCED_FACE('PartBody',(#207700),#207666,.F.);
#207702=B_SPLINE_SURFACE_WITH_KNOTS('',5,1,((#207703,#207704),(#207705,#207706),(#207707,#207708),(#207709,#207710),(#207711,#207712),(#207713,#207714),(#207715,#207716),(#207717,#207718),(#207719,#207720)),.UNSPECIFIED.,.F.,.F.,.U.,(6,3,6),(2,2),(39.9111835363,106.778605507,144.356240889),(0.,8.27153095914),.UNSPECIFIED.);
#207703=CARTESIAN_POINT('Control Point',(8815.1615138,-2576.84744541,922.831633227));
#207704=CARTESIAN_POINT('Control Point',(8817.97386735,-2584.43677889,924.5627167));
#207705=CARTESIAN_POINT('Control Point',(8814.824750649999,-2578.67908245,915.350437084));
#207706=CARTESIAN_POINT('Control Point',(8817.636137560001,-2586.27162892,917.065469398));
#207707=CARTESIAN_POINT('Control Point',(8814.491850799999,-2580.4897072,907.863924526));
#207708=CARTESIAN_POINT('Control Point',(8817.30227541,-2588.08540612,909.56290639));
#207709=CARTESIAN_POINT('Control Point',(8814.162814609999,-2582.27931775,900.372189127));
#207710=CARTESIAN_POINT('Control Point',(8816.972281169999,-2589.87810869,902.0551210150001));
#207711=CARTESIAN_POINT('Control Point',(8813.654905109999,-2585.04181079,888.662300121));
#207712=CARTESIAN_POINT('Control Point',(8816.46288173,-2592.64533715,890.320162311));
#207713=CARTESIAN_POINT('Control Point',(8813.15641448,-2587.75307511,876.93989742));
#207714=CARTESIAN_POINT('Control Point',(8815.96291124,-2595.36118905,878.572692692));
#207715=CARTESIAN_POINT('Control Point',(8812.978284209999,-2588.7219163,872.72074649));
#207716=CARTESIAN_POINT('Control Point',(8815.78424984,-2596.33166161,874.344523555));
#207717=CARTESIAN_POINT('Control Point',(8812.80137239,-2589.68413036,868.499987429));
#207718=CARTESIAN_POINT('Control Point',(8815.60680818,-2597.29548789,870.114746785));
#207719=CARTESIAN_POINT('Control Point',(8812.625679209999,-2590.63971631,864.277639802));
#207720=CARTESIAN_POINT('Control Point',(8815.43058643,-2598.25266691,865.88338194));
#207721=B_SPLINE_CURVE_WITH_KNOTS('',3,(#207722,#207723,#207724,#207725),.UNSPECIFIED.,.F.,.U.,(4,4),(0.,11.7015007764),.UNSPECIFIED.);
#207722=CARTESIAN_POINT('Control Point',(8815.16032841,-2576.85389268,922.8052993479999));
#207723=CARTESIAN_POINT('Control Point',(8816.09817453,-2579.38152095,923.391105024));
#207724=CARTESIAN_POINT('Control Point',(8817.036020850001,-2581.90914969,923.97691081));
#207725=CARTESIAN_POINT('Control Point',(8817.97386735,-2584.43677889,924.5627167));
#207726=CARTESIAN_POINT('Vertex',(8817.97386736,-2584.43677886,924.562716694));
#207727=VERTEX_POINT('',#207726);
#207728=EDGE_CURVE('',#207727,#207468,#207721,.F.);
#207729=B_SPLINE_CURVE_WITH_KNOTS('',3,(#207730,#207731,#207732,#207733),.UNSPECIFIED.,.F.,.U.,(4,4),(0.,11.6970588466),.UNSPECIFIED.);
#207730=CARTESIAN_POINT('Control Point',(8815.430595350001,-2598.25261845,865.883596166));
#207731=CARTESIAN_POINT('Control Point',(8814.49562319,-2595.7149841,865.348277315));
#207732=CARTESIAN_POINT('Control Point',(8813.56065137,-2593.17735065,864.812958651));
#207733=CARTESIAN_POINT('Control Point',(8812.625679209999,-2590.63971631,864.277639802));
#207734=CARTESIAN_POINT('Vertex',(8815.43059496,-2598.25262058,865.883596663));
#207735=VERTEX_POINT('',#207734);
#207736=EDGE_CURVE('',#207455,#207735,#207729,.F.);
#207737=B_SPLINE_CURVE_WITH_KNOTS('',5,(#207738,#207739,#207740,#207741,#207742,#207743,#207744,#207745,#207746),.UNSPECIFIED.,.F.,.U.,(6,3,6),(39.9111835363,106.778605507,144.355860392),.UNSPECIFIED.);
#207738=CARTESIAN_POINT('Control Point',(8817.97386735,-2584.43677889,924.5627167));
#207739=CARTESIAN_POINT('Control Point',(8817.636137560001,-2586.27162892,917.065469398));
#207740=CARTESIAN_POINT('Control Point',(8817.30227541,-2588.08540612,909.56290639));
#207741=CARTESIAN_POINT('Control Point',(8816.972281169999,-2589.87810869,902.0551210150001));
#207742=CARTESIAN_POINT('Control Point',(8816.462883579999,-2592.64532707,890.320205061));
#207743=CARTESIAN_POINT('Control Point',(8815.96291488,-2595.36116926,878.572778284));
#207744=CARTESIAN_POINT('Control Point',(8815.78425526,-2596.33163213,874.3446519939999));
#207745=CARTESIAN_POINT('Control Point',(8815.606815360001,-2597.29544885,870.1149181009999));
#207746=CARTESIAN_POINT('Control Point',(8815.430595350001,-2598.25261845,865.883596166));
#207747=EDGE_CURVE('',#207735,#207727,#207737,.F.);
#207748=EDGE_LOOP('',(#207749,#207750,#207751,#207752));
#207749=ORIENTED_EDGE('',*,*,#207728,.T.);
#207750=ORIENTED_EDGE('',*,*,#207469,.F.);
#207751=ORIENTED_EDGE('',*,*,#207736,.T.);
#207752=ORIENTED_EDGE('',*,*,#207747,.T.);
#207753=FACE_OUTER_BOUND('',#207748,.T.);
#207754=ADVANCED_FACE('PartBody',(#207753),#207702,.T.);
#207755=B_SPLINE_SURFACE_WITH_KNOTS('',5,1,((#207756,#207757),(#207758,#207759),(#207760,#207761),(#207762,#207763),(#207764,#207765),(#207766,#207767),(#207768,#207769),(#207770,#207771),(#207772,#207773)),.UNSPECIFIED.,.F.,.F.,.U.,(6,3,6),(2,2),(98.7908764568,153.493649736,184.223577547),(-1.7763568394E-015,7.61936315749),.UNSPECIFIED.);
#207756=CARTESIAN_POINT('Control Point',(8821.44725832,-2602.78728092,866.607590501));
#207757=CARTESIAN_POINT('Control Point',(8815.38882513,-2598.23375937,865.8298159140001));
#207758=CARTESIAN_POINT('Control Point',(8821.76101518,-2601.08091528,874.153831425));
#207759=CARTESIAN_POINT('Control Point',(8815.70239271,-2596.52833499,873.368156654));
#207760=CARTESIAN_POINT('Control Point',(8822.07865696,-2599.35341663,881.695043482));
#207761=CARTESIAN_POINT('Control Point',(8816.01983865,-2594.80181527,880.901467215));
#207762=CARTESIAN_POINT('Control Point',(8822.400182490001,-2597.6047914,889.231113108));
#207763=CARTESIAN_POINT('Control Point',(8816.34116177,-2593.05420657,888.42963422));
#207764=CARTESIAN_POINT('Control Point',(8822.90839477,-2594.84085803,900.992506404));
#207765=CARTESIAN_POINT('Control Point',(8816.849047719999,-2590.29191928,900.1786840349999));
#207766=CARTESIAN_POINT('Control Point',(8823.426091949999,-2592.02532955,912.741239859));
#207767=CARTESIAN_POINT('Control Point',(8817.36640264,-2587.47812805,911.915071789));
#207768=CARTESIAN_POINT('Control Point',(8823.61353443,-2591.00591054,916.965597096));
#207769=CARTESIAN_POINT('Control Point',(8817.55371995,-2586.4593457,916.134988027));
#207770=CARTESIAN_POINT('Control Point',(8823.80220475,-2589.97981245,921.188300716));
#207771=CARTESIAN_POINT('Control Point',(8817.74226304,-2585.43389603,920.353250394));
#207772=CARTESIAN_POINT('Control Point',(8823.99210259,-2588.94703705,925.40932817));
#207773=CARTESIAN_POINT('Control Point',(8817.932031599999,-2584.40178079,924.569836363));
#207774=B_SPLINE_CURVE_WITH_KNOTS('',3,(#207775,#207776,#207777,#207778),.UNSPECIFIED.,.F.,.U.,(4,4),(0.,10.7042315993),.UNSPECIFIED.);
#207775=CARTESIAN_POINT('Control Point',(8821.44930375,-2602.77615685,866.656783994));
#207776=CARTESIAN_POINT('Control Point',(8819.44306734,-2601.2683107,866.399054726));
#207777=CARTESIAN_POINT('Control Point',(8817.43683131,-2599.76046486,866.141325511));
#207778=CARTESIAN_POINT('Control Point',(8815.43059525,-2598.252619,865.883596295));
#207779=CARTESIAN_POINT('Vertex',(8821.44930273,-2602.77616239,866.656785288));
#207780=VERTEX_POINT('',#207779);
#207781=EDGE_CURVE('',#207735,#207780,#207774,.F.);
#207782=B_SPLINE_CURVE_WITH_KNOTS('',5,(#207783,#207784,#207785,#207786,#207787,#207788,#207789,#207790,#207791),.UNSPECIFIED.,.F.,.U.,(6,3,6),(98.8621974022,153.493649736,184.223577547),.UNSPECIFIED.);
#207783=CARTESIAN_POINT('Control Point',(8821.44930375,-2602.77615685,866.656783994));
#207784=CARTESIAN_POINT('Control Point',(8821.762671779999,-2601.07190588,874.1931600090001));
#207785=CARTESIAN_POINT('Control Point',(8822.07991459,-2599.34657701,881.724519819));
#207786=CARTESIAN_POINT('Control Point',(8822.40103103,-2597.60017659,889.250750397));
#207787=CARTESIAN_POINT('Control Point',(8822.908826950001,-2594.83850757,901.002314484));
#207788=CARTESIAN_POINT('Control Point',(8823.426091949999,-2592.02532955,912.741239859));
#207789=CARTESIAN_POINT('Control Point',(8823.61353443,-2591.00591054,916.965597096));
#207790=CARTESIAN_POINT('Control Point',(8823.80220475,-2589.97981245,921.188300716));
#207791=CARTESIAN_POINT('Control Point',(8823.99210259,-2588.94703705,925.409328169));
#207792=CARTESIAN_POINT('Vertex',(8823.99210256,-2588.94703726,925.409328221));
#207793=VERTEX_POINT('',#207792);
#207794=EDGE_CURVE('',#207780,#207793,#207782,.T.);
#207795=B_SPLINE_CURVE_WITH_KNOTS('',3,(#207796,#207797,#207798,#207799),.UNSPECIFIED.,.F.,.U.,(4,4),(6.57601786383,17.2775816001),.UNSPECIFIED.);
#207796=CARTESIAN_POINT('Control Point',(8817.973867369999,-2584.43677881,924.562716679));
#207797=CARTESIAN_POINT('Control Point',(8819.97994591,-2585.94019787,924.844920416));
#207798=CARTESIAN_POINT('Control Point',(8821.986024309999,-2587.44361728,925.127124246));
#207799=CARTESIAN_POINT('Control Point',(8823.99210259,-2588.94703705,925.409328169));
#207800=EDGE_CURVE('',#207793,#207727,#207795,.F.);
#207801=EDGE_LOOP('',(#207802,#207803,#207804,#207805));
#207802=ORIENTED_EDGE('',*,*,#207781,.T.);
#207803=ORIENTED_EDGE('',*,*,#207794,.T.);
#207804=ORIENTED_EDGE('',*,*,#207800,.T.);
#207805=ORIENTED_EDGE('',*,*,#207747,.F.);
#207806=FACE_OUTER_BOUND('',#207801,.T.);
#207807=ADVANCED_FACE('PartBody',(#207806),#207755,.T.);
#207808=CARTESIAN_POINT('Axis2P3D Location',(8825.00056626,-2589.69471155,866.680165752));
#207809=DIRECTION('Axis2P3D Direction',(-0.04108741553320394,-0.2234722916420214,-0.9738439090290933));
#207810=DIRECTION('Axis2P3D XDirection',(-0.8361005939535046,-0.5259378808076883,0.1559651958679076));
#207811=AXIS2_PLACEMENT_3D('Cylinder Axis2P3D',#207808,#207809,#207810);
#207812=CYLINDRICAL_SURFACE('generated cylinder',#207811,7.);
#207813=B_SPLINE_CURVE_WITH_KNOTS('',4,(#207814,#207815,#207816,#207817,#207818),.UNSPECIFIED.,.F.,.U.,(5,5),(0.,7.48938920417),.UNSPECIFIED.);
#207814=CARTESIAN_POINT('Control Point',(8819.021875549999,-2594.06151094,864.785819587));
#207815=CARTESIAN_POINT('Control Point',(8818.297752189999,-2592.97436508,864.569945906));
#207816=CARTESIAN_POINT('Control Point',(8817.85249234,-2591.7103027,864.302437707));
#207817=CARTESIAN_POINT('Control Point',(8817.757273290001,-2590.37981064,864.005334754));
#207818=CARTESIAN_POINT('Control Point',(8817.99058519,-2589.11083948,863.708484675));
#207819=CARTESIAN_POINT('Vertex',(8819.021875549999,-2594.06151094,864.785819587));
#207820=VERTEX_POINT('',#207819);
#207821=EDGE_CURVE('',#207820,#207494,#207813,.T.);
#207822=CARTESIAN_POINT('Axis2P3D Location',(8825.854641170001,-2585.04944303,886.923241172));
#207823=DIRECTION('Axis2P3D Direction',(-0.04108741553320394,-0.2234722916420214,-0.9738439090290933));
#207824=AXIS2_PLACEMENT_3D('Circle Axis2P3D',#207822,#207823,$);
#207825=CIRCLE('generated circle',#207824,7.);
#207826=CARTESIAN_POINT('Vertex',(8820.00193701,-2588.7310082,888.014997543));
#207827=VERTEX_POINT('',#207826);
#207828=EDGE_CURVE('',#207515,#207827,#207825,.F.);
#207829=CARTESIAN_POINT('Line Origine',(8819.147862100001,-2593.37627672,867.771922123));
#207830=DIRECTION('Vector Direction',(-0.04108741553320394,-0.2234722916420214,-0.9738439090290933));
#207831=VECTOR('Line Direction',#207830,1.);
#207832=LINE('Line',#207829,#207831);
#207833=EDGE_CURVE('',#207820,#207827,#207832,.F.);
#207834=EDGE_LOOP('',(#207835,#207836,#207837,#207838));
#207835=ORIENTED_EDGE('',*,*,#207821,.T.);
#207836=ORIENTED_EDGE('',*,*,#207521,.T.);
#207837=ORIENTED_EDGE('',*,*,#207828,.T.);
#207838=ORIENTED_EDGE('',*,*,#207833,.F.);
#207839=FACE_OUTER_BOUND('',#207834,.T.);
#207840=ADVANCED_FACE('PartBody',(#207839),#207812,.F.);
#207841=CARTESIAN_POINT('Axis2P3D Location',(8819.07786318,-2583.19719166,901.722062482));
#207842=DIRECTION('Axis2P3D Direction',(-0.8361005939535046,-0.5259378808076883,0.1559651958679076));
#207843=DIRECTION('Axis2P3D XDirection',(-0.04108741553320394,-0.2234722916420214,-0.9738439090290933));
#207844=AXIS2_PLACEMENT_3D('Plane Axis2P3D',#207841,#207842,#207843);
#207845=PLANE('',#207844);
#207846=B_SPLINE_CURVE_WITH_KNOTS('',1,(#207847,#207848),.UNSPECIFIED.,.F.,.U.,(2,2),(-1.41857212387,1.41857212387),.UNSPECIFIED.);
#207847=CARTESIAN_POINT('Control Point',(8820.573628440001,-2596.39119926,865.248423926));
#207848=CARTESIAN_POINT('Control Point',(8819.021875549999,-2594.06151094,864.785819587));
#207849=CARTESIAN_POINT('Vertex',(8820.573628440001,-2596.39119926,865.248423926));
#207850=VERTEX_POINT('',#207849);
#207851=EDGE_CURVE('',#207850,#207820,#207846,.T.);
#207852=CARTESIAN_POINT('Line Origine',(8820.87030153,-2590.03369264,888.277293196));
#207853=DIRECTION('Vector Direction',(0.5470353014888453,-0.8206396775687679,0.1652358875209533));
#207854=VECTOR('Line Direction',#207853,1.);
#207855=LINE('Line',#207852,#207854);
#207856=CARTESIAN_POINT('Vertex',(8821.553951170001,-2591.05927549,888.4837944130001));
#207857=VERTEX_POINT('',#207856);
#207858=EDGE_CURVE('',#207827,#207857,#207855,.T.);
#207859=CARTESIAN_POINT('Line Origine',(8820.713054940001,-2595.63286584,868.553076972));
#207860=DIRECTION('Vector Direction',(-0.04108741553320394,-0.2234722916420214,-0.9738439090290933));
#207861=VECTOR('Line Direction',#207860,1.);
#207862=LINE('Line',#207859,#207861);
#207863=EDGE_CURVE('',#207850,#207857,#207862,.F.);
#207864=EDGE_LOOP('',(#207865,#207866,#207867,#207868));
#207865=ORIENTED_EDGE('',*,*,#207851,.T.);
#207866=ORIENTED_EDGE('',*,*,#207833,.T.);
#207867=ORIENTED_EDGE('',*,*,#207858,.T.);
#207868=ORIENTED_EDGE('',*,*,#207863,.F.);
#207869=FACE_OUTER_BOUND('',#207864,.T.);
#207870=ADVANCED_FACE('PartBody',(#207869),#207845,.F.);
#207871=CARTESIAN_POINT('Axis2P3D Location',(8826.55868964,-2591.9897511,867.2937619309999));
#207872=DIRECTION('Axis2P3D Direction',(-0.04108741553320394,-0.2234722916420214,-0.9738439090290933));
#207873=DIRECTION('Axis2P3D XDirection',(-0.1522428774149305,-0.9618858082635607,0.2271514872008963));
#207874=AXIS2_PLACEMENT_3D('Cylinder Axis2P3D',#207871,#207872,#207873);
#207875=CYLINDRICAL_SURFACE('generated cylinder',#207874,7.);
#207876=B_SPLINE_CURVE_WITH_KNOTS('',4,(#207877,#207878,#207879,#207880,#207881),.UNSPECIFIED.,.F.,.U.,(5,5),(0.,8.30025234862),.UNSPECIFIED.);
#207877=CARTESIAN_POINT('Control Point',(8825.36035474,-2599.44434523,865.740145663));
#207878=CARTESIAN_POINT('Control Point',(8823.911416790001,-2599.2131336,865.748108203));
#207879=CARTESIAN_POINT('Control Point',(8822.523166860001,-2598.58619855,865.664001418));
#207880=CARTESIAN_POINT('Control Point',(8821.376151369999,-2597.59604852,865.4876698750001));
#207881=CARTESIAN_POINT('Control Point',(8820.573628440001,-2596.39119926,865.248423926));
#207882=CARTESIAN_POINT('Vertex',(8825.36035474,-2599.44434523,865.740145663));
#207883=VERTEX_POINT('',#207882);
#207884=EDGE_CURVE('',#207883,#207850,#207876,.T.);
#207885=CARTESIAN_POINT('Axis2P3D Location',(8827.40665533,-2587.37771033,887.392038042));
#207886=DIRECTION('Axis2P3D Direction',(-0.04108741553320394,-0.2234722916420214,-0.9738439090290933));
#207887=AXIS2_PLACEMENT_3D('Circle Axis2P3D',#207885,#207886,$);
#207888=CIRCLE('generated circle',#207887,7.);
#207889=CARTESIAN_POINT('Vertex',(8826.34095519,-2594.11091098,888.982098453));
#207890=VERTEX_POINT('',#207889);
#207891=EDGE_CURVE('',#207857,#207890,#207888,.F.);
#207892=CARTESIAN_POINT('Line Origine',(8825.4929895,-2598.72295176,868.883822342));
#207893=DIRECTION('Vector Direction',(-0.04108741553320394,-0.2234722916420214,-0.9738439090290933));
#207894=VECTOR('Line Direction',#207893,1.);
#207895=LINE('Line',#207892,#207894);
#207896=EDGE_CURVE('',#207883,#207890,#207895,.F.);
#207897=EDGE_LOOP('',(#207898,#207899,#207900,#207901));
#207898=ORIENTED_EDGE('',*,*,#207884,.T.);
#207899=ORIENTED_EDGE('',*,*,#207863,.T.);
#207900=ORIENTED_EDGE('',*,*,#207891,.T.);
#207901=ORIENTED_EDGE('',*,*,#207896,.F.);
#207902=FACE_OUTER_BOUND('',#207897,.T.);
#207903=ADVANCED_FACE('PartBody',(#207902),#207875,.F.);
#207904=CARTESIAN_POINT('Axis2P3D Location',(8824.78232803,-2574.29135904,884.499777733));
#207905=DIRECTION('Axis2P3D Direction',(0.1760983772940662,0.9577898102753598,-0.2272180469220854));
#207906=DIRECTION('Axis2P3D XDirection',(-0.9835147105149434,0.1808281344279896,-5.684341886079673e-14));
#207907=AXIS2_PLACEMENT_3D('Cylinder Axis2P3D',#207904,#207905,#207906);
#207908=CYLINDRICAL_SURFACE('generated cylinder',#207907,4.);
#207909=CARTESIAN_POINT('Axis2P3D Location',(8823.213985889999,-2582.82148944,886.523394552));
#207910=DIRECTION('Axis2P3D Direction',(0.1760983772940662,0.9577898102753598,-0.2272180469220854));
#207911=AXIS2_PLACEMENT_3D('Circle Axis2P3D',#207909,#207910,$);
#207912=CIRCLE('generated circle',#207911,4.);
#207913=CARTESIAN_POINT('Vertex',(8823.378335560001,-2581.92760027,890.4187701880001));
#207914=VERTEX_POINT('',#207913);
#207915=EDGE_CURVE('',#207508,#207914,#207912,.T.);
#207916=CARTESIAN_POINT('Line Origine',(8824.9466777,-2573.39746987,888.39515337));
#207917=DIRECTION('Vector Direction',(0.1760983772940662,0.9577898102753598,-0.2272180469220854));
#207918=VECTOR('Line Direction',#207917,1.);
#207919=LINE('Line',#207916,#207918);
#207920=CARTESIAN_POINT('Vertex',(8823.068446699999,-2583.61306946,890.818616808));
#207921=VERTEX_POINT('',#207920);
#207922=EDGE_CURVE('',#207914,#207921,#207919,.F.);
#207923=CARTESIAN_POINT('Axis2P3D Location',(8822.90409704,-2584.50695863,886.923241172));
#207924=DIRECTION('Axis2P3D Direction',(0.1760983772940662,0.9577898102753598,-0.2272180469220854));
#207925=AXIS2_PLACEMENT_3D('Circle Axis2P3D',#207923,#207924,$);
#207926=CIRCLE('generated circle',#207925,4.);
#207927=EDGE_CURVE('',#207921,#207515,#207926,.F.);
#207928=EDGE_LOOP('',(#207929,#207930,#207931,#207932));
#207929=ORIENTED_EDGE('',*,*,#207915,.T.);
#207930=ORIENTED_EDGE('',*,*,#207922,.T.);
#207931=ORIENTED_EDGE('',*,*,#207927,.T.);
#207932=ORIENTED_EDGE('',*,*,#207516,.F.);
#207933=FACE_OUTER_BOUND('',#207928,.T.);
#207934=ADVANCED_FACE('PartBody',(#207933),#207908,.F.);
#207935=CARTESIAN_POINT('Axis2P3D Location',(8826.09570448,-2567.14797363,881.923478868));
#207936=DIRECTION('Axis2P3D Direction',(0.1737354387629714,0.9449379119098446,-0.2773235293899544));
#207937=DIRECTION('Axis2P3D XDirection',(-0.9835147105149434,0.1808281344279896,-5.684341886079673e-14));
#207938=AXIS2_PLACEMENT_3D('Cylinder Axis2P3D',#207935,#207936,#207937);
#207939=CYLINDRICAL_SURFACE('generated cylinder',#207938,4.);
#207940=CARTESIAN_POINT('Line Origine',(8826.296296070001,-2566.05696655,885.766585237));
#207941=DIRECTION('Vector Direction',(0.1737354387629714,0.9449379119098446,-0.2773235293899544));
#207942=VECTOR('Line Direction',#207941,1.);
#207943=LINE('Line',#207940,#207942);
#207944=CARTESIAN_POINT('Vertex',(8827.813872340001,-2557.80294905,883.344168657));
#207945=VERTEX_POINT('',#207944);
#207946=CARTESIAN_POINT('Vertex',(8823.41457748,-2581.73048235,890.366500921));
#207947=VERTEX_POINT('',#207946);
#207948=EDGE_CURVE('',#207945,#207947,#207943,.F.);
#207949=CARTESIAN_POINT('Axis2P3D Location',(8823.213985889999,-2582.82148944,886.523394552));
#207950=DIRECTION('Axis2P3D Direction',(0.1737354387629714,0.9449379119098446,-0.2773235293899544));
#207951=AXIS2_PLACEMENT_3D('Circle Axis2P3D',#207949,#207950,$);
#207952=CIRCLE('generated circle',#207951,4.);
#207953=EDGE_CURVE('',#207947,#207508,#207952,.F.);
#207954=CARTESIAN_POINT('Axis2P3D Location',(8827.61328075,-2558.89395613,879.501062288));
#207955=DIRECTION('Axis2P3D Direction',(0.1737354387629714,0.9449379119098446,-0.2773235293899544));
#207956=AXIS2_PLACEMENT_3D('Circle Axis2P3D',#207954,#207955,$);
#207957=CIRCLE('generated circle',#207956,4.);
#207958=EDGE_CURVE('',#207945,#207501,#207957,.F.);
#207959=EDGE_LOOP('',(#207960,#207961,#207962,#207963));
#207960=ORIENTED_EDGE('',*,*,#207948,.T.);
#207961=ORIENTED_EDGE('',*,*,#207953,.T.);
#207962=ORIENTED_EDGE('',*,*,#207509,.F.);
#207963=ORIENTED_EDGE('',*,*,#207958,.F.);
#207964=FACE_OUTER_BOUND('',#207959,.T.);
#207965=ADVANCED_FACE('PartBody',(#207964),#207939,.F.);
#207966=CARTESIAN_POINT('Axis2P3D Location',(8902.77232951,-2470.85439232,850.897102384));
#207967=DIRECTION('Axis2P3D Direction',(-0.9533817982817961,0.2996929436069359,-0.03531694008799245));
#207968=DIRECTION('Axis2P3D XDirection',(0.05014789645250626,0.272751770727034,0.9607765921621199));
#207969=AXIS2_PLACEMENT_3D('Cylinder Axis2P3D',#207966,#207967,#207968);
#207970=CYLINDRICAL_SURFACE('generated cylinder',#207969,4.);
#207971=B_SPLINE_CURVE_WITH_KNOTS('',5,(#207972,#207973,#207974,#207975,#207976,#207977,#207978,#207979,#207980),.UNSPECIFIED.,.F.,.U.,(6,3,6),(0.490262943931,5.31417036719,12.8538921058),.UNSPECIFIED.);
#207972=CARTESIAN_POINT('Control Point',(8915.73970616,-2472.21698074,854.399908097));
#207973=CARTESIAN_POINT('Control Point',(8915.45356652,-2471.70854754,854.045728915));
#207974=CARTESIAN_POINT('Control Point',(8915.044243660001,-2471.28115023,853.672812312));
#207975=CARTESIAN_POINT('Control Point',(8914.59901091,-2470.91639709,853.311793564));
#207976=CARTESIAN_POINT('Control Point',(8913.35817333,-2470.0901589,852.390571161));
#207977=CARTESIAN_POINT('Control Point',(8911.952177769999,-2469.51300602,851.506830646));
#207978=CARTESIAN_POINT('Control Point',(8911.06540112,-2469.22812251,850.984732062));
#207979=CARTESIAN_POINT('Control Point',(8910.15081019,-2469.00664438,850.478512239));
#207980=CARTESIAN_POINT('Control Point',(8909.215518069999,-2468.84876537,849.991428099));
#207981=CARTESIAN_POINT('Vertex',(8915.739706050001,-2472.21698128,854.399906481));
#207982=VERTEX_POINT('',#207981);
#207983=EDGE_CURVE('',#207982,#207542,#207971,.T.);
#207984=B_SPLINE_CURVE_WITH_KNOTS('',3,(#207985,#207986,#207987,#207988),.UNSPECIFIED.,.F.,.U.,(4,4),(6.49911524993,8.9222016267),.UNSPECIFIED.);
#207985=CARTESIAN_POINT('Control Point',(8915.73970616,-2472.21698074,854.399908097));
#207986=CARTESIAN_POINT('Control Point',(8915.660914780001,-2472.6455229,854.769159551));
#207987=CARTESIAN_POINT('Control Point',(8915.567850240001,-2473.15169594,855.044710907));
#207988=CARTESIAN_POINT('Control Point',(8915.46862526,-2473.69137543,855.203097845));
#207989=CARTESIAN_POINT('Vertex',(8915.46862526,-2473.69137543,855.203097845));
#207990=VERTEX_POINT('',#207989);
#207991=EDGE_CURVE('',#207982,#207990,#207984,.T.);
#207992=CARTESIAN_POINT('Line Origine',(8902.972921099999,-2469.76338523,854.740208753));
#207993=DIRECTION('Vector Direction',(-0.9533817982817961,0.2996929436069359,-0.03531694008799245));
#207994=VECTOR('Line Direction',#207993,1.);
#207995=LINE('Line',#207992,#207994);
#207996=CARTESIAN_POINT('Vertex',(8852.39612377,-2453.86470823,852.866649048));
#207997=VERTEX_POINT('',#207996);
#207998=EDGE_CURVE('',#207990,#207997,#207995,.T.);
#207999=CARTESIAN_POINT('Axis2P3D Location',(8852.19553218,-2454.95571531,849.023542679));
#208000=DIRECTION('Axis2P3D Direction',(-0.9533817982817961,0.2996929436069359,-0.03531694008799245));
#208001=AXIS2_PLACEMENT_3D('Circle Axis2P3D',#207999,#208000,$);
#208002=CIRCLE('generated circle',#208001,4.);
#208003=EDGE_CURVE('',#207997,#207544,#208002,.T.);
#208004=EDGE_LOOP('',(#208005,#208006,#208007,#208008,#208009));
#208005=ORIENTED_EDGE('',*,*,#207983,.F.);
#208006=ORIENTED_EDGE('',*,*,#207991,.T.);
#208007=ORIENTED_EDGE('',*,*,#207998,.T.);
#208008=ORIENTED_EDGE('',*,*,#208003,.T.);
#208009=ORIENTED_EDGE('',*,*,#207545,.F.);
#208010=FACE_OUTER_BOUND('',#208004,.T.);
#208011=ADVANCED_FACE('PartBody',(#208010),#207970,.F.);
#208012=B_SPLINE_CURVE_WITH_KNOTS('',5,(#208013,#208014,#208015,#208016,#208017,#208018),.UNSPECIFIED.,.F.,.U.,(6,6),(-2.70006239589E-013,6.28318530718),.UNSPECIFIED.);
#208013=CARTESIAN_POINT('Control Point',(8854.937376809999,-2463.5005852,851.306207212));
#208014=CARTESIAN_POINT('Control Point',(8855.00039451,-2463.15783522,852.513554686));
#208015=CARTESIAN_POINT('Control Point',(8854.80798243,-2462.40690236,853.619576954));
#208016=CARTESIAN_POINT('Control Point',(8854.34196,-2461.3124296,854.367247202));
#208017=CARTESIAN_POINT('Control Point',(8853.713552900001,-2460.13563501,854.578118806));
#208018=CARTESIAN_POINT('Control Point',(8853.06107879,-2459.09402249,854.316474781));
#208019=CARTESIAN_POINT('Axis1P Location',(8851.30282001,-2457.69836285,849.848739312));
#208020=DIRECTION('Axis1P Direction',(-0.05014789645250626,-0.272751770727034,-0.9607765921621199));
#208021=AXIS1_PLACEMENT('Revolution Surface Axis1P',#208019,#208020);
#208022=SURFACE_OF_REVOLUTION('homeo Torus',#208012,#208021);
#208023=CARTESIAN_POINT('Axis2P3D Location',(8851.503411600001,-2456.60735577,853.69184568));
#208024=DIRECTION('Axis2P3D Direction',(0.05014789645250626,0.272751770727034,0.9607765921621199));
#208025=AXIS2_PLACEMENT_3D('Circle Axis2P3D',#208023,#208024,$);
#208026=CIRCLE('generated circle',#208025,3.);
#208027=CARTESIAN_POINT('Vertex',(8848.552867459999,-2456.06487136,853.69184568));
#208028=VERTEX_POINT('',#208027);
#208029=EDGE_CURVE('',#207997,#208028,#208026,.T.);
#208030=CARTESIAN_POINT('Axis2P3D Location',(8848.352275880001,-2457.15587845,849.848739312));
#208031=DIRECTION('Axis2P3D Direction',(0.1737354387629714,0.9449379119098446,-0.2773235293899544));
#208032=AXIS2_PLACEMENT_3D('Circle Axis2P3D',#208030,#208031,$);
#208033=CIRCLE('generated circle',#208032,4.);
#208034=EDGE_CURVE('',#208028,#207573,#208033,.F.);
#208035=EDGE_LOOP('',(#208036,#208037,#208038,#208039));
#208036=ORIENTED_EDGE('',*,*,#208029,.T.);
#208037=ORIENTED_EDGE('',*,*,#208034,.T.);
#208038=ORIENTED_EDGE('',*,*,#207574,.F.);
#208039=ORIENTED_EDGE('',*,*,#208003,.F.);
#208040=FACE_OUTER_BOUND('',#208035,.T.);
#208041=ADVANCED_FACE('PartBody',(#208040),#208022,.T.);
#208042=CARTESIAN_POINT('Axis2P3D Location',(8836.58148072,-2521.17661412,868.637758302));
#208043=DIRECTION('Axis2P3D Direction',(-0.1737354387629714,-0.9449379119098446,0.2773235293899544));
#208044=DIRECTION('Axis2P3D XDirection',(0.05014789645250626,0.272751770727034,0.9607765921621199));
#208045=AXIS2_PLACEMENT_3D('Cylinder Axis2P3D',#208042,#208043,#208044);
#208046=CYLINDRICAL_SURFACE('generated cylinder',#208045,4.);
#208047=B_SPLINE_CURVE_WITH_KNOTS('',2,(#208048,#208049,#208050),.UNSPECIFIED.,.F.,.U.,(3,3),(0.,0.0158552882117),.UNSPECIFIED.);
#208048=CARTESIAN_POINT('Control Point',(8823.83777625,-2582.01207263,890.4187701880001));
#208049=CARTESIAN_POINT('Control Point',(8823.836114109999,-2582.01727489,890.420034103));
#208050=CARTESIAN_POINT('Control Point',(8823.83445267,-2582.02247738,890.421298038));
#208051=CARTESIAN_POINT('Vertex',(8823.83777625,-2582.01207263,890.4187701880001));
#208052=VERTEX_POINT('',#208051);
#208053=CARTESIAN_POINT('Vertex',(8823.83445267,-2582.02247738,890.421298038));
#208054=VERTEX_POINT('',#208053);
#208055=EDGE_CURVE('',#208052,#208054,#208047,.T.);
#208056=B_SPLINE_CURVE_WITH_KNOTS('',3,(#208057,#208058,#208059,#208060),.UNSPECIFIED.,.F.,.U.,(4,4),(0.,0.293511700705),.UNSPECIFIED.);
#208057=CARTESIAN_POINT('Control Point',(8823.88679396,-2581.81730365,890.366500921));
#208058=CARTESIAN_POINT('Control Point',(8823.8747747,-2581.88267575,890.385686543));
#208059=CARTESIAN_POINT('Control Point',(8823.85828916,-2581.94787002,890.4031718700001));
#208060=CARTESIAN_POINT('Control Point',(8823.83777625,-2582.01207263,890.4187701880001));
#208061=CARTESIAN_POINT('Vertex',(8823.88679396,-2581.81730365,890.366500921));
#208062=VERTEX_POINT('',#208061);
#208063=EDGE_CURVE('',#208062,#208052,#208056,.T.);
#208064=CARTESIAN_POINT('Line Origine',(8835.27221499,-2519.8925976,872.192631693));
#208065=DIRECTION('Vector Direction',(-0.1737354387629714,-0.9449379119098446,0.2773235293899544));
#208066=VECTOR('Line Direction',#208065,1.);
#208067=LINE('Line',#208064,#208066);
#208068=CARTESIAN_POINT('Vertex',(8828.65752484,-2555.86954933,882.751267457));
#208069=VERTEX_POINT('',#208068);
#208070=EDGE_CURVE('',#208062,#208069,#208067,.F.);
#208071=B_SPLINE_CURVE_WITH_KNOTS('',5,(#208072,#208073,#208074,#208075,#208076,#208077,#208078,#208079,#208080,#208081,#208082,#208083,#208084,#208085,#208086),.UNSPECIFIED.,.F.,.U.,(6,3,3,3,6),(0.,2.06181711833,3.76585435409,4.66177814703,9.17653276755),.UNSPECIFIED.);
#208072=CARTESIAN_POINT('Control Point',(8828.65752484,-2555.86954933,882.7512674560001));
#208073=CARTESIAN_POINT('Control Point',(8828.70818349,-2555.59401963,882.670404082));
#208074=CARTESIAN_POINT('Control Point',(8828.74761235,-2555.31416759,882.583843534));
#208075=CARTESIAN_POINT('Control Point',(8828.767820499999,-2555.0260017,882.487732047));
#208076=CARTESIAN_POINT('Control Point',(8828.69466504,-2554.51838339,882.276490181));
#208077=CARTESIAN_POINT('Control Point',(8828.468405989999,-2554.10538223,882.005480155));
#208078=CARTESIAN_POINT('Control Point',(8828.343576110001,-2553.94467227,881.871076228));
#208079=CARTESIAN_POINT('Control Point',(8828.14127778,-2553.72980626,881.649052323));
#208080=CARTESIAN_POINT('Control Point',(8827.93161935,-2553.55644426,881.401144003));
#208081=CARTESIAN_POINT('Control Point',(8827.85923459,-2553.50118099,881.312523101));
#208082=CARTESIAN_POINT('Control Point',(8827.42647111,-2553.19406376,880.76032355));
#208083=CARTESIAN_POINT('Control Point',(8827.033816859999,-2553.03695241,880.103327166));
#208084=CARTESIAN_POINT('Control Point',(8826.79373591,-2552.98777773,879.493818502));
#208085=CARTESIAN_POINT('Control Point',(8826.65958861,-2553.02081173,878.856584261));
#208086=CARTESIAN_POINT('Control Point',(8826.64097475,-2553.12205153,878.225491973));
#208087=EDGE_CURVE('',#208069,#207597,#208071,.T.);
#208088=CARTESIAN_POINT('Line Origine',(8836.7820723,-2520.08560704,872.48086467));
#208089=DIRECTION('Vector Direction',(-0.1737354387629714,-0.9449379119098446,0.2773235293899544));
#208090=VECTOR('Line Direction',#208089,1.);
#208091=LINE('Line',#208088,#208090);
#208092=CARTESIAN_POINT('Vertex',(8825.35874802,-2582.21646689,890.715236602));
#208093=VERTEX_POINT('',#208092);
#208094=EDGE_CURVE('',#208028,#208093,#208091,.T.);
#208095=CARTESIAN_POINT('Axis2P3D Location',(8825.15815643,-2583.30747397,886.872130233));
#208096=DIRECTION('Axis2P3D Direction',(-0.1737354387629714,-0.9449379119098446,0.2773235293899544));
#208097=AXIS2_PLACEMENT_3D('Circle Axis2P3D',#208095,#208096,$);
#208098=CIRCLE('generated circle',#208097,4.);
#208099=EDGE_CURVE('',#208093,#208054,#208098,.T.);
#208100=EDGE_LOOP('',(#208101,#208102,#208103,#208104,#208105,#208106,#208107,#208108));
#208101=ORIENTED_EDGE('',*,*,#208055,.F.);
#208102=ORIENTED_EDGE('',*,*,#208063,.F.);
#208103=ORIENTED_EDGE('',*,*,#208070,.T.);
#208104=ORIENTED_EDGE('',*,*,#208087,.T.);
#208105=ORIENTED_EDGE('',*,*,#207598,.F.);
#208106=ORIENTED_EDGE('',*,*,#208034,.F.);
#208107=ORIENTED_EDGE('',*,*,#208094,.T.);
#208108=ORIENTED_EDGE('',*,*,#208099,.T.);
#208109=FACE_OUTER_BOUND('',#208100,.T.);
#208110=ADVANCED_FACE('PartBody',(#208109),#208046,.F.);
#208111=CARTESIAN_POINT('Axis2P3D Location',(8832.53085431,-2559.7980968,879.501062288));
#208112=DIRECTION('Axis2P3D Direction',(0.05014789645250626,0.272751770727034,0.9607765921621199));
#208113=DIRECTION('Axis2P3D XDirection',(0.1737354387620016,0.9449379119100085,-0.2773235293900025));
#208114=AXIS2_PLACEMENT_3D('Torus Axis2P3D',#208111,#208112,#208113);
#208115=TOROIDAL_SURFACE('homeo Torus',#208114,5.,4.);
#208116=CARTESIAN_POINT('Axis2P3D Location',(8832.73144589,-2558.70708972,883.344168657));
#208117=DIRECTION('Axis2P3D Direction',(0.05014789645250626,0.272751770727034,0.9607765921621199));
#208118=AXIS2_PLACEMENT_3D('Circle Axis2P3D',#208116,#208117,$);
#208119=CIRCLE('generated circle',#208118,5.);
#208120=EDGE_CURVE('',#208069,#207945,#208119,.T.);
#208121=EDGE_LOOP('',(#208122,#208123,#208124,#208125,#208126));
#208122=ORIENTED_EDGE('',*,*,#207608,.T.);
#208123=ORIENTED_EDGE('',*,*,#208087,.F.);
#208124=ORIENTED_EDGE('',*,*,#208120,.T.);
#208125=ORIENTED_EDGE('',*,*,#207958,.T.);
#208126=ORIENTED_EDGE('',*,*,#207631,.F.);
#208127=FACE_OUTER_BOUND('',#208121,.T.);
#208128=ADVANCED_FACE('PartBody',(#208127),#208115,.F.);
#208129=CARTESIAN_POINT('Axis2P3D Location',(8828.854536839999,-2579.51443522,920.314990453));
#208130=DIRECTION('Axis2P3D Direction',(0.04298472716919739,0.2337916698209858,0.9713360738449411));
#208131=DIRECTION('Axis2P3D XDirection',(-0.8358965207701287,-0.5240844389210806,0.1631334038300251));
#208132=AXIS2_PLACEMENT_3D('Cylinder Axis2P3D',#208129,#208130,#208131);
#208133=CYLINDRICAL_SURFACE('generated cylinder',#208132,7.);
#208134=B_SPLINE_CURVE_WITH_KNOTS('',4,(#208135,#208136,#208137,#208138,#208139),.UNSPECIFIED.,.F.,.U.,(5,5),(0.,8.29800656235),.UNSPECIFIED.);
#208135=CARTESIAN_POINT('Control Point',(8827.896636650001,-2585.64480486,924.409408736));
#208136=CARTESIAN_POINT('Control Point',(8826.44821803,-2585.41288053,924.417960192));
#208137=CARTESIAN_POINT('Control Point',(8825.060254419999,-2584.78750696,924.325884708));
#208138=CARTESIAN_POINT('Control Point',(8823.91313798,-2583.8012477,924.13303237));
#208139=CARTESIAN_POINT('Control Point',(8823.11011111,-2582.60187527,923.871436983));
#208140=CARTESIAN_POINT('Vertex',(8827.896636650001,-2585.64480486,924.409408736));
#208141=VERTEX_POINT('',#208140);
#208142=CARTESIAN_POINT('Vertex',(8823.11011111,-2582.60187527,923.871436983));
#208143=VERTEX_POINT('',#208142);
#208144=EDGE_CURVE('',#208141,#208143,#208134,.T.);
#208145=CARTESIAN_POINT('Line Origine',(8827.78906085,-2586.22990399,921.978492814));
#208146=DIRECTION('Vector Direction',(0.04298472716919739,0.2337916698209858,0.9713360738449411));
#208147=VECTOR('Line Direction',#208146,1.);
#208148=LINE('Line',#208145,#208147);
#208149=CARTESIAN_POINT('Vertex',(8826.888715040001,-2591.1268375,901.633164981));
#208150=VERTEX_POINT('',#208149);
#208151=EDGE_CURVE('',#208141,#208150,#208148,.F.);
#208152=B_SPLINE_CURVE_WITH_KNOTS('',4,(#208153,#208154,#208155,#208156,#208157),.UNSPECIFIED.,.F.,.U.,(5,5),(20.7417047721,27.1272466852),.UNSPECIFIED.);
#208153=CARTESIAN_POINT('Control Point',(8826.888715040001,-2591.1268375,901.633164992));
#208154=CARTESIAN_POINT('Control Point',(8825.440174060001,-2590.8948106,901.642052135));
#208155=CARTESIAN_POINT('Control Point',(8824.051222759999,-2590.26980209,901.546280447));
#208156=CARTESIAN_POINT('Control Point',(8822.9044921,-2589.28551968,901.345883315));
#208157=CARTESIAN_POINT('Control Point',(8822.10125725,-2588.08897832,901.074127161));
#208158=CARTESIAN_POINT('Vertex',(8822.10125725,-2588.08897832,901.074127161));
#208159=VERTEX_POINT('',#208158);
#208160=EDGE_CURVE('',#208150,#208159,#208152,.T.);
#208161=CARTESIAN_POINT('Line Origine',(8823.0032612,-2583.1830263,921.456924279));
#208162=DIRECTION('Vector Direction',(0.04298472716919739,0.2337916698209858,0.9713360738449411));
#208163=VECTOR('Line Direction',#208162,1.);
#208164=LINE('Line',#208161,#208163);
#208165=EDGE_CURVE('',#208143,#208159,#208164,.F.);
#208166=EDGE_LOOP('',(#208167,#208168,#208169,#208170));
#208167=ORIENTED_EDGE('',*,*,#208144,.F.);
#208168=ORIENTED_EDGE('',*,*,#208151,.T.);
#208169=ORIENTED_EDGE('',*,*,#208160,.T.);
#208170=ORIENTED_EDGE('',*,*,#208165,.F.);
#208171=FACE_OUTER_BOUND('',#208166,.T.);
#208172=ADVANCED_FACE('PartBody',(#208171),#208133,.F.);
#208173=CARTESIAN_POINT('Axis2P3D Location',(8818.422875820001,-2586.75963344,886.4967492759999));
#208174=DIRECTION('Axis2P3D Direction',(0.8358965207701287,0.5240844389210806,-0.1631334038300251));
#208175=DIRECTION('Axis2P3D XDirection',(0.04298472716919739,0.2337916698209858,0.9713360738449411));
#208176=AXIS2_PLACEMENT_3D('Plane Axis2P3D',#208173,#208174,#208175);
#208177=PLANE('',#208176);
#208178=B_SPLINE_CURVE_WITH_KNOTS('',1,(#208179,#208180),.UNSPECIFIED.,.F.,.U.,(2,2),(21.5907121118,24.4327791013),.UNSPECIFIED.);
#208179=CARTESIAN_POINT('Control Point',(8820.543122679999,-2585.78232334,900.500625421));
#208180=CARTESIAN_POINT('Control Point',(8822.10125725,-2588.08897831,901.074127171));
#208181=CARTESIAN_POINT('Vertex',(8820.543122679999,-2585.78232334,900.500625421));
#208182=VERTEX_POINT('',#208181);
#208183=EDGE_CURVE('',#208159,#208182,#208178,.F.);
#208184=CARTESIAN_POINT('Line Origine',(8821.44728946,-2580.86460777,920.932296675));
#208185=DIRECTION('Vector Direction',(0.04298472716919739,0.2337916698209858,0.9713360738449411));
#208186=VECTOR('Line Direction',#208185,1.);
#208187=LINE('Line',#208184,#208186);
#208188=CARTESIAN_POINT('Vertex',(8821.55493643,-2580.27912159,923.364820659));
#208189=VERTEX_POINT('',#208188);
#208190=EDGE_CURVE('',#208189,#208182,#208187,.F.);
#208191=B_SPLINE_CURVE_WITH_KNOTS('',1,(#208192,#208193),.UNSPECIFIED.,.F.,.U.,(2,2),(-1.42042362043,1.42042362043),.UNSPECIFIED.);
#208192=CARTESIAN_POINT('Control Point',(8823.11011111,-2582.60187527,923.871436983));
#208193=CARTESIAN_POINT('Control Point',(8821.55493643,-2580.27912159,923.364820659));
#208194=EDGE_CURVE('',#208143,#208189,#208191,.T.);
#208195=EDGE_LOOP('',(#208196,#208197,#208198,#208199));
#208196=ORIENTED_EDGE('',*,*,#208165,.T.);
#208197=ORIENTED_EDGE('',*,*,#208183,.T.);
#208198=ORIENTED_EDGE('',*,*,#208190,.F.);
#208199=ORIENTED_EDGE('',*,*,#208194,.F.);
#208200=FACE_OUTER_BOUND('',#208195,.T.);
#208201=ADVANCED_FACE('PartBody',(#208200),#208177,.T.);
#208202=CARTESIAN_POINT('Axis2P3D Location',(8827.296931340001,-2577.20490266,919.753444251));
#208203=DIRECTION('Axis2P3D Direction',(0.04298472716919739,0.2337916698209858,0.9713360738449411));
#208204=DIRECTION('Axis2P3D XDirection',(-0.9835147105149434,0.1808281344279896,-6.496390726949626e-14));
#208205=AXIS2_PLACEMENT_3D('Cylinder Axis2P3D',#208202,#208203,#208204);
#208206=CYLINDRICAL_SURFACE('generated cylinder',#208205,7.);
#208207=B_SPLINE_CURVE_WITH_KNOTS('',4,(#208208,#208209,#208210,#208211,#208212),.UNSPECIFIED.,.F.,.U.,(5,5),(0.,7.48760458528),.UNSPECIFIED.);
#208208=CARTESIAN_POINT('Control Point',(8821.55493643,-2580.27912159,923.364820659));
#208209=CARTESIAN_POINT('Control Point',(8820.830334959999,-2579.19688257,923.1287732660001));
#208210=CARTESIAN_POINT('Control Point',(8820.384288560001,-2577.93901783,922.83630403));
#208211=CARTESIAN_POINT('Control Point',(8820.287975040001,-2576.61545695,922.5115006140001));
#208212=CARTESIAN_POINT('Control Point',(8820.520019809999,-2575.35337764,922.186973257));
#208213=CARTESIAN_POINT('Vertex',(8820.520019809999,-2575.35337764,922.186973257));
#208214=VERTEX_POINT('',#208213);
#208215=EDGE_CURVE('',#208189,#208214,#208207,.T.);
#208216=B_SPLINE_CURVE_WITH_KNOTS('',4,(#208217,#208218,#208219,#208220,#208221),.UNSPECIFIED.,.F.,.U.,(5,5),(21.0532721363,26.8156517498),.UNSPECIFIED.);
#208217=CARTESIAN_POINT('Control Point',(8820.543122679999,-2585.78232335,900.500625406));
#208218=CARTESIAN_POINT('Control Point',(8819.818042360001,-2584.70220508,900.25531119));
#208219=CARTESIAN_POINT('Control Point',(8819.37138047,-2583.44651926,899.9512449920001));
#208220=CARTESIAN_POINT('Control Point',(8819.274731830001,-2582.12643344,899.613819185));
#208221=CARTESIAN_POINT('Control Point',(8819.50616499,-2580.86768066,899.276655504));
#208222=CARTESIAN_POINT('Vertex',(8819.50616499,-2580.86768066,899.276655504));
#208223=VERTEX_POINT('',#208222);
#208224=EDGE_CURVE('',#208182,#208223,#208216,.T.);
#208225=CARTESIAN_POINT('Line Origine',(8820.412328369999,-2575.93910572,919.753444251));
#208226=DIRECTION('Vector Direction',(0.04298472716919739,0.2337916698209858,0.9713360738449411));
#208227=VECTOR('Line Direction',#208226,1.);
#208228=LINE('Line',#208225,#208227);
#208229=EDGE_CURVE('',#208214,#208223,#208228,.F.);
#208230=EDGE_LOOP('',(#208231,#208232,#208233,#208234));
#208231=ORIENTED_EDGE('',*,*,#208215,.F.);
#208232=ORIENTED_EDGE('',*,*,#208190,.T.);
#208233=ORIENTED_EDGE('',*,*,#208224,.T.);
#208234=ORIENTED_EDGE('',*,*,#208229,.F.);
#208235=FACE_OUTER_BOUND('',#208230,.T.);
#208236=ADVANCED_FACE('PartBody',(#208235),#208206,.F.);
#208237=CARTESIAN_POINT('Axis2P3D Location',(8811.77974408,-2622.89127752,907.134334689));
#208238=DIRECTION('Axis2P3D Direction',(0.9835147105149434,-0.1808281344279896,6.313005673769637e-14));
#208239=DIRECTION('Axis2P3D XDirection',(0.1737354387629714,0.9449379119098446,-0.2773235293899544));
#208240=AXIS2_PLACEMENT_3D('Plane Axis2P3D',#208237,#208238,#208239);
#208241=PLANE('',#208240);
#208242=CARTESIAN_POINT('Line Origine',(8821.9086252,-2567.80082597,895.441751436));
#208243=DIRECTION('Vector Direction',(0.1737354387629714,0.9449379119098446,-0.2773235293899544));
#208244=VECTOR('Line Direction',#208243,1.);
#208245=LINE('Line',#208242,#208244);
#208246=CARTESIAN_POINT('Vertex',(8824.31108541,-2554.73397128,891.60684735));
#208247=VERTEX_POINT('',#208246);
#208248=EDGE_CURVE('',#208223,#208247,#208245,.T.);
#208249=CARTESIAN_POINT('Line Origine',(8824.92590276,-2551.39001204,903.386047739));
#208250=DIRECTION('Vector Direction',(0.0501478964524065,0.2727517707270354,0.9607765921621245));
#208251=VECTOR('Line Direction',#208250,1.);
#208252=LINE('Line',#208249,#208251);
#208253=CARTESIAN_POINT('Vertex',(8825.540720110001,-2548.0460528,915.165248128));
#208254=VERTEX_POINT('',#208253);
#208255=EDGE_CURVE('',#208247,#208254,#208252,.T.);
#208256=CARTESIAN_POINT('Line Origine',(8823.030369960001,-2561.69971522,918.676110692));
#208257=DIRECTION('Vector Direction',(0.1753088635220482,0.9534956864032623,-0.2451790741090674));
#208258=VECTOR('Line Direction',#208257,1.);
#208259=LINE('Line',#208256,#208258);
#208260=EDGE_CURVE('',#208214,#208254,#208259,.T.);
#208261=EDGE_LOOP('',(#208262,#208263,#208264,#208265));
#208262=ORIENTED_EDGE('',*,*,#208229,.T.);
#208263=ORIENTED_EDGE('',*,*,#208248,.T.);
#208264=ORIENTED_EDGE('',*,*,#208255,.T.);
#208265=ORIENTED_EDGE('',*,*,#208260,.F.);
#208266=FACE_OUTER_BOUND('',#208261,.T.);
#208267=ADVANCED_FACE('PartBody',(#208266),#208241,.T.);
#208268=CARTESIAN_POINT('Axis2P3D Location',(8834.20830144,-2550.67455007,911.639039296));
#208269=DIRECTION('Axis2P3D Direction',(0.05014789645250626,0.272751770727034,0.9607765921621199));
#208270=DIRECTION('Axis2P3D XDirection',(0.1737354387620016,0.9449379119100085,-0.2773235293900025));
#208271=AXIS2_PLACEMENT_3D('Cylinder Axis2P3D',#208268,#208269,#208270);
#208272=CYLINDRICAL_SURFACE('generated cylinder',#208271,9.);
#208273=CARTESIAN_POINT('Line Origine',(8828.30649452,-2544.06337709,910.070260511));
#208274=DIRECTION('Vector Direction',(0.05014789645250626,0.272751770727034,0.9607765921621199));
#208275=VECTOR('Line Direction',#208274,1.);
#208276=LINE('Line',#208273,#208275);
#208277=CARTESIAN_POINT('Vertex',(8827.260910880001,-2549.75025151,890.038068564));
#208278=VERTEX_POINT('',#208277);
#208279=CARTESIAN_POINT('Vertex',(8828.499996410001,-2543.01093049,913.77753637));
#208280=VERTEX_POINT('',#208279);
#208281=EDGE_CURVE('',#208278,#208280,#208276,.T.);
#208282=B_SPLINE_CURVE_WITH_KNOTS('',4,(#208283,#208284,#208285,#208286,#208287),.UNSPECIFIED.,.F.,.U.,(5,5),(11.343450272,19.99835193),.UNSPECIFIED.);
#208283=CARTESIAN_POINT('Control Point',(8828.499996140001,-2543.01093072,913.777536434));
#208284=CARTESIAN_POINT('Control Point',(8827.34584631,-2543.97199482,914.069361503));
#208285=CARTESIAN_POINT('Control Point',(8826.41824909,-2545.1902456,914.414795655));
#208286=CARTESIAN_POINT('Control Point',(8825.80894003,-2546.58721879,914.7901278430001));
#208287=CARTESIAN_POINT('Control Point',(8825.540720110001,-2548.0460528,915.165248128));
#208288=EDGE_CURVE('',#208280,#208254,#208282,.T.);
#208289=CARTESIAN_POINT('Axis2P3D Location',(8833.1627178,-2556.36142449,891.60684735));
#208290=DIRECTION('Axis2P3D Direction',(0.05014789645250626,0.272751770727034,0.9607765921621199));
#208291=AXIS2_PLACEMENT_3D('Circle Axis2P3D',#208289,#208290,$);
#208292=CIRCLE('generated circle',#208291,9.);
#208293=EDGE_CURVE('',#208247,#208278,#208292,.F.);
#208294=EDGE_LOOP('',(#208295,#208296,#208297,#208298));
#208295=ORIENTED_EDGE('',*,*,#208281,.T.);
#208296=ORIENTED_EDGE('',*,*,#208288,.T.);
#208297=ORIENTED_EDGE('',*,*,#208255,.F.);
#208298=ORIENTED_EDGE('',*,*,#208293,.T.);
#208299=FACE_OUTER_BOUND('',#208294,.T.);
#208300=ADVANCED_FACE('PartBody',(#208299),#208272,.F.);
#208301=CARTESIAN_POINT('Axis2P3D Location',(8821.08183834,-2583.35790198,923.965637951));
#208302=DIRECTION('Axis2P3D Direction',(-0.9835147105149434,0.1808281344279896,-6.816075481809608e-14));
#208303=DIRECTION('Axis2P3D XDirection',(0.1737354387629714,0.9449379119098446,-0.2773235293899544));
#208304=AXIS2_PLACEMENT_3D('Plane Axis2P3D',#208301,#208302,#208303);
#208305=PLANE('',#208304);
#208306=B_SPLINE_CURVE_WITH_KNOTS('',5,(#208307,#208308,#208309,#208310,#208311,#208312),.UNSPECIFIED.,.F.,.U.,(6,6),(0.,0.42491339249),.UNSPECIFIED.);
#208307=CARTESIAN_POINT('Control Point',(8827.260910880001,-2549.75025151,890.038068564));
#208308=CARTESIAN_POINT('Control Point',(8827.257897400001,-2549.76664166,889.980333742));
#208309=CARTESIAN_POINT('Control Point',(8827.254572010001,-2549.7847283,889.923096831));
#208310=CARTESIAN_POINT('Control Point',(8827.2509309,-2549.80453208,889.866312512));
#208311=CARTESIAN_POINT('Control Point',(8827.246990629999,-2549.82596301,889.810233896));
#208312=CARTESIAN_POINT('Control Point',(8827.24274951,-2549.84903028,889.754811079));
#208313=CARTESIAN_POINT('Vertex',(8827.24274951,-2549.84903028,889.754811079));
#208314=VERTEX_POINT('',#208313);
#208315=EDGE_CURVE('',#208278,#208314,#208306,.T.);
#208316=CARTESIAN_POINT('Line Origine',(8836.13137065,-2501.50428747,875.566434749));
#208317=DIRECTION('Vector Direction',(0.1737354387629714,0.9449379119098446,-0.2773235293899544));
#208318=VECTOR('Line Direction',#208317,1.);
#208319=LINE('Line',#208316,#208318);
#208320=CARTESIAN_POINT('Vertex',(8845.019991790001,-2453.15954466,861.378058418));
#208321=VERTEX_POINT('',#208320);
#208322=EDGE_CURVE('',#208314,#208321,#208319,.T.);
#208323=CARTESIAN_POINT('Line Origine',(8845.73251706,-2449.2841572,875.029231236));
#208324=DIRECTION('Vector Direction',(0.0501478964524065,0.2727517707270354,0.9607765921621245));
#208325=VECTOR('Line Direction',#208324,1.);
#208326=LINE('Line',#208323,#208325);
#208327=CARTESIAN_POINT('Vertex',(8846.44504233,-2445.40876974,888.680404054));
#208328=VERTEX_POINT('',#208327);
#208329=EDGE_CURVE('',#208321,#208328,#208326,.T.);
#208330=CARTESIAN_POINT('Line Origine',(8837.47251937,-2494.20985011,901.228970212));
#208331=DIRECTION('Vector Direction',(0.1753088635220482,0.9534956864032623,-0.2451790741090674));
#208332=VECTOR('Line Direction',#208331,1.);
#208333=LINE('Line',#208330,#208332);
#208334=EDGE_CURVE('',#208280,#208328,#208333,.T.);
#208335=EDGE_LOOP('',(#208336,#208337,#208338,#208339,#208340));
#208336=ORIENTED_EDGE('',*,*,#208281,.F.);
#208337=ORIENTED_EDGE('',*,*,#208315,.T.);
#208338=ORIENTED_EDGE('',*,*,#208322,.T.);
#208339=ORIENTED_EDGE('',*,*,#208329,.T.);
#208340=ORIENTED_EDGE('',*,*,#208334,.F.);
#208341=FACE_OUTER_BOUND('',#208335,.T.);
#208342=ADVANCED_FACE('PartBody',(#208341),#208305,.F.);
#208343=CARTESIAN_POINT('Axis2P3D Location',(8852.642280370001,-2450.41310839,875.511274642));
#208344=DIRECTION('Axis2P3D Direction',(0.05014789645250626,0.272751770727034,0.9607765921621199));
#208345=DIRECTION('Axis2P3D XDirection',(0.297570722999937,0.9142158449278066,-0.2750655443639418));
#208346=AXIS2_PLACEMENT_3D('Cylinder Axis2P3D',#208343,#208344,#208345);
#208347=CYLINDRICAL_SURFACE('generated cylinder',#208346,7.);
#208348=B_SPLINE_CURVE_WITH_KNOTS('',5,(#208349,#208350,#208351,#208352,#208353,#208354),.UNSPECIFIED.,.F.,.U.,(6,6),(0.,16.8183439714),.UNSPECIFIED.);
#208349=CARTESIAN_POINT('Control Point',(8855.42423995,-2440.21196627,886.977179957));
#208350=CARTESIAN_POINT('Control Point',(8853.15717352,-2439.49640877,886.902875486));
#208351=CARTESIAN_POINT('Control Point',(8850.58521386,-2439.70892987,887.073353891));
#208352=CARTESIAN_POINT('Control Point',(8848.26822964,-2441.05159199,887.513271387));
#208353=CARTESIAN_POINT('Control Point',(8846.86200974,-2443.14090598,888.097252242));
#208354=CARTESIAN_POINT('Control Point',(8846.44504233,-2445.40876974,888.680404054));
#208355=CARTESIAN_POINT('Vertex',(8855.42423995,-2440.21196627,886.977179957));
#208356=VERTEX_POINT('',#208355);
#208357=EDGE_CURVE('',#208356,#208328,#208348,.T.);
#208358=CARTESIAN_POINT('Axis2P3D Location',(8851.90459477,-2454.4253416,861.378058418));
#208359=DIRECTION('Axis2P3D Direction',(0.05014789645250626,0.272751770727034,0.9607765921621199));
#208360=AXIS2_PLACEMENT_3D('Circle Axis2P3D',#208358,#208359,$);
#208361=CIRCLE('generated circle',#208360,7.);
#208362=CARTESIAN_POINT('Vertex',(8853.98758983,-2448.02583069,859.452599607));
#208363=VERTEX_POINT('',#208362);
#208364=EDGE_CURVE('',#208321,#208363,#208361,.F.);
#208365=CARTESIAN_POINT('Line Origine',(8854.72527544,-2444.01359747,873.585815832));
#208366=DIRECTION('Vector Direction',(0.05014789645250626,0.272751770727034,0.9607765921621199));
#208367=VECTOR('Line Direction',#208366,1.);
#208368=LINE('Line',#208365,#208367);
#208369=EDGE_CURVE('',#208363,#208356,#208368,.T.);
#208370=EDGE_LOOP('',(#208371,#208372,#208373,#208374));
#208371=ORIENTED_EDGE('',*,*,#208357,.T.);
#208372=ORIENTED_EDGE('',*,*,#208329,.F.);
#208373=ORIENTED_EDGE('',*,*,#208364,.T.);
#208374=ORIENTED_EDGE('',*,*,#208369,.T.);
#208375=FACE_OUTER_BOUND('',#208370,.T.);
#208376=ADVANCED_FACE('PartBody',(#208375),#208347,.F.);
#208377=CARTESIAN_POINT('Line Origine',(8855.66459889,-2440.28783111,886.985057867));
#208378=DIRECTION('Vector Direction',(0.9531604592752093,-0.3008474292380661,0.03124040965030686));
#208379=VECTOR('Line Direction',#208378,1.);
#208380=LINE('Line',#208377,#208379);
#208381=CARTESIAN_POINT('Vertex',(8855.904957840001,-2440.36369596,886.992935776));
#208382=VERTEX_POINT('',#208381);
#208383=EDGE_CURVE('',#208356,#208382,#208380,.T.);
#208384=CARTESIAN_POINT('Line Origine',(8881.902439629999,-2456.80078687,860.486673343));
#208385=DIRECTION('Vector Direction',(-0.9533817982815069,0.299692943607845,-0.03531694008808173));
#208386=VECTOR('Line Direction',#208385,1.);
#208387=LINE('Line',#208384,#208386);
#208388=CARTESIAN_POINT('Vertex',(8909.817289430001,-2465.57574305,861.520747079));
#208389=VERTEX_POINT('',#208388);
#208390=EDGE_CURVE('',#208363,#208389,#208387,.F.);
#208391=CARTESIAN_POINT('Line Origine',(8882.86112363,-2452.96971951,874.256841428));
#208392=DIRECTION('Vector Direction',(-0.8327761686899122,0.3894469292649589,0.3934652998019585));
#208393=VECTOR('Line Direction',#208392,1.);
#208394=LINE('Line',#208391,#208393);
#208395=EDGE_CURVE('',#208389,#208382,#208394,.T.);
#208396=EDGE_LOOP('',(#208397,#208398,#208399,#208400));
#208397=ORIENTED_EDGE('',*,*,#208383,.F.);
#208398=ORIENTED_EDGE('',*,*,#208369,.F.);
#208399=ORIENTED_EDGE('',*,*,#208390,.T.);
#208400=ORIENTED_EDGE('',*,*,#208395,.T.);
#208401=FACE_OUTER_BOUND('',#208396,.T.);
#208402=ADVANCED_FACE('PartBody',(#208401),#207536,.T.);
#208403=B_SPLINE_CURVE_WITH_KNOTS('',5,(#208404,#208405,#208406,#208407,#208408,#208409),.UNSPECIFIED.,.F.,.U.,(6,6),(-6.28318530718,4.26325641456E-014),.UNSPECIFIED.);
#208404=CARTESIAN_POINT('Control Point',(8828.95605142,-2583.59850852,890.566871712));
#208405=CARTESIAN_POINT('Control Point',(8830.186324480001,-2583.36517391,890.461420973));
#208406=CARTESIAN_POINT('Control Point',(8831.39752792,-2583.24158338,889.876682197));
#208407=CARTESIAN_POINT('Control Point',(8832.329357959999,-2583.279128,888.82580566));
#208408=CARTESIAN_POINT('Control Point',(8832.759414509999,-2583.468847,887.559604296));
#208409=CARTESIAN_POINT('Control Point',(8832.707782539999,-2583.74967056,886.335835948));
#208410=CARTESIAN_POINT('Axis1P Location',(8825.854641170001,-2585.04944303,886.923241172));
#208411=DIRECTION('Axis1P Direction',(0.04108741553320394,0.2234722916420214,0.9738439090290933));
#208412=AXIS1_PLACEMENT('Revolution Surface Axis1P',#208410,#208411);
#208413=SURFACE_OF_REVOLUTION('homeo Torus',#208403,#208412);
#208414=CARTESIAN_POINT('Axis2P3D Location',(8826.01899083,-2584.15555387,890.818616808));
#208415=DIRECTION('Axis2P3D Direction',(-0.04108741553320394,-0.2234722916420214,-0.9738439090290933));
#208416=AXIS2_PLACEMENT_3D('Circle Axis2P3D',#208414,#208415,$);
#208417=CIRCLE('generated circle',#208416,3.);
#208418=CARTESIAN_POINT('Vertex',(8823.510689049999,-2585.73336751,891.286512396));
#208419=VERTEX_POINT('',#208418);
#208420=EDGE_CURVE('',#207921,#208419,#208417,.F.);
#208421=CARTESIAN_POINT('Axis2P3D Location',(8823.34633939,-2586.62725668,887.391136759));
#208422=DIRECTION('Axis2P3D Direction',(0.5470353014888453,-0.8206396775687679,0.1652358875209533));
#208423=AXIS2_PLACEMENT_3D('Circle Axis2P3D',#208421,#208422,$);
#208424=CIRCLE('generated circle',#208423,4.);
#208425=EDGE_CURVE('',#208419,#207827,#208424,.T.);
#208426=EDGE_LOOP('',(#208427,#208428,#208429,#208430));
#208427=ORIENTED_EDGE('',*,*,#208420,.T.);
#208428=ORIENTED_EDGE('',*,*,#208425,.T.);
#208429=ORIENTED_EDGE('',*,*,#207828,.F.);
#208430=ORIENTED_EDGE('',*,*,#207927,.F.);
#208431=FACE_OUTER_BOUND('',#208426,.T.);
#208432=ADVANCED_FACE('PartBody',(#208431),#208413,.T.);
#208433=CARTESIAN_POINT('Axis2P3D Location',(8824.50530273,-2588.36588543,887.7412098459999));
#208434=DIRECTION('Axis2P3D Direction',(0.5470353014888453,-0.8206396775687679,0.1652358875209533));
#208435=DIRECTION('Axis2P3D XDirection',(0.04108741553320394,0.2234722916420214,0.9738439090290933));
#208436=AXIS2_PLACEMENT_3D('Cylinder Axis2P3D',#208433,#208434,#208435);
#208437=CYLINDRICAL_SURFACE('generated cylinder',#208436,4.);
#208438=CARTESIAN_POINT('Line Origine',(8824.669652389999,-2587.47199626,891.636585482));
#208439=DIRECTION('Vector Direction',(0.5470353014888453,-0.8206396775687679,0.1652358875209533));
#208440=VECTOR('Line Direction',#208439,1.);
#208441=LINE('Line',#208438,#208440);
#208442=CARTESIAN_POINT('Vertex',(8825.06270321,-2588.0616348,891.755309266));
#208443=VERTEX_POINT('',#208442);
#208444=EDGE_CURVE('',#208419,#208443,#208441,.T.);
#208445=CARTESIAN_POINT('Axis2P3D Location',(8824.898353549999,-2588.95552397,887.85993363));
#208446=DIRECTION('Axis2P3D Direction',(0.5470353014888453,-0.8206396775687679,0.1652358875209533));
#208447=AXIS2_PLACEMENT_3D('Circle Axis2P3D',#208445,#208446,$);
#208448=CIRCLE('generated circle',#208447,4.);
#208449=EDGE_CURVE('',#208443,#207857,#208448,.T.);
#208450=EDGE_LOOP('',(#208451,#208452,#208453,#208454));
#208451=ORIENTED_EDGE('',*,*,#208444,.T.);
#208452=ORIENTED_EDGE('',*,*,#208449,.T.);
#208453=ORIENTED_EDGE('',*,*,#207858,.F.);
#208454=ORIENTED_EDGE('',*,*,#208425,.F.);
#208455=FACE_OUTER_BOUND('',#208450,.T.);
#208456=ADVANCED_FACE('PartBody',(#208455),#208437,.F.);
#208457=B_SPLINE_CURVE_WITH_KNOTS('',5,(#208458,#208459,#208460,#208461,#208462,#208463),.UNSPECIFIED.,.F.,.U.,(6,6),(-6.28318530718,4.01456645704E-013),.UNSPECIFIED.);
#208458=CARTESIAN_POINT('Control Point',(8829.19407293,-2584.04050161,890.6582554730001));
#208459=CARTESIAN_POINT('Control Point',(8829.87394204,-2583.01704631,890.3947143));
#208460=CARTESIAN_POINT('Control Point',(8830.53422799,-2582.1025979,889.651737593));
#208461=CARTESIAN_POINT('Control Point',(8831.03091035,-2581.51547552,888.475875243));
#208462=CARTESIAN_POINT('Control Point',(8831.245445820001,-2581.39580781,887.1477705779999));
#208463=CARTESIAN_POINT('Control Point',(8831.193813850001,-2581.67663138,885.92400223));
#208464=CARTESIAN_POINT('Axis1P Location',(8827.40665533,-2587.37771033,887.392038042));
#208465=DIRECTION('Axis1P Direction',(0.04108741553320394,0.2234722916420214,0.9738439090290933));
#208466=AXIS1_PLACEMENT('Revolution Surface Axis1P',#208464,#208465);
#208467=SURFACE_OF_REVOLUTION('homeo Torus',#208457,#208466);
#208468=B_SPLINE_CURVE_WITH_KNOTS('',3,(#208469,#208470,#208471,#208472),.UNSPECIFIED.,.F.,.U.,(4,4),(0.,0.554666919644),.UNSPECIFIED.);
#208469=CARTESIAN_POINT('Control Point',(8827.093609789999,-2589.49996956,891.997339898));
#208470=CARTESIAN_POINT('Control Point',(8826.95683676,-2589.4258229,891.9879227489999));
#208471=CARTESIAN_POINT('Control Point',(8826.823381460001,-2589.35001811,891.976675595));
#208472=CARTESIAN_POINT('Control Point',(8826.69389101,-2589.27176926,891.964182811));
#208473=CARTESIAN_POINT('Vertex',(8827.093609789999,-2589.49996956,891.997339898));
#208474=VERTEX_POINT('',#208473);
#208475=CARTESIAN_POINT('Vertex',(8826.69389101,-2589.27176926,891.964182811));
#208476=VERTEX_POINT('',#208475);
#208477=EDGE_CURVE('',#208474,#208476,#208468,.T.);
#208478=CARTESIAN_POINT('Axis2P3D Location',(8826.949926699999,-2590.26336775,888.073492504));
#208479=DIRECTION('Axis2P3D Direction',(0.9874886989537124,-0.1575938664069541,-0.005499337197488398));
#208480=AXIS2_PLACEMENT_3D('Circle Axis2P3D',#208478,#208479,$);
#208481=CIRCLE('generated circle',#208480,4.);
#208482=EDGE_CURVE('',#208474,#207890,#208481,.T.);
#208483=CARTESIAN_POINT('Axis2P3D Location',(8827.571004990001,-2586.48382116,891.287413678));
#208484=DIRECTION('Axis2P3D Direction',(-0.04108741553320394,-0.2234722916420214,-0.9738439090290933));
#208485=AXIS2_PLACEMENT_3D('Circle Axis2P3D',#208483,#208484,$);
#208486=CIRCLE('generated circle',#208485,3.);
#208487=EDGE_CURVE('',#208443,#208476,#208486,.F.);
#208488=EDGE_LOOP('',(#208489,#208490,#208491,#208492,#208493));
#208489=ORIENTED_EDGE('',*,*,#208477,.F.);
#208490=ORIENTED_EDGE('',*,*,#208482,.T.);
#208491=ORIENTED_EDGE('',*,*,#207891,.F.);
#208492=ORIENTED_EDGE('',*,*,#208449,.F.);
#208493=ORIENTED_EDGE('',*,*,#208487,.T.);
#208494=FACE_OUTER_BOUND('',#208488,.T.);
#208495=ADVANCED_FACE('PartBody',(#208494),#208467,.T.);
#208496=CARTESIAN_POINT('Axis2P3D Location',(8916.817920809999,-2604.60545052,887.573016495));
#208497=DIRECTION('Axis2P3D Direction',(0.9874886989537122,-0.1575938664069541,-0.005499337197538397));
#208498=DIRECTION('Axis2P3D XDirection',(0.04108741553320394,0.2234722916420214,0.9738439090290933));
#208499=AXIS2_PLACEMENT_3D('Cylinder Axis2P3D',#208496,#208497,#208498);
#208500=CYLINDRICAL_SURFACE('generated cylinder',#208499,4.);
#208501=B_SPLINE_CURVE_WITH_KNOTS('',3,(#208502,#208503,#208504,#208505),.UNSPECIFIED.,.F.,.U.,(4,4),(0.412866244465,2.78768682098),.UNSPECIFIED.);
#208502=CARTESIAN_POINT('Control Point',(8879.5266457,-2598.15423177,891.7506088170001));
#208503=CARTESIAN_POINT('Control Point',(8879.34456254,-2598.67901006,891.819158262));
#208504=CARTESIAN_POINT('Control Point',(8879.213333670001,-2599.23537881,891.772529354));
#208505=CARTESIAN_POINT('Control Point',(8879.1278809,-2599.7642547,891.610329414));
#208506=CARTESIAN_POINT('Vertex',(8879.526645030001,-2598.15423166,891.750608821));
#208507=VERTEX_POINT('',#208506);
#208508=CARTESIAN_POINT('Vertex',(8879.12788102,-2599.76425398,891.610329635));
#208509=VERTEX_POINT('',#208508);
#208510=EDGE_CURVE('',#208507,#208509,#208501,.T.);
#208511=B_SPLINE_CURVE_WITH_KNOTS('',4,(#208512,#208513,#208514,#208515,#208516),.UNSPECIFIED.,.F.,.U.,(5,5),(0.,5.92613031892),.UNSPECIFIED.);
#208512=CARTESIAN_POINT('Control Point',(8878.67991734,-2602.46371484,888.690622103));
#208513=CARTESIAN_POINT('Control Point',(8878.723090130001,-2602.22962555,889.7108219409999));
#208514=CARTESIAN_POINT('Control Point',(8878.82236713,-2601.641704,890.6505582680001));
#208515=CARTESIAN_POINT('Control Point',(8878.967951729999,-2600.75407222,891.306764373));
#208516=CARTESIAN_POINT('Control Point',(8879.12788102,-2599.76425398,891.610329635));
#208517=CARTESIAN_POINT('Vertex',(8878.67991734,-2602.46371484,888.690622103));
#208518=VERTEX_POINT('',#208517);
#208519=EDGE_CURVE('',#208518,#208509,#208511,.T.);
#208520=CARTESIAN_POINT('Line Origine',(8916.2089493,-2608.45299376,888.481622444));
#208521=DIRECTION('Vector Direction',(0.9874886989537122,-0.1575938664069541,-0.005499337197538397));
#208522=VECTOR('Line Direction',#208521,1.);
#208523=LINE('Line',#208520,#208522);
#208524=EDGE_CURVE('',#207890,#208518,#208523,.T.);
#208525=B_SPLINE_CURVE_WITH_KNOTS('',4,(#208526,#208527,#208528,#208529,#208530),.UNSPECIFIED.,.F.,.U.,(5,5),(0.,2.66298487796),.UNSPECIFIED.);
#208526=CARTESIAN_POINT('Control Point',(8829.14628551,-2590.23553449,892.04416156));
#208527=CARTESIAN_POINT('Control Point',(8828.603935270001,-2590.1502583,892.047299188));
#208528=CARTESIAN_POINT('Control Point',(8828.073537730001,-2589.98741628,892.043829731));
#208529=CARTESIAN_POINT('Control Point',(8827.573524220001,-2589.7601382,892.03038315));
#208530=CARTESIAN_POINT('Control Point',(8827.093609789999,-2589.49996956,891.997339898));
#208531=CARTESIAN_POINT('Vertex',(8829.14628551,-2590.23553449,892.04416156));
#208532=VERTEX_POINT('',#208531);
#208533=EDGE_CURVE('',#208532,#208474,#208525,.T.);
#208534=B_SPLINE_CURVE_WITH_KNOTS('',3,(#208535,#208536,#208537,#208538),.UNSPECIFIED.,.F.,.U.,(4,4),(60.680602308,132.80511354),.UNSPECIFIED.);
#208535=CARTESIAN_POINT('Control Point',(8879.526645030001,-2598.15423166,891.750608821));
#208536=CARTESIAN_POINT('Control Point',(8862.73305241,-2595.51558012,891.849186662));
#208537=CARTESIAN_POINT('Control Point',(8845.93959765,-2592.87602301,891.94700814));
#208538=CARTESIAN_POINT('Control Point',(8829.14628551,-2590.23553449,892.04416156));
#208539=EDGE_CURVE('',#208507,#208532,#208534,.T.);
#208540=EDGE_LOOP('',(#208541,#208542,#208543,#208544,#208545,#208546));
#208541=ORIENTED_EDGE('',*,*,#208510,.T.);
#208542=ORIENTED_EDGE('',*,*,#208519,.F.);
#208543=ORIENTED_EDGE('',*,*,#208524,.F.);
#208544=ORIENTED_EDGE('',*,*,#208482,.F.);
#208545=ORIENTED_EDGE('',*,*,#208533,.F.);
#208546=ORIENTED_EDGE('',*,*,#208539,.F.);
#208547=FACE_OUTER_BOUND('',#208540,.T.);
#208548=ADVANCED_FACE('PartBody',(#208547),#208500,.F.);
#208549=CARTESIAN_POINT('Axis2P3D Location',(8817.349339550001,-2592.59854079,893.12184752));
#208550=DIRECTION('Axis2P3D Direction',(-0.04108741553320394,-0.2234722916420214,-0.9738439090290933));
#208551=DIRECTION('Axis2P3D XDirection',(0.1760983772940662,0.9577898102753598,-0.2272180469220854));
#208552=AXIS2_PLACEMENT_3D('Plane Axis2P3D',#208549,#208550,#208551);
#208553=PLANE('',#208552);
#208554=CARTESIAN_POINT('Line Origine',(8823.6080559,-2581.96983645,890.4187701880001));
#208555=DIRECTION('Vector Direction',(0.9835147105151214,-0.1808281344270223,0));
#208556=VECTOR('Line Direction',#208555,1.);
#208557=LINE('Line',#208554,#208556);
#208558=EDGE_CURVE('',#207914,#208052,#208557,.T.);
#208559=B_SPLINE_CURVE_WITH_KNOTS('',5,(#208560,#208561,#208562,#208563,#208564,#208565,#208566,#208567,#208568,#208569,#208570,#208571),.UNSPECIFIED.,.F.,.U.,(6,3,3,6),(0.,3.45960813814,7.34129390234,10.5632704945),.UNSPECIFIED.);
#208560=CARTESIAN_POINT('Control Point',(8823.83445267,-2582.02247738,890.421298038));
#208561=CARTESIAN_POINT('Control Point',(8823.671968860001,-2582.53126402,890.544906919));
#208562=CARTESIAN_POINT('Control Point',(8823.566313490001,-2583.06052022,890.670815395));
#208563=CARTESIAN_POINT('Control Point',(8823.52078194,-2583.60203256,890.796999661));
#208564=CARTESIAN_POINT('Control Point',(8823.554318,-2584.75779142,891.060801865));
#208565=CARTESIAN_POINT('Control Point',(8823.85993216,-2585.88822502,891.307313332));
#208566=CARTESIAN_POINT('Control Point',(8824.096364270001,-2586.46648738,891.430034468));
#208567=CARTESIAN_POINT('Control Point',(8824.65748132,-2587.46683415,891.635914419));
#208568=CARTESIAN_POINT('Control Point',(8825.429593749999,-2588.32730125,891.80079346));
#208569=CARTESIAN_POINT('Control Point',(8825.81911884,-2588.68298435,891.865979204));
#208570=CARTESIAN_POINT('Control Point',(8826.24257667,-2588.99904772,891.920641575));
#208571=CARTESIAN_POINT('Control Point',(8826.693891020001,-2589.27176926,891.964182811));
#208572=EDGE_CURVE('',#208054,#208476,#208559,.T.);
#208573=EDGE_LOOP('',(#208574,#208575,#208576,#208577,#208578,#208579,#208580));
#208574=ORIENTED_EDGE('',*,*,#208487,.F.);
#208575=ORIENTED_EDGE('',*,*,#208444,.F.);
#208576=ORIENTED_EDGE('',*,*,#208420,.F.);
#208577=ORIENTED_EDGE('',*,*,#207922,.F.);
#208578=ORIENTED_EDGE('',*,*,#208558,.T.);
#208579=ORIENTED_EDGE('',*,*,#208055,.T.);
#208580=ORIENTED_EDGE('',*,*,#208572,.T.);
#208581=FACE_OUTER_BOUND('',#208573,.T.);
#208582=ADVANCED_FACE('PartBody',(#208581),#208553,.T.);
#208583=CARTESIAN_POINT('Axis2P3D Location',(8823.213985889999,-2582.82148944,886.523394552));
#208584=DIRECTION('Axis2P3D Direction',(0.05014789645338317,0.2727517707249084,0.9607765921626775));
#208585=DIRECTION('Axis2P3D XDirection',(-0.981010617305368,0.1939158990480727,-0.003846144890481443));
#208586=AXIS2_PLACEMENT_3D('Sphere Axis2P3D',#208583,#208584,#208585);
#208587=SPHERICAL_SURFACE('',#208586,4.);
#208588=CARTESIAN_POINT('Axis2P3D Location',(8823.213985889999,-2582.82148944,886.523394552));
#208589=DIRECTION('Axis2P3D Direction',(-0.9835147105119998,0.180828134444,-3.555537808619999e-12));
#208590=AXIS2_PLACEMENT_3D('Circle Axis2P3D',#208588,#208589,$);
#208591=CIRCLE('generated circle',#208590,4.);
#208592=EDGE_CURVE('',#207947,#207914,#208591,.F.);
#208593=EDGE_LOOP('',(#208594,#208595,#208596));
#208594=ORIENTED_EDGE('',*,*,#208592,.T.);
#208595=ORIENTED_EDGE('',*,*,#207915,.F.);
#208596=ORIENTED_EDGE('',*,*,#207953,.F.);
#208597=FACE_OUTER_BOUND('',#208593,.T.);
#208598=ADVANCED_FACE('PartBody',(#208597),#208587,.F.);
#208599=CARTESIAN_POINT('Axis2P3D Location',(40.6525282603,221.106962643,553.095758674));
#208600=DIRECTION('Axis2P3D Direction',(0.05014789645250626,0.272751770727034,0.9607765921621199));
#208601=DIRECTION('Axis2P3D XDirection',(-0.9835147105149434,0.1808281344279896,2.540468652339854e-18));
#208602=AXIS2_PLACEMENT_3D('Plane Axis2P3D',#208599,#208600,#208601);
#208603=PLANE('',#208602);
#208604=CARTESIAN_POINT('Line Origine',(8917.831989689999,-2599.08998326,890.366500921));
#208605=DIRECTION('Vector Direction',(-0.9835147105149434,0.1808281344279896,0));
#208606=VECTOR('Line Direction',#208605,1.);
#208607=LINE('Line',#208604,#208606);
#208608=EDGE_CURVE('',#207947,#208062,#208607,.F.);
#208609=EDGE_LOOP('',(#208610,#208611,#208612,#208613));
#208610=ORIENTED_EDGE('',*,*,#208070,.F.);
#208611=ORIENTED_EDGE('',*,*,#208608,.F.);
#208612=ORIENTED_EDGE('',*,*,#207948,.F.);
#208613=ORIENTED_EDGE('',*,*,#208120,.F.);
#208614=FACE_OUTER_BOUND('',#208609,.T.);
#208615=ADVANCED_FACE('PartBody',(#208614),#208603,.F.);
#208616=CARTESIAN_POINT('Axis2P3D Location',(27.0918576232,147.351188414,575.054096649));
#208617=DIRECTION('Axis2P3D Direction',(0.05014789645250626,0.272751770727034,0.9607765921621199));
#208618=DIRECTION('Axis2P3D XDirection',(-0.9835147105149434,0.1808281344279896,-6.829031689419607e-14));
#208619=AXIS2_PLACEMENT_3D('Plane Axis2P3D',#208616,#208617,#208618);
#208620=PLANE('',#208619);
#208621=CARTESIAN_POINT('Line Origine',(8905.764604649999,-2526.47103302,870.693047754));
#208622=DIRECTION('Vector Direction',(-0.1737354387629714,-0.9449379119098446,0.2773235293899544));
#208623=VECTOR('Line Direction',#208622,1.);
#208624=LINE('Line',#208621,#208623);
#208625=CARTESIAN_POINT('Vertex',(8896.06058404,-2579.25069061,886.182997662));
#208626=VERTEX_POINT('',#208625);
#208627=EDGE_CURVE('',#207990,#208626,#208624,.T.);
#208628=B_SPLINE_CURVE_WITH_KNOTS('',5,(#208629,#208630,#208631,#208632,#208633,#208634,#208635,#208636,#208637),.UNSPECIFIED.,.F.,.U.,(6,3,6),(0.,8.86001881941,12.6468099032),.UNSPECIFIED.);
#208629=CARTESIAN_POINT('Control Point',(8891.723615159999,-2586.51886611,888.472705406));
#208630=CARTESIAN_POINT('Control Point',(8892.673277919999,-2585.74690126,888.203986985));
#208631=CARTESIAN_POINT('Control Point',(8893.524835820001,-2584.8634811,887.908748474));
#208632=CARTESIAN_POINT('Control Point',(8894.26001,-2583.8835123,887.592175748));
#208633=CARTESIAN_POINT('Control Point',(8895.122632799999,-2582.37458337,887.118786035));
#208634=CARTESIAN_POINT('Control Point',(8895.700598519999,-2580.75211924,886.628022902));
#208635=CARTESIAN_POINT('Control Point',(8895.847438749999,-2580.25780585,886.480029517));
#208636=CARTESIAN_POINT('Control Point',(8895.967542959999,-2579.75673617,886.3315136));
#208637=CARTESIAN_POINT('Control Point',(8896.06058404,-2579.25069061,886.182997662));
#208638=CARTESIAN_POINT('Vertex',(8891.723615159999,-2586.51886611,888.472705406));
#208639=VERTEX_POINT('',#208638);
#208640=EDGE_CURVE('',#208639,#208626,#208628,.T.);
#208641=CARTESIAN_POINT('Line Origine',(8886.97035865,-2590.38270818,889.817696107));
#208642=DIRECTION('Vector Direction',(0.7579137142382721,0.6160952796922211,-0.214460737923077));
#208643=VECTOR('Line Direction',#208642,1.);
#208644=LINE('Line',#208641,#208643);
#208645=CARTESIAN_POINT('Vertex',(8882.21710215,-2594.24655025,891.162686808));
#208646=VERTEX_POINT('',#208645);
#208647=EDGE_CURVE('',#208646,#208639,#208644,.T.);
#208648=B_SPLINE_CURVE_WITH_KNOTS('',5,(#208649,#208650,#208651,#208652,#208653,#208654),.UNSPECIFIED.,.F.,.U.,(6,6),(0.,3.56027108694),.UNSPECIFIED.);
#208649=CARTESIAN_POINT('Control Point',(8882.21710215,-2594.24655025,891.162686808));
#208650=CARTESIAN_POINT('Control Point',(8881.83549383,-2594.55675322,891.270667439));
#208651=CARTESIAN_POINT('Control Point',(8881.476767239999,-2594.89295168,891.384833531));
#208652=CARTESIAN_POINT('Control Point',(8881.14339703,-2595.25312547,891.504482423));
#208653=CARTESIAN_POINT('Control Point',(8880.837558929999,-2595.63490388,891.628827537));
#208654=CARTESIAN_POINT('Control Point',(8880.561045549999,-2596.03567669,891.757034301));
#208655=CARTESIAN_POINT('Vertex',(8880.561045549999,-2596.03567669,891.757034301));
#208656=VERTEX_POINT('',#208655);
#208657=EDGE_CURVE('',#208646,#208656,#208648,.T.);
#208658=CARTESIAN_POINT('Line Origine',(8855.043551590001,-2591.95066745,891.929244097));
#208659=DIRECTION('Vector Direction',(-0.9874053622049331,0.1580703824779893,0.006663698087929549));
#208660=VECTOR('Line Direction',#208659,1.);
#208661=LINE('Line',#208658,#208660);
#208662=CARTESIAN_POINT('Vertex',(8829.526057630001,-2587.86565821,892.101453892));
#208663=VERTEX_POINT('',#208662);
#208664=EDGE_CURVE('',#208663,#208656,#208661,.F.);
#208665=CARTESIAN_POINT('Axis2P3D Location',(8830.27632157,-2583.12060756,890.715236602));
#208666=DIRECTION('Axis2P3D Direction',(0.05014789645250626,0.272751770727034,0.9607765921621199));
#208667=AXIS2_PLACEMENT_3D('Circle Axis2P3D',#208665,#208666,$);
#208668=CIRCLE('generated circle',#208667,4.99999999945);
#208669=EDGE_CURVE('',#208093,#208663,#208668,.T.);
#208670=EDGE_LOOP('',(#208671,#208672,#208673,#208674,#208675,#208676,#208677,#208678,#208679));
#208671=ORIENTED_EDGE('',*,*,#208627,.T.);
#208672=ORIENTED_EDGE('',*,*,#208640,.F.);
#208673=ORIENTED_EDGE('',*,*,#208647,.F.);
#208674=ORIENTED_EDGE('',*,*,#208657,.T.);
#208675=ORIENTED_EDGE('',*,*,#208664,.F.);
#208676=ORIENTED_EDGE('',*,*,#208669,.F.);
#208677=ORIENTED_EDGE('',*,*,#208094,.F.);
#208678=ORIENTED_EDGE('',*,*,#208029,.F.);
#208679=ORIENTED_EDGE('',*,*,#207998,.F.);
#208680=FACE_OUTER_BOUND('',#208670,.T.);
#208681=ADVANCED_FACE('PartBody',(#208680),#208620,.F.);
#208682=CARTESIAN_POINT('Axis2P3D Location',(8830.075729980001,-2584.21161464,886.872130233));
#208683=DIRECTION('Axis2P3D Direction',(0.05014789645250626,0.272751770727034,0.9607765921621199));
#208684=DIRECTION('Axis2P3D XDirection',(-0.9835147105149434,0.1808281344279896,-1.136868377219935e-13));
#208685=AXIS2_PLACEMENT_3D('Torus Axis2P3D',#208682,#208683,#208684);
#208686=TOROIDAL_SURFACE('homeo Torus',#208685,5.,4.);
#208687=CARTESIAN_POINT('Axis2P3D Location',(8829.32546604,-2588.95666529,888.258347524));
#208688=DIRECTION('Axis2P3D Direction',(-0.9874053622049331,0.1580703824779893,0.006663698087929549));
#208689=AXIS2_PLACEMENT_3D('Circle Axis2P3D',#208687,#208688,$);
#208690=CIRCLE('generated circle',#208689,4.);
#208691=EDGE_CURVE('',#208663,#208532,#208690,.F.);
#208692=EDGE_LOOP('',(#208693,#208694,#208695,#208696,#208697,#208698));
#208693=ORIENTED_EDGE('',*,*,#208533,.T.);
#208694=ORIENTED_EDGE('',*,*,#208477,.T.);
#208695=ORIENTED_EDGE('',*,*,#208572,.F.);
#208696=ORIENTED_EDGE('',*,*,#208099,.F.);
#208697=ORIENTED_EDGE('',*,*,#208669,.T.);
#208698=ORIENTED_EDGE('',*,*,#208691,.T.);
#208699=FACE_OUTER_BOUND('',#208692,.T.);
#208700=ADVANCED_FACE('PartBody',(#208699),#208686,.F.);
#208701=CARTESIAN_POINT('Axis2P3D Location',(8918.03223312,-2600.25468751,886.523394552));
#208702=DIRECTION('Axis2P3D Direction',(0.9835147105149434,-0.1808281344279896,5.91401927429966e-14));
#208703=DIRECTION('Axis2P3D XDirection',(0.05014789645250626,0.272751770727034,0.9607765921621199));
#208704=AXIS2_PLACEMENT_3D('Cylinder Axis2P3D',#208701,#208702,#208703);
#208705=CYLINDRICAL_SURFACE('generated cylinder',#208704,4.);
#208706=EDGE_LOOP('',(#208707,#208708,#208709,#208710));
#208707=ORIENTED_EDGE('',*,*,#208063,.T.);
#208708=ORIENTED_EDGE('',*,*,#208558,.F.);
#208709=ORIENTED_EDGE('',*,*,#208592,.F.);
#208710=ORIENTED_EDGE('',*,*,#208608,.T.);
#208711=FACE_OUTER_BOUND('',#208706,.T.);
#208712=ADVANCED_FACE('PartBody',(#208711),#208705,.F.);
#208713=CARTESIAN_POINT('Axis2P3D Location',(8917.314043169999,-2601.68840946,900.082286412));
#208714=DIRECTION('Axis2P3D Direction',(-0.9873704710601257,0.1582908789860202,0.00659928089560084));
#208715=DIRECTION('Axis2P3D XDirection',(-0.0501478964524065,-0.2727517707270354,-0.9607765921621245));
#208716=AXIS2_PLACEMENT_3D('Cylinder Axis2P3D',#208713,#208714,#208715);
#208717=CYLINDRICAL_SURFACE('generated cylinder',#208716,4.);
#208718=B_SPLINE_CURVE_WITH_KNOTS('',4,(#208719,#208720,#208721,#208722,#208723),.UNSPECIFIED.,.F.,.U.,(5,5),(1.40237486782,5.9458213671),.UNSPECIFIED.);
#208719=CARTESIAN_POINT('Control Point',(8879.28449167,-2599.01693311,898.197045408));
#208720=CARTESIAN_POINT('Control Point',(8879.220534939999,-2599.44101757,898.876143852));
#208721=CARTESIAN_POINT('Control Point',(8879.185878849999,-2599.68587307,899.670806428));
#208722=CARTESIAN_POINT('Control Point',(8879.18760118,-2599.70447474,900.503231356));
#208723=CARTESIAN_POINT('Control Point',(8879.22201963,-2599.51668207,901.283385251));
#208724=CARTESIAN_POINT('Vertex',(8879.28449167,-2599.01693311,898.197045408));
#208725=VERTEX_POINT('',#208724);
#208726=CARTESIAN_POINT('Vertex',(8879.22201963,-2599.51668207,901.283385251));
#208727=VERTEX_POINT('',#208726);
#208728=EDGE_CURVE('',#208725,#208727,#208718,.T.);
#208729=B_SPLINE_CURVE_WITH_KNOTS('',3,(#208730,#208731,#208732,#208733),.UNSPECIFIED.,.F.,.U.,(4,4),(60.8215562995,132.806010253),.UNSPECIFIED.);
#208730=CARTESIAN_POINT('Control Point',(8879.28449167,-2599.01693311,898.197045408));
#208731=CARTESIAN_POINT('Control Point',(8862.53317889,-2596.32258023,898.2951677040001));
#208732=CARTESIAN_POINT('Control Point',(8845.78186567,-2593.62823756,898.393494383));
#208733=CARTESIAN_POINT('Control Point',(8829.030551379999,-2590.93390884,898.492019464));
#208734=CARTESIAN_POINT('Vertex',(8829.030551379999,-2590.93390884,898.492019464));
#208735=VERTEX_POINT('',#208734);
#208736=EDGE_CURVE('',#208725,#208735,#208729,.T.);
#208737=B_SPLINE_CURVE_WITH_KNOTS('',5,(#208738,#208739,#208740,#208741,#208742,#208743,#208744,#208745,#208746,#208747,#208748,#208749),.UNSPECIFIED.,.F.,.U.,(6,3,3,6),(0.,0.954035156779,1.6647799723,3.26465744576),.UNSPECIFIED.);
#208738=CARTESIAN_POINT('Control Point',(8829.030551379999,-2590.93390884,898.492019464));
#208739=CARTESIAN_POINT('Control Point',(8828.87119299,-2590.90827718,898.4929567520001));
#208740=CARTESIAN_POINT('Control Point',(8828.714124329999,-2590.86762303,898.470467309));
#208741=CARTESIAN_POINT('Control Point',(8828.56929578,-2590.81384528,898.4251018579999));
#208742=CARTESIAN_POINT('Control Point',(8828.33743086,-2590.70722819,898.327558995));
#208743=CARTESIAN_POINT('Control Point',(8828.13370498,-2590.58174828,898.208505466));
#208744=CARTESIAN_POINT('Control Point',(8828.05087304,-2590.52539336,898.15555952));
#208745=CARTESIAN_POINT('Control Point',(8827.792539079999,-2590.33440091,897.979908044));
#208746=CARTESIAN_POINT('Control Point',(8827.56191176,-2590.12016915,897.799572142));
#208747=CARTESIAN_POINT('Control Point',(8827.40765404,-2589.9631081,897.679758391));
#208748=CARTESIAN_POINT('Control Point',(8827.25500087,-2589.79901767,897.567110183));
#208749=CARTESIAN_POINT('Control Point',(8827.10080238,-2589.63005447,897.463268266));
#208750=CARTESIAN_POINT('Vertex',(8827.100802790001,-2589.63005187,897.463266323));
#208751=VERTEX_POINT('',#208750);
#208752=EDGE_CURVE('',#208735,#208751,#208737,.T.);
#208753=CARTESIAN_POINT('Axis2P3D Location',(8827.49755846,-2587.28942678,900.682592203));
#208754=DIRECTION('Axis2P3D Direction',(-0.9873704710601257,0.1582908789860202,0.00659928089560084));
#208755=AXIS2_PLACEMENT_3D('Circle Axis2P3D',#208753,#208754,$);
#208756=CIRCLE('generated circle',#208755,4.);
#208757=EDGE_CURVE('',#208751,#208150,#208756,.T.);
#208758=CARTESIAN_POINT('Line Origine',(8916.705199739999,-2605.52582018,901.03285919));
#208759=DIRECTION('Vector Direction',(-0.9873704710601257,0.1582908789860202,0.00659928089560084));
#208760=VECTOR('Line Direction',#208759,1.);
#208761=LINE('Line',#208758,#208760);
#208762=EDGE_CURVE('',#208727,#208150,#208761,.T.);
#208763=EDGE_LOOP('',(#208764,#208765,#208766,#208767,#208768));
#208764=ORIENTED_EDGE('',*,*,#208728,.F.);
#208765=ORIENTED_EDGE('',*,*,#208736,.T.);
#208766=ORIENTED_EDGE('',*,*,#208752,.T.);
#208767=ORIENTED_EDGE('',*,*,#208757,.T.);
#208768=ORIENTED_EDGE('',*,*,#208762,.F.);
#208769=FACE_OUTER_BOUND('',#208763,.T.);
#208770=ADVANCED_FACE('PartBody',(#208769),#208717,.F.);
#208771=B_SPLINE_SURFACE_WITH_KNOTS('',5,5,((#208772,#208773,#208774,#208775,#208776,#208777,#208778,#208779,#208780),(#208781,#208782,#208783,#208784,#208785,#208786,#208787,#208788,#208789),(#208790,#208791,#208792,#208793,#208794,#208795,#208796,#208797,#208798),(#208799,#208800,#208801,#208802,#208803,#208804,#208805,#208806,#208807),(#208808,#208809,#208810,#208811,#208812,#208813,#208814,#208815,#208816),(#208817,#208818,#208819,#208820,#208821,#208822,#208823,#208824,#208825)),.UNSPECIFIED.,.F.,.F.,.U.,(6,6),(6,3,6),(20.7417047721,27.1272466852),(0.,1.86266052388,3.72532104776),.UNSPECIFIED.);
#208772=CARTESIAN_POINT('Control Point',(8826.88871107,-2591.1268374,901.633165145));
#208773=CARTESIAN_POINT('Control Point',(8826.8636652,-2591.25998804,901.079601356));
#208774=CARTESIAN_POINT('Control Point',(8826.854065670001,-2591.29578375,900.50191638));
#208775=CARTESIAN_POINT('Control Point',(8826.860988640001,-2591.22848783,899.923521775));
#208776=CARTESIAN_POINT('Control Point',(8826.90726846,-2590.89364746,898.816231939));
#208777=CARTESIAN_POINT('Control Point',(8827.01196915,-2590.20209686,897.893656046));
#208778=CARTESIAN_POINT('Control Point',(8827.0773419,-2589.77791423,897.500066773));
#208779=CARTESIAN_POINT('Control Point',(8827.152860050001,-2589.29399256,897.191505126));
#208780=CARTESIAN_POINT('Control Point',(8827.235037640001,-2588.77245081,896.976958277));
#208781=CARTESIAN_POINT('Control Point',(8825.72988139,-2590.94121569,901.640274676));
#208782=CARTESIAN_POINT('Control Point',(8825.70872138,-2591.07488295,901.086722059));
#208783=CARTESIAN_POINT('Control Point',(8825.71980465,-2591.11390545,900.5089572529999));
#208784=CARTESIAN_POINT('Control Point',(8825.76405978,-2591.05252864,899.930386235));
#208785=CARTESIAN_POINT('Control Point',(8825.91501457,-2590.73438842,898.822554657));
#208786=CARTESIAN_POINT('Control Point',(8826.17343013,-2590.06749443,897.89910126));
#208787=CARTESIAN_POINT('Control Point',(8826.32519919,-2589.65719138,897.504999612));
#208788=CARTESIAN_POINT('Control Point',(8826.492850520001,-2589.18808553,897.195870668));
#208789=CARTESIAN_POINT('Control Point',(8826.668921930001,-2588.6816512,896.980725076));
#208790=CARTESIAN_POINT('Control Point',(8824.60804922,-2590.52059697,901.58473479));
#208791=CARTESIAN_POINT('Control Point',(8824.590541379999,-2590.65648026,901.031094715));
#208792=CARTESIAN_POINT('Control Point',(8824.62155482,-2590.70366566,900.453953423));
#208793=CARTESIAN_POINT('Control Point',(8824.701882019999,-2590.65630111,899.876760471));
#208794=CARTESIAN_POINT('Control Point',(8824.95408833,-2590.37666062,898.773160971));
#208795=CARTESIAN_POINT('Control Point',(8825.361335330001,-2589.76529562,897.856562786));
#208796=CARTESIAN_POINT('Control Point',(8825.59677998,-2589.38604193,897.46646393));
#208797=CARTESIAN_POINT('Control Point',(8825.853681029999,-2588.9499364,897.161766832));
#208798=CARTESIAN_POINT('Control Point',(8826.120719549999,-2588.47706906,896.951298729));
#208799=CARTESIAN_POINT('Control Point',(8823.59170632,-2589.87529143,901.465954076));
#208800=CARTESIAN_POINT('Control Point',(8823.5766996,-2590.01499085,900.912140821));
#208801=CARTESIAN_POINT('Control Point',(8823.625144989999,-2590.07504221,900.336343757));
#208802=CARTESIAN_POINT('Control Point',(8823.73774685,-2590.0494203,899.762105001));
#208803=CARTESIAN_POINT('Control Point',(8824.081312750001,-2589.82912278,898.66756277));
#208804=CARTESIAN_POINT('Control Point',(8824.623788360001,-2589.30282785,897.76561839));
#208805=CARTESIAN_POINT('Control Point',(8824.935399,-2588.97105543,897.384073662));
#208806=CARTESIAN_POINT('Control Point',(8825.27362041,-2588.58535329,897.088846394));
#208807=CARTESIAN_POINT('Control Point',(8825.623574499999,-2588.16371739,896.888372771));
#208808=CARTESIAN_POINT('Control Point',(8822.743849320001,-2589.04621734,901.291533326));
#208809=CARTESIAN_POINT('Control Point',(8822.72950186,-2589.19036768,900.737309166));
#208810=CARTESIAN_POINT('Control Point',(8822.79139079,-2589.26662451,900.163364569));
#208811=CARTESIAN_POINT('Control Point',(8822.93020891,-2589.26875218,899.59338481));
#208812=CARTESIAN_POINT('Control Point',(8823.349355849999,-2589.12458664,898.5120712619999));
#208813=CARTESIAN_POINT('Control Point',(8824.005359659999,-2588.70789329,897.631725777));
#208814=CARTESIAN_POINT('Control Point',(8824.38115399,-2588.43735534,897.262815446));
#208815=CARTESIAN_POINT('Control Point',(8824.788039200001,-2588.11668042,896.981588627));
#208816=CARTESIAN_POINT('Control Point',(8825.20805132,-2587.76113436,896.795893719));
#208817=CARTESIAN_POINT('Control Point',(8822.10125598,-2588.08897656,901.074126793));
#208818=CARTESIAN_POINT('Control Point',(8822.085942969999,-2588.23731163,900.51911964));
#208819=CARTESIAN_POINT('Control Point',(8822.156888670001,-2588.33156614,899.9472730590001));
#208820=CARTESIAN_POINT('Control Point',(8822.31484348,-2588.36529667,899.38246405));
#208821=CARTESIAN_POINT('Control Point',(8822.79061301,-2588.30869466,898.317514364));
#208822=CARTESIAN_POINT('Control Point',(8823.533392580001,-2588.01910222,897.4642307));
#208823=CARTESIAN_POINT('Control Point',(8823.95849391,-2587.81972322,897.111195911));
#208824=CARTESIAN_POINT('Control Point',(8824.41826896,-2587.57468892,896.847584793));
#208825=CARTESIAN_POINT('Control Point',(8824.89229439,-2587.2960319,896.680489358));
#208826=B_SPLINE_CURVE_WITH_KNOTS('',5,(#208827,#208828,#208829,#208830,#208831,#208832,#208833,#208834,#208835,#208836,#208837,#208838),.UNSPECIFIED.,.F.,.U.,(6,3,3,6),(0.,1.53465443049,3.62020454052,6.93065252991),.UNSPECIFIED.);
#208827=CARTESIAN_POINT('Control Point',(8827.10080065,-2589.63005187,897.463266425));
#208828=CARTESIAN_POINT('Control Point',(8826.977941900001,-2589.49542946,897.380529987));
#208829=CARTESIAN_POINT('Control Point',(8826.85596755,-2589.37025071,897.31474989));
#208830=CARTESIAN_POINT('Control Point',(8826.7364337,-2589.25358804,897.2603067479999));
#208831=CARTESIAN_POINT('Control Point',(8826.46333604,-2588.99397192,897.15047216));
#208832=CARTESIAN_POINT('Control Point',(8826.20770223,-2588.75914823,897.071287338));
#208833=CARTESIAN_POINT('Control Point',(8826.065958380001,-2588.62765234,897.030402682));
#208834=CARTESIAN_POINT('Control Point',(8825.71291154,-2588.29273385,896.933006589));
#208835=CARTESIAN_POINT('Control Point',(8825.39160483,-2587.96105995,896.848542734));
#208836=CARTESIAN_POINT('Control Point',(8825.20476742,-2587.75339357,896.797156337));
#208837=CARTESIAN_POINT('Control Point',(8825.02690011,-2587.53974824,896.74556303));
#208838=CARTESIAN_POINT('Control Point',(8824.85543933,-2587.31763607,896.6937269060001));
#208839=CARTESIAN_POINT('Vertex',(8824.85543933,-2587.31763607,896.6937269060001));
#208840=VERTEX_POINT('',#208839);
#208841=EDGE_CURVE('',#208751,#208840,#208826,.T.);
#208842=B_SPLINE_CURVE_WITH_KNOTS('',5,(#208843,#208844,#208845,#208846,#208847,#208848),.UNSPECIFIED.,.F.,.U.,(6,6),(0.,3.6963292561),.UNSPECIFIED.);
#208843=CARTESIAN_POINT('Control Point',(8822.10125598,-2588.08897656,901.074126793));
#208844=CARTESIAN_POINT('Control Point',(8822.070868299999,-2588.38333791,899.972751019));
#208845=CARTESIAN_POINT('Control Point',(8822.37950393,-2588.46528727,898.8046228539999));
#208846=CARTESIAN_POINT('Control Point',(8823.037000480001,-2588.28114786,897.758905322));
#208847=CARTESIAN_POINT('Control Point',(8823.91658675,-2587.86642338,897.037222099));
#208848=CARTESIAN_POINT('Control Point',(8824.85543933,-2587.31763607,896.6937269060001));
#208849=EDGE_CURVE('',#208840,#208159,#208842,.F.);
#208850=EDGE_LOOP('',(#208851,#208852,#208853,#208854));
#208851=ORIENTED_EDGE('',*,*,#208841,.T.);
#208852=ORIENTED_EDGE('',*,*,#208849,.T.);
#208853=ORIENTED_EDGE('',*,*,#208160,.F.);
#208854=ORIENTED_EDGE('',*,*,#208757,.F.);
#208855=FACE_OUTER_BOUND('',#208850,.T.);
#208856=ADVANCED_FACE('PartBody',(#208855),#208771,.F.);
#208857=CARTESIAN_POINT('Axis2P3D Location',(8812.04981851,-2566.16270987,895.491294015));
#208858=DIRECTION('Axis2P3D Direction',(0.5482399184430767,-0.8116117534341136,0.2017903702190282));
#208859=DIRECTION('Axis2P3D XDirection',(-0.8358965207701287,-0.5240844389210806,0.1631334038300251));
#208860=AXIS2_PLACEMENT_3D('Cylinder Axis2P3D',#208857,#208858,#208859);
#208861=CYLINDRICAL_SURFACE('generated cylinder',#208860,4.);
#208862=B_SPLINE_CURVE_WITH_KNOTS('',5,(#208863,#208864,#208865,#208866,#208867,#208868),.UNSPECIFIED.,.F.,.U.,(6,6),(0.,3.33136999682),.UNSPECIFIED.);
#208863=CARTESIAN_POINT('Control Point',(8824.855439630001,-2587.31763642,896.693726976));
#208864=CARTESIAN_POINT('Control Point',(8824.536596010001,-2586.90460312,896.597334095));
#208865=CARTESIAN_POINT('Control Point',(8824.27424737,-2586.45162406,896.478166432));
#208866=CARTESIAN_POINT('Control Point',(8824.0895162,-2585.97044936,896.333409187));
#208867=CARTESIAN_POINT('Control Point',(8823.94417839,-2585.48228597,896.19173933));
#208868=CARTESIAN_POINT('Control Point',(8823.82652563,-2584.98485268,896.056665501));
#208869=CARTESIAN_POINT('Vertex',(8823.82652739,-2584.98485528,896.056666149));
#208870=VERTEX_POINT('',#208869);
#208871=EDGE_CURVE('',#208840,#208870,#208862,.T.);
#208872=CARTESIAN_POINT('Line Origine',(8811.84922693,-2567.25371695,891.648187647));
#208873=DIRECTION('Vector Direction',(0.5482399184430767,-0.8116117534341136,0.2017903702190282));
#208874=VECTOR('Line Direction',#208873,1.);
#208875=LINE('Line',#208872,#208874);
#208876=CARTESIAN_POINT('Vertex',(8823.68611717,-2584.77699267,896.004985437));
#208877=VERTEX_POINT('',#208876);
#208878=EDGE_CURVE('',#208870,#208877,#208875,.F.);
#208879=CARTESIAN_POINT('Axis2P3D Location',(8823.886708759999,-2583.68598559,899.848091806));
#208880=DIRECTION('Axis2P3D Direction',(0.5482399184430767,-0.8116117534341136,0.2017903702190282));
#208881=AXIS2_PLACEMENT_3D('Circle Axis2P3D',#208879,#208880,$);
#208882=CIRCLE('generated circle',#208881,4.);
#208883=EDGE_CURVE('',#208877,#208182,#208882,.F.);
#208884=EDGE_LOOP('',(#208885,#208886,#208887,#208888,#208889));
#208885=ORIENTED_EDGE('',*,*,#208871,.T.);
#208886=ORIENTED_EDGE('',*,*,#208878,.T.);
#208887=ORIENTED_EDGE('',*,*,#208883,.T.);
#208888=ORIENTED_EDGE('',*,*,#208183,.F.);
#208889=ORIENTED_EDGE('',*,*,#208849,.F.);
#208890=FACE_OUTER_BOUND('',#208884,.T.);
#208891=ADVANCED_FACE('PartBody',(#208890),#208861,.F.);
#208892=B_SPLINE_SURFACE_WITH_KNOTS('',5,5,((#208893,#208894,#208895,#208896,#208897,#208898,#208899,#208900,#208901),(#208902,#208903,#208904,#208905,#208906,#208907,#208908,#208909,#208910),(#208911,#208912,#208913,#208914,#208915,#208916,#208917,#208918,#208919),(#208920,#208921,#208922,#208923,#208924,#208925,#208926,#208927,#208928),(#208929,#208930,#208931,#208932,#208933,#208934,#208935,#208936,#208937),(#208938,#208939,#208940,#208941,#208942,#208943,#208944,#208945,#208946)),.UNSPECIFIED.,.F.,.F.,.U.,(6,6),(6,3,6),(21.0532721363,26.8156517498),(0.,2.,4.),.UNSPECIFIED.);
#208893=CARTESIAN_POINT('Control Point',(8820.54312136,-2585.78232185,900.5006251040001));
#208894=CARTESIAN_POINT('Control Point',(8820.5266792,-2585.94159402,899.9046956030001));
#208895=CARTESIAN_POINT('Control Point',(8820.60967985,-2586.03852041,899.289350346));
#208896=CARTESIAN_POINT('Control Point',(8820.79307892,-2586.06510509,898.684153018));
#208897=CARTESIAN_POINT('Control Point',(8821.341607300001,-2585.97484079,897.556917404));
#208898=CARTESIAN_POINT('Control Point',(8822.184170369999,-2585.62014566,896.694380431));
#208899=CARTESIAN_POINT('Control Point',(8822.66180233,-2585.38212125,896.354060174));
#208900=CARTESIAN_POINT('Control Point',(8823.170980270001,-2585.09577853,896.122372188));
#208901=CARTESIAN_POINT('Control Point',(8823.68611674,-2584.77699223,896.004985334));
#208902=CARTESIAN_POINT('Control Point',(8819.963058109999,-2584.9182282,900.304373918));
#208903=CARTESIAN_POINT('Control Point',(8819.94568008,-2585.08155638,899.70768549));
#208904=CARTESIAN_POINT('Control Point',(8820.038174650001,-2585.19691347,899.094579432));
#208905=CARTESIAN_POINT('Control Point',(8820.241564890001,-2585.25607487,898.494834622));
#208906=CARTESIAN_POINT('Control Point',(8820.84887532,-2585.25585321,897.3847474409999));
#208907=CARTESIAN_POINT('Control Point',(8821.78005632,-2585.03018903,896.550167388));
#208908=CARTESIAN_POINT('Control Point',(8822.30753769,-2584.8637539,896.226117448));
#208909=CARTESIAN_POINT('Control Point',(8822.869365279999,-2584.65243176,896.0122547460001));
#208910=CARTESIAN_POINT('Control Point',(8823.437185430001,-2584.40847533,895.913361273));
#208911=CARTESIAN_POINT('Control Point',(8819.55021648,-2583.94963667,900.073081684));
#208912=CARTESIAN_POINT('Control Point',(8819.530480949999,-2584.11678826,899.475308735));
#208913=CARTESIAN_POINT('Control Point',(8819.628453879999,-2584.25227814,898.86469669));
#208914=CARTESIAN_POINT('Control Point',(8819.84529505,-2584.34765625,898.271288835));
#208915=CARTESIAN_POINT('Control Point',(8820.493884420001,-2584.44819984,897.181347635));
#208916=CARTESIAN_POINT('Control Point',(8821.48924284,-2584.36769816,896.379845078));
#208917=CARTESIAN_POINT('Control Point',(8822.05309231,-2584.28190528,896.075074941));
#208918=CARTESIAN_POINT('Control Point',(8822.65346021,-2584.15513076,895.882346766));
#208919=CARTESIAN_POINT('Control Point',(8823.25986117,-2583.99549656,895.805377527));
#208920=CARTESIAN_POINT('Control Point',(8819.332716950001,-2582.91781584,899.816101416));
#208921=CARTESIAN_POINT('Control Point',(8819.3093372,-2583.08784145,899.216813072));
#208922=CARTESIAN_POINT('Control Point',(8819.408376629999,-2583.24389639,898.608734992));
#208923=CARTESIAN_POINT('Control Point',(8819.631195669999,-2583.37734475,898.022222077));
#208924=CARTESIAN_POINT('Control Point',(8820.300732879999,-2583.58492486,896.954558938));
#208925=CARTESIAN_POINT('Control Point',(8821.33147221,-2583.65991296,896.190018136));
#208926=CARTESIAN_POINT('Control Point',(8821.91574645,-2583.66067552,895.906839812));
#208927=CARTESIAN_POINT('Control Point',(8822.53793986,-2583.62472203,895.737800352));
#208928=CARTESIAN_POINT('Control Point',(8823.16621179,-2583.55565723,895.685401005));
#208929=CARTESIAN_POINT('Control Point',(8819.321017869999,-2581.87468596,899.546387215));
#208930=CARTESIAN_POINT('Control Point',(8819.293464,-2582.04608916,898.945095812));
#208931=CARTESIAN_POINT('Control Point',(8819.38953816,-2582.22180235,898.339360891));
#208932=CARTESIAN_POINT('Control Point',(8819.61082921,-2582.39307607,897.759889213));
#208933=CARTESIAN_POINT('Control Point',(8820.280142150001,-2582.7084545,896.715465867));
#208934=CARTESIAN_POINT('Control Point',(8821.31536832,-2582.94171238,895.989998691));
#208935=CARTESIAN_POINT('Control Point',(8821.902833169999,-2583.03080653,895.729710091));
#208936=CARTESIAN_POINT('Control Point',(8822.52872351,-2583.08763569,895.585809691));
#208937=CARTESIAN_POINT('Control Point',(8823.16074062,-2583.11108804,895.559479257));
#208938=CARTESIAN_POINT('Control Point',(8819.50616531,-2580.86767848,899.276654965));
#208939=CARTESIAN_POINT('Control Point',(8819.47465642,-2581.03905365,898.672981271));
#208940=CARTESIAN_POINT('Control Point',(8819.56445607,-2581.23273532,898.0692980170001));
#208941=CARTESIAN_POINT('Control Point',(8819.777368950001,-2581.43993317,897.496687425));
#208942=CARTESIAN_POINT('Control Point',(8820.42643247,-2581.85900853,896.475373318));
#208943=CARTESIAN_POINT('Control Point',(8821.436104619999,-2582.2460149,895.7892404409999));
#208944=CARTESIAN_POINT('Control Point',(8822.009886850001,-2582.4211206,895.552053426));
#208945=CARTESIAN_POINT('Control Point',(8822.621671790001,-2582.56838205,895.433548996));
#208946=CARTESIAN_POINT('Control Point',(8823.23963229,-2582.68199982,895.433549021));
#208947=B_SPLINE_CURVE_WITH_KNOTS('',5,(#208948,#208949,#208950,#208951,#208952,#208953,#208954,#208955,#208956),.UNSPECIFIED.,.F.,.U.,(6,3,6),(21.0532721363,22.6672918792,26.8156517498),.UNSPECIFIED.);
#208948=CARTESIAN_POINT('Control Point',(8823.68611674,-2584.77699223,896.004985334));
#208949=CARTESIAN_POINT('Control Point',(8823.616392059999,-2584.6737721,895.979321797));
#208950=CARTESIAN_POINT('Control Point',(8823.55228523,-2584.56706377,895.952374781));
#208951=CARTESIAN_POINT('Control Point',(8823.494057559999,-2584.45725243,895.924239993));
#208952=CARTESIAN_POINT('Control Point',(8823.30794993,-2584.05559873,895.819929739));
#208953=CARTESIAN_POINT('Control Point',(8823.20180031,-2583.62519175,895.703283386));
#208954=CARTESIAN_POINT('Control Point',(8823.16976547,-2583.30782763,895.614859972));
#208955=CARTESIAN_POINT('Control Point',(8823.182837869999,-2582.99090212,895.524206696));
#208956=CARTESIAN_POINT('Control Point',(8823.23963229,-2582.68199982,895.433549021));
#208957=CARTESIAN_POINT('Vertex',(8823.23963229,-2582.68199982,895.433549021));
#208958=VERTEX_POINT('',#208957);
#208959=EDGE_CURVE('',#208877,#208958,#208947,.T.);
#208960=B_SPLINE_CURVE_WITH_KNOTS('',5,(#208961,#208962,#208963,#208964,#208965,#208966),.UNSPECIFIED.,.F.,.U.,(6,6),(0.,4.),.UNSPECIFIED.);
#208961=CARTESIAN_POINT('Control Point',(8819.50616531,-2580.86767848,899.276654965));
#208962=CARTESIAN_POINT('Control Point',(8819.44314754,-2581.21042881,898.069307576));
#208963=CARTESIAN_POINT('Control Point',(8819.864019230001,-2581.6424773,896.860833742));
#208964=CARTESIAN_POINT('Control Point',(8820.79131294,-2582.09310637,895.906308634));
#208965=CARTESIAN_POINT('Control Point',(8822.00371128,-2582.45476429,895.4335489710001));
#208966=CARTESIAN_POINT('Control Point',(8823.23963229,-2582.68199982,895.433549021));
#208967=EDGE_CURVE('',#208958,#208223,#208960,.F.);
#208968=EDGE_LOOP('',(#208969,#208970,#208971,#208972));
#208969=ORIENTED_EDGE('',*,*,#208959,.T.);
#208970=ORIENTED_EDGE('',*,*,#208967,.T.);
#208971=ORIENTED_EDGE('',*,*,#208224,.F.);
#208972=ORIENTED_EDGE('',*,*,#208883,.F.);
#208973=FACE_OUTER_BOUND('',#208968,.T.);
#208974=ADVANCED_FACE('PartBody',(#208973),#208892,.F.);
#208975=CARTESIAN_POINT('Axis2P3D Location',(8825.83181639,-2568.58324706,895.45909881));
#208976=DIRECTION('Axis2P3D Direction',(0.1737354387629714,0.9449379119098446,-0.2773235293899544));
#208977=DIRECTION('Axis2P3D XDirection',(-0.05014789645250626,-0.272751770727034,-0.9607765921621199));
#208978=AXIS2_PLACEMENT_3D('Cylinder Axis2P3D',#208975,#208976,#208977);
#208979=CYLINDRICAL_SURFACE('generated cylinder',#208978,4.);
#208980=CARTESIAN_POINT('Line Origine',(8825.63122481,-2569.67425414,891.615992442));
#208981=DIRECTION('Vector Direction',(0.1737354387629714,0.9449379119098446,-0.2773235293899544));
#208982=VECTOR('Line Direction',#208981,1.);
#208983=LINE('Line',#208980,#208982);
#208984=CARTESIAN_POINT('Vertex',(8828.04455266,-2556.5482909,887.763740981));
#208985=VERTEX_POINT('',#208984);
#208986=EDGE_CURVE('',#208958,#208985,#208983,.T.);
#208987=CARTESIAN_POINT('Axis2P3D Location',(8828.245144250001,-2555.45728382,891.60684735));
#208988=DIRECTION('Axis2P3D Direction',(0.1737354387629714,0.9449379119098446,-0.2773235293899544));
#208989=AXIS2_PLACEMENT_3D('Circle Axis2P3D',#208987,#208988,$);
#208990=CIRCLE('generated circle',#208989,4.);
#208991=EDGE_CURVE('',#208985,#208247,#208990,.T.);
#208992=EDGE_LOOP('',(#208993,#208994,#208995,#208996));
#208993=ORIENTED_EDGE('',*,*,#208986,.T.);
#208994=ORIENTED_EDGE('',*,*,#208991,.T.);
#208995=ORIENTED_EDGE('',*,*,#208248,.F.);
#208996=ORIENTED_EDGE('',*,*,#208967,.F.);
#208997=FACE_OUTER_BOUND('',#208992,.T.);
#208998=ADVANCED_FACE('PartBody',(#208997),#208979,.F.);
#208999=CARTESIAN_POINT('Axis2P3D Location',(8833.1627178,-2556.36142449,891.60684735));
#209000=DIRECTION('Axis2P3D Direction',(0.05014789645250626,0.272751770727034,0.9607765921621199));
#209001=DIRECTION('Axis2P3D XDirection',(0.1737354387629714,0.9449379119098446,-0.2773235293899544));
#209002=AXIS2_PLACEMENT_3D('Torus Axis2P3D',#208999,#209000,#209001);
#209003=TOROIDAL_SURFACE('homeo Torus',#209002,5.,4.);
#209004=B_SPLINE_CURVE_WITH_KNOTS('',5,(#209005,#209006,#209007,#209008,#209009,#209010,#209011,#209012,#209013,#209014,#209015,#209016,#209017,#209018,#209019),.UNSPECIFIED.,.F.,.U.,(6,3,3,3,6),(0.,2.06181712076,3.76585436069,4.66177815363,9.17653277393),.UNSPECIFIED.);
#209005=CARTESIAN_POINT('Control Point',(8828.88820517,-2554.61489119,887.170839781));
#209006=CARTESIAN_POINT('Control Point',(8828.938863810001,-2554.33936149,887.089976407));
#209007=CARTESIAN_POINT('Control Point',(8828.97877985,-2554.05685964,887.0127504660001));
#209008=CARTESIAN_POINT('Control Point',(8829.00026551,-2553.76174865,886.9411014139999));
#209009=CARTESIAN_POINT('Control Point',(8828.93394615,-2553.21694343,886.860854));
#209010=CARTESIAN_POINT('Control Point',(8828.723643089999,-2552.7171632,886.895523946));
#209011=CARTESIAN_POINT('Control Point',(8828.607995820001,-2552.506508,886.937054072));
#209012=CARTESIAN_POINT('Control Point',(8828.422231529999,-2552.2017132,887.03180793));
#209013=CARTESIAN_POINT('Control Point',(8828.232774169999,-2551.9184792,887.17092671));
#209014=CARTESIAN_POINT('Control Point',(8828.16778136,-2551.82301143,887.223927493));
#209015=CARTESIAN_POINT('Control Point',(8827.782003910001,-2551.26033914,887.571929039));
#209016=CARTESIAN_POINT('Control Point',(8827.45033668,-2550.77152527,888.0833625929999));
#209017=CARTESIAN_POINT('Control Point',(8827.268850709999,-2550.40365255,888.596480163));
#209018=CARTESIAN_POINT('Control Point',(8827.19768702,-2550.09412276,889.165937156));
#209019=CARTESIAN_POINT('Control Point',(8827.24274951,-2549.84903028,889.754811079));
#209020=CARTESIAN_POINT('Vertex',(8828.88820517,-2554.61489119,887.170839781));
#209021=VERTEX_POINT('',#209020);
#209022=EDGE_CURVE('',#209021,#208314,#209004,.T.);
#209023=CARTESIAN_POINT('Axis2P3D Location',(8832.962126210001,-2557.45243158,887.763740981));
#209024=DIRECTION('Axis2P3D Direction',(0.05014789645250626,0.272751770727034,0.9607765921621199));
#209025=AXIS2_PLACEMENT_3D('Circle Axis2P3D',#209023,#209024,$);
#209026=CIRCLE('generated circle',#209025,5.);
#209027=EDGE_CURVE('',#208985,#209021,#209026,.F.);
#209028=EDGE_LOOP('',(#209029,#209030,#209031,#209032,#209033));
#209029=ORIENTED_EDGE('',*,*,#209022,.T.);
#209030=ORIENTED_EDGE('',*,*,#208315,.F.);
#209031=ORIENTED_EDGE('',*,*,#208293,.F.);
#209032=ORIENTED_EDGE('',*,*,#208991,.F.);
#209033=ORIENTED_EDGE('',*,*,#209027,.T.);
#209034=FACE_OUTER_BOUND('',#209028,.T.);
#209035=ADVANCED_FACE('PartBody',(#209034),#209003,.F.);
#209036=CARTESIAN_POINT('Axis2P3D Location',(8837.02452572,-2518.76691565,880.420448255));
#209037=DIRECTION('Axis2P3D Direction',(0.1737354387629714,0.9449379119098446,-0.2773235293899544));
#209038=DIRECTION('Axis2P3D XDirection',(-0.05014789645250626,-0.272751770727034,-0.9607765921621199));
#209039=AXIS2_PLACEMENT_3D('Cylinder Axis2P3D',#209036,#209037,#209038);
#209040=CYLINDRICAL_SURFACE('generated cylinder',#209039,4.);
#209041=CARTESIAN_POINT('Line Origine',(8835.34416556,-2519.50126223,876.865574864));
#209042=DIRECTION('Vector Direction',(0.1737354387629714,0.9449379119098446,-0.2773235293899544));
#209043=VECTOR('Line Direction',#209042,1.);
#209044=LINE('Line',#209041,#209043);
#209045=CARTESIAN_POINT('Vertex',(8823.76211152,-2582.49544486,895.353317643));
#209046=VERTEX_POINT('',#209045);
#209047=EDGE_CURVE('',#209021,#209046,#209044,.F.);
#209048=CARTESIAN_POINT('Axis2P3D Location',(8825.44247168,-2581.76109827,898.908191034));
#209049=DIRECTION('Axis2P3D Direction',(0.1737354387629714,0.9449379119098446,-0.2773235293899544));
#209050=AXIS2_PLACEMENT_3D('Circle Axis2P3D',#209048,#209049,$);
#209051=CIRCLE('generated circle',#209050,4.);
#209052=CARTESIAN_POINT('Vertex',(8825.2418801,-2582.85210536,895.065084665));
#209053=VERTEX_POINT('',#209052);
#209054=EDGE_CURVE('',#209053,#209046,#209051,.T.);
#209055=CARTESIAN_POINT('Line Origine',(8836.82393414,-2519.85792273,876.577341886));
#209056=DIRECTION('Vector Direction',(0.1737354387629714,0.9449379119098446,-0.2773235293899544));
#209057=VECTOR('Line Direction',#209056,1.);
#209058=LINE('Line',#209055,#209057);
#209059=CARTESIAN_POINT('Vertex',(8848.75345905,-2454.97386428,857.534952049));
#209060=VERTEX_POINT('',#209059);
#209061=EDGE_CURVE('',#209053,#209060,#209058,.T.);
#209062=CARTESIAN_POINT('Axis2P3D Location',(8848.954050640001,-2453.8828572,861.378058418));
#209063=DIRECTION('Axis2P3D Direction',(0.1737354387629714,0.9449379119098446,-0.2773235293899544));
#209064=AXIS2_PLACEMENT_3D('Circle Axis2P3D',#209062,#209063,$);
#209065=CIRCLE('generated circle',#209064,4.);
#209066=EDGE_CURVE('',#209060,#208321,#209065,.T.);
#209067=EDGE_LOOP('',(#209068,#209069,#209070,#209071,#209072,#209073));
#209068=ORIENTED_EDGE('',*,*,#209022,.F.);
#209069=ORIENTED_EDGE('',*,*,#209047,.T.);
#209070=ORIENTED_EDGE('',*,*,#209054,.F.);
#209071=ORIENTED_EDGE('',*,*,#209061,.T.);
#209072=ORIENTED_EDGE('',*,*,#209066,.T.);
#209073=ORIENTED_EDGE('',*,*,#208322,.F.);
#209074=FACE_OUTER_BOUND('',#209067,.T.);
#209075=ADVANCED_FACE('PartBody',(#209074),#209040,.F.);
#209076=B_SPLINE_CURVE_WITH_KNOTS('',5,(#209077,#209078,#209079,#209080,#209081,#209082),.UNSPECIFIED.,.F.,.U.,(6,6),(-6.28318530718,-2.84217094304E-013),.UNSPECIFIED.);
#209077=CARTESIAN_POINT('Control Point',(8853.261670379999,-2458.00301541,858.159581149));
#209078=CARTESIAN_POINT('Control Point',(8853.91414449,-2459.04462793,858.421225175));
#209079=CARTESIAN_POINT('Control Point',(8854.591903140001,-2459.95300204,859.155873062));
#209080=CARTESIAN_POINT('Control Point',(8855.157568770001,-2460.50552062,860.31725324));
#209081=CARTESIAN_POINT('Control Point',(8855.47613386,-2460.57031394,861.628178845));
#209082=CARTESIAN_POINT('Control Point',(8855.53915156,-2460.22756395,862.835526318));
#209083=CARTESIAN_POINT('Axis1P Location',(8851.90459477,-2454.4253416,861.378058418));
#209084=DIRECTION('Axis1P Direction',(-0.05014789645250626,-0.272751770727034,-0.9607765921621199));
#209085=AXIS1_PLACEMENT('Revolution Surface Axis1P',#209083,#209084);
#209086=SURFACE_OF_REVOLUTION('homeo Torus',#209076,#209085);
#209087=CARTESIAN_POINT('Axis2P3D Location',(8851.704003180001,-2455.51634868,857.534952049));
#209088=DIRECTION('Axis2P3D Direction',(0.05014789645250626,0.272751770727034,0.9607765921621199));
#209089=AXIS2_PLACEMENT_3D('Circle Axis2P3D',#209087,#209088,$);
#209090=CIRCLE('generated circle',#209089,3.);
#209091=CARTESIAN_POINT('Vertex',(8852.596715350001,-2452.77370115,856.709755416));
#209092=VERTEX_POINT('',#209091);
#209093=EDGE_CURVE('',#209060,#209092,#209090,.F.);
#209094=CARTESIAN_POINT('Axis2P3D Location',(8852.79730694,-2451.68269407,860.552861785));
#209095=DIRECTION('Axis2P3D Direction',(0.9533817982815069,-0.299692943607845,0.03531694008808173));
#209096=AXIS2_PLACEMENT_3D('Circle Axis2P3D',#209094,#209095,$);
#209097=CIRCLE('generated circle',#209096,4.);
#209098=EDGE_CURVE('',#209092,#208363,#209097,.T.);
#209099=EDGE_LOOP('',(#209100,#209101,#209102,#209103));
#209100=ORIENTED_EDGE('',*,*,#209093,.T.);
#209101=ORIENTED_EDGE('',*,*,#209098,.T.);
#209102=ORIENTED_EDGE('',*,*,#208364,.F.);
#209103=ORIENTED_EDGE('',*,*,#209066,.F.);
#209104=FACE_OUTER_BOUND('',#209099,.T.);
#209105=ADVANCED_FACE('PartBody',(#209104),#209086,.T.);
#209106=CARTESIAN_POINT('Axis2P3D Location',(8903.37410427,-2467.58137107,862.4264214900001));
#209107=DIRECTION('Axis2P3D Direction',(-0.9533817982817961,0.2996929436069359,-0.03531694008799245));
#209108=DIRECTION('Axis2P3D XDirection',(0.297570722999937,0.9142158449278066,-0.2750655443639418));
#209109=AXIS2_PLACEMENT_3D('Cylinder Axis2P3D',#209106,#209107,#209108);
#209110=CYLINDRICAL_SURFACE('generated cylinder',#209109,4.);
#209111=B_SPLINE_CURVE_WITH_KNOTS('',5,(#209112,#209113,#209114,#209115,#209116,#209117,#209118,#209119,#209120),.UNSPECIFIED.,.F.,.U.,(6,3,6),(0.490262800453,5.31417223906,12.8538958869),.UNSPECIFIED.);
#209112=CARTESIAN_POINT('Control Point',(8915.975997899999,-2470.93180239,858.926987546));
#209113=CARTESIAN_POINT('Control Point',(8915.711517829999,-2470.30556191,858.987787633));
#209114=CARTESIAN_POINT('Control Point',(8915.32849645,-2469.73511011,859.118784663));
#209115=CARTESIAN_POINT('Control Point',(8914.910313030001,-2469.22323524,859.276006495));
#209116=CARTESIAN_POINT('Control Point',(8913.741883889999,-2468.0031672,859.7420616860001));
#209117=CARTESIAN_POINT('Control Point',(8912.412329639999,-2467.01025027,860.322862559));
#209118=CARTESIAN_POINT('Control Point',(8911.572529950001,-2466.46985963,860.700795593));
#209119=CARTESIAN_POINT('Control Point',(8910.70526029,-2465.99100173,861.101203708));
#209120=CARTESIAN_POINT('Control Point',(8909.817289430001,-2465.57574305,861.520747079));
#209121=CARTESIAN_POINT('Vertex',(8915.97599796,-2470.931802,858.926989206));
#209122=VERTEX_POINT('',#209121);
#209123=EDGE_CURVE('',#209122,#208389,#209111,.T.);
#209124=CARTESIAN_POINT('Line Origine',(8903.173512679999,-2468.67237815,858.5833151210001));
#209125=DIRECTION('Vector Direction',(-0.9533817982817961,0.2996929436069359,-0.03531694008799245));
#209126=VECTOR('Line Direction',#209125,1.);
#209127=LINE('Line',#209124,#209126);
#209128=CARTESIAN_POINT('Vertex',(8915.66921684,-2472.60036835,859.046204214));
#209129=VERTEX_POINT('',#209128);
#209130=EDGE_CURVE('',#209092,#209129,#209127,.F.);
#209131=B_SPLINE_CURVE_WITH_KNOTS('',3,(#209132,#209133,#209134,#209135),.UNSPECIFIED.,.F.,.U.,(4,4),(6.49911475482,8.92220166335),.UNSPECIFIED.);
#209132=CARTESIAN_POINT('Control Point',(8915.975997899999,-2470.93180239,858.926987546));
#209133=CARTESIAN_POINT('Control Point',(8915.87374417,-2471.48795502,858.8467275));
#209134=CARTESIAN_POINT('Control Point',(8915.768441849999,-2472.06068874,858.887817241));
#209135=CARTESIAN_POINT('Control Point',(8915.66921684,-2472.60036835,859.046204214));
#209136=EDGE_CURVE('',#209122,#209129,#209131,.T.);
#209137=EDGE_LOOP('',(#209138,#209139,#209140,#209141,#209142));
#209138=ORIENTED_EDGE('',*,*,#209123,.T.);
#209139=ORIENTED_EDGE('',*,*,#208390,.F.);
#209140=ORIENTED_EDGE('',*,*,#209098,.F.);
#209141=ORIENTED_EDGE('',*,*,#209130,.T.);
#209142=ORIENTED_EDGE('',*,*,#209136,.F.);
#209143=FACE_OUTER_BOUND('',#209137,.T.);
#209144=ADVANCED_FACE('PartBody',(#209143),#209110,.F.);
#209145=CARTESIAN_POINT('Axis2P3D Location',(8879.57901928,-2597.00158654,887.919201597));
#209146=DIRECTION('Axis2P3D Direction',(-0.9874053622049329,0.1580703824779893,0.006663698087979547));
#209147=DIRECTION('Axis2P3D XDirection',(-0.1500527879459553,-0.9490101294237172,0.2772434581389174));
#209148=AXIS2_PLACEMENT_3D('Cylinder Axis2P3D',#209145,#209146,#209147);
#209149=CYLINDRICAL_SURFACE('generated cylinder',#209148,4.);
#209150=B_SPLINE_CURVE_WITH_KNOTS('',4,(#209151,#209152,#209153,#209154,#209155),.UNSPECIFIED.,.F.,.U.,(5,5),(0.217095655588,3.60506270222),.UNSPECIFIED.);
#209151=CARTESIAN_POINT('Control Point',(8879.526645030001,-2598.15423166,891.750608821));
#209152=CARTESIAN_POINT('Control Point',(8879.706989439999,-2597.60873301,891.9196676));
#209153=CARTESIAN_POINT('Control Point',(8879.940384179999,-2597.044569,891.973689128));
#209154=CARTESIAN_POINT('Control Point',(8880.23213398,-2596.51239352,891.9095354999999));
#209155=CARTESIAN_POINT('Control Point',(8880.561043870001,-2596.03567642,891.757034312));
#209156=EDGE_CURVE('',#208507,#208656,#209150,.T.);
#209157=EDGE_LOOP('',(#209158,#209159,#209160,#209161));
#209158=ORIENTED_EDGE('',*,*,#209156,.F.);
#209159=ORIENTED_EDGE('',*,*,#208539,.T.);
#209160=ORIENTED_EDGE('',*,*,#208691,.F.);
#209161=ORIENTED_EDGE('',*,*,#208664,.T.);
#209162=FACE_OUTER_BOUND('',#209157,.T.);
#209163=ADVANCED_FACE('PartBody',(#209162),#209149,.F.);
#209164=CARTESIAN_POINT('Axis2P3D Location',(8830.360045240001,-2582.66523895,898.908191034));
#209165=DIRECTION('Axis2P3D Direction',(0.05014789645250626,0.272751770727034,0.9607765921621199));
#209166=DIRECTION('Axis2P3D XDirection',(-0.9835147105149434,0.1808281344279896,0));
#209167=AXIS2_PLACEMENT_3D('Torus Axis2P3D',#209164,#209165,#209166);
#209168=TOROIDAL_SURFACE('homeo Torus',#209167,5.,4.);
#209169=B_SPLINE_CURVE_WITH_KNOTS('',3,(#209170,#209171,#209172,#209173),.UNSPECIFIED.,.F.,.U.,(4,4),(4.69023117381,7.97292365491),.UNSPECIFIED.);
#209170=CARTESIAN_POINT('Control Point',(8823.826526250001,-2584.98485531,896.0566662160001));
#209171=CARTESIAN_POINT('Control Point',(8823.6333001,-2584.16790097,895.834829154));
#209172=CARTESIAN_POINT('Control Point',(8823.611257680001,-2583.31593096,895.59411664));
#209173=CARTESIAN_POINT('Control Point',(8823.76211152,-2582.49544486,895.353317643));
#209174=EDGE_CURVE('',#208870,#209046,#209169,.T.);
#209175=CARTESIAN_POINT('Axis2P3D Location',(8829.60794856,-2587.40999586,900.294420598));
#209176=DIRECTION('Axis2P3D Direction',(-0.9873495896402996,0.1584226753300481,0.006560775746981991));
#209177=AXIS2_PLACEMENT_3D('Circle Axis2P3D',#209175,#209176,$);
#209178=CIRCLE('generated circle',#209177,4.);
#209179=CARTESIAN_POINT('Vertex',(8829.40735698,-2588.50100294,896.451314229));
#209180=VERTEX_POINT('',#209179);
#209181=EDGE_CURVE('',#209180,#208735,#209178,.T.);
#209182=CARTESIAN_POINT('Axis2P3D Location',(8830.15945365,-2583.75624603,895.065084665));
#209183=DIRECTION('Axis2P3D Direction',(0.05014789645250626,0.272751770727034,0.9607765921621199));
#209184=AXIS2_PLACEMENT_3D('Circle Axis2P3D',#209182,#209183,$);
#209185=CIRCLE('generated circle',#209184,5.);
#209186=EDGE_CURVE('',#209180,#209053,#209185,.F.);
#209187=EDGE_LOOP('',(#209188,#209189,#209190,#209191,#209192,#209193,#209194));
#209188=ORIENTED_EDGE('',*,*,#209174,.F.);
#209189=ORIENTED_EDGE('',*,*,#208871,.F.);
#209190=ORIENTED_EDGE('',*,*,#208841,.F.);
#209191=ORIENTED_EDGE('',*,*,#208752,.F.);
#209192=ORIENTED_EDGE('',*,*,#209181,.F.);
#209193=ORIENTED_EDGE('',*,*,#209186,.T.);
#209194=ORIENTED_EDGE('',*,*,#209054,.T.);
#209195=FACE_OUTER_BOUND('',#209187,.T.);
#209196=ADVANCED_FACE('PartBody',(#209195),#209168,.F.);
#209197=CARTESIAN_POINT('Axis2P3D Location',(8879.860051039999,-2595.47306957,899.960503636));
#209198=DIRECTION('Axis2P3D Direction',(-0.9873495896402996,0.1584226753300481,0.006560775746991991));
#209199=DIRECTION('Axis2P3D XDirection',(-0.05014789645250626,-0.272751770727034,-0.9607765921621199));
#209200=AXIS2_PLACEMENT_3D('Cylinder Axis2P3D',#209197,#209198,#209199);
#209201=CYLINDRICAL_SURFACE('generated cylinder',#209200,4.);
#209202=B_SPLINE_CURVE_WITH_KNOTS('',3,(#209203,#209204,#209205,#209206),.UNSPECIFIED.,.F.,.U.,(4,4),(0.,1.52095198671),.UNSPECIFIED.);
#209203=CARTESIAN_POINT('Control Point',(8879.373895320001,-2598.42619511,897.306689463));
#209204=CARTESIAN_POINT('Control Point',(8879.33782896,-2598.66129507,897.574912535));
#209205=CARTESIAN_POINT('Control Point',(8879.30766821,-2598.86058337,897.875278411));
#209206=CARTESIAN_POINT('Control Point',(8879.28449167,-2599.01693311,898.197045409));
#209207=CARTESIAN_POINT('Vertex',(8879.373895320001,-2598.42619511,897.306689463));
#209208=VERTEX_POINT('',#209207);
#209209=EDGE_CURVE('',#209208,#208725,#209202,.T.);
#209210=B_SPLINE_CURVE_WITH_KNOTS('',4,(#209211,#209212,#209213,#209214,#209215),.UNSPECIFIED.,.F.,.U.,(5,5),(0.,3.2206473438),.UNSPECIFIED.);
#209211=CARTESIAN_POINT('Control Point',(8879.9119969,-2596.60459691,896.115719197));
#209212=CARTESIAN_POINT('Control Point',(8879.6973347,-2597.10881921,896.270065571));
#209213=CARTESIAN_POINT('Control Point',(8879.533182790001,-2597.60411256,896.52565708));
#209214=CARTESIAN_POINT('Control Point',(8879.43117364,-2598.05282396,896.880714055));
#209215=CARTESIAN_POINT('Control Point',(8879.37389524,-2598.42619564,897.306690066));
#209216=CARTESIAN_POINT('Vertex',(8879.911996930001,-2596.60459691,896.115719197));
#209217=VERTEX_POINT('',#209216);
#209218=EDGE_CURVE('',#209217,#209208,#209210,.T.);
#209219=CARTESIAN_POINT('Line Origine',(8879.659459459999,-2596.56407665,896.117397267));
#209220=DIRECTION('Vector Direction',(-0.9873495896402996,0.1584226753300481,0.006560775746991991));
#209221=VECTOR('Line Direction',#209220,1.);
#209222=LINE('Line',#209219,#209221);
#209223=EDGE_CURVE('',#209217,#209180,#209222,.T.);
#209224=EDGE_LOOP('',(#209225,#209226,#209227,#209228,#209229));
#209225=ORIENTED_EDGE('',*,*,#209209,.F.);
#209226=ORIENTED_EDGE('',*,*,#209218,.F.);
#209227=ORIENTED_EDGE('',*,*,#209223,.T.);
#209228=ORIENTED_EDGE('',*,*,#209181,.T.);
#209229=ORIENTED_EDGE('',*,*,#208736,.F.);
#209230=FACE_OUTER_BOUND('',#209224,.T.);
#209231=ADVANCED_FACE('PartBody',(#209230),#209201,.F.);
#209232=CARTESIAN_POINT('Axis2P3D Location',(40.9426811752,222.685089083,557.4203984440001));
#209233=DIRECTION('Axis2P3D Direction',(0.05014789645250626,0.272751770727034,0.9607765921621199));
#209234=DIRECTION('Axis2P3D XDirection',(-0.9835147105149434,0.1808281344279896,1.91054370392989e-17));
#209235=AXIS2_PLACEMENT_3D('Plane Axis2P3D',#209232,#209233,#209234);
#209236=PLANE('',#209235);
#209237=EDGE_LOOP('',(#209238,#209239,#209240,#209241,#209242,#209243));
#209238=ORIENTED_EDGE('',*,*,#209027,.F.);
#209239=ORIENTED_EDGE('',*,*,#208986,.F.);
#209240=ORIENTED_EDGE('',*,*,#208959,.F.);
#209241=ORIENTED_EDGE('',*,*,#208878,.F.);
#209242=ORIENTED_EDGE('',*,*,#209174,.T.);
#209243=ORIENTED_EDGE('',*,*,#209047,.F.);
#209244=FACE_OUTER_BOUND('',#209237,.T.);
#209245=ADVANCED_FACE('PartBody',(#209244),#209236,.T.);
#209246=CARTESIAN_POINT('Axis2P3D Location',(8769.44691889,-2496.33439949,873.416079363));
#209247=DIRECTION('Axis2P3D Direction',(0.05014789645250626,0.272751770727034,0.9607765921621199));
#209248=DIRECTION('Axis2P3D XDirection',(-0.1737354387620016,-0.9449379119100085,0.2773235293900025));
#209249=AXIS2_PLACEMENT_3D('Plane Axis2P3D',#209246,#209247,#209248);
#209250=PLANE('',#209249);
#209251=B_SPLINE_CURVE_WITH_KNOTS('',5,(#209252,#209253,#209254,#209255,#209256,#209257),.UNSPECIFIED.,.F.,.U.,(6,6),(0.,6.04801438356),.UNSPECIFIED.);
#209252=CARTESIAN_POINT('Control Point',(8882.38531061,-2593.33167327,895.057484426));
#209253=CARTESIAN_POINT('Control Point',(8881.737053069999,-2593.8586309,895.24091664));
#209254=CARTESIAN_POINT('Control Point',(8881.154826600001,-2594.46060515,895.44219858));
#209255=CARTESIAN_POINT('Control Point',(8880.650761790001,-2595.12770672,895.657889644));
#209256=CARTESIAN_POINT('Control Point',(8880.23448673,-2595.84709814,895.883842901));
#209257=CARTESIAN_POINT('Control Point',(8879.911996930001,-2596.60459691,896.115719197));
#209258=CARTESIAN_POINT('Vertex',(8882.38531061,-2593.33167327,895.057484426));
#209259=VERTEX_POINT('',#209258);
#209260=EDGE_CURVE('',#209259,#209217,#209251,.T.);
#209261=CARTESIAN_POINT('Line Origine',(8887.138567120001,-2589.4678312,893.7124937249999));
#209262=DIRECTION('Vector Direction',(0.7579137142382721,0.6160952796922211,-0.214460737923077));
#209263=VECTOR('Line Direction',#209262,1.);
#209264=LINE('Line',#209261,#209263);
#209265=CARTESIAN_POINT('Vertex',(8891.891823620001,-2585.60398912,892.367503023));
#209266=VERTEX_POINT('',#209265);
#209267=EDGE_CURVE('',#209259,#209266,#209264,.T.);
#209268=B_SPLINE_CURVE_WITH_KNOTS('',5,(#209269,#209270,#209271,#209272,#209273,#209274,#209275,#209276,#209277),.UNSPECIFIED.,.F.,.U.,(6,3,6),(0.,8.86001880163,12.6468098823),.UNSPECIFIED.);
#209269=CARTESIAN_POINT('Control Point',(8891.891823620001,-2585.60398912,892.367503024));
#209270=CARTESIAN_POINT('Control Point',(8892.841486380001,-2584.83202428,892.098784604));
#209271=CARTESIAN_POINT('Control Point',(8893.69304428,-2583.94860412,891.803546093));
#209272=CARTESIAN_POINT('Control Point',(8894.428218470001,-2582.96863531,891.4869733640001));
#209273=CARTESIAN_POINT('Control Point',(8895.29084127,-2581.45970639,891.013583652));
#209274=CARTESIAN_POINT('Control Point',(8895.868806979999,-2579.83724225,890.522820519));
#209275=CARTESIAN_POINT('Control Point',(8896.015647210001,-2579.34292887,890.374827135));
#209276=CARTESIAN_POINT('Control Point',(8896.135751420001,-2578.84185918,890.226311218));
#209277=CARTESIAN_POINT('Control Point',(8896.228792510001,-2578.33581363,890.07779528));
#209278=CARTESIAN_POINT('Vertex',(8896.228792510001,-2578.33581363,890.07779528));
#209279=VERTEX_POINT('',#209278);
#209280=EDGE_CURVE('',#209266,#209279,#209268,.T.);
#209281=CARTESIAN_POINT('Line Origine',(8905.949004669999,-2525.46809099,874.561999747));
#209282=DIRECTION('Vector Direction',(-0.1737354387620016,-0.9449379119100085,0.2773235293900025));
#209283=VECTOR('Line Direction',#209282,1.);
#209284=LINE('Line',#209281,#209283);
#209285=EDGE_CURVE('',#209129,#209279,#209284,.T.);
#209286=EDGE_LOOP('',(#209287,#209288,#209289,#209290,#209291,#209292,#209293,#209294,#209295));
#209287=ORIENTED_EDGE('',*,*,#209130,.F.);
#209288=ORIENTED_EDGE('',*,*,#209093,.F.);
#209289=ORIENTED_EDGE('',*,*,#209061,.F.);
#209290=ORIENTED_EDGE('',*,*,#209186,.F.);
#209291=ORIENTED_EDGE('',*,*,#209223,.F.);
#209292=ORIENTED_EDGE('',*,*,#209260,.F.);
#209293=ORIENTED_EDGE('',*,*,#209267,.T.);
#209294=ORIENTED_EDGE('',*,*,#209280,.T.);
#209295=ORIENTED_EDGE('',*,*,#209285,.F.);
#209296=FACE_OUTER_BOUND('',#209286,.T.);
#209297=ADVANCED_FACE('PartBody',(#209296),#209250,.T.);
#209298=CARTESIAN_POINT('Axis2P3D Location',(8896.2031386,-2578.4753439,889.483789563));
#209299=DIRECTION('Axis2P3D Direction',(0.9835147105149434,-0.1808281344279896,1.033895191679941e-15));
#209300=DIRECTION('Axis2P3D XDirection',(0.1758813955630172,0.9566096580540937,-0.2323008756170228));
#209301=AXIS2_PLACEMENT_3D('Plane Axis2P3D',#209298,#209299,#209300);
#209302=PLANE('',#209301);
#209303=CARTESIAN_POINT('Line Origine',(8916.54226665,-2467.85189637,858.2324628710001));
#209304=DIRECTION('Vector Direction',(0.1765384228010099,0.9601831946420537,-0.2165234814100121));
#209305=VECTOR('Line Direction',#209304,1.);
#209306=LINE('Line',#209303,#209305);
#209307=EDGE_CURVE('',#209122,#207679,#209306,.T.);
#209308=CARTESIAN_POINT('Line Origine',(8896.14468827,-2578.79325212,888.130396471));
#209309=DIRECTION('Vector Direction',(0.04200653396401278,0.2284713284340696,0.9726439755572961));
#209310=VECTOR('Line Direction',#209309,1.);
#209311=LINE('Line',#209308,#209310);
#209312=EDGE_CURVE('',#208626,#209279,#209311,.T.);
#209313=CARTESIAN_POINT('Line Origine',(8916.28579903,-2469.24681024,853.318836023));
#209314=DIRECTION('Vector Direction',(0.1702484700110065,0.9259724723060355,-0.337031807090013));
#209315=VECTOR('Line Direction',#209314,1.);
#209316=LINE('Line',#209313,#209315);
#209317=EDGE_CURVE('',#207982,#207686,#209316,.T.);
#209318=EDGE_LOOP('',(#209319,#209320,#209321,#209322,#209323,#209324,#209325,#209326));
#209319=ORIENTED_EDGE('',*,*,#207687,.T.);
#209320=ORIENTED_EDGE('',*,*,#209307,.F.);
#209321=ORIENTED_EDGE('',*,*,#209136,.T.);
#209322=ORIENTED_EDGE('',*,*,#209285,.T.);
#209323=ORIENTED_EDGE('',*,*,#209312,.F.);
#209324=ORIENTED_EDGE('',*,*,#208627,.F.);
#209325=ORIENTED_EDGE('',*,*,#207991,.F.);
#209326=ORIENTED_EDGE('',*,*,#209317,.T.);
#209327=FACE_OUTER_BOUND('',#209318,.T.);
#209328=ADVANCED_FACE('PartBody',(#209327),#209302,.T.);
#209329=CARTESIAN_POINT('Axis2P3D Location',(8883.41744736,-2576.12457815,889.483789563));
#209330=DIRECTION('Axis2P3D Direction',(0.04200653396371331,0.2284713284340724,0.9726439755573082));
#209331=DIRECTION('Axis2P3D XDirection',(0.6486598781461168,-0.7466728674441344,0.1473770385990265));
#209332=AXIS2_PLACEMENT_3D('Cylinder Axis2P3D',#209329,#209330,#209331);
#209333=CYLINDRICAL_SURFACE('generated cylinder',#209332,13.);
#209334=CARTESIAN_POINT('Line Origine',(8891.850025780001,-2585.83132542,891.399691065));
#209335=DIRECTION('Vector Direction',(0.04200653396371331,0.2284713284340724,0.9726439755573082));
#209336=VECTOR('Line Direction',#209335,1.);
#209337=LINE('Line',#209334,#209336);
#209338=EDGE_CURVE('',#208639,#209266,#209337,.T.);
#209339=EDGE_LOOP('',(#209340,#209341,#209342,#209343));
#209340=ORIENTED_EDGE('',*,*,#208640,.T.);
#209341=ORIENTED_EDGE('',*,*,#209312,.T.);
#209342=ORIENTED_EDGE('',*,*,#209280,.F.);
#209343=ORIENTED_EDGE('',*,*,#209338,.F.);
#209344=FACE_OUTER_BOUND('',#209339,.T.);
#209345=ADVANCED_FACE('PartBody',(#209344),#209333,.T.);
#209346=CARTESIAN_POINT('Axis2P3D Location',(8882.32454663,-2593.66216535,893.650519548));
#209347=DIRECTION('Axis2P3D Direction',(0.6486598781719218,-0.7466728674229099,0.1473770385929822));
#209348=DIRECTION('Axis2P3D XDirection',(0.7599182939987845,0.6247243241128229,-0.1795653232329491));
#209349=AXIS2_PLACEMENT_3D('Plane Axis2P3D',#209346,#209347,#209348);
#209350=PLANE('',#209349);
#209351=CARTESIAN_POINT('Line Origine',(8882.30120638,-2593.78911176,893.110085617));
#209352=DIRECTION('Vector Direction',(0.04200653396351366,0.2284713284340743,0.9726439755573164));
#209353=VECTOR('Line Direction',#209352,1.);
#209354=LINE('Line',#209351,#209353);
#209355=EDGE_CURVE('',#208646,#209259,#209354,.T.);
#209356=EDGE_LOOP('',(#209357,#209358,#209359,#209360));
#209357=ORIENTED_EDGE('',*,*,#208647,.T.);
#209358=ORIENTED_EDGE('',*,*,#209338,.T.);
#209359=ORIENTED_EDGE('',*,*,#209267,.F.);
#209360=ORIENTED_EDGE('',*,*,#209355,.F.);
#209361=FACE_OUTER_BOUND('',#209356,.T.);
#209362=ADVANCED_FACE('PartBody',(#209361),#209350,.T.);
#209363=CARTESIAN_POINT('Axis2P3D Location',(8888.16248554,-2600.38222116,894.976912896));
#209364=DIRECTION('Axis2P3D Direction',(0.04200653396371331,0.2284713284340724,0.9726439755573082));
#209365=DIRECTION('Axis2P3D XDirection',(-0.6486598781461168,0.7466728674441344,-0.1473770385990265));
#209366=AXIS2_PLACEMENT_3D('Cylinder Axis2P3D',#209363,#209364,#209365);
#209367=CYLINDRICAL_SURFACE('generated cylinder',#209366,9.);
#209368=CARTESIAN_POINT('Line Origine',(8879.27544195,-2598.96167789,895.0270447950001));
#209369=DIRECTION('Vector Direction',(0.04200653396371331,0.2284713284340724,0.9726439755573082));
#209370=VECTOR('Line Direction',#209369,1.);
#209371=LINE('Line',#209368,#209370);
#209372=EDGE_CURVE('',#208509,#209208,#209371,.T.);
#209373=EDGE_LOOP('',(#209374,#209375,#209376,#209377,#209378,#209379,#209380));
#209374=ORIENTED_EDGE('',*,*,#209355,.T.);
#209375=ORIENTED_EDGE('',*,*,#209260,.T.);
#209376=ORIENTED_EDGE('',*,*,#209218,.T.);
#209377=ORIENTED_EDGE('',*,*,#209372,.F.);
#209378=ORIENTED_EDGE('',*,*,#208510,.F.);
#209379=ORIENTED_EDGE('',*,*,#209156,.T.);
#209380=ORIENTED_EDGE('',*,*,#208657,.F.);
#209381=FACE_OUTER_BOUND('',#209373,.T.);
#209382=ADVANCED_FACE('PartBody',(#209381),#209367,.F.);
#209383=CARTESIAN_POINT('Axis2P3D Location',(8846.086797559999,-2408.64645388,879.552933668));
#209384=DIRECTION('Axis2P3D Direction',(0.04433527457188756,0.2411372260959323,0.9694778087297279));
#209385=DIRECTION('Axis2P3D XDirection',(-0.1753088635220482,-0.9534956864032623,0.2451790741090674));
#209386=AXIS2_PLACEMENT_3D('Plane Axis2P3D',#209383,#209384,#209385);
#209387=PLANE('',#209386);
#209388=B_SPLINE_CURVE_WITH_KNOTS('',5,(#209389,#209390,#209391,#209392,#209393,#209394),.UNSPECIFIED.,.F.,.U.,(6,6),(78.929048879,140.226182559),.UNSPECIFIED.);
#209389=CARTESIAN_POINT('Control Point',(8866.788848030001,-2595.80558416,925.158105878));
#209390=CARTESIAN_POINT('Control Point',(8858.22949888,-2594.43387513,925.208350438));
#209391=CARTESIAN_POINT('Control Point',(8849.67014975,-2593.06216593,925.258594952));
#209392=CARTESIAN_POINT('Control Point',(8841.110800660001,-2591.69045655,925.30883942));
#209393=CARTESIAN_POINT('Control Point',(8832.551451589999,-2590.31874699,925.359083843));
#209394=CARTESIAN_POINT('Control Point',(8823.99210256,-2588.94703726,925.409328221));
#209395=CARTESIAN_POINT('Vertex',(8866.788848030001,-2595.80558416,925.158105878));
#209396=VERTEX_POINT('',#209395);
#209397=EDGE_CURVE('',#209396,#207793,#209388,.T.);
#209398=CARTESIAN_POINT('Line Origine',(8867.09265766,-2593.88759931,924.667153919));
#209399=DIRECTION('Vector Direction',(0.1516774698760751,0.9575571644684744,-0.2451085920711214));
#209400=VECTOR('Line Direction',#209399,1.);
#209401=LINE('Line',#209398,#209400);
#209402=CARTESIAN_POINT('Vertex',(8867.39646729,-2591.96961447,924.1762019609999));
#209403=VERTEX_POINT('',#209402);
#209404=EDGE_CURVE('',#209396,#209403,#209401,.T.);
#209405=CARTESIAN_POINT('Line Origine',(8847.64655197,-2588.80720966,924.292805349));
#209406=DIRECTION('Vector Direction',(0.9874049836792405,-0.1581057038180385,-0.00582963340197142));
#209407=VECTOR('Line Direction',#209406,1.);
#209408=LINE('Line',#209405,#209407);
#209409=EDGE_CURVE('',#208141,#209403,#209408,.T.);
#209410=CARTESIAN_POINT('Line Origine',(8856.37464253,-2438.47659454,886.502079775));
#209411=DIRECTION('Vector Direction',(0.2341789456869639,0.940885300506855,-0.2447346985759623));
#209412=VECTOR('Line Direction',#209411,1.);
#209413=LINE('Line',#209410,#209412);
#209414=EDGE_CURVE('',#208382,#207672,#209413,.T.);
#209415=EDGE_LOOP('',(#209416,#209417,#209418,#209419,#209420,#209421,#209422,#209423,#209424,#209425,#209426,#209427,#209428,#209429,#209430,#209431,#209432));
#209416=ORIENTED_EDGE('',*,*,#207673,.T.);
#209417=ORIENTED_EDGE('',*,*,#207649,.F.);
#209418=ORIENTED_EDGE('',*,*,#207474,.T.);
#209419=ORIENTED_EDGE('',*,*,#207728,.F.);
#209420=ORIENTED_EDGE('',*,*,#207800,.F.);
#209421=ORIENTED_EDGE('',*,*,#209397,.F.);
#209422=ORIENTED_EDGE('',*,*,#209404,.T.);
#209423=ORIENTED_EDGE('',*,*,#209409,.F.);
#209424=ORIENTED_EDGE('',*,*,#208144,.T.);
#209425=ORIENTED_EDGE('',*,*,#208194,.T.);
#209426=ORIENTED_EDGE('',*,*,#208215,.T.);
#209427=ORIENTED_EDGE('',*,*,#208260,.T.);
#209428=ORIENTED_EDGE('',*,*,#208288,.F.);
#209429=ORIENTED_EDGE('',*,*,#208334,.T.);
#209430=ORIENTED_EDGE('',*,*,#208357,.F.);
#209431=ORIENTED_EDGE('',*,*,#208383,.T.);
#209432=ORIENTED_EDGE('',*,*,#209414,.T.);
#209433=FACE_OUTER_BOUND('',#209415,.T.);
#209434=ADVANCED_FACE('PartBody',(#209433),#209387,.T.);
#209435=CARTESIAN_POINT('Axis2P3D Location',(8853.51947232,-2592.57058353,912.8618843949999));
#209436=DIRECTION('Axis2P3D Direction',(0.1522108564210517,0.959352681406326,-0.2376431944450808));
#209437=DIRECTION('Axis2P3D XDirection',(0.9873838814858119,-0.1582193323309699,-0.0063018615308888));
#209438=AXIS2_PLACEMENT_3D('Plane Axis2P3D',#209435,#209436,#209437);
#209439=PLANE('',#209438);
#209440=CARTESIAN_POINT('Line Origine',(8879.446871509999,-2598.28985335,906.380044229));
#209441=DIRECTION('Vector Direction',(0.04285295824520226,0.2338127609630123,0.9713368194300513));
#209442=VECTOR('Line Direction',#209441,1.);
#209443=LINE('Line',#209440,#209442);
#209444=CARTESIAN_POINT('Vertex',(8879.671723400001,-2597.06302463,911.476703207));
#209445=VERTEX_POINT('',#209444);
#209446=EDGE_CURVE('',#208727,#209445,#209443,.T.);
#209447=B_SPLINE_CURVE_WITH_KNOTS('',5,(#209448,#209449,#209450,#209451,#209452,#209453,#209454,#209455,#209456,#209457,#209458,#209459,#209460,#209461,#209462,#209463,#209464,#209465),.UNSPECIFIED.,.F.,.U.,(6,3,3,3,3,6),(0.,0.00820501936454,8.14284210206,16.4862970775,24.8299588873,28.8731147559),.UNSPECIFIED.);
#209448=CARTESIAN_POINT('Control Point',(8867.39646729,-2591.96961447,924.1762019609999));
#209449=CARTESIAN_POINT('Control Point',(8867.397613020001,-2591.96979806,924.176194649));
#209450=CARTESIAN_POINT('Control Point',(8867.398759240001,-2591.96997898,924.176198451));
#209451=CARTESIAN_POINT('Control Point',(8867.399904530001,-2591.97016494,924.17618129));
#209452=CARTESIAN_POINT('Control Point',(8868.536955539999,-2592.1523251,924.169093633));
#209453=CARTESIAN_POINT('Control Point',(8869.66844578,-2592.36428448,924.038146465));
#209454=CARTESIAN_POINT('Control Point',(8870.77474995,-2592.60281159,923.78381513));
#209455=CARTESIAN_POINT('Control Point',(8872.929740719999,-2593.13219499,923.0269982029999));
#209456=CARTESIAN_POINT('Control Point',(8874.84338706,-2593.73648064,921.8132234460001));
#209457=CARTESIAN_POINT('Control Point',(8875.732793130001,-2594.05674779,921.089988362));
#209458=CARTESIAN_POINT('Control Point',(8877.32135984,-2594.71465234,919.451543002));
#209459=CARTESIAN_POINT('Control Point',(8878.48238933,-2595.38453769,917.490893467));
#209460=CARTESIAN_POINT('Control Point',(8878.944230429999,-2595.71679516,916.4453981));
#209461=CARTESIAN_POINT('Control Point',(8879.441661610001,-2596.19741826,914.823754192));
#209462=CARTESIAN_POINT('Control Point',(8879.65201466,-2596.64758555,913.141184734));
#209463=CARTESIAN_POINT('Control Point',(8879.68968967,-2596.790674,912.587675329));
#209464=CARTESIAN_POINT('Control Point',(8879.69622623,-2596.92933316,912.032102514));
#209465=CARTESIAN_POINT('Control Point',(8879.671723400001,-2597.06302463,911.476703207));
#209466=EDGE_CURVE('',#209445,#209403,#209447,.F.);
#209467=EDGE_LOOP('',(#209468,#209469,#209470,#209471,#209472));
#209468=ORIENTED_EDGE('',*,*,#209446,.F.);
#209469=ORIENTED_EDGE('',*,*,#208762,.T.);
#209470=ORIENTED_EDGE('',*,*,#208151,.F.);
#209471=ORIENTED_EDGE('',*,*,#209409,.T.);
#209472=ORIENTED_EDGE('',*,*,#209466,.F.);
#209473=FACE_OUTER_BOUND('',#209467,.T.);
#209474=ADVANCED_FACE('PartBody',(#209473),#209439,.T.);
#209475=CARTESIAN_POINT('Axis2P3D Location',(8878.39086103,-2522.05691955,892.874822484));
#209476=DIRECTION('Axis2P3D Direction',(0.1516774698760751,0.9575571644684744,-0.2451085920711214));
#209477=DIRECTION('Axis2P3D XDirection',(0.04433527457188756,0.2411372260959323,0.9694778087297279));
#209478=AXIS2_PLACEMENT_3D('Cylinder Axis2P3D',#209475,#209476,#209477);
#209479=CYLINDRICAL_SURFACE('generated cylinder',#209478,13.);
#209480=B_SPLINE_CURVE_WITH_KNOTS('',5,(#209481,#209482,#209483,#209484,#209485,#209486),.UNSPECIFIED.,.F.,.U.,(6,6),(0.,28.8750936755),.UNSPECIFIED.);
#209481=CARTESIAN_POINT('Control Point',(8879.06135487,-2600.91635073,912.4630498929999));
#209482=CARTESIAN_POINT('Control Point',(8879.235903930001,-2599.96433836,916.429591473));
#209483=CARTESIAN_POINT('Control Point',(8877.83350843,-2598.75303389,920.407291131));
#209484=CARTESIAN_POINT('Control Point',(8874.786970720001,-2597.47737679,923.559009541));
#209485=CARTESIAN_POINT('Control Point',(8870.8208801,-2596.45175184,925.134437293));
#209486=CARTESIAN_POINT('Control Point',(8866.788848030001,-2595.80558416,925.158105878));
#209487=CARTESIAN_POINT('Vertex',(8879.06135487,-2600.91635073,912.4630498929999));
#209488=VERTEX_POINT('',#209487);
#209489=EDGE_CURVE('',#209396,#209488,#209480,.F.);
#209490=CARTESIAN_POINT('Line Origine',(8891.227701620001,-2524.1088163,892.802409962));
#209491=DIRECTION('Vector Direction',(0.1516774698760751,0.9575571644684744,-0.2451085920711214));
#209492=VECTOR('Line Direction',#209491,1.);
#209493=LINE('Line',#209490,#209492);
#209494=EDGE_CURVE('',#209488,#209445,#209493,.T.);
#209495=EDGE_LOOP('',(#209496,#209497,#209498,#209499));
#209496=ORIENTED_EDGE('',*,*,#209466,.T.);
#209497=ORIENTED_EDGE('',*,*,#209404,.F.);
#209498=ORIENTED_EDGE('',*,*,#209489,.T.);
#209499=ORIENTED_EDGE('',*,*,#209494,.T.);
#209500=FACE_OUTER_BOUND('',#209495,.T.);
#209501=ADVANCED_FACE('PartBody',(#209500),#209479,.T.);
#209502=CARTESIAN_POINT('Axis2P3D Location',(8803.04578024,-2642.74428285,876.4664469750001));
#209503=DIRECTION('Axis2P3D Direction',(-0.04054448239560575,-0.2205193068680313,-0.9745395734631382));
#209504=DIRECTION('Axis2P3D XDirection',(0.176224172995988,0.9584740064799349,-0.2242155653699848));
#209505=AXIS2_PLACEMENT_3D('Plane Axis2P3D',#209502,#209503,#209504);
#209506=PLANE('',#209505);
#209507=B_SPLINE_CURVE_WITH_KNOTS('',5,(#209508,#209509,#209510,#209511,#209512,#209513),.UNSPECIFIED.,.F.,.U.,(6,6),(78.9325165502,140.228547837),.UNSPECIFIED.);
#209508=CARTESIAN_POINT('Control Point',(8864.25102211,-2609.59975481,866.420120004));
#209509=CARTESIAN_POINT('Control Point',(8855.690678229999,-2608.23503633,866.467453061));
#209510=CARTESIAN_POINT('Control Point',(8847.130334359999,-2606.87031784,866.514786117));
#209511=CARTESIAN_POINT('Control Point',(8838.56999048,-2605.50559936,866.562119174));
#209512=CARTESIAN_POINT('Control Point',(8830.00964661,-2604.14088087,866.609452231));
#209513=CARTESIAN_POINT('Control Point',(8821.44930273,-2602.77616239,866.656785288));
#209514=CARTESIAN_POINT('Vertex',(8864.25102211,-2609.59975481,866.420120004));
#209515=VERTEX_POINT('',#209514);
#209516=EDGE_CURVE('',#209515,#207780,#209507,.T.);
#209517=CARTESIAN_POINT('Line Origine',(8845.111023019999,-2602.59602209,865.631607201));
#209518=DIRECTION('Vector Direction',(0.9874917610849939,-0.157577196254999,-0.005426694175189966));
#209519=VECTOR('Line Direction',#209518,1.);
#209520=LINE('Line',#209517,#209519);
#209521=CARTESIAN_POINT('Vertex',(8864.86169131,-2605.74769895,865.523068739));
#209522=VERTEX_POINT('',#209521);
#209523=EDGE_CURVE('',#207883,#209522,#209520,.T.);
#209524=CARTESIAN_POINT('Line Origine',(8864.55635671,-2607.67372688,865.971594372));
#209525=DIRECTION('Vector Direction',(0.1525912509360198,0.9625342556111246,-0.224151102859029));
#209526=VECTOR('Line Direction',#209525,1.);
#209527=LINE('Line',#209524,#209526);
#209528=EDGE_CURVE('',#209515,#209522,#209527,.T.);
#209529=EDGE_LOOP('',(#209530,#209531,#209532,#209533,#209534,#209535,#209536,#209537,#209538,#209539,#209540));
#209530=ORIENTED_EDGE('',*,*,#209516,.T.);
#209531=ORIENTED_EDGE('',*,*,#207781,.F.);
#209532=ORIENTED_EDGE('',*,*,#207736,.F.);
#209533=ORIENTED_EDGE('',*,*,#207456,.F.);
#209534=ORIENTED_EDGE('',*,*,#207318,.T.);
#209535=ORIENTED_EDGE('',*,*,#207495,.F.);
#209536=ORIENTED_EDGE('',*,*,#207821,.F.);
#209537=ORIENTED_EDGE('',*,*,#207851,.F.);
#209538=ORIENTED_EDGE('',*,*,#207884,.F.);
#209539=ORIENTED_EDGE('',*,*,#209523,.T.);
#209540=ORIENTED_EDGE('',*,*,#209528,.F.);
#209541=FACE_OUTER_BOUND('',#209529,.T.);
#209542=ADVANCED_FACE('PartBody',(#209541),#209506,.T.);
#209543=CARTESIAN_POINT('Axis2P3D Location',(8851.986364140001,-2600.89922919,877.424806334));
#209544=DIRECTION('Axis2P3D Direction',(0.1522428774149305,0.9618858082635607,-0.2271514872008963));
#209545=DIRECTION('Axis2P3D XDirection',(0.9874580616534452,-0.1577589910619114,-0.006219100799056506));
#209546=AXIS2_PLACEMENT_3D('Plane Axis2P3D',#209543,#209544,#209545);
#209547=PLANE('',#209546);
#209548=CARTESIAN_POINT('Line Origine',(8878.456042850001,-2603.67759545,883.400329506));
#209549=DIRECTION('Vector Direction',(0.04121107611759613,0.2234525547779791,0.9738432127239087));
#209550=VECTOR('Line Direction',#209549,1.);
#209551=LINE('Line',#209548,#209550);
#209552=CARTESIAN_POINT('Vertex',(8878.23216836,-2604.89147606,878.110036909));
#209553=VERTEX_POINT('',#209552);
#209554=EDGE_CURVE('',#209553,#208518,#209551,.T.);
#209555=B_SPLINE_CURVE_WITH_KNOTS('',5,(#209556,#209557,#209558,#209559,#209560,#209561,#209562,#209563,#209564,#209565,#209566,#209567,#209568,#209569,#209570),.UNSPECIFIED.,.F.,.U.,(6,3,3,3,6),(0.,8.34223437653,16.6857851574,25.0293688194,28.8749545842),.UNSPECIFIED.);
#209556=CARTESIAN_POINT('Control Point',(8864.86169131,-2605.74769895,865.523068739));
#209557=CARTESIAN_POINT('Control Point',(8866.026704559999,-2605.93360381,865.5166664880001));
#209558=CARTESIAN_POINT('Control Point',(8867.197206450001,-2606.08959906,865.640596822));
#209559=CARTESIAN_POINT('Control Point',(8868.353250980001,-2606.21249544,865.894996464));
#209560=CARTESIAN_POINT('Control Point',(8870.59608316,-2606.38779669,866.655878311));
#209561=CARTESIAN_POINT('Control Point',(8872.626887410001,-2606.41856668,867.886679277));
#209562=CARTESIAN_POINT('Control Point',(8873.57104309,-2606.39692443,868.611122452));
#209563=CARTESIAN_POINT('Control Point',(8875.283601990001,-2606.28034154,870.252601142));
#209564=CARTESIAN_POINT('Control Point',(8876.5929734,-2606.02358614,872.217421413));
#209565=CARTESIAN_POINT('Control Point',(8877.133903149999,-2605.86175623,873.265244583));
#209566=CARTESIAN_POINT('Control Point',(8877.744107439999,-2605.58061267,874.864737794));
#209567=CARTESIAN_POINT('Control Point',(8878.080762359999,-2605.24215784,876.523578844));
#209568=CARTESIAN_POINT('Control Point',(8878.15925999,-2605.13004183,877.050951571));
#209569=CARTESIAN_POINT('Control Point',(8878.2097558,-2605.01300028,877.58041427));
#209570=CARTESIAN_POINT('Control Point',(8878.23216836,-2604.89147606,878.110036909));
#209571=EDGE_CURVE('',#209522,#209553,#209555,.T.);
#209572=EDGE_LOOP('',(#209573,#209574,#209575,#209576,#209577));
#209573=ORIENTED_EDGE('',*,*,#209523,.F.);
#209574=ORIENTED_EDGE('',*,*,#207896,.T.);
#209575=ORIENTED_EDGE('',*,*,#208524,.T.);
#209576=ORIENTED_EDGE('',*,*,#209554,.F.);
#209577=ORIENTED_EDGE('',*,*,#209571,.F.);
#209578=FACE_OUTER_BOUND('',#209572,.T.);
#209579=ADVANCED_FACE('PartBody',(#209578),#209547,.T.);
#209580=B_SPLINE_SURFACE_WITH_KNOTS('',5,1,((#209581,#209582),(#209583,#209584),(#209585,#209586),(#209587,#209588),(#209589,#209590),(#209591,#209592)),.UNSPECIFIED.,.F.,.F.,.U.,(6,6),(2,2),(0.,200.178966185),(0.,267.218514412),.UNSPECIFIED.);
#209581=CARTESIAN_POINT('Control Point',(8717.644774640001,-2554.36989668,992.447778647));
#209582=CARTESIAN_POINT('Control Point',(8981.45647813,-2596.86190273,990.847753933));
#209583=CARTESIAN_POINT('Control Point',(8715.74616062,-2564.7013045,953.776877913));
#209584=CARTESIAN_POINT('Control Point',(8979.577739259999,-2607.075318,952.219983061));
#209585=CARTESIAN_POINT('Control Point',(8713.95090826,-2574.47101761,914.950377601));
#209586=CARTESIAN_POINT('Control Point',(8977.80399923,-2616.71715172,913.436746771));
#209587=CARTESIAN_POINT('Control Point',(8712.259353969999,-2583.67787314,875.9881629929999));
#209588=CARTESIAN_POINT('Control Point',(8976.13548332,-2625.78566655,874.518492519));
#209589=CARTESIAN_POINT('Control Point',(8710.67059664,-2592.32585152,836.885678861));
#209590=CARTESIAN_POINT('Control Point',(8974.57175709,-2634.28377137,835.46109981));
#209591=CARTESIAN_POINT('Control Point',(8709.185168509999,-2600.4129142,797.662863041));
#209592=CARTESIAN_POINT('Control Point',(8973.11314286,-2642.20919952,796.285174124));
#209593=B_SPLINE_CURVE_WITH_KNOTS('',3,(#209594,#209595,#209596,#209597),.UNSPECIFIED.,.F.,.U.,(4,4),(18.3839505824,67.025725855),.UNSPECIFIED.);
#209594=CARTESIAN_POINT('Control Point',(8877.617830749999,-2608.76667199,879.012476939));
#209595=CARTESIAN_POINT('Control Point',(8878.09010958,-2606.20602476,890.176078112));
#209596=CARTESIAN_POINT('Control Point',(8878.571288630001,-2603.58923326,901.326536195));
#209597=CARTESIAN_POINT('Control Point',(8879.06135484,-2600.91635094,912.463049943));
#209598=CARTESIAN_POINT('Vertex',(8877.61783078,-2608.76667179,879.01247689));
#209599=VERTEX_POINT('',#209598);
#209600=EDGE_CURVE('',#209599,#209488,#209593,.T.);
#209601=B_SPLINE_CURVE_WITH_KNOTS('',5,(#209602,#209603,#209604,#209605,#209606,#209607),.UNSPECIFIED.,.F.,.U.,(6,6),(0.,28.8770922728),.UNSPECIFIED.);
#209602=CARTESIAN_POINT('Control Point',(8877.617830749999,-2608.76667199,879.012476939));
#209603=CARTESIAN_POINT('Control Point',(8877.44960545,-2609.67877222,875.0360122880001));
#209604=CARTESIAN_POINT('Control Point',(8875.70368968,-2610.33386547,871.063381497));
#209605=CARTESIAN_POINT('Control Point',(8872.385265200001,-2610.53457918,867.934081655));
#209606=CARTESIAN_POINT('Control Point',(8868.283874389999,-2610.24268553,866.39782099));
#209607=CARTESIAN_POINT('Control Point',(8864.25102211,-2609.59975481,866.420120004));
#209608=EDGE_CURVE('',#209599,#209515,#209601,.T.);
#209609=EDGE_LOOP('',(#209610,#209611,#209612,#209613,#209614,#209615));
#209610=ORIENTED_EDGE('',*,*,#209600,.T.);
#209611=ORIENTED_EDGE('',*,*,#209489,.F.);
#209612=ORIENTED_EDGE('',*,*,#209397,.T.);
#209613=ORIENTED_EDGE('',*,*,#207794,.F.);
#209614=ORIENTED_EDGE('',*,*,#209516,.F.);
#209615=ORIENTED_EDGE('',*,*,#209608,.F.);
#209616=FACE_OUTER_BOUND('',#209609,.T.);
#209617=ADVANCED_FACE('PartBody',(#209616),#209580,.T.);
#209618=CARTESIAN_POINT('Axis2P3D Location',(8867.556110109999,-2672.90967917,912.903356205));
#209619=DIRECTION('Axis2P3D Direction',(0.9874492756343189,-0.157838211430051,-0.0055701940559818));
#209620=DIRECTION('Axis2P3D XDirection',(0.1522477558249695,0.9606705736598078,-0.2322340839549535));
#209621=AXIS2_PLACEMENT_3D('Plane Axis2P3D',#209618,#209619,#209620);
#209622=PLANE('',#209621);
#209623=CARTESIAN_POINT('Line Origine',(8877.924999569999,-2606.82907392,878.561256899));
#209624=DIRECTION('Vector Direction',(0.1525912509360198,0.9625342556111246,-0.224151102859029));
#209625=VECTOR('Line Direction',#209624,1.);
#209626=LINE('Line',#209623,#209625);
#209627=EDGE_CURVE('',#209599,#209553,#209626,.T.);
#209628=EDGE_LOOP('',(#209629,#209630,#209631,#209632,#209633,#209634,#209635,#209636,#209637));
#209629=ORIENTED_EDGE('',*,*,#209554,.T.);
#209630=ORIENTED_EDGE('',*,*,#208519,.T.);
#209631=ORIENTED_EDGE('',*,*,#209372,.T.);
#209632=ORIENTED_EDGE('',*,*,#209209,.T.);
#209633=ORIENTED_EDGE('',*,*,#208728,.T.);
#209634=ORIENTED_EDGE('',*,*,#209446,.T.);
#209635=ORIENTED_EDGE('',*,*,#209494,.F.);
#209636=ORIENTED_EDGE('',*,*,#209600,.F.);
#209637=ORIENTED_EDGE('',*,*,#209627,.T.);
#209638=FACE_OUTER_BOUND('',#209628,.T.);
#209639=ADVANCED_FACE('PartBody',(#209638),#209622,.T.);
#209640=CARTESIAN_POINT('Axis2P3D Location',(8865.658659369999,-2601.17850323,877.795624719));
#209641=DIRECTION('Axis2P3D Direction',(0.1525912509360198,0.9625342556111246,-0.224151102859029));
#209642=DIRECTION('Axis2P3D XDirection',(0.9874492756343189,-0.157838211430051,-0.0055701940559818));
#209643=AXIS2_PLACEMENT_3D('Cylinder Axis2P3D',#209640,#209641,#209642);
#209644=CYLINDRICAL_SURFACE('generated cylinder',#209643,13.);
#209645=EDGE_LOOP('',(#209646,#209647,#209648,#209649));
#209646=ORIENTED_EDGE('',*,*,#209571,.T.);
#209647=ORIENTED_EDGE('',*,*,#209627,.F.);
#209648=ORIENTED_EDGE('',*,*,#209608,.T.);
#209649=ORIENTED_EDGE('',*,*,#209528,.T.);
#209650=FACE_OUTER_BOUND('',#209645,.T.);
#209651=ADVANCED_FACE('PartBody',(#209650),#209644,.T.);
#209652=CARTESIAN_POINT('Axis2P3D Location',(8843.70460673,-2453.93261957,814.154324501));
#209653=DIRECTION('Axis2P3D Direction',(-0.3768933502791336,0.3772081363931337,0.8459701084282998));
#209654=DIRECTION('Axis2P3D XDirection',(0.8771562388359332,-0.1480655622399887,0.4568079705409652));
#209655=AXIS2_PLACEMENT_3D('Plane Axis2P3D',#209652,#209653,#209654);
#209656=PLANE('',#209655);
#209657=EDGE_LOOP('',(#209658,#209659,#209660,#209661,#209662));
#209658=ORIENTED_EDGE('',*,*,#207983,.T.);
#209659=ORIENTED_EDGE('',*,*,#207555,.F.);
#209660=ORIENTED_EDGE('',*,*,#207424,.T.);
#209661=ORIENTED_EDGE('',*,*,#207692,.F.);
#209662=ORIENTED_EDGE('',*,*,#209317,.F.);
#209663=FACE_OUTER_BOUND('',#209657,.T.);
#209664=ADVANCED_FACE('PartBody',(#209663),#209656,.F.);
#209665=CARTESIAN_POINT('Axis2P3D Location',(8918.535618100001,-2465.43936264,856.863677079));
#209666=DIRECTION('Axis2P3D Direction',(-0.4668356431071337,-0.1119842764360321,-0.8772251730062512));
#209667=DIRECTION('Axis2P3D XDirection',(-0.8327761686899122,0.3894469292649589,0.3934652998019585));
#209668=AXIS2_PLACEMENT_3D('Plane Axis2P3D',#209665,#209666,#209667);
#209669=PLANE('',#209668);
#209670=EDGE_LOOP('',(#209671,#209672,#209673,#209674,#209675));
#209671=ORIENTED_EDGE('',*,*,#209307,.T.);
#209672=ORIENTED_EDGE('',*,*,#207680,.T.);
#209673=ORIENTED_EDGE('',*,*,#209414,.F.);
#209674=ORIENTED_EDGE('',*,*,#208395,.F.);
#209675=ORIENTED_EDGE('',*,*,#209123,.F.);
#209676=FACE_OUTER_BOUND('',#209670,.T.);
#209677=ADVANCED_FACE('PartBody',(#209676),#209669,.F.);
#209678=ADVANCED_BREP_SHAPE_REPRESENTATION('NONE',(#207295),#206971);

#209679=APPLICATION_CONTEXT('automotive_design');
#209680=APPLICATION_PROTOCOL_DEFINITION('international standard','automotive_design',2010,#209679);
#209681=PRODUCT_CONTEXT('',#209679,'mechanical');
#209682=PRODUCT_DEFINITION_CONTEXT('part definition',#209679,'design');
#209683=PRODUCT('part_028_V5311315820000','part_028_V5311315820000','',(#209681));
#209684=PRODUCT_DEFINITION_FORMATION('','',#209683);
#209685=PRODUCT_DEFINITION('design','',#209684,#209682);
#209686=PRODUCT_DEFINITION_SHAPE('','',#209685);
#209687=SHAPE_DEFINITION_REPRESENTATION(#209686,#209678);
ENDSEC;
END-ISO-10303-21;
