ISO-10303-21;
HEADER;
FILE_DESCRIPTION(('CATIA V5 STEP Exchange','CAx-IF Rec.Pracs.--- Model Styling and Organization---1.4--- 2014-01-23'),'2;1');

FILE_NAME('C:\\Users\\SA516207\\WORK\\01_ASSY\\3_Catia\\ECHELLE\\ECHELLE.stp','2026-09-22T12:18:05+00:00',('none'),('none'),'CATIA Version 5-6 Release 2017 SP2 HF26','CATIA V5 STEP AP203 WITH EXTENSIONS','none');

FILE_SCHEMA(('CONFIG_CONTROL_DESIGN','SHAPE_APPEARANCE_LAYER_MIM'));

ENDSEC;
DATA;
#46=(LENGTH_UNIT()NAMED_UNIT(*)SI_UNIT(.MILLI.,.METRE.));
#47=(NAMED_UNIT(*)PLANE_ANGLE_UNIT()SI_UNIT($,.RADIAN.));
#48=(NAMED_UNIT(*)SI_UNIT($,.STERADIAN.)SOLID_ANGLE_UNIT());
#66421=UNCERTAINTY_MEASURE_WITH_UNIT(LENGTH_MEASURE(0.005),#46,'distance_accuracy_value','CONFUSED CURVE UNCERTAINTY');
#66422=(GEOMETRIC_REPRESENTATION_CONTEXT(3)GLOBAL_UNCERTAINTY_ASSIGNED_CONTEXT((#66421))GLOBAL_UNIT_ASSIGNED_CONTEXT((#46,#47,#48))REPRESENTATION_CONTEXT(' ',' '));
#66758=MANIFOLD_SOLID_BREP('PartBody',#66760);
#66760=CLOSED_SHELL('Closed Shell',(#66830,#67036,#67084,#67242,#67279,#67311,#67343,#67395,#67429,#67491,#67529,#67581,#67612,#67629,#67665,#67682,#67704,#67764,#67808,#67836,#68163,#68215,#68304,#68328,#68380,#68420,#68506,#68550,#68618,#68679,#68762,#69048,#69090,#69110));
#66761=B_SPLINE_SURFACE_WITH_KNOTS('',5,1,((#66762,#66763),(#66764,#66765),(#66766,#66767),(#66768,#66769),(#66770,#66771),(#66772,#66773),(#66774,#66775),(#66776,#66777),(#66778,#66779),(#66780,#66781),(#66782,#66783),(#66784,#66785),(#66786,#66787),(#66788,#66789),(#66790,#66791)),.UNSPECIFIED.,.F.,.F.,.U.,(6,3,3,3,6),(2,2),(0.,2.40762361425,4.81524722851,7.22287084276,8.02541204751),(0.,3.8),.UNSPECIFIED.);
#66762=CARTESIAN_POINT('Control Point',(9416.47191552,-2545.09213483,-567.278153224));
#66763=CARTESIAN_POINT('Control Point',(9416.4933557,-2544.2552316,-570.984786912));
#66764=CARTESIAN_POINT('Control Point',(9416.81097771,-2545.09255628,-567.276287153));
#66765=CARTESIAN_POINT('Control Point',(9416.83241359,-2544.25565277,-570.9829208039999));
#66766=CARTESIAN_POINT('Control Point',(9417.15133597,-2545.12101405,-567.280744265));
#66767=CARTESIAN_POINT('Control Point',(9417.172767489999,-2544.28411027,-570.987377878));
#66768=CARTESIAN_POINT('Control Point',(9417.489781570001,-2545.17792861,-567.291638076));
#66769=CARTESIAN_POINT('Control Point',(9417.51120873,-2544.34102455,-570.998271653));
#66770=CARTESIAN_POINT('Control Point',(9418.155924660001,-2545.34850647,-567.326301885));
#66771=CARTESIAN_POINT('Control Point',(9418.17734317,-2544.51160187,-571.03293539));
#66772=CARTESIAN_POINT('Control Point',(9418.78669422,-2545.62937456,-567.3860739409999));
#66773=CARTESIAN_POINT('Control Point',(9418.80810441,-2544.79246946,-571.092707382));
#66774=CARTESIAN_POINT('Control Point',(9419.089760680001,-2545.7965848,-567.422077267));
#66775=CARTESIAN_POINT('Control Point',(9419.11116685,-2544.95967946,-571.128710676));
#66776=CARTESIAN_POINT('Control Point',(9419.6642711,-2546.18143864,-567.505654478));
#66777=CARTESIAN_POINT('Control Point',(9419.68566958,-2545.34453285,-571.212287829));
#66778=CARTESIAN_POINT('Control Point',(9420.163474000001,-2546.65817614,-567.61041386));
#66779=CARTESIAN_POINT('Control Point',(9420.184865679999,-2545.82126996,-571.317047163));
#66780=CARTESIAN_POINT('Control Point',(9420.39122227,-2546.91728765,-567.667603393));
#66781=CARTESIAN_POINT('Control Point',(9420.412610810001,-2546.08038129,-571.374236674));
#66782=CARTESIAN_POINT('Control Point',(9420.66228739,-2547.28642018,-567.749384461));
#66783=CARTESIAN_POINT('Control Point',(9420.68367215,-2546.44951362,-571.456017717));
#66784=CARTESIAN_POINT('Control Point',(9420.886808859999,-2547.68129662,-567.837246943));
#66785=CARTESIAN_POINT('Control Point',(9420.908190419999,-2546.84438988,-571.543880178));
#66786=CARTESIAN_POINT('Control Point',(9420.93996544,-2547.78150398,-567.85956576));
#66787=CARTESIAN_POINT('Control Point',(9420.961346239999,-2546.9445972,-571.56619899));
#66788=CARTESIAN_POINT('Control Point',(9420.99009272,-2547.88307534,-567.882210039));
#66789=CARTESIAN_POINT('Control Point',(9421.01147279,-2547.04616853,-571.588843265));
#66790=CARTESIAN_POINT('Control Point',(9421.037144510001,-2547.98588456,-567.9051515579999));
#66791=CARTESIAN_POINT('Control Point',(9421.058523899999,-2547.1489777,-571.61178478));
#66792=B_SPLINE_CURVE_WITH_KNOTS('',5,(#66793,#66794,#66795,#66796,#66797,#66798),.UNSPECIFIED.,.F.,.U.,(6,6),(0.,9.78418699533),.UNSPECIFIED.);
#66793=CARTESIAN_POINT('Control Point',(9421.058523899999,-2547.1489777,-571.61178478));
#66794=CARTESIAN_POINT('Control Point',(9420.587525520001,-2546.11982117,-571.3821320340001));
#66795=CARTESIAN_POINT('Control Point',(9419.80912625,-2545.21044536,-571.181298279));
#66796=CARTESIAN_POINT('Control Point',(9418.756407499999,-2544.56287959,-571.04116444));
#66797=CARTESIAN_POINT('Control Point',(9417.616780570001,-2544.2566271,-570.978603801));
#66798=CARTESIAN_POINT('Control Point',(9416.4933557,-2544.2552316,-570.984786912));
#66799=CARTESIAN_POINT('Vertex',(9421.058523899999,-2547.1489777,-571.61178478));
#66800=VERTEX_POINT('',#66799);
#66801=CARTESIAN_POINT('Vertex',(9416.4933557,-2544.2552316,-570.984786912));
#66802=VERTEX_POINT('',#66801);
#66803=EDGE_CURVE('',#66800,#66802,#66792,.T.);
#66804=B_SPLINE_CURVE_WITH_KNOTS('',1,(#66805,#66806),.UNSPECIFIED.,.F.,.U.,(2,2),(1.09100262455E-013,3.8),.UNSPECIFIED.);
#66805=CARTESIAN_POINT('Control Point',(9416.47191552,-2545.09213483,-567.278153224));
#66806=CARTESIAN_POINT('Control Point',(9416.4933557,-2544.2552316,-570.984786912));
#66807=CARTESIAN_POINT('Vertex',(9416.471915300001,-2545.09213244,-567.278152686));
#66808=VERTEX_POINT('',#66807);
#66809=EDGE_CURVE('',#66808,#66802,#66804,.T.);
#66810=B_SPLINE_CURVE_WITH_KNOTS('',5,(#66811,#66812,#66813,#66814,#66815,#66816),.UNSPECIFIED.,.F.,.U.,(6,6),(0.,9.78418704577),.UNSPECIFIED.);
#66811=CARTESIAN_POINT('Control Point',(9421.037144510001,-2547.98588456,-567.9051515579999));
#66812=CARTESIAN_POINT('Control Point',(9420.56613926,-2546.95672766,-567.675498769));
#66813=CARTESIAN_POINT('Control Point',(9419.78772928,-2546.04735128,-567.47466495));
#66814=CARTESIAN_POINT('Control Point',(9418.73499644,-2545.39978466,-567.334530997));
#66815=CARTESIAN_POINT('Control Point',(9417.595354659999,-2545.09353126,-567.271970238));
#66816=CARTESIAN_POINT('Control Point',(9416.47191552,-2545.09213483,-567.278153224));
#66817=CARTESIAN_POINT('Vertex',(9421.03714543,-2547.98588416,-567.905151463));
#66818=VERTEX_POINT('',#66817);
#66819=EDGE_CURVE('',#66818,#66808,#66810,.T.);
#66820=B_SPLINE_CURVE_WITH_KNOTS('',1,(#66821,#66822),.UNSPECIFIED.,.F.,.U.,(2,2),(1.44537948045E-013,3.8),.UNSPECIFIED.);
#66821=CARTESIAN_POINT('Control Point',(9421.037144510001,-2547.98588456,-567.9051515579999));
#66822=CARTESIAN_POINT('Control Point',(9421.058523899999,-2547.1489777,-571.61178478));
#66823=EDGE_CURVE('',#66818,#66800,#66820,.T.);
#66824=EDGE_LOOP('',(#66825,#66826,#66827,#66828));
#66825=ORIENTED_EDGE('',*,*,#66803,.T.);
#66826=ORIENTED_EDGE('',*,*,#66809,.F.);
#66827=ORIENTED_EDGE('',*,*,#66819,.F.);
#66828=ORIENTED_EDGE('',*,*,#66823,.T.);
#66829=FACE_OUTER_BOUND('',#66824,.T.);
#66830=ADVANCED_FACE('PartBody',(#66829),#66761,.T.);
#66831=B_SPLINE_SURFACE_WITH_KNOTS('',5,1,((#66832,#66833),(#66834,#66835),(#66836,#66837),(#66838,#66839),(#66840,#66841),(#66842,#66843),(#66844,#66845),(#66846,#66847),(#66848,#66849),(#66850,#66851),(#66852,#66853),(#66854,#66855),(#66856,#66857),(#66858,#66859),(#66860,#66861),(#66862,#66863),(#66864,#66865),(#66866,#66867)),.UNSPECIFIED.,.F.,.F.,.U.,(6,3,3,3,3,6),(2,2),(0.,82.6996895965,105.798173919,126.473096318,166.829775923,187.504698322),(-3.43167577108E-015,3.8),.UNSPECIFIED.);
#66832=CARTESIAN_POINT('Control Point',(9421.037144510001,-2547.98588456,-567.9051515579999));
#66833=CARTESIAN_POINT('Control Point',(9421.058523899999,-2547.1489777,-571.61178478));
#66834=CARTESIAN_POINT('Control Point',(9425.885921949999,-2558.58072242,-570.269353246));
#66835=CARTESIAN_POINT('Control Point',(9425.90723062,-2557.74381186,-573.975986038));
#66836=CARTESIAN_POINT('Control Point',(9430.73467935,-2569.17548732,-572.633667816));
#66837=CARTESIAN_POINT('Control Point',(9430.75591851,-2568.33857346,-576.340300261));
#66838=CARTESIAN_POINT('Control Point',(9435.583396849999,-2579.77013693,-574.998081158));
#66839=CARTESIAN_POINT('Control Point',(9435.604571760001,-2578.93322039,-578.704713367));
#66840=CARTESIAN_POINT('Control Point',(9441.786365690001,-2593.3238521,-578.023004881));
#66841=CARTESIAN_POINT('Control Point',(9441.807472930001,-2592.48693334,-581.729636973));
#66842=CARTESIAN_POINT('Control Point',(9447.989488900001,-2606.87788396,-581.048091234));
#66843=CARTESIAN_POINT('Control Point',(9448.01056027,-2606.0409651,-584.754723508));
#66844=CARTESIAN_POINT('Control Point',(9454.76103664,-2621.67374594,-584.350231762));
#66845=CARTESIAN_POINT('Control Point',(9454.782206579999,-2620.83681778,-588.056861376));
#66846=CARTESIAN_POINT('Control Point',(9457.36401444,-2627.36164889,-585.619669062));
#66847=CARTESIAN_POINT('Control Point',(9457.38512157,-2626.5247131,-589.32629731));
#66848=CARTESIAN_POINT('Control Point',(9459.940925950001,-2632.99217697,-586.8763975959999));
#66849=CARTESIAN_POINT('Control Point',(9459.961906619999,-2632.15523484,-590.583025131));
#66850=CARTESIAN_POINT('Control Point',(9461.171748860001,-2635.68163489,-587.47671101));
#66851=CARTESIAN_POINT('Control Point',(9461.19265877,-2634.84469049,-591.183338434));
#66852=CARTESIAN_POINT('Control Point',(9464.814603160001,-2643.64104349,-589.253431095));
#66853=CARTESIAN_POINT('Control Point',(9464.83528703,-2642.80409676,-592.9600592629999));
#66854=CARTESIAN_POINT('Control Point',(9468.4003388,-2651.47632851,-591.002672779));
#66855=CARTESIAN_POINT('Control Point',(9468.420885789999,-2650.63939727,-594.709305202));
#66856=CARTESIAN_POINT('Control Point',(9471.538272330001,-2658.3324859,-592.533332065));
#66857=CARTESIAN_POINT('Control Point',(9471.558933320001,-2657.49558348,-596.2399704109999));
#66858=CARTESIAN_POINT('Control Point',(9475.117038939999,-2666.15222656,-594.278528755));
#66859=CARTESIAN_POINT('Control Point',(9475.138454919999,-2665.3153914,-597.985178011));
#66860=CARTESIAN_POINT('Control Point',(9478.69587195,-2673.97236239,-596.022710831));
#66861=CARTESIAN_POINT('Control Point',(9478.71812121,-2673.13556514,-599.729363695));
#66862=CARTESIAN_POINT('Control Point',(9479.90823732,-2676.62154039,-596.613448653));
#66863=CARTESIAN_POINT('Control Point',(9479.930718670001,-2675.78474843,-600.320101281));
#66864=CARTESIAN_POINT('Control Point',(9481.12061168,-2679.270754,-597.204124619));
#66865=CARTESIAN_POINT('Control Point',(9481.143169700001,-2678.43395399,-600.910774985));
#66866=CARTESIAN_POINT('Control Point',(9482.332994619999,-2681.91996054,-597.7949121189999));
#66867=CARTESIAN_POINT('Control Point',(9482.35533789,-2681.08313321,-601.5015576120001));
#66868=B_SPLINE_CURVE_WITH_KNOTS('',5,(#66869,#66870,#66871,#66872,#66873,#66874,#66875,#66876,#66877,#66878,#66879,#66880,#66881,#66882,#66883,#66884,#66885,#66886,#66887,#66888,#66889,#66890,#66891,#66892,#66893,#66894,#66895,#66896,#66897,#66898,#66899,#66900,#66901,#66902,#66903,#66904,#66905,#66906,#66907,#66908,#66909,#66910,#66911,#66912,#66913,#66914,#66915,#66916,#66917,#66918,#66919,#66920,#66921,#66922,#66923,#66924,#66925,#66926,#66927,#66928,#66929,#66930,#66931,#66932,#66933,#66934,#66935,#66936,#66937,#66938,#66939,#66940,#66941,#66942,#66943),.UNSPECIFIED.,.F.,.U.,(6,3,3,3,3,3,3,3,3,3,3,3,3,3,3,3,3,3,3,3,3,3,3,3,6),(0.,22.8351726066,30.4477712856,38.0603699645,49.7585902132,61.4411480205,69.2641702578,73.1756965152,76.982276251,99.8542566406,102.137038577,104.391307269,106.914258953,109.437210637,113.207295418,116.977380199,124.514916494,127.691090157,130.86726382,135.599994765,137.596897292,139.072464217,143.066057658,151.053138521,237.966290318),.UNSPECIFIED.);
#66869=CARTESIAN_POINT('Control Point',(9482.35533789,-2681.08313321,-601.5015576120001));
#66870=CARTESIAN_POINT('Control Point',(9481.25600012,-2678.68054352,-600.965765909));
#66871=CARTESIAN_POINT('Control Point',(9480.156429709999,-2676.27793217,-600.430063795));
#66872=CARTESIAN_POINT('Control Point',(9479.05673316,-2673.8753458,-599.894324682));
#66873=CARTESIAN_POINT('Control Point',(9477.590368360001,-2670.67186006,-599.179870907));
#66874=CARTESIAN_POINT('Control Point',(9476.124002209999,-2667.46843415,-598.465247288));
#66875=CARTESIAN_POINT('Control Point',(9475.756619510001,-2666.66584917,-598.286194134));
#66876=CARTESIAN_POINT('Control Point',(9475.022883670001,-2665.06292295,-597.928564207));
#66877=CARTESIAN_POINT('Control Point',(9474.272660410001,-2663.42395807,-597.562846515));
#66878=CARTESIAN_POINT('Control Point',(9473.895001430001,-2662.59890334,-597.378732885));
#66879=CARTESIAN_POINT('Control Point',(9472.933701170001,-2660.49877239,-596.910056713));
#66880=CARTESIAN_POINT('Control Point',(9471.940789619999,-2658.32951958,-596.4258959700001));
#66881=CARTESIAN_POINT('Control Point',(9471.340992519999,-2657.01909327,-596.133400814));
#66882=CARTESIAN_POINT('Control Point',(9470.12877238,-2654.37060247,-595.542214542));
#66883=CARTESIAN_POINT('Control Point',(9468.91311854,-2651.71450132,-594.949287737));
#66884=CARTESIAN_POINT('Control Point',(9468.30860178,-2650.39365605,-594.654425567));
#66885=CARTESIAN_POINT('Control Point',(9467.30040609,-2648.1907427,-594.162645337));
#66886=CARTESIAN_POINT('Control Point',(9466.321115479999,-2646.05092421,-593.684945783));
#66887=CARTESIAN_POINT('Control Point',(9465.9295291,-2645.19527159,-593.493927331));
#66888=CARTESIAN_POINT('Control Point',(9465.345271579999,-2643.91860344,-593.208921332));
#66889=CARTESIAN_POINT('Control Point',(9464.770631580001,-2642.66294135,-592.928607981));
#66890=CARTESIAN_POINT('Control Point',(9464.57905889,-2642.24432983,-592.8351578));
#66891=CARTESIAN_POINT('Control Point',(9464.20205217,-2641.42052021,-592.65125284));
#66892=CARTESIAN_POINT('Control Point',(9463.826736430001,-2640.6004071,-592.46817527));
#66893=CARTESIAN_POINT('Control Point',(9463.615781639999,-2640.1394451,-592.365273332));
#66894=CARTESIAN_POINT('Control Point',(9462.31604292,-2637.29936783,-591.731278834));
#66895=CARTESIAN_POINT('Control Point',(9461.011161169999,-2634.44807397,-591.094811521));
#66896=CARTESIAN_POINT('Control Point',(9459.89333526,-2632.00540864,-590.549586053));
#66897=CARTESIAN_POINT('Control Point',(9458.6735369,-2629.34001942,-589.954672687));
#66898=CARTESIAN_POINT('Control Point',(9457.449277440001,-2626.66483453,-589.357595295));
#66899=CARTESIAN_POINT('Control Point',(9457.343931380001,-2626.43463734,-589.30621749));
#66900=CARTESIAN_POINT('Control Point',(9457.1226546,-2625.95111472,-589.1983003399999));
#66901=CARTESIAN_POINT('Control Point',(9456.88175497,-2625.42471631,-589.080814753));
#66902=CARTESIAN_POINT('Control Point',(9456.75795531,-2625.15419845,-589.020438783));
#66903=CARTESIAN_POINT('Control Point',(9456.497652239999,-2624.58540572,-588.893492239));
#66904=CARTESIAN_POINT('Control Point',(9456.20518845,-2623.94634369,-588.7508634230001));
#66905=CARTESIAN_POINT('Control Point',(9456.04552301,-2623.5974607,-588.67299832));
#66906=CARTESIAN_POINT('Control Point',(9455.72225235,-2622.89108876,-588.515347715));
#66907=CARTESIAN_POINT('Control Point',(9455.39368488,-2622.17314771,-588.355115587));
#66908=CARTESIAN_POINT('Control Point',(9455.228808010001,-2621.81288219,-588.274710598));
#66909=CARTESIAN_POINT('Control Point',(9454.811147730001,-2620.90027244,-588.071032188));
#66910=CARTESIAN_POINT('Control Point',(9454.355748829999,-2619.90520728,-587.848951629));
#66911=CARTESIAN_POINT('Control Point',(9454.0814728,-2619.30590478,-587.715198266));
#66912=CARTESIAN_POINT('Control Point',(9453.53828468,-2618.11902272,-587.450308036));
#66913=CARTESIAN_POINT('Control Point',(9452.999995730001,-2616.94284984,-587.187808113));
#66914=CARTESIAN_POINT('Control Point',(9452.73095917,-2616.35500006,-587.0566110029999));
#66915=CARTESIAN_POINT('Control Point',(9451.90807012,-2614.55697481,-586.655325352));
#66916=CARTESIAN_POINT('Control Point',(9451.062872320001,-2612.71021054,-586.2431621330001));
#66917=CARTESIAN_POINT('Control Point',(9450.53568741,-2611.55830876,-585.986079163));
#66918=CARTESIAN_POINT('Control Point',(9449.726237250001,-2609.78965741,-585.59134896));
#66919=CARTESIAN_POINT('Control Point',(9448.97135842,-2608.14024498,-585.223230186));
#66920=CARTESIAN_POINT('Control Point',(9448.75189186,-2607.66070988,-585.116206646));
#66921=CARTESIAN_POINT('Control Point',(9448.31272077,-2606.70111953,-584.90204336));
#66922=CARTESIAN_POINT('Control Point',(9447.872164939999,-2605.73850279,-584.687204336));
#66923=CARTESIAN_POINT('Control Point',(9447.65104029,-2605.25534403,-584.5793717609999));
#66924=CARTESIAN_POINT('Control Point',(9447.10904791,-2604.07108609,-584.3150658230001));
#66925=CARTESIAN_POINT('Control Point',(9446.64243054,-2603.05152004,-584.087515544));
#66926=CARTESIAN_POINT('Control Point',(9446.35290656,-2602.41890446,-583.9463259410001));
#66927=CARTESIAN_POINT('Control Point',(9445.968537119999,-2601.57904555,-583.758882237));
#66928=CARTESIAN_POINT('Control Point',(9445.63537521,-2600.85107265,-583.596409214));
#66929=CARTESIAN_POINT('Control Point',(9445.535662140001,-2600.63319504,-583.547782042));
#66930=CARTESIAN_POINT('Control Point',(9445.36755596,-2600.26587492,-583.465801397));
#66931=CARTESIAN_POINT('Control Point',(9445.20091464,-2599.90175536,-583.3845351149999));
#66932=CARTESIAN_POINT('Control Point',(9445.00420322,-2599.47193117,-583.288604567));
#66933=CARTESIAN_POINT('Control Point',(9444.74091509,-2598.8966335,-583.160206514));
#66934=CARTESIAN_POINT('Control Point',(9444.477627280001,-2598.32133636,-583.0318087540001));
#66935=CARTESIAN_POINT('Control Point',(9444.285374180001,-2597.90125356,-582.938052619));
#66936=CARTESIAN_POINT('Control Point',(9443.70862069,-2596.64101759,-582.656787284));
#66937=CARTESIAN_POINT('Control Point',(9443.13186852,-2595.38078377,-582.375523339));
#66938=CARTESIAN_POINT('Control Point',(9442.747369680001,-2594.54063325,-582.188015664));
#66939=CARTESIAN_POINT('Control Point',(9438.178871440001,-2584.5582166,-579.960111007));
#66940=CARTESIAN_POINT('Control Point',(9433.610434849999,-2574.57588939,-577.732292474));
#66941=CARTESIAN_POINT('Control Point',(9429.42650822,-2565.4337076,-575.692056327));
#66942=CARTESIAN_POINT('Control Point',(9425.242523069999,-2556.29136966,-573.651878496));
#66943=CARTESIAN_POINT('Control Point',(9421.058523899999,-2547.1489777,-571.61178478));
#66944=CARTESIAN_POINT('Vertex',(9482.35533789,-2681.08313321,-601.5015576120001));
#66945=VERTEX_POINT('',#66944);
#66946=EDGE_CURVE('',#66945,#66800,#66868,.T.);
#66947=B_SPLINE_CURVE_WITH_KNOTS('',5,(#66948,#66949,#66950,#66951,#66952,#66953,#66954,#66955,#66956,#66957,#66958,#66959,#66960,#66961,#66962,#66963,#66964,#66965,#66966,#66967,#66968,#66969,#66970,#66971,#66972,#66973,#66974,#66975,#66976,#66977,#66978,#66979,#66980,#66981,#66982,#66983,#66984,#66985,#66986,#66987,#66988,#66989,#66990,#66991,#66992,#66993,#66994,#66995,#66996,#66997,#66998,#66999,#67000,#67001,#67002,#67003,#67004,#67005,#67006,#67007,#67008,#67009,#67010,#67011,#67012,#67013,#67014,#67015,#67016,#67017,#67018,#67019,#67020,#67021,#67022),.UNSPECIFIED.,.F.,.U.,(6,3,3,3,3,3,3,3,3,3,3,3,3,3,3,3,3,3,3,3,3,3,3,3,6),(0.,22.8351726066,30.4477712961,38.0603699856,49.7585904201,61.4417477629,69.2647691201,73.1762949364,76.9828994085,99.8548796982,102.137659917,104.391928557,106.914878408,109.437828259,113.207908308,116.977988358,124.515515292,127.691694759,130.867874226,135.60059585,137.597499499,139.073919013,143.067514686,151.054600011,237.967762884),.UNSPECIFIED.);
#66948=CARTESIAN_POINT('Control Point',(9482.332994619999,-2681.91996054,-597.7949121189999));
#66949=CARTESIAN_POINT('Control Point',(9481.233462079999,-2679.51734607,-597.259115996));
#66950=CARTESIAN_POINT('Control Point',(9480.133936599999,-2677.1147258,-596.72341161));
#66951=CARTESIAN_POINT('Control Point',(9479.03442324,-2674.71214192,-596.187671937));
#66952=CARTESIAN_POINT('Control Point',(9477.5683795,-2671.50866899,-595.47321913));
#66953=CARTESIAN_POINT('Control Point',(9476.102347169999,-2668.30526256,-594.758597955));
#66954=CARTESIAN_POINT('Control Point',(9475.735047079999,-2667.50268273,-594.579545481));
#66955=CARTESIAN_POINT('Control Point',(9475.00147057,-2665.89976729,-594.221917065));
#66956=CARTESIAN_POINT('Control Point',(9474.25139437,-2664.26081364,-593.85620106));
#66957=CARTESIAN_POINT('Control Point',(9473.87380444,-2663.43576466,-593.6720883310001));
#66958=CARTESIAN_POINT('Control Point',(9472.912666239999,-2661.33564748,-593.203414341));
#66959=CARTESIAN_POINT('Control Point',(9471.919885879999,-2659.16640781,-592.719255818));
#66960=CARTESIAN_POINT('Control Point',(9471.320153549999,-2657.8559877,-592.426761698));
#66961=CARTESIAN_POINT('Control Point',(9470.10800846,-2655.20744233,-591.8355626810001));
#66962=CARTESIAN_POINT('Control Point',(9468.89238121,-2652.55128372,-591.2426227559999));
#66963=CARTESIAN_POINT('Control Point',(9468.28800737,-2651.23071722,-590.947822733));
#66964=CARTESIAN_POINT('Control Point',(9467.27979131,-2649.02774105,-590.456028438));
#66965=CARTESIAN_POINT('Control Point',(9466.300456749999,-2646.88786164,-589.978315374));
#66966=CARTESIAN_POINT('Control Point',(9465.908861100001,-2646.0322105,-589.787297311));
#66967=CARTESIAN_POINT('Control Point',(9465.32458491,-2644.75554446,-589.502291894));
#66968=CARTESIAN_POINT('Control Point',(9464.749920599999,-2643.49988387,-589.221979016));
#66969=CARTESIAN_POINT('Control Point',(9464.55833924,-2643.08127281,-589.128528987));
#66970=CARTESIAN_POINT('Control Point',(9464.181313229999,-2642.25746131,-588.9446237130001));
#66971=CARTESIAN_POINT('Control Point',(9463.8059767,-2641.43734613,-588.761545791));
#66972=CARTESIAN_POINT('Control Point',(9463.59501546,-2640.97639512,-588.658646372));
#66973=CARTESIAN_POINT('Control Point',(9462.29520404,-2638.13631633,-588.024651935));
#66974=CARTESIAN_POINT('Control Point',(9460.99024155,-2635.28501874,-587.388184237));
#66975=CARTESIAN_POINT('Control Point',(9459.872352320001,-2632.84235134,-586.842958661));
#66976=CARTESIAN_POINT('Control Point',(9458.65249436,-2630.17695935,-586.248045006));
#66977=CARTESIAN_POINT('Control Point',(9457.42818929,-2627.50177137,-585.650967175));
#66978=CARTESIAN_POINT('Control Point',(9457.322839070001,-2627.27157322,-585.599589178));
#66979=CARTESIAN_POINT('Control Point',(9457.10155485,-2626.78805013,-585.491671965));
#66980=CARTESIAN_POINT('Control Point',(9456.86064866,-2626.26165127,-585.374186313));
#66981=CARTESIAN_POINT('Control Point',(9456.736846010001,-2625.99113304,-585.313810275));
#66982=CARTESIAN_POINT('Control Point',(9456.476537439999,-2625.42233956,-585.186863594));
#66983=CARTESIAN_POINT('Control Point',(9456.18406921,-2624.78327671,-585.04423462));
#66984=CARTESIAN_POINT('Control Point',(9456.024401840001,-2624.43439334,-584.966369441));
#66985=CARTESIAN_POINT('Control Point',(9455.701127959999,-2623.72802049,-584.808718649));
#66986=CARTESIAN_POINT('Control Point',(9455.37255842,-2623.01007838,-584.648486293));
#66987=CARTESIAN_POINT('Control Point',(9455.207680760001,-2622.64981232,-584.568081185));
#66988=CARTESIAN_POINT('Control Point',(9454.790019210001,-2621.73720161,-584.3644025679999));
#66989=CARTESIAN_POINT('Control Point',(9454.334620240001,-2620.74213547,-584.142321785));
#66990=CARTESIAN_POINT('Control Point',(9454.06034464,-2620.1428325,-584.008568316));
#66991=CARTESIAN_POINT('Control Point',(9453.51715801,-2618.95594975,-583.74367792));
#66992=CARTESIAN_POINT('Control Point',(9452.97887178,-2617.77977689,-583.481177987));
#66993=CARTESIAN_POINT('Control Point',(9452.709836870001,-2617.19192737,-583.349980925));
#66994=CARTESIAN_POINT('Control Point',(9451.886953609999,-2615.39390362,-582.948695583));
#66995=CARTESIAN_POINT('Control Point',(9451.041762880001,-2613.54714098,-582.536532692));
#66996=CARTESIAN_POINT('Control Point',(9450.514583370001,-2612.39524185,-582.279450287));
#66997=CARTESIAN_POINT('Control Point',(9449.705141,-2610.62659327,-581.884720665));
#66998=CARTESIAN_POINT('Control Point',(9448.950268889999,-2608.97718277,-581.5166022879999));
#66999=CARTESIAN_POINT('Control Point',(9448.73080381,-2608.49764729,-581.409578653));
#67000=CARTESIAN_POINT('Control Point',(9448.29163548,-2607.53805596,-581.195415132));
#67001=CARTESIAN_POINT('Control Point',(9447.85108176,-2606.5754375,-580.980575707));
#67002=CARTESIAN_POINT('Control Point',(9447.62995794,-2606.0922776,-580.872742869));
#67003=CARTESIAN_POINT('Control Point',(9447.087968149999,-2604.90801895,-580.608436757));
#67004=CARTESIAN_POINT('Control Point',(9446.62135184,-2603.88845199,-580.3808862659999));
#67005=CARTESIAN_POINT('Control Point',(9446.331827309999,-2603.25583407,-580.23969614));
#67006=CARTESIAN_POINT('Control Point',(9445.947457189999,-2602.41597483,-580.052252364));
#67007=CARTESIAN_POINT('Control Point',(9445.61429369,-2601.68800204,-579.889779374));
#67008=CARTESIAN_POINT('Control Point',(9445.514579909999,-2601.47012412,-579.841152138));
#67009=CARTESIAN_POINT('Control Point',(9445.346431170001,-2601.10271343,-579.759151286));
#67010=CARTESIAN_POINT('Control Point',(9445.17974811,-2600.73850523,-579.677865225));
#67011=CARTESIAN_POINT('Control Point',(9444.98319895,-2600.30903857,-579.582014481));
#67012=CARTESIAN_POINT('Control Point',(9444.71986779,-2599.73365095,-579.453596364));
#67013=CARTESIAN_POINT('Control Point',(9444.456536899999,-2599.15826386,-579.325178539));
#67014=CARTESIAN_POINT('Control Point',(9444.26428225,-2598.7381808,-579.2314223549999));
#67015=CARTESIAN_POINT('Control Point',(9443.687524020001,-2597.47794405,-578.950156869));
#67016=CARTESIAN_POINT('Control Point',(9443.110766870001,-2596.21770943,-578.6688927709999));
#67017=CARTESIAN_POINT('Control Point',(9442.726264589999,-2595.37755836,-578.481384993));
#67018=CARTESIAN_POINT('Control Point',(9438.15772608,-2585.39513912,-576.25347998));
#67019=CARTESIAN_POINT('Control Point',(9433.58923483,-2575.41280829,-574.025660941));
#67020=CARTESIAN_POINT('Control Point',(9429.405251050001,-2566.27062288,-571.985424304));
#67021=CARTESIAN_POINT('Control Point',(9425.221205239999,-2557.12828088,-569.945245904));
#67022=CARTESIAN_POINT('Control Point',(9421.037144510001,-2547.98588456,-567.9051515579999));
#67023=CARTESIAN_POINT('Vertex',(9482.332994709999,-2681.9199605,-597.7949121090001));
#67024=VERTEX_POINT('',#67023);
#67025=EDGE_CURVE('',#67024,#66818,#66947,.T.);
#67026=B_SPLINE_CURVE_WITH_KNOTS('',1,(#67027,#67028),.UNSPECIFIED.,.F.,.U.,(2,2),(-3.43167577108E-015,3.8),.UNSPECIFIED.);
#67027=CARTESIAN_POINT('Control Point',(9482.332994619999,-2681.91996054,-597.7949121189999));
#67028=CARTESIAN_POINT('Control Point',(9482.35533789,-2681.08313321,-601.5015576120001));
#67029=EDGE_CURVE('',#67024,#66945,#67026,.T.);
#67030=EDGE_LOOP('',(#67031,#67032,#67033,#67034));
#67031=ORIENTED_EDGE('',*,*,#66946,.T.);
#67032=ORIENTED_EDGE('',*,*,#66823,.F.);
#67033=ORIENTED_EDGE('',*,*,#67025,.F.);
#67034=ORIENTED_EDGE('',*,*,#67029,.T.);
#67035=FACE_OUTER_BOUND('',#67030,.T.);
#67036=ADVANCED_FACE('PartBody',(#67035),#66831,.T.);
#67037=B_SPLINE_SURFACE_WITH_KNOTS('',5,1,((#67038,#67039),(#67040,#67041),(#67042,#67043),(#67044,#67045),(#67046,#67047),(#67048,#67049),(#67050,#67051),(#67052,#67053),(#67054,#67055)),.UNSPECIFIED.,.F.,.F.,.U.,(6,3,6),(2,2),(0.,2.49533414401,3.56476306287),(-3.43167577108E-015,3.8),.UNSPECIFIED.);
#67038=CARTESIAN_POINT('Control Point',(9482.332994619999,-2681.91996054,-597.7949121189999));
#67039=CARTESIAN_POINT('Control Point',(9482.35533789,-2681.08313321,-601.5015576120001));
#67040=CARTESIAN_POINT('Control Point',(9482.479320500001,-2682.23969934,-597.86621561));
#67041=CARTESIAN_POINT('Control Point',(9482.50163785,-2681.40286871,-601.572860514));
#67042=CARTESIAN_POINT('Control Point',(9482.595874090001,-2682.57135734,-597.940391142));
#67043=CARTESIAN_POINT('Control Point',(9482.618164719999,-2681.73452382,-601.647035552));
#67044=CARTESIAN_POINT('Control Point',(9482.68128791,-2682.91113272,-598.01658797));
#67045=CARTESIAN_POINT('Control Point',(9482.703553920001,-2682.07429695,-601.7232320209999));
#67046=CARTESIAN_POINT('Control Point',(9482.758186810001,-2683.40252563,-598.127066784));
#67047=CARTESIAN_POINT('Control Point',(9482.78042431,-2682.56568782,-601.833710545));
#67048=CARTESIAN_POINT('Control Point',(9482.77114339,-2683.89501385,-598.238176759));
#67049=CARTESIAN_POINT('Control Point',(9482.793364179999,-2683.05817573,-601.94482055));
#67050=CARTESIAN_POINT('Control Point',(9482.769295079999,-2684.04257054,-598.271501291));
#67051=CARTESIAN_POINT('Control Point',(9482.791512010001,-2683.20573249,-601.978145121));
#67052=CARTESIAN_POINT('Control Point',(9482.76175632,-2684.18965767,-598.3047538979999));
#67053=CARTESIAN_POINT('Control Point',(9482.783970570001,-2683.35281984,-602.011397795));
#67054=CARTESIAN_POINT('Control Point',(9482.74858885,-2684.33600974,-598.3378742580001));
#67055=CARTESIAN_POINT('Control Point',(9482.770801619999,-2683.49917229,-602.044518247));
#67056=B_SPLINE_CURVE_WITH_KNOTS('',4,(#67057,#67058,#67059,#67060,#67061),.UNSPECIFIED.,.F.,.U.,(5,5),(0.,4.35576148585),.UNSPECIFIED.);
#67057=CARTESIAN_POINT('Control Point',(9482.770801619999,-2683.49917229,-602.044518247));
#67058=CARTESIAN_POINT('Control Point',(9482.82547102,-2682.89160672,-601.907022447));
#67059=CARTESIAN_POINT('Control Point',(9482.77721771,-2682.27013329,-601.767002641));
#67060=CARTESIAN_POINT('Control Point',(9482.617457259999,-2681.65598959,-601.629307963));
#67061=CARTESIAN_POINT('Control Point',(9482.35533789,-2681.08313321,-601.5015576120001));
#67062=CARTESIAN_POINT('Vertex',(9482.770801619999,-2683.49917229,-602.044518247));
#67063=VERTEX_POINT('',#67062);
#67064=EDGE_CURVE('',#67063,#66945,#67056,.T.);
#67065=B_SPLINE_CURVE_WITH_KNOTS('',4,(#67066,#67067,#67068,#67069,#67070),.UNSPECIFIED.,.F.,.U.,(5,5),(0.,4.35576137587),.UNSPECIFIED.);
#67066=CARTESIAN_POINT('Control Point',(9482.74858885,-2684.33600974,-598.3378742580001));
#67067=CARTESIAN_POINT('Control Point',(9482.80325209,-2683.72844574,-598.200378847));
#67068=CARTESIAN_POINT('Control Point',(9482.75497052,-2683.10697108,-598.060358934));
#67069=CARTESIAN_POINT('Control Point',(9482.59516042,-2682.49282281,-597.922663521));
#67070=CARTESIAN_POINT('Control Point',(9482.332994619999,-2681.91996054,-597.7949121189999));
#67071=CARTESIAN_POINT('Vertex',(9482.74858876,-2684.33600973,-598.337874254));
#67072=VERTEX_POINT('',#67071);
#67073=EDGE_CURVE('',#67072,#67024,#67065,.T.);
#67074=B_SPLINE_CURVE_WITH_KNOTS('',1,(#67075,#67076),.UNSPECIFIED.,.F.,.U.,(2,2),(4.7216647308E-014,3.8),.UNSPECIFIED.);
#67075=CARTESIAN_POINT('Control Point',(9482.74858885,-2684.33600974,-598.3378742580001));
#67076=CARTESIAN_POINT('Control Point',(9482.770801619999,-2683.49917229,-602.044518247));
#67077=EDGE_CURVE('',#67072,#67063,#67074,.T.);
#67078=EDGE_LOOP('',(#67079,#67080,#67081,#67082));
#67079=ORIENTED_EDGE('',*,*,#67064,.T.);
#67080=ORIENTED_EDGE('',*,*,#67029,.F.);
#67081=ORIENTED_EDGE('',*,*,#67073,.F.);
#67082=ORIENTED_EDGE('',*,*,#67077,.T.);
#67083=FACE_OUTER_BOUND('',#67078,.T.);
#67084=ADVANCED_FACE('PartBody',(#67083),#67037,.T.);
#67085=B_SPLINE_SURFACE_WITH_KNOTS('',5,3,((#67086,#67087,#67088,#67089),(#67090,#67091,#67092,#67093),(#67094,#67095,#67096,#67097),(#67098,#67099,#67100,#67101),(#67102,#67103,#67104,#67105),(#67106,#67107,#67108,#67109),(#67110,#67111,#67112,#67113),(#67114,#67115,#67116,#67117),(#67118,#67119,#67120,#67121),(#67122,#67123,#67124,#67125),(#67126,#67127,#67128,#67129),(#67130,#67131,#67132,#67133)),.UNSPECIFIED.,.F.,.F.,.U.,(6,3,3,6),(4,4),(20.0943171055,33.8520580744,54.9363225847,86.4875178686),(-87.1533863322,50.84893163),.UNSPECIFIED.);
#67086=CARTESIAN_POINT('Control Point',(9482.932894220001,-2684.51026385,-602.271819879));
#67087=CARTESIAN_POINT('Control Point',(9482.81803529,-2639.63884699,-592.1419707920001));
#67088=CARTESIAN_POINT('Control Point',(9482.70318291,-2594.76743028,-582.01212093));
#67089=CARTESIAN_POINT('Control Point',(9482.588337179999,-2549.89601373,-571.882270271));
#67090=CARTESIAN_POINT('Control Point',(9480.18441131,-2684.27151009,-602.234339545));
#67091=CARTESIAN_POINT('Control Point',(9480.072383860001,-2639.39987013,-592.105446786));
#67092=CARTESIAN_POINT('Control Point',(9479.96035566,-2594.52822997,-581.976554918));
#67093=CARTESIAN_POINT('Control Point',(9479.84832669,-2549.6565896,-571.847663968));
#67094=CARTESIAN_POINT('Control Point',(9477.434692639999,-2684.03219893,-602.1973524270001));
#67095=CARTESIAN_POINT('Control Point',(9477.32618262,-2639.16063889,-592.068066725));
#67096=CARTESIAN_POINT('Control Point',(9477.217668359999,-2594.28907899,-581.938780459));
#67097=CARTESIAN_POINT('Control Point',(9477.109149800001,-2549.41751924,-571.809493612));
#67098=CARTESIAN_POINT('Control Point',(9474.68529906,-2683.79277057,-602.159375285));
#67099=CARTESIAN_POINT('Control Point',(9474.58114041,-2638.92139259,-592.029236765));
#67100=CARTESIAN_POINT('Control Point',(9474.476977890001,-2594.05001467,-581.899098035));
#67101=CARTESIAN_POINT('Control Point',(9474.37281144,-2549.1786368,-571.7689590910001));
#67102=CARTESIAN_POINT('Control Point',(9467.722542699999,-2683.18583533,-602.062281349));
#67103=CARTESIAN_POINT('Control Point',(9467.62984929,-2638.3146988,-591.930959552));
#67104=CARTESIAN_POINT('Control Point',(9467.53715496,-2593.44356226,-581.79963782));
#67105=CARTESIAN_POINT('Control Point',(9467.44445968,-2548.57242571,-571.668316153));
#67106=CARTESIAN_POINT('Control Point',(9460.761025289999,-2682.57727993,-601.963426876));
#67107=CARTESIAN_POINT('Control Point',(9460.67934893,-2637.70616097,-591.831933207));
#67108=CARTESIAN_POINT('Control Point',(9460.597672469999,-2592.83504202,-581.700439504));
#67109=CARTESIAN_POINT('Control Point',(9460.515995899999,-2547.96392308,-571.5689457669999));
#67110=CARTESIAN_POINT('Control Point',(9455.465691429999,-2682.11322328,-601.888665193));
#67111=CARTESIAN_POINT('Control Point',(9455.39239071,-2637.24198484,-591.757636931));
#67112=CARTESIAN_POINT('Control Point',(9455.31909053,-2592.37074639,-581.62660865));
#67113=CARTESIAN_POINT('Control Point',(9455.245790880001,-2547.49950795,-571.4955803509999));
#67114=CARTESIAN_POINT('Control Point',(9444.94956653,-2681.18956132,-601.739880457));
#67115=CARTESIAN_POINT('Control Point',(9444.89225429,-2636.31832571,-591.608731378));
#67116=CARTESIAN_POINT('Control Point',(9444.834941159999,-2591.44709009,-581.4775823270001));
#67117=CARTESIAN_POINT('Control Point',(9444.77762714,-2546.57585446,-571.346433303));
#67118=CARTESIAN_POINT('Control Point',(9434.43374649,-2680.26135922,-601.590140894));
#67119=CARTESIAN_POINT('Control Point',(9434.39316166,-2635.39011581,-591.458946101));
#67120=CARTESIAN_POINT('Control Point',(9434.352578329999,-2590.51887241,-581.327751266));
#67121=CARTESIAN_POINT('Control Point',(9434.31199651,-2545.64762901,-571.196556388));
#67122=CARTESIAN_POINT('Control Point',(9428.12743396,-2679.70304125,-601.500081098));
#67123=CARTESIAN_POINT('Control Point',(9428.096254759999,-2634.83179176,-591.368880385));
#67124=CARTESIAN_POINT('Control Point',(9428.0650757,-2589.96054226,-581.237679671));
#67125=CARTESIAN_POINT('Control Point',(9428.033896790001,-2545.08929277,-571.106478956));
#67126=CARTESIAN_POINT('Control Point',(9421.81795676,-2679.14278292,-601.409750999));
#67127=CARTESIAN_POINT('Control Point',(9421.79645883,-2634.27152765,-591.278553038));
#67128=CARTESIAN_POINT('Control Point',(9421.774961069999,-2589.40027238,-581.1473550760001));
#67129=CARTESIAN_POINT('Control Point',(9421.753463479999,-2544.52901711,-571.016157113));
#67130=CARTESIAN_POINT('Control Point',(9415.50634528,-2678.58067384,-601.319170594));
#67131=CARTESIAN_POINT('Control Point',(9415.49450778,-2633.7094142,-591.187980777));
#67132=CARTESIAN_POINT('Control Point',(9415.48267046,-2588.83815455,-581.056790959));
#67133=CARTESIAN_POINT('Control Point',(9415.470833310001,-2543.9668949,-570.92560114));
#67134=B_SPLINE_CURVE_WITH_KNOTS('',3,(#67135,#67136,#67137,#67138),.UNSPECIFIED.,.F.,.U.,(4,4),(-0.504217339322,0.504217339322),.UNSPECIFIED.);
#67135=CARTESIAN_POINT('Control Point',(9415.493418059999,-2544.25398709,-570.990291541));
#67136=CARTESIAN_POINT('Control Point',(9415.82673914,-2544.25440817,-570.988457457));
#67137=CARTESIAN_POINT('Control Point',(9416.160051790001,-2544.25482302,-570.986622581));
#67138=CARTESIAN_POINT('Control Point',(9416.4933557,-2544.2552316,-570.984786912));
#67139=CARTESIAN_POINT('Vertex',(9415.493418059999,-2544.25398709,-570.990291541));
#67140=VERTEX_POINT('',#67139);
#67141=EDGE_CURVE('',#67140,#66802,#67134,.T.);
#67142=B_SPLINE_CURVE_WITH_KNOTS('',3,(#67143,#67144,#67145,#67146),.UNSPECIFIED.,.F.,.U.,(4,4),(0.,1.41784884677),.UNSPECIFIED.);
#67143=CARTESIAN_POINT('Control Point',(9482.683506879999,-2684.46933934,-602.264072518));
#67144=CARTESIAN_POINT('Control Point',(9482.712604959999,-2684.14595024,-602.19088789));
#67145=CARTESIAN_POINT('Control Point',(9482.741703199999,-2683.82256122,-602.117703136));
#67146=CARTESIAN_POINT('Control Point',(9482.770801619999,-2683.49917229,-602.044518247));
#67147=CARTESIAN_POINT('Vertex',(9482.683506879999,-2684.46933934,-602.264072518));
#67148=VERTEX_POINT('',#67147);
#67149=EDGE_CURVE('',#67148,#67063,#67142,.T.);
#67150=B_SPLINE_CURVE_WITH_KNOTS('',5,(#67151,#67152,#67153,#67154,#67155,#67156,#67157,#67158,#67159,#67160,#67161,#67162,#67163,#67164,#67165,#67166,#67167,#67168,#67169,#67170,#67171,#67172,#67173,#67174,#67175,#67176,#67177),.UNSPECIFIED.,.F.,.U.,(6,3,3,3,3,3,3,3,6),(56.5149879562,76.3539929365,81.5530116216,91.5690450817,98.0589560307,102.981486649,108.074023815,118.244468818,126.238207362),.UNSPECIFIED.);
#67151=CARTESIAN_POINT('Control Point',(9432.819712840001,-2680.11758773,-601.566955789));
#67152=CARTESIAN_POINT('Control Point',(9435.62144395,-2680.36439757,-601.606690166));
#67153=CARTESIAN_POINT('Control Point',(9438.422959269999,-2680.61086136,-601.646370656));
#67154=CARTESIAN_POINT('Control Point',(9441.224293740001,-2680.85698264,-601.685993934));
#67155=CARTESIAN_POINT('Control Point',(9444.75961596,-2681.16717977,-601.735923153));
#67156=CARTESIAN_POINT('Control Point',(9448.2949883,-2681.47686424,-601.785745057));
#67157=CARTESIAN_POINT('Control Point',(9448.949368330001,-2681.53416623,-601.794962901));
#67158=CARTESIAN_POINT('Control Point',(9451.11442272,-2681.72368996,-601.82545023));
#67159=CARTESIAN_POINT('Control Point',(9453.31596188,-2681.91620833,-601.8564228709999));
#67160=CARTESIAN_POINT('Control Point',(9454.79774726,-2682.04569531,-601.877261129));
#67161=CARTESIAN_POINT('Control Point',(9457.230850579999,-2682.25815678,-601.911469822));
#67162=CARTESIAN_POINT('Control Point',(9459.667194940001,-2682.4706438,-601.945712586));
#67163=CARTESIAN_POINT('Control Point',(9460.623493180001,-2682.55400767,-601.959151645));
#67164=CARTESIAN_POINT('Control Point',(9462.29811143,-2682.69992002,-601.982681708));
#67165=CARTESIAN_POINT('Control Point',(9463.955811350001,-2682.84423915,-602.005960935));
#67166=CARTESIAN_POINT('Control Point',(9464.6671071,-2682.90614266,-602.015946314));
#67167=CARTESIAN_POINT('Control Point',(9466.105618199999,-2683.03129258,-602.03613043));
#67168=CARTESIAN_POINT('Control Point',(9467.528736820001,-2683.15502142,-602.056066802));
#67169=CARTESIAN_POINT('Control Point',(9468.12825217,-2683.20712845,-602.0644575060001));
#67170=CARTESIAN_POINT('Control Point',(9470.283583619999,-2683.39441209,-602.094575729));
#67171=CARTESIAN_POINT('Control Point',(9472.43892961,-2683.58153038,-602.124518066));
#67172=CARTESIAN_POINT('Control Point',(9473.8751354,-2683.70614694,-602.144375584));
#67173=CARTESIAN_POINT('Control Point',(9476.440180740001,-2683.92861348,-602.17958291));
#67174=CARTESIAN_POINT('Control Point',(9479.00528114,-2684.15090134,-602.21438897));
#67175=CARTESIAN_POINT('Control Point',(9480.30280336,-2684.26330743,-602.231912493));
#67176=CARTESIAN_POINT('Control Point',(9481.522206830001,-2684.36887634,-602.24834777));
#67177=CARTESIAN_POINT('Control Point',(9482.6835068,-2684.46934031,-602.264072739));
#67178=CARTESIAN_POINT('Vertex',(9432.819712840001,-2680.11758773,-601.566955789));
#67179=VERTEX_POINT('',#67178);
#67180=EDGE_CURVE('',#67179,#67148,#67150,.T.);
#67181=B_SPLINE_CURVE_WITH_KNOTS('',2,(#67182,#67183,#67184),.UNSPECIFIED.,.F.,.U.,(3,3),(0.,1.41774140221),.UNSPECIFIED.);
#67182=CARTESIAN_POINT('Control Point',(9432.81971374,-2680.11758791,-601.5669558229999));
#67183=CARTESIAN_POINT('Control Point',(9432.864190120001,-2679.63261422,-601.457200528));
#67184=CARTESIAN_POINT('Control Point',(9432.90866648,-2679.14764074,-601.347445276));
#67185=CARTESIAN_POINT('Vertex',(9432.90866648,-2679.14764074,-601.347445276));
#67186=VERTEX_POINT('',#67185);
#67187=EDGE_CURVE('',#67179,#67186,#67181,.T.);
#67188=B_SPLINE_CURVE_WITH_KNOTS('',3,(#67189,#67190,#67191,#67192),.UNSPECIFIED.,.F.,.U.,(4,4),(0.,2.911881129),.UNSPECIFIED.);
#67189=CARTESIAN_POINT('Control Point',(9432.774855150001,-2677.51299433,-600.979124939));
#67190=CARTESIAN_POINT('Control Point',(9432.91471171,-2678.05063056,-601.099718572));
#67191=CARTESIAN_POINT('Control Point',(9432.95832412,-2678.60616867,-601.224903725));
#67192=CARTESIAN_POINT('Control Point',(9432.90866648,-2679.14764074,-601.347445276));
#67193=CARTESIAN_POINT('Vertex',(9432.774855150001,-2677.51299433,-600.979124939));
#67194=VERTEX_POINT('',#67193);
#67195=EDGE_CURVE('',#67194,#67186,#67188,.T.);
#67196=B_SPLINE_CURVE_WITH_KNOTS('',3,(#67197,#67198,#67199,#67200),.UNSPECIFIED.,.F.,.U.,(4,4),(0.,79.3621390046),.UNSPECIFIED.);
#67197=CARTESIAN_POINT('Control Point',(9421.33964737,-2633.55314369,-591.119041316));
#67198=CARTESIAN_POINT('Control Point',(9425.15138981,-2648.20649809,-594.405655495));
#67199=CARTESIAN_POINT('Control Point',(9428.963122769999,-2662.85977733,-597.692358344));
#67200=CARTESIAN_POINT('Control Point',(9432.774855150001,-2677.51299433,-600.979124939));
#67201=CARTESIAN_POINT('Vertex',(9421.33964737,-2633.55314369,-591.119041316));
#67202=VERTEX_POINT('',#67201);
#67203=EDGE_CURVE('',#67202,#67194,#67196,.T.);
#67204=B_SPLINE_CURVE_WITH_KNOTS('',5,(#67205,#67206,#67207,#67208,#67209,#67210),.UNSPECIFIED.,.F.,.U.,(6,6),(0.,11.2296855379),.UNSPECIFIED.);
#67205=CARTESIAN_POINT('Control Point',(9416.4934328,-2629.86985894,-590.31530646));
#67206=CARTESIAN_POINT('Control Point',(9417.78536068,-2629.87145861,-590.308219843));
#67207=CARTESIAN_POINT('Control Point',(9419.10191689,-2630.2751578,-590.391785826));
#67208=CARTESIAN_POINT('Control Point',(9420.27036767,-2631.14227886,-590.580848513));
#67209=CARTESIAN_POINT('Control Point',(9421.016027199999,-2632.30910053,-590.840013805));
#67210=CARTESIAN_POINT('Control Point',(9421.33964737,-2633.55314369,-591.119041316));
#67211=CARTESIAN_POINT('Vertex',(9416.4934328,-2629.86985894,-590.31530646));
#67212=VERTEX_POINT('',#67211);
#67213=EDGE_CURVE('',#67212,#67202,#67204,.T.);
#67214=B_SPLINE_CURVE_WITH_KNOTS('',3,(#67215,#67216,#67217,#67218),.UNSPECIFIED.,.F.,.U.,(4,4),(-0.50274177847,0.50274177847),.UNSPECIFIED.);
#67215=CARTESIAN_POINT('Control Point',(9415.49349461,-2629.8686186,-590.320792524));
#67216=CARTESIAN_POINT('Control Point',(9415.82681568,-2629.86903826,-590.318964659));
#67217=CARTESIAN_POINT('Control Point',(9416.160128510001,-2629.86945172,-590.3171359729999));
#67218=CARTESIAN_POINT('Control Point',(9416.4934328,-2629.86985894,-590.31530646));
#67219=CARTESIAN_POINT('Vertex',(9415.49349461,-2629.8686186,-590.320792524));
#67220=VERTEX_POINT('',#67219);
#67221=EDGE_CURVE('',#67220,#67212,#67214,.T.);
#67222=B_SPLINE_CURVE_WITH_KNOTS('',3,(#67223,#67224,#67225,#67226),.UNSPECIFIED.,.F.,.U.,(4,4),(109.628584738,233.755234572),.UNSPECIFIED.);
#67223=CARTESIAN_POINT('Control Point',(9415.49349461,-2629.8686186,-590.320792524));
#67224=CARTESIAN_POINT('Control Point',(9415.493469159999,-2601.3304071,-583.877292118));
#67225=CARTESIAN_POINT('Control Point',(9415.493443650001,-2572.79219659,-577.43379179));
#67226=CARTESIAN_POINT('Control Point',(9415.493418059999,-2544.25398709,-570.990291541));
#67227=EDGE_CURVE('',#67220,#67140,#67222,.T.);
#67228=EDGE_LOOP('',(#67229,#67230,#67231,#67232,#67233,#67234,#67235,#67236,#67237,#67238,#67239,#67240));
#67229=ORIENTED_EDGE('',*,*,#67141,.T.);
#67230=ORIENTED_EDGE('',*,*,#66803,.F.);
#67231=ORIENTED_EDGE('',*,*,#66946,.F.);
#67232=ORIENTED_EDGE('',*,*,#67064,.F.);
#67233=ORIENTED_EDGE('',*,*,#67149,.F.);
#67234=ORIENTED_EDGE('',*,*,#67180,.F.);
#67235=ORIENTED_EDGE('',*,*,#67187,.T.);
#67236=ORIENTED_EDGE('',*,*,#67195,.F.);
#67237=ORIENTED_EDGE('',*,*,#67203,.F.);
#67238=ORIENTED_EDGE('',*,*,#67213,.F.);
#67239=ORIENTED_EDGE('',*,*,#67221,.F.);
#67240=ORIENTED_EDGE('',*,*,#67227,.T.);
#67241=FACE_OUTER_BOUND('',#67228,.T.);
#67242=ADVANCED_FACE('PartBody',(#67241),#67085,.T.);
#67243=B_SPLINE_SURFACE_WITH_KNOTS('',5,1,((#67244,#67245),(#67246,#67247),(#67248,#67249),(#67250,#67251),(#67252,#67253),(#67254,#67255)),.UNSPECIFIED.,.F.,.F.,.U.,(6,6),(2,2),(0.,0.99844616197),(-5.33654456537E-009,3.80000000534),.UNSPECIFIED.);
#67244=CARTESIAN_POINT('Control Point',(9432.798556109999,-2680.9545025,-597.860323066));
#67245=CARTESIAN_POINT('Control Point',(9432.81971374,-2680.11758791,-601.5669558229999));
#67246=CARTESIAN_POINT('Control Point',(9432.816346699999,-2680.76051308,-597.81642096));
#67247=CARTESIAN_POINT('Control Point',(9432.837504290001,-2679.92359847,-601.5230537149999));
#67248=CARTESIAN_POINT('Control Point',(9432.8341373,-2680.56652365,-597.7725188540001));
#67249=CARTESIAN_POINT('Control Point',(9432.855294839999,-2679.72960904,-601.4791516069999));
#67250=CARTESIAN_POINT('Control Point',(9432.85192789,-2680.37253423,-597.728616747));
#67251=CARTESIAN_POINT('Control Point',(9432.873085380001,-2679.5356196,-601.435249499));
#67252=CARTESIAN_POINT('Control Point',(9432.869718489999,-2680.1785448,-597.68471464));
#67253=CARTESIAN_POINT('Control Point',(9432.890875929999,-2679.34163017,-601.39134739));
#67254=CARTESIAN_POINT('Control Point',(9432.887509079999,-2679.98455538,-597.640812533));
#67255=CARTESIAN_POINT('Control Point',(9432.90866648,-2679.14764074,-601.347445281));
#67256=B_SPLINE_CURVE_WITH_KNOTS('',1,(#67257,#67258),.UNSPECIFIED.,.F.,.U.,(2,2),(-5.33654456537E-009,3.79999999478),.UNSPECIFIED.);
#67257=CARTESIAN_POINT('Control Point',(9432.798556109999,-2680.9545025,-597.860323066));
#67258=CARTESIAN_POINT('Control Point',(9432.81971374,-2680.11758791,-601.566955813));
#67259=CARTESIAN_POINT('Vertex',(9432.79855566,-2680.95450237,-597.860323049));
#67260=VERTEX_POINT('',#67259);
#67261=EDGE_CURVE('',#67179,#67260,#67256,.F.);
#67262=B_SPLINE_CURVE_WITH_KNOTS('',2,(#67263,#67264,#67265),.UNSPECIFIED.,.F.,.U.,(3,3),(0.,1.4177413639),.UNSPECIFIED.);
#67263=CARTESIAN_POINT('Control Point',(9432.798556109999,-2680.95450247,-597.86032307));
#67264=CARTESIAN_POINT('Control Point',(9432.843032610001,-2680.46952882,-597.750567783));
#67265=CARTESIAN_POINT('Control Point',(9432.887509079999,-2679.98455538,-597.640812538));
#67266=CARTESIAN_POINT('Vertex',(9432.88750909,-2679.98455538,-597.640812539));
#67267=VERTEX_POINT('',#67266);
#67268=EDGE_CURVE('',#67260,#67267,#67262,.T.);
#67269=B_SPLINE_CURVE_WITH_KNOTS('',1,(#67270,#67271),.UNSPECIFIED.,.F.,.U.,(2,2),(9.56347507277E-015,3.8),.UNSPECIFIED.);
#67270=CARTESIAN_POINT('Control Point',(9432.887509079999,-2679.98455538,-597.640812538));
#67271=CARTESIAN_POINT('Control Point',(9432.90866648,-2679.14764074,-601.347445276));
#67272=EDGE_CURVE('',#67267,#67186,#67269,.T.);
#67273=EDGE_LOOP('',(#67274,#67275,#67276,#67277));
#67274=ORIENTED_EDGE('',*,*,#67261,.T.);
#67275=ORIENTED_EDGE('',*,*,#67268,.T.);
#67276=ORIENTED_EDGE('',*,*,#67272,.T.);
#67277=ORIENTED_EDGE('',*,*,#67187,.F.);
#67278=FACE_OUTER_BOUND('',#67273,.T.);
#67279=ADVANCED_FACE('PartBody',(#67278),#67243,.T.);
#67280=B_SPLINE_SURFACE_WITH_KNOTS('',5,1,((#67281,#67282),(#67283,#67284),(#67285,#67286),(#67287,#67288),(#67289,#67290),(#67291,#67292)),.UNSPECIFIED.,.F.,.F.,.U.,(6,6),(2,2),(0.,2.38032016052),(0.,3.8),.UNSPECIFIED.);
#67281=CARTESIAN_POINT('Control Point',(9432.75369571,-2678.3499089,-597.272492198));
#67282=CARTESIAN_POINT('Control Point',(9432.774855150001,-2677.51299433,-600.979124939));
#67283=CARTESIAN_POINT('Control Point',(9432.83740477,-2678.67169963,-597.344670946));
#67284=CARTESIAN_POINT('Control Point',(9432.8585633,-2677.83478501,-601.051303683));
#67285=CARTESIAN_POINT('Control Point',(9432.89278495,-2678.99932782,-597.418329473));
#67286=CARTESIAN_POINT('Control Point',(9432.91394283,-2678.16241318,-601.124962207));
#67287=CARTESIAN_POINT('Control Point',(9432.9193689,-2679.32947084,-597.4927202));
#67288=CARTESIAN_POINT('Control Point',(9432.940526369999,-2678.49255619,-601.199352933));
#67289=CARTESIAN_POINT('Control Point',(9432.91737865,-2679.65885533,-597.567102754));
#67290=CARTESIAN_POINT('Control Point',(9432.938535970001,-2678.82194068,-601.273735489));
#67291=CARTESIAN_POINT('Control Point',(9432.887509079999,-2679.98455538,-597.640812538));
#67292=CARTESIAN_POINT('Control Point',(9432.90866648,-2679.14764074,-601.347445276));
#67293=B_SPLINE_CURVE_WITH_KNOTS('',3,(#67294,#67295,#67296,#67297),.UNSPECIFIED.,.F.,.U.,(4,4),(0.,2.91188113193),.UNSPECIFIED.);
#67294=CARTESIAN_POINT('Control Point',(9432.75369571,-2678.3499089,-597.272492198));
#67295=CARTESIAN_POINT('Control Point',(9432.89355377,-2678.8875452,-597.393085838));
#67296=CARTESIAN_POINT('Control Point',(9432.937166850001,-2679.44308334,-597.518270993));
#67297=CARTESIAN_POINT('Control Point',(9432.887509079999,-2679.98455538,-597.640812538));
#67298=CARTESIAN_POINT('Vertex',(9432.75369693,-2678.3499086,-597.272492123));
#67299=VERTEX_POINT('',#67298);
#67300=EDGE_CURVE('',#67299,#67267,#67293,.T.);
#67301=B_SPLINE_CURVE_WITH_KNOTS('',1,(#67302,#67303),.UNSPECIFIED.,.F.,.U.,(2,2),(1.40188762935E-013,3.8),.UNSPECIFIED.);
#67302=CARTESIAN_POINT('Control Point',(9432.75369571,-2678.3499089,-597.272492198));
#67303=CARTESIAN_POINT('Control Point',(9432.774855150001,-2677.51299433,-600.979124939));
#67304=EDGE_CURVE('',#67299,#67194,#67301,.T.);
#67305=EDGE_LOOP('',(#67306,#67307,#67308,#67309));
#67306=ORIENTED_EDGE('',*,*,#67195,.T.);
#67307=ORIENTED_EDGE('',*,*,#67272,.F.);
#67308=ORIENTED_EDGE('',*,*,#67300,.F.);
#67309=ORIENTED_EDGE('',*,*,#67304,.T.);
#67310=FACE_OUTER_BOUND('',#67305,.T.);
#67311=ADVANCED_FACE('PartBody',(#67310),#67280,.F.);
#67312=B_SPLINE_SURFACE_WITH_KNOTS('',5,1,((#67313,#67314),(#67315,#67316),(#67317,#67318),(#67319,#67320),(#67321,#67322),(#67323,#67324)),.UNSPECIFIED.,.F.,.F.,.U.,(6,6),(2,2),(0.,65.0338637078),(-1.42548743942E-013,3.8),.UNSPECIFIED.);
#67313=CARTESIAN_POINT('Control Point',(9432.75369571,-2678.3499089,-597.272492198));
#67314=CARTESIAN_POINT('Control Point',(9432.774855150001,-2677.51299433,-600.979124939));
#67315=CARTESIAN_POINT('Control Point',(9430.466629709999,-2669.55797009,-595.3004304470001));
#67316=CARTESIAN_POINT('Control Point',(9430.4878138,-2668.72105672,-599.007063321));
#67317=CARTESIAN_POINT('Control Point',(9428.179561679999,-2660.76601811,-593.328388411));
#67318=CARTESIAN_POINT('Control Point',(9428.200773770001,-2659.92910613,-597.035021437));
#67319=CARTESIAN_POINT('Control Point',(9425.892490390001,-2651.97404724,-591.356368952));
#67320=CARTESIAN_POINT('Control Point',(9425.913732970001,-2651.13713678,-595.063002147));
#67321=CARTESIAN_POINT('Control Point',(9423.605415960001,-2643.1820574,-589.384374707));
#67322=CARTESIAN_POINT('Control Point',(9423.62669082,-2642.34514858,-593.091008086));
#67323=CARTESIAN_POINT('Control Point',(9421.31833908,-2634.39005078,-587.4124077389999));
#67324=CARTESIAN_POINT('Control Point',(9421.33964737,-2633.55314369,-591.119041316));
#67325=B_SPLINE_CURVE_WITH_KNOTS('',3,(#67326,#67327,#67328,#67329),.UNSPECIFIED.,.F.,.U.,(4,4),(0.,79.3621390046),.UNSPECIFIED.);
#67326=CARTESIAN_POINT('Control Point',(9421.31833908,-2634.39005078,-587.4124077389999));
#67327=CARTESIAN_POINT('Control Point',(9425.130137239999,-2649.04340806,-590.699022248));
#67328=CARTESIAN_POINT('Control Point',(9428.941922260001,-2663.69668989,-593.9857253820001));
#67329=CARTESIAN_POINT('Control Point',(9432.75369571,-2678.3499089,-597.272492198));
#67330=CARTESIAN_POINT('Vertex',(9421.318334760001,-2634.39005184,-587.412408004));
#67331=VERTEX_POINT('',#67330);
#67332=EDGE_CURVE('',#67331,#67299,#67325,.T.);
#67333=B_SPLINE_CURVE_WITH_KNOTS('',1,(#67334,#67335),.UNSPECIFIED.,.F.,.U.,(2,2),(-1.42548743942E-013,3.8),.UNSPECIFIED.);
#67334=CARTESIAN_POINT('Control Point',(9421.31833908,-2634.39005078,-587.4124077389999));
#67335=CARTESIAN_POINT('Control Point',(9421.33964737,-2633.55314369,-591.119041316));
#67336=EDGE_CURVE('',#67331,#67202,#67333,.T.);
#67337=EDGE_LOOP('',(#67338,#67339,#67340,#67341));
#67338=ORIENTED_EDGE('',*,*,#67203,.T.);
#67339=ORIENTED_EDGE('',*,*,#67304,.F.);
#67340=ORIENTED_EDGE('',*,*,#67332,.F.);
#67341=ORIENTED_EDGE('',*,*,#67336,.T.);
#67342=FACE_OUTER_BOUND('',#67337,.T.);
#67343=ADVANCED_FACE('PartBody',(#67342),#67312,.T.);
#67344=B_SPLINE_SURFACE_WITH_KNOTS('',5,1,((#67345,#67346),(#67347,#67348),(#67349,#67350),(#67351,#67352),(#67353,#67354),(#67355,#67356),(#67357,#67358),(#67359,#67360),(#67361,#67362),(#67363,#67364),(#67365,#67366),(#67367,#67368),(#67369,#67370),(#67371,#67372),(#67373,#67374)),.UNSPECIFIED.,.F.,.F.,.U.,(6,3,3,3,6),(2,2),(0.,2.7641887049,5.52837740981,8.29256611471,9.21396234968),(-1.42548743942E-013,3.8),.UNSPECIFIED.);
#67345=CARTESIAN_POINT('Control Point',(9416.47206452,-2630.70676222,-586.6086723670001));
#67346=CARTESIAN_POINT('Control Point',(9416.4934328,-2629.86985894,-590.31530646));
#67347=CARTESIAN_POINT('Control Point',(9416.86191406,-2630.70724524,-586.6065339949999));
#67348=CARTESIAN_POINT('Control Point',(9416.88327772,-2629.87034165,-590.313168042));
#67349=CARTESIAN_POINT('Control Point',(9417.25347594,-2630.74479266,-586.6127549510001));
#67350=CARTESIAN_POINT('Control Point',(9417.27483493,-2629.90788875,-590.319388953));
#67351=CARTESIAN_POINT('Control Point',(9417.641858999999,-2630.82004316,-586.6275076639999));
#67352=CARTESIAN_POINT('Control Point',(9417.663213330001,-2629.98313893,-590.334141624));
#67353=CARTESIAN_POINT('Control Point',(9418.40160401,-2631.04544888,-586.674024795));
#67354=CARTESIAN_POINT('Control Point',(9418.422949170001,-2630.20854405,-590.380658671));
#67355=CARTESIAN_POINT('Control Point',(9419.106214990001,-2631.41437071,-586.75326556));
#67356=CARTESIAN_POINT('Control Point',(9419.127551539999,-2630.57746532,-590.459899359));
#67357=CARTESIAN_POINT('Control Point',(9419.43943644,-2631.6331411,-586.800742923));
#67358=CARTESIAN_POINT('Control Point',(9419.46076889,-2630.79623545,-590.507376688));
#67359=CARTESIAN_POINT('Control Point',(9420.05750296,-2632.13349268,-586.910158736));
#67360=CARTESIAN_POINT('Control Point',(9420.078827740001,-2631.29658655,-590.616792436));
#67361=CARTESIAN_POINT('Control Point',(9420.56233972,-2632.74339213,-587.044961778));
#67362=CARTESIAN_POINT('Control Point',(9420.583658109999,-2631.90648562,-590.751595427));
#67363=CARTESIAN_POINT('Control Point',(9420.782277390001,-2633.07168176,-587.117820218));
#67364=CARTESIAN_POINT('Control Point',(9420.80359295,-2632.23477508,-590.824453846));
#67365=CARTESIAN_POINT('Control Point',(9421.028264680001,-2633.53378308,-587.220741901));
#67366=CARTESIAN_POINT('Control Point',(9421.04957702,-2632.69687621,-590.927375505));
#67367=CARTESIAN_POINT('Control Point',(9421.2084218,-2634.01918815,-587.3293039390001));
#67368=CARTESIAN_POINT('Control Point',(9421.22973166,-2633.18228114,-591.035937526));
#67369=CARTESIAN_POINT('Control Point',(9421.249287320001,-2634.14180367,-587.356753906));
#67370=CARTESIAN_POINT('Control Point',(9421.27059661,-2633.30489663,-591.06338749));
#67371=CARTESIAN_POINT('Control Point',(9421.285935649999,-2634.26548905,-587.384469686));
#67372=CARTESIAN_POINT('Control Point',(9421.307244420001,-2633.42858199,-591.091103266));
#67373=CARTESIAN_POINT('Control Point',(9421.31833908,-2634.39005078,-587.4124077389999));
#67374=CARTESIAN_POINT('Control Point',(9421.33964737,-2633.55314369,-591.119041316));
#67375=B_SPLINE_CURVE_WITH_KNOTS('',5,(#67376,#67377,#67378,#67379,#67380,#67381),.UNSPECIFIED.,.F.,.U.,(6,6),(0.,11.2296855865),.UNSPECIFIED.);
#67376=CARTESIAN_POINT('Control Point',(9416.47206452,-2630.70676222,-586.6086723670001));
#67377=CARTESIAN_POINT('Control Point',(9417.764007719999,-2630.70836294,-586.601585899));
#67378=CARTESIAN_POINT('Control Point',(9419.07829648,-2631.11109515,-586.684946611));
#67379=CARTESIAN_POINT('Control Point',(9420.25067558,-2631.97998387,-586.8743857870001));
#67380=CARTESIAN_POINT('Control Point',(9420.99471418,-2633.14600737,-587.1333801980001));
#67381=CARTESIAN_POINT('Control Point',(9421.31833908,-2634.39005078,-587.4124077389999));
#67382=CARTESIAN_POINT('Vertex',(9416.472064740001,-2630.70676462,-586.608672909));
#67383=VERTEX_POINT('',#67382);
#67384=EDGE_CURVE('',#67383,#67331,#67375,.T.);
#67385=B_SPLINE_CURVE_WITH_KNOTS('',1,(#67386,#67387),.UNSPECIFIED.,.F.,.U.,(2,2),(-5.18749919556E-014,3.8),.UNSPECIFIED.);
#67386=CARTESIAN_POINT('Control Point',(9416.47206452,-2630.70676222,-586.6086723670001));
#67387=CARTESIAN_POINT('Control Point',(9416.4934328,-2629.86985894,-590.31530646));
#67388=EDGE_CURVE('',#67383,#67212,#67385,.T.);
#67389=EDGE_LOOP('',(#67390,#67391,#67392,#67393));
#67390=ORIENTED_EDGE('',*,*,#67213,.T.);
#67391=ORIENTED_EDGE('',*,*,#67336,.F.);
#67392=ORIENTED_EDGE('',*,*,#67384,.F.);
#67393=ORIENTED_EDGE('',*,*,#67388,.T.);
#67394=FACE_OUTER_BOUND('',#67389,.T.);
#67395=ADVANCED_FACE('PartBody',(#67394),#67344,.F.);
#67396=B_SPLINE_SURFACE_WITH_KNOTS('',5,1,((#67397,#67398),(#67399,#67400),(#67401,#67402),(#67403,#67404),(#67405,#67406),(#67407,#67408)),.UNSPECIFIED.,.F.,.F.,.U.,(6,6),(2,2),(0.,0.999965634487),(-5.18749919556E-014,3.8),.UNSPECIFIED.);
#67397=CARTESIAN_POINT('Control Point',(9415.47211449,-2630.70552106,-586.6141583150001));
#67398=CARTESIAN_POINT('Control Point',(9415.49349461,-2629.8686186,-590.320792524));
#67399=CARTESIAN_POINT('Control Point',(9415.67210449,-2630.70576936,-586.613060822));
#67400=CARTESIAN_POINT('Control Point',(9415.693482250001,-2629.86886673,-590.319695006));
#67401=CARTESIAN_POINT('Control Point',(9415.8720945,-2630.70601763,-586.61196348));
#67402=CARTESIAN_POINT('Control Point',(9415.89346988,-2629.86911483,-590.318597642));
#67403=CARTESIAN_POINT('Control Point',(9416.07208451,-2630.70626586,-586.61086629));
#67404=CARTESIAN_POINT('Control Point',(9416.093457520001,-2629.8693629,-590.317500429));
#67405=CARTESIAN_POINT('Control Point',(9416.27207452,-2630.70651406,-586.609769253));
#67406=CARTESIAN_POINT('Control Point',(9416.293445159999,-2629.86961094,-590.316403368));
#67407=CARTESIAN_POINT('Control Point',(9416.47206452,-2630.70676222,-586.6086723670001));
#67408=CARTESIAN_POINT('Control Point',(9416.4934328,-2629.86985894,-590.31530646));
#67409=B_SPLINE_CURVE_WITH_KNOTS('',5,(#67410,#67411,#67412,#67413,#67414,#67415),.UNSPECIFIED.,.F.,.U.,(6,6),(0.,0.999965634487),.UNSPECIFIED.);
#67410=CARTESIAN_POINT('Control Point',(9415.47211449,-2630.70552106,-586.6141583150001));
#67411=CARTESIAN_POINT('Control Point',(9415.67210449,-2630.70576936,-586.613060822));
#67412=CARTESIAN_POINT('Control Point',(9415.8720945,-2630.70601763,-586.61196348));
#67413=CARTESIAN_POINT('Control Point',(9416.07208451,-2630.70626586,-586.61086629));
#67414=CARTESIAN_POINT('Control Point',(9416.27207452,-2630.70651406,-586.609769253));
#67415=CARTESIAN_POINT('Control Point',(9416.47206452,-2630.70676222,-586.6086723670001));
#67416=CARTESIAN_POINT('Vertex',(9415.47211449,-2630.70552106,-586.6141583150001));
#67417=VERTEX_POINT('',#67416);
#67418=EDGE_CURVE('',#67417,#67383,#67409,.T.);
#67419=B_SPLINE_CURVE_WITH_KNOTS('',1,(#67420,#67421),.UNSPECIFIED.,.F.,.U.,(2,2),(2.58471440956E-013,3.8),.UNSPECIFIED.);
#67420=CARTESIAN_POINT('Control Point',(9415.47211449,-2630.70552106,-586.6141583150001));
#67421=CARTESIAN_POINT('Control Point',(9415.49349461,-2629.8686186,-590.320792524));
#67422=EDGE_CURVE('',#67417,#67220,#67419,.T.);
#67423=EDGE_LOOP('',(#67424,#67425,#67426,#67427));
#67424=ORIENTED_EDGE('',*,*,#67221,.T.);
#67425=ORIENTED_EDGE('',*,*,#67388,.F.);
#67426=ORIENTED_EDGE('',*,*,#67418,.F.);
#67427=ORIENTED_EDGE('',*,*,#67422,.T.);
#67428=FACE_OUTER_BOUND('',#67423,.T.);
#67429=ADVANCED_FACE('PartBody',(#67428),#67396,.F.);
#67430=B_SPLINE_SURFACE_WITH_KNOTS('',5,1,((#67431,#67432),(#67433,#67434),(#67435,#67436),(#67437,#67438),(#67439,#67440),(#67441,#67442),(#67443,#67444),(#67445,#67446),(#67447,#67448),(#67449,#67450),(#67451,#67452),(#67453,#67454),(#67455,#67456),(#67457,#67458),(#67459,#67460)),.UNSPECIFIED.,.F.,.F.,.U.,(6,3,3,3,6),(2,2),(0.,4.34616554359,8.69233108719,13.0384966308,14.4872184786),(-3.8,5.92516338422E-010),.UNSPECIFIED.);
#67431=CARTESIAN_POINT('Control Point',(9415.49349461,-2629.8686186,-590.320792524));
#67432=CARTESIAN_POINT('Control Point',(9415.47211449,-2630.70552106,-586.6141583150001));
#67433=CARTESIAN_POINT('Control Point',(9415.11786321,-2629.86854259,-590.322942031));
#67434=CARTESIAN_POINT('Control Point',(9414.73963326,-2630.70500286,-586.618266315));
#67435=CARTESIAN_POINT('Control Point',(9414.74248019,-2629.85922249,-590.368208441));
#67436=CARTESIAN_POINT('Control Point',(9414.007636369999,-2630.6860148,-586.706352055));
#67437=CARTESIAN_POINT('Control Point',(9414.374194579999,-2629.84065524,-590.456573274));
#67438=CARTESIAN_POINT('Control Point',(9413.28947944,-2630.64855744,-586.878380977));
#67439=CARTESIAN_POINT('Control Point',(9413.66581103,-2629.78573179,-590.716142691));
#67440=CARTESIAN_POINT('Control Point',(9411.908131509999,-2630.5381272,-587.38378958));
#67441=CARTESIAN_POINT('Control Point',(9413.03812829,-2629.69785163,-591.12904952));
#67442=CARTESIAN_POINT('Control Point',(9410.684150159999,-2630.36192671,-588.187866414));
#67443=CARTESIAN_POINT('Control Point',(9412.75055925,-2629.64631928,-591.370790692));
#67444=CARTESIAN_POINT('Control Point',(9410.12339054,-2630.2586824,-588.658639387));
#67445=CARTESIAN_POINT('Control Point',(9412.23889251,-2629.53002735,-591.915666569));
#67446=CARTESIAN_POINT('Control Point',(9409.1256404,-2630.02582717,-589.7197732240001));
#67447=CARTESIAN_POINT('Control Point',(9411.87015474,-2629.39193289,-592.561555077));
#67448=CARTESIAN_POINT('Control Point',(9408.406601729999,-2629.7495489,-590.977676662));
#67449=CARTESIAN_POINT('Control Point',(9411.72554394,-2629.31859122,-592.904340227));
#67450=CARTESIAN_POINT('Control Point',(9408.12461069,-2629.60286808,-591.6452803));
#67451=CARTESIAN_POINT('Control Point',(9411.589406409999,-2629.21693332,-593.3791628499999));
#67452=CARTESIAN_POINT('Control Point',(9407.8591425,-2629.39961849,-592.570051722));
#67453=CARTESIAN_POINT('Control Point',(9411.53069743,-2629.11263961,-593.865909865));
#67454=CARTESIAN_POINT('Control Point',(9407.744659989999,-2629.19117796,-593.518064166));
#67455=CARTESIAN_POINT('Control Point',(9411.5208991,-2629.08645398,-593.988096694));
#67456=CARTESIAN_POINT('Control Point',(9407.72555325,-2629.13884839,-593.756042281));
#67457=CARTESIAN_POINT('Control Point',(9411.516,-2629.06021019,-594.110531373));
#67458=CARTESIAN_POINT('Control Point',(9407.716,-2629.08640739,-593.994504153));
#67459=CARTESIAN_POINT('Control Point',(9411.516,-2629.0339616,-594.232965001));
#67460=CARTESIAN_POINT('Control Point',(9407.716,-2629.0339616,-594.232965002));
#67461=B_SPLINE_CURVE_WITH_KNOTS('',5,(#67462,#67463,#67464,#67465,#67466,#67467),.UNSPECIFIED.,.F.,.U.,(6,6),(0.,16.4535605782),.UNSPECIFIED.);
#67462=CARTESIAN_POINT('Control Point',(9415.47211449,-2630.70552106,-586.6141583150001));
#67463=CARTESIAN_POINT('Control Point',(9413.03050506,-2630.70379372,-586.6278516789999));
#67464=CARTESIAN_POINT('Control Point',(9410.591776269999,-2630.4974087,-587.572076967));
#67465=CARTESIAN_POINT('Control Point',(9408.66869552,-2630.0829105,-589.461319281));
#67466=CARTESIAN_POINT('Control Point',(9407.716,-2629.55841565,-591.848374134));
#67467=CARTESIAN_POINT('Control Point',(9407.716,-2629.0339616,-594.232965002));
#67468=CARTESIAN_POINT('Vertex',(9407.716,-2629.03396171,-594.232964511));
#67469=VERTEX_POINT('',#67468);
#67470=EDGE_CURVE('',#67417,#67469,#67461,.T.);
#67471=B_SPLINE_CURVE_WITH_KNOTS('',1,(#67472,#67473),.UNSPECIFIED.,.F.,.U.,(2,2),(-3.79999999999,-6.26318920097E-014),.UNSPECIFIED.);
#67472=CARTESIAN_POINT('Control Point',(9411.516,-2629.0339616,-594.232965001));
#67473=CARTESIAN_POINT('Control Point',(9407.716,-2629.0339616,-594.232965002));
#67474=CARTESIAN_POINT('Vertex',(9411.516,-2629.0339616,-594.232965001));
#67475=VERTEX_POINT('',#67474);
#67476=EDGE_CURVE('',#67475,#67469,#67471,.T.);
#67477=B_SPLINE_CURVE_WITH_KNOTS('',5,(#67478,#67479,#67480,#67481,#67482,#67483),.UNSPECIFIED.,.F.,.U.,(6,6),(0.,16.4536956354),.UNSPECIFIED.);
#67478=CARTESIAN_POINT('Control Point',(9415.49349461,-2629.8686186,-590.320792524));
#67479=CARTESIAN_POINT('Control Point',(9414.24137693,-2629.86836525,-590.327957623));
#67480=CARTESIAN_POINT('Control Point',(9412.990739749999,-2629.76567924,-590.812901553));
#67481=CARTESIAN_POINT('Control Point',(9412.00457087,-2629.5587106,-591.782996532));
#67482=CARTESIAN_POINT('Control Point',(9411.516,-2629.29644766,-593.008627714));
#67483=CARTESIAN_POINT('Control Point',(9411.516,-2629.0339616,-594.232965001));
#67484=EDGE_CURVE('',#67220,#67475,#67477,.T.);
#67485=EDGE_LOOP('',(#67486,#67487,#67488,#67489));
#67486=ORIENTED_EDGE('',*,*,#67422,.F.);
#67487=ORIENTED_EDGE('',*,*,#67470,.T.);
#67488=ORIENTED_EDGE('',*,*,#67476,.F.);
#67489=ORIENTED_EDGE('',*,*,#67484,.F.);
#67490=FACE_OUTER_BOUND('',#67485,.T.);
#67491=ADVANCED_FACE('PartBody',(#67490),#67430,.F.);
#67492=B_SPLINE_CURVE_WITH_KNOTS('',5,(#67493,#67494,#67495,#67496,#67497,#67498),.UNSPECIFIED.,.F.,.U.,(6,6),(1632.43757503,1649.72098305),.UNSPECIFIED.);
#67493=CARTESIAN_POINT('Control Point',(9407.716,-2629.03396171,-594.23296451));
#67494=CARTESIAN_POINT('Control Point',(9407.716,-2628.6045379,-596.180410777));
#67495=CARTESIAN_POINT('Control Point',(9407.716,-2628.17374922,-598.127555703));
#67496=CARTESIAN_POINT('Control Point',(9407.716,-2627.74159597,-600.074397969));
#67497=CARTESIAN_POINT('Control Point',(9407.716,-2627.30807845,-602.020936252));
#67498=CARTESIAN_POINT('Control Point',(9407.716,-2626.87319697,-603.9671692319999));
#67499=DIRECTION('Vector Direction',(1,0,0));
#67500=VECTOR('Extrusion Surface Vector',#67499,1.);
#67501=SURFACE_OF_LINEAR_EXTRUSION('generated tabulated cylinder',#67492,#67500);
#67502=B_SPLINE_CURVE_WITH_KNOTS('',3,(#67503,#67504,#67505,#67506),.UNSPECIFIED.,.F.,.U.,(4,4),(0.,19.9534417667),.UNSPECIFIED.);
#67503=CARTESIAN_POINT('Control Point',(9407.716,-2629.03396171,-594.232964511));
#67504=CARTESIAN_POINT('Control Point',(9407.716,-2628.3182555,-597.478707683));
#67505=CARTESIAN_POINT('Control Point',(9407.716,-2627.59799946,-600.723447484));
#67506=CARTESIAN_POINT('Control Point',(9407.716,-2626.87319697,-603.9671692319999));
#67507=CARTESIAN_POINT('Vertex',(9407.716,-2626.87319697,-603.9671692319999));
#67508=VERTEX_POINT('',#67507);
#67509=EDGE_CURVE('',#67469,#67508,#67502,.T.);
#67510=CARTESIAN_POINT('Line Origine',(9409.616,-2626.87319697,-603.9671692319999));
#67511=DIRECTION('Vector Direction',(1,0,0));
#67512=VECTOR('Line Direction',#67511,1.);
#67513=LINE('Line',#67510,#67512);
#67514=CARTESIAN_POINT('Vertex',(9411.516,-2626.87319697,-603.9671692319999));
#67515=VERTEX_POINT('',#67514);
#67516=EDGE_CURVE('',#67508,#67515,#67513,.T.);
#67517=B_SPLINE_CURVE_WITH_KNOTS('',3,(#67518,#67519,#67520,#67521),.UNSPECIFIED.,.F.,.U.,(4,4),(0.,19.9534415155),.UNSPECIFIED.);
#67518=CARTESIAN_POINT('Control Point',(9411.516,-2629.03396168,-594.232964634));
#67519=CARTESIAN_POINT('Control Point',(9411.516,-2628.31825548,-597.478707765));
#67520=CARTESIAN_POINT('Control Point',(9411.516,-2627.59799945,-600.723447525));
#67521=CARTESIAN_POINT('Control Point',(9411.516,-2626.87319697,-603.9671692319999));
#67522=EDGE_CURVE('',#67475,#67515,#67517,.T.);
#67523=EDGE_LOOP('',(#67524,#67525,#67526,#67527));
#67524=ORIENTED_EDGE('',*,*,#67476,.T.);
#67525=ORIENTED_EDGE('',*,*,#67509,.T.);
#67526=ORIENTED_EDGE('',*,*,#67516,.T.);
#67527=ORIENTED_EDGE('',*,*,#67522,.F.);
#67528=FACE_OUTER_BOUND('',#67523,.T.);
#67529=ADVANCED_FACE('PartBody',(#67528),#67501,.T.);
#67530=CARTESIAN_POINT('Axis2P3D Location',(9411.516,0,0));
#67531=DIRECTION('Axis2P3D Direction',(1,0,0));
#67532=DIRECTION('Axis2P3D XDirection',(0,1,0));
#67533=AXIS2_PLACEMENT_3D('Plane Axis2P3D',#67530,#67531,#67532);
#67534=PLANE('',#67533);
#67535=B_SPLINE_CURVE_WITH_KNOTS('',5,(#67536,#67537,#67538,#67539,#67540,#67541),.UNSPECIFIED.,.F.,.U.,(6,6),(64.1478563848,84.5386930635),.UNSPECIFIED.);
#67536=CARTESIAN_POINT('Control Point',(9411.516,-2551.0721094,-600.209315617));
#67537=CARTESIAN_POINT('Control Point',(9411.516,-2547.09407946,-599.311136042));
#67538=CARTESIAN_POINT('Control Point',(9411.516,-2543.46356465,-596.856682156));
#67539=CARTESIAN_POINT('Control Point',(9411.516,-2541.02510598,-593.0056534190001));
#67540=CARTESIAN_POINT('Control Point',(9411.516,-2540.35883746,-588.674248582));
#67541=CARTESIAN_POINT('Control Point',(9411.516,-2541.2479829,-584.694189636));
#67542=CARTESIAN_POINT('Vertex',(9411.516,-2551.0721094,-600.209315617));
#67543=VERTEX_POINT('',#67542);
#67544=CARTESIAN_POINT('Vertex',(9411.516,-2541.2479829,-584.694189636));
#67545=VERTEX_POINT('',#67544);
#67546=EDGE_CURVE('',#67543,#67545,#67535,.T.);
#67547=B_SPLINE_CURVE_WITH_KNOTS('',3,(#67548,#67549,#67550,#67551),.UNSPECIFIED.,.F.,.U.,(4,4),(0.,20.0320440593),.UNSPECIFIED.);
#67548=CARTESIAN_POINT('Control Point',(9411.516,-2543.42053992,-574.902736473));
#67549=CARTESIAN_POINT('Control Point',(9411.516,-2542.70107155,-578.167602094));
#67550=CARTESIAN_POINT('Control Point',(9411.516,-2541.97688476,-581.431424904));
#67551=CARTESIAN_POINT('Control Point',(9411.516,-2541.2479829,-584.694189636));
#67552=CARTESIAN_POINT('Vertex',(9411.516,-2543.42053992,-574.902736473));
#67553=VERTEX_POINT('',#67552);
#67554=EDGE_CURVE('',#67553,#67545,#67547,.T.);
#67555=B_SPLINE_CURVE_WITH_KNOTS('',1,(#67556,#67557),.UNSPECIFIED.,.F.,.U.,(2,2),(-19.063160473,68.7053743574),.UNSPECIFIED.);
#67556=CARTESIAN_POINT('Control Point',(9411.516,-2629.03396171,-594.232964511));
#67557=CARTESIAN_POINT('Control Point',(9411.516,-2543.42053992,-574.902736473));
#67558=EDGE_CURVE('',#67475,#67553,#67555,.T.);
#67559=B_SPLINE_CURVE_WITH_KNOTS('',5,(#67560,#67561,#67562,#67563,#67564,#67565),.UNSPECIFIED.,.F.,.U.,(6,6),(43.6985795967,64.1478563848),.UNSPECIFIED.);
#67560=CARTESIAN_POINT('Control Point',(9411.516,-2626.87319697,-603.9671692319999));
#67561=CARTESIAN_POINT('Control Point',(9411.516,-2625.98132178,-607.958594477));
#67562=CARTESIAN_POINT('Control Point',(9411.516,-2623.52349736,-611.604053871));
#67563=CARTESIAN_POINT('Control Point',(9411.516,-2619.6587504,-614.051075804));
#67564=CARTESIAN_POINT('Control Point',(9411.516,-2615.31236481,-614.713803022));
#67565=CARTESIAN_POINT('Control Point',(9411.516,-2611.32293383,-613.813049266));
#67566=CARTESIAN_POINT('Vertex',(9411.516,-2611.32293383,-613.813049266));
#67567=VERTEX_POINT('',#67566);
#67568=EDGE_CURVE('',#67515,#67567,#67559,.T.);
#67569=B_SPLINE_CURVE_WITH_KNOTS('',1,(#67570,#67571),.UNSPECIFIED.,.F.,.U.,(2,2),(-30.8837473972,30.8837473972),.UNSPECIFIED.);
#67570=CARTESIAN_POINT('Control Point',(9411.516,-2611.32293383,-613.813049266));
#67571=CARTESIAN_POINT('Control Point',(9411.516,-2551.0721094,-600.209315617));
#67572=EDGE_CURVE('',#67567,#67543,#67569,.T.);
#67573=EDGE_LOOP('',(#67574,#67575,#67576,#67577,#67578,#67579));
#67574=ORIENTED_EDGE('',*,*,#67546,.T.);
#67575=ORIENTED_EDGE('',*,*,#67554,.F.);
#67576=ORIENTED_EDGE('',*,*,#67558,.F.);
#67577=ORIENTED_EDGE('',*,*,#67522,.T.);
#67578=ORIENTED_EDGE('',*,*,#67568,.T.);
#67579=ORIENTED_EDGE('',*,*,#67572,.T.);
#67580=FACE_OUTER_BOUND('',#67573,.T.);
#67581=ADVANCED_FACE('PartBody',(#67580),#67534,.T.);
#67582=CARTESIAN_POINT('Axis2P3D Location',(9407.716,-2581.19752162,-607.011182441));
#67583=DIRECTION('Axis2P3D Direction',(0,0.2202409810260365,-0.9754454932371613));
#67584=DIRECTION('Axis2P3D XDirection',(1,0,0));
#67585=AXIS2_PLACEMENT_3D('Plane Axis2P3D',#67582,#67583,#67584);
#67586=PLANE('',#67585);
#67587=CARTESIAN_POINT('Line Origine',(9409.616,-2611.32293383,-613.813049266));
#67588=DIRECTION('Vector Direction',(1,0,0));
#67589=VECTOR('Line Direction',#67588,1.);
#67590=LINE('Line',#67587,#67589);
#67591=CARTESIAN_POINT('Vertex',(9407.716,-2611.32293383,-613.813049266));
#67592=VERTEX_POINT('',#67591);
#67593=EDGE_CURVE('',#67592,#67567,#67590,.T.);
#67594=CARTESIAN_POINT('Line Origine',(9407.716,-2581.19752162,-607.011182441));
#67595=DIRECTION('Vector Direction',(0,0.9754454932371613,0.2202409810260365));
#67596=VECTOR('Line Direction',#67595,1.);
#67597=LINE('Line',#67594,#67596);
#67598=CARTESIAN_POINT('Vertex',(9407.716,-2551.0721094,-600.209315617));
#67599=VERTEX_POINT('',#67598);
#67600=EDGE_CURVE('',#67592,#67599,#67597,.T.);
#67601=CARTESIAN_POINT('Line Origine',(9409.616,-2551.0721094,-600.209315617));
#67602=DIRECTION('Vector Direction',(1,0,0));
#67603=VECTOR('Line Direction',#67602,1.);
#67604=LINE('Line',#67601,#67603);
#67605=EDGE_CURVE('',#67599,#67543,#67604,.T.);
#67606=EDGE_LOOP('',(#67607,#67608,#67609,#67610));
#67607=ORIENTED_EDGE('',*,*,#67593,.F.);
#67608=ORIENTED_EDGE('',*,*,#67600,.T.);
#67609=ORIENTED_EDGE('',*,*,#67605,.T.);
#67610=ORIENTED_EDGE('',*,*,#67572,.F.);
#67611=FACE_OUTER_BOUND('',#67606,.T.);
#67612=ADVANCED_FACE('PartBody',(#67611),#67586,.T.);
#67613=CARTESIAN_POINT('Axis2P3D Location',(9407.716,-2614.18606658,-601.132257854));
#67614=DIRECTION('Axis2P3D Direction',(1,0,0));
#67615=DIRECTION('Axis2P3D XDirection',(0,0.5349504804479648,0.8448834141279445));
#67616=AXIS2_PLACEMENT_3D('Cylinder Axis2P3D',#67613,#67614,#67615);
#67617=CYLINDRICAL_SURFACE('generated cylinder',#67616,13.);
#67618=CARTESIAN_POINT('Axis2P3D Location',(9407.716,-2614.18606658,-601.132257854));
#67619=DIRECTION('Axis2P3D Direction',(1,0,0));
#67620=AXIS2_PLACEMENT_3D('Circle Axis2P3D',#67618,#67619,$);
#67621=CIRCLE('generated circle',#67620,13.);
#67622=EDGE_CURVE('',#67508,#67592,#67621,.T.);
#67623=EDGE_LOOP('',(#67624,#67625,#67626,#67627));
#67624=ORIENTED_EDGE('',*,*,#67516,.F.);
#67625=ORIENTED_EDGE('',*,*,#67622,.T.);
#67626=ORIENTED_EDGE('',*,*,#67593,.T.);
#67627=ORIENTED_EDGE('',*,*,#67568,.F.);
#67628=FACE_OUTER_BOUND('',#67623,.T.);
#67629=ADVANCED_FACE('PartBody',(#67628),#67617,.T.);
#67630=CARTESIAN_POINT('Axis2P3D Location',(9407.716,0,0));
#67631=DIRECTION('Axis2P3D Direction',(1,0,0));
#67632=DIRECTION('Axis2P3D XDirection',(0,1,0));
#67633=AXIS2_PLACEMENT_3D('Plane Axis2P3D',#67630,#67631,#67632);
#67634=PLANE('',#67633);
#67635=CARTESIAN_POINT('Line Origine',(9407.716,-2586.22725082,-584.567850492));
#67636=DIRECTION('Vector Direction',(0,0.9754454936912125,0.220240979015048));
#67637=VECTOR('Line Direction',#67636,1.);
#67638=LINE('Line',#67635,#67637);
#67639=CARTESIAN_POINT('Vertex',(9407.716,-2543.42053992,-574.902736473));
#67640=VERTEX_POINT('',#67639);
#67641=EDGE_CURVE('',#67469,#67640,#67638,.T.);
#67642=B_SPLINE_CURVE_WITH_KNOTS('',5,(#67643,#67644,#67645,#67646,#67647,#67648),.UNSPECIFIED.,.F.,.U.,(6,6),(0.,20.0320440593),.UNSPECIFIED.);
#67643=CARTESIAN_POINT('Control Point',(9407.716,-2543.42053992,-574.902736473));
#67644=CARTESIAN_POINT('Control Point',(9407.716,-2542.9888589,-576.861655846));
#67645=CARTESIAN_POINT('Control Point',(9407.716,-2542.55576241,-578.8202621200001));
#67646=CARTESIAN_POINT('Control Point',(9407.716,-2542.12125055,-580.778554792));
#67647=CARTESIAN_POINT('Control Point',(9407.716,-2541.68532401,-582.736530797));
#67648=CARTESIAN_POINT('Control Point',(9407.716,-2541.2479829,-584.694189636));
#67649=CARTESIAN_POINT('Vertex',(9407.716,-2541.2479829,-584.694189636));
#67650=VERTEX_POINT('',#67649);
#67651=EDGE_CURVE('',#67640,#67650,#67642,.T.);
#67652=CARTESIAN_POINT('Axis2P3D Location',(9407.716,-2553.93524216,-587.5285242050001));
#67653=DIRECTION('Axis2P3D Direction',(1,0,0));
#67654=AXIS2_PLACEMENT_3D('Circle Axis2P3D',#67652,#67653,$);
#67655=CIRCLE('generated circle',#67654,13.);
#67656=EDGE_CURVE('',#67599,#67650,#67655,.T.);
#67657=EDGE_LOOP('',(#67658,#67659,#67660,#67661,#67662,#67663));
#67658=ORIENTED_EDGE('',*,*,#67600,.F.);
#67659=ORIENTED_EDGE('',*,*,#67622,.F.);
#67660=ORIENTED_EDGE('',*,*,#67509,.F.);
#67661=ORIENTED_EDGE('',*,*,#67641,.T.);
#67662=ORIENTED_EDGE('',*,*,#67651,.T.);
#67663=ORIENTED_EDGE('',*,*,#67656,.F.);
#67664=FACE_OUTER_BOUND('',#67657,.T.);
#67665=ADVANCED_FACE('PartBody',(#67664),#67634,.F.);
#67666=CARTESIAN_POINT('Axis2P3D Location',(9407.716,-2553.93524216,-587.5285242050001));
#67667=DIRECTION('Axis2P3D Direction',(1,0,0));
#67668=DIRECTION('Axis2P3D XDirection',(0,-0.8448712534576061,0.5349696861327505));
#67669=AXIS2_PLACEMENT_3D('Cylinder Axis2P3D',#67666,#67667,#67668);
#67670=CYLINDRICAL_SURFACE('generated cylinder',#67669,13.);
#67671=CARTESIAN_POINT('Line Origine',(9409.616,-2541.2479829,-584.694189636));
#67672=DIRECTION('Vector Direction',(1,0,0));
#67673=VECTOR('Line Direction',#67672,1.);
#67674=LINE('Line',#67671,#67673);
#67675=EDGE_CURVE('',#67650,#67545,#67674,.T.);
#67676=EDGE_LOOP('',(#67677,#67678,#67679,#67680));
#67677=ORIENTED_EDGE('',*,*,#67605,.F.);
#67678=ORIENTED_EDGE('',*,*,#67656,.T.);
#67679=ORIENTED_EDGE('',*,*,#67675,.T.);
#67680=ORIENTED_EDGE('',*,*,#67546,.F.);
#67681=FACE_OUTER_BOUND('',#67676,.T.);
#67682=ADVANCED_FACE('PartBody',(#67681),#67670,.T.);
#67683=B_SPLINE_CURVE_WITH_KNOTS('',5,(#67684,#67685,#67686,#67687,#67688,#67689),.UNSPECIFIED.,.F.,.U.,(6,6),(722.389564595,739.729986453),.UNSPECIFIED.);
#67684=CARTESIAN_POINT('Control Point',(9407.716,-2543.42053992,-574.902736473));
#67685=CARTESIAN_POINT('Control Point',(9407.716,-2542.9888587,-576.8616567620001));
#67686=CARTESIAN_POINT('Control Point',(9407.716,-2542.55576209,-578.820263577));
#67687=CARTESIAN_POINT('Control Point',(9407.716,-2542.12125038,-580.778555562));
#67688=CARTESIAN_POINT('Control Point',(9407.716,-2541.68532389,-582.736531365));
#67689=CARTESIAN_POINT('Control Point',(9407.716,-2541.2479829,-584.694189636));
#67690=DIRECTION('Vector Direction',(1,0,0));
#67691=VECTOR('Extrusion Surface Vector',#67690,1.);
#67692=SURFACE_OF_LINEAR_EXTRUSION('generated tabulated cylinder',#67683,#67691);
#67693=CARTESIAN_POINT('Line Origine',(9409.616,-2543.42053992,-574.902736473));
#67694=DIRECTION('Vector Direction',(1,0,0));
#67695=VECTOR('Line Direction',#67694,1.);
#67696=LINE('Line',#67693,#67695);
#67697=EDGE_CURVE('',#67640,#67553,#67696,.T.);
#67698=EDGE_LOOP('',(#67699,#67700,#67701,#67702));
#67699=ORIENTED_EDGE('',*,*,#67554,.T.);
#67700=ORIENTED_EDGE('',*,*,#67675,.F.);
#67701=ORIENTED_EDGE('',*,*,#67651,.F.);
#67702=ORIENTED_EDGE('',*,*,#67697,.T.);
#67703=FACE_OUTER_BOUND('',#67698,.T.);
#67704=ADVANCED_FACE('PartBody',(#67703),#67692,.F.);
#67705=B_SPLINE_SURFACE_WITH_KNOTS('',5,1,((#67706,#67707),(#67708,#67709),(#67710,#67711),(#67712,#67713),(#67714,#67715),(#67716,#67717),(#67718,#67719),(#67720,#67721),(#67722,#67723),(#67724,#67725),(#67726,#67727),(#67728,#67729),(#67730,#67731),(#67732,#67733),(#67734,#67735)),.UNSPECIFIED.,.F.,.F.,.U.,(6,3,3,3,6),(2,2),(0.,4.34613237186,8.69226474372,13.0383971156,14.4871079062),(-3.8,6.25183622566E-010),.UNSPECIFIED.);
#67706=CARTESIAN_POINT('Control Point',(9415.493418059999,-2544.25398709,-570.990291541));
#67707=CARTESIAN_POINT('Control Point',(9415.47196522,-2545.0908895,-567.28365774));
#67708=CARTESIAN_POINT('Control Point',(9415.117790910001,-2544.25391924,-570.992450235));
#67709=CARTESIAN_POINT('Control Point',(9414.73949227,-2545.09037795,-567.287781566));
#67710=CARTESIAN_POINT('Control Point',(9414.742412989999,-2544.24461977,-571.0377276310001));
#67711=CARTESIAN_POINT('Control Point',(9414.00750532,-2545.07140923,-567.375884012));
#67712=CARTESIAN_POINT('Control Point',(9414.374133130001,-2544.22608548,-571.126105076));
#67713=CARTESIAN_POINT('Control Point',(9413.28935961,-2545.03398379,-567.547930218));
#67714=CARTESIAN_POINT('Control Point',(9413.66576186,-2544.1712514,-571.385702508));
#67715=CARTESIAN_POINT('Control Point',(9411.90803563,-2544.9236413,-568.053373923));
#67716=CARTESIAN_POINT('Control Point',(9413.03809192,-2544.08350333,-571.798641974));
#67717=CARTESIAN_POINT('Control Point',(9410.684079250001,-2544.74757233,-568.857485932));
#67718=CARTESIAN_POINT('Control Point',(9412.75052917,-2544.03204671,-572.040400376));
#67719=CARTESIAN_POINT('Control Point',(9410.12333187,-2544.64440372,-569.328276255));
#67720=CARTESIAN_POINT('Control Point',(9412.23887415,-2543.91592268,-572.585312057));
#67721=CARTESIAN_POINT('Control Point',(9409.125604590001,-2544.41171681,-570.389443992));
#67722=CARTESIAN_POINT('Control Point',(9411.870145520001,-2543.77802225,-573.231238213));
#67723=CARTESIAN_POINT('Control Point',(9408.406583759999,-2544.13563383,-571.647379504));
#67724=CARTESIAN_POINT('Control Point',(9411.725538430001,-2543.70478247,-573.574042423));
#67725=CARTESIAN_POINT('Control Point',(9408.124599950001,-2543.98905571,-572.314998637));
#67726=CARTESIAN_POINT('Control Point',(9411.589404439999,-2543.60326428,-574.048890576));
#67727=CARTESIAN_POINT('Control Point',(9407.85913866,-2543.78594704,-573.23979015));
#67728=CARTESIAN_POINT('Control Point',(9411.53069702,-2543.49911192,-574.535662981));
#67729=CARTESIAN_POINT('Control Point',(9407.74465918,-2543.57764919,-574.187822089));
#67730=CARTESIAN_POINT('Control Point',(9411.520898979999,-2543.47296172,-574.657855818));
#67731=CARTESIAN_POINT('Control Point',(9407.725553,-2543.52535545,-574.42580441));
#67732=CARTESIAN_POINT('Control Point',(9411.516,-2543.44675325,-574.78029681));
#67733=CARTESIAN_POINT('Control Point',(9407.716,-2543.47295012,-574.664271092));
#67734=CARTESIAN_POINT('Control Point',(9411.516,-2543.42053987,-574.9027367259999));
#67735=CARTESIAN_POINT('Control Point',(9407.716,-2543.42053987,-574.9027367259999));
#67736=B_SPLINE_CURVE_WITH_KNOTS('',5,(#67737,#67738,#67739,#67740,#67741,#67742),.UNSPECIFIED.,.F.,.U.,(6,6),(0.,16.45360553),.UNSPECIFIED.);
#67737=CARTESIAN_POINT('Control Point',(9415.493418059999,-2544.25398709,-570.990291541));
#67738=CARTESIAN_POINT('Control Point',(9414.24131428,-2544.25376092,-570.997487263));
#67739=CARTESIAN_POINT('Control Point',(9412.990700320001,-2544.15124039,-571.482481786));
#67740=CARTESIAN_POINT('Control Point',(9412.00455752,-2543.94457223,-572.452641999));
#67741=CARTESIAN_POINT('Control Point',(9411.516000019999,-2543.68267384,-573.678336886));
#67742=CARTESIAN_POINT('Control Point',(9411.516,-2543.42053988,-574.902736669));
#67743=EDGE_CURVE('',#67140,#67553,#67736,.T.);
#67744=B_SPLINE_CURVE_WITH_KNOTS('',5,(#67745,#67746,#67747,#67748,#67749,#67750),.UNSPECIFIED.,.F.,.U.,(6,6),(0.,16.4534738662),.UNSPECIFIED.);
#67745=CARTESIAN_POINT('Control Point',(9415.47196522,-2545.0908895,-567.283657741));
#67746=CARTESIAN_POINT('Control Point',(9413.030382389999,-2545.08918434,-567.297403862));
#67747=CARTESIAN_POINT('Control Point',(9410.59169823,-2544.88296196,-568.241692294));
#67748=CARTESIAN_POINT('Control Point',(9408.66866972,-2544.46876474,-570.130997611));
#67749=CARTESIAN_POINT('Control Point',(9407.716,-2543.94463847,-572.518098244));
#67750=CARTESIAN_POINT('Control Point',(9407.716,-2543.42053987,-574.9027367259999));
#67751=CARTESIAN_POINT('Vertex',(9415.47196522,-2545.0908895,-567.283657741));
#67752=VERTEX_POINT('',#67751);
#67753=EDGE_CURVE('',#67752,#67640,#67744,.T.);
#67754=B_SPLINE_CURVE_WITH_KNOTS('',1,(#67755,#67756),.UNSPECIFIED.,.F.,.U.,(2,2),(-3.8,-9.77087102063E-014),.UNSPECIFIED.);
#67755=CARTESIAN_POINT('Control Point',(9415.493418059999,-2544.25398709,-570.990291541));
#67756=CARTESIAN_POINT('Control Point',(9415.47196522,-2545.0908895,-567.283657741));
#67757=EDGE_CURVE('',#67140,#67752,#67754,.T.);
#67758=EDGE_LOOP('',(#67759,#67760,#67761,#67762));
#67759=ORIENTED_EDGE('',*,*,#67743,.T.);
#67760=ORIENTED_EDGE('',*,*,#67697,.F.);
#67761=ORIENTED_EDGE('',*,*,#67753,.F.);
#67762=ORIENTED_EDGE('',*,*,#67757,.F.);
#67763=FACE_OUTER_BOUND('',#67758,.T.);
#67764=ADVANCED_FACE('PartBody',(#67763),#67705,.T.);
#67765=B_SPLINE_SURFACE_WITH_KNOTS('',3,5,((#67766,#67767,#67768,#67769,#67770,#67771,#67772,#67773,#67774),(#67775,#67776,#67777,#67778,#67779,#67780,#67781,#67782,#67783),(#67784,#67785,#67786,#67787,#67788,#67789,#67790,#67791,#67792),(#67793,#67794,#67795,#67796,#67797,#67798,#67799,#67800,#67801)),.UNSPECIFIED.,.F.,.F.,.U.,(4,4),(6,3,6),(109.561467812,233.755234572),(0.,3.9,7.8),.UNSPECIFIED.);
#67766=CARTESIAN_POINT('Control Point',(9415.49349465,-2629.91491156,-590.331244782));
#67767=CARTESIAN_POINT('Control Point',(9414.86743658,-2629.91413577,-590.334680759));
#67768=CARTESIAN_POINT('Control Point',(9414.2420578,-2629.88638952,-590.457568679));
#67769=CARTESIAN_POINT('Control Point',(9413.64936283,-2629.8316725,-590.6999099240001));
#67770=CARTESIAN_POINT('Control Point',(9412.592791110001,-2629.67415982,-591.397532297));
#67771=CARTESIAN_POINT('Control Point',(9411.883563720001,-2629.4405769,-592.432069166));
#67772=CARTESIAN_POINT('Control Point',(9411.63846074,-2629.30973539,-593.011565142));
#67773=CARTESIAN_POINT('Control Point',(9411.516,-2629.17184743,-593.622269807));
#67774=CARTESIAN_POINT('Control Point',(9411.516,-2629.0339616,-594.232965001));
#67775=CARTESIAN_POINT('Control Point',(9415.49346919,-2601.36126907,-583.88426029));
#67776=CARTESIAN_POINT('Control Point',(9414.86741368,-2601.36049241,-583.88770014));
#67777=CARTESIAN_POINT('Control Point',(9414.24203825,-2601.3327455,-584.010590958));
#67778=CARTESIAN_POINT('Control Point',(9413.649347009999,-2601.27802809,-584.252933925));
#67779=CARTESIAN_POINT('Control Point',(9412.59278257,-2601.12051515,-584.950557424));
#67780=CARTESIAN_POINT('Control Point',(9411.88356072,-2600.88693283,-585.985091603));
#67781=CARTESIAN_POINT('Control Point',(9411.63845975,-2600.7560918,-586.564585476));
#67782=CARTESIAN_POINT('Control Point',(9411.516,-2600.61820439,-587.175287657));
#67783=CARTESIAN_POINT('Control Point',(9411.516,-2600.48031913,-587.785980367));
#67784=CARTESIAN_POINT('Control Point',(9415.49344366,-2572.80762758,-577.4372758759999));
#67785=CARTESIAN_POINT('Control Point',(9414.86739073,-2572.80685003,-577.44071961));
#67786=CARTESIAN_POINT('Control Point',(9414.24201865,-2572.77910247,-577.563613333));
#67787=CARTESIAN_POINT('Control Point',(9413.649331140001,-2572.72438467,-577.805958026));
#67788=CARTESIAN_POINT('Control Point',(9412.592774000001,-2572.56687148,-578.5035826549999));
#67789=CARTESIAN_POINT('Control Point',(9411.883557720001,-2572.33328976,-579.538114135));
#67790=CARTESIAN_POINT('Control Point',(9411.63845875,-2572.2024492,-580.117605901));
#67791=CARTESIAN_POINT('Control Point',(9411.516,-2572.06456236,-580.728305591));
#67792=CARTESIAN_POINT('Control Point',(9411.516,-2571.92667765,-581.33899581));
#67793=CARTESIAN_POINT('Control Point',(9415.493418059999,-2544.25398709,-570.990291541));
#67794=CARTESIAN_POINT('Control Point',(9414.86736771,-2544.25320867,-570.993739169));
#67795=CARTESIAN_POINT('Control Point',(9414.241998990001,-2544.22546044,-571.116635805));
#67796=CARTESIAN_POINT('Control Point',(9413.649315230001,-2544.17074225,-571.358982229));
#67797=CARTESIAN_POINT('Control Point',(9412.59276541,-2544.0132288,-572.056607991));
#67798=CARTESIAN_POINT('Control Point',(9411.88355472,-2543.77964769,-573.091136766));
#67799=CARTESIAN_POINT('Control Point',(9411.638457749999,-2543.64880761,-573.670626417));
#67800=CARTESIAN_POINT('Control Point',(9411.516,-2543.51092132,-574.281323609));
#67801=CARTESIAN_POINT('Control Point',(9411.516,-2543.37303718,-574.892011331));
#67802=EDGE_LOOP('',(#67803,#67804,#67805,#67806));
#67803=ORIENTED_EDGE('',*,*,#67743,.F.);
#67804=ORIENTED_EDGE('',*,*,#67227,.F.);
#67805=ORIENTED_EDGE('',*,*,#67484,.T.);
#67806=ORIENTED_EDGE('',*,*,#67558,.T.);
#67807=FACE_OUTER_BOUND('',#67802,.T.);
#67808=ADVANCED_FACE('PartBody',(#67807),#67765,.F.);
#67809=B_SPLINE_SURFACE_WITH_KNOTS('',5,1,((#67810,#67811),(#67812,#67813),(#67814,#67815),(#67816,#67817),(#67818,#67819),(#67820,#67821)),.UNSPECIFIED.,.F.,.F.,.U.,(6,6),(2,2),(0.,0.999966005834),(0.,3.8),.UNSPECIFIED.);
#67810=CARTESIAN_POINT('Control Point',(9415.47196522,-2545.0908895,-567.283657741));
#67811=CARTESIAN_POINT('Control Point',(9415.493418059999,-2544.25398709,-570.990291541));
#67812=CARTESIAN_POINT('Control Point',(9415.67195528,-2545.09113864,-567.282556513));
#67813=CARTESIAN_POINT('Control Point',(9415.693405599999,-2544.25423606,-570.98919029));
#67814=CARTESIAN_POINT('Control Point',(9415.871945340001,-2545.09138774,-567.281455447));
#67815=CARTESIAN_POINT('Control Point',(9415.893393120001,-2544.254485,-570.988089202));
#67816=CARTESIAN_POINT('Control Point',(9416.071935399999,-2545.09163681,-567.280354543));
#67817=CARTESIAN_POINT('Control Point',(9416.09338065,-2544.2547339,-570.986988276));
#67818=CARTESIAN_POINT('Control Point',(9416.27192546,-2545.09188584,-567.279253802));
#67819=CARTESIAN_POINT('Control Point',(9416.29336818,-2544.25498277,-570.985887512));
#67820=CARTESIAN_POINT('Control Point',(9416.47191552,-2545.09213483,-567.278153224));
#67821=CARTESIAN_POINT('Control Point',(9416.4933557,-2544.2552316,-570.984786912));
#67822=B_SPLINE_CURVE_WITH_KNOTS('',5,(#67823,#67824,#67825,#67826,#67827,#67828),.UNSPECIFIED.,.F.,.U.,(6,6),(0.,0.999966005834),.UNSPECIFIED.);
#67823=CARTESIAN_POINT('Control Point',(9415.47196522,-2545.0908895,-567.283657741));
#67824=CARTESIAN_POINT('Control Point',(9415.67195528,-2545.09113864,-567.282556513));
#67825=CARTESIAN_POINT('Control Point',(9415.871945340001,-2545.09138774,-567.281455447));
#67826=CARTESIAN_POINT('Control Point',(9416.071935399999,-2545.09163681,-567.280354543));
#67827=CARTESIAN_POINT('Control Point',(9416.27192546,-2545.09188584,-567.279253802));
#67828=CARTESIAN_POINT('Control Point',(9416.47191552,-2545.09213483,-567.278153224));
#67829=EDGE_CURVE('',#67752,#66808,#67822,.T.);
#67830=EDGE_LOOP('',(#67831,#67832,#67833,#67834));
#67831=ORIENTED_EDGE('',*,*,#67757,.T.);
#67832=ORIENTED_EDGE('',*,*,#67829,.T.);
#67833=ORIENTED_EDGE('',*,*,#66809,.T.);
#67834=ORIENTED_EDGE('',*,*,#67141,.F.);
#67835=FACE_OUTER_BOUND('',#67830,.T.);
#67836=ADVANCED_FACE('PartBody',(#67835),#67809,.T.);
#67837=B_SPLINE_SURFACE_WITH_KNOTS('',5,5,((#67838,#67839,#67840,#67841,#67842,#67843,#67844,#67845,#67846),(#67847,#67848,#67849,#67850,#67851,#67852,#67853,#67854,#67855),(#67856,#67857,#67858,#67859,#67860,#67861,#67862,#67863,#67864),(#67865,#67866,#67867,#67868,#67869,#67870,#67871,#67872,#67873),(#67874,#67875,#67876,#67877,#67878,#67879,#67880,#67881,#67882),(#67883,#67884,#67885,#67886,#67887,#67888,#67889,#67890,#67891),(#67892,#67893,#67894,#67895,#67896,#67897,#67898,#67899,#67900),(#67901,#67902,#67903,#67904,#67905,#67906,#67907,#67908,#67909),(#67910,#67911,#67912,#67913,#67914,#67915,#67916,#67917,#67918),(#67919,#67920,#67921,#67922,#67923,#67924,#67925,#67926,#67927),(#67928,#67929,#67930,#67931,#67932,#67933,#67934,#67935,#67936),(#67937,#67938,#67939,#67940,#67941,#67942,#67943,#67944,#67945),(#67946,#67947,#67948,#67949,#67950,#67951,#67952,#67953,#67954),(#67955,#67956,#67957,#67958,#67959,#67960,#67961,#67962,#67963),(#67964,#67965,#67966,#67967,#67968,#67969,#67970,#67971,#67972),(#67973,#67974,#67975,#67976,#67977,#67978,#67979,#67980,#67981),(#67982,#67983,#67984,#67985,#67986,#67987,#67988,#67989,#67990),(#67991,#67992,#67993,#67994,#67995,#67996,#67997,#67998,#67999),(#68000,#68001,#68002,#68003,#68004,#68005,#68006,#68007,#68008),(#68009,#68010,#68011,#68012,#68013,#68014,#68015,#68016,#68017),(#68018,#68019,#68020,#68021,#68022,#68023,#68024,#68025,#68026),(#68027,#68028,#68029,#68030,#68031,#68032,#68033,#68034,#68035),(#68036,#68037,#68038,#68039,#68040,#68041,#68042,#68043,#68044),(#68045,#68046,#68047,#68048,#68049,#68050,#68051,#68052,#68053),(#68054,#68055,#68056,#68057,#68058,#68059,#68060,#68061,#68062),(#68063,#68064,#68065,#68066,#68067,#68068,#68069,#68070,#68071),(#68072,#68073,#68074,#68075,#68076,#68077,#68078,#68079,#68080),(#68081,#68082,#68083,#68084,#68085,#68086,#68087,#68088,#68089),(#68090,#68091,#68092,#68093,#68094,#68095,#68096,#68097,#68098),(#68099,#68100,#68101,#68102,#68103,#68104,#68105,#68106,#68107)),.UNSPECIFIED.,.F.,.F.,.U.,(6,3,3,3,3,3,3,3,3,6),(6,3,6),(56.4483542689,66.4011736027,76.3539929365,81.5530116216,91.5690450817,98.0589560307,102.981486649,108.074023815,118.244468818,126.238198729),(0.,3.9,7.8),.UNSPECIFIED.);
#67838=CARTESIAN_POINT('Control Point',(9432.44020293,-2683.11572166,-606.359412488));
#67839=CARTESIAN_POINT('Control Point',(9432.43652626,-2683.25625043,-605.745761913));
#67840=CARTESIAN_POINT('Control Point',(9432.44383065,-2683.27657109,-605.104506989));
#67841=CARTESIAN_POINT('Control Point',(9432.4623228,-2683.16923753,-604.4673258719999));
#67842=CARTESIAN_POINT('Control Point',(9432.5196777,-2682.71091024,-603.270123993));
#67843=CARTESIAN_POINT('Control Point',(9432.610092749999,-2681.83480014,-602.336902674));
#67844=CARTESIAN_POINT('Control Point',(9432.661669130001,-2681.30937939,-601.963894435));
#67845=CARTESIAN_POINT('Control Point',(9432.71682156,-2680.72504199,-601.704699201));
#67846=CARTESIAN_POINT('Control Point',(9432.772662539999,-2680.11344313,-601.566288543));
#67847=CARTESIAN_POINT('Control Point',(9433.845950630001,-2683.23949522,-606.379627905));
#67848=CARTESIAN_POINT('Control Point',(9433.84227191,-2683.38007423,-605.76595949));
#67849=CARTESIAN_POINT('Control Point',(9433.84956941,-2683.40043568,-605.124675509));
#67850=CARTESIAN_POINT('Control Point',(9433.86804994,-2683.29313014,-604.48745791));
#67851=CARTESIAN_POINT('Control Point',(9433.92537323,-2682.83483145,-603.290178722));
#67852=CARTESIAN_POINT('Control Point',(9434.0157432,-2681.95870106,-602.356888883));
#67853=CARTESIAN_POINT('Control Point',(9434.06729449,-2681.43325938,-601.983852989));
#67854=CARTESIAN_POINT('Control Point',(9434.12242037,-2680.84889407,-601.724640127));
#67855=CARTESIAN_POINT('Control Point',(9434.17823446,-2680.23726481,-601.586222815));
#67856=CARTESIAN_POINT('Control Point',(9435.25164488,-2683.36318175,-606.39982967));
#67857=CARTESIAN_POINT('Control Point',(9435.24796397,-2683.50381098,-605.786143426));
#67858=CARTESIAN_POINT('Control Point',(9435.255254449999,-2683.52421319,-605.1448304));
#67859=CARTESIAN_POINT('Control Point',(9435.27372324,-2683.41693566,-604.507576332));
#67860=CARTESIAN_POINT('Control Point',(9435.33101469,-2682.95866554,-603.310219861));
#67861=CARTESIAN_POINT('Control Point',(9435.421339410001,-2682.08251487,-602.376861523));
#67862=CARTESIAN_POINT('Control Point',(9435.472865539999,-2681.55705225,-602.003797983));
#67863=CARTESIAN_POINT('Control Point',(9435.527964819999,-2680.97265904,-601.744567498));
#67864=CARTESIAN_POINT('Control Point',(9435.583752,-2680.36099939,-601.606143533));
#67865=CARTESIAN_POINT('Control Point',(9436.65729017,-2683.48678169,-606.420017368));
#67866=CARTESIAN_POINT('Control Point',(9436.65360695,-2683.62746112,-605.806313304));
#67867=CARTESIAN_POINT('Control Point',(9436.66089026,-2683.64790407,-605.164971247));
#67868=CARTESIAN_POINT('Control Point',(9436.67934717,-2683.54065452,-604.527680723));
#67869=CARTESIAN_POINT('Control Point',(9436.73660652,-2683.08241295,-603.330246995));
#67870=CARTESIAN_POINT('Control Point',(9436.826885779999,-2682.206242,-602.396820177));
#67871=CARTESIAN_POINT('Control Point',(9436.87838667,-2681.68075845,-602.023728999));
#67872=CARTESIAN_POINT('Control Point',(9436.9334593,-2681.09633735,-601.764480895));
#67873=CARTESIAN_POINT('Control Point',(9436.98921956,-2680.48464732,-601.626050279));
#67874=CARTESIAN_POINT('Control Point',(9439.46849721,-2683.73380984,-606.46036366));
#67875=CARTESIAN_POINT('Control Point',(9439.46480903,-2683.87458959,-605.846623978));
#67876=CARTESIAN_POINT('Control Point',(9439.47207768,-2683.89511397,-605.205223882));
#67877=CARTESIAN_POINT('Control Point',(9439.490510490001,-2683.78792037,-604.567860473));
#67878=CARTESIAN_POINT('Control Point',(9439.547705020001,-2683.32973584,-603.370272283));
#67879=CARTESIAN_POINT('Control Point',(9439.637892930001,-2682.45352431,-602.436708544));
#67880=CARTESIAN_POINT('Control Point',(9439.689343169999,-2681.9279989,-602.063562104));
#67881=CARTESIAN_POINT('Control Point',(9439.74436239,-2681.34352204,-601.804278771));
#67882=CARTESIAN_POINT('Control Point',(9439.800068750001,-2680.73177126,-601.665834853));
#67883=CARTESIAN_POINT('Control Point',(9442.27957855,-2683.9804985,-606.500649507));
#67884=CARTESIAN_POINT('Control Point',(9442.275884680001,-2684.12137846,-605.886874247));
#67885=CARTESIAN_POINT('Control Point',(9442.283137910001,-2684.14198417,-605.24541616));
#67886=CARTESIAN_POINT('Control Point',(9442.30154588,-2684.03484643,-604.607979917));
#67887=CARTESIAN_POINT('Control Point',(9442.35867424,-2683.57671882,-603.410237364));
#67888=CARTESIAN_POINT('Control Point',(9442.44876978,-2682.7004667,-602.4765367799999));
#67889=CARTESIAN_POINT('Control Point',(9442.50016899,-2682.17489944,-602.1033351040001));
#67890=CARTESIAN_POINT('Control Point',(9442.555134570001,-2681.59036684,-601.844016558));
#67891=CARTESIAN_POINT('Control Point',(9442.61078694,-2680.97855536,-601.705559339));
#67892=CARTESIAN_POINT('Control Point',(9443.685098149999,-2684.10375897,-606.520776757));
#67893=CARTESIAN_POINT('Control Point',(9443.68140123,-2684.244689,-605.906983719));
#67894=CARTESIAN_POINT('Control Point',(9443.688646529999,-2684.26533536,-605.2654966490001));
#67895=CARTESIAN_POINT('Control Point',(9443.707041879999,-2684.15822551,-604.628024003));
#67896=CARTESIAN_POINT('Control Point',(9443.76413677,-2683.70012634,-603.430204292));
#67897=CARTESIAN_POINT('Control Point',(9443.854185849999,-2682.82385391,-602.496435303));
#67898=CARTESIAN_POINT('Control Point',(9443.90555944,-2682.29826573,-602.123206016));
#67899=CARTESIAN_POINT('Control Point',(9443.96049813,-2681.71370527,-601.863869866));
#67900=CARTESIAN_POINT('Control Point',(9444.016123490001,-2681.10186345,-601.7254059959999));
#67901=CARTESIAN_POINT('Control Point',(9445.824802519999,-2684.2912809,-606.551392978));
#67902=CARTESIAN_POINT('Control Point',(9445.8211006,-2684.4322871,-605.937572889));
#67903=CARTESIAN_POINT('Control Point',(9445.82833348,-2684.45299528,-605.296041714));
#67904=CARTESIAN_POINT('Control Point',(9445.846709269999,-2684.34592789,-604.658513666));
#67905=CARTESIAN_POINT('Control Point',(9445.903752570001,-2683.88787194,-603.46057653));
#67906=CARTESIAN_POINT('Control Point',(9445.993730460001,-2683.01156858,-602.52670343));
#67907=CARTESIAN_POINT('Control Point',(9446.045064870001,-2682.48594856,-602.153432118));
#67908=CARTESIAN_POINT('Control Point',(9446.099962529999,-2681.9013457,-601.8940691719999));
#67909=CARTESIAN_POINT('Control Point',(9446.15554672,-2681.28945772,-601.755595176));
#67910=CARTESIAN_POINT('Control Point',(9447.9645294,-2684.47861536,-606.581969719));
#67911=CARTESIAN_POINT('Control Point',(9447.9608219,-2684.61969766,-605.968122601));
#67912=CARTESIAN_POINT('Control Point',(9447.96804175,-2684.64046759,-605.326547348));
#67913=CARTESIAN_POINT('Control Point',(9447.986397389999,-2684.53344258,-604.688963927));
#67914=CARTESIAN_POINT('Control Point',(9448.04338802,-2684.07542979,-603.490909418));
#67915=CARTESIAN_POINT('Control Point',(9448.13329394,-2683.19909547,-602.556932244));
#67916=CARTESIAN_POINT('Control Point',(9448.18458888,-2682.6734436,-602.183618919));
#67917=CARTESIAN_POINT('Control Point',(9448.23944533,-2682.08879836,-601.924229181));
#67918=CARTESIAN_POINT('Control Point',(9448.2949883,-2681.47686424,-601.785745057));
#67919=CARTESIAN_POINT('Control Point',(9448.61899338,-2684.53589522,-606.5913181019999));
#67920=CARTESIAN_POINT('Control Point',(9448.61528469,-2684.67700084,-605.977462705));
#67921=CARTESIAN_POINT('Control Point',(9448.62250109,-2684.6977897,-605.335873959));
#67922=CARTESIAN_POINT('Control Point',(9448.64085107,-2684.59077769,-604.698273589));
#67923=CARTESIAN_POINT('Control Point',(9448.69782648,-2684.13277812,-603.500183165));
#67924=CARTESIAN_POINT('Control Point',(9448.78771097,-2683.25643434,-602.566174168));
#67925=CARTESIAN_POINT('Control Point',(9448.83899405,-2682.73077271,-602.192848005));
#67926=CARTESIAN_POINT('Control Point',(9448.893837989999,-2682.14611449,-601.933450095));
#67927=CARTESIAN_POINT('Control Point',(9448.94936834,-2681.53416623,-601.794962901));
#67928=CARTESIAN_POINT('Control Point',(9450.784322519999,-2684.72534476,-606.622237048));
#67929=CARTESIAN_POINT('Control Point',(9450.78061041,-2684.86652756,-606.00835435));
#67930=CARTESIAN_POINT('Control Point',(9450.78781586,-2684.88737909,-605.36672105));
#67931=CARTESIAN_POINT('Control Point',(9450.806147540001,-2684.78041015,-604.729064697));
#67932=CARTESIAN_POINT('Control Point',(9450.863073390001,-2684.32245458,-603.53085559));
#67933=CARTESIAN_POINT('Control Point',(9450.95288751,-2683.44607971,-602.596741339));
#67934=CARTESIAN_POINT('Control Point',(9451.004131469999,-2682.92038595,-602.223372683));
#67935=CARTESIAN_POINT('Control Point',(9451.0589341,-2682.33568489,-601.963947673));
#67936=CARTESIAN_POINT('Control Point',(9451.1144227,-2681.72368996,-601.825450229));
#67937=CARTESIAN_POINT('Control Point',(9452.98612467,-2684.91778487,-606.6536478199999));
#67938=CARTESIAN_POINT('Control Point',(9452.982411770001,-2685.05904632,-606.039737557));
#67939=CARTESIAN_POINT('Control Point',(9452.98960875,-2685.07996182,-605.398059167));
#67940=CARTESIAN_POINT('Control Point',(9453.007924330001,-2684.97303697,-604.76034609));
#67941=CARTESIAN_POINT('Control Point',(9453.06480421,-2684.51512678,-603.562016633));
#67942=CARTESIAN_POINT('Control Point',(9453.154549659999,-2683.63872099,-602.627795465));
#67943=CARTESIAN_POINT('Control Point',(9453.205754819999,-2683.11299488,-602.2543835819999));
#67944=CARTESIAN_POINT('Control Point',(9453.26051588,-2682.52825053,-601.9949309150001));
#67945=CARTESIAN_POINT('Control Point',(9453.31596193,-2681.91620833,-601.8564228709999));
#67946=CARTESIAN_POINT('Control Point',(9454.4680799,-2685.04721772,-606.6747805909999));
#67947=CARTESIAN_POINT('Control Point',(9454.4643676,-2685.18853218,-606.0608518830001));
#67948=CARTESIAN_POINT('Control Point',(9454.47156,-2685.20949083,-605.4191432600001));
#67949=CARTESIAN_POINT('Control Point',(9454.489865809999,-2685.1025958,-604.781392115));
#67950=CARTESIAN_POINT('Control Point',(9454.546716610001,-2684.64471648,-603.582981832));
#67951=CARTESIAN_POINT('Control Point',(9454.63641705,-2683.76829023,-602.648688753));
#67952=CARTESIAN_POINT('Control Point',(9454.6875965,-2683.24254251,-602.275247758));
#67953=CARTESIAN_POINT('Control Point',(9454.742329750001,-2682.65776919,-602.015776412));
#67954=CARTESIAN_POINT('Control Point',(9454.79774713,-2682.0456953,-601.877261127));
#67955=CARTESIAN_POINT('Control Point',(9456.901455560001,-2685.25958958,-606.709472606));
#67956=CARTESIAN_POINT('Control Point',(9456.897745419999,-2685.40099117,-606.095513656));
#67957=CARTESIAN_POINT('Control Point',(9456.90493146,-2685.42202077,-605.453755441));
#67958=CARTESIAN_POINT('Control Point',(9456.9232223,-2685.31517479,-604.815941835));
#67959=CARTESIAN_POINT('Control Point',(9456.98002726,-2684.85734634,-603.61739892));
#67960=CARTESIAN_POINT('Control Point',(9457.069655019999,-2683.98088666,-602.682987813));
#67961=CARTESIAN_POINT('Control Point',(9457.12079266,-2683.45510355,-602.309499029));
#67962=CARTESIAN_POINT('Control Point',(9457.175480440001,-2682.87028268,-602.049997011));
#67963=CARTESIAN_POINT('Control Point',(9457.23085066,-2682.25815678,-601.9114698229999));
#67964=CARTESIAN_POINT('Control Point',(9459.338069609999,-2685.47198806,-606.7441993910001));
#67965=CARTESIAN_POINT('Control Point',(9459.334362109999,-2685.61347694,-606.130210048));
#67966=CARTESIAN_POINT('Control Point',(9459.341542239999,-2685.63457758,-605.48840205));
#67967=CARTESIAN_POINT('Control Point',(9459.359818540001,-2685.52778066,-604.850525787));
#67968=CARTESIAN_POINT('Control Point',(9459.41657834,-2685.07000291,-603.651849902));
#67969=CARTESIAN_POINT('Control Point',(9459.506133770001,-2684.19350939,-602.717320635));
#67970=CARTESIAN_POINT('Control Point',(9459.557229669999,-2683.66769062,-602.343784075));
#67971=CARTESIAN_POINT('Control Point',(9459.611871929999,-2683.08282196,-602.0842514890001));
#67972=CARTESIAN_POINT('Control Point',(9459.667194879999,-2682.47064379,-601.945712585));
#67973=CARTESIAN_POINT('Control Point',(9460.294474599999,-2685.55531765,-606.7578285020001));
#67974=CARTESIAN_POINT('Control Point',(9460.29076801,-2685.69684078,-606.143827191));
#67975=CARTESIAN_POINT('Control Point',(9460.297945709999,-2685.7179693,-605.501999613));
#67976=CARTESIAN_POINT('Control Point',(9460.316216179999,-2685.61119159,-604.864098719));
#67977=CARTESIAN_POINT('Control Point',(9460.37295805,-2685.15343366,-603.665370585));
#67978=CARTESIAN_POINT('Control Point',(9460.462484940001,-2684.27692672,-602.730794937));
#67979=CARTESIAN_POINT('Control Point',(9460.513564389999,-2683.75109389,-602.357239641));
#67980=CARTESIAN_POINT('Control Point',(9460.56818876,-2683.1662064,-602.097695092));
#67981=CARTESIAN_POINT('Control Point',(9460.623493139999,-2682.55400767,-601.959151644));
#67982=CARTESIAN_POINT('Control Point',(9461.96928394,-2685.70117129,-606.781691592));
#67983=CARTESIAN_POINT('Control Point',(9461.96557832,-2685.84275437,-606.1676692250001));
#67984=CARTESIAN_POINT('Control Point',(9461.9727511,-2685.86393161,-605.5258072509999));
#67985=CARTESIAN_POINT('Control Point',(9461.99101075,-2685.75718744,-604.887863123));
#67986=CARTESIAN_POINT('Control Point',(9462.047720119999,-2685.29946391,-603.689043338));
#67987=CARTESIAN_POINT('Control Point',(9462.137196289999,-2684.42293314,-602.754386454));
#67988=CARTESIAN_POINT('Control Point',(9462.188246690001,-2683.89707551,-602.380798386));
#67989=CARTESIAN_POINT('Control Point',(9462.242839590001,-2683.31215489,-602.121232979));
#67990=CARTESIAN_POINT('Control Point',(9462.29811145,-2682.69992002,-601.982681708));
#67991=CARTESIAN_POINT('Control Point',(9463.62719073,-2685.84543553,-606.805300999));
#67992=CARTESIAN_POINT('Control Point',(9463.623483269999,-2685.98707773,-606.191257595));
#67993=CARTESIAN_POINT('Control Point',(9463.630648410001,-2686.00830292,-605.549361365));
#67994=CARTESIAN_POINT('Control Point',(9463.648894690001,-2685.90159162,-604.9113742439999));
#67995=CARTESIAN_POINT('Control Point',(9463.705567159999,-2685.4439014,-603.7124634309999));
#67996=CARTESIAN_POINT('Control Point',(9463.79498993,-2684.56734627,-602.777726079));
#67997=CARTESIAN_POINT('Control Point',(9463.84601048,-2684.04146372,-602.404105627));
#67998=CARTESIAN_POINT('Control Point',(9463.90057166,-2683.45651001,-602.1445197199999));
#67999=CARTESIAN_POINT('Control Point',(9463.955811330001,-2682.84423915,-602.005960935));
#68000=CARTESIAN_POINT('Control Point',(9464.33858023,-2685.90731623,-606.815428172));
#68001=CARTESIAN_POINT('Control Point',(9464.33487121,-2686.04898373,-606.201375702));
#68002=CARTESIAN_POINT('Control Point',(9464.342032279999,-2686.07022942,-605.559464731));
#68003=CARTESIAN_POINT('Control Point',(9464.360272100001,-2685.96353214,-604.921459124));
#68004=CARTESIAN_POINT('Control Point',(9464.41692743,-2685.50585604,-603.72250919));
#68005=CARTESIAN_POINT('Control Point',(9464.506326410001,-2684.62929029,-602.787737297));
#68006=CARTESIAN_POINT('Control Point',(9464.557333840001,-2684.10339698,-602.414102959));
#68007=CARTESIAN_POINT('Control Point',(9464.61188126,-2683.518429,-602.1545082809999));
#68008=CARTESIAN_POINT('Control Point',(9464.667107110001,-2682.90614266,-602.015946314));
#68009=CARTESIAN_POINT('Control Point',(9465.777295239999,-2686.03242172,-606.835899311));
#68010=CARTESIAN_POINT('Control Point',(9465.773580790001,-2686.17414021,-606.2218284320001));
#68011=CARTESIAN_POINT('Control Point',(9465.7807314,-2686.19542715,-605.579887573));
#68012=CARTESIAN_POINT('Control Point',(9465.798956000001,-2686.08875801,-604.941844507));
#68013=CARTESIAN_POINT('Control Point',(9465.855572820001,-2685.63111004,-603.74281534));
#68014=CARTESIAN_POINT('Control Point',(9465.94492111,-2684.75452246,-602.807973556));
#68015=CARTESIAN_POINT('Control Point',(9465.995901120001,-2684.22860722,-602.4343111429999));
#68016=CARTESIAN_POINT('Control Point',(9466.05042028,-2683.64361029,-602.174698767));
#68017=CARTESIAN_POINT('Control Point',(9466.10561819,-2683.03129258,-602.03613043));
#68018=CARTESIAN_POINT('Control Point',(9467.200656810001,-2686.15611038,-606.856120155));
#68019=CARTESIAN_POINT('Control Point',(9467.196930550001,-2686.29787875,-606.242030965));
#68020=CARTESIAN_POINT('Control Point',(9467.204064330001,-2686.31920592,-605.600060437));
#68021=CARTESIAN_POINT('Control Point',(9467.22226773,-2686.21256407,-604.961980218));
#68022=CARTESIAN_POINT('Control Point',(9467.27883551,-2685.75494293,-603.762872507));
#68023=CARTESIAN_POINT('Control Point',(9467.3681263,-2684.87833306,-602.827961495));
#68024=CARTESIAN_POINT('Control Point',(9467.419076640001,-2684.35239589,-602.454271288));
#68025=CARTESIAN_POINT('Control Point',(9467.473566569999,-2683.76737019,-602.194641409));
#68026=CARTESIAN_POINT('Control Point',(9467.52873683,-2683.15502142,-602.056066802));
#68027=CARTESIAN_POINT('Control Point',(9467.80028256,-2686.20820138,-606.864630835));
#68028=CARTESIAN_POINT('Control Point',(9467.796550049999,-2686.34999065,-606.250533894));
#68029=CARTESIAN_POINT('Control Point',(9467.803675470001,-2686.37133466,-605.60855083));
#68030=CARTESIAN_POINT('Control Point',(9467.82186874,-2686.26470418,-604.970454926));
#68031=CARTESIAN_POINT('Control Point',(9467.878413709999,-2685.80709412,-603.771314071));
#68032=CARTESIAN_POINT('Control Point',(9467.96767883,-2684.93047467,-602.836373876));
#68033=CARTESIAN_POINT('Control Point',(9468.01861619,-2684.40452819,-602.4626719619999));
#68034=CARTESIAN_POINT('Control Point',(9468.07309355,-2683.81949032,-602.203034727));
#68035=CARTESIAN_POINT('Control Point',(9468.12825218,-2683.20712845,-602.0644575060001));
#68036=CARTESIAN_POINT('Control Point',(9469.95608507,-2686.39542965,-606.895180374));
#68037=CARTESIAN_POINT('Control Point',(9469.952318490001,-2686.53729294,-606.2810558370001));
#68038=CARTESIAN_POINT('Control Point',(9469.959402259999,-2686.55869652,-605.639028012));
#68039=CARTESIAN_POINT('Control Point',(9469.977548049999,-2686.45210623,-605.000876004));
#68040=CARTESIAN_POINT('Control Point',(9470.03399132,-2685.9945351,-603.8016163999999));
#68041=CARTESIAN_POINT('Control Point',(9470.123150900001,-2685.11788134,-602.866571202));
#68042=CARTESIAN_POINT('Control Point',(9470.17403695,-2684.59190167,-602.492826991));
#68043=CARTESIAN_POINT('Control Point',(9470.22846685,-2684.0068205,-602.2331629080001));
#68044=CARTESIAN_POINT('Control Point',(9470.283583619999,-2683.39441209,-602.094575729));
#68045=CARTESIAN_POINT('Control Point',(9472.111965460001,-2686.58250179,-606.925555379));
#68046=CARTESIAN_POINT('Control Point',(9472.108154850001,-2686.72443828,-606.31140277));
#68047=CARTESIAN_POINT('Control Point',(9472.11518698,-2686.74590047,-605.669329681));
#68048=CARTESIAN_POINT('Control Point',(9472.13327584,-2686.6393493,-605.031121104));
#68049=CARTESIAN_POINT('Control Point',(9472.18960055,-2686.1818149,-603.831742027));
#68050=CARTESIAN_POINT('Control Point',(9472.2786433,-2685.30512477,-602.896591683));
#68051=CARTESIAN_POINT('Control Point',(9472.329474149999,-2684.77911098,-602.522805294));
#68052=CARTESIAN_POINT('Control Point',(9472.38385466,-2684.1939858,-602.263114689));
#68053=CARTESIAN_POINT('Control Point',(9472.43892961,-2683.58153038,-602.124518066));
#68054=CARTESIAN_POINT('Control Point',(9473.548594329999,-2686.70709376,-606.945702037));
#68055=CARTESIAN_POINT('Control Point',(9473.54474385,-2686.8490781,-606.331530554));
#68056=CARTESIAN_POINT('Control Point',(9473.551731039999,-2686.87057841,-605.689427139));
#68057=CARTESIAN_POINT('Control Point',(9473.569771959999,-2686.76405241,-605.051180715));
#68058=CARTESIAN_POINT('Control Point',(9473.625999850001,-2686.30654086,-603.8517217690001));
#68059=CARTESIAN_POINT('Control Point',(9473.71495279,-2685.42982536,-602.916501229));
#68060=CARTESIAN_POINT('Control Point',(9473.76574273,-2684.90378843,-602.542686707));
#68061=CARTESIAN_POINT('Control Point',(9473.82008829,-2684.31863371,-602.282978445));
#68062=CARTESIAN_POINT('Control Point',(9473.8751354,-2683.70614694,-602.144375584));
#68063=CARTESIAN_POINT('Control Point',(9476.11447894,-2686.9295191,-606.981425391));
#68064=CARTESIAN_POINT('Control Point',(9476.110543979999,-2687.07158758,-606.3672205190001));
#68065=CARTESIAN_POINT('Control Point',(9476.117437610001,-2687.09315484,-605.725063311));
#68066=CARTESIAN_POINT('Control Point',(9476.1353803,-2686.98667294,-605.086749649));
#68067=CARTESIAN_POINT('Control Point',(9476.191412689999,-2686.52920111,-603.887148595));
#68068=CARTESIAN_POINT('Control Point',(9476.280190019999,-2685.65244038,-602.951802668));
#68069=CARTESIAN_POINT('Control Point',(9476.33090164,-2685.12636246,-602.577937702));
#68070=CARTESIAN_POINT('Control Point',(9476.38518213,-2684.54115549,-602.318197495));
#68071=CARTESIAN_POINT('Control Point',(9476.440179519999,-2683.92861338,-602.179582893));
#68072=CARTESIAN_POINT('Control Point',(9478.680321489999,-2687.15174571,-607.016742745));
#68073=CARTESIAN_POINT('Control Point',(9478.676317609999,-2687.29389932,-606.402505919));
#68074=CARTESIAN_POINT('Control Point',(9478.68313318,-2687.31553499,-605.760296481));
#68075=CARTESIAN_POINT('Control Point',(9478.70099227,-2687.20909911,-605.121917071));
#68076=CARTESIAN_POINT('Control Point',(9478.75685512,-2686.75167146,-603.922176295));
#68077=CARTESIAN_POINT('Control Point',(9478.845474,-2685.87487051,-602.986705601));
#68078=CARTESIAN_POINT('Control Point',(9478.89611311,-2685.34875403,-602.612789912));
#68079=CARTESIAN_POINT('Control Point',(9478.9503313,-2684.76349695,-602.353016821));
#68080=CARTESIAN_POINT('Control Point',(9479.0052787,-2684.15090112,-602.214388937));
#68081=CARTESIAN_POINT('Control Point',(9479.97818602,-2687.26409999,-607.0345218160001));
#68082=CARTESIAN_POINT('Control Point',(9479.97415564,-2687.40629725,-606.420269448));
#68083=CARTESIAN_POINT('Control Point',(9479.980940060001,-2687.42796831,-605.778034263));
#68084=CARTESIAN_POINT('Control Point',(9479.99876473,-2687.32155667,-605.139622231));
#68085=CARTESIAN_POINT('Control Point',(9480.054555819999,-2686.86415355,-603.9398117969999));
#68086=CARTESIAN_POINT('Control Point',(9480.14310383,-2685.98733454,-603.004278249));
#68087=CARTESIAN_POINT('Control Point',(9480.193709429999,-2685.46119964,-602.630336779));
#68088=CARTESIAN_POINT('Control Point',(9480.247897630001,-2684.87591815,-602.370546651));
#68089=CARTESIAN_POINT('Control Point',(9480.30281963,-2684.26329582,-602.231911387));
#68090=CARTESIAN_POINT('Control Point',(9481.197725620001,-2687.36962176,-607.051196799));
#68091=CARTESIAN_POINT('Control Point',(9481.19369627,-2687.51186224,-606.436930323));
#68092=CARTESIAN_POINT('Control Point',(9481.200477349999,-2687.53356882,-605.794671455));
#68093=CARTESIAN_POINT('Control Point',(9481.21829427,-2687.42718216,-605.156229254));
#68094=CARTESIAN_POINT('Control Point',(9481.2740617,-2686.96980615,-603.956354192));
#68095=CARTESIAN_POINT('Control Point',(9481.36257238,-2686.09297314,-603.0207620149999));
#68096=CARTESIAN_POINT('Control Point',(9481.413156549999,-2685.56682205,-602.646796407));
#68097=CARTESIAN_POINT('Control Point',(9481.467321489999,-2684.98151828,-602.386990214));
#68098=CARTESIAN_POINT('Control Point',(9481.522219459999,-2684.36887124,-602.248347823));
#68099=CARTESIAN_POINT('Control Point',(9482.358915340001,-2687.47001814,-607.067145805));
#68100=CARTESIAN_POINT('Control Point',(9482.3549234,-2687.61230293,-606.452866352));
#68101=CARTESIAN_POINT('Control Point',(9482.36173771,-2687.63404648,-605.810585381));
#68102=CARTESIAN_POINT('Control Point',(9482.37958176,-2687.52768659,-605.172114878));
#68103=CARTESIAN_POINT('Control Point',(9482.43538818,-2687.07034163,-603.972179041));
#68104=CARTESIAN_POINT('Control Point',(9482.52390446,-2686.19349873,-603.03653158));
#68105=CARTESIAN_POINT('Control Point',(9482.574482370001,-2685.66733338,-602.662543192));
#68106=CARTESIAN_POINT('Control Point',(9482.62863212,-2685.08200891,-602.402721829));
#68107=CARTESIAN_POINT('Control Point',(9482.683506969999,-2684.46933827,-602.264072704));
#68108=B_SPLINE_CURVE_WITH_KNOTS('',5,(#68109,#68110,#68111,#68112,#68113,#68114),.UNSPECIFIED.,.F.,.U.,(6,6),(0.,16.518680095),.UNSPECIFIED.);
#68109=CARTESIAN_POINT('Control Point',(9482.30970152,-2687.46576315,-607.0664695));
#68110=CARTESIAN_POINT('Control Point',(9482.31632032,-2687.75157857,-605.838168802));
#68111=CARTESIAN_POINT('Control Point',(9482.36639227,-2687.55689583,-604.4970401529999));
#68112=CARTESIAN_POINT('Control Point',(9482.459395899999,-2686.81144123,-603.302186713));
#68113=CARTESIAN_POINT('Control Point',(9482.572927159999,-2685.69460689,-602.541359845));
#68114=CARTESIAN_POINT('Control Point',(9482.68350689,-2684.46933925,-602.2640729239999));
#68115=CARTESIAN_POINT('Vertex',(9482.30969099,-2687.46576388,-607.066469242));
#68116=VERTEX_POINT('',#68115);
#68117=EDGE_CURVE('',#68116,#67148,#68108,.T.);
#68118=B_SPLINE_CURVE_WITH_KNOTS('',5,(#68119,#68120,#68121,#68122,#68123,#68124,#68125,#68126,#68127,#68128,#68129,#68130,#68131,#68132,#68133,#68134,#68135,#68136,#68137,#68138,#68139,#68140,#68141,#68142,#68143,#68144,#68145),.UNSPECIFIED.,.F.,.U.,(6,3,3,3,3,3,3,3,6),(56.4483542873,76.3539929365,81.5530116216,91.5690450817,98.0589560307,102.981486649,108.074023815,118.244468818,126.170483794),.UNSPECIFIED.);
#68119=CARTESIAN_POINT('Control Point',(9432.44020295,-2683.11572166,-606.359412489));
#68120=CARTESIAN_POINT('Control Point',(9435.251698350001,-2683.36326878,-606.399843322));
#68121=CARTESIAN_POINT('Control Point',(9438.0629799,-2683.61046777,-606.4402195489999));
#68122=CARTESIAN_POINT('Control Point',(9440.874083750001,-2683.85732225,-606.480537841));
#68123=CARTESIAN_POINT('Control Point',(9444.41927568,-2684.16822613,-606.531307971));
#68124=CARTESIAN_POINT('Control Point',(9447.9645294,-2684.47861536,-606.581969719));
#68125=CARTESIAN_POINT('Control Point',(9448.61899338,-2684.53589522,-606.5913181019999));
#68126=CARTESIAN_POINT('Control Point',(9450.784322519999,-2684.72534476,-606.622237048));
#68127=CARTESIAN_POINT('Control Point',(9452.98612467,-2684.91778487,-606.6536478199999));
#68128=CARTESIAN_POINT('Control Point',(9454.4680799,-2685.04721772,-606.6747805909999));
#68129=CARTESIAN_POINT('Control Point',(9456.901455560001,-2685.25958958,-606.709472606));
#68130=CARTESIAN_POINT('Control Point',(9459.338069609999,-2685.47198806,-606.7441993910001));
#68131=CARTESIAN_POINT('Control Point',(9460.294474599999,-2685.55531765,-606.7578285020001));
#68132=CARTESIAN_POINT('Control Point',(9461.96928394,-2685.70117129,-606.781691592));
#68133=CARTESIAN_POINT('Control Point',(9463.62719073,-2685.84543553,-606.805300999));
#68134=CARTESIAN_POINT('Control Point',(9464.33858023,-2685.90731623,-606.815428172));
#68135=CARTESIAN_POINT('Control Point',(9465.777295239999,-2686.03242172,-606.835899311));
#68136=CARTESIAN_POINT('Control Point',(9467.200656810001,-2686.15611038,-606.856120155));
#68137=CARTESIAN_POINT('Control Point',(9467.80028256,-2686.20820138,-606.864630835));
#68138=CARTESIAN_POINT('Control Point',(9469.95608507,-2686.39542965,-606.895180374));
#68139=CARTESIAN_POINT('Control Point',(9472.111965460001,-2686.58250179,-606.925555379));
#68140=CARTESIAN_POINT('Control Point',(9473.548594329999,-2686.70709376,-606.945702037));
#68141=CARTESIAN_POINT('Control Point',(9476.10491348,-2686.92868991,-606.981292217));
#68142=CARTESIAN_POINT('Control Point',(9478.661190880001,-2687.15008881,-607.016479418));
#68143=CARTESIAN_POINT('Control Point',(9479.94523958,-2687.26124786,-607.034070476));
#68144=CARTESIAN_POINT('Control Point',(9481.15636958,-2687.36604337,-607.050631316));
#68145=CARTESIAN_POINT('Control Point',(9482.30969113,-2687.46576216,-607.066469761));
#68146=CARTESIAN_POINT('Vertex',(9432.44020293,-2683.11572167,-606.359412439));
#68147=VERTEX_POINT('',#68146);
#68148=EDGE_CURVE('',#68147,#68116,#68118,.T.);
#68149=B_SPLINE_CURVE_WITH_KNOTS('',5,(#68150,#68151,#68152,#68153,#68154,#68155),.UNSPECIFIED.,.F.,.U.,(6,6),(0.,16.5040811757),.UNSPECIFIED.);
#68150=CARTESIAN_POINT('Control Point',(9432.44020293,-2683.11572167,-606.35941244));
#68151=CARTESIAN_POINT('Control Point',(9432.44677914,-2683.39799376,-605.132363503));
#68152=CARTESIAN_POINT('Control Point',(9432.497496309999,-2683.20108682,-603.794083326));
#68153=CARTESIAN_POINT('Control Point',(9432.59185167,-2682.45572176,-602.602564701));
#68154=CARTESIAN_POINT('Control Point',(9432.707196449999,-2681.34071423,-601.843765774));
#68155=CARTESIAN_POINT('Control Point',(9432.819713729999,-2680.117588,-601.566955833));
#68156=EDGE_CURVE('',#68147,#67179,#68149,.T.);
#68157=EDGE_LOOP('',(#68158,#68159,#68160,#68161));
#68158=ORIENTED_EDGE('',*,*,#68117,.F.);
#68159=ORIENTED_EDGE('',*,*,#68148,.F.);
#68160=ORIENTED_EDGE('',*,*,#68156,.T.);
#68161=ORIENTED_EDGE('',*,*,#67180,.T.);
#68162=FACE_OUTER_BOUND('',#68157,.T.);
#68163=ADVANCED_FACE('PartBody',(#68162),#67837,.F.);
#68164=B_SPLINE_SURFACE_WITH_KNOTS('',3,5,((#68165,#68166,#68167,#68168,#68169,#68170,#68171,#68172,#68173),(#68174,#68175,#68176,#68177,#68178,#68179,#68180,#68181,#68182),(#68183,#68184,#68185,#68186,#68187,#68188,#68189,#68190,#68191),(#68192,#68193,#68194,#68195,#68196,#68197,#68198,#68199,#68200)),.UNSPECIFIED.,.F.,.F.,.U.,(4,4),(6,3,6),(109.561467812,233.755234572),(0.,3.9,7.8),.UNSPECIFIED.);
#68165=CARTESIAN_POINT('Control Point',(9415.47211457,-2630.75181403,-586.624610573));
#68166=CARTESIAN_POINT('Control Point',(9414.25130132,-2630.75030124,-586.631310729));
#68167=CARTESIAN_POINT('Control Point',(9413.03181271,-2630.69619605,-586.870942172));
#68168=CARTESIAN_POINT('Control Point',(9411.876057519999,-2630.58949785,-587.3435076010001));
#68169=CARTESIAN_POINT('Control Point',(9409.81574267,-2630.28234813,-588.703871228));
#68170=CARTESIAN_POINT('Control Point',(9408.43274925,-2629.82686143,-590.721218122));
#68171=CARTESIAN_POINT('Control Point',(9407.95479845,-2629.57172049,-591.851235276));
#68172=CARTESIAN_POINT('Control Point',(9407.716,-2629.30283896,-593.042109373));
#68173=CARTESIAN_POINT('Control Point',(9407.716,-2629.0339616,-594.232965002));
#68174=CARTESIAN_POINT('Control Point',(9415.472064920001,-2602.19817152,-580.177626217));
#68175=CARTESIAN_POINT('Control Point',(9414.25125668,-2602.19665702,-580.184333925));
#68176=CARTESIAN_POINT('Control Point',(9413.031774589999,-2602.14255056,-580.423971019));
#68177=CARTESIAN_POINT('Control Point',(9411.876026669999,-2602.0358516,-580.896539805));
#68178=CARTESIAN_POINT('Control Point',(9409.81572601,-2601.72870138,-582.256905629));
#68179=CARTESIAN_POINT('Control Point',(9408.43274341,-2601.27321585,-584.274247276));
#68180=CARTESIAN_POINT('Control Point',(9407.954796509999,-2601.01807583,-585.4042603300001));
#68181=CARTESIAN_POINT('Control Point',(9407.716,-2600.7491954,-586.595129583));
#68182=CARTESIAN_POINT('Control Point',(9407.716,-2600.48031913,-587.785980367));
#68183=CARTESIAN_POINT('Control Point',(9415.47201514,-2573.64453001,-573.730641939));
#68184=CARTESIAN_POINT('Control Point',(9414.25121192,-2573.6430138,-573.73735722));
#68185=CARTESIAN_POINT('Control Point',(9413.031736360001,-2573.58890605,-573.97699998));
#68186=CARTESIAN_POINT('Control Point',(9411.875995730001,-2573.48220634,-574.449572131));
#68187=CARTESIAN_POINT('Control Point',(9409.815709300001,-2573.17505561,-575.809940159));
#68188=CARTESIAN_POINT('Control Point',(9408.432737560001,-2572.71957127,-577.827276545));
#68189=CARTESIAN_POINT('Control Point',(9407.954794560001,-2572.46443217,-578.957285487));
#68190=CARTESIAN_POINT('Control Point',(9407.716,-2572.19555283,-580.148149882));
#68191=CARTESIAN_POINT('Control Point',(9407.716,-2571.92667765,-581.33899581));
#68192=CARTESIAN_POINT('Control Point',(9415.47196522,-2545.0908895,-567.283657741));
#68193=CARTESIAN_POINT('Control Point',(9414.25116704,-2545.08937158,-567.290380615));
#68194=CARTESIAN_POINT('Control Point',(9413.031698029999,-2545.03526255,-567.530029056));
#68195=CARTESIAN_POINT('Control Point',(9411.875964700001,-2544.92856207,-568.002604582));
#68196=CARTESIAN_POINT('Control Point',(9409.815692550001,-2544.62141084,-569.362974819));
#68197=CARTESIAN_POINT('Control Point',(9408.432731700001,-2544.16592768,-571.380305929));
#68198=CARTESIAN_POINT('Control Point',(9407.95479261,-2543.91078951,-572.510310749));
#68199=CARTESIAN_POINT('Control Point',(9407.716,-2543.64191126,-573.701170273));
#68200=CARTESIAN_POINT('Control Point',(9407.716,-2543.37303718,-574.892011331));
#68201=B_SPLINE_CURVE_WITH_KNOTS('',5,(#68202,#68203,#68204,#68205,#68206,#68207),.UNSPECIFIED.,.F.,.U.,(6,6),(109.628584738,233.755234572),.UNSPECIFIED.);
#68202=CARTESIAN_POINT('Control Point',(9415.47211449,-2630.70552106,-586.6141583150001));
#68203=CARTESIAN_POINT('Control Point',(9415.472084720001,-2613.58259415,-582.748058153));
#68204=CARTESIAN_POINT('Control Point',(9415.472054899999,-2596.45966754,-578.881958015));
#68205=CARTESIAN_POINT('Control Point',(9415.47202505,-2579.33674122,-575.0158579));
#68206=CARTESIAN_POINT('Control Point',(9415.47199516,-2562.21381521,-571.149757808));
#68207=CARTESIAN_POINT('Control Point',(9415.47196522,-2545.0908895,-567.283657741));
#68208=EDGE_CURVE('',#67417,#67752,#68201,.T.);
#68209=EDGE_LOOP('',(#68210,#68211,#68212,#68213));
#68210=ORIENTED_EDGE('',*,*,#67641,.F.);
#68211=ORIENTED_EDGE('',*,*,#67470,.F.);
#68212=ORIENTED_EDGE('',*,*,#68208,.T.);
#68213=ORIENTED_EDGE('',*,*,#67753,.T.);
#68214=FACE_OUTER_BOUND('',#68209,.T.);
#68215=ADVANCED_FACE('PartBody',(#68214),#68164,.T.);
#68216=B_SPLINE_SURFACE_WITH_KNOTS('',5,1,((#68217,#68218),(#68219,#68220),(#68221,#68222),(#68223,#68224),(#68225,#68226),(#68227,#68228),(#68229,#68230),(#68231,#68232),(#68233,#68234),(#68235,#68236),(#68237,#68238),(#68239,#68240),(#68241,#68242),(#68243,#68244),(#68245,#68246),(#68247,#68248),(#68249,#68250),(#68251,#68252)),.UNSPECIFIED.,.F.,.F.,.U.,(6,3,3,3,3,6),(2,2),(0.,11.3321854992,19.9943688402,33.8520580744,54.9363225847,153.799124358),(-95.,95.),.UNSPECIFIED.);
#68217=CARTESIAN_POINT('Control Point',(9501.25799267,-2694.58554164,-600.548901171));
#68218=CARTESIAN_POINT('Control Point',(9500.6593108,-2509.24704017,-558.724489002));
#68219=CARTESIAN_POINT('Control Point',(9498.993021009999,-2694.38980325,-600.520153814));
#68220=CARTESIAN_POINT('Control Point',(9498.408698540001,-2509.05300137,-558.688004657));
#68221=CARTESIAN_POINT('Control Point',(9496.728059700001,-2694.19414068,-600.49009514));
#68222=CARTESIAN_POINT('Control Point',(9496.158301580001,-2508.85827252,-558.653608186));
#68223=CARTESIAN_POINT('Control Point',(9496.217879190001,-2694.14995067,-600.4836801819999));
#68224=CARTESIAN_POINT('Control Point',(9495.651100249999,-2508.81548297,-558.640947065));
#68225=CARTESIAN_POINT('Control Point',(9492.221388329999,-2693.80519598,-600.4261122090001));
#68226=CARTESIAN_POINT('Control Point',(9491.679803430001,-2508.47502151,-558.5640339940001));
#68227=CARTESIAN_POINT('Control Point',(9488.22495075,-2693.46007701,-600.367066358));
#68228=CARTESIAN_POINT('Control Point',(9487.709755919999,-2508.12836595,-558.5114617850001));
#68229=CARTESIAN_POINT('Control Point',(9486.493247300001,-2693.31023374,-600.342202757));
#68230=CARTESIAN_POINT('Control Point',(9485.989693420001,-2507.97664972,-558.494749996));
#68231=CARTESIAN_POINT('Control Point',(9481.991969389999,-2692.9199013,-600.27972831));
#68232=CARTESIAN_POINT('Control Point',(9481.51819103,-2507.5834205,-558.444754335));
#68233=CARTESIAN_POINT('Control Point',(9477.490781070001,-2692.52820597,-600.219333225));
#68234=CARTESIAN_POINT('Control Point',(9477.045979279999,-2507.19224662,-558.381733615));
#68235=CARTESIAN_POINT('Control Point',(9474.721274150001,-2692.28707866,-600.1812446709999));
#68236=CARTESIAN_POINT('Control Point',(9474.294224540001,-2506.95188244,-558.34007882));
#68237=CARTESIAN_POINT('Control Point',(9467.73769987,-2691.67845724,-600.084094585));
#68238=CARTESIAN_POINT('Control Point',(9467.355535479999,-2506.34426672,-558.238030678));
#68239=CARTESIAN_POINT('Control Point',(9460.754298710001,-2691.0681623,-599.984988077));
#68240=CARTESIAN_POINT('Control Point',(9460.417037519999,-2505.73404472,-558.138217206));
#68241=CARTESIAN_POINT('Control Point',(9455.457169949999,-2690.60408377,-599.910139597));
#68242=CARTESIAN_POINT('Control Point',(9455.15394201,-2505.26947277,-558.0652936389999));
#68243=CARTESIAN_POINT('Control Point',(9431.486275720001,-2688.49922308,-599.571134748));
#68244=CARTESIAN_POINT('Control Point',(9431.33640597,-2503.16463884,-557.72513512));
#68245=CARTESIAN_POINT('Control Point',(9407.51756634,-2686.37076106,-599.22708999));
#68246=CARTESIAN_POINT('Control Point',(9407.519349259999,-2501.03597508,-557.381648478));
#68247=CARTESIAN_POINT('Control Point',(9387.667153840001,-2684.59131951,-598.941469298));
#68248=CARTESIAN_POINT('Control Point',(9387.793591150001,-2499.25651918,-557.096298785));
#68249=CARTESIAN_POINT('Control Point',(9367.91609302,-2682.8049007,-598.653907589));
#68250=CARTESIAN_POINT('Control Point',(9368.166020189999,-2497.47026494,-556.8086513));
#68251=CARTESIAN_POINT('Control Point',(9348.16650107,-2681.00258921,-598.364124576));
#68252=CARTESIAN_POINT('Control Point',(9348.539554679999,-2495.66815588,-556.519069285));
#68253=B_SPLINE_CURVE_WITH_KNOTS('',5,(#68254,#68255,#68256,#68257,#68258,#68259,#68260,#68261,#68262,#68263,#68264,#68265,#68266,#68267,#68268,#68269,#68270,#68271,#68272,#68273,#68274,#68275,#68276,#68277,#68278,#68279,#68280),.UNSPECIFIED.,.F.,.U.,(6,3,3,3,3,3,3,3,6),(56.5149885985,76.3539929365,81.5530116216,91.5690450817,98.0589560307,102.981486649,108.074023815,118.244468818,126.238205501),.UNSPECIFIED.);
#68254=CARTESIAN_POINT('Control Point',(9432.79855566,-2680.95450237,-597.860323049));
#68255=CARTESIAN_POINT('Control Point',(9435.600310899999,-2681.20131367,-597.90005762));
#68256=CARTESIAN_POINT('Control Point',(9438.401847270001,-2681.44777868,-597.939738264));
#68257=CARTESIAN_POINT('Control Point',(9441.203198790001,-2681.69390085,-597.979361648));
#68258=CARTESIAN_POINT('Control Point',(9444.738536160001,-2682.00409864,-598.029290929));
#68259=CARTESIAN_POINT('Control Point',(9448.273913630001,-2682.31378305,-598.079112789));
#68260=CARTESIAN_POINT('Control Point',(9448.928297840001,-2682.3710851,-598.088330625));
#68261=CARTESIAN_POINT('Control Point',(9451.093368809999,-2682.56060999,-598.11881812));
#68262=CARTESIAN_POINT('Control Point',(9453.294940919999,-2682.75313222,-598.149791446));
#68263=CARTESIAN_POINT('Control Point',(9454.77675497,-2682.88262313,-598.17063043));
#68264=CARTESIAN_POINT('Control Point',(9457.209912849999,-2683.09509182,-598.2048404449999));
#68265=CARTESIAN_POINT('Control Point',(9459.64631441,-2683.30758488,-598.239084249));
#68266=CARTESIAN_POINT('Control Point',(9460.60263447,-2683.39095069,-598.252523621));
#68267=CARTESIAN_POINT('Control Point',(9462.277287139999,-2683.53686514,-598.276053968));
#68268=CARTESIAN_POINT('Control Point',(9463.93500428,-2683.68118329,-598.299332875));
#68269=CARTESIAN_POINT('Control Point',(9464.646302839999,-2683.74308568,-598.309317986));
#68270=CARTESIAN_POINT('Control Point',(9466.0848059,-2683.8682317,-598.329501265));
#68271=CARTESIAN_POINT('Control Point',(9467.507877640001,-2683.99195309,-598.3494362180001));
#68272=CARTESIAN_POINT('Control Point',(9468.10736559,-2684.04405612,-598.357826174));
#68273=CARTESIAN_POINT('Control Point',(9470.26252823,-2684.23132328,-598.387941629));
#68274=CARTESIAN_POINT('Control Point',(9472.41764557,-2684.41841636,-598.417879577));
#68275=CARTESIAN_POINT('Control Point',(9473.853635519999,-2684.54301026,-598.437733216));
#68276=CARTESIAN_POINT('Control Point',(9476.41821469,-2684.76543372,-598.472933548));
#68277=CARTESIAN_POINT('Control Point',(9478.982941640001,-2684.98769759,-598.507736435));
#68278=CARTESIAN_POINT('Control Point',(9480.280325580001,-2685.10009897,-598.525259743));
#68279=CARTESIAN_POINT('Control Point',(9481.499764480001,-2685.20568089,-598.541697728));
#68280=CARTESIAN_POINT('Control Point',(9482.661301960001,-2685.30617522,-598.557428127));
#68281=CARTESIAN_POINT('Vertex',(9482.661301960001,-2685.30617522,-598.557428127));
#68282=VERTEX_POINT('',#68281);
#68283=EDGE_CURVE('',#67260,#68282,#68253,.T.);
#68284=B_SPLINE_CURVE_WITH_KNOTS('',3,(#68285,#68286,#68287,#68288),.UNSPECIFIED.,.F.,.U.,(4,4),(0.,1.4178493967),.UNSPECIFIED.);
#68285=CARTESIAN_POINT('Control Point',(9482.66130199,-2685.30617488,-598.557428049));
#68286=CARTESIAN_POINT('Control Point',(9482.69039761,-2684.98278646,-598.48424359));
#68287=CARTESIAN_POINT('Control Point',(9482.719493250001,-2684.65939797,-598.411058969));
#68288=CARTESIAN_POINT('Control Point',(9482.74858885,-2684.33600974,-598.3378742580001));
#68289=EDGE_CURVE('',#68282,#67072,#68284,.T.);
#68290=EDGE_LOOP('',(#68291,#68292,#68293,#68294,#68295,#68296,#68297,#68298,#68299,#68300,#68301,#68302));
#68291=ORIENTED_EDGE('',*,*,#68208,.F.);
#68292=ORIENTED_EDGE('',*,*,#67418,.T.);
#68293=ORIENTED_EDGE('',*,*,#67384,.T.);
#68294=ORIENTED_EDGE('',*,*,#67332,.T.);
#68295=ORIENTED_EDGE('',*,*,#67300,.T.);
#68296=ORIENTED_EDGE('',*,*,#67268,.F.);
#68297=ORIENTED_EDGE('',*,*,#68283,.T.);
#68298=ORIENTED_EDGE('',*,*,#68289,.T.);
#68299=ORIENTED_EDGE('',*,*,#67073,.T.);
#68300=ORIENTED_EDGE('',*,*,#67025,.T.);
#68301=ORIENTED_EDGE('',*,*,#66819,.T.);
#68302=ORIENTED_EDGE('',*,*,#67829,.F.);
#68303=FACE_OUTER_BOUND('',#68290,.T.);
#68304=ADVANCED_FACE('PartBody',(#68303),#68216,.F.);
#68305=B_SPLINE_SURFACE_WITH_KNOTS('',5,1,((#68306,#68307),(#68308,#68309),(#68310,#68311),(#68312,#68313),(#68314,#68315),(#68316,#68317)),.UNSPECIFIED.,.F.,.F.,.U.,(6,6),(2,2),(0.,0.998520878263),(-2.08048318084E-007,3.8),.UNSPECIFIED.);
#68306=CARTESIAN_POINT('Control Point',(9482.66130202,-2685.30617453,-598.55742797));
#68307=CARTESIAN_POINT('Control Point',(9482.683506879999,-2684.46933929,-602.264072721));
#68308=CARTESIAN_POINT('Control Point',(9482.678759390001,-2685.11214156,-598.513517271));
#68309=CARTESIAN_POINT('Control Point',(9482.70096572,-2684.27530588,-602.220161913));
#68310=CARTESIAN_POINT('Control Point',(9482.69621676,-2684.91810861,-598.469606531));
#68311=CARTESIAN_POINT('Control Point',(9482.718424619999,-2684.08127248,-602.176251062));
#68312=CARTESIAN_POINT('Control Point',(9482.713674119999,-2684.72407566,-598.425695748));
#68313=CARTESIAN_POINT('Control Point',(9482.73588357,-2683.88723908,-602.132340168));
#68314=CARTESIAN_POINT('Control Point',(9482.73113149,-2684.53004272,-598.3817849230001));
#68315=CARTESIAN_POINT('Control Point',(9482.75334257,-2683.69320568,-602.08842923));
#68316=CARTESIAN_POINT('Control Point',(9482.74858885,-2684.33600979,-598.337874055));
#68317=CARTESIAN_POINT('Control Point',(9482.770801619999,-2683.49917229,-602.044518247));
#68318=B_SPLINE_CURVE_WITH_KNOTS('',1,(#68319,#68320),.UNSPECIFIED.,.F.,.U.,(2,2),(-2.08048301839E-007,3.79999979195),.UNSPECIFIED.);
#68319=CARTESIAN_POINT('Control Point',(9482.66130202,-2685.30617453,-598.55742797));
#68320=CARTESIAN_POINT('Control Point',(9482.683506879999,-2684.46933934,-602.264072518));
#68321=EDGE_CURVE('',#68282,#67148,#68318,.T.);
#68322=EDGE_LOOP('',(#68323,#68324,#68325,#68326));
#68323=ORIENTED_EDGE('',*,*,#67149,.T.);
#68324=ORIENTED_EDGE('',*,*,#67077,.F.);
#68325=ORIENTED_EDGE('',*,*,#68289,.F.);
#68326=ORIENTED_EDGE('',*,*,#68321,.T.);
#68327=FACE_OUTER_BOUND('',#68322,.T.);
#68328=ADVANCED_FACE('PartBody',(#68327),#68305,.F.);
#68329=B_SPLINE_SURFACE_WITH_KNOTS('',5,1,((#68330,#68331),(#68332,#68333),(#68334,#68335),(#68336,#68337),(#68338,#68339),(#68340,#68341),(#68342,#68343),(#68344,#68345),(#68346,#68347),(#68348,#68349),(#68350,#68351),(#68352,#68353),(#68354,#68355),(#68356,#68357),(#68358,#68359)),.UNSPECIFIED.,.F.,.F.,.U.,(6,3,3,3,6),(2,2),(0.,4.36829165347,8.73658330694,13.1048749604,14.5609721782),(-3.80000073611,2.08048301809E-007),.UNSPECIFIED.);
#68330=CARTESIAN_POINT('Control Point',(9482.30970152,-2687.46576316,-607.066469467));
#68331=CARTESIAN_POINT('Control Point',(9481.979119600001,-2691.15324631,-607.922735287));
#68332=CARTESIAN_POINT('Control Point',(9482.31168716,-2687.55150776,-606.697979625));
#68333=CARTESIAN_POINT('Control Point',(9481.978829629999,-2691.32008823,-607.204123575));
#68334=CARTESIAN_POINT('Control Point',(9482.317595590001,-2687.59385391,-606.319412251));
#68335=CARTESIAN_POINT('Control Point',(9481.986159079999,-2691.40230059,-606.4658602649999));
#68336=CARTESIAN_POINT('Control Point',(9482.327392380001,-2687.59119427,-605.937565096));
#68337=CARTESIAN_POINT('Control Point',(9482.00111757,-2691.39675566,-605.721202013));
#68338=CARTESIAN_POINT('Control Point',(9482.35438431,-2687.49596382,-605.182072328));
#68339=CARTESIAN_POINT('Control Point',(9482.04571479,-2691.21036093,-604.247881947));
#68340=CARTESIAN_POINT('Control Point',(9482.394918329999,-2687.22772143,-604.47006357));
#68341=CARTESIAN_POINT('Control Point',(9482.11750746,-2690.68666105,-602.859366389));
#68342=CARTESIAN_POINT('Control Point',(9482.418260640001,-2687.05200481,-604.131715815));
#68343=CARTESIAN_POINT('Control Point',(9482.15966834,-2690.34372317,-602.1995426559999));
#68344=CARTESIAN_POINT('Control Point',(9482.470196349999,-2686.62415074,-603.503384234));
#68345=CARTESIAN_POINT('Control Point',(9482.25489427,-2689.50888424,-600.974213871));
#68346=CARTESIAN_POINT('Control Point',(9482.53055236,-2686.06184367,-602.99279342));
#68347=CARTESIAN_POINT('Control Point',(9482.368063530001,-2688.41199373,-599.978500261));
#68348=CARTESIAN_POINT('Control Point',(9482.56231781,-2685.75163431,-602.772208915));
#68349=CARTESIAN_POINT('Control Point',(9482.428173550001,-2687.80692678,-599.54833555));
#68350=CARTESIAN_POINT('Control Point',(9482.605971950001,-2685.30725173,-602.530053417));
#68351=CARTESIAN_POINT('Control Point',(9482.511475920001,-2686.94022281,-599.076107513));
#68352=CARTESIAN_POINT('Control Point',(9482.65026989,-2684.83337236,-602.361745137));
#68353=CARTESIAN_POINT('Control Point',(9482.59688951,-2686.01607409,-598.74789317));
#68354=CARTESIAN_POINT('Control Point',(9482.66136271,-2684.71329027,-602.324377121));
#68355=CARTESIAN_POINT('Control Point',(9482.618332739999,-2685.78189771,-598.675022973));
#68356=CARTESIAN_POINT('Control Point',(9482.67244905,-2684.59186442,-602.291801806));
#68357=CARTESIAN_POINT('Control Point',(9482.63981784,-2685.54510573,-598.611499285));
#68358=CARTESIAN_POINT('Control Point',(9482.68350689,-2684.46933912,-602.264073482));
#68359=CARTESIAN_POINT('Control Point',(9482.66130202,-2685.30617453,-598.55742797));
#68360=B_SPLINE_CURVE_WITH_KNOTS('',5,(#68361,#68362,#68363,#68364,#68365,#68366),.UNSPECIFIED.,.F.,.U.,(6,6),(0.,16.5186806509),.UNSPECIFIED.);
#68361=CARTESIAN_POINT('Control Point',(9481.979119690001,-2691.15324535,-607.922735065));
#68362=CARTESIAN_POINT('Control Point',(9481.978153100001,-2691.70938569,-605.527360693));
#68363=CARTESIAN_POINT('Control Point',(9482.061610430001,-2691.32840745,-602.911674863));
#68364=CARTESIAN_POINT('Control Point',(9482.23129774,-2689.87400561,-600.58208837));
#68365=CARTESIAN_POINT('Control Point',(9482.446457669999,-2687.69551466,-599.098148025));
#68366=CARTESIAN_POINT('Control Point',(9482.661302029999,-2685.30617444,-598.557428376));
#68367=CARTESIAN_POINT('Vertex',(9481.97911955,-2691.15324696,-607.922734981));
#68368=VERTEX_POINT('',#68367);
#68369=EDGE_CURVE('',#68368,#68282,#68360,.T.);
#68370=B_SPLINE_CURVE_WITH_KNOTS('',1,(#68371,#68372),.UNSPECIFIED.,.F.,.U.,(2,2),(-3.80000073611,-7.80063517403E-007),.UNSPECIFIED.);
#68371=CARTESIAN_POINT('Control Point',(9482.30970152,-2687.46576316,-607.066469467));
#68372=CARTESIAN_POINT('Control Point',(9481.979119690001,-2691.15324535,-607.922735065));
#68373=EDGE_CURVE('',#68116,#68368,#68370,.T.);
#68374=EDGE_LOOP('',(#68375,#68376,#68377,#68378));
#68375=ORIENTED_EDGE('',*,*,#68117,.T.);
#68376=ORIENTED_EDGE('',*,*,#68321,.F.);
#68377=ORIENTED_EDGE('',*,*,#68369,.F.);
#68378=ORIENTED_EDGE('',*,*,#68373,.F.);
#68379=FACE_OUTER_BOUND('',#68374,.T.);
#68380=ADVANCED_FACE('PartBody',(#68379),#68329,.T.);
#68381=B_SPLINE_SURFACE_WITH_KNOTS('',5,1,((#68382,#68383),(#68384,#68385),(#68386,#68387),(#68388,#68389),(#68390,#68391),(#68392,#68393)),.UNSPECIFIED.,.F.,.F.,.U.,(6,6),(2,2),(0.,18.1199609187),(-3.80000073611,7.8006396462E-007),.UNSPECIFIED.);
#68382=CARTESIAN_POINT('Control Point',(9482.30970152,-2687.4657632,-607.0664694770001));
#68383=CARTESIAN_POINT('Control Point',(9481.97911955,-2691.15324686,-607.922735416));
#68384=CARTESIAN_POINT('Control Point',(9482.30999265,-2687.0134866,-609.0142983));
#68385=CARTESIAN_POINT('Control Point',(9481.979803390001,-2690.70048761,-609.872794383));
#68386=CARTESIAN_POINT('Control Point',(9482.31028322,-2686.55961243,-610.962346538));
#68387=CARTESIAN_POINT('Control Point',(9481.980487270001,-2690.24612883,-611.823073602));
#68388=CARTESIAN_POINT('Control Point',(9482.310573209999,-2686.10413823,-612.910614982));
#68389=CARTESIAN_POINT('Control Point',(9481.98117116,-2689.79016805,-613.77357387));
#68390=CARTESIAN_POINT('Control Point',(9482.31086263,-2685.64706121,-614.85910573));
#68391=CARTESIAN_POINT('Control Point',(9481.98185507,-2689.33260248,-615.724297292));
#68392=CARTESIAN_POINT('Control Point',(9482.31115145,-2685.18837857,-616.80782075));
#68393=CARTESIAN_POINT('Control Point',(9481.98253899,-2688.87342933,-617.675245841));
#68394=B_SPLINE_CURVE_WITH_KNOTS('',3,(#68395,#68396,#68397,#68398),.UNSPECIFIED.,.F.,.U.,(4,4),(0.,20.1111213864),.UNSPECIFIED.);
#68395=CARTESIAN_POINT('Control Point',(9482.31115139,-2685.18837928,-616.8078209179999));
#68396=CARTESIAN_POINT('Control Point',(9482.31066997,-2685.95288886,-613.55980006));
#68397=CARTESIAN_POINT('Control Point',(9482.3101866,-2686.71200797,-610.31268799));
#68398=CARTESIAN_POINT('Control Point',(9482.309701390001,-2687.46576468,-607.066469819));
#68399=CARTESIAN_POINT('Vertex',(9482.31115139,-2685.18837928,-616.8078209179999));
#68400=VERTEX_POINT('',#68399);
#68401=EDGE_CURVE('',#68400,#68116,#68394,.T.);
#68402=B_SPLINE_CURVE_WITH_KNOTS('',3,(#68403,#68404,#68405,#68406),.UNSPECIFIED.,.F.,.U.,(4,4),(0.,20.1111212824),.UNSPECIFIED.);
#68403=CARTESIAN_POINT('Control Point',(9481.98253906,-2688.87342857,-617.6752456630001));
#68404=CARTESIAN_POINT('Control Point',(9481.981399120001,-2689.63875572,-614.423502071));
#68405=CARTESIAN_POINT('Control Point',(9481.98025925,-2690.39868577,-611.172670304));
#68406=CARTESIAN_POINT('Control Point',(9481.97911955,-2691.15324686,-607.922735416));
#68407=CARTESIAN_POINT('Vertex',(9481.98253906,-2688.87342857,-617.6752456630001));
#68408=VERTEX_POINT('',#68407);
#68409=EDGE_CURVE('',#68408,#68368,#68402,.T.);
#68410=B_SPLINE_CURVE_WITH_KNOTS('',1,(#68411,#68412),.UNSPECIFIED.,.F.,.U.,(2,2),(-3.8,1.76064549444E-013),.UNSPECIFIED.);
#68411=CARTESIAN_POINT('Control Point',(9482.31115139,-2685.18837928,-616.8078209179999));
#68412=CARTESIAN_POINT('Control Point',(9481.98253906,-2688.87342857,-617.6752456630001));
#68413=EDGE_CURVE('',#68400,#68408,#68410,.T.);
#68414=EDGE_LOOP('',(#68415,#68416,#68417,#68418));
#68415=ORIENTED_EDGE('',*,*,#68401,.T.);
#68416=ORIENTED_EDGE('',*,*,#68373,.T.);
#68417=ORIENTED_EDGE('',*,*,#68409,.F.);
#68418=ORIENTED_EDGE('',*,*,#68413,.F.);
#68419=FACE_OUTER_BOUND('',#68414,.T.);
#68420=ADVANCED_FACE('PartBody',(#68419),#68381,.F.);
#68421=B_SPLINE_SURFACE_WITH_KNOTS('',5,1,((#68422,#68423),(#68424,#68425),(#68426,#68427),(#68428,#68429),(#68430,#68431),(#68432,#68433),(#68434,#68435),(#68436,#68437),(#68438,#68439),(#68440,#68441),(#68442,#68443),(#68444,#68445),(#68446,#68447),(#68448,#68449),(#68450,#68451),(#68452,#68453),(#68454,#68455),(#68456,#68457)),.UNSPECIFIED.,.F.,.F.,.U.,(6,3,3,3,3,6),(2,2),(0.,3.84614474745,7.69483335601,11.5409100451,15.3853453688,19.2314513776),(-3.8,1.76064549444E-013),.UNSPECIFIED.);
#68422=CARTESIAN_POINT('Control Point',(9469.43721242,-2681.1047601,-629.19358998));
#68423=CARTESIAN_POINT('Control Point',(9469.10948727,-2684.78705077,-630.072982774));
#68424=CARTESIAN_POINT('Control Point',(9470.20516424,-2681.17056338,-629.204245434));
#68425=CARTESIAN_POINT('Control Point',(9469.87753793,-2684.85282802,-630.083784042));
#68426=CARTESIAN_POINT('Control Point',(9470.970783700001,-2681.2494023,-629.159339739));
#68427=CARTESIAN_POINT('Control Point',(9470.64324465,-2684.93165519,-630.038960012));
#68428=CARTESIAN_POINT('Control Point',(9471.732150620001,-2681.34101944,-629.059284048));
#68429=CARTESIAN_POINT('Control Point',(9471.404687099999,-2685.02327483,-629.938921963));
#68430=CARTESIAN_POINT('Control Point',(9473.233185470001,-2681.54868113,-628.7487031970001));
#68431=CARTESIAN_POINT('Control Point',(9472.90584786,-2685.23097048,-629.628245841));
#68432=CARTESIAN_POINT('Control Point',(9474.67374434,-2681.80253745,-628.221835779));
#68433=CARTESIAN_POINT('Control Point',(9474.34648117,-2685.48491796,-629.101024402));
#68434=CARTESIAN_POINT('Control Point',(9475.37439583,-2681.94063016,-627.904226914));
#68435=CARTESIAN_POINT('Control Point',(9475.04715645,-2685.62307071,-628.783172935));
#68436=CARTESIAN_POINT('Control Point',(9476.72477941,-2682.23669047,-627.166454361));
#68437=CARTESIAN_POINT('Control Point',(9476.39756041,-2685.91927883,-628.044788621));
#68438=CARTESIAN_POINT('Control Point',(9477.96395628,-2682.57278944,-626.218409252));
#68439=CARTESIAN_POINT('Control Point',(9477.636701130001,-2686.25558254,-627.095871131));
#68440=CARTESIAN_POINT('Control Point',(9478.5495226,-2682.74970681,-625.694176074));
#68441=CARTESIAN_POINT('Control Point',(9478.222234929999,-2686.43261606,-626.57113824));
#68442=CARTESIAN_POINT('Control Point',(9479.64500866,-2683.12136617,-624.541742444));
#68443=CARTESIAN_POINT('Control Point',(9479.317625449999,-2686.80453634,-625.417572791));
#68444=CARTESIAN_POINT('Control Point',(9480.55400994,-2683.51871985,-623.209335491));
#68445=CARTESIAN_POINT('Control Point',(9480.22647139,-2687.20220182,-624.083795285));
#68446=CARTESIAN_POINT('Control Point',(9480.959713120001,-2683.7243647,-622.494840196));
#68447=CARTESIAN_POINT('Control Point',(9480.63208102,-2687.40801612,-623.368550893));
#68448=CARTESIAN_POINT('Control Point',(9481.64963774,-2684.14050136,-620.99818311));
#68449=CARTESIAN_POINT('Control Point',(9481.32178961,-2687.82451206,-621.870297055));
#68450=CARTESIAN_POINT('Control Point',(9482.08841124,-2684.56634144,-619.362267692));
#68451=CARTESIAN_POINT('Control Point',(9481.76028742,-2688.25075308,-620.232581973));
#68452=CARTESIAN_POINT('Control Point',(9482.23662577,-2684.77804283,-618.521522926));
#68453=CARTESIAN_POINT('Control Point',(9481.908350580001,-2688.4626625,-619.390899018));
#68454=CARTESIAN_POINT('Control Point',(9482.311279199999,-2684.98612967,-617.667079088));
#68455=CARTESIAN_POINT('Control Point',(9481.98284063,-2688.67096263,-618.535488669));
#68456=CARTESIAN_POINT('Control Point',(9482.31115139,-2685.18837928,-616.8078209179999));
#68457=CARTESIAN_POINT('Control Point',(9481.98253906,-2688.87342857,-617.6752456630001));
#68458=B_SPLINE_CURVE_WITH_KNOTS('',5,(#68459,#68460,#68461,#68462,#68463,#68464,#68465,#68466,#68467,#68468,#68469,#68470,#68471,#68472,#68473),.UNSPECIFIED.,.F.,.U.,(6,3,3,3,6),(0.,5.00739130699,12.4593723637,19.594867428,27.218237581),.UNSPECIFIED.);
#68459=CARTESIAN_POINT('Control Point',(9469.43721242,-2681.1047601,-629.19358998));
#68460=CARTESIAN_POINT('Control Point',(9470.144188759999,-2681.16533859,-629.203399389));
#68461=CARTESIAN_POINT('Control Point',(9470.849188419999,-2681.23696484,-629.166120496));
#68462=CARTESIAN_POINT('Control Point',(9471.55015807,-2681.31938526,-629.082088125));
#68463=CARTESIAN_POINT('Control Point',(9473.272511360001,-2681.55016751,-628.757138854));
#68464=CARTESIAN_POINT('Control Point',(9474.921075849999,-2681.84216025,-628.1480021789999));
#68465=CARTESIAN_POINT('Control Point',(9475.868565090001,-2682.03714108,-627.683955326));
#68466=CARTESIAN_POINT('Control Point',(9477.62933555,-2682.45632968,-626.58270921));
#68467=CARTESIAN_POINT('Control Point',(9479.155627489999,-2682.94202661,-625.11272051));
#68468=CARTESIAN_POINT('Control Point',(9479.833401989999,-2683.19361804,-624.308369995));
#68469=CARTESIAN_POINT('Control Point',(9481.062020539999,-2683.73706249,-622.480627468));
#68470=CARTESIAN_POINT('Control Point',(9481.872894870001,-2684.30978677,-620.366970047));
#68471=CARTESIAN_POINT('Control Point',(9482.164612230001,-2684.60998414,-619.206962403));
#68472=CARTESIAN_POINT('Control Point',(9482.311330529999,-2684.90491493,-618.012120205));
#68473=CARTESIAN_POINT('Control Point',(9482.31115139,-2685.18837928,-616.8078209179999));
#68474=CARTESIAN_POINT('Vertex',(9469.43721242,-2681.1047601,-629.19358998));
#68475=VERTEX_POINT('',#68474);
#68476=EDGE_CURVE('',#68475,#68400,#68458,.T.);
#68477=B_SPLINE_CURVE_WITH_KNOTS('',5,(#68478,#68479,#68480,#68481,#68482,#68483,#68484,#68485,#68486,#68487,#68488,#68489,#68490,#68491,#68492),.UNSPECIFIED.,.F.,.U.,(6,3,3,3,6),(0.,5.00448028622,12.452421769,19.5855224219,27.2182803242),.UNSPECIFIED.);
#68478=CARTESIAN_POINT('Control Point',(9469.10948727,-2684.78705077,-630.072982774));
#68479=CARTESIAN_POINT('Control Point',(9469.816143550001,-2684.84757009,-630.082920639));
#68480=CARTESIAN_POINT('Control Point',(9470.520815649999,-2684.91913642,-630.045770632));
#68481=CARTESIAN_POINT('Control Point',(9471.221453259999,-2685.00149658,-629.961866958));
#68482=CARTESIAN_POINT('Control Point',(9472.94303289,-2685.23213584,-629.637228555));
#68483=CARTESIAN_POINT('Control Point',(9474.59087629,-2685.52399748,-629.0283731440001));
#68484=CARTESIAN_POINT('Control Point',(9475.537979610001,-2685.71890766,-628.564479299));
#68485=CARTESIAN_POINT('Control Point',(9477.298282719999,-2686.13802128,-627.4633758149999));
#68486=CARTESIAN_POINT('Control Point',(9478.82435769,-2686.62370608,-625.993363094));
#68487=CARTESIAN_POINT('Control Point',(9479.50216724,-2686.8753373,-625.188862549));
#68488=CARTESIAN_POINT('Control Point',(9480.732017750001,-2687.41935752,-623.359168867));
#68489=CARTESIAN_POINT('Control Point',(9481.54388057,-2687.99284924,-621.242656846));
#68490=CARTESIAN_POINT('Control Point',(9481.83610556,-2688.29370587,-620.080057815));
#68491=CARTESIAN_POINT('Control Point',(9481.98296225,-2688.58931158,-618.88240998));
#68492=CARTESIAN_POINT('Control Point',(9481.98253906,-2688.87342857,-617.6752456630001));
#68493=CARTESIAN_POINT('Vertex',(9469.10948727,-2684.78705077,-630.072982774));
#68494=VERTEX_POINT('',#68493);
#68495=EDGE_CURVE('',#68494,#68408,#68477,.T.);
#68496=B_SPLINE_CURVE_WITH_KNOTS('',1,(#68497,#68498),.UNSPECIFIED.,.F.,.U.,(2,2),(-3.8,-7.04417367348E-014),.UNSPECIFIED.);
#68497=CARTESIAN_POINT('Control Point',(9469.43721242,-2681.1047601,-629.19358998));
#68498=CARTESIAN_POINT('Control Point',(9469.10948727,-2684.78705077,-630.072982774));
#68499=EDGE_CURVE('',#68475,#68494,#68496,.T.);
#68500=EDGE_LOOP('',(#68501,#68502,#68503,#68504));
#68501=ORIENTED_EDGE('',*,*,#68476,.T.);
#68502=ORIENTED_EDGE('',*,*,#68413,.T.);
#68503=ORIENTED_EDGE('',*,*,#68495,.F.);
#68504=ORIENTED_EDGE('',*,*,#68499,.F.);
#68505=FACE_OUTER_BOUND('',#68500,.T.);
#68506=ADVANCED_FACE('PartBody',(#68505),#68421,.T.);
#68507=B_SPLINE_SURFACE_WITH_KNOTS('',5,1,((#68508,#68509),(#68510,#68511),(#68512,#68513),(#68514,#68515),(#68516,#68517),(#68518,#68519)),.UNSPECIFIED.,.F.,.F.,.U.,(6,6),(2,2),(0.,41.2897866357),(-3.8,0.),.UNSPECIFIED.);
#68508=CARTESIAN_POINT('Control Point',(9469.43721242,-2681.1047601,-629.19358998));
#68509=CARTESIAN_POINT('Control Point',(9469.10948727,-2684.78705077,-630.072982774));
#68510=CARTESIAN_POINT('Control Point',(9464.66351072,-2680.69571723,-629.127354109));
#68511=CARTESIAN_POINT('Control Point',(9464.33517117,-2684.37816968,-630.005840504));
#68512=CARTESIAN_POINT('Control Point',(9459.855505130001,-2680.28299553,-629.059578268));
#68513=CARTESIAN_POINT('Control Point',(9459.52654837,-2683.96561111,-629.93714978));
#68514=CARTESIAN_POINT('Control Point',(9454.96703616,-2679.86210914,-628.991516505));
#68515=CARTESIAN_POINT('Control Point',(9454.63745384,-2683.5448903,-629.868157959));
#68516=CARTESIAN_POINT('Control Point',(9450.21808307,-2679.45234431,-628.925073842));
#68517=CARTESIAN_POINT('Control Point',(9449.88789457,-2683.13528633,-629.800810605));
#68518=CARTESIAN_POINT('Control Point',(9445.46168396,-2679.04101059,-628.85831273));
#68519=CARTESIAN_POINT('Control Point',(9445.13088979,-2682.72411369,-629.7331422890001));
#68520=B_SPLINE_CURVE_WITH_KNOTS('',5,(#68521,#68522,#68523,#68524,#68525,#68526),.UNSPECIFIED.,.F.,.U.,(6,6),(0.,47.6160468547),.UNSPECIFIED.);
#68521=CARTESIAN_POINT('Control Point',(9445.46168396,-2679.04101059,-628.85831273));
#68522=CARTESIAN_POINT('Control Point',(9450.212684399999,-2679.45187744,-628.9249980659999));
#68523=CARTESIAN_POINT('Control Point',(9454.956027529999,-2679.86116364,-628.991362136));
#68524=CARTESIAN_POINT('Control Point',(9459.875021350001,-2680.28467537,-629.059852587));
#68525=CARTESIAN_POINT('Control Point',(9464.673125400001,-2680.69654108,-629.127487514));
#68526=CARTESIAN_POINT('Control Point',(9469.43721242,-2681.1047601,-629.19358998));
#68527=CARTESIAN_POINT('Vertex',(9445.46168396,-2679.04101059,-628.85831273));
#68528=VERTEX_POINT('',#68527);
#68529=EDGE_CURVE('',#68528,#68475,#68520,.T.);
#68530=B_SPLINE_CURVE_WITH_KNOTS('',5,(#68531,#68532,#68533,#68534,#68535,#68536),.UNSPECIFIED.,.F.,.U.,(6,6),(0.,47.6160275568),.UNSPECIFIED.);
#68531=CARTESIAN_POINT('Control Point',(9445.13088979,-2682.72411369,-629.7331422890001));
#68532=CARTESIAN_POINT('Control Point',(9449.88249328,-2683.13481947,-629.8007337719999));
#68533=CARTESIAN_POINT('Control Point',(9454.62643989,-2683.54394484,-629.868001441));
#68534=CARTESIAN_POINT('Control Point',(9459.546071000001,-2683.96729064,-629.937427871));
#68535=CARTESIAN_POINT('Control Point',(9464.34478902,-2684.37899337,-630.005975762));
#68536=CARTESIAN_POINT('Control Point',(9469.10948727,-2684.78705077,-630.072982774));
#68537=CARTESIAN_POINT('Vertex',(9445.13088979,-2682.72411369,-629.7331422890001));
#68538=VERTEX_POINT('',#68537);
#68539=EDGE_CURVE('',#68538,#68494,#68530,.T.);
#68540=B_SPLINE_CURVE_WITH_KNOTS('',1,(#68541,#68542),.UNSPECIFIED.,.F.,.U.,(2,2),(-3.8,-1.63394202383E-013),.UNSPECIFIED.);
#68541=CARTESIAN_POINT('Control Point',(9445.46168396,-2679.04101059,-628.85831273));
#68542=CARTESIAN_POINT('Control Point',(9445.13088979,-2682.72411369,-629.7331422890001));
#68543=EDGE_CURVE('',#68528,#68538,#68540,.T.);
#68544=EDGE_LOOP('',(#68545,#68546,#68547,#68548));
#68545=ORIENTED_EDGE('',*,*,#68529,.T.);
#68546=ORIENTED_EDGE('',*,*,#68499,.T.);
#68547=ORIENTED_EDGE('',*,*,#68539,.F.);
#68548=ORIENTED_EDGE('',*,*,#68543,.F.);
#68549=FACE_OUTER_BOUND('',#68544,.T.);
#68550=ADVANCED_FACE('PartBody',(#68549),#68507,.F.);
#68551=B_SPLINE_SURFACE_WITH_KNOTS('',5,5,((#68552,#68553,#68554,#68555,#68556,#68557),(#68558,#68559,#68560,#68561,#68562,#68563),(#68564,#68565,#68566,#68567,#68568,#68569),(#68570,#68571,#68572,#68573,#68574,#68575),(#68576,#68577,#68578,#68579,#68580,#68581),(#68582,#68583,#68584,#68585,#68586,#68587)),.UNSPECIFIED.,.F.,.F.,.U.,(6,6),(6,6),(-1629.88548003,-1608.27294334),(-1139.79789074,-1088.99842507),.UNSPECIFIED.);
#68552=CARTESIAN_POINT('Control Point',(9484.04324114,-2682.49243028,-628.812308929));
#68553=CARTESIAN_POINT('Control Point',(9473.92922219,-2681.51458898,-629.156749003));
#68554=CARTESIAN_POINT('Control Point',(9463.815824339999,-2680.53256193,-629.5024710500001));
#68555=CARTESIAN_POINT('Control Point',(9453.703043179999,-2679.5463997,-629.849461116));
#68556=CARTESIAN_POINT('Control Point',(9443.590875170001,-2678.55614605,-630.197707164));
#68557=CARTESIAN_POINT('Control Point',(9433.479317589999,-2677.56183861,-630.547198887));
#68558=CARTESIAN_POINT('Control Point',(9483.65485879,-2683.61699688,-623.971444397));
#68559=CARTESIAN_POINT('Control Point',(9473.541175939999,-2682.63705173,-624.316515537));
#68560=CARTESIAN_POINT('Control Point',(9463.42811479,-2681.65291999,-624.662868969));
#68561=CARTESIAN_POINT('Control Point',(9453.315671,-2680.66465158,-625.010490936));
#68562=CARTESIAN_POINT('Control Point',(9443.20384108,-2679.67228968,-625.359369574));
#68563=CARTESIAN_POINT('Control Point',(9433.09262236,-2678.67587139,-625.709494728));
#68564=CARTESIAN_POINT('Control Point',(9483.268113259999,-2684.73109146,-619.133752159));
#68565=CARTESIAN_POINT('Control Point',(9473.15476462,-2683.7490547,-619.479450518));
#68566=CARTESIAN_POINT('Control Point',(9463.0420383,-2682.76283045,-619.8264315059999));
#68567=CARTESIAN_POINT('Control Point',(9452.92992997,-2681.77246802,-620.174681537));
#68568=CARTESIAN_POINT('Control Point',(9442.818436269999,-2680.77800994,-620.524188964));
#68569=CARTESIAN_POINT('Control Point',(9432.70755454,-2679.77949284,-620.874943748));
#68570=CARTESIAN_POINT('Control Point',(9482.88299541,-2685.83477188,-614.299214782));
#68571=CARTESIAN_POINT('Control Point',(9472.769979090001,-2684.8506557,-614.645536535));
#68572=CARTESIAN_POINT('Control Point',(9462.657585700001,-2683.86235107,-614.9931412460001));
#68573=CARTESIAN_POINT('Control Point',(9452.545810969999,-2682.86990668,-615.342015585));
#68574=CARTESIAN_POINT('Control Point',(9442.43465159,-2681.87336448,-615.692147979));
#68575=CARTESIAN_POINT('Control Point',(9432.324104969999,-2680.87276058,-616.043528609));
#68576=CARTESIAN_POINT('Control Point',(9482.49949627,-2686.92809475,-609.467815222));
#68577=CARTESIAN_POINT('Control Point',(9472.38681038,-2685.94191127,-609.814756562));
#68578=CARTESIAN_POINT('Control Point',(9462.27474802,-2684.95153838,-610.1629812260001));
#68579=CARTESIAN_POINT('Control Point',(9452.16330502,-2683.95702404,-610.512476038));
#68580=CARTESIAN_POINT('Control Point',(9442.0524781,-2682.95840971,-610.86322965));
#68581=CARTESIAN_POINT('Control Point',(9431.94226473,-2681.95573096,-611.2152323620001));
#68582=CARTESIAN_POINT('Control Point',(9482.11760707,-2688.01111547,-604.639536797));
#68583=CARTESIAN_POINT('Control Point',(9472.00524973,-2687.02287678,-604.98709394));
#68584=CARTESIAN_POINT('Control Point',(9461.893516530001,-2686.03044762,-605.335934772));
#68585=CARTESIAN_POINT('Control Point',(9451.78240339,-2685.03387534,-605.6860463100001));
#68586=CARTESIAN_POINT('Control Point',(9441.671907059999,-2684.03320082,-606.037417378));
#68587=CARTESIAN_POINT('Control Point',(9431.56202506,-2683.02845912,-606.390038423));
#68588=B_SPLINE_CURVE_WITH_KNOTS('',5,(#68589,#68590,#68591,#68592,#68593,#68594,#68595,#68596,#68597,#68598,#68599,#68600),.UNSPECIFIED.,.F.,.U.,(6,3,3,6),(0.,10.9875341442,17.93479673,26.7556123601),.UNSPECIFIED.);
#68589=CARTESIAN_POINT('Control Point',(9432.439375669999,-2680.8962835,-615.962387712));
#68590=CARTESIAN_POINT('Control Point',(9432.43922527,-2680.49274909,-617.696664641));
#68591=CARTESIAN_POINT('Control Point',(9432.743505,-2680.11098117,-619.451037066));
#68592=CARTESIAN_POINT('Control Point',(9433.365461040001,-2679.77238408,-621.137746171));
#68593=CARTESIAN_POINT('Control Point',(9434.808693020001,-2679.31957226,-623.621665757));
#68594=CARTESIAN_POINT('Control Point',(9436.768202990001,-2679.03776238,-625.566892657));
#68595=CARTESIAN_POINT('Control Point',(9437.58929629,-2678.95469681,-626.2322132309999));
#68596=CARTESIAN_POINT('Control Point',(9439.562350210001,-2678.82432747,-627.535670932));
#68597=CARTESIAN_POINT('Control Point',(9441.72374634,-2678.82221009,-628.365024447));
#68598=CARTESIAN_POINT('Control Point',(9442.965155850001,-2678.85973741,-628.677208339));
#68599=CARTESIAN_POINT('Control Point',(9444.216447160001,-2678.93332242,-628.840834509));
#68600=CARTESIAN_POINT('Control Point',(9445.46168396,-2679.04101059,-628.85831273));
#68601=CARTESIAN_POINT('Vertex',(9432.439375669999,-2680.8962835,-615.962387712));
#68602=VERTEX_POINT('',#68601);
#68603=EDGE_CURVE('',#68602,#68528,#68588,.T.);
#68604=B_SPLINE_CURVE_WITH_KNOTS('',3,(#68605,#68606,#68607,#68608),.UNSPECIFIED.,.F.,.U.,(4,4),(0.,19.840743969),.UNSPECIFIED.);
#68605=CARTESIAN_POINT('Control Point',(9432.440202919999,-2683.11572184,-606.359412479));
#68606=CARTESIAN_POINT('Control Point',(9432.439929100001,-2682.38110624,-609.559519731));
#68607=CARTESIAN_POINT('Control Point',(9432.43965337,-2681.64130247,-612.76050659));
#68608=CARTESIAN_POINT('Control Point',(9432.439375669999,-2680.8962835,-615.962387712));
#68609=EDGE_CURVE('',#68147,#68602,#68604,.T.);
#68610=EDGE_LOOP('',(#68611,#68612,#68613,#68614,#68615,#68616));
#68611=ORIENTED_EDGE('',*,*,#68401,.F.);
#68612=ORIENTED_EDGE('',*,*,#68476,.F.);
#68613=ORIENTED_EDGE('',*,*,#68529,.F.);
#68614=ORIENTED_EDGE('',*,*,#68603,.F.);
#68615=ORIENTED_EDGE('',*,*,#68609,.F.);
#68616=ORIENTED_EDGE('',*,*,#68148,.T.);
#68617=FACE_OUTER_BOUND('',#68610,.T.);
#68618=ADVANCED_FACE('PartBody',(#68617),#68551,.F.);
#68619=B_SPLINE_SURFACE_WITH_KNOTS('',5,1,((#68620,#68621),(#68622,#68623),(#68624,#68625),(#68626,#68627),(#68628,#68629),(#68630,#68631),(#68632,#68633),(#68634,#68635),(#68636,#68637),(#68638,#68639),(#68640,#68641),(#68642,#68643),(#68644,#68645),(#68646,#68647),(#68648,#68649)),.UNSPECIFIED.,.F.,.F.,.U.,(6,3,3,3,6),(2,2),(0.,3.78247857533,7.55870928036,13.2450930032,18.9143573212),(-3.8,3.04737078483E-014),.UNSPECIFIED.);
#68620=CARTESIAN_POINT('Control Point',(9432.439375669999,-2680.8962835,-615.962387712));
#68621=CARTESIAN_POINT('Control Point',(9432.104330329999,-2684.58300533,-616.820191153));
#68622=CARTESIAN_POINT('Control Point',(9432.43930245,-2680.69982456,-616.80671278));
#68623=CARTESIAN_POINT('Control Point',(9432.10442897,-2684.3863375,-617.665481132));
#68624=CARTESIAN_POINT('Control Point',(9432.5113848,-2680.50852465,-617.655800916));
#68625=CARTESIAN_POINT('Control Point',(9432.176693220001,-2684.19482506,-618.515552314));
#68626=CARTESIAN_POINT('Control Point',(9432.65694768,-2680.32449577,-618.500992688));
#68627=CARTESIAN_POINT('Control Point',(9432.322446419999,-2684.01058205,-619.361735626));
#68628=CARTESIAN_POINT('Control Point',(9433.09097843,-2679.97719596,-620.155354787));
#68629=CARTESIAN_POINT('Control Point',(9432.75686842,-2683.66285796,-621.018064837));
#68630=CARTESIAN_POINT('Control Point',(9433.792250680001,-2679.67627443,-621.710055842));
#68631=CARTESIAN_POINT('Control Point',(9433.45854505,-2683.36152759,-622.574666243));
#68632=CARTESIAN_POINT('Control Point',(9434.20512112,-2679.53947312,-622.451976852));
#68633=CARTESIAN_POINT('Control Point',(9433.87161826,-2683.2245285,-623.317507915));
#68634=CARTESIAN_POINT('Control Point',(9435.3772331,-2679.23319115,-624.205881909));
#68635=CARTESIAN_POINT('Control Point',(9435.04423403,-2682.91777233,-625.073623977));
#68636=CARTESIAN_POINT('Control Point',(9436.83957978,-2679.02287028,-625.657535686));
#68637=CARTESIAN_POINT('Control Point',(9436.50705907,-2682.70704262,-626.527194373));
#68638=CARTESIAN_POINT('Control Point',(9437.79952172,-2678.93135258,-626.4114007749999));
#68639=CARTESIAN_POINT('Control Point',(9437.4672744,-2682.61530608,-627.282090026));
#68640=CARTESIAN_POINT('Control Point',(9439.84028534,-2678.81648474,-627.6743852130001));
#68641=CARTESIAN_POINT('Control Point',(9439.50854986,-2682.50005795,-628.54687685));
#68642=CARTESIAN_POINT('Control Point',(9442.062202990001,-2678.83321809,-628.446859079));
#68643=CARTESIAN_POINT('Control Point',(9441.730901729999,-2682.51652853,-629.320623529));
#68644=CARTESIAN_POINT('Control Point',(9443.193002219999,-2678.87342217,-628.705797536));
#68645=CARTESIAN_POINT('Control Point',(9442.86189455,-2682.55663271,-629.580056121));
#68646=CARTESIAN_POINT('Control Point',(9444.329844309999,-2678.94312902,-628.842426158));
#68647=CARTESIAN_POINT('Control Point',(9443.99890601,-2682.62627045,-629.717039838));
#68648=CARTESIAN_POINT('Control Point',(9445.46168396,-2679.04101059,-628.85831273));
#68649=CARTESIAN_POINT('Control Point',(9445.13088979,-2682.72411369,-629.7331422890001));
#68650=B_SPLINE_CURVE_WITH_KNOTS('',5,(#68651,#68652,#68653,#68654,#68655,#68656,#68657,#68658,#68659,#68660,#68661,#68662,#68663,#68664,#68665),.UNSPECIFIED.,.F.,.U.,(6,3,3,3,6),(0.,4.36681508661,10.9867301924,17.9322628849,26.7556159716),.UNSPECIFIED.);
#68651=CARTESIAN_POINT('Control Point',(9432.104330329999,-2684.58300533,-616.820191153));
#68652=CARTESIAN_POINT('Control Point',(9432.104410849999,-2684.42245668,-617.51023875));
#68653=CARTESIAN_POINT('Control Point',(9432.15258383,-2684.26534368,-618.203472626));
#68654=CARTESIAN_POINT('Control Point',(9432.24959901,-2684.1128356,-618.895105178));
#68655=CARTESIAN_POINT('Control Point',(9432.614364540001,-2683.74472123,-620.613145291));
#68656=CARTESIAN_POINT('Control Point',(9433.27077173,-2683.4217237,-622.245943667));
#68657=CARTESIAN_POINT('Control Point',(9433.76412536,-2683.24737714,-623.179155862));
#68658=CARTESIAN_POINT('Control Point',(9434.953375540001,-2682.93546008,-624.963586141));
#68659=CARTESIAN_POINT('Control Point',(9436.433690420001,-2682.72229145,-626.434273976));
#68660=CARTESIAN_POINT('Control Point',(9437.256975779999,-2682.63876709,-627.10237946));
#68661=CARTESIAN_POINT('Control Point',(9439.22804002,-2682.50802145,-628.406672684));
#68662=CARTESIAN_POINT('Control Point',(9441.39307299,-2682.50545601,-629.239303003));
#68663=CARTESIAN_POINT('Control Point',(9442.63329346,-2682.54291977,-629.551300021));
#68664=CARTESIAN_POINT('Control Point',(9443.885136159999,-2682.61643673,-629.715421464));
#68665=CARTESIAN_POINT('Control Point',(9445.13088979,-2682.72411369,-629.7331422890001));
#68666=CARTESIAN_POINT('Vertex',(9432.104330329999,-2684.58300533,-616.820191153));
#68667=VERTEX_POINT('',#68666);
#68668=EDGE_CURVE('',#68667,#68538,#68650,.T.);
#68669=B_SPLINE_CURVE_WITH_KNOTS('',1,(#68670,#68671),.UNSPECIFIED.,.F.,.U.,(2,2),(-3.8,3.04737078483E-014),.UNSPECIFIED.);
#68670=CARTESIAN_POINT('Control Point',(9432.439375669999,-2680.8962835,-615.962387712));
#68671=CARTESIAN_POINT('Control Point',(9432.104330329999,-2684.58300533,-616.820191153));
#68672=EDGE_CURVE('',#68602,#68667,#68669,.T.);
#68673=EDGE_LOOP('',(#68674,#68675,#68676,#68677));
#68674=ORIENTED_EDGE('',*,*,#68603,.T.);
#68675=ORIENTED_EDGE('',*,*,#68543,.T.);
#68676=ORIENTED_EDGE('',*,*,#68668,.F.);
#68677=ORIENTED_EDGE('',*,*,#68672,.F.);
#68678=FACE_OUTER_BOUND('',#68673,.T.);
#68679=ADVANCED_FACE('PartBody',(#68678),#68619,.T.);
#68680=B_SPLINE_SURFACE_WITH_KNOTS('',5,5,((#68681,#68682,#68683,#68684,#68685,#68686),(#68687,#68688,#68689,#68690,#68691,#68692),(#68693,#68694,#68695,#68696,#68697,#68698),(#68699,#68700,#68701,#68702,#68703,#68704),(#68705,#68706,#68707,#68708,#68709,#68710),(#68711,#68712,#68713,#68714,#68715,#68716)),.UNSPECIFIED.,.F.,.F.,.U.,(6,6),(6,6),(-1629.88535898,-1608.27294333),(-1139.79788557,-1088.99843924),.UNSPECIFIED.);
#68681=CARTESIAN_POINT('Control Point',(9483.71726795,-2686.1744067,-629.6936664999999));
#68682=CARTESIAN_POINT('Control Point',(9473.60203978,-2685.19678389,-630.036746568));
#68683=CARTESIAN_POINT('Control Point',(9463.48744235,-2684.21497557,-630.381106387));
#68684=CARTESIAN_POINT('Control Point',(9453.373470299999,-2683.22903234,-630.726731613));
#68685=CARTESIAN_POINT('Control Point',(9443.260119189999,-2682.23899797,-631.073609862));
#68686=CARTESIAN_POINT('Control Point',(9433.14738545,-2681.24491009,-631.421730521));
#68687=CARTESIAN_POINT('Control Point',(9483.32785326,-2687.3002215,-624.84720564));
#68688=CARTESIAN_POINT('Control Point',(9473.2129602,-2686.32049143,-625.190920279));
#68689=CARTESIAN_POINT('Control Point',(9463.09869836,-2685.33657501,-625.535914971));
#68690=CARTESIAN_POINT('Control Point',(9452.985062440001,-2684.34852219,-625.8821755709999));
#68691=CARTESIAN_POINT('Control Point',(9442.87204808,-2683.35637614,-626.229689869));
#68692=CARTESIAN_POINT('Control Point',(9432.759651779999,-2682.36017398,-626.578447408));
#68693=CARTESIAN_POINT('Control Point',(9482.9400795,-2688.41555122,-620.003925016));
#68694=CARTESIAN_POINT('Control Point',(9472.825519649999,-2687.43372615,-620.348270407));
#68695=CARTESIAN_POINT('Control Point',(9462.711591490001,-2686.44771383,-620.693896187));
#68696=CARTESIAN_POINT('Control Point',(9452.59828982,-2685.45756353,-621.040788356));
#68697=CARTESIAN_POINT('Control Point',(9442.485610330001,-2684.46331793,-621.38893492));
#68698=CARTESIAN_POINT('Control Point',(9432.37354957,-2683.46501354,-621.73832557));
#68699=CARTESIAN_POINT('Control Point',(9482.55393751,-2689.52045383,-615.163807116));
#68700=CARTESIAN_POINT('Control Point',(9472.43970897,-2688.53654595,-615.50877946));
#68701=CARTESIAN_POINT('Control Point',(9462.326112590001,-2687.54844983,-615.855032509));
#68702=CARTESIAN_POINT('Control Point',(9452.21314328,-2686.55621429,-616.202552487));
#68703=CARTESIAN_POINT('Control Point',(9442.10079678,-2685.5598811,-616.551327573));
#68704=CARTESIAN_POINT('Control Point',(9431.98906969,-2684.5594865,-616.901347582));
#68705=CARTESIAN_POINT('Control Point',(9482.16941834,-2690.61498603,-610.326834813));
#68706=CARTESIAN_POINT('Control Point',(9472.05551921,-2689.6290075,-610.67243033));
#68707=CARTESIAN_POINT('Control Point',(9461.942252749999,-2688.63883977,-611.019306891));
#68708=CARTESIAN_POINT('Control Point',(9451.82961389,-2687.64453084,-611.3674509369999));
#68709=CARTESIAN_POINT('Control Point',(9441.71759849,-2686.64612216,-611.716850776));
#68710=CARTESIAN_POINT('Control Point',(9431.606203200001,-2685.64364932,-612.067496408));
#68711=CARTESIAN_POINT('Control Point',(9481.786513200001,-2691.69920335,-605.4929913460001));
#68712=CARTESIAN_POINT('Control Point',(9471.6729416,-2690.71116624,-605.839206277));
#68713=CARTESIAN_POINT('Control Point',(9461.560003160001,-2689.7189389,-606.186702607));
#68714=CARTESIAN_POINT('Control Point',(9451.447692899999,-2688.72256866,-606.535466968));
#68715=CARTESIAN_POINT('Control Point',(9441.336006740001,-2687.72209641,-606.885487843));
#68716=CARTESIAN_POINT('Control Point',(9431.224941369999,-2686.71755725,-607.23675538));
#68717=B_SPLINE_CURVE_WITH_KNOTS('',5,(#68718,#68719,#68720,#68721,#68722,#68723,#68724,#68725,#68726,#68727,#68728,#68729,#68730,#68731,#68732,#68733,#68734,#68735,#68736,#68737,#68738,#68739,#68740,#68741,#68742,#68743,#68744),.UNSPECIFIED.,.F.,.U.,(6,3,3,3,3,3,3,3,6),(56.4483542126,76.3539929365,81.5530116216,91.5690450817,98.0589560307,102.981486649,108.074023815,118.244468818,126.170491101),.UNSPECIFIED.);
#68718=CARTESIAN_POINT('Control Point',(9432.10320822,-2686.80480101,-607.206247427));
#68719=CARTESIAN_POINT('Control Point',(9434.91506195,-2687.05225812,-607.247212655));
#68720=CARTESIAN_POINT('Control Point',(9437.72670225,-2687.2993671,-607.288122864));
#68721=CARTESIAN_POINT('Control Point',(9440.53816527,-2687.54613157,-607.328974729));
#68722=CARTESIAN_POINT('Control Point',(9444.083810730001,-2687.85692199,-607.380417285));
#68723=CARTESIAN_POINT('Control Point',(9447.62951877,-2688.16719773,-607.43175088));
#68724=CARTESIAN_POINT('Control Point',(9448.28406665,-2688.22445664,-607.441223266));
#68725=CARTESIAN_POINT('Control Point',(9450.44967346,-2688.41383686,-607.472552417));
#68726=CARTESIAN_POINT('Control Point',(9452.651758260001,-2688.60620647,-607.504380096));
#68727=CARTESIAN_POINT('Control Point',(9454.13390388,-2688.73559186,-607.525793385));
#68728=CARTESIAN_POINT('Control Point',(9456.567592400001,-2688.94788578,-607.560945872));
#68729=CARTESIAN_POINT('Control Point',(9459.00452013,-2689.1602062,-607.596133521));
#68730=CARTESIAN_POINT('Control Point',(9459.9610483,-2689.24350515,-607.6099434929999));
#68731=CARTESIAN_POINT('Control Point',(9461.63607348,-2689.38930513,-607.63412324));
#68732=CARTESIAN_POINT('Control Point',(9463.294194120001,-2689.53351623,-607.658046));
#68733=CARTESIAN_POINT('Control Point',(9464.005675410001,-2689.59537413,-607.668307608));
#68734=CARTESIAN_POINT('Control Point',(9465.44457614,-2689.72043351,-607.689050582));
#68735=CARTESIAN_POINT('Control Point',(9466.8681216,-2689.84407656,-607.709540257));
#68736=CARTESIAN_POINT('Control Point',(9467.46782484,-2689.89614834,-607.718164166));
#68737=CARTESIAN_POINT('Control Point',(9469.62390606,-2690.08330752,-607.7491206879999));
#68738=CARTESIAN_POINT('Control Point',(9471.78006547,-2690.2703106,-607.779902337));
#68739=CARTESIAN_POINT('Control Point',(9473.216880419999,-2690.39485657,-607.800319798));
#68740=CARTESIAN_POINT('Control Point',(9475.77353194,-2690.616371,-607.836391445));
#68741=CARTESIAN_POINT('Control Point',(9478.33014215,-2690.83768825,-607.8720594390001));
#68742=CARTESIAN_POINT('Control Point',(9479.614357210001,-2690.94881872,-607.889888107));
#68743=CARTESIAN_POINT('Control Point',(9480.82564662,-2691.05356845,-607.906678716));
#68744=CARTESIAN_POINT('Control Point',(9481.97911955,-2691.15324696,-607.922734981));
#68745=CARTESIAN_POINT('Vertex',(9432.10320822,-2686.80480101,-607.206247427));
#68746=VERTEX_POINT('',#68745);
#68747=EDGE_CURVE('',#68746,#68368,#68717,.T.);
#68748=B_SPLINE_CURVE_WITH_KNOTS('',3,(#68749,#68750,#68751,#68752),.UNSPECIFIED.,.F.,.U.,(4,4),(0.,19.8407439717),.UNSPECIFIED.);
#68749=CARTESIAN_POINT('Control Point',(9432.10320822,-2686.80480101,-607.206247467));
#68750=CARTESIAN_POINT('Control Point',(9432.10358221,-2686.069406,-610.410007862));
#68751=CARTESIAN_POINT('Control Point',(9432.10395626,-2685.32881646,-613.614650857));
#68752=CARTESIAN_POINT('Control Point',(9432.104330329999,-2684.58300533,-616.820191153));
#68753=EDGE_CURVE('',#68746,#68667,#68748,.T.);
#68754=EDGE_LOOP('',(#68755,#68756,#68757,#68758,#68759,#68760));
#68755=ORIENTED_EDGE('',*,*,#68747,.F.);
#68756=ORIENTED_EDGE('',*,*,#68753,.T.);
#68757=ORIENTED_EDGE('',*,*,#68668,.T.);
#68758=ORIENTED_EDGE('',*,*,#68539,.T.);
#68759=ORIENTED_EDGE('',*,*,#68495,.T.);
#68760=ORIENTED_EDGE('',*,*,#68409,.T.);
#68761=FACE_OUTER_BOUND('',#68754,.T.);
#68762=ADVANCED_FACE('PartBody',(#68761),#68680,.T.);
#68763=B_SPLINE_SURFACE_WITH_KNOTS('',5,5,((#68764,#68765,#68766,#68767,#68768,#68769,#68770,#68771,#68772),(#68773,#68774,#68775,#68776,#68777,#68778,#68779,#68780,#68781),(#68782,#68783,#68784,#68785,#68786,#68787,#68788,#68789,#68790),(#68791,#68792,#68793,#68794,#68795,#68796,#68797,#68798,#68799),(#68800,#68801,#68802,#68803,#68804,#68805,#68806,#68807,#68808),(#68809,#68810,#68811,#68812,#68813,#68814,#68815,#68816,#68817),(#68818,#68819,#68820,#68821,#68822,#68823,#68824,#68825,#68826),(#68827,#68828,#68829,#68830,#68831,#68832,#68833,#68834,#68835),(#68836,#68837,#68838,#68839,#68840,#68841,#68842,#68843,#68844),(#68845,#68846,#68847,#68848,#68849,#68850,#68851,#68852,#68853),(#68854,#68855,#68856,#68857,#68858,#68859,#68860,#68861,#68862),(#68863,#68864,#68865,#68866,#68867,#68868,#68869,#68870,#68871),(#68872,#68873,#68874,#68875,#68876,#68877,#68878,#68879,#68880),(#68881,#68882,#68883,#68884,#68885,#68886,#68887,#68888,#68889),(#68890,#68891,#68892,#68893,#68894,#68895,#68896,#68897,#68898),(#68899,#68900,#68901,#68902,#68903,#68904,#68905,#68906,#68907),(#68908,#68909,#68910,#68911,#68912,#68913,#68914,#68915,#68916),(#68917,#68918,#68919,#68920,#68921,#68922,#68923,#68924,#68925),(#68926,#68927,#68928,#68929,#68930,#68931,#68932,#68933,#68934),(#68935,#68936,#68937,#68938,#68939,#68940,#68941,#68942,#68943),(#68944,#68945,#68946,#68947,#68948,#68949,#68950,#68951,#68952),(#68953,#68954,#68955,#68956,#68957,#68958,#68959,#68960,#68961),(#68962,#68963,#68964,#68965,#68966,#68967,#68968,#68969,#68970),(#68971,#68972,#68973,#68974,#68975,#68976,#68977,#68978,#68979),(#68980,#68981,#68982,#68983,#68984,#68985,#68986,#68987,#68988),(#68989,#68990,#68991,#68992,#68993,#68994,#68995,#68996,#68997),(#68998,#68999,#69000,#69001,#69002,#69003,#69004,#69005,#69006),(#69007,#69008,#69009,#69010,#69011,#69012,#69013,#69014,#69015),(#69016,#69017,#69018,#69019,#69020,#69021,#69022,#69023,#69024),(#69025,#69026,#69027,#69028,#69029,#69030,#69031,#69032,#69033)),.UNSPECIFIED.,.F.,.F.,.U.,(6,3,3,3,3,3,3,3,3,6),(6,3,6),(56.4483542032,66.4011735699,76.3539929365,81.5530116216,91.5690450817,98.0589560307,102.981486649,108.074023815,118.244468818,126.238203268),(0.,3.9,7.8),.UNSPECIFIED.);
#68764=CARTESIAN_POINT('Control Point',(9432.10320824,-2686.80480082,-607.2062474860001));
#68765=CARTESIAN_POINT('Control Point',(9432.09603873,-2687.07883193,-606.009628864));
#68766=CARTESIAN_POINT('Control Point',(9432.1102823,-2687.11845721,-604.759181762));
#68767=CARTESIAN_POINT('Control Point',(9432.146341989999,-2686.90915676,-603.516678584));
#68768=CARTESIAN_POINT('Control Point',(9432.258184030001,-2686.01541856,-601.182134919));
#68769=CARTESIAN_POINT('Control Point',(9432.43449338,-2684.30700385,-599.362353347));
#68770=CARTESIAN_POINT('Control Point',(9432.535067319999,-2683.2824334,-598.634987281));
#68771=CARTESIAN_POINT('Control Point',(9432.64261456,-2682.14297546,-598.129556574));
#68772=CARTESIAN_POINT('Control Point',(9432.751504469999,-2680.9503577,-597.859655793));
#68773=CARTESIAN_POINT('Control Point',(9433.509135099999,-2686.92852941,-607.2267300889999));
#68774=CARTESIAN_POINT('Control Point',(9433.501961579999,-2687.20265849,-606.03007668));
#68775=CARTESIAN_POINT('Control Point',(9433.516191709999,-2687.24236331,-604.779572916));
#68776=CARTESIAN_POINT('Control Point',(9433.55222874,-2687.03311751,-603.536998598));
#68777=CARTESIAN_POINT('Control Point',(9433.66400916,-2686.13943506,-601.202304181));
#68778=CARTESIAN_POINT('Control Point',(9433.84023061,-2684.43098081,-599.382388995));
#68779=CARTESIAN_POINT('Control Point',(9433.94075562,-2683.40636953,-598.654969002));
#68780=CARTESIAN_POINT('Control Point',(9434.048251079999,-2682.26685717,-598.149503921));
#68781=CARTESIAN_POINT('Control Point',(9434.157088559999,-2681.07418012,-597.879590163));
#68782=CARTESIAN_POINT('Control Point',(9434.91500861,-2687.05217097,-607.247198937));
#68783=CARTESIAN_POINT('Control Point',(9434.90783084,-2687.32639798,-606.05051076));
#68784=CARTESIAN_POINT('Control Point',(9434.922047280001,-2687.36618228,-604.799950361));
#68785=CARTESIAN_POINT('Control Point',(9434.95806142,-2687.1569911,-603.557304928));
#68786=CARTESIAN_POINT('Control Point',(9435.06977975,-2686.26336436,-601.22245981));
#68787=CARTESIAN_POINT('Control Point',(9435.24591295,-2684.55487057,-599.402411049));
#68788=CARTESIAN_POINT('Control Point',(9435.3463889,-2683.53021846,-598.674937147));
#68789=CARTESIAN_POINT('Control Point',(9435.45383249,-2682.3906517,-598.169437701));
#68790=CARTESIAN_POINT('Control Point',(9435.562617510001,-2681.19791538,-597.8995109689999));
#68791=CARTESIAN_POINT('Control Point',(9436.32083327,-2687.17572595,-607.267653616));
#68792=CARTESIAN_POINT('Control Point',(9436.31365099,-2687.45005082,-606.070930692));
#68793=CARTESIAN_POINT('Control Point',(9436.32785345,-2687.48991458,-604.82031368));
#68794=CARTESIAN_POINT('Control Point',(9436.36384441,-2687.28077797,-603.577597158));
#68795=CARTESIAN_POINT('Control Point',(9436.475500140001,-2686.3872069,-601.242601389));
#68796=CARTESIAN_POINT('Control Point',(9436.6515447,-2684.67867355,-599.422419093));
#68797=CARTESIAN_POINT('Control Point',(9436.75197144,-2683.65398062,-598.694891296));
#68798=CARTESIAN_POINT('Control Point',(9436.85936307,-2682.51435948,-598.189357494));
#68799=CARTESIAN_POINT('Control Point',(9436.968095570001,-2681.32156391,-597.919417792));
#68800=CARTESIAN_POINT('Control Point',(9439.132399259999,-2687.42266414,-607.308533671));
#68801=CARTESIAN_POINT('Control Point',(9439.12520731,-2687.69718465,-606.111741291));
#68802=CARTESIAN_POINT('Control Point',(9439.13938117,-2687.7372072,-604.861011104));
#68803=CARTESIAN_POINT('Control Point',(9439.175325149999,-2687.52817967,-603.618152455));
#68804=CARTESIAN_POINT('Control Point',(9439.286854489999,-2686.63471984,-601.282855485));
#68805=CARTESIAN_POINT('Control Point',(9439.462720899999,-2684.92610737,-599.462406194));
#68806=CARTESIAN_POINT('Control Point',(9439.563048870001,-2683.90133281,-598.734770635));
#68807=CARTESIAN_POINT('Control Point',(9439.670336360001,-2682.76160293,-598.229168137));
#68808=CARTESIAN_POINT('Control Point',(9439.77896376,-2681.56868891,-597.959202497));
#68809=CARTESIAN_POINT('Control Point',(9441.94384,-2687.66926284,-607.349352886));
#68810=CARTESIAN_POINT('Control Point',(9441.93663695,-2687.94397875,-606.15249113));
#68811=CARTESIAN_POINT('Control Point',(9441.95078074,-2687.9841599,-604.901647861));
#68812=CARTESIAN_POINT('Control Point',(9441.98667629,-2687.77524129,-603.658647187));
#68813=CARTESIAN_POINT('Control Point',(9442.09807659,-2686.88189246,-601.323049209));
#68814=CARTESIAN_POINT('Control Point',(9442.273762889999,-2685.17320082,-599.50233307));
#68815=CARTESIAN_POINT('Control Point',(9442.373991349999,-2684.14834466,-598.774589802));
#68816=CARTESIAN_POINT('Control Point',(9442.481174230001,-2683.0085061,-598.268918637));
#68817=CARTESIAN_POINT('Control Point',(9442.58969635,-2681.81547371,-597.99892706));
#68818=CARTESIAN_POINT('Control Point',(9443.3495394,-2687.79247833,-607.369746725));
#68819=CARTESIAN_POINT('Control Point',(9443.34233041,-2688.06729188,-606.1728503000001));
#68820=CARTESIAN_POINT('Control Point',(9443.35645875,-2688.10755227,-604.921950515));
#68821=CARTESIAN_POINT('Control Point',(9443.392329689999,-2687.89868808,-603.678878853));
#68822=CARTESIAN_POINT('Control Point',(9443.50366472,-2687.00539469,-601.343130418));
#68823=CARTESIAN_POINT('Control Point',(9443.679260430001,-2685.29666345,-599.5222808889999));
#68824=CARTESIAN_POINT('Control Point',(9443.779438920001,-2684.2717665,-598.79448378));
#68825=CARTESIAN_POINT('Control Point',(9443.88656938,-2683.13187361,-598.288778287));
#68826=CARTESIAN_POINT('Control Point',(9443.99503882,-2681.93878206,-598.018773741));
#68827=CARTESIAN_POINT('Control Point',(9445.489517690001,-2687.97993177,-607.4007686480001));
#68828=CARTESIAN_POINT('Control Point',(9445.48229896,-2688.25489386,-606.203819473));
#68829=CARTESIAN_POINT('Control Point',(9445.49640308,-2688.29527481,-604.952833683));
#68830=CARTESIAN_POINT('Control Point',(9445.53223587,-2688.08649339,-603.709653989));
#68831=CARTESIAN_POINT('Control Point',(9445.6434703,-2687.1932843,-601.373676573));
#68832=CARTESIAN_POINT('Control Point',(9445.81892718,-2685.48449275,-599.552624029));
#68833=CARTESIAN_POINT('Control Point',(9445.919029279999,-2684.45953369,-598.82474497));
#68834=CARTESIAN_POINT('Control Point',(9446.02607971,-2683.31955812,-598.318987225));
#68835=CARTESIAN_POINT('Control Point',(9446.13446888,-2682.12637656,-598.048962934));
#68836=CARTESIAN_POINT('Control Point',(9447.62951877,-2688.16719773,-607.43175088));
#68837=CARTESIAN_POINT('Control Point',(9447.62228915,-2688.44230821,-606.234748999));
#68838=CARTESIAN_POINT('Control Point',(9447.63636787,-2688.48280957,-604.983677257));
#68839=CARTESIAN_POINT('Control Point',(9447.67216136,-2688.27411081,-603.740389586));
#68840=CARTESIAN_POINT('Control Point',(9447.783293099999,-2687.38098586,-601.4041832939999));
#68841=CARTESIAN_POINT('Control Point',(9447.958609630001,-2685.67213395,-599.582927804));
#68842=CARTESIAN_POINT('Control Point',(9448.058634769999,-2684.6471128,-598.854966819));
#68843=CARTESIAN_POINT('Control Point',(9448.16560484,-2683.50705459,-598.3491568319999));
#68844=CARTESIAN_POINT('Control Point',(9448.273913630001,-2682.31378305,-598.079112789));
#68845=CARTESIAN_POINT('Control Point',(9448.28406665,-2688.22445664,-607.441223266));
#68846=CARTESIAN_POINT('Control Point',(9448.27683472,-2688.49961259,-606.244205243));
#68847=CARTESIAN_POINT('Control Point',(9448.2909067,-2688.54015087,-604.993107187));
#68848=CARTESIAN_POINT('Control Point',(9448.326689150001,-2688.33147745,-603.749786467));
#68849=CARTESIAN_POINT('Control Point',(9448.4377912,-2687.4383783,-601.41351014));
#68850=CARTESIAN_POINT('Control Point',(9448.613065969999,-2685.72950792,-599.592192595));
#68851=CARTESIAN_POINT('Control Point',(9448.71306796,-2684.70446775,-598.864206577));
#68852=CARTESIAN_POINT('Control Point',(9448.820013639999,-2683.56438421,-598.3583806520001));
#68853=CARTESIAN_POINT('Control Point',(9448.928297840001,-2682.3710851,-598.088330625));
#68854=CARTESIAN_POINT('Control Point',(9450.44967346,-2688.41383686,-607.472552417));
#68855=CARTESIAN_POINT('Control Point',(9450.442434860001,-2688.68914331,-606.275481155));
#68856=CARTESIAN_POINT('Control Point',(9450.456485479999,-2688.72980379,-605.024296221));
#68857=CARTESIAN_POINT('Control Point',(9450.49223226,-2688.52121437,-603.780866332));
#68858=CARTESIAN_POINT('Control Point',(9450.60323766,-2687.62820101,-601.444358574));
#68859=CARTESIAN_POINT('Control Point',(9450.778375190001,-2685.91927002,-599.622835785));
#68860=CARTESIAN_POINT('Control Point',(9450.87830092,-2684.89416718,-598.894766905));
#68861=CARTESIAN_POINT('Control Point',(9450.985166050001,-2683.75400012,-598.388888135));
#68862=CARTESIAN_POINT('Control Point',(9451.093368809999,-2682.56060999,-598.11881812));
#68863=CARTESIAN_POINT('Control Point',(9452.651758260001,-2688.60620647,-607.504380096));
#68864=CARTESIAN_POINT('Control Point',(9452.64451812,-2688.8816663,-606.307255083));
#68865=CARTESIAN_POINT('Control Point',(9452.65855222,-2688.92245151,-605.055982222));
#68866=CARTESIAN_POINT('Control Point',(9452.694267610001,-2688.71394807,-603.812441723));
#68867=CARTESIAN_POINT('Control Point',(9452.805183369999,-2687.8210232,-601.4756992809999));
#68868=CARTESIAN_POINT('Control Point',(9452.98018699,-2686.1120319,-599.653968004));
#68869=CARTESIAN_POINT('Control Point',(9453.08003707,-2685.08686598,-598.925814832));
#68870=CARTESIAN_POINT('Control Point',(9453.186821130001,-2683.94661451,-598.41988213));
#68871=CARTESIAN_POINT('Control Point',(9453.294940919999,-2682.75313222,-598.149791446));
#68872=CARTESIAN_POINT('Control Point',(9454.13390388,-2688.73559186,-607.525793385));
#68873=CARTESIAN_POINT('Control Point',(9454.126664900001,-2689.01115506,-606.328632403));
#68874=CARTESIAN_POINT('Control Point',(9454.14069007,-2689.05202443,-605.077300588));
#68875=CARTESIAN_POINT('Control Point',(9454.176386409999,-2688.84357912,-603.833685855));
#68876=CARTESIAN_POINT('Control Point',(9454.28724546,-2687.95071443,-601.496785803));
#68877=CARTESIAN_POINT('Control Point',(9454.46216132,-2686.24168325,-599.6749143));
#68878=CARTESIAN_POINT('Control Point',(9454.56196125,-2685.21647521,-598.94670436));
#68879=CARTESIAN_POINT('Control Point',(9454.6686911,-2684.07616722,-598.440735235));
#68880=CARTESIAN_POINT('Control Point',(9454.77675497,-2682.88262313,-598.17063043));
#68881=CARTESIAN_POINT('Control Point',(9456.567592400001,-2688.94788578,-607.560945872));
#68882=CARTESIAN_POINT('Control Point',(9456.56035763,-2689.22361888,-606.36372592));
#68883=CARTESIAN_POINT('Control Point',(9456.574370390001,-2689.26462661,-605.112297399));
#68884=CARTESIAN_POINT('Control Point',(9456.61003754,-2689.05627694,-603.868560868));
#68885=CARTESIAN_POINT('Control Point',(9456.72080721,-2688.16351145,-601.5314021839999));
#68886=CARTESIAN_POINT('Control Point',(9456.89558135,-2686.45441509,-599.709300525));
#68887=CARTESIAN_POINT('Control Point',(9456.99529974,-2685.42913801,-598.980997397));
#68888=CARTESIAN_POINT('Control Point',(9457.1019409,-2684.28873733,-598.474968462));
#68889=CARTESIAN_POINT('Control Point',(9457.209912849999,-2683.09509182,-598.2048404449999));
#68890=CARTESIAN_POINT('Control Point',(9459.00452013,-2689.1602062,-607.596133521));
#68891=CARTESIAN_POINT('Control Point',(9458.9972905,-2689.43610951,-606.398854301));
#68892=CARTESIAN_POINT('Control Point',(9459.011291770001,-2689.47725577,-605.1473287060001));
#68893=CARTESIAN_POINT('Control Point',(9459.04693054,-2689.26900177,-603.903469993));
#68894=CARTESIAN_POINT('Control Point',(9459.157612159999,-2688.37633517,-601.566052016));
#68895=CARTESIAN_POINT('Control Point',(9459.33224525,-2686.6671728,-599.7437199460001));
#68896=CARTESIAN_POINT('Control Point',(9459.43188224,-2685.6418262,-599.015323655));
#68897=CARTESIAN_POINT('Control Point',(9459.53843465,-2684.5013323,-598.509235111));
#68898=CARTESIAN_POINT('Control Point',(9459.64631441,-2683.30758488,-598.239084249));
#68899=CARTESIAN_POINT('Control Point',(9459.9610483,-2689.24350515,-607.6099434929999));
#68900=CARTESIAN_POINT('Control Point',(9459.95382047,-2689.51947525,-606.412640937));
#68901=CARTESIAN_POINT('Control Point',(9459.967816980001,-2689.56067586,-605.161077161));
#68902=CARTESIAN_POINT('Control Point',(9460.00344439,-2689.35245933,-603.917170418));
#68903=CARTESIAN_POINT('Control Point',(9460.11409103,-2688.45983136,-601.5796505549999));
#68904=CARTESIAN_POINT('Control Point',(9460.288668470001,-2686.75064284,-599.757228042));
#68905=CARTESIAN_POINT('Control Point',(9460.3882734,-2685.72526882,-599.0287952149999));
#68906=CARTESIAN_POINT('Control Point',(9460.494790909999,-2684.58473821,-598.522683345));
#68907=CARTESIAN_POINT('Control Point',(9460.60263447,-2683.39095069,-598.252523621));
#68908=CARTESIAN_POINT('Control Point',(9461.63607348,-2689.38930513,-607.63412324));
#68909=CARTESIAN_POINT('Control Point',(9461.62884752,-2689.66539213,-606.436779625));
#68910=CARTESIAN_POINT('Control Point',(9461.64283445,-2689.70668774,-605.185148777));
#68911=CARTESIAN_POINT('Control Point',(9461.67844077,-2689.49853662,-603.941157727));
#68912=CARTESIAN_POINT('Control Point',(9461.789024039999,-2688.60597573,-601.603459145));
#68913=CARTESIAN_POINT('Control Point',(9461.963502570001,-2686.89674073,-599.780878222));
#68914=CARTESIAN_POINT('Control Point',(9462.06305085,-2685.87131834,-599.05238149));
#68915=CARTESIAN_POINT('Control Point',(9462.169507000001,-2684.73072313,-598.546228946));
#68916=CARTESIAN_POINT('Control Point',(9462.277287139999,-2683.53686514,-598.276053968));
#68917=CARTESIAN_POINT('Control Point',(9463.294194120001,-2689.53351623,-607.658046));
#68918=CARTESIAN_POINT('Control Point',(9463.286964569999,-2689.80971852,-606.460661362));
#68919=CARTESIAN_POINT('Control Point',(9463.300936580001,-2689.85110764,-605.208963714));
#68920=CARTESIAN_POINT('Control Point',(9463.33651684,-2689.64302061,-603.964888829));
#68921=CARTESIAN_POINT('Control Point',(9463.447028160001,-2688.75052468,-601.627012743));
#68922=CARTESIAN_POINT('Control Point',(9463.62140256,-2687.04124218,-599.804274907));
#68923=CARTESIAN_POINT('Control Point',(9463.72089262,-2686.01577121,-599.075715026));
#68924=CARTESIAN_POINT('Control Point',(9463.82728693,-2684.87511146,-598.569522506));
#68925=CARTESIAN_POINT('Control Point',(9463.93500428,-2683.68118329,-598.299332875));
#68926=CARTESIAN_POINT('Control Point',(9464.005675410001,-2689.59537413,-607.668307608));
#68927=CARTESIAN_POINT('Control Point',(9463.99844282,-2689.87162577,-606.470905291));
#68928=CARTESIAN_POINT('Control Point',(9464.012406919999,-2689.91305485,-605.219178899));
#68929=CARTESIAN_POINT('Control Point',(9464.047974569999,-2689.70499517,-603.975067965));
#68930=CARTESIAN_POINT('Control Point',(9464.158452449999,-2688.81252677,-601.637115594));
#68931=CARTESIAN_POINT('Control Point',(9464.33278047,-2687.10322356,-599.814310403));
#68932=CARTESIAN_POINT('Control Point',(9464.43224495,-2686.0777316,-599.085723442));
#68933=CARTESIAN_POINT('Control Point',(9464.538612439999,-2684.93704404,-598.579513821));
#68934=CARTESIAN_POINT('Control Point',(9464.646302839999,-2683.74308568,-598.309317986));
#68935=CARTESIAN_POINT('Control Point',(9465.44457614,-2689.72043351,-607.689050582));
#68936=CARTESIAN_POINT('Control Point',(9465.43733298,-2689.99678457,-606.491612369));
#68937=CARTESIAN_POINT('Control Point',(9465.45127666,-2690.0382941,-605.239827694));
#68938=CARTESIAN_POINT('Control Point',(9465.486814620001,-2689.83028928,-603.995643714));
#68939=CARTESIAN_POINT('Control Point',(9465.59721742,-2688.93787574,-601.65753684));
#68940=CARTESIAN_POINT('Control Point',(9465.771446590001,-2687.22852995,-599.834595362));
#68941=CARTESIAN_POINT('Control Point',(9465.870857620001,-2686.20299524,-599.105953655));
#68942=CARTESIAN_POINT('Control Point',(9465.97716998,-2685.06225123,-598.599709521));
#68943=CARTESIAN_POINT('Control Point',(9466.0848059,-2683.8682317,-598.329501265));
#68944=CARTESIAN_POINT('Control Point',(9466.8681216,-2689.84407656,-607.709540257));
#68945=CARTESIAN_POINT('Control Point',(9466.860855389999,-2690.12052487,-606.512066336));
#68946=CARTESIAN_POINT('Control Point',(9466.87476626,-2690.16211286,-605.260223805));
#68947=CARTESIAN_POINT('Control Point',(9466.910262879999,-2689.95416124,-604.01596738));
#68948=CARTESIAN_POINT('Control Point',(9467.020570049999,-2689.06180003,-601.677707343));
#68949=CARTESIAN_POINT('Control Point',(9467.194687089999,-2687.35241077,-599.8546308700001));
#68950=CARTESIAN_POINT('Control Point',(9467.294040270001,-2686.3268333,-599.1259349650001));
#68951=CARTESIAN_POINT('Control Point',(9467.400295629999,-2685.18603318,-598.619656702));
#68952=CARTESIAN_POINT('Control Point',(9467.507877640001,-2683.99195309,-598.3494362180001));
#68953=CARTESIAN_POINT('Control Point',(9467.46782484,-2689.89614834,-607.718164166));
#68954=CARTESIAN_POINT('Control Point',(9467.460546439999,-2690.17263741,-606.520675132));
#68955=CARTESIAN_POINT('Control Point',(9467.47444102,-2690.21425822,-605.268808157));
#68956=CARTESIAN_POINT('Control Point',(9467.509917879999,-2690.00632879,-604.024521144));
#68957=CARTESIAN_POINT('Control Point',(9467.620180579999,-2689.11398918,-601.686196475));
#68958=CARTESIAN_POINT('Control Point',(9467.79424757,-2687.40458126,-599.863063096));
#68959=CARTESIAN_POINT('Control Point',(9467.89357541,-2686.37898562,-599.134344364));
#68960=CARTESIAN_POINT('Control Point',(9467.99980627,-2685.23816176,-598.628051754));
#68961=CARTESIAN_POINT('Control Point',(9468.10736559,-2684.04405612,-598.357826174));
#68962=CARTESIAN_POINT('Control Point',(9469.62390606,-2690.08330752,-607.7491206879999));
#68963=CARTESIAN_POINT('Control Point',(9469.616561229999,-2690.35994095,-606.551577841));
#68964=CARTESIAN_POINT('Control Point',(9469.630374570001,-2690.40167792,-605.299623581));
#68965=CARTESIAN_POINT('Control Point',(9469.665758859999,-2690.19382685,-604.055227166));
#68966=CARTESIAN_POINT('Control Point',(9469.775823239999,-2689.30156316,-601.716670938));
#68967=CARTESIAN_POINT('Control Point',(9469.949684429999,-2687.59208832,-599.893332802));
#68968=CARTESIAN_POINT('Control Point',(9470.04891222,-2686.56642796,-599.164531591));
#68969=CARTESIAN_POINT('Control Point',(9470.15505053,-2685.42551968,-598.658186628));
#68970=CARTESIAN_POINT('Control Point',(9470.26252823,-2684.23132328,-598.387941629));
#68971=CARTESIAN_POINT('Control Point',(9471.78006547,-2690.2703106,-607.779902337));
#68972=CARTESIAN_POINT('Control Point',(9471.77263478,-2690.54708676,-606.5823047489999));
#68973=CARTESIAN_POINT('Control Point',(9471.78634744,-2690.58893803,-605.3302622259999));
#68974=CARTESIAN_POINT('Control Point',(9471.82162072,-2690.38116325,-604.085755502));
#68975=CARTESIAN_POINT('Control Point',(9471.93145391,-2689.48897117,-601.7469663000001));
#68976=CARTESIAN_POINT('Control Point',(9472.10508727,-2687.77942541,-599.9234231299999));
#68977=CARTESIAN_POINT('Control Point',(9472.20420742,-2686.75369852,-599.194539671));
#68978=CARTESIAN_POINT('Control Point',(9472.310249419999,-2685.61270442,-598.6881429909999));
#68979=CARTESIAN_POINT('Control Point',(9472.41764557,-2684.41841636,-598.417879577));
#68980=CARTESIAN_POINT('Control Point',(9473.216880419999,-2690.39485657,-607.800319798));
#68981=CARTESIAN_POINT('Control Point',(9473.20937198,-2690.67172604,-606.602685408));
#68982=CARTESIAN_POINT('Control Point',(9473.222997000001,-2690.71365163,-605.350583748));
#68983=CARTESIAN_POINT('Control Point',(9473.258176810001,-2690.50592593,-604.106003221));
#68984=CARTESIAN_POINT('Control Point',(9473.3678212,-2689.61377841,-601.7670582759999));
#68985=CARTESIAN_POINT('Control Point',(9473.541279429999,-2687.90418318,-599.943378223));
#68986=CARTESIAN_POINT('Control Point',(9473.64031981,-2686.87841118,-599.2144399049999));
#68987=CARTESIAN_POINT('Control Point',(9473.74629365,-2685.73735946,-598.708008794));
#68988=CARTESIAN_POINT('Control Point',(9473.853635519999,-2684.54301026,-598.437733216));
#68989=CARTESIAN_POINT('Control Point',(9475.78309825,-2690.61719984,-607.836526415));
#68990=CARTESIAN_POINT('Control Point',(9475.775425080001,-2690.89423339,-606.638826914));
#68991=CARTESIAN_POINT('Control Point',(9475.788867650001,-2690.93628954,-605.3866203600001));
#68992=CARTESIAN_POINT('Control Point',(9475.8238559,-2690.72864985,-604.141908719));
#68993=CARTESIAN_POINT('Control Point',(9475.933119060001,-2689.83657977,-601.802686662));
#68994=CARTESIAN_POINT('Control Point',(9476.106234860001,-2688.12689635,-599.978762104));
#68995=CARTESIAN_POINT('Control Point',(9476.20512251,-2687.1010444,-599.249725422));
#68996=CARTESIAN_POINT('Control Point',(9476.31096948,-2685.95989081,-598.743232017));
#68997=CARTESIAN_POINT('Control Point',(9476.418214380001,-2684.76543369,-598.4729335440001));
#68998=CARTESIAN_POINT('Control Point',(9478.349274460001,-2690.83934447,-607.8723263540001));
#68999=CARTESIAN_POINT('Control Point',(9478.34146689,-2691.11654401,-606.674564541));
#69000=CARTESIAN_POINT('Control Point',(9478.354757249999,-2691.15873357,-605.422256139));
#69001=CARTESIAN_POINT('Control Point',(9478.389582469999,-2690.9511836,-604.177416288));
#69002=CARTESIAN_POINT('Control Point',(9478.49851503,-2690.05919969,-601.837921775));
#69003=CARTESIAN_POINT('Control Point',(9478.671321829999,-2688.34943784,-600.013753921));
#69004=CARTESIAN_POINT('Control Point',(9478.770068100001,-2687.3235107,-599.284618329));
#69005=CARTESIAN_POINT('Control Point',(9478.87579358,-2686.1822594,-598.778060801));
#69006=CARTESIAN_POINT('Control Point',(9478.982941009999,-2684.98769754,-598.5077364270001));
#69007=CARTESIAN_POINT('Control Point',(9479.647308469999,-2690.95165736,-607.890349386));
#69008=CARTESIAN_POINT('Control Point',(9479.639449230001,-2691.22894201,-606.692557268));
#69009=CARTESIAN_POINT('Control Point',(9479.65267885,-2691.27120058,-605.440198658));
#69010=CARTESIAN_POINT('Control Point',(9479.687436959999,-2691.06369788,-604.195295196));
#69011=CARTESIAN_POINT('Control Point',(9479.796229580001,-2690.17176179,-601.855664849));
#69012=CARTESIAN_POINT('Control Point',(9479.96889819,-2688.46196472,-600.031374431));
#69013=CARTESIAN_POINT('Control Point',(9480.067579119999,-2687.43600167,-599.3021885650001));
#69014=CARTESIAN_POINT('Control Point',(9480.17324611,-2686.29470276,-598.795597815));
#69015=CARTESIAN_POINT('Control Point',(9480.28034401,-2685.10008923,-598.52525905));
#69016=CARTESIAN_POINT('Control Point',(9480.867007119999,-2691.0571402,-607.907253527));
#69017=CARTESIAN_POINT('Control Point',(9480.859149899999,-2691.33450912,-606.709433899));
#69018=CARTESIAN_POINT('Control Point',(9480.872373,-2691.37683696,-605.457029106));
#69019=CARTESIAN_POINT('Control Point',(9480.90711599,-2691.16938298,-604.212066815));
#69020=CARTESIAN_POINT('Control Point',(9481.01586247,-2690.27749976,-601.872310444));
#69021=CARTESIAN_POINT('Control Point',(9481.188458299999,-2688.56767539,-600.047905698));
#69022=CARTESIAN_POINT('Control Point',(9481.28709743,-2687.54168076,-599.318672763));
#69023=CARTESIAN_POINT('Control Point',(9481.39271907,-2686.4003384,-598.812050685));
#69024=CARTESIAN_POINT('Control Point',(9481.499770099999,-2685.20567668,-598.541698024));
#69025=CARTESIAN_POINT('Control Point',(9482.028348399999,-2691.15749949,-607.923420768));
#69026=CARTESIAN_POINT('Control Point',(9482.02056411,-2691.43495483,-606.725575834));
#69027=CARTESIAN_POINT('Control Point',(9482.033852029999,-2691.47735476,-605.473127941));
#69028=CARTESIAN_POINT('Control Point',(9482.06864793,-2691.26995296,-604.228110461));
#69029=CARTESIAN_POINT('Control Point',(9482.17747044,-2690.3781303,-601.888235578));
#69030=CARTESIAN_POINT('Control Point',(9482.350077200001,-2688.66828664,-600.063723028));
#69031=CARTESIAN_POINT('Control Point',(9482.448704119999,-2687.6422642,-599.334445671));
#69032=CARTESIAN_POINT('Control Point',(9482.55429613,-2686.5008815,-598.827794013));
#69033=CARTESIAN_POINT('Control Point',(9482.66130209,-2685.30617375,-598.557428219));
#69034=B_SPLINE_CURVE_WITH_KNOTS('',5,(#69035,#69036,#69037,#69038,#69039,#69040),.UNSPECIFIED.,.F.,.U.,(6,6),(0.,16.5040345702),.UNSPECIFIED.);
#69035=CARTESIAN_POINT('Control Point',(9432.10320824,-2686.80480083,-607.206247448));
#69036=CARTESIAN_POINT('Control Point',(9432.102800819999,-2687.3540643,-604.813321107));
#69037=CARTESIAN_POINT('Control Point',(9432.18815636,-2686.9688373,-602.203338961));
#69038=CARTESIAN_POINT('Control Point',(9432.36100443,-2685.51457115,-599.880004474));
#69039=CARTESIAN_POINT('Control Point',(9432.579943250001,-2683.33966204,-598.400112218));
#69040=CARTESIAN_POINT('Control Point',(9432.7985561,-2680.95450259,-597.860323086));
#69041=EDGE_CURVE('',#68746,#67260,#69034,.T.);
#69042=EDGE_LOOP('',(#69043,#69044,#69045,#69046));
#69043=ORIENTED_EDGE('',*,*,#68283,.F.);
#69044=ORIENTED_EDGE('',*,*,#69041,.F.);
#69045=ORIENTED_EDGE('',*,*,#68747,.T.);
#69046=ORIENTED_EDGE('',*,*,#68369,.T.);
#69047=FACE_OUTER_BOUND('',#69042,.T.);
#69048=ADVANCED_FACE('PartBody',(#69047),#68763,.T.);
#69049=B_SPLINE_SURFACE_WITH_KNOTS('',5,1,((#69050,#69051),(#69052,#69053),(#69054,#69055),(#69056,#69057),(#69058,#69059),(#69060,#69061),(#69062,#69063),(#69064,#69065),(#69066,#69067),(#69068,#69069),(#69070,#69071),(#69072,#69073),(#69074,#69075),(#69076,#69077),(#69078,#69079)),.UNSPECIFIED.,.F.,.F.,.U.,(6,3,3,3,6),(2,2),(0.,4.36332391429,8.72664782858,13.0899717429,14.5444130476),(-3.80000008848,8.84185014342E-008),.UNSPECIFIED.);
#69050=CARTESIAN_POINT('Control Point',(9432.44020293,-2683.11572167,-606.359412439));
#69051=CARTESIAN_POINT('Control Point',(9432.10320822,-2686.804801,-607.206247476));
#69052=CARTESIAN_POINT('Control Point',(9432.44217579,-2683.20040326,-605.9912978999999));
#69053=CARTESIAN_POINT('Control Point',(9432.103085999999,-2686.96958044,-606.488367806));
#69054=CARTESIAN_POINT('Control Point',(9432.448133399999,-2683.24180591,-605.613248577));
#69055=CARTESIAN_POINT('Control Point',(9432.1107046,-2687.04996336,-605.751114888));
#69056=CARTESIAN_POINT('Control Point',(9432.458041440001,-2683.2383475,-605.2320425939999));
#69057=CARTESIAN_POINT('Control Point',(9432.12607015,-2687.04287106,-605.007707103));
#69058=CARTESIAN_POINT('Control Point',(9432.485377769999,-2683.14183938,-604.477971004));
#69059=CARTESIAN_POINT('Control Point',(9432.17170492,-2686.85400448,-603.5371586590001));
#69060=CARTESIAN_POINT('Control Point',(9432.52648608,-2682.87297026,-603.767553408));
#69061=CARTESIAN_POINT('Control Point',(9432.2449419,-2686.32909971,-602.151746097));
#69062=CARTESIAN_POINT('Control Point',(9432.550169710001,-2682.69710688,-603.4300089770001));
#69063=CARTESIAN_POINT('Control Point',(9432.28791687,-2685.98588351,-601.4934889359999));
#69064=CARTESIAN_POINT('Control Point',(9432.602886189999,-2682.26927557,-602.803224336));
#69065=CARTESIAN_POINT('Control Point',(9432.384929010001,-2685.15110283,-600.271176799));
#69066=CARTESIAN_POINT('Control Point',(9432.66419356,-2681.70755419,-602.293942976));
#69067=CARTESIAN_POINT('Control Point',(9432.500141979999,-2684.05536412,-599.278016613));
#69068=CARTESIAN_POINT('Control Point',(9432.69647094,-2681.39776146,-602.07392399));
#69069=CARTESIAN_POINT('Control Point',(9432.561323620001,-2683.45111331,-598.848954625));
#69070=CARTESIAN_POINT('Control Point',(9432.740845570001,-2680.95406226,-601.832370065));
#69071=CARTESIAN_POINT('Control Point',(9432.64609887,-2682.58574525,-598.3778995599999));
#69072=CARTESIAN_POINT('Control Point',(9432.78589954,-2680.48098125,-601.664435347));
#69073=CARTESIAN_POINT('Control Point',(9432.73301392,-2681.66315443,-598.0504135149999));
#69074=CARTESIAN_POINT('Control Point',(9432.797183299999,-2680.36111449,-601.627148789));
#69075=CARTESIAN_POINT('Control Point',(9432.75483287,-2681.42939801,-597.97770211));
#69076=CARTESIAN_POINT('Control Point',(9432.808462139999,-2680.23989915,-601.5946365900001));
#69077=CARTESIAN_POINT('Control Point',(9432.776695009999,-2681.1930165,-597.914301452));
#69078=CARTESIAN_POINT('Control Point',(9432.81971374,-2680.11758789,-601.566955904));
#69079=CARTESIAN_POINT('Control Point',(9432.798556109999,-2680.95450252,-597.860322985));
#69080=B_SPLINE_CURVE_WITH_KNOTS('',1,(#69081,#69082),.UNSPECIFIED.,.F.,.U.,(2,2),(-3.79999991158,8.84185014342E-008),.UNSPECIFIED.);
#69081=CARTESIAN_POINT('Control Point',(9432.440202919999,-2683.11572184,-606.359412479));
#69082=CARTESIAN_POINT('Control Point',(9432.10320822,-2686.804801,-607.206247476));
#69083=EDGE_CURVE('',#68147,#68746,#69080,.T.);
#69084=EDGE_LOOP('',(#69085,#69086,#69087,#69088));
#69085=ORIENTED_EDGE('',*,*,#69083,.T.);
#69086=ORIENTED_EDGE('',*,*,#69041,.T.);
#69087=ORIENTED_EDGE('',*,*,#67261,.F.);
#69088=ORIENTED_EDGE('',*,*,#68156,.F.);
#69089=FACE_OUTER_BOUND('',#69084,.T.);
#69090=ADVANCED_FACE('PartBody',(#69089),#69049,.F.);
#69091=B_SPLINE_SURFACE_WITH_KNOTS('',5,1,((#69092,#69093),(#69094,#69095),(#69096,#69097),(#69098,#69099),(#69100,#69101),(#69102,#69103)),.UNSPECIFIED.,.F.,.F.,.U.,(6,6),(2,2),(0.,17.8760675018),(-3.8,8.84185014342E-008),.UNSPECIFIED.);
#69092=CARTESIAN_POINT('Control Point',(9432.440202919999,-2683.11572176,-606.3594124590001));
#69093=CARTESIAN_POINT('Control Point',(9432.10320822,-2686.804801,-607.206247476));
#69094=CARTESIAN_POINT('Control Point',(9432.44003863,-2682.6749312,-608.279569226));
#69095=CARTESIAN_POINT('Control Point',(9432.10343263,-2686.36354278,-609.128596234));
#69096=CARTESIAN_POINT('Control Point',(9432.43987376,-2682.23259461,-610.199943822));
#69097=CARTESIAN_POINT('Control Point',(9432.103657039999,-2685.92073662,-611.051163664));
#69098=CARTESIAN_POINT('Control Point',(9432.439708309999,-2681.78870958,-612.12053709));
#69099=CARTESIAN_POINT('Control Point',(9432.10388147,-2685.47638014,-612.973950615));
#69100=CARTESIAN_POINT('Control Point',(9432.439542280001,-2681.34327344,-614.041351083));
#69101=CARTESIAN_POINT('Control Point',(9432.104105889999,-2685.03047064,-614.896959145));
#69102=CARTESIAN_POINT('Control Point',(9432.439375669999,-2680.8962835,-615.962387712));
#69103=CARTESIAN_POINT('Control Point',(9432.10433032,-2684.58300542,-616.820191173));
#69104=EDGE_LOOP('',(#69105,#69106,#69107,#69108));
#69105=ORIENTED_EDGE('',*,*,#68609,.T.);
#69106=ORIENTED_EDGE('',*,*,#68672,.T.);
#69107=ORIENTED_EDGE('',*,*,#68753,.F.);
#69108=ORIENTED_EDGE('',*,*,#69083,.F.);
#69109=FACE_OUTER_BOUND('',#69104,.T.);
#69110=ADVANCED_FACE('PartBody',(#69109),#69091,.T.);
#69111=ADVANCED_BREP_SHAPE_REPRESENTATION('NONE',(#66758),#66422);

#69112=APPLICATION_CONTEXT('automotive_design');
#69113=APPLICATION_PROTOCOL_DEFINITION('international standard','automotive_design',2010,#69112);
#69114=PRODUCT_CONTEXT('',#69112,'mechanical');
#69115=PRODUCT_DEFINITION_CONTEXT('part definition',#69112,'design');
#69116=PRODUCT('part_016_V5311447020200','part_016_V5311447020200','',(#69114));
#69117=PRODUCT_DEFINITION_FORMATION('','',#69116);
#69118=PRODUCT_DEFINITION('design','',#69117,#69115);
#69119=PRODUCT_DEFINITION_SHAPE('','',#69118);
#69120=SHAPE_DEFINITION_REPRESENTATION(#69119,#69111);
ENDSEC;
END-ISO-10303-21;
