ISO-10303-21;
HEADER;
FILE_DESCRIPTION(('CATIA V5 STEP Exchange','CAx-IF Rec.Pracs.--- Model Styling and Organization---1.4--- 2014-01-23'),'2;1');

FILE_NAME('C:\\Users\\SA516207\\WORK\\01_ASSY\\3_Catia\\ECHELLE\\ECHELLE.stp','2026-09-22T12:18:05+00:00',('none'),('none'),'CATIA Version 5-6 Release 2017 SP2 HF26','CATIA V5 STEP AP203 WITH EXTENSIONS','none');

FILE_SCHEMA(('CONFIG_CONTROL_DESIGN','SHAPE_APPEARANCE_LAYER_MIM'));

ENDSEC;
DATA;
#46=(LENGTH_UNIT()NAMED_UNIT(*)SI_UNIT(.MILLI.,.METRE.));
#47=(NAMED_UNIT(*)PLANE_ANGLE_UNIT()SI_UNIT($,.RADIAN.));
#48=(NAMED_UNIT(*)SI_UNIT($,.STERADIAN.)SOLID_ANGLE_UNIT());
#11801=UNCERTAINTY_MEASURE_WITH_UNIT(LENGTH_MEASURE(0.005),#46,'distance_accuracy_value','CONFUSED CURVE UNCERTAINTY');
#11802=(GEOMETRIC_REPRESENTATION_CONTEXT(3)GLOBAL_UNCERTAINTY_ASSIGNED_CONTEXT((#11801))GLOBAL_UNIT_ASSIGNED_CONTEXT((#46,#47,#48))REPRESENTATION_CONTEXT(' ',' '));
#12794=MANIFOLD_SOLID_BREP('PartBody',#12796);
#12796=CLOSED_SHELL('Closed Shell',(#12884,#12924,#13058,#13178,#13351,#13418,#13566,#13590,#13652,#13705,#13761,#13785,#13821,#13851,#13881,#13905,#13969,#14001,#14071,#14104,#14156,#14206,#14307,#14511,#14645,#14676,#14700,#14724,#14748,#14778,#14838,#14918,#15134,#15230,#15308,#15336,#15388,#15461,#15543,#15583,#15631,#15686,#15723,#15763,#15785,#15802,#15824,#15836,#15906,#15971,#16074,#16120,#16140,#16164,#16181,#16198,#16222,#16262,#16293,#16324,#16353,#16377,#16394,#16414,#16449,#16469,#16541,#16574,#16607,#16663,#16689));
#12797=B_SPLINE_SURFACE_WITH_KNOTS('',5,1,((#12798,#12799),(#12800,#12801),(#12802,#12803),(#12804,#12805),(#12806,#12807),(#12808,#12809),(#12810,#12811),(#12812,#12813),(#12814,#12815),(#12816,#12817),(#12818,#12819),(#12820,#12821),(#12822,#12823),(#12824,#12825),(#12826,#12827)),.UNSPECIFIED.,.F.,.F.,.U.,(6,3,3,3,6),(2,2),(0.,2.14944640638,4.29871771768,5.73153284853,7.16816939513),(-2.17,1.00212936803E-013),.UNSPECIFIED.);
#12798=CARTESIAN_POINT('Control Point',(9407.233333849999,-1767.23589121,2470.28498096));
#12799=CARTESIAN_POINT('Control Point',(9407.016957619999,-1768.66764777,2471.90119705));
#12800=CARTESIAN_POINT('Control Point',(9407.66192131,-1767.26259303,2470.31870518));
#12801=CARTESIAN_POINT('Control Point',(9407.44557885,-1768.69433795,2471.93493611));
#12802=CARTESIAN_POINT('Control Point',(9408.09184383,-1767.25467436,2470.38326604));
#12803=CARTESIAN_POINT('Control Point',(9407.87553703,-1768.68637958,2471.99953692));
#12804=CARTESIAN_POINT('Control Point',(9408.5193865,-1767.21139935,2470.47881547));
#12805=CARTESIAN_POINT('Control Point',(9408.30311696,-1768.6430365,2472.09515163));
#12806=CARTESIAN_POINT('Control Point',(9409.35826239,-1767.05050774,2470.73354576));
#12807=CARTESIAN_POINT('Control Point',(9409.14206987,-1768.48194998,2472.35006485));
#12808=CARTESIAN_POINT('Control Point',(9410.12974574,-1766.74287189,2471.10905098));
#12809=CARTESIAN_POINT('Control Point',(9409.91363219,-1768.17400595,2472.72585347));
#12810=CARTESIAN_POINT('Control Point',(9410.49605901,-1766.55110781,2471.32774582));
#12811=CARTESIAN_POINT('Control Point',(9410.2799853,-1767.98205864,2472.94471581));
#12812=CARTESIAN_POINT('Control Point',(9411.05549823,-1766.16660743,2471.74270193));
#12813=CARTESIAN_POINT('Control Point',(9410.839490029999,-1767.59720444,2473.35999375));
#12814=CARTESIAN_POINT('Control Point',(9411.500878269999,-1765.68918543,2472.22432794));
#12815=CARTESIAN_POINT('Control Point',(9411.28493097,-1767.11936237,2473.84199934));
#12816=CARTESIAN_POINT('Control Point',(9411.659209789999,-1765.4832942,2472.42747393));
#12817=CARTESIAN_POINT('Control Point',(9411.443285989999,-1766.91329259,2474.04530632));
#12818=CARTESIAN_POINT('Control Point',(9411.92950909,-1765.04438937,2472.85142603));
#12819=CARTESIAN_POINT('Control Point',(9411.713629869999,-1766.47401232,2474.46959615));
#12820=CARTESIAN_POINT('Control Point',(9412.09624117,-1764.56877741,2473.29373167));
#12821=CARTESIAN_POINT('Control Point',(9411.880399919999,-1765.99800326,2474.91225758));
#12822=CARTESIAN_POINT('Control Point',(9412.152700709999,-1764.32299019,2473.51827456));
#12823=CARTESIAN_POINT('Control Point',(9411.93687664,-1765.75201312,2475.13698193));
#12824=CARTESIAN_POINT('Control Point',(9412.18071963,-1764.07256631,2473.74304532));
#12825=CARTESIAN_POINT('Control Point',(9411.964910659999,-1765.50138476,2475.36193518));
#12826=CARTESIAN_POINT('Control Point',(9412.180740989999,-1763.82118323,2473.96486041));
#12827=CARTESIAN_POINT('Control Point',(9411.96494485,-1765.24979858,2475.58393119));
#12828=B_SPLINE_CURVE_WITH_KNOTS('',5,(#12829,#12830,#12831,#12832,#12833,#12834,#12835,#12836,#12837,#12838,#12839,#12840,#12841,#12842,#12843),.UNSPECIFIED.,.F.,.U.,(6,3,3,3,6),(0.,2.03813379997,4.08276398761,7.14326300823,10.1437260453),.UNSPECIFIED.);
#12829=CARTESIAN_POINT('Control Point',(9412.180740989999,-1763.82118323,2473.96486041));
#12830=CARTESIAN_POINT('Control Point',(9412.18071957,-1764.07336102,2473.74234409));
#12831=CARTESIAN_POINT('Control Point',(9412.15252328,-1764.32457353,2473.51685338));
#12832=CARTESIAN_POINT('Control Point',(9412.09548369,-1764.57184946,2473.29091811));
#12833=CARTESIAN_POINT('Control Point',(9411.92718113,-1765.04993004,2472.84622104));
#12834=CARTESIAN_POINT('Control Point',(9411.65428425,-1765.49072411,2472.42024978));
#12835=CARTESIAN_POINT('Control Point',(9411.494245509999,-1765.69751666,2472.21607729));
#12836=CARTESIAN_POINT('Control Point',(9411.043834529999,-1766.17690457,2471.73203617));
#12837=CARTESIAN_POINT('Control Point',(9410.478482569999,-1766.56175155,2471.3159779));
#12838=CARTESIAN_POINT('Control Point',(9410.10907748,-1766.75297079,2471.09734906));
#12839=CARTESIAN_POINT('Control Point',(9409.33805081,-1767.05596452,2470.7260096));
#12840=CARTESIAN_POINT('Control Point',(9408.501548239999,-1767.21320113,2470.47483222));
#12841=CARTESIAN_POINT('Control Point',(9408.08072374,-1767.25487339,2470.38160128));
#12842=CARTESIAN_POINT('Control Point',(9407.656378419999,-1767.2622477,2470.31826903));
#12843=CARTESIAN_POINT('Control Point',(9407.233333849999,-1767.23589121,2470.28498096));
#12844=CARTESIAN_POINT('Vertex',(9412.180740989999,-1763.82118323,2473.96486041));
#12845=VERTEX_POINT('',#12844);
#12846=CARTESIAN_POINT('Vertex',(9407.233333849999,-1767.23589121,2470.28498096));
#12847=VERTEX_POINT('',#12846);
#12848=EDGE_CURVE('',#12845,#12847,#12828,.T.);
#12849=B_SPLINE_CURVE_WITH_KNOTS('',1,(#12850,#12851),.UNSPECIFIED.,.F.,.U.,(2,2),(-2.17,-9.80830125352E-014),.UNSPECIFIED.);
#12850=CARTESIAN_POINT('Control Point',(9407.233333849999,-1767.23589121,2470.28498096));
#12851=CARTESIAN_POINT('Control Point',(9407.016957619999,-1768.66764777,2471.90119705));
#12852=CARTESIAN_POINT('Vertex',(9407.016957619999,-1768.66764777,2471.90119705));
#12853=VERTEX_POINT('',#12852);
#12854=EDGE_CURVE('',#12847,#12853,#12849,.T.);
#12855=B_SPLINE_CURVE_WITH_KNOTS('',5,(#12856,#12857,#12858,#12859,#12860,#12861,#12862,#12863,#12864,#12865,#12866,#12867,#12868,#12869,#12870),.UNSPECIFIED.,.F.,.U.,(6,3,3,3,6),(0.,2.03813390664,4.08276475377,7.14326511523,10.1437281141),.UNSPECIFIED.);
#12856=CARTESIAN_POINT('Control Point',(9411.96494485,-1765.24979858,2475.58393119));
#12857=CARTESIAN_POINT('Control Point',(9411.964910549999,-1765.50218012,2475.36123337));
#12858=CARTESIAN_POINT('Control Point',(9411.93669911,-1765.75359778,2475.13555958));
#12859=CARTESIAN_POINT('Control Point',(9411.879642219999,-1766.00107783,2474.90944177));
#12860=CARTESIAN_POINT('Control Point',(9411.71130142,-1766.47955771,2474.46438693));
#12861=CARTESIAN_POINT('Control Point',(9411.438359579999,-1766.92072902,2474.03807629));
#12862=CARTESIAN_POINT('Control Point',(9411.27829737,-1767.12770072,2473.83374229));
#12863=CARTESIAN_POINT('Control Point',(9410.827824799999,-1767.60751087,2473.34931957));
#12864=CARTESIAN_POINT('Control Point',(9410.262406579999,-1767.99271255,2472.9329386));
#12865=CARTESIAN_POINT('Control Point',(9409.892962059999,-1768.18411448,2472.71414279));
#12866=CARTESIAN_POINT('Control Point',(9409.121856530001,-1768.4874127,2472.3425232));
#12867=CARTESIAN_POINT('Control Point',(9408.285277159999,-1768.64484112,2472.09116567));
#12868=CARTESIAN_POINT('Control Point',(9407.864416,-1768.68657963,2471.99787112));
#12869=CARTESIAN_POINT('Control Point',(9407.440035509999,-1768.69399277,2471.93449977));
#12870=CARTESIAN_POINT('Control Point',(9407.016957619999,-1768.66764777,2471.90119705));
#12871=CARTESIAN_POINT('Vertex',(9411.96494485,-1765.24979858,2475.58393119));
#12872=VERTEX_POINT('',#12871);
#12873=EDGE_CURVE('',#12872,#12853,#12855,.T.);
#12874=B_SPLINE_CURVE_WITH_KNOTS('',1,(#12875,#12876),.UNSPECIFIED.,.F.,.U.,(2,2),(-2.17,1.00212936803E-013),.UNSPECIFIED.);
#12875=CARTESIAN_POINT('Control Point',(9412.180740989999,-1763.82118323,2473.96486041));
#12876=CARTESIAN_POINT('Control Point',(9411.96494485,-1765.24979858,2475.58393119));
#12877=EDGE_CURVE('',#12845,#12872,#12874,.T.);
#12878=EDGE_LOOP('',(#12879,#12880,#12881,#12882));
#12879=ORIENTED_EDGE('',*,*,#12848,.T.);
#12880=ORIENTED_EDGE('',*,*,#12854,.T.);
#12881=ORIENTED_EDGE('',*,*,#12873,.F.);
#12882=ORIENTED_EDGE('',*,*,#12877,.F.);
#12883=FACE_OUTER_BOUND('',#12878,.T.);
#12884=ADVANCED_FACE('PartBody',(#12883),#12797,.F.);
#12885=B_SPLINE_SURFACE_WITH_KNOTS('',5,1,((#12886,#12887),(#12888,#12889),(#12890,#12891),(#12892,#12893),(#12894,#12895),(#12896,#12897)),.UNSPECIFIED.,.F.,.F.,.U.,(6,6),(2,2),(0.,1.75310685274),(-2.17,1.07402519448E-006),.UNSPECIFIED.);
#12886=CARTESIAN_POINT('Control Point',(9406.210750729999,-1767.17217035,2470.20450038));
#12887=CARTESIAN_POINT('Control Point',(9405.994293779999,-1768.60395533,2471.82068194));
#12888=CARTESIAN_POINT('Control Point',(9406.415275679999,-1767.18491731,2470.22060031));
#12889=CARTESIAN_POINT('Control Point',(9406.198834859999,-1768.61669674,2471.83678893));
#12890=CARTESIAN_POINT('Control Point',(9406.619796359999,-1767.19766286,2470.23669833));
#12891=CARTESIAN_POINT('Control Point',(9406.403371659999,-1768.62943676,2471.85289402));
#12892=CARTESIAN_POINT('Control Point',(9406.82431288,-1767.21040703,2470.25279443));
#12893=CARTESIAN_POINT('Control Point',(9406.60790429,-1768.64217538,2471.86899719));
#12894=CARTESIAN_POINT('Control Point',(9407.02882533,-1767.2231498,2470.26888864));
#12895=CARTESIAN_POINT('Control Point',(9406.81243287,-1768.65491262,2471.88509847));
#12896=CARTESIAN_POINT('Control Point',(9407.233333849999,-1767.23589121,2470.28498096));
#12897=CARTESIAN_POINT('Control Point',(9407.016957509999,-1768.66764848,2471.90119785));
#12898=B_SPLINE_CURVE_WITH_KNOTS('',1,(#12899,#12900),.UNSPECIFIED.,.F.,.U.,(2,2),(-2.16999892597,1.07402519448E-006),.UNSPECIFIED.);
#12899=CARTESIAN_POINT('Control Point',(9406.210750619999,-1767.17217106,2470.20450118));
#12900=CARTESIAN_POINT('Control Point',(9405.994293779999,-1768.60395533,2471.82068194));
#12901=CARTESIAN_POINT('Vertex',(9406.210750619999,-1767.17217106,2470.20450118));
#12902=VERTEX_POINT('',#12901);
#12903=CARTESIAN_POINT('Vertex',(9405.9942937,-1768.60395532,2471.82068193));
#12904=VERTEX_POINT('',#12903);
#12905=EDGE_CURVE('',#12902,#12904,#12898,.T.);
#12906=B_SPLINE_CURVE_WITH_KNOTS('',3,(#12907,#12908,#12909,#12910),.UNSPECIFIED.,.F.,.U.,(4,4),(0.,2.03111506305),.UNSPECIFIED.);
#12907=CARTESIAN_POINT('Control Point',(9405.994293779999,-1768.60395533,2471.82068194));
#12908=CARTESIAN_POINT('Control Point',(9406.335191819999,-1768.62519055,2471.84752637));
#12909=CARTESIAN_POINT('Control Point',(9406.676079479999,-1768.64642134,2471.87436472));
#12910=CARTESIAN_POINT('Control Point',(9407.016957619999,-1768.66764777,2471.90119705));
#12911=EDGE_CURVE('',#12904,#12853,#12906,.T.);
#12912=B_SPLINE_CURVE_WITH_KNOTS('',3,(#12913,#12914,#12915,#12916),.UNSPECIFIED.,.F.,.U.,(4,4),(0.,2.0311150512),.UNSPECIFIED.);
#12913=CARTESIAN_POINT('Control Point',(9406.210750619999,-1767.17217106,2470.20450118));
#12914=CARTESIAN_POINT('Control Point',(9406.55162178,-1767.19341551,2470.23133383));
#12915=CARTESIAN_POINT('Control Point',(9406.89248258,-1767.21465554,2470.25816041));
#12916=CARTESIAN_POINT('Control Point',(9407.233333849999,-1767.23589121,2470.28498096));
#12917=EDGE_CURVE('',#12902,#12847,#12912,.T.);
#12918=EDGE_LOOP('',(#12919,#12920,#12921,#12922));
#12919=ORIENTED_EDGE('',*,*,#12905,.T.);
#12920=ORIENTED_EDGE('',*,*,#12911,.T.);
#12921=ORIENTED_EDGE('',*,*,#12854,.F.);
#12922=ORIENTED_EDGE('',*,*,#12917,.F.);
#12923=FACE_OUTER_BOUND('',#12918,.T.);
#12924=ADVANCED_FACE('PartBody',(#12923),#12885,.F.);
#12925=B_SPLINE_SURFACE_WITH_KNOTS('',5,5,((#12926,#12927,#12928,#12929,#12930,#12931),(#12932,#12933,#12934,#12935,#12936,#12937),(#12938,#12939,#12940,#12941,#12942,#12943),(#12944,#12945,#12946,#12947,#12948,#12949),(#12950,#12951,#12952,#12953,#12954,#12955),(#12956,#12957,#12958,#12959,#12960,#12961)),.UNSPECIFIED.,.F.,.F.,.U.,(6,6),(6,6),(1591.02450708,1621.13136077),(-1148.63266159,-1079.55648266),.UNSPECIFIED.);
#12926=CARTESIAN_POINT('Control Point',(9473.041947199999,-1792.96003437,2456.0404507));
#12927=CARTESIAN_POINT('Control Point',(9459.306868309999,-1791.50029781,2455.53904339));
#12928=CARTESIAN_POINT('Control Point',(9445.57324122,-1790.03141165,2455.0348469));
#12929=CARTESIAN_POINT('Control Point',(9431.841074279999,-1788.55332343,2454.52784513));
#12930=CARTESIAN_POINT('Control Point',(9418.110375939999,-1787.06598001,2454.0180218));
#12931=CARTESIAN_POINT('Control Point',(9404.38115479,-1785.5693276,2453.50536042));
#12932=CARTESIAN_POINT('Control Point',(9473.551389169999,-1787.81651796,2460.75293253));
#12933=CARTESIAN_POINT('Control Point',(9459.816306049999,-1786.35679624,2460.25151786));
#12934=CARTESIAN_POINT('Control Point',(9446.08267578,-1784.88791833,2459.74731184));
#12935=CARTESIAN_POINT('Control Point',(9432.35050674,-1783.40983157,2459.24029835));
#12936=CARTESIAN_POINT('Control Point',(9418.619807429999,-1781.92248266,2458.73046106));
#12937=CARTESIAN_POINT('Control Point',(9404.89058644,-1780.42581761,2458.21778344));
#12938=CARTESIAN_POINT('Control Point',(9474.064780949999,-1782.64792659,2465.45776592));
#12939=CARTESIAN_POINT('Control Point',(9460.32969651,-1781.1882014,2464.95633844));
#12940=CARTESIAN_POINT('Control Point',(9446.59606604,-1779.71931318,2464.4521174));
#12941=CARTESIAN_POINT('Control Point',(9432.86389791,-1778.24120895,2463.94508651));
#12942=CARTESIAN_POINT('Control Point',(9419.13320061,-1776.75383544,2463.43522966));
#12943=CARTESIAN_POINT('Control Point',(9405.40398284,-1775.25713844,2462.92253008));
#12944=CARTESIAN_POINT('Control Point',(9474.58215864,-1777.45402963,2470.15488202));
#12945=CARTESIAN_POINT('Control Point',(9460.84707579,-1775.99428263,2469.65343628));
#12946=CARTESIAN_POINT('Control Point',(9447.11344804,-1774.52536536,2469.14919469));
#12947=CARTESIAN_POINT('Control Point',(9433.38128379,-1773.04722465,2468.64214085));
#12948=CARTESIAN_POINT('Control Point',(9419.65059157,-1771.55980774,2468.13225876));
#12949=CARTESIAN_POINT('Control Point',(9405.92138005,-1770.06305949,2467.61953153));
#12950=CARTESIAN_POINT('Control Point',(9475.10355881,-1772.2345934,2474.84421113));
#12951=CARTESIAN_POINT('Control Point',(9461.36848048,-1770.77480621,2474.34274166));
#12952=CARTESIAN_POINT('Control Point',(9447.63485839,-1769.30584136,2473.83847392));
#12953=CARTESIAN_POINT('Control Point',(9433.902700999999,-1767.82764581,2473.33139173));
#12954=CARTESIAN_POINT('Control Point',(9420.17201685,-1766.34016586,2472.82147866));
#12955=CARTESIAN_POINT('Control Point',(9406.442814599999,-1764.84334711,2472.3087181));
#12956=CARTESIAN_POINT('Control Point',(9475.629018469999,-1766.98938147,2479.52568279));
#12957=CARTESIAN_POINT('Control Point',(9461.89394756,-1765.52953567,2479.0241841));
#12958=CARTESIAN_POINT('Control Point',(9448.160334079999,-1764.06050458,2478.51988474));
#12959=CARTESIAN_POINT('Control Point',(9434.428186499999,-1762.58223509,2478.01276849));
#12960=CARTESIAN_POINT('Control Point',(9420.697513379999,-1761.09467338,2477.50281892));
#12961=CARTESIAN_POINT('Control Point',(9406.96832342,-1759.59776494,2476.99001938));
#12962=B_SPLINE_CURVE_WITH_KNOTS('',3,(#12963,#12964,#12965,#12966),.UNSPECIFIED.,.F.,.U.,(4,4),(-0.439845563744,0.439845563744),.UNSPECIFIED.);
#12963=CARTESIAN_POINT('Control Point',(9412.18080636,-1763.05132056,2474.64390684));
#12964=CARTESIAN_POINT('Control Point',(9412.18077309,-1763.30801431,2474.41758024));
#12965=CARTESIAN_POINT('Control Point',(9412.1807513,-1763.56463519,2474.19123143));
#12966=CARTESIAN_POINT('Control Point',(9412.180740989999,-1763.82118323,2473.96486041));
#12967=CARTESIAN_POINT('Vertex',(9412.18080636,-1763.05132056,2474.64390684));
#12968=VERTEX_POINT('',#12967);
#12969=EDGE_CURVE('',#12968,#12845,#12962,.T.);
#12970=B_SPLINE_CURVE_WITH_KNOTS('',4,(#12971,#12972,#12973,#12974,#12975),.UNSPECIFIED.,.F.,.U.,(5,5),(35.3394854409,124.025949751),.UNSPECIFIED.);
#12971=CARTESIAN_POINT('Control Point',(9412.18080636,-1763.05132056,2474.64390684));
#12972=CARTESIAN_POINT('Control Point',(9427.804735539999,-1764.02176467,2475.86961139));
#12973=CARTESIAN_POINT('Control Point',(9443.54645211,-1764.99235474,2477.09475345));
#12974=CARTESIAN_POINT('Control Point',(9459.130609689999,-1765.94655913,2478.29753585));
#12975=CARTESIAN_POINT('Control Point',(9474.73879761,-1766.89474776,2479.49317401));
#12976=CARTESIAN_POINT('Vertex',(9474.73879761,-1766.89474776,2479.493174));
#12977=VERTEX_POINT('',#12976);
#12978=EDGE_CURVE('',#12968,#12977,#12970,.T.);
#12979=B_SPLINE_CURVE_WITH_KNOTS('',3,(#12980,#12981,#12982,#12983),.UNSPECIFIED.,.F.,.U.,(4,4),(0.,14.1403283268),.UNSPECIFIED.);
#12980=CARTESIAN_POINT('Control Point',(9474.784485239999,-1773.64165703,2473.54507403));
#12981=CARTESIAN_POINT('Control Point',(9474.76877644,-1771.39734422,2475.53032745));
#12982=CARTESIAN_POINT('Control Point',(9474.753546779999,-1769.14837922,2477.51303339));
#12983=CARTESIAN_POINT('Control Point',(9474.73879761,-1766.89474776,2479.493174));
#12984=CARTESIAN_POINT('Vertex',(9474.784485239999,-1773.64165703,2473.54507403));
#12985=VERTEX_POINT('',#12984);
#12986=EDGE_CURVE('',#12985,#12977,#12979,.T.);
#12987=B_SPLINE_CURVE_WITH_KNOTS('',5,(#12988,#12989,#12990,#12991,#12992,#12993,#12994,#12995,#12996,#12997,#12998,#12999,#13000,#13001,#13002),.UNSPECIFIED.,.F.,.U.,(6,3,3,3,6),(0.,4.98248039725,14.5536479523,21.2413075373,26.4571092014),.UNSPECIFIED.);
#12988=CARTESIAN_POINT('Control Point',(9461.921105919999,-1782.55773494,2463.91911092));
#12989=CARTESIAN_POINT('Control Point',(9462.62378473,-1782.60081212,2463.97343765));
#12990=CARTESIAN_POINT('Control Point',(9463.32785086,-1782.6082543,2464.05979837));
#12991=CARTESIAN_POINT('Control Point',(9464.03203056,-1782.57950194,2464.1785205));
#12992=CARTESIAN_POINT('Control Point',(9466.07071647,-1782.38752159,2464.61936973));
#12993=CARTESIAN_POINT('Control Point',(9468.033508279999,-1781.8768977,2465.33460823));
#12994=CARTESIAN_POINT('Control Point',(9469.26136361,-1781.40155144,2465.9210388));
#12995=CARTESIAN_POINT('Control Point',(9471.19563201,-1780.34361617,2467.1198499));
#12996=CARTESIAN_POINT('Control Point',(9472.73931741,-1778.89332919,2468.61455437));
#12997=CARTESIAN_POINT('Control Point',(9473.29490719,-1778.23239894,2469.27575176));
#12998=CARTESIAN_POINT('Control Point',(9474.10760447,-1776.96303458,2470.51105195));
#12999=CARTESIAN_POINT('Control Point',(9474.58441071,-1775.56032639,2471.81858423));
#13000=CARTESIAN_POINT('Control Point',(9474.722735399999,-1774.92714329,2472.39826736));
#13001=CARTESIAN_POINT('Control Point',(9474.788991519999,-1774.28546837,2472.97557736));
#13002=CARTESIAN_POINT('Control Point',(9474.784485239999,-1773.64165703,2473.54507403));
#13003=CARTESIAN_POINT('Vertex',(9461.921105919999,-1782.55773494,2463.91911092));
#13004=VERTEX_POINT('',#13003);
#13005=EDGE_CURVE('',#13004,#12985,#12987,.T.);
#13006=B_SPLINE_CURVE_WITH_KNOTS('',3,(#13007,#13008,#13009,#13010),.UNSPECIFIED.,.F.,.U.,(4,4),(3.07372157215E-014,31.4121896351),.UNSPECIFIED.);
#13007=CARTESIAN_POINT('Control Point',(9447.86943735,-1781.69401838,2462.8299317));
#13008=CARTESIAN_POINT('Control Point',(9452.596557319999,-1781.98535298,2463.19728252));
#13009=CARTESIAN_POINT('Control Point',(9457.28669841,-1782.2736262,2463.56080756));
#13010=CARTESIAN_POINT('Control Point',(9461.921105919999,-1782.55773494,2463.91911092));
#13011=CARTESIAN_POINT('Vertex',(9447.86943735,-1781.69401838,2462.8299317));
#13012=VERTEX_POINT('',#13011);
#13013=EDGE_CURVE('',#13012,#13004,#13006,.T.);
#13014=B_SPLINE_CURVE_WITH_KNOTS('',5,(#13015,#13016,#13017,#13018,#13019,#13020,#13021,#13022,#13023,#13024,#13025,#13026),.UNSPECIFIED.,.F.,.U.,(6,3,3,6),(0.,5.30840818237,15.9323760615,26.4963750938),.UNSPECIFIED.);
#13015=CARTESIAN_POINT('Control Point',(9431.323403279999,-1787.33705341,2455.5489563));
#13016=CARTESIAN_POINT('Control Point',(9431.78310328,-1786.84194262,2456.05722084));
#13017=CARTESIAN_POINT('Control Point',(9432.27656627,-1786.37104502,2456.54783707));
#13018=CARTESIAN_POINT('Control Point',(9432.80360277,-1785.92373154,2457.0213917));
#13019=CARTESIAN_POINT('Control Point',(9434.46234066,-1784.66607176,2458.3757384));
#13020=CARTESIAN_POINT('Control Point',(9436.34963389,-1783.65081749,2459.54038571));
#13021=CARTESIAN_POINT('Control Point',(9437.68618841,-1783.08656508,2460.22540971));
#13022=CARTESIAN_POINT('Control Point',(9440.4653299,-1782.18776067,2461.40247387));
#13023=CARTESIAN_POINT('Control Point',(9443.39834738,-1781.7325225,2462.20090542));
#13024=CARTESIAN_POINT('Control Point',(9444.886008559999,-1781.61422818,2462.50478115));
#13025=CARTESIAN_POINT('Control Point',(9446.37971818,-1781.60213136,2462.7142307));
#13026=CARTESIAN_POINT('Control Point',(9447.86943735,-1781.69401838,2462.8299317));
#13027=CARTESIAN_POINT('Vertex',(9431.323403279999,-1787.33705341,2455.5489563));
#13028=VERTEX_POINT('',#13027);
#13029=EDGE_CURVE('',#13028,#13012,#13014,.T.);
#13030=B_SPLINE_CURVE_WITH_KNOTS('',5,(#13031,#13032,#13033,#13034,#13035,#13036),.UNSPECIFIED.,.F.,.U.,(6,6),(0.,67.4729348048),.UNSPECIFIED.);
#13031=CARTESIAN_POINT('Control Point',(9406.20944341,-1785.76856514,2453.57361076));
#13032=CARTESIAN_POINT('Control Point',(9411.227396259999,-1786.08336311,2453.97017736));
#13033=CARTESIAN_POINT('Control Point',(9416.23476865,-1786.39681061,2454.36497524));
#13034=CARTESIAN_POINT('Control Point',(9421.359647989999,-1786.71687456,2454.76806575));
#13035=CARTESIAN_POINT('Control Point',(9426.34649799,-1787.02760479,2455.15935877));
#13036=CARTESIAN_POINT('Control Point',(9431.323403279999,-1787.33705341,2455.5489563));
#13037=CARTESIAN_POINT('Vertex',(9406.209421109999,-1785.76856374,2453.573609));
#13038=VERTEX_POINT('',#13037);
#13039=EDGE_CURVE('',#13038,#13028,#13030,.T.);
#13040=B_SPLINE_CURVE_WITH_KNOTS('',3,(#13041,#13042,#13043,#13044),.UNSPECIFIED.,.F.,.U.,(4,4),(426.941609054,459.832368265),.UNSPECIFIED.);
#13041=CARTESIAN_POINT('Control Point',(9406.209421109999,-1785.76856374,2453.573609));
#13042=CARTESIAN_POINT('Control Point',(9406.2098654,-1779.60304082,2459.13960936));
#13043=CARTESIAN_POINT('Control Point',(9406.21030839,-1773.40430937,2464.68335251));
#13044=CARTESIAN_POINT('Control Point',(9406.21075054,-1767.17217105,2470.20450117));
#13045=EDGE_CURVE('',#13038,#12902,#13040,.T.);
#13046=EDGE_LOOP('',(#13047,#13048,#13049,#13050,#13051,#13052,#13053,#13054,#13055,#13056));
#13047=ORIENTED_EDGE('',*,*,#12969,.F.);
#13048=ORIENTED_EDGE('',*,*,#12978,.T.);
#13049=ORIENTED_EDGE('',*,*,#12986,.F.);
#13050=ORIENTED_EDGE('',*,*,#13005,.F.);
#13051=ORIENTED_EDGE('',*,*,#13013,.F.);
#13052=ORIENTED_EDGE('',*,*,#13029,.F.);
#13053=ORIENTED_EDGE('',*,*,#13039,.F.);
#13054=ORIENTED_EDGE('',*,*,#13045,.T.);
#13055=ORIENTED_EDGE('',*,*,#12917,.T.);
#13056=ORIENTED_EDGE('',*,*,#12848,.F.);
#13057=FACE_OUTER_BOUND('',#13046,.T.);
#13058=ADVANCED_FACE('PartBody',(#13057),#12925,.F.);
#13059=B_SPLINE_SURFACE_WITH_KNOTS('',5,5,((#13060,#13061,#13062,#13063,#13064,#13065,#13066,#13067,#13068),(#13069,#13070,#13071,#13072,#13073,#13074,#13075,#13076,#13077),(#13078,#13079,#13080,#13081,#13082,#13083,#13084,#13085,#13086),(#13087,#13088,#13089,#13090,#13091,#13092,#13093,#13094,#13095),(#13096,#13097,#13098,#13099,#13100,#13101,#13102,#13103,#13104),(#13105,#13106,#13107,#13108,#13109,#13110,#13111,#13112,#13113),(#13114,#13115,#13116,#13117,#13118,#13119,#13120,#13121,#13122),(#13123,#13124,#13125,#13126,#13127,#13128,#13129,#13130,#13131),(#13132,#13133,#13134,#13135,#13136,#13137,#13138,#13139,#13140)),.UNSPECIFIED.,.F.,.F.,.U.,(6,3,6),(6,3,6),(35.3394854395,79.7180618774,124.096638315),(0.,2.585,5.17),.UNSPECIFIED.);
#13060=CARTESIAN_POINT('Control Point',(9412.46391285,-1758.82342761,2474.38483658));
#13061=CARTESIAN_POINT('Control Point',(9412.4170189,-1759.13333725,2474.7372202));
#13062=CARTESIAN_POINT('Control Point',(9412.370592879999,-1759.51285611,2475.02845714));
#13063=CARTESIAN_POINT('Control Point',(9412.3270538,-1759.94610705,2475.24028275));
#13064=CARTESIAN_POINT('Control Point',(9412.250453339999,-1760.87325171,2475.48223813));
#13065=CARTESIAN_POINT('Control Point',(9412.20125156,-1761.82482914,2475.35540416));
#13066=CARTESIAN_POINT('Control Point',(9412.18513104,-1762.28253056,2475.19817296));
#13067=CARTESIAN_POINT('Control Point',(9412.17836261,-1762.69741406,2474.95561416));
#13068=CARTESIAN_POINT('Control Point',(9412.18080636,-1763.05132056,2474.64390684));
#13069=CARTESIAN_POINT('Control Point',(9418.71784198,-1759.21212659,2474.875188));
#13070=CARTESIAN_POINT('Control Point',(9418.6710585,-1759.52201671,2475.22755935));
#13071=CARTESIAN_POINT('Control Point',(9418.624741129999,-1759.90150698,2475.51879333));
#13072=CARTESIAN_POINT('Control Point',(9418.58130288,-1760.33472349,2475.73062848));
#13073=CARTESIAN_POINT('Control Point',(9418.50487681,-1761.26179815,2475.97263033));
#13074=CARTESIAN_POINT('Control Point',(9418.45577973,-1762.21332316,2475.84589089));
#13075=CARTESIAN_POINT('Control Point',(9418.439690289999,-1762.67100774,2475.68871741));
#13076=CARTESIAN_POINT('Control Point',(9418.432929860001,-1763.08588829,2475.44622244));
#13077=CARTESIAN_POINT('Control Point',(9418.435359319999,-1763.4398076,2475.13457945));
#13078=CARTESIAN_POINT('Control Point',(9424.987595729999,-1759.60071406,2475.36534043));
#13079=CARTESIAN_POINT('Control Point',(9424.94092271,-1759.91058458,2475.71769967));
#13080=CARTESIAN_POINT('Control Point',(9424.89471368,-1760.29004623,2476.00893081));
#13081=CARTESIAN_POINT('Control Point',(9424.85137558,-1760.72322829,2476.22077561));
#13082=CARTESIAN_POINT('Control Point',(9424.77512197,-1761.65023296,2476.46282398));
#13083=CARTESIAN_POINT('Control Point',(9424.726126719999,-1762.60170559,2476.3361789));
#13084=CARTESIAN_POINT('Control Point',(9424.71006675,-1763.05937334,2476.179063));
#13085=CARTESIAN_POINT('Control Point',(9424.703312629999,-1763.47425094,2475.93663168));
#13086=CARTESIAN_POINT('Control Point',(9424.70572611,-1763.82818301,2475.62505281));
#13087=CARTESIAN_POINT('Control Point',(9431.265065719999,-1759.98874266,2475.85458449));
#13088=CARTESIAN_POINT('Control Point',(9431.21850302,-1760.29859345,2476.20693211));
#13089=CARTESIAN_POINT('Control Point',(9431.17240125,-1760.67802646,2476.49816082));
#13090=CARTESIAN_POINT('Control Point',(9431.12916137,-1761.11117413,2476.71001552));
#13091=CARTESIAN_POINT('Control Point',(9431.05307478,-1762.038109,2476.95211057));
#13092=CARTESIAN_POINT('Control Point',(9431.004173539999,-1762.98952945,2476.82555932));
#13093=CARTESIAN_POINT('Control Point',(9430.98813869,-1763.44718044,2476.66850057));
#13094=CARTESIAN_POINT('Control Point',(9430.98138635,-1763.86205508,2476.42613233));
#13095=CARTESIAN_POINT('Control Point',(9430.98377936,-1764.21599981,2476.11461694));
#13096=CARTESIAN_POINT('Control Point',(9443.80777103,-1760.76199281,2476.82911927));
#13097=CARTESIAN_POINT('Control Point',(9443.76142825,-1761.07180447,2477.18144309));
#13098=CARTESIAN_POINT('Control Point',(9443.715541359999,-1761.45118043,2477.47266636));
#13099=CARTESIAN_POINT('Control Point',(9443.67249927,-1761.88425953,2477.68454035));
#13100=CARTESIAN_POINT('Control Point',(9443.596751429999,-1762.81105512,2477.92672792));
#13101=CARTESIAN_POINT('Control Point',(9443.548046129999,-1763.76237132,2477.8003639));
#13102=CARTESIAN_POINT('Control Point',(9443.53206618,-1764.21998878,2477.64341936));
#13103=CARTESIAN_POINT('Control Point',(9443.525322419999,-1764.63485746,2477.40117731));
#13104=CARTESIAN_POINT('Control Point',(9443.52767967,-1764.98882745,2477.08978904));
#13105=CARTESIAN_POINT('Control Point',(9456.32500703,-1761.52947071,2477.7958313));
#13106=CARTESIAN_POINT('Control Point',(9456.278882769999,-1761.83924367,2478.14813067));
#13107=CARTESIAN_POINT('Control Point',(9456.233210479999,-1762.21856304,2478.43934784));
#13108=CARTESIAN_POINT('Control Point',(9456.190367159999,-1762.65157398,2478.65124042));
#13109=CARTESIAN_POINT('Control Point',(9456.11496243,-1763.57823099,2478.89351916));
#13110=CARTESIAN_POINT('Control Point',(9456.06646161,-1764.52944331,2478.76734123));
#13111=CARTESIAN_POINT('Control Point',(9456.0505417,-1764.98702732,2478.61051042));
#13112=CARTESIAN_POINT('Control Point',(9456.043812279999,-1765.40188998,2478.36839421));
#13113=CARTESIAN_POINT('Control Point',(9456.046139799999,-1765.75588505,2478.05713283));
#13114=CARTESIAN_POINT('Control Point',(9462.57399823,-1761.91154756,2478.27701264));
#13115=CARTESIAN_POINT('Control Point',(9462.527982809999,-1762.22130133,2478.62929947));
#13116=CARTESIAN_POINT('Control Point',(9462.48241801,-1762.60059254,2478.92051328));
#13117=CARTESIAN_POINT('Control Point',(9462.43967487,-1763.03356952,2479.13241488));
#13118=CARTESIAN_POINT('Control Point',(9462.364444409999,-1763.96015742,2479.37473876));
#13119=CARTESIAN_POINT('Control Point',(9462.31605044,-1764.91131784,2479.24865366));
#13120=CARTESIAN_POINT('Control Point',(9462.30016323,-1765.36888514,2479.09187968));
#13121=CARTESIAN_POINT('Control Point',(9462.2934439,-1765.78374477,2478.84982641));
#13122=CARTESIAN_POINT('Control Point',(9462.295759569999,-1766.13775235,2478.53862858));
#13123=CARTESIAN_POINT('Control Point',(9468.81788764,-1762.29220296,2478.75642736));
#13124=CARTESIAN_POINT('Control Point',(9468.771980739999,-1762.60193764,2479.1087015));
#13125=CARTESIAN_POINT('Control Point',(9468.726523379999,-1762.98120079,2479.39991179));
#13126=CARTESIAN_POINT('Control Point',(9468.683880709999,-1763.41414389,2479.61182225));
#13127=CARTESIAN_POINT('Control Point',(9468.60882569,-1764.34066281,2479.85419097));
#13128=CARTESIAN_POINT('Control Point',(9468.560540799999,-1765.29177143,2479.72819848));
#13129=CARTESIAN_POINT('Control Point',(9468.54468762,-1765.74932202,2479.57148123));
#13130=CARTESIAN_POINT('Control Point',(9468.53797987,-1766.16417861,2479.32949085));
#13131=CARTESIAN_POINT('Control Point',(9468.540285229999,-1766.51819867,2479.01835653));
#13132=CARTESIAN_POINT('Control Point',(9475.06553093,-1762.67198392,2479.23474433));
#13133=CARTESIAN_POINT('Control Point',(9475.01973235,-1762.98169951,2479.58700583));
#13134=CARTESIAN_POINT('Control Point',(9474.97438215,-1763.36093463,2479.87821263));
#13135=CARTESIAN_POINT('Control Point',(9474.93183956,-1763.7938439,2480.09013195));
#13136=CARTESIAN_POINT('Control Point',(9474.8569591,-1764.72029395,2480.33254541));
#13137=CARTESIAN_POINT('Control Point',(9474.808782239999,-1765.67135085,2480.20664528));
#13138=CARTESIAN_POINT('Control Point',(9474.792962559999,-1766.12888476,2480.04998461));
#13139=CARTESIAN_POINT('Control Point',(9474.786265859999,-1766.54373831,2479.80805695));
#13140=CARTESIAN_POINT('Control Point',(9474.78856044,-1766.89777081,2479.49698597));
#13141=B_SPLINE_CURVE_WITH_KNOTS('',5,(#13142,#13143,#13144,#13145,#13146,#13147,#13148,#13149,#13150),.UNSPECIFIED.,.F.,.U.,(6,3,6),(35.3768538215,48.2875076878,124.025185047),.UNSPECIFIED.);
#13142=CARTESIAN_POINT('Control Point',(9412.490243119999,-1758.8250641,2474.38690105));
#13143=CARTESIAN_POINT('Control Point',(9414.30965388,-1758.93814444,2474.52955405));
#13144=CARTESIAN_POINT('Control Point',(9416.13012767,-1759.05119877,2474.67216802));
#13145=CARTESIAN_POINT('Control Point',(9417.95215619,-1759.1642576,2474.8147811));
#13146=CARTESIAN_POINT('Control Point',(9430.46856055,-1759.94029574,2475.79360194));
#13147=CARTESIAN_POINT('Control Point',(9443.01517495,-1760.71399877,2476.76887357));
#13148=CARTESIAN_POINT('Control Point',(9453.701328089999,-1761.37006355,2477.59504512));
#13149=CARTESIAN_POINT('Control Point',(9464.352879059999,-1762.02077242,2478.4145729));
#13150=CARTESIAN_POINT('Control Point',(9475.01523485,-1762.6689265,2479.23089365));
#13151=CARTESIAN_POINT('Vertex',(9412.49024234,-1758.82506405,2474.38690099));
#13152=VERTEX_POINT('',#13151);
#13153=CARTESIAN_POINT('Vertex',(9475.01523485,-1762.6689265,2479.23089367));
#13154=VERTEX_POINT('',#13153);
#13155=EDGE_CURVE('',#13152,#13154,#13141,.T.);
#13156=B_SPLINE_CURVE_WITH_KNOTS('',5,(#13157,#13158,#13159,#13160,#13161,#13162),.UNSPECIFIED.,.F.,.U.,(6,6),(-2.58500002209,2.58500002209),.UNSPECIFIED.);
#13157=CARTESIAN_POINT('Control Point',(9474.73879761,-1766.89474777,2479.49317401));
#13158=CARTESIAN_POINT('Control Point',(9474.73410062,-1766.18667644,2480.11530873));
#13159=CARTESIAN_POINT('Control Point',(9474.76526982,-1765.23532769,2480.46216559));
#13160=CARTESIAN_POINT('Control Point',(9474.833958559999,-1764.18570133,2480.39702125));
#13161=CARTESIAN_POINT('Control Point',(9474.92374362,-1763.28836454,2479.9354251));
#13162=CARTESIAN_POINT('Control Point',(9475.015234869999,-1762.66892651,2479.23089365));
#13163=EDGE_CURVE('',#12977,#13154,#13156,.T.);
#13164=B_SPLINE_CURVE_WITH_KNOTS('',5,(#13165,#13166,#13167,#13168,#13169,#13170),.UNSPECIFIED.,.F.,.U.,(6,6),(0.,10.9321527138),.UNSPECIFIED.);
#13165=CARTESIAN_POINT('Control Point',(9412.18080636,-1763.05132056,2474.64390684));
#13166=CARTESIAN_POINT('Control Point',(9412.18442824,-1762.34406637,2475.26796235));
#13167=CARTESIAN_POINT('Control Point',(9412.224703189999,-1761.39295291,2475.61672038));
#13168=CARTESIAN_POINT('Control Point',(9412.30157996,-1760.34288258,2475.55299454));
#13169=CARTESIAN_POINT('Control Point',(9412.396696739999,-1759.44489554,2475.09168404));
#13170=CARTESIAN_POINT('Control Point',(9412.49024234,-1758.82506405,2474.38690099));
#13171=EDGE_CURVE('',#12968,#13152,#13164,.T.);
#13172=EDGE_LOOP('',(#13173,#13174,#13175,#13176));
#13173=ORIENTED_EDGE('',*,*,#13155,.T.);
#13174=ORIENTED_EDGE('',*,*,#13163,.F.);
#13175=ORIENTED_EDGE('',*,*,#12978,.F.);
#13176=ORIENTED_EDGE('',*,*,#13171,.T.);
#13177=FACE_OUTER_BOUND('',#13172,.T.);
#13178=ADVANCED_FACE('PartBody',(#13177),#13059,.T.);
#13179=B_SPLINE_SURFACE_WITH_KNOTS('',5,2,((#13180,#13181,#13182),(#13183,#13184,#13185),(#13186,#13187,#13188),(#13189,#13190,#13191),(#13192,#13193,#13194),(#13195,#13196,#13197),(#13198,#13199,#13200),(#13201,#13202,#13203),(#13204,#13205,#13206),(#13207,#13208,#13209),(#13210,#13211,#13212),(#13213,#13214,#13215)),.UNSPECIFIED.,.F.,.F.,.U.,(6,3,3,6),(3,3),(59.6624265184,68.0624613296,94.0902313359,128.518036153),(-64.8083023663,46.2385878468),.UNSPECIFIED.);
#13180=CARTESIAN_POINT('Control Point',(9406.505767209999,-1758.45679065,2473.92178928));
#13181=CARTESIAN_POINT('Control Point',(9406.495115649999,-1721.80967321,2432.21038046));
#13182=CARTESIAN_POINT('Control Point',(9406.48446238,-1685.16255575,2390.49897165));
#13183=CARTESIAN_POINT('Control Point',(9408.175799950001,-1758.56070982,2474.05291128));
#13184=CARTESIAN_POINT('Control Point',(9408.1617685,-1721.91372783,2432.34138432));
#13185=CARTESIAN_POINT('Control Point',(9408.147735340001,-1685.26674581,2390.62985738));
#13186=CARTESIAN_POINT('Control Point',(9409.846474,-1758.66459063,2474.18398072));
#13187=CARTESIAN_POINT('Control Point',(9409.82906333,-1722.01774414,2432.47233591));
#13188=CARTESIAN_POINT('Control Point',(9409.81165095,-1685.37089763,2390.76069112));
#13189=CARTESIAN_POINT('Control Point',(9411.51821849,-1758.76845998,2474.31503103));
#13190=CARTESIAN_POINT('Control Point',(9411.4974284,-1722.12174908,2432.60326863));
#13191=CARTESIAN_POINT('Control Point',(9411.476636609999,-1685.47503816,2390.89150626));
#13192=CARTESIAN_POINT('Control Point',(9418.37647576,-1759.19425992,2474.85223462));
#13193=CARTESIAN_POINT('Control Point',(9418.34182974,-1722.54810526,2433.13999128));
#13194=CARTESIAN_POINT('Control Point',(9418.307182029999,-1685.90195058,2391.42774796));
#13195=CARTESIAN_POINT('Control Point',(9425.272367919999,-1759.62109077,2475.39064042));
#13196=CARTESIAN_POINT('Control Point',(9425.22382313,-1722.97549523,2433.67791941));
#13197=CARTESIAN_POINT('Control Point',(9425.175276649999,-1686.32989967,2391.96519843));
#13198=CARTESIAN_POINT('Control Point',(9430.49115582,-1759.94340004,2475.797062));
#13199=CARTESIAN_POINT('Control Point',(9430.43211179,-1723.29822672,2434.08398362));
#13200=CARTESIAN_POINT('Control Point',(9430.37306609,-1686.65305338,2392.37090525));
#13201=CARTESIAN_POINT('Control Point',(9442.603002329999,-1760.68976415,2476.73788744));
#13202=CARTESIAN_POINT('Control Point',(9442.519635189999,-1724.04556867,2435.02398906));
#13203=CARTESIAN_POINT('Control Point',(9442.436266389999,-1687.40137317,2393.3100907));
#13204=CARTESIAN_POINT('Control Point',(9454.67020215,-1761.42948952,2477.66977178));
#13205=CARTESIAN_POINT('Control Point',(9454.562702199999,-1724.78626504,2435.9550767));
#13206=CARTESIAN_POINT('Control Point',(9454.455200619999,-1688.14304055,2394.24038165));
#13207=CARTESIAN_POINT('Control Point',(9461.518496180001,-1761.84800841,2478.19689163));
#13208=CARTESIAN_POINT('Control Point',(9461.39733281,-1725.2053346,2436.48175036));
#13209=CARTESIAN_POINT('Control Point',(9461.27616781,-1688.56266077,2394.76660911));
#13210=CARTESIAN_POINT('Control Point',(9468.351682569999,-1762.26427837,2478.72120981));
#13211=CARTESIAN_POINT('Control Point',(9468.216917399999,-1725.62215503,2437.00562785));
#13212=CARTESIAN_POINT('Control Point',(9468.082150599999,-1688.98003168,2395.29004592));
#13213=CARTESIAN_POINT('Control Point',(9475.193824849999,-1762.67977185,2479.24455418));
#13214=CARTESIAN_POINT('Control Point',(9475.04547196,-1726.03820048,2437.52853573));
#13215=CARTESIAN_POINT('Control Point',(9474.897117459999,-1689.39662909,2395.8125173));
#13216=B_SPLINE_CURVE_WITH_KNOTS('',3,(#13217,#13218,#13219,#13220),.UNSPECIFIED.,.F.,.U.,(4,4),(0.,68.0722527341),.UNSPECIFIED.);
#13217=CARTESIAN_POINT('Control Point',(9412.5455501,-1724.90624519,2435.78048958));
#13218=CARTESIAN_POINT('Control Point',(9412.62595854,-1735.49817286,2447.83696383));
#13219=CARTESIAN_POINT('Control Point',(9412.706366799999,-1746.09009168,2459.89343742));
#13220=CARTESIAN_POINT('Control Point',(9412.78677488,-1756.6820017,2471.94991033));
#13221=CARTESIAN_POINT('Vertex',(9412.5455501,-1724.90624519,2435.78048958));
#13222=VERTEX_POINT('',#13221);
#13223=CARTESIAN_POINT('Vertex',(9412.78677488,-1756.6820017,2471.94991033));
#13224=VERTEX_POINT('',#13223);
#13225=EDGE_CURVE('',#13222,#13224,#13216,.T.);
#13226=B_SPLINE_CURVE_WITH_KNOTS('',5,(#13227,#13228,#13229,#13230,#13231,#13232,#13233,#13234,#13235,#13236,#13237,#13238),.UNSPECIFIED.,.F.,.U.,(6,3,3,6),(0.,3.24425823896,6.49889401026,10.7771657987),.UNSPECIFIED.);
#13227=CARTESIAN_POINT('Control Point',(9407.545688909999,-1721.64129994,2432.02666034));
#13228=CARTESIAN_POINT('Control Point',(9407.99869848,-1721.63960818,2432.02814903));
#13229=CARTESIAN_POINT('Control Point',(9408.456790169999,-1721.67176182,2432.06819747));
#13230=CARTESIAN_POINT('Control Point',(9408.91199685,-1721.73932024,2432.14852072));
#13231=CARTESIAN_POINT('Control Point',(9409.80157157,-1721.94627095,2432.39077006));
#13232=CARTESIAN_POINT('Control Point',(9410.6089352,-1722.29266544,2432.79111394));
#13233=CARTESIAN_POINT('Control Point',(9410.980987179999,-1722.49877815,2433.02851221));
#13234=CARTESIAN_POINT('Control Point',(9411.745635829999,-1723.04126594,2433.65172922));
#13235=CARTESIAN_POINT('Control Point',(9412.25644218,-1723.70336507,2434.40918051));
#13236=CARTESIAN_POINT('Control Point',(9412.44783841,-1724.10180361,2434.86412829));
#13237=CARTESIAN_POINT('Control Point',(9412.542517239999,-1724.50673783,2435.3257423));
#13238=CARTESIAN_POINT('Control Point',(9412.5455501,-1724.90624519,2435.78048958));
#13239=CARTESIAN_POINT('Vertex',(9407.545688909999,-1721.64129994,2432.02666034));
#13240=VERTEX_POINT('',#13239);
#13241=EDGE_CURVE('',#13240,#13222,#13226,.T.);
#13242=B_SPLINE_CURVE_WITH_KNOTS('',3,(#13243,#13244,#13245,#13246),.UNSPECIFIED.,.F.,.U.,(4,4),(0.,1.4954390935),.UNSPECIFIED.);
#13243=CARTESIAN_POINT('Control Point',(9406.495067419999,-1721.64522469,2432.02320669));
#13244=CARTESIAN_POINT('Control Point',(9406.84525642,-1721.6439161,2432.0243582));
#13245=CARTESIAN_POINT('Control Point',(9407.195462109999,-1721.64260786,2432.02550942));
#13246=CARTESIAN_POINT('Control Point',(9407.545688909999,-1721.64129994,2432.02666034));
#13247=CARTESIAN_POINT('Vertex',(9406.495067419999,-1721.64522469,2432.02320669));
#13248=VERTEX_POINT('',#13247);
#13249=EDGE_CURVE('',#13248,#13240,#13242,.T.);
#13250=B_SPLINE_CURVE_WITH_KNOTS('',2,(#13251,#13252,#13253),.UNSPECIFIED.,.F.,.U.,(3,3),(119.085144906,197.012634664),.UNSPECIFIED.);
#13251=CARTESIAN_POINT('Control Point',(9406.495067419999,-1721.64522469,2432.02320669));
#13252=CARTESIAN_POINT('Control Point',(9406.49521297,-1703.46055984,2411.32563096));
#13253=CARTESIAN_POINT('Control Point',(9406.49535911,-1685.27589653,2390.62805541));
#13254=CARTESIAN_POINT('Vertex',(9406.49535911,-1685.27589653,2390.62805541));
#13255=VERTEX_POINT('',#13254);
#13256=EDGE_CURVE('',#13248,#13255,#13250,.T.);
#13257=B_SPLINE_CURVE_WITH_KNOTS('',3,(#13258,#13259,#13260,#13261),.UNSPECIFIED.,.F.,.U.,(4,4),(-0.561989433386,0.561989433386),.UNSPECIFIED.);
#13258=CARTESIAN_POINT('Control Point',(9407.602788009999,-1685.27184051,2390.6316247));
#13259=CARTESIAN_POINT('Control Point',(9407.23360157,-1685.27319428,2390.63043752));
#13260=CARTESIAN_POINT('Control Point',(9406.864462079999,-1685.2745465,2390.62924802));
#13261=CARTESIAN_POINT('Control Point',(9406.49535911,-1685.27589653,2390.62805541));
#13262=CARTESIAN_POINT('Vertex',(9407.602788009999,-1685.27184051,2390.6316247));
#13263=VERTEX_POINT('',#13262);
#13264=EDGE_CURVE('',#13263,#13255,#13257,.T.);
#13265=B_SPLINE_CURVE_WITH_KNOTS('',5,(#13266,#13267,#13268,#13269,#13270,#13271),.UNSPECIFIED.,.F.,.U.,(6,6),(0.,7.26872253186),.UNSPECIFIED.);
#13266=CARTESIAN_POINT('Control Point',(9411.955838689999,-1686.93255139,2392.55398753));
#13267=CARTESIAN_POINT('Control Point',(9411.428696449999,-1686.3187301,2391.85144108));
#13268=CARTESIAN_POINT('Control Point',(9410.6448931,-1685.79007375,2391.2439387));
#13269=CARTESIAN_POINT('Control Point',(9409.65504587,-1685.43264771,2390.82981352));
#13270=CARTESIAN_POINT('Control Point',(9408.61572467,-1685.2681318,2390.63488836));
#13271=CARTESIAN_POINT('Control Point',(9407.602788009999,-1685.27184051,2390.6316247));
#13272=CARTESIAN_POINT('Vertex',(9411.955838689999,-1686.93255139,2392.55398753));
#13273=VERTEX_POINT('',#13272);
#13274=EDGE_CURVE('',#13273,#13263,#13265,.T.);
#13275=B_SPLINE_CURVE_WITH_KNOTS('',5,(#13276,#13277,#13278,#13279,#13280,#13281,#13282,#13283,#13284,#13285,#13286,#13287,#13288,#13289,#13290,#13291,#13292,#13293,#13294,#13295,#13296,#13297,#13298,#13299,#13300,#13301,#13302,#13303,#13304,#13305),.UNSPECIFIED.,.F.,.U.,(6,3,3,3,3,3,3,3,3,6),(0.,112.201652302,140.483736566,142.066057742,145.358286857,150.847683744,158.435376987,163.451333113,166.968059328,169.299266686),.UNSPECIFIED.);
#13276=CARTESIAN_POINT('Control Point',(9474.53034963,-1759.79056219,2475.95043429));
#13277=CARTESIAN_POINT('Control Point',(9466.56339342,-1750.51489403,2465.33196687));
#13278=CARTESIAN_POINT('Control Point',(9458.598140399999,-1741.24097727,2454.71597011));
#13279=CARTESIAN_POINT('Control Point',(9450.62978404,-1731.96336311,2444.09623769));
#13280=CARTESIAN_POINT('Control Point',(9440.64810656,-1720.3412258,2430.79313056));
#13281=CARTESIAN_POINT('Control Point',(9430.66506089,-1708.71722418,2417.48822824));
#13282=CARTESIAN_POINT('Control Point',(9428.6552729,-1706.37707009,2414.80968692));
#13283=CARTESIAN_POINT('Control Point',(9426.53309802,-1703.90605013,2411.98137061));
#13284=CARTESIAN_POINT('Control Point',(9424.41106905,-1701.43520183,2409.15326736));
#13285=CARTESIAN_POINT('Control Point',(9424.29914234,-1701.30487656,2409.00409867));
#13286=CARTESIAN_POINT('Control Point',(9423.94805752,-1700.89608079,2408.53619624));
#13287=CARTESIAN_POINT('Control Point',(9423.57351108,-1700.45996861,2408.03702827));
#13288=CARTESIAN_POINT('Control Point',(9423.30117556,-1700.14286932,2407.67408106));
#13289=CARTESIAN_POINT('Control Point',(9422.559152189999,-1699.27888123,2406.68517375));
#13290=CARTESIAN_POINT('Control Point',(9421.764087239999,-1698.35313607,2405.62558258));
#13291=CARTESIAN_POINT('Control Point',(9421.25556738,-1697.76103381,2404.9478741));
#13292=CARTESIAN_POINT('Control Point',(9420.034867709999,-1696.33969415,2403.32103962));
#13293=CARTESIAN_POINT('Control Point',(9418.792680589999,-1694.89333148,2401.66557104));
#13294=CARTESIAN_POINT('Control Point',(9418.08296698,-1694.06696176,2400.71973241));
#13295=CARTESIAN_POINT('Control Point',(9416.884230219999,-1692.67118347,2399.12216968));
#13296=CARTESIAN_POINT('Control Point',(9415.700194949999,-1691.2925131,2397.54419556));
#13297=CARTESIAN_POINT('Control Point',(9415.2336708,-1690.74929846,2396.92245378));
#13298=CARTESIAN_POINT('Control Point',(9414.447976489999,-1689.8344422,2395.87534803));
#13299=CARTESIAN_POINT('Control Point',(9413.694450569999,-1688.95703366,2394.87110676));
#13300=CARTESIAN_POINT('Control Point',(9413.38651909,-1688.59847523,2394.46071794));
#13301=CARTESIAN_POINT('Control Point',(9412.90148181,-1688.03368911,2393.81429167));
#13302=CARTESIAN_POINT('Control Point',(9412.45536453,-1687.5142166,2393.21973036));
#13303=CARTESIAN_POINT('Control Point',(9412.28687346,-1687.31801966,2392.99517369));
#13304=CARTESIAN_POINT('Control Point',(9412.12135514,-1687.12528405,2392.77457883));
#13305=CARTESIAN_POINT('Control Point',(9411.955838689999,-1686.93255139,2392.55398753));
#13306=CARTESIAN_POINT('Vertex',(9474.53034963,-1759.79056219,2475.95043429));
#13307=VERTEX_POINT('',#13306);
#13308=EDGE_CURVE('',#13307,#13273,#13275,.T.);
#13309=B_SPLINE_CURVE_WITH_KNOTS('',4,(#13310,#13311,#13312,#13313,#13314),.UNSPECIFIED.,.F.,.U.,(5,5),(0.,4.2423550976),.UNSPECIFIED.);
#13310=CARTESIAN_POINT('Control Point',(9475.153642199999,-1761.73196416,2478.16521857));
#13311=CARTESIAN_POINT('Control Point',(9475.22572389,-1761.24400011,2477.61022144));
#13312=CARTESIAN_POINT('Control Point',(9475.152751969999,-1760.73280448,2477.02770934));
#13313=CARTESIAN_POINT('Control Point',(9474.914976209999,-1760.23837041,2476.46306982));
#13314=CARTESIAN_POINT('Control Point',(9474.53034963,-1759.79056219,2475.95043429));
#13315=CARTESIAN_POINT('Vertex',(9475.153642199999,-1761.73196416,2478.16521857));
#13316=VERTEX_POINT('',#13315);
#13317=EDGE_CURVE('',#13316,#13307,#13309,.T.);
#13318=B_SPLINE_CURVE_WITH_KNOTS('',2,(#13319,#13320,#13321),.UNSPECIFIED.,.F.,.U.,(3,3),(0.,2.02641415975),.UNSPECIFIED.);
#13319=CARTESIAN_POINT('Control Point',(9475.015234869999,-1762.66892649,2479.23089366));
#13320=CARTESIAN_POINT('Control Point',(9475.084438559999,-1762.20044504,2478.69805606));
#13321=CARTESIAN_POINT('Control Point',(9475.153642199999,-1761.73196416,2478.16521857));
#13322=EDGE_CURVE('',#13154,#13316,#13318,.T.);
#13323=B_SPLINE_CURVE_WITH_KNOTS('',3,(#13324,#13325,#13326,#13327),.UNSPECIFIED.,.F.,.U.,(4,4),(0.,3.89020286259),.UNSPECIFIED.);
#13324=CARTESIAN_POINT('Control Point',(9412.49024234,-1758.82506405,2474.38690099));
#13325=CARTESIAN_POINT('Control Point',(9412.580865239999,-1758.22551867,2473.70518542));
#13326=CARTESIAN_POINT('Control Point',(9412.671488099999,-1757.62597388,2473.02346982));
#13327=CARTESIAN_POINT('Control Point',(9412.762110919999,-1757.02642969,2472.34175419));
#13328=CARTESIAN_POINT('Vertex',(9412.762110919999,-1757.02642969,2472.34175419));
#13329=VERTEX_POINT('',#13328);
#13330=EDGE_CURVE('',#13152,#13329,#13323,.T.);
#13331=B_SPLINE_CURVE_WITH_KNOTS('',3,(#13332,#13333,#13334,#13335),.UNSPECIFIED.,.F.,.U.,(4,4),(0.,0.742151843871),.UNSPECIFIED.);
#13332=CARTESIAN_POINT('Control Point',(9412.78677488,-1756.6820017,2471.94991033));
#13333=CARTESIAN_POINT('Control Point',(9412.78765172,-1756.79750566,2472.08138524));
#13334=CARTESIAN_POINT('Control Point',(9412.779314199999,-1756.91261611,2472.21234172));
#13335=CARTESIAN_POINT('Control Point',(9412.762110919999,-1757.02642969,2472.34175419));
#13336=EDGE_CURVE('',#13224,#13329,#13331,.T.);
#13337=EDGE_LOOP('',(#13338,#13339,#13340,#13341,#13342,#13343,#13344,#13345,#13346,#13347,#13348,#13349));
#13338=ORIENTED_EDGE('',*,*,#13225,.F.);
#13339=ORIENTED_EDGE('',*,*,#13241,.F.);
#13340=ORIENTED_EDGE('',*,*,#13249,.F.);
#13341=ORIENTED_EDGE('',*,*,#13256,.T.);
#13342=ORIENTED_EDGE('',*,*,#13264,.F.);
#13343=ORIENTED_EDGE('',*,*,#13274,.F.);
#13344=ORIENTED_EDGE('',*,*,#13308,.F.);
#13345=ORIENTED_EDGE('',*,*,#13317,.F.);
#13346=ORIENTED_EDGE('',*,*,#13322,.F.);
#13347=ORIENTED_EDGE('',*,*,#13155,.F.);
#13348=ORIENTED_EDGE('',*,*,#13330,.T.);
#13349=ORIENTED_EDGE('',*,*,#13336,.F.);
#13350=FACE_OUTER_BOUND('',#13337,.T.);
#13351=ADVANCED_FACE('PartBody',(#13350),#13179,.F.);
#13352=B_SPLINE_SURFACE_WITH_KNOTS('',5,1,((#13353,#13354),(#13355,#13356),(#13357,#13358),(#13359,#13360),(#13361,#13362),(#13363,#13364),(#13365,#13366),(#13367,#13368),(#13369,#13370),(#13371,#13372),(#13373,#13374),(#13375,#13376),(#13377,#13378),(#13379,#13380),(#13381,#13382)),.UNSPECIFIED.,.F.,.F.,.U.,(6,3,3,3,6),(2,2),(0.,2.28887963423,4.57268169102,6.85894276478,7.62021011704),(-2.17,4.68583338931E-014),.UNSPECIFIED.);
#13353=CARTESIAN_POINT('Control Point',(9407.545688909999,-1721.64129994,2432.02666034));
#13354=CARTESIAN_POINT('Control Point',(9407.534894369999,-1720.01112894,2433.45890543));
#13355=CARTESIAN_POINT('Control Point',(9407.99768004,-1721.63961198,2432.02814568));
#13356=CARTESIAN_POINT('Control Point',(9407.98688841,-1720.00943983,2433.46038948));
#13357=CARTESIAN_POINT('Control Point',(9408.4547306,-1721.67161735,2432.06801751));
#13358=CARTESIAN_POINT('Control Point',(9408.443941719999,-1720.04144403,2433.50026001));
#13359=CARTESIAN_POINT('Control Point',(9408.90816571,-1721.73884378,2432.14794956));
#13360=CARTESIAN_POINT('Control Point',(9408.897379369999,-1720.10866932,2433.58019077));
#13361=CARTESIAN_POINT('Control Point',(9409.792056139999,-1721.94358622,2432.38764267));
#13362=CARTESIAN_POINT('Control Point',(9409.78127437,-1720.31340951,2433.81988136));
#13363=CARTESIAN_POINT('Control Point',(9410.598103189999,-1722.28754742,2432.78520708));
#13364=CARTESIAN_POINT('Control Point',(9410.58732475,-1720.65736868,2434.21744347));
#13365=CARTESIAN_POINT('Control Point',(9410.96822275,-1722.49155041,2433.02018951));
#13366=CARTESIAN_POINT('Control Point',(9410.957445579999,-1720.86137072,2434.45242484));
#13367=CARTESIAN_POINT('Control Point',(9411.62665446,-1722.95474876,2433.55235948));
#13368=CARTESIAN_POINT('Control Point',(9411.615878999999,-1721.32456742,2434.98459294));
#13369=CARTESIAN_POINT('Control Point',(9412.100495749999,-1723.50849657,2434.18620586));
#13370=CARTESIAN_POINT('Control Point',(9412.08972027,-1721.87831403,2435.61843797));
#13371=CARTESIAN_POINT('Control Point',(9412.281950029999,-1723.80004767,2434.51941792));
#13372=CARTESIAN_POINT('Control Point',(9412.271174089999,-1722.16986468,2435.95164951));
#13373=CARTESIAN_POINT('Control Point',(9412.451702049999,-1724.19816633,2434.97383882));
#13374=CARTESIAN_POINT('Control Point',(9412.44092495,-1722.56798292,2436.40606991));
#13375=CARTESIAN_POINT('Control Point',(9412.52567375,-1724.60328273,2435.43550418));
#13376=CARTESIAN_POINT('Control Point',(9412.51489482,-1722.97309914,2436.86773506));
#13377=CARTESIAN_POINT('Control Point',(9412.538220349999,-1724.70483554,2435.55118734));
#13378=CARTESIAN_POINT('Control Point',(9412.527440919999,-1723.07465193,2436.98341818));
#13379=CARTESIAN_POINT('Control Point',(9412.5447869,-1724.8057122,2435.66605588));
#13380=CARTESIAN_POINT('Control Point',(9412.53400693,-1723.17552857,2437.0982867));
#13381=CARTESIAN_POINT('Control Point',(9412.5455501,-1724.90624519,2435.78048958));
#13382=CARTESIAN_POINT('Control Point',(9412.53476955,-1723.27606156,2437.21272039));
#13383=B_SPLINE_CURVE_WITH_KNOTS('',1,(#13384,#13385),.UNSPECIFIED.,.F.,.U.,(2,2),(-2.17,4.68583338931E-014),.UNSPECIFIED.);
#13384=CARTESIAN_POINT('Control Point',(9412.5455501,-1724.90624519,2435.78048958));
#13385=CARTESIAN_POINT('Control Point',(9412.53476955,-1723.27606156,2437.21272039));
#13386=CARTESIAN_POINT('Vertex',(9412.53476955,-1723.27606156,2437.21272039));
#13387=VERTEX_POINT('',#13386);
#13388=EDGE_CURVE('',#13222,#13387,#13383,.T.);
#13389=B_SPLINE_CURVE_WITH_KNOTS('',5,(#13390,#13391,#13392,#13393,#13394,#13395,#13396,#13397,#13398,#13399,#13400,#13401,#13402,#13403,#13404),.UNSPECIFIED.,.F.,.U.,(6,3,3,3,6),(0.,3.24425824451,6.49889407365,9.75305089644,10.7771659335),.UNSPECIFIED.);
#13390=CARTESIAN_POINT('Control Point',(9407.534894369999,-1720.01112894,2433.45890543));
#13391=CARTESIAN_POINT('Control Point',(9407.98790686,-1720.00943602,2433.46039283));
#13392=CARTESIAN_POINT('Control Point',(9408.44600143,-1720.04158843,2433.50043988));
#13393=CARTESIAN_POINT('Control Point',(9408.90199733,-1720.10940213,2433.58105963));
#13394=CARTESIAN_POINT('Control Point',(9409.790000539999,-1720.31583703,2433.82271005));
#13395=CARTESIAN_POINT('Control Point',(9410.59894865,-1720.66274468,2434.22364993));
#13396=CARTESIAN_POINT('Control Point',(9410.970589869999,-1720.868943,2434.46114255));
#13397=CARTESIAN_POINT('Control Point',(9411.630524979999,-1721.33698765,2434.99883994));
#13398=CARTESIAN_POINT('Control Point',(9412.102464199999,-1721.89571015,2435.6383343));
#13399=CARTESIAN_POINT('Control Point',(9412.28264956,-1722.19035662,2435.97506002));
#13400=CARTESIAN_POINT('Control Point',(9412.446770819999,-1722.58589344,2436.42649988));
#13401=CARTESIAN_POINT('Control Point',(9412.51669524,-1722.98802666,2436.88473931));
#13402=CARTESIAN_POINT('Control Point',(9412.52806726,-1723.08448576,2436.99461589));
#13403=CARTESIAN_POINT('Control Point',(9412.53404411,-1723.18042914,2437.10386487));
#13404=CARTESIAN_POINT('Control Point',(9412.53476955,-1723.27606156,2437.21272039));
#13405=CARTESIAN_POINT('Vertex',(9407.534894369999,-1720.01112894,2433.45890543));
#13406=VERTEX_POINT('',#13405);
#13407=EDGE_CURVE('',#13406,#13387,#13389,.T.);
#13408=B_SPLINE_CURVE_WITH_KNOTS('',1,(#13409,#13410),.UNSPECIFIED.,.F.,.U.,(2,2),(-2.17,-2.58785798546E-014),.UNSPECIFIED.);
#13409=CARTESIAN_POINT('Control Point',(9407.545688909999,-1721.64129994,2432.02666034));
#13410=CARTESIAN_POINT('Control Point',(9407.534894369999,-1720.01112894,2433.45890543));
#13411=EDGE_CURVE('',#13240,#13406,#13408,.T.);
#13412=EDGE_LOOP('',(#13413,#13414,#13415,#13416));
#13413=ORIENTED_EDGE('',*,*,#13241,.T.);
#13414=ORIENTED_EDGE('',*,*,#13388,.T.);
#13415=ORIENTED_EDGE('',*,*,#13407,.F.);
#13416=ORIENTED_EDGE('',*,*,#13411,.F.);
#13417=FACE_OUTER_BOUND('',#13412,.T.);
#13418=ADVANCED_FACE('PartBody',(#13417),#13352,.T.);
#13419=B_SPLINE_SURFACE_WITH_KNOTS('',5,1,((#13420,#13421),(#13422,#13423),(#13424,#13425),(#13426,#13427),(#13428,#13429),(#13430,#13431),(#13432,#13433),(#13434,#13435),(#13436,#13437)),.UNSPECIFIED.,.F.,.F.,.U.,(6,3,6),(2,2),(0.,68.0624613296,139.172434992),(-70.,70.),.UNSPECIFIED.);
#13420=CARTESIAN_POINT('Control Point',(9346.969053450001,-1756.51005831,2474.52926146));
#13421=CARTESIAN_POINT('Control Point',(9347.24896936,-1664.09378214,2369.36675129));
#13422=CARTESIAN_POINT('Control Point',(9360.545579879999,-1757.37315885,2475.61876707));
#13423=CARTESIAN_POINT('Control Point',(9360.75507187,-1664.95963541,2370.45365036));
#13424=CARTESIAN_POINT('Control Point',(9374.220993789999,-1758.23715973,2476.70942481));
#13425=CARTESIAN_POINT('Control Point',(9374.359882249999,-1665.82641815,2371.54173473));
#13426=CARTESIAN_POINT('Control Point',(9387.84726343,-1759.09245247,2477.7891092));
#13427=CARTESIAN_POINT('Control Point',(9387.916144159999,-1666.68449186,2372.61890837));
#13428=CARTESIAN_POINT('Control Point',(9415.31301235,-1760.80622446,2479.95240733));
#13429=CARTESIAN_POINT('Control Point',(9415.241414689999,-1668.40388244,2374.77724589));
#13430=CARTESIAN_POINT('Control Point',(9443.394057199999,-1762.53683744,2482.13534669));
#13431=CARTESIAN_POINT('Control Point',(9443.180205209999,-1670.14023255,2376.95535975));
#13432=CARTESIAN_POINT('Control Point',(9457.574667659999,-1763.40574465,2483.22921328));
#13433=CARTESIAN_POINT('Control Point',(9457.289351219999,-1671.01199295,2378.04689219));
#13434=CARTESIAN_POINT('Control Point',(9471.612546209999,-1764.26008208,2484.30580385));
#13435=CARTESIAN_POINT('Control Point',(9471.25680775,-1671.86918857,2379.12119814));
#13436=CARTESIAN_POINT('Control Point',(9485.80279315,-1765.11813696,2485.38674059));
#13437=CARTESIAN_POINT('Control Point',(9485.37621597,-1672.73013213,2380.19988497));
#13438=B_SPLINE_CURVE_WITH_KNOTS('',3,(#13439,#13440,#13441,#13442),.UNSPECIFIED.,.F.,.U.,(4,4),(0.,0.742151843871),.UNSPECIFIED.);
#13439=CARTESIAN_POINT('Control Point',(9412.775812959999,-1755.05181825,2473.38213997));
#13440=CARTESIAN_POINT('Control Point',(9412.77668915,-1755.16732221,2473.51361487));
#13441=CARTESIAN_POINT('Control Point',(9412.7683509,-1755.28243269,2473.64457138));
#13442=CARTESIAN_POINT('Control Point',(9412.751146859999,-1755.39624631,2473.7739839));
#13443=CARTESIAN_POINT('Vertex',(9412.775812959999,-1755.05181825,2473.38213997));
#13444=VERTEX_POINT('',#13443);
#13445=CARTESIAN_POINT('Vertex',(9412.751146859999,-1755.39624631,2473.7739839));
#13446=VERTEX_POINT('',#13445);
#13447=EDGE_CURVE('',#13444,#13446,#13438,.T.);
#13448=B_SPLINE_CURVE_WITH_KNOTS('',3,(#13449,#13450,#13451,#13452),.UNSPECIFIED.,.F.,.U.,(4,4),(0.,3.89020287681),.UNSPECIFIED.);
#13449=CARTESIAN_POINT('Control Point',(9412.47926606,-1757.19488142,2475.81913145));
#13450=CARTESIAN_POINT('Control Point',(9412.56989303,-1756.59533578,2475.13741563));
#13451=CARTESIAN_POINT('Control Point',(9412.66051996,-1755.99579074,2474.45569978));
#13452=CARTESIAN_POINT('Control Point',(9412.751146859999,-1755.39624631,2473.7739839));
#13453=CARTESIAN_POINT('Vertex',(9412.479265669999,-1757.19488138,2475.8191314));
#13454=VERTEX_POINT('',#13453);
#13455=EDGE_CURVE('',#13454,#13446,#13448,.T.);
#13456=B_SPLINE_CURVE_WITH_KNOTS('',4,(#13457,#13458,#13459,#13460,#13461),.UNSPECIFIED.,.F.,.U.,(5,5),(35.3768532615,124.025181597),.UNSPECIFIED.);
#13457=CARTESIAN_POINT('Control Point',(9412.479265669999,-1757.19488138,2475.8191314));
#13458=CARTESIAN_POINT('Control Point',(9428.095057029999,-1758.16539108,2477.04345342));
#13459=CARTESIAN_POINT('Control Point',(9443.828877039999,-1759.13605294,2478.26722293));
#13460=CARTESIAN_POINT('Control Point',(9459.40476227,-1760.0903257,2479.46865163));
#13461=CARTESIAN_POINT('Control Point',(9475.004701739999,-1761.03858887,2480.66295103));
#13462=CARTESIAN_POINT('Vertex',(9475.004701739999,-1761.03858887,2480.66295103));
#13463=VERTEX_POINT('',#13462);
#13464=EDGE_CURVE('',#13463,#13454,#13456,.F.);
#13465=B_SPLINE_CURVE_WITH_KNOTS('',2,(#13466,#13467,#13468),.UNSPECIFIED.,.F.,.U.,(3,3),(0.,2.02641416351),.UNSPECIFIED.);
#13466=CARTESIAN_POINT('Control Point',(9475.004701739999,-1761.03858887,2480.66295102));
#13467=CARTESIAN_POINT('Control Point',(9475.07390833,-1760.57010723,2480.13011323));
#13468=CARTESIAN_POINT('Control Point',(9475.14311488,-1760.10162616,2479.59727554));
#13469=CARTESIAN_POINT('Vertex',(9475.14311488,-1760.10162616,2479.59727554));
#13470=VERTEX_POINT('',#13469);
#13471=EDGE_CURVE('',#13463,#13470,#13465,.T.);
#13472=B_SPLINE_CURVE_WITH_KNOTS('',4,(#13473,#13474,#13475,#13476,#13477),.UNSPECIFIED.,.F.,.U.,(5,5),(0.,4.24235508854),.UNSPECIFIED.);
#13473=CARTESIAN_POINT('Control Point',(9475.14311488,-1760.10162616,2479.59727554));
#13474=CARTESIAN_POINT('Control Point',(9475.21519959,-1759.61366192,2479.04227822));
#13475=CARTESIAN_POINT('Control Point',(9475.14223017,-1759.10246645,2478.45976632));
#13476=CARTESIAN_POINT('Control Point',(9474.904456079999,-1758.60803293,2477.89512744));
#13477=CARTESIAN_POINT('Control Point',(9474.51983026,-1758.16022562,2477.38249296));
#13478=CARTESIAN_POINT('Vertex',(9474.51983026,-1758.16022562,2477.38249296));
#13479=VERTEX_POINT('',#13478);
#13480=EDGE_CURVE('',#13470,#13479,#13472,.T.);
#13481=B_SPLINE_CURVE_WITH_KNOTS('',5,(#13482,#13483,#13484,#13485,#13486,#13487,#13488,#13489,#13490,#13491,#13492,#13493,#13494,#13495,#13496,#13497,#13498,#13499,#13500,#13501,#13502,#13503,#13504,#13505,#13506,#13507,#13508,#13509,#13510,#13511),.UNSPECIFIED.,.F.,.U.,(6,3,3,3,3,3,3,3,3,6),(0.,112.201652289,140.483736565,142.066057741,145.358286816,150.847683102,158.435375494,163.451331693,166.96805837,169.299266401),.UNSPECIFIED.);
#13482=CARTESIAN_POINT('Control Point',(9474.51983026,-1758.16022562,2477.38249296));
#13483=CARTESIAN_POINT('Control Point',(9466.55288979,-1748.88457643,2466.76404725));
#13484=CARTESIAN_POINT('Control Point',(9458.58765598,-1739.61067873,2456.14807233));
#13485=CARTESIAN_POINT('Control Point',(9450.61930092,-1730.33308383,2445.52836184));
#13486=CARTESIAN_POINT('Control Point',(9440.637601349999,-1718.71097099,2432.22528241));
#13487=CARTESIAN_POINT('Control Point',(9430.654526869999,-1707.0869942,2418.92040814));
#13488=CARTESIAN_POINT('Control Point',(9428.64473303,-1704.74684512,2416.24187248));
#13489=CARTESIAN_POINT('Control Point',(9426.522552259999,-1702.27583046,2413.41356216));
#13490=CARTESIAN_POINT('Control Point',(9424.400518099999,-1699.80498748,2410.58546492));
#13491=CARTESIAN_POINT('Control Point',(9424.28859111,-1699.67466248,2410.43629654));
#13492=CARTESIAN_POINT('Control Point',(9423.93750546,-1699.2658676,2409.96839511));
#13493=CARTESIAN_POINT('Control Point',(9423.562958209999,-1698.82975635,2409.46922819));
#13494=CARTESIAN_POINT('Control Point',(9423.29062215,-1698.51265773,2409.10628174));
#13495=CARTESIAN_POINT('Control Point',(9422.54859744,-1697.64867151,2408.11737655));
#13496=CARTESIAN_POINT('Control Point',(9421.75353125,-1696.72292832,2407.05778761));
#13497=CARTESIAN_POINT('Control Point',(9421.245010659999,-1696.13082733,2406.38008058));
#13498=CARTESIAN_POINT('Control Point',(9420.02430936,-1694.70949077,2404.75324962));
#13499=CARTESIAN_POINT('Control Point',(9418.782120809999,-1693.2631313,2403.09778466));
#13500=CARTESIAN_POINT('Control Point',(9418.072406399999,-1692.43676338,2402.15194808));
#13501=CARTESIAN_POINT('Control Point',(9416.87366845,-1691.0409882,2400.55438888));
#13502=CARTESIAN_POINT('Control Point',(9415.689632239999,-1689.662321,2398.97641836));
#13503=CARTESIAN_POINT('Control Point',(9415.22310761,-1689.11910746,2398.35467782));
#13504=CARTESIAN_POINT('Control Point',(9414.437412719999,-1688.20425323,2397.30757438));
#13505=CARTESIAN_POINT('Control Point',(9413.68388635,-1687.32684659,2396.30333528));
#13506=CARTESIAN_POINT('Control Point',(9413.37595469,-1686.96828892,2395.89294732));
#13507=CARTESIAN_POINT('Control Point',(9412.890917139999,-1686.40350392,2395.24652232));
#13508=CARTESIAN_POINT('Control Point',(9412.44479972,-1685.88403244,2394.65196217));
#13509=CARTESIAN_POINT('Control Point',(9412.276308619999,-1685.68783588,2394.42740594));
#13510=CARTESIAN_POINT('Control Point',(9412.110790279999,-1685.49510063,2394.2068115));
#13511=CARTESIAN_POINT('Control Point',(9411.945273809999,-1685.30236834,2393.9862206));
#13512=CARTESIAN_POINT('Vertex',(9411.945273809999,-1685.30236834,2393.9862206));
#13513=VERTEX_POINT('',#13512);
#13514=EDGE_CURVE('',#13479,#13513,#13481,.T.);
#13515=B_SPLINE_CURVE_WITH_KNOTS('',5,(#13516,#13517,#13518,#13519,#13520,#13521),.UNSPECIFIED.,.F.,.U.,(6,6),(0.,7.26872262516),.UNSPECIFIED.);
#13516=CARTESIAN_POINT('Control Point',(9411.945273809999,-1685.30236834,2393.9862206));
#13517=CARTESIAN_POINT('Control Point',(9411.418131639999,-1684.68854837,2393.28367565));
#13518=CARTESIAN_POINT('Control Point',(9410.63432619,-1684.15989401,2392.67617553));
#13519=CARTESIAN_POINT('Control Point',(9409.644474679999,-1683.80247049,2392.26205319));
#13520=CARTESIAN_POINT('Control Point',(9408.605147779999,-1683.63795722,2392.067131));
#13521=CARTESIAN_POINT('Control Point',(9407.592204709999,-1683.64166852,2392.06387024));
#13522=CARTESIAN_POINT('Vertex',(9407.592204709999,-1683.64166852,2392.06387024));
#13523=VERTEX_POINT('',#13522);
#13524=EDGE_CURVE('',#13513,#13523,#13515,.T.);
#13525=B_SPLINE_CURVE_WITH_KNOTS('',3,(#13526,#13527,#13528,#13529),.UNSPECIFIED.,.F.,.U.,(4,4),(-0.561989433388,0.561989433388),.UNSPECIFIED.);
#13526=CARTESIAN_POINT('Control Point',(9407.592204709999,-1683.64166852,2392.06387024));
#13527=CARTESIAN_POINT('Control Point',(9407.22301595,-1683.64302323,2392.06268411));
#13528=CARTESIAN_POINT('Control Point',(9406.853874139999,-1683.6443764,2392.06149567));
#13529=CARTESIAN_POINT('Control Point',(9406.48476886,-1683.64572737,2392.06030412));
#13530=CARTESIAN_POINT('Vertex',(9406.48476886,-1683.64572737,2392.06030412));
#13531=VERTEX_POINT('',#13530);
#13532=EDGE_CURVE('',#13523,#13531,#13525,.T.);
#13533=B_SPLINE_CURVE_WITH_KNOTS('',2,(#13534,#13535,#13536),.UNSPECIFIED.,.F.,.U.,(3,3),(119.085144906,197.012634664),.UNSPECIFIED.);
#13534=CARTESIAN_POINT('Control Point',(9406.48426619,-1720.01505636,2433.45545477));
#13535=CARTESIAN_POINT('Control Point',(9406.484517019999,-1701.83039109,2412.75787936));
#13536=CARTESIAN_POINT('Control Point',(9406.48476886,-1683.64572737,2392.06030412));
#13537=CARTESIAN_POINT('Vertex',(9406.48426619,-1720.01505636,2433.45545477));
#13538=VERTEX_POINT('',#13537);
#13539=EDGE_CURVE('',#13531,#13538,#13533,.F.);
#13540=B_SPLINE_CURVE_WITH_KNOTS('',3,(#13541,#13542,#13543,#13544),.UNSPECIFIED.,.F.,.U.,(4,4),(0.,1.4954390935),.UNSPECIFIED.);
#13541=CARTESIAN_POINT('Control Point',(9406.48426619,-1720.01505636,2433.45545477));
#13542=CARTESIAN_POINT('Control Point',(9406.834457409999,-1720.01374688,2433.45660529));
#13543=CARTESIAN_POINT('Control Point',(9407.18466533,-1720.01243775,2433.4577555));
#13544=CARTESIAN_POINT('Control Point',(9407.534894369999,-1720.01112894,2433.45890543));
#13545=EDGE_CURVE('',#13538,#13406,#13540,.T.);
#13546=B_SPLINE_CURVE_WITH_KNOTS('',3,(#13547,#13548,#13549,#13550),.UNSPECIFIED.,.F.,.U.,(4,4),(0.,68.0722527341),.UNSPECIFIED.);
#13547=CARTESIAN_POINT('Control Point',(9412.53476955,-1723.27606156,2437.21272039));
#13548=CARTESIAN_POINT('Control Point',(9412.61511742,-1733.86798929,2449.26919426));
#13549=CARTESIAN_POINT('Control Point',(9412.69546522,-1744.45990817,2461.32566745));
#13550=CARTESIAN_POINT('Control Point',(9412.775812959999,-1755.05181825,2473.38213997));
#13551=EDGE_CURVE('',#13387,#13444,#13546,.T.);
#13552=EDGE_LOOP('',(#13553,#13554,#13555,#13556,#13557,#13558,#13559,#13560,#13561,#13562,#13563,#13564));
#13553=ORIENTED_EDGE('',*,*,#13447,.T.);
#13554=ORIENTED_EDGE('',*,*,#13455,.F.);
#13555=ORIENTED_EDGE('',*,*,#13464,.F.);
#13556=ORIENTED_EDGE('',*,*,#13471,.T.);
#13557=ORIENTED_EDGE('',*,*,#13480,.T.);
#13558=ORIENTED_EDGE('',*,*,#13514,.T.);
#13559=ORIENTED_EDGE('',*,*,#13524,.T.);
#13560=ORIENTED_EDGE('',*,*,#13532,.T.);
#13561=ORIENTED_EDGE('',*,*,#13539,.T.);
#13562=ORIENTED_EDGE('',*,*,#13545,.T.);
#13563=ORIENTED_EDGE('',*,*,#13407,.T.);
#13564=ORIENTED_EDGE('',*,*,#13551,.T.);
#13565=FACE_OUTER_BOUND('',#13552,.T.);
#13566=ADVANCED_FACE('PartBody',(#13565),#13419,.T.);
#13567=B_SPLINE_SURFACE_WITH_KNOTS('',5,1,((#13568,#13569),(#13570,#13571),(#13572,#13573),(#13574,#13575),(#13576,#13577),(#13578,#13579)),.UNSPECIFIED.,.F.,.F.,.U.,(6,6),(2,2),(0.,1.05064119061),(-2.17,1.40998324127E-013),.UNSPECIFIED.);
#13568=CARTESIAN_POINT('Control Point',(9406.495067419999,-1721.64522469,2432.02320669));
#13569=CARTESIAN_POINT('Control Point',(9406.48426619,-1720.01505636,2433.45545477));
#13570=CARTESIAN_POINT('Control Point',(9406.70519173,-1721.6444395,2432.02389763));
#13571=CARTESIAN_POINT('Control Point',(9406.69439183,-1720.01427064,2433.45614512));
#13572=CARTESIAN_POINT('Control Point',(9406.915316029999,-1721.64365442,2432.02458847));
#13573=CARTESIAN_POINT('Control Point',(9406.90451747,-1720.01348503,2433.45683535));
#13574=CARTESIAN_POINT('Control Point',(9407.125440329999,-1721.64286947,2432.0252792));
#13575=CARTESIAN_POINT('Control Point',(9407.1146431,-1720.01269954,2433.45752549));
#13576=CARTESIAN_POINT('Control Point',(9407.33556462,-1721.64208464,2432.02596983));
#13577=CARTESIAN_POINT('Control Point',(9407.32476874,-1720.01191418,2433.45821551));
#13578=CARTESIAN_POINT('Control Point',(9407.545688909999,-1721.64129994,2432.02666034));
#13579=CARTESIAN_POINT('Control Point',(9407.534894369999,-1720.01112894,2433.45890543));
#13580=B_SPLINE_CURVE_WITH_KNOTS('',1,(#13581,#13582),.UNSPECIFIED.,.F.,.U.,(2,2),(-2.17,1.40998324127E-013),.UNSPECIFIED.);
#13581=CARTESIAN_POINT('Control Point',(9406.495067419999,-1721.64522469,2432.02320669));
#13582=CARTESIAN_POINT('Control Point',(9406.48426619,-1720.01505636,2433.45545477));
#13583=EDGE_CURVE('',#13538,#13248,#13580,.F.);
#13584=EDGE_LOOP('',(#13585,#13586,#13587,#13588));
#13585=ORIENTED_EDGE('',*,*,#13249,.T.);
#13586=ORIENTED_EDGE('',*,*,#13411,.T.);
#13587=ORIENTED_EDGE('',*,*,#13545,.F.);
#13588=ORIENTED_EDGE('',*,*,#13583,.T.);
#13589=FACE_OUTER_BOUND('',#13584,.T.);
#13590=ADVANCED_FACE('PartBody',(#13589),#13567,.T.);
#13591=B_SPLINE_SURFACE_WITH_KNOTS('',5,1,((#13592,#13593),(#13594,#13595),(#13596,#13597),(#13598,#13599),(#13600,#13601),(#13602,#13603),(#13604,#13605),(#13606,#13607),(#13608,#13609),(#13610,#13611),(#13612,#13613),(#13614,#13615),(#13616,#13617),(#13618,#13619),(#13620,#13621)),.UNSPECIFIED.,.F.,.F.,.U.,(6,3,3,3,6),(2,2),(0.,2.88157348341,5.76314696682,8.64472045023,9.60524494471),(-4.03304698066E-007,2.17000000001),.UNSPECIFIED.);
#13592=CARTESIAN_POINT('Control Point',(9401.339999599999,-1723.91876537,2430.06573356));
#13593=CARTESIAN_POINT('Control Point',(9403.51,-1723.91876537,2430.06573356));
#13594=CARTESIAN_POINT('Control Point',(9401.339999599999,-1723.55217386,2430.3843549));
#13595=CARTESIAN_POINT('Control Point',(9403.51,-1723.70532252,2430.24980016));
#13596=CARTESIAN_POINT('Control Point',(9401.397035869999,-1723.18556508,2430.70295611));
#13597=CARTESIAN_POINT('Control Point',(9403.54309648,-1723.4918623,2430.43384672));
#13598=CARTESIAN_POINT('Control Point',(9401.511134319999,-1722.8256314,2431.01572051));
#13599=CARTESIAN_POINT('Control Point',(9403.609304469999,-1723.28228125,2430.61451294));
#13600=CARTESIAN_POINT('Control Point',(9401.84912495,-1722.13278271,2431.61769853));
#13601=CARTESIAN_POINT('Control Point',(9403.805430549999,-1722.87883632,2430.96222399));
#13602=CARTESIAN_POINT('Control Point',(9402.39055113,-1721.51781824,2432.15185851));
#13603=CARTESIAN_POINT('Control Point',(9404.11960432,-1722.52071231,2431.27072674));
#13604=CARTESIAN_POINT('Control Point',(9402.70813764,-1721.23578002,2432.39679507));
#13605=CARTESIAN_POINT('Control Point',(9404.30389048,-1722.35645871,2431.41217901));
#13606=CARTESIAN_POINT('Control Point',(9403.4249882,-1720.73331863,2432.83306538));
#13607=CARTESIAN_POINT('Control Point',(9404.719857889999,-1722.06381556,2431.66410531));
#13608=CARTESIAN_POINT('Control Point',(9404.27649195,-1720.36983019,2433.14846506));
#13609=CARTESIAN_POINT('Control Point',(9405.213960609999,-1721.85207022,2431.84618516));
#13610=CARTESIAN_POINT('Control Point',(9404.728773499999,-1720.22679326,2433.27250628));
#13611=CARTESIAN_POINT('Control Point',(9405.47640637,-1721.76873094,2431.91777669));
#13612=CARTESIAN_POINT('Control Point',(9405.35572662,-1720.09131827,2433.38986744));
#13613=CARTESIAN_POINT('Control Point',(9405.840208919999,-1721.68977207,2431.98548339));
#13614=CARTESIAN_POINT('Control Point',(9405.99898516,-1720.03137916,2433.4415669));
#13615=CARTESIAN_POINT('Control Point',(9406.213473039999,-1721.65479084,2432.01525513));
#13616=CARTESIAN_POINT('Control Point',(9406.16049364,-1720.0211555,2433.45035323));
#13617=CARTESIAN_POINT('Control Point',(9406.30719168,-1721.64881753,2432.02030715));
#13618=CARTESIAN_POINT('Control Point',(9406.32236412,-1720.01571403,2433.45498292));
#13619=CARTESIAN_POINT('Control Point',(9406.401120389999,-1721.64562855,2432.02295783));
#13620=CARTESIAN_POINT('Control Point',(9406.48426619,-1720.01505606,2433.45545504));
#13621=CARTESIAN_POINT('Control Point',(9406.495067419999,-1721.64522469,2432.02320669));
#13622=B_SPLINE_CURVE_WITH_KNOTS('',5,(#13623,#13624,#13625,#13626,#13627,#13628),.UNSPECIFIED.,.F.,.U.,(6,6),(0.,10.9083245502),.UNSPECIFIED.);
#13623=CARTESIAN_POINT('Control Point',(9403.51,-1723.91876518,2430.06573372));
#13624=CARTESIAN_POINT('Control Point',(9403.510000079999,-1723.20728816,2430.6792898));
#13625=CARTESIAN_POINT('Control Point',(9403.876721319999,-1722.49490705,2431.29323741));
#13626=CARTESIAN_POINT('Control Point',(9404.61701464,-1721.93106111,2431.77869757));
#13627=CARTESIAN_POINT('Control Point',(9405.555587569999,-1721.64926336,2432.02071808));
#13628=CARTESIAN_POINT('Control Point',(9406.495067419999,-1721.64522469,2432.02320669));
#13629=CARTESIAN_POINT('Vertex',(9403.51,-1723.91876537,2430.06573356));
#13630=VERTEX_POINT('',#13629);
#13631=EDGE_CURVE('',#13630,#13248,#13622,.T.);
#13632=B_SPLINE_CURVE_WITH_KNOTS('',5,(#13633,#13634,#13635,#13636,#13637,#13638),.UNSPECIFIED.,.F.,.U.,(6,6),(0.,10.9085969249),.UNSPECIFIED.);
#13633=CARTESIAN_POINT('Control Point',(9401.34,-1723.91876518,2430.06573372));
#13634=CARTESIAN_POINT('Control Point',(9401.34,-1722.69676155,2431.12783261));
#13635=CARTESIAN_POINT('Control Point',(9401.97177994,-1721.47383526,2432.19034411));
#13636=CARTESIAN_POINT('Control Point',(9403.247708969999,-1720.50511797,2433.03151422));
#13637=CARTESIAN_POINT('Control Point',(9404.865188809999,-1720.02163614,2433.4507336));
#13638=CARTESIAN_POINT('Control Point',(9406.48426619,-1720.01505636,2433.45545477));
#13639=CARTESIAN_POINT('Vertex',(9401.34,-1723.91876621,2430.06573282));
#13640=VERTEX_POINT('',#13639);
#13641=EDGE_CURVE('',#13640,#13538,#13632,.T.);
#13642=B_SPLINE_CURVE_WITH_KNOTS('',1,(#13643,#13644),.UNSPECIFIED.,.F.,.U.,(2,2),(-1.74653789965E-014,2.17),.UNSPECIFIED.);
#13643=CARTESIAN_POINT('Control Point',(9401.34,-1723.91876537,2430.06573356));
#13644=CARTESIAN_POINT('Control Point',(9403.51,-1723.91876537,2430.06573356));
#13645=EDGE_CURVE('',#13640,#13630,#13642,.T.);
#13646=EDGE_LOOP('',(#13647,#13648,#13649,#13650));
#13647=ORIENTED_EDGE('',*,*,#13631,.T.);
#13648=ORIENTED_EDGE('',*,*,#13583,.F.);
#13649=ORIENTED_EDGE('',*,*,#13641,.F.);
#13650=ORIENTED_EDGE('',*,*,#13645,.T.);
#13651=FACE_OUTER_BOUND('',#13646,.T.);
#13652=ADVANCED_FACE('PartBody',(#13651),#13591,.F.);
#13653=B_SPLINE_SURFACE_WITH_KNOTS('',2,5,((#13654,#13655,#13656,#13657,#13658,#13659,#13660,#13661,#13662),(#13663,#13664,#13665,#13666,#13667,#13668,#13669,#13670,#13671),(#13672,#13673,#13674,#13675,#13676,#13677,#13678,#13679,#13680)),.UNSPECIFIED.,.F.,.F.,.U.,(3,3),(6,3,6),(119.042610946,197.012634664),(0.,2.585,5.17),.UNSPECIFIED.);
#13654=CARTESIAN_POINT('Control Point',(9401.34,-1723.91876453,2430.0657343));
#13655=CARTESIAN_POINT('Control Point',(9401.34,-1723.31061535,2430.60004752));
#13656=CARTESIAN_POINT('Control Point',(9401.4984117,-1722.70245672,2431.13436905));
#13657=CARTESIAN_POINT('Control Point',(9401.815470239999,-1722.12540251,2431.64136258));
#13658=CARTESIAN_POINT('Control Point',(9402.73287845,-1721.09533271,2432.54637065));
#13659=CARTESIAN_POINT('Control Point',(9404.09945632,-1720.40102121,2433.15638514));
#13660=CARTESIAN_POINT('Control Point',(9404.866005329999,-1720.15996511,2433.3681744));
#13661=CARTESIAN_POINT('Control Point',(9405.67474767,-1720.03793439,2433.47538926));
#13662=CARTESIAN_POINT('Control Point',(9406.48426592,-1720.03490728,2433.47804885));
#13663=CARTESIAN_POINT('Control Point',(9401.34,-1705.7241748,2409.35686109));
#13664=CARTESIAN_POINT('Control Point',(9401.34,-1705.11600676,2409.89119087));
#13665=CARTESIAN_POINT('Control Point',(9401.49842152,-1704.50782927,2410.42552895));
#13666=CARTESIAN_POINT('Control Point',(9401.81549974,-1703.93075908,2410.93253649));
#13667=CARTESIAN_POINT('Control Point',(9402.732962709999,-1702.90066886,2411.83756247));
#13668=CARTESIAN_POINT('Control Point',(9404.09961234,-1702.20636595,2412.4475694));
#13669=CARTESIAN_POINT('Control Point',(9404.86619807,-1701.96532293,2412.65934716));
#13670=CARTESIAN_POINT('Control Point',(9405.674973339999,-1701.84331423,2412.76654266));
#13671=CARTESIAN_POINT('Control Point',(9406.484516889999,-1701.84031654,2412.7691764));
#13672=CARTESIAN_POINT('Control Point',(9401.34,-1687.52958661,2388.64798808));
#13673=CARTESIAN_POINT('Control Point',(9401.34,-1686.92139963,2389.18233447));
#13674=CARTESIAN_POINT('Control Point',(9401.498431369999,-1686.31320319,2389.71668918));
#13675=CARTESIAN_POINT('Control Point',(9401.815529359999,-1685.73611698,2390.22371078));
#13676=CARTESIAN_POINT('Control Point',(9402.733047309999,-1684.70600625,2391.12875474));
#13677=CARTESIAN_POINT('Control Point',(9404.09976899,-1684.01171196,2391.73875407));
#13678=CARTESIAN_POINT('Control Point',(9404.86639159,-1683.77068209,2391.95052027));
#13679=CARTESIAN_POINT('Control Point',(9405.67519993,-1683.6486955,2392.05769635));
#13680=CARTESIAN_POINT('Control Point',(9406.48476886,-1683.64572737,2392.06030412));
#13681=B_SPLINE_CURVE_WITH_KNOTS('',5,(#13682,#13683,#13684,#13685,#13686,#13687),.UNSPECIFIED.,.F.,.U.,(6,6),(0.,10.9089176455),.UNSPECIFIED.);
#13682=CARTESIAN_POINT('Control Point',(9401.34,-1687.55383374,2388.67558587));
#13683=CARTESIAN_POINT('Control Point',(9401.34,-1686.3304051,2389.73615085));
#13684=CARTESIAN_POINT('Control Point',(9401.971940129999,-1685.10578777,2390.79736074));
#13685=CARTESIAN_POINT('Control Point',(9403.24794698,-1684.13623877,2391.63706449));
#13686=CARTESIAN_POINT('Control Point',(9404.865597939999,-1683.65219103,2392.0556886));
#13687=CARTESIAN_POINT('Control Point',(9406.48476886,-1683.64572737,2392.06030412));
#13688=CARTESIAN_POINT('Vertex',(9401.34,-1687.55383457,2388.67558514));
#13689=VERTEX_POINT('',#13688);
#13690=EDGE_CURVE('',#13689,#13531,#13681,.T.);
#13691=B_SPLINE_CURVE_WITH_KNOTS('',5,(#13692,#13693,#13694,#13695,#13696,#13697),.UNSPECIFIED.,.F.,.U.,(6,6),(119.042610946,196.960681066),.UNSPECIFIED.);
#13692=CARTESIAN_POINT('Control Point',(9401.34,-1723.91876453,2430.0657343));
#13693=CARTESIAN_POINT('Control Point',(9401.34,-1716.64577807,2421.78770458));
#13694=CARTESIAN_POINT('Control Point',(9401.34,-1709.37279175,2413.50967487));
#13695=CARTESIAN_POINT('Control Point',(9401.34,-1702.09980559,2405.23164519));
#13696=CARTESIAN_POINT('Control Point',(9401.34,-1694.82681959,2396.95361552));
#13697=CARTESIAN_POINT('Control Point',(9401.34,-1687.55383374,2388.67558587));
#13698=EDGE_CURVE('',#13689,#13640,#13691,.F.);
#13699=EDGE_LOOP('',(#13700,#13701,#13702,#13703));
#13700=ORIENTED_EDGE('',*,*,#13690,.F.);
#13701=ORIENTED_EDGE('',*,*,#13698,.T.);
#13702=ORIENTED_EDGE('',*,*,#13641,.T.);
#13703=ORIENTED_EDGE('',*,*,#13539,.F.);
#13704=FACE_OUTER_BOUND('',#13699,.T.);
#13705=ADVANCED_FACE('PartBody',(#13704),#13653,.F.);
#13706=B_SPLINE_SURFACE_WITH_KNOTS('',5,1,((#13707,#13708),(#13709,#13710),(#13711,#13712),(#13713,#13714),(#13715,#13716),(#13717,#13718),(#13719,#13720),(#13721,#13722),(#13723,#13724),(#13725,#13726),(#13727,#13728),(#13729,#13730),(#13731,#13732),(#13733,#13734),(#13735,#13736)),.UNSPECIFIED.,.F.,.F.,.U.,(6,3,3,3,6),(2,2),(0.,2.88172452956,5.76344905912,8.64517358868,9.60574843187),(-2.00637034139E-007,2.17),.UNSPECIFIED.);
#13707=CARTESIAN_POINT('Control Point',(9401.3399998,-1687.55383415,2388.67558551));
#13708=CARTESIAN_POINT('Control Point',(9403.51,-1687.55383415,2388.67558551));
#13709=CARTESIAN_POINT('Control Point',(9401.3399998,-1687.18680859,2388.99375238));
#13710=CARTESIAN_POINT('Control Point',(9403.51,-1687.33996549,2388.85919041));
#13711=CARTESIAN_POINT('Control Point',(9401.39704222,-1686.81976595,2389.31189926));
#13712=CARTESIAN_POINT('Control Point',(9403.543100049999,-1687.12607964,2389.04277542));
#13713=CARTESIAN_POINT('Control Point',(9401.51115373,-1686.45940492,2389.62421917));
#13714=CARTESIAN_POINT('Control Point',(9403.60931562,-1686.91607997,2389.22298949));
#13715=CARTESIAN_POINT('Control Point',(9401.849181309999,-1685.76574031,2390.22533647));
#13716=CARTESIAN_POINT('Control Point',(9403.80546315,-1686.51183327,2389.56982739));
#13717=CARTESIAN_POINT('Control Point',(9402.39066601,-1685.15005966,2390.75872699));
#13718=CARTESIAN_POINT('Control Point',(9404.119670889999,-1686.1530026,2389.87755234));
#13719=CARTESIAN_POINT('Control Point',(9402.70828674,-1684.86769584,2391.0033086));
#13720=CARTESIAN_POINT('Control Point',(9404.30397692,-1685.98842668,2390.0186468));
#13721=CARTESIAN_POINT('Control Point',(9403.42521376,-1684.36466256,2391.4389404));
#13722=CARTESIAN_POINT('Control Point',(9404.71998871,-1685.69521423,2390.26993233));
#13723=CARTESIAN_POINT('Control Point',(9404.27680412,-1684.00078144,2391.75386196));
#13724=CARTESIAN_POINT('Control Point',(9405.214141709999,-1685.48306974,2390.45153975));
#13725=CARTESIAN_POINT('Control Point',(9404.72913005,-1683.85759822,2391.87770862));
#13726=CARTESIAN_POINT('Control Point',(9405.47661322,-1685.39957833,2390.52294184));
#13727=CARTESIAN_POINT('Control Point',(9405.356141009999,-1683.72199957,2391.99487379));
#13728=CARTESIAN_POINT('Control Point',(9405.840449359999,-1685.32048433,2390.59046265));
#13729=CARTESIAN_POINT('Control Point',(9405.999451689999,-1683.66203376,2392.04646449));
#13730=CARTESIAN_POINT('Control Point',(9406.21374374,-1685.2854601,2390.62013995));
#13731=CARTESIAN_POINT('Control Point',(9406.16097277,-1683.65180951,2392.05522915));
#13732=CARTESIAN_POINT('Control Point',(9406.307469699999,-1685.27948184,2390.62517413));
#13733=CARTESIAN_POINT('Control Point',(9406.32285533,-1683.64637358,2392.0598427));
#13734=CARTESIAN_POINT('Control Point',(9406.40140542,-1685.27629373,2390.62781277));
#13735=CARTESIAN_POINT('Control Point',(9406.48476886,-1683.64572722,2392.06030425));
#13736=CARTESIAN_POINT('Control Point',(9406.49535911,-1685.27589653,2390.62805541));
#13737=B_SPLINE_CURVE_WITH_KNOTS('',1,(#13738,#13739),.UNSPECIFIED.,.F.,.U.,(2,2),(-5.27795233578E-013,2.17),.UNSPECIFIED.);
#13738=CARTESIAN_POINT('Control Point',(9401.34,-1687.55383415,2388.67558551));
#13739=CARTESIAN_POINT('Control Point',(9403.51,-1687.55383415,2388.67558551));
#13740=CARTESIAN_POINT('Vertex',(9403.51,-1687.55383415,2388.67558551));
#13741=VERTEX_POINT('',#13740);
#13742=EDGE_CURVE('',#13689,#13741,#13737,.T.);
#13743=B_SPLINE_CURVE_WITH_KNOTS('',1,(#13744,#13745),.UNSPECIFIED.,.F.,.U.,(2,2),(4.4408920985E-016,2.17),.UNSPECIFIED.);
#13744=CARTESIAN_POINT('Control Point',(9406.48476886,-1683.64572737,2392.06030412));
#13745=CARTESIAN_POINT('Control Point',(9406.49535911,-1685.27589653,2390.62805541));
#13746=EDGE_CURVE('',#13255,#13531,#13743,.F.);
#13747=B_SPLINE_CURVE_WITH_KNOTS('',5,(#13748,#13749,#13750,#13751,#13752,#13753),.UNSPECIFIED.,.F.,.U.,(6,6),(0.,10.9088119628),.UNSPECIFIED.);
#13748=CARTESIAN_POINT('Control Point',(9403.51,-1687.55383406,2388.67558559));
#13749=CARTESIAN_POINT('Control Point',(9403.51000004,-1686.84093953,2389.28760105));
#13750=CARTESIAN_POINT('Control Point',(9403.87675915,-1686.12713897,2389.90001038));
#13751=CARTESIAN_POINT('Control Point',(9404.617131819999,-1685.56218099,2390.38424823));
#13752=CARTESIAN_POINT('Control Point',(9405.555810619999,-1685.27986856,2390.62562901));
#13753=CARTESIAN_POINT('Control Point',(9406.49535911,-1685.27589653,2390.62805541));
#13754=EDGE_CURVE('',#13741,#13255,#13747,.T.);
#13755=EDGE_LOOP('',(#13756,#13757,#13758,#13759));
#13756=ORIENTED_EDGE('',*,*,#13742,.F.);
#13757=ORIENTED_EDGE('',*,*,#13690,.T.);
#13758=ORIENTED_EDGE('',*,*,#13746,.F.);
#13759=ORIENTED_EDGE('',*,*,#13754,.F.);
#13760=FACE_OUTER_BOUND('',#13755,.T.);
#13761=ADVANCED_FACE('PartBody',(#13760),#13706,.T.);
#13762=B_SPLINE_SURFACE_WITH_KNOTS('',5,1,((#13763,#13764),(#13765,#13766),(#13767,#13768),(#13769,#13770),(#13771,#13772),(#13773,#13774)),.UNSPECIFIED.,.F.,.F.,.U.,(6,6),(2,2),(0.,1.1074490429),(-2.17,0.),.UNSPECIFIED.);
#13763=CARTESIAN_POINT('Control Point',(9406.49535911,-1685.27589653,2390.62805541));
#13764=CARTESIAN_POINT('Control Point',(9406.48476886,-1683.64572737,2392.06030412));
#13765=CARTESIAN_POINT('Control Point',(9406.7168449,-1685.27508506,2390.6287695));
#13766=CARTESIAN_POINT('Control Point',(9406.70625603,-1683.64491533,2392.06101757));
#13767=CARTESIAN_POINT('Control Point',(9406.938330679999,-1685.27427372,2390.62948348));
#13768=CARTESIAN_POINT('Control Point',(9406.9277432,-1683.64410343,2392.06173092));
#13769=CARTESIAN_POINT('Control Point',(9407.15981646,-1685.27346252,2390.63019734));
#13770=CARTESIAN_POINT('Control Point',(9407.14923037,-1683.64329166,2392.06244414));
#13771=CARTESIAN_POINT('Control Point',(9407.381302239999,-1685.27265145,2390.63091108));
#13772=CARTESIAN_POINT('Control Point',(9407.37071754,-1683.64248003,2392.06315725));
#13773=CARTESIAN_POINT('Control Point',(9407.602788009999,-1685.27184051,2390.6316247));
#13774=CARTESIAN_POINT('Control Point',(9407.592204709999,-1683.64166852,2392.06387024));
#13775=B_SPLINE_CURVE_WITH_KNOTS('',1,(#13776,#13777),.UNSPECIFIED.,.F.,.U.,(2,2),(-2.17,-8.34930313003E-014),.UNSPECIFIED.);
#13776=CARTESIAN_POINT('Control Point',(9407.602788009999,-1685.27184051,2390.6316247));
#13777=CARTESIAN_POINT('Control Point',(9407.592204709999,-1683.64166852,2392.06387024));
#13778=EDGE_CURVE('',#13263,#13523,#13775,.T.);
#13779=EDGE_LOOP('',(#13780,#13781,#13782,#13783));
#13780=ORIENTED_EDGE('',*,*,#13264,.T.);
#13781=ORIENTED_EDGE('',*,*,#13746,.T.);
#13782=ORIENTED_EDGE('',*,*,#13532,.F.);
#13783=ORIENTED_EDGE('',*,*,#13778,.F.);
#13784=FACE_OUTER_BOUND('',#13779,.T.);
#13785=ADVANCED_FACE('PartBody',(#13784),#13762,.F.);
#13786=B_SPLINE_SURFACE_WITH_KNOTS('',5,1,((#13787,#13788),(#13789,#13790),(#13791,#13792),(#13793,#13794),(#13795,#13796),(#13797,#13798),(#13799,#13800),(#13801,#13802),(#13803,#13804),(#13805,#13806),(#13807,#13808),(#13809,#13810)),.UNSPECIFIED.,.F.,.F.,.U.,(6,3,3,6),(2,2),(0.,2.0532361133,3.5961327055,5.1399041735),(-2.17,0.),.UNSPECIFIED.);
#13787=CARTESIAN_POINT('Control Point',(9407.602788009999,-1685.27184051,2390.6316247));
#13788=CARTESIAN_POINT('Control Point',(9407.592204709999,-1683.64166852,2392.06387024));
#13789=CARTESIAN_POINT('Control Point',(9408.007436649999,-1685.27035895,2390.63292847));
#13790=CARTESIAN_POINT('Control Point',(9407.99685591,-1683.64018593,2392.06517285));
#13791=CARTESIAN_POINT('Control Point',(9408.416133319999,-1685.29588242,2390.66499819));
#13792=CARTESIAN_POINT('Control Point',(9408.405555019999,-1683.66570836,2392.0972414));
#13793=CARTESIAN_POINT('Control Point',(9408.824744329999,-1685.34948371,2390.72902452));
#13794=CARTESIAN_POINT('Control Point',(9408.81416831,-1683.7193086,2392.16126656));
#13795=CARTESIAN_POINT('Control Point',(9409.529168519999,-1685.49486655,2390.89969987));
#13796=CARTESIAN_POINT('Control Point',(9409.518596169999,-1683.86468965,2392.3319399));
#13797=CARTESIAN_POINT('Control Point',(9410.184301129999,-1685.72454598,2391.16595662));
#13798=CARTESIAN_POINT('Control Point',(9410.17373167,-1684.09436741,2392.59819477));
#13799=CARTESIAN_POINT('Control Point',(9410.45461407,-1685.8383522,2391.29748599));
#13800=CARTESIAN_POINT('Control Point',(9410.4440457,-1684.20817294,2392.72972337));
#13801=CARTESIAN_POINT('Control Point',(9410.96832917,-1686.09589193,2391.59440947));
#13802=CARTESIAN_POINT('Control Point',(9410.95776266,-1684.46571137,2393.02664538));
#13803=CARTESIAN_POINT('Control Point',(9411.413167769999,-1686.40533539,2391.94990203));
#13804=CARTESIAN_POINT('Control Point',(9411.402602369999,-1684.7751537,2393.38213666));
#13805=CARTESIAN_POINT('Control Point',(9411.61607186,-1686.57166015,2392.14071109));
#13806=CARTESIAN_POINT('Control Point',(9411.605506829999,-1684.94147795,2393.57294514));
#13807=CARTESIAN_POINT('Control Point',(9411.797507039999,-1686.74818496,2392.34297173));
#13808=CARTESIAN_POINT('Control Point',(9411.786942179999,-1685.1180023,2393.77520526));
#13809=CARTESIAN_POINT('Control Point',(9411.955838689999,-1686.93255139,2392.55398753));
#13810=CARTESIAN_POINT('Control Point',(9411.945273809999,-1685.30236834,2393.9862206));
#13811=B_SPLINE_CURVE_WITH_KNOTS('',1,(#13812,#13813),.UNSPECIFIED.,.F.,.U.,(2,2),(-2.17,-2.2470701026E-014),.UNSPECIFIED.);
#13812=CARTESIAN_POINT('Control Point',(9411.955838689999,-1686.93255139,2392.55398753));
#13813=CARTESIAN_POINT('Control Point',(9411.945273809999,-1685.30236834,2393.9862206));
#13814=EDGE_CURVE('',#13273,#13513,#13811,.T.);
#13815=EDGE_LOOP('',(#13816,#13817,#13818,#13819));
#13816=ORIENTED_EDGE('',*,*,#13274,.T.);
#13817=ORIENTED_EDGE('',*,*,#13778,.T.);
#13818=ORIENTED_EDGE('',*,*,#13524,.F.);
#13819=ORIENTED_EDGE('',*,*,#13814,.F.);
#13820=FACE_OUTER_BOUND('',#13815,.T.);
#13821=ADVANCED_FACE('PartBody',(#13820),#13786,.F.);
#13822=B_SPLINE_SURFACE_WITH_KNOTS('',5,1,((#13823,#13824),(#13825,#13826),(#13827,#13828),(#13829,#13830),(#13831,#13832),(#13833,#13834),(#13835,#13836),(#13837,#13838),(#13839,#13840)),.UNSPECIFIED.,.F.,.F.,.U.,(6,3,6),(2,2),(0.,101.756657215,115.700593241),(-2.17,0.),.UNSPECIFIED.);
#13823=CARTESIAN_POINT('Control Point',(9474.53034963,-1759.79056219,2475.95043429));
#13824=CARTESIAN_POINT('Control Point',(9474.51983026,-1758.16022562,2477.38249296));
#13825=CARTESIAN_POINT('Control Point',(9464.518409750001,-1748.13398602,2462.60638488));
#13826=CARTESIAN_POINT('Control Point',(9464.507910169999,-1746.50367329,2464.03847082));
#13827=CARTESIAN_POINT('Control Point',(9454.506472199999,-1736.47704693,2449.26265548));
#13828=CARTESIAN_POINT('Control Point',(9454.495997869999,-1734.84675818,2450.69476892));
#13829=CARTESIAN_POINT('Control Point',(9444.49424143,-1724.81969471,2435.91924611));
#13830=CARTESIAN_POINT('Control Point',(9444.48375541,-1723.18943032,2437.35138718));
#13831=CARTESIAN_POINT('Control Point',(9433.110682709999,-1711.56485231,2420.74749205));
#13832=CARTESIAN_POINT('Control Point',(9433.10015088,-1709.93461614,2422.17966491));
#13833=CARTESIAN_POINT('Control Point',(9421.72685469,-1698.30975697,2405.57592794));
#13834=CARTESIAN_POINT('Control Point',(9421.71629747,-1696.67954934,2407.00813311));
#13835=CARTESIAN_POINT('Control Point',(9414.6996062,-1690.12753638,2396.21080451));
#13836=CARTESIAN_POINT('Control Point',(9414.6890411,-1688.49734641,2397.64302971));
#13837=CARTESIAN_POINT('Control Point',(9413.32774963,-1688.53004839,2394.38239567));
#13838=CARTESIAN_POINT('Control Point',(9413.31718455,-1686.89986188,2395.81462481));
#13839=CARTESIAN_POINT('Control Point',(9411.955838689999,-1686.93255139,2392.55398753));
#13840=CARTESIAN_POINT('Control Point',(9411.945273809999,-1685.30236834,2393.9862206));
#13841=B_SPLINE_CURVE_WITH_KNOTS('',1,(#13842,#13843),.UNSPECIFIED.,.F.,.U.,(2,2),(-2.17,-2.66240533483E-014),.UNSPECIFIED.);
#13842=CARTESIAN_POINT('Control Point',(9474.53034963,-1759.79056219,2475.95043429));
#13843=CARTESIAN_POINT('Control Point',(9474.51983026,-1758.16022562,2477.38249296));
#13844=EDGE_CURVE('',#13307,#13479,#13841,.T.);
#13845=EDGE_LOOP('',(#13846,#13847,#13848,#13849));
#13846=ORIENTED_EDGE('',*,*,#13308,.T.);
#13847=ORIENTED_EDGE('',*,*,#13814,.T.);
#13848=ORIENTED_EDGE('',*,*,#13514,.F.);
#13849=ORIENTED_EDGE('',*,*,#13844,.F.);
#13850=FACE_OUTER_BOUND('',#13845,.T.);
#13851=ADVANCED_FACE('PartBody',(#13850),#13822,.T.);
#13852=B_SPLINE_SURFACE_WITH_KNOTS('',5,1,((#13853,#13854),(#13855,#13856),(#13857,#13858),(#13859,#13860),(#13861,#13862),(#13863,#13864),(#13865,#13866),(#13867,#13868),(#13869,#13870)),.UNSPECIFIED.,.F.,.F.,.U.,(6,3,6),(2,2),(0.,1.8020123167,3.00022757067),(-2.17,0.),.UNSPECIFIED.);
#13853=CARTESIAN_POINT('Control Point',(9474.53034963,-1759.79056219,2475.95043429));
#13854=CARTESIAN_POINT('Control Point',(9474.51983026,-1758.16022562,2477.38249296));
#13855=CARTESIAN_POINT('Control Point',(9474.715189229999,-1760.00576492,2476.19679102));
#13856=CARTESIAN_POINT('Control Point',(9474.704669499999,-1758.37542792,2477.62884918));
#13857=CARTESIAN_POINT('Control Point',(9474.86851208,-1760.23161625,2476.45503944));
#13858=CARTESIAN_POINT('Control Point',(9474.85799178,-1758.60127888,2477.88709719));
#13859=CARTESIAN_POINT('Control Point',(9474.987726109999,-1760.46426621,2476.72077751));
#13860=CARTESIAN_POINT('Control Point',(9474.97720506,-1758.83392856,2478.15283493));
#13861=CARTESIAN_POINT('Control Point',(9475.13056263,-1760.85847286,2477.17061496));
#13862=CARTESIAN_POINT('Control Point',(9475.120040039999,-1759.22813488,2478.60267199));
#13863=CARTESIAN_POINT('Control Point',(9475.180536169999,-1761.25759344,2477.62536464));
#13864=CARTESIAN_POINT('Control Point',(9475.170011599999,-1759.62725536,2479.05742154));
#13865=CARTESIAN_POINT('Control Point',(9475.18583647,-1761.41834817,2477.80841628));
#13866=CARTESIAN_POINT('Control Point',(9475.17531103,-1759.78801008,2479.24047317));
#13867=CARTESIAN_POINT('Control Point',(9475.176675589999,-1761.57603741,2477.98787169));
#13868=CARTESIAN_POINT('Control Point',(9475.166149229999,-1759.94569935,2479.4199286));
#13869=CARTESIAN_POINT('Control Point',(9475.153642199999,-1761.73196416,2478.16521857));
#13870=CARTESIAN_POINT('Control Point',(9475.14311488,-1760.10162616,2479.59727554));
#13871=B_SPLINE_CURVE_WITH_KNOTS('',1,(#13872,#13873),.UNSPECIFIED.,.F.,.U.,(2,2),(-2.17,-6.81575765717E-014),.UNSPECIFIED.);
#13872=CARTESIAN_POINT('Control Point',(9475.153642199999,-1761.73196416,2478.16521857));
#13873=CARTESIAN_POINT('Control Point',(9475.14311488,-1760.10162616,2479.59727554));
#13874=EDGE_CURVE('',#13316,#13470,#13871,.T.);
#13875=EDGE_LOOP('',(#13876,#13877,#13878,#13879));
#13876=ORIENTED_EDGE('',*,*,#13317,.T.);
#13877=ORIENTED_EDGE('',*,*,#13844,.T.);
#13878=ORIENTED_EDGE('',*,*,#13480,.F.);
#13879=ORIENTED_EDGE('',*,*,#13874,.F.);
#13880=FACE_OUTER_BOUND('',#13875,.T.);
#13881=ADVANCED_FACE('PartBody',(#13880),#13852,.F.);
#13882=B_SPLINE_SURFACE_WITH_KNOTS('',5,1,((#13883,#13884),(#13885,#13886),(#13887,#13888),(#13889,#13890),(#13891,#13892),(#13893,#13894)),.UNSPECIFIED.,.F.,.F.,.U.,(6,6),(2,2),(0.,1.42573544425),(-2.17000000707,7.09598136074E-009),.UNSPECIFIED.);
#13883=CARTESIAN_POINT('Control Point',(9475.015234869999,-1762.66892651,2479.23089365));
#13884=CARTESIAN_POINT('Control Point',(9475.004701739999,-1761.03858887,2480.66295102));
#13885=CARTESIAN_POINT('Control Point',(9475.04291634,-1762.48153398,2479.01775868));
#13886=CARTESIAN_POINT('Control Point',(9475.032384369999,-1760.85119627,2480.44981597));
#13887=CARTESIAN_POINT('Control Point',(9475.070597799999,-1762.29414149,2478.80462369));
#13888=CARTESIAN_POINT('Control Point',(9475.06006699,-1760.6638037,2480.2366809));
#13889=CARTESIAN_POINT('Control Point',(9475.09827927,-1762.10674902,2478.59148867));
#13890=CARTESIAN_POINT('Control Point',(9475.087749619999,-1760.47641116,2480.02354581));
#13891=CARTESIAN_POINT('Control Point',(9475.125960739999,-1761.91935658,2478.37835363));
#13892=CARTESIAN_POINT('Control Point',(9475.115432249999,-1760.28901865,2479.81041069));
#13893=CARTESIAN_POINT('Control Point',(9475.153642199999,-1761.73196417,2478.16521856));
#13894=CARTESIAN_POINT('Control Point',(9475.14311488,-1760.10162616,2479.59727555));
#13895=B_SPLINE_CURVE_WITH_KNOTS('',1,(#13896,#13897),.UNSPECIFIED.,.F.,.U.,(2,2),(-2.17000000707,-7.09517689046E-009),.UNSPECIFIED.);
#13896=CARTESIAN_POINT('Control Point',(9475.015234869999,-1762.66892651,2479.23089365));
#13897=CARTESIAN_POINT('Control Point',(9475.004701739999,-1761.03858888,2480.66295101));
#13898=EDGE_CURVE('',#13463,#13154,#13895,.F.);
#13899=EDGE_LOOP('',(#13900,#13901,#13902,#13903));
#13900=ORIENTED_EDGE('',*,*,#13322,.T.);
#13901=ORIENTED_EDGE('',*,*,#13874,.T.);
#13902=ORIENTED_EDGE('',*,*,#13471,.F.);
#13903=ORIENTED_EDGE('',*,*,#13898,.T.);
#13904=FACE_OUTER_BOUND('',#13899,.T.);
#13905=ADVANCED_FACE('PartBody',(#13904),#13882,.T.);
#13906=B_SPLINE_SURFACE_WITH_KNOTS('',5,1,((#13907,#13908),(#13909,#13910),(#13911,#13912),(#13913,#13914),(#13915,#13916),(#13917,#13918),(#13919,#13920),(#13921,#13922),(#13923,#13924),(#13925,#13926),(#13927,#13928),(#13929,#13930),(#13931,#13932),(#13933,#13934),(#13935,#13936)),.UNSPECIFIED.,.F.,.F.,.U.,(6,3,3,3,6),(2,2),(0.,2.88823155997,5.77646311994,8.66469467991,9.62743853323),(-5.05831926227E-009,2.17000000708),.UNSPECIFIED.);
#13907=CARTESIAN_POINT('Control Point',(9475.004701739999,-1761.03858887,2480.66295102));
#13908=CARTESIAN_POINT('Control Point',(9475.015234869999,-1762.66892651,2479.23089365));
#13909=CARTESIAN_POINT('Control Point',(9474.957394159999,-1761.35882889,2481.02718298));
#13910=CARTESIAN_POINT('Control Point',(9474.987803709999,-1762.85475366,2479.44224836));
#13911=CARTESIAN_POINT('Control Point',(9474.91036562,-1761.72220312,2481.35352673));
#13912=CARTESIAN_POINT('Control Point',(9474.960534599999,-1763.06561033,2479.63161765));
#13913=CARTESIAN_POINT('Control Point',(9474.864485,-1762.122852,2481.63527491));
#13914=CARTESIAN_POINT('Control Point',(9474.933931379999,-1763.29809639,2479.79510941));
#13915=CARTESIAN_POINT('Control Point',(9474.77677622,-1762.98336092,2482.0987916));
#13916=CARTESIAN_POINT('Control Point',(9474.88307525,-1763.79742693,2480.06407757));
#13917=CARTESIAN_POINT('Control Point',(9474.700184859999,-1763.92906999,2482.34933928));
#13918=CARTESIAN_POINT('Control Point',(9474.838666489999,-1764.34619641,2480.20946575));
#13919=CARTESIAN_POINT('Control Point',(9474.66542395,-1764.41494505,2482.41806796));
#13920=CARTESIAN_POINT('Control Point',(9474.818511949999,-1764.6281365,2480.24934824));
#13921=CARTESIAN_POINT('Control Point',(9474.60430284,-1765.39413579,2482.43979803));
#13922=CARTESIAN_POINT('Control Point',(9474.783074389999,-1765.19633406,2480.2619598));
#13923=CARTESIAN_POINT('Control Point',(9474.56187637,-1766.35261099,2482.23358103));
#13924=CARTESIAN_POINT('Control Point',(9474.75847748,-1765.75251056,2480.14229977));
#13925=CARTESIAN_POINT('Control Point',(9474.54581406,-1766.81777718,2482.07430553));
#13926=CARTESIAN_POINT('Control Point',(9474.74916591,-1766.02243345,2480.04987754));
#13927=CARTESIAN_POINT('Control Point',(9474.531676099999,-1767.40736322,2481.79110735));
#13928=CARTESIAN_POINT('Control Point',(9474.74097097,-1766.36455355,2479.88554659));
#13929=CARTESIAN_POINT('Control Point',(9474.52740275,-1767.94267639,2481.42203349));
#13930=CARTESIAN_POINT('Control Point',(9474.738496079999,-1766.67518044,2479.67138417));
#13931=CARTESIAN_POINT('Control Point',(9474.5269544,-1768.07283127,2481.32457601));
#13932=CARTESIAN_POINT('Control Point',(9474.738236859999,-1766.75070557,2479.61483252));
#13933=CARTESIAN_POINT('Control Point',(9474.52712698,-1768.19904405,2481.22213059));
#13934=CARTESIAN_POINT('Control Point',(9474.73833769,-1766.8239432,2479.55538648));
#13935=CARTESIAN_POINT('Control Point',(9474.527918849999,-1768.32106386,2481.11491769));
#13936=CARTESIAN_POINT('Control Point',(9474.73879761,-1766.89474776,2479.493174));
#13937=B_SPLINE_CURVE_WITH_KNOTS('',5,(#13938,#13939,#13940,#13941,#13942,#13943,#13944,#13945,#13946,#13947,#13948,#13949,#13950,#13951,#13952,#13953,#13954,#13955),.UNSPECIFIED.,.F.,.U.,(6,3,3,3,3,6),(0.,1.93269445002,3.86538890004,5.25164211587,6.6378953317,7.73077780009),.UNSPECIFIED.);
#13938=CARTESIAN_POINT('Control Point',(9474.527918849999,-1768.32106386,2481.11491769));
#13939=CARTESIAN_POINT('Control Point',(9474.52651833,-1768.10525754,2481.30453624));
#13940=CARTESIAN_POINT('Control Point',(9474.52705497,-1767.8763356,2481.47924211));
#13941=CARTESIAN_POINT('Control Point',(9474.5292269,-1767.59138496,2481.67704643));
#13942=CARTESIAN_POINT('Control Point',(9474.54301354,-1766.86264781,2482.07529729));
#13943=CARTESIAN_POINT('Control Point',(9474.58209419,-1765.86462132,2482.35664991));
#13944=CARTESIAN_POINT('Control Point',(9474.60975897,-1765.3086862,2482.43630207));
#13945=CARTESIAN_POINT('Control Point',(9474.66884239,-1764.34668346,2482.42756633));
#13946=CARTESIAN_POINT('Control Point',(9474.73656478,-1763.48271179,2482.22807662));
#13947=CARTESIAN_POINT('Control Point',(9474.76503481,-1763.15275012,2482.11782136));
#13948=CARTESIAN_POINT('Control Point',(9474.8192925,-1762.56902369,2481.87189074));
#13949=CARTESIAN_POINT('Control Point',(9474.866291599999,-1762.12777778,2481.6077474));
#13950=CARTESIAN_POINT('Control Point',(9474.887481379999,-1761.94054909,2481.47936211));
#13951=CARTESIAN_POINT('Control Point',(9474.92217027,-1761.64628943,2481.25946817));
#13952=CARTESIAN_POINT('Control Point',(9474.957514599999,-1761.37302522,2481.0143393));
#13953=CARTESIAN_POINT('Control Point',(9474.97319117,-1761.25689755,2480.9015863));
#13954=CARTESIAN_POINT('Control Point',(9474.988930949999,-1761.14534638,2480.78437398));
#13955=CARTESIAN_POINT('Control Point',(9475.004701739999,-1761.03858888,2480.66295101));
#13956=CARTESIAN_POINT('Vertex',(9474.527918849999,-1768.32106385,2481.11491768));
#13957=VERTEX_POINT('',#13956);
#13958=EDGE_CURVE('',#13957,#13463,#13937,.T.);
#13959=B_SPLINE_CURVE_WITH_KNOTS('',1,(#13960,#13961),.UNSPECIFIED.,.F.,.U.,(2,2),(5.05820141328E-009,2.17000000506),.UNSPECIFIED.);
#13960=CARTESIAN_POINT('Control Point',(9474.527918849999,-1768.32106386,2481.11491768));
#13961=CARTESIAN_POINT('Control Point',(9474.73879761,-1766.89474776,2479.493174));
#13962=EDGE_CURVE('',#12977,#13957,#13959,.F.);
#13963=EDGE_LOOP('',(#13964,#13965,#13966,#13967));
#13964=ORIENTED_EDGE('',*,*,#13163,.T.);
#13965=ORIENTED_EDGE('',*,*,#13898,.F.);
#13966=ORIENTED_EDGE('',*,*,#13958,.F.);
#13967=ORIENTED_EDGE('',*,*,#13962,.F.);
#13968=FACE_OUTER_BOUND('',#13963,.T.);
#13969=ADVANCED_FACE('PartBody',(#13968),#13906,.T.);
#13970=B_SPLINE_SURFACE_WITH_KNOTS('',5,1,((#13971,#13972),(#13973,#13974),(#13975,#13976),(#13977,#13978),(#13979,#13980),(#13981,#13982)),.UNSPECIFIED.,.F.,.F.,.U.,(6,6),(2,2),(0.,11.8528949157),(-2.17000000506,-4.13590306276E-025),.UNSPECIFIED.);
#13971=CARTESIAN_POINT('Control Point',(9474.784485239999,-1773.64165702,2473.54507402));
#13972=CARTESIAN_POINT('Control Point',(9474.573270729999,-1775.07340413,2475.16198116));
#13973=CARTESIAN_POINT('Control Point',(9474.77505833,-1772.29483589,2474.73643259));
#13974=CARTESIAN_POINT('Control Point',(9474.56391099,-1773.7254994,2476.354308));
#13975=CARTESIAN_POINT('Control Point',(9474.76577602,-1770.94673495,2475.92692373));
#13976=CARTESIAN_POINT('Control Point',(9474.55469585,-1772.37631355,2477.54576695));
#13977=CARTESIAN_POINT('Control Point',(9474.7566384,-1769.59735366,2477.11654558));
#13978=CARTESIAN_POINT('Control Point',(9474.54562538,-1771.02584606,2478.73635611));
#13979=CARTESIAN_POINT('Control Point',(9474.74764557,-1768.24669148,2478.30529626));
#13980=CARTESIAN_POINT('Control Point',(9474.536699689999,-1769.67409637,2479.92607362));
#13981=CARTESIAN_POINT('Control Point',(9474.73879761,-1766.89474776,2479.493174));
#13982=CARTESIAN_POINT('Control Point',(9474.527918849999,-1768.32106386,2481.11491769));
#13983=B_SPLINE_CURVE_WITH_KNOTS('',3,(#13984,#13985,#13986,#13987),.UNSPECIFIED.,.F.,.U.,(4,4),(0.,14.1403283267),.UNSPECIFIED.);
#13984=CARTESIAN_POINT('Control Point',(9474.573270729999,-1775.07340413,2475.16198116));
#13985=CARTESIAN_POINT('Control Point',(9474.55767387,-1772.82728565,2477.14884811));
#13986=CARTESIAN_POINT('Control Point',(9474.542556119999,-1770.57651029,2479.13316625));
#13987=CARTESIAN_POINT('Control Point',(9474.527918849999,-1768.32106386,2481.11491768));
#13988=CARTESIAN_POINT('Vertex',(9474.573270729999,-1775.07340413,2475.16198116));
#13989=VERTEX_POINT('',#13988);
#13990=EDGE_CURVE('',#13989,#13957,#13983,.T.);
#13991=B_SPLINE_CURVE_WITH_KNOTS('',1,(#13992,#13993),.UNSPECIFIED.,.F.,.U.,(2,2),(-2.17,-1.88498297706E-014),.UNSPECIFIED.);
#13992=CARTESIAN_POINT('Control Point',(9474.784485239999,-1773.64165703,2473.54507403));
#13993=CARTESIAN_POINT('Control Point',(9474.573270729999,-1775.07340413,2475.16198116));
#13994=EDGE_CURVE('',#12985,#13989,#13991,.T.);
#13995=EDGE_LOOP('',(#13996,#13997,#13998,#13999));
#13996=ORIENTED_EDGE('',*,*,#12986,.T.);
#13997=ORIENTED_EDGE('',*,*,#13962,.T.);
#13998=ORIENTED_EDGE('',*,*,#13990,.F.);
#13999=ORIENTED_EDGE('',*,*,#13994,.F.);
#14000=FACE_OUTER_BOUND('',#13995,.T.);
#14001=ADVANCED_FACE('PartBody',(#14000),#13970,.T.);
#14002=B_SPLINE_SURFACE_WITH_KNOTS('',5,1,((#14003,#14004),(#14005,#14006),(#14007,#14008),(#14009,#14010),(#14011,#14012),(#14013,#14014),(#14015,#14016),(#14017,#14018),(#14019,#14020),(#14021,#14022),(#14023,#14024),(#14025,#14026),(#14027,#14028),(#14029,#14030),(#14031,#14032),(#14033,#14034),(#14035,#14036),(#14037,#14038)),.UNSPECIFIED.,.F.,.F.,.U.,(6,3,3,3,3,6),(2,2),(0.,3.73883653748,7.47930156195,11.2182199791,14.9536547402,18.6908673323),(-2.17,2.56253200675E-013),.UNSPECIFIED.);
#14003=CARTESIAN_POINT('Control Point',(9461.921105919999,-1782.55773494,2463.91911092));
#14004=CARTESIAN_POINT('Control Point',(9461.708401009999,-1783.99763499,2465.52856563));
#14005=CARTESIAN_POINT('Control Point',(9462.6668035,-1782.60344935,2463.97676359));
#14006=CARTESIAN_POINT('Control Point',(9462.45415661,-1784.04332925,2465.586244));
#14007=CARTESIAN_POINT('Control Point',(9463.414063459999,-1782.60903199,2464.07049262));
#14008=CARTESIAN_POINT('Control Point',(9463.20147674,-1784.04885936,2465.68002798));
#14009=CARTESIAN_POINT('Control Point',(9464.161880469999,-1782.57384609,2464.20072903));
#14010=CARTESIAN_POINT('Control Point',(9463.949356039999,-1784.01358811,2465.81034896));
#14011=CARTESIAN_POINT('Control Point',(9465.642893439999,-1782.4195609,2464.53422434));
#14012=CARTESIAN_POINT('Control Point',(9465.43049664,-1783.8590659,2466.14407311));
#14013=CARTESIAN_POINT('Control Point',(9467.081341879999,-1782.09632511,2465.01287641));
#14014=CARTESIAN_POINT('Control Point',(9466.869077789999,-1783.53546054,2466.62307306));
#14015=CARTESIAN_POINT('Control Point',(9467.784786639999,-1781.89139974,2465.28873579));
#14016=CARTESIAN_POINT('Control Point',(9467.572589809999,-1783.33031679,2466.89913648));
#14017=CARTESIAN_POINT('Control Point',(9469.14689308,-1781.39674334,2465.9100665));
#14018=CARTESIAN_POINT('Control Point',(9468.934831439999,-1782.83515886,2467.52093305));
#14019=CARTESIAN_POINT('Control Point',(9470.40394007,-1780.72875739,2466.67165974));
#14020=CARTESIAN_POINT('Control Point',(9470.192013829999,-1782.16654003,2468.28310898));
#14021=CARTESIAN_POINT('Control Point',(9471.00105024,-1780.35138299,2467.08682897));
#14022=CARTESIAN_POINT('Control Point',(9470.78919134,-1781.78881669,2468.69859835));
#14023=CARTESIAN_POINT('Control Point',(9472.118224619999,-1779.50823896,2467.98533373));
#14024=CARTESIAN_POINT('Control Point',(9471.90649863,-1780.94490954,2469.59780094));
#14025=CARTESIAN_POINT('Control Point',(9473.042359699999,-1778.51134162,2468.99424108));
#14026=CARTESIAN_POINT('Control Point',(9472.830758729999,-1779.94714003,2470.60750129));
#14027=CARTESIAN_POINT('Control Point',(9473.45396257,-1777.97143668,2469.52861674));
#14028=CARTESIAN_POINT('Control Point',(9473.242422109999,-1779.40676947,2471.14229919));
#14029=CARTESIAN_POINT('Control Point',(9474.14794502,-1776.83393887,2470.63090319));
#14030=CARTESIAN_POINT('Control Point',(9473.936518049999,-1778.26830374,2472.2454611));
#14031=CARTESIAN_POINT('Control Point',(9474.57886258,-1775.58668584,2471.79448065));
#14032=CARTESIAN_POINT('Control Point',(9474.367533339999,-1777.02001425,2473.40997141));
#14033=CARTESIAN_POINT('Control Point',(9474.720959349999,-1774.94422288,2472.38289928));
#14034=CARTESIAN_POINT('Control Point',(9474.509673999999,-1776.37702341,2473.99886398));
#14035=CARTESIAN_POINT('Control Point',(9474.7890515,-1774.2940366,2472.96799815));
#14036=CARTESIAN_POINT('Control Point',(9474.577804439999,-1775.72630858,2474.58443626));
#14037=CARTESIAN_POINT('Control Point',(9474.784485239999,-1773.64165703,2473.54507403));
#14038=CARTESIAN_POINT('Control Point',(9474.573270729999,-1775.07340413,2475.16198116));
#14039=B_SPLINE_CURVE_WITH_KNOTS('',5,(#14040,#14041,#14042,#14043,#14044,#14045,#14046,#14047,#14048,#14049,#14050,#14051,#14052,#14053,#14054,#14055,#14056,#14057),.UNSPECIFIED.,.F.,.U.,(6,3,3,3,3,6),(0.,4.9805099792,14.5489704022,16.8206952739,21.2359222118,26.457095009),.UNSPECIFIED.);
#14040=CARTESIAN_POINT('Control Point',(9461.708401009999,-1783.99763499,2465.52856563));
#14041=CARTESIAN_POINT('Control Point',(9462.41085658,-1784.04067615,2465.58289508));
#14042=CARTESIAN_POINT('Control Point',(9463.114700279999,-1784.04808178,2465.66925913));
#14043=CARTESIAN_POINT('Control Point',(9463.81866381,-1784.01929189,2465.78798629));
#14044=CARTESIAN_POINT('Control Point',(9465.85687487,-1783.82719416,2466.22887803));
#14045=CARTESIAN_POINT('Control Point',(9467.81932375,-1783.31640454,2466.9442199));
#14046=CARTESIAN_POINT('Control Point',(9469.047476219999,-1782.84058262,2467.53111555));
#14047=CARTESIAN_POINT('Control Point',(9470.45587767,-1782.07015228,2468.40411087));
#14048=CARTESIAN_POINT('Control Point',(9471.657913629999,-1781.09095823,2469.43474229));
#14049=CARTESIAN_POINT('Control Point',(9471.88112869,-1780.89488366,2469.6387656));
#14050=CARTESIAN_POINT('Control Point',(9472.509142109999,-1780.29897515,2470.2520414));
#14051=CARTESIAN_POINT('Control Point',(9473.056663429999,-1779.6410447,2470.90944801));
#14052=CARTESIAN_POINT('Control Point',(9473.379825309999,-1779.180375,2471.36158699));
#14053=CARTESIAN_POINT('Control Point',(9473.98589894,-1778.13256315,2472.37243561));
#14054=CARTESIAN_POINT('Control Point',(9474.372972159999,-1776.99490974,2473.43294855));
#14055=CARTESIAN_POINT('Control Point',(9474.51131448,-1776.36125293,2474.01305422));
#14056=CARTESIAN_POINT('Control Point',(9474.577749509999,-1775.71839697,2474.59143469));
#14057=CARTESIAN_POINT('Control Point',(9474.573270729999,-1775.07340413,2475.16198116));
#14058=CARTESIAN_POINT('Vertex',(9461.708401009999,-1783.99763499,2465.52856563));
#14059=VERTEX_POINT('',#14058);
#14060=EDGE_CURVE('',#14059,#13989,#14039,.T.);
#14061=B_SPLINE_CURVE_WITH_KNOTS('',1,(#14062,#14063),.UNSPECIFIED.,.F.,.U.,(2,2),(-2.17,2.56253200675E-013),.UNSPECIFIED.);
#14062=CARTESIAN_POINT('Control Point',(9461.921105919999,-1782.55773494,2463.91911092));
#14063=CARTESIAN_POINT('Control Point',(9461.708401009999,-1783.99763499,2465.52856563));
#14064=EDGE_CURVE('',#13004,#14059,#14061,.T.);
#14065=EDGE_LOOP('',(#14066,#14067,#14068,#14069));
#14066=ORIENTED_EDGE('',*,*,#13005,.T.);
#14067=ORIENTED_EDGE('',*,*,#13994,.T.);
#14068=ORIENTED_EDGE('',*,*,#14060,.F.);
#14069=ORIENTED_EDGE('',*,*,#14064,.F.);
#14070=FACE_OUTER_BOUND('',#14065,.T.);
#14071=ADVANCED_FACE('PartBody',(#14070),#14002,.T.);
#14072=B_SPLINE_SURFACE_WITH_KNOTS('',5,1,((#14073,#14074),(#14075,#14076),(#14077,#14078),(#14079,#14080),(#14081,#14082),(#14083,#14084)),.UNSPECIFIED.,.F.,.F.,.U.,(6,6),(2,2),(0.,28.0742366068),(-2.17,3.23741033981E-013),.UNSPECIFIED.);
#14073=CARTESIAN_POINT('Control Point',(9447.86943735,-1781.69401838,2462.8299317));
#14074=CARTESIAN_POINT('Control Point',(9447.65563705,-1783.13429883,2464.43890083));
#14075=CARTESIAN_POINT('Control Point',(9450.71238748,-1781.86923072,2463.05086116));
#14076=CARTESIAN_POINT('Control Point',(9450.49880922,-1783.30943408,2464.6599288));
#14077=CARTESIAN_POINT('Control Point',(9453.541630329999,-1782.04336415,2463.27043816));
#14078=CARTESIAN_POINT('Control Point',(9453.32827283,-1783.48349086,2464.87960369));
#14079=CARTESIAN_POINT('Control Point',(9456.354244849999,-1782.21624145,2463.48844338));
#14080=CARTESIAN_POINT('Control Point',(9456.1411066,-1783.65629202,2465.09770611));
#14081=CARTESIAN_POINT('Control Point',(9459.14782111,-1782.38772087,2463.70469791));
#14082=CARTESIAN_POINT('Control Point',(9458.934900419999,-1783.82769588,2465.31405704));
#14083=CARTESIAN_POINT('Control Point',(9461.921105919999,-1782.55773494,2463.91911092));
#14084=CARTESIAN_POINT('Control Point',(9461.708401009999,-1783.99763499,2465.52856563));
#14085=B_SPLINE_CURVE_WITH_KNOTS('',4,(#14086,#14087,#14088,#14089,#14090),.UNSPECIFIED.,.F.,.U.,(5,5),(3.07188787151E-014,31.4121896351),.UNSPECIFIED.);
#14086=CARTESIAN_POINT('Control Point',(9447.65563705,-1783.13429883,2464.43890083));
#14087=CARTESIAN_POINT('Control Point',(9451.201253929999,-1783.35270365,2464.71453679));
#14088=CARTESIAN_POINT('Control Point',(9454.72316978,-1783.56926119,2464.98785452));
#14089=CARTESIAN_POINT('Control Point',(9458.23232494,-1783.78464738,2465.25971832));
#14090=CARTESIAN_POINT('Control Point',(9461.708401009999,-1783.99763499,2465.52856563));
#14091=CARTESIAN_POINT('Vertex',(9447.65563705,-1783.13429883,2464.43890083));
#14092=VERTEX_POINT('',#14091);
#14093=EDGE_CURVE('',#14092,#14059,#14085,.T.);
#14094=B_SPLINE_CURVE_WITH_KNOTS('',1,(#14095,#14096),.UNSPECIFIED.,.F.,.U.,(2,2),(-2.16999927169,3.23741033981E-013),.UNSPECIFIED.);
#14095=CARTESIAN_POINT('Control Point',(9447.86943728,-1781.69401886,2462.82993224));
#14096=CARTESIAN_POINT('Control Point',(9447.65563705,-1783.13429883,2464.43890083));
#14097=EDGE_CURVE('',#13012,#14092,#14094,.T.);
#14098=EDGE_LOOP('',(#14099,#14100,#14101,#14102));
#14099=ORIENTED_EDGE('',*,*,#13013,.T.);
#14100=ORIENTED_EDGE('',*,*,#14064,.T.);
#14101=ORIENTED_EDGE('',*,*,#14093,.F.);
#14102=ORIENTED_EDGE('',*,*,#14097,.F.);
#14103=FACE_OUTER_BOUND('',#14098,.T.);
#14104=ADVANCED_FACE('PartBody',(#14103),#14072,.T.);
#14105=B_SPLINE_SURFACE_WITH_KNOTS('',5,1,((#14106,#14107),(#14108,#14109),(#14110,#14111),(#14112,#14113),(#14114,#14115),(#14116,#14117),(#14118,#14119),(#14120,#14121),(#14122,#14123),(#14124,#14125),(#14126,#14127),(#14128,#14129)),.UNSPECIFIED.,.F.,.F.,.U.,(6,3,3,6),(2,2),(0.,7.49404784805,14.9817721979,18.7284048707),(-2.17000532272,5.68449562888E-006),.UNSPECIFIED.);
#14106=CARTESIAN_POINT('Control Point',(9447.869437949999,-1781.69401436,2462.82992721));
#14107=CARTESIAN_POINT('Control Point',(9447.655636489999,-1783.1343026,2464.43890504));
#14108=CARTESIAN_POINT('Control Point',(9446.3748963,-1781.60183046,2462.71385231));
#14109=CARTESIAN_POINT('Control Point',(9446.160978739999,-1783.04223425,2464.32271074));
#14110=CARTESIAN_POINT('Control Point',(9444.87634178,-1781.61430489,2462.50342121));
#14111=CARTESIAN_POINT('Control Point',(9444.66230238,-1783.05490883,2464.11208373));
#14112=CARTESIAN_POINT('Control Point',(9443.38409181,-1781.73367666,2462.1979701));
#14113=CARTESIAN_POINT('Control Point',(9443.169925529999,-1783.1745664,2463.80635933));
#14114=CARTESIAN_POINT('Control Point',(9440.451382409999,-1782.19084895,2461.39784565));
#14115=CARTESIAN_POINT('Control Point',(9440.236955209999,-1783.63248226,2463.00553312));
#14116=CARTESIAN_POINT('Control Point',(9437.66932404,-1783.09324935,2460.21715708));
#14117=CARTESIAN_POINT('Control Point',(9437.454624959999,-1784.53597337,2461.82382924));
#14118=CARTESIAN_POINT('Control Point',(9436.33614105,-1783.65754356,2459.53253972));
#14119=CARTESIAN_POINT('Control Point',(9436.12130484,-1785.10089956,2461.138626));
#14120=CARTESIAN_POINT('Control Point',(9434.453929809999,-1784.67188964,2458.36937776));
#14121=CARTESIAN_POINT('Control Point',(9434.238888669999,-1786.11631978,2459.97447116));
#14122=CARTESIAN_POINT('Control Point',(9432.80088343,-1785.92607499,2457.01891643));
#14123=CARTESIAN_POINT('Control Point',(9432.585643439999,-1787.37175459,2458.62285834));
#14124=CARTESIAN_POINT('Control Point',(9432.27512127,-1786.37247504,2456.54635424));
#14125=CARTESIAN_POINT('Control Point',(9432.05981556,-1787.81859199,2458.1498934));
#14126=CARTESIAN_POINT('Control Point',(9431.78262339,-1786.84245953,2456.05669034));
#14127=CARTESIAN_POINT('Control Point',(9431.56725344,-1788.28903022,2457.65981192));
#14128=CARTESIAN_POINT('Control Point',(9431.323403279999,-1787.33705341,2455.5489563));
#14129=CARTESIAN_POINT('Control Point',(9431.107970519999,-1788.78409505,2457.15164471));
#14130=B_SPLINE_CURVE_WITH_KNOTS('',5,(#14131,#14132,#14133,#14134,#14135,#14136,#14137,#14138,#14139,#14140,#14141,#14142),.UNSPECIFIED.,.F.,.U.,(6,3,3,6),(0.,5.30852401154,15.9326468668,26.4966658278),.UNSPECIFIED.);
#14131=CARTESIAN_POINT('Control Point',(9431.10797164,-1788.78408747,2457.15163631));
#14132=CARTESIAN_POINT('Control Point',(9431.567733989999,-1788.28850601,2457.66033416));
#14133=CARTESIAN_POINT('Control Point',(9432.06084504,-1787.81760258,2458.15090849));
#14134=CARTESIAN_POINT('Control Point',(9432.58855746,-1787.36927056,2458.62547194));
#14135=CARTESIAN_POINT('Control Point',(9434.24690948,-1786.1107557,2459.98053777));
#14136=CARTESIAN_POINT('Control Point',(9436.13557219,-1785.09363506,2461.14704694));
#14137=CARTESIAN_POINT('Control Point',(9437.47049489,-1784.5295113,2461.83173693));
#14138=CARTESIAN_POINT('Control Point',(9440.25188519,-1783.62915065,2463.01049701));
#14139=CARTESIAN_POINT('Control Point',(9443.18319641,-1783.17363659,2463.80894793));
#14140=CARTESIAN_POINT('Control Point',(9444.671965359999,-1783.05482382,2464.11343583));
#14141=CARTESIAN_POINT('Control Point',(9446.165797579999,-1783.04252697,2464.32308076));
#14142=CARTESIAN_POINT('Control Point',(9447.65563705,-1783.13429883,2464.43890083));
#14143=CARTESIAN_POINT('Vertex',(9431.10796996,-1788.78408641,2457.15163703));
#14144=VERTEX_POINT('',#14143);
#14145=EDGE_CURVE('',#14144,#14092,#14130,.T.);
#14146=B_SPLINE_CURVE_WITH_KNOTS('',1,(#14147,#14148),.UNSPECIFIED.,.F.,.U.,(2,2),(-2.16999424976,-5.68449448535E-006),.UNSPECIFIED.);
#14147=CARTESIAN_POINT('Control Point',(9431.32340218,-1787.33706079,2455.54896447));
#14148=CARTESIAN_POINT('Control Point',(9431.107971649999,-1788.78408747,2457.15163631));
#14149=EDGE_CURVE('',#13028,#14144,#14146,.T.);
#14150=EDGE_LOOP('',(#14151,#14152,#14153,#14154));
#14151=ORIENTED_EDGE('',*,*,#13029,.T.);
#14152=ORIENTED_EDGE('',*,*,#14097,.T.);
#14153=ORIENTED_EDGE('',*,*,#14145,.F.);
#14154=ORIENTED_EDGE('',*,*,#14149,.F.);
#14155=FACE_OUTER_BOUND('',#14150,.T.);
#14156=ADVANCED_FACE('PartBody',(#14155),#14105,.F.);
#14157=B_SPLINE_SURFACE_WITH_KNOTS('',5,1,((#14158,#14159),(#14160,#14161),(#14162,#14163),(#14164,#14165),(#14166,#14167),(#14168,#14169),(#14170,#14171),(#14172,#14173),(#14174,#14175)),.UNSPECIFIED.,.F.,.F.,.U.,(6,3,6),(2,2),(0.,5.99355982507,9.99851920068),(-2.17,5.6852385386E-006),.UNSPECIFIED.);
#14158=CARTESIAN_POINT('Control Point',(9431.32340272,-1787.33705715,2455.54896045));
#14159=CARTESIAN_POINT('Control Point',(9431.107970519999,-1788.78409505,2457.15164471));
#14160=CARTESIAN_POINT('Control Point',(9430.58880388,-1788.12744354,2454.73570222));
#14161=CARTESIAN_POINT('Control Point',(9430.37327136,-1789.57528677,2456.33764507));
#14162=CARTESIAN_POINT('Control Point',(9429.93964884,-1788.98042278,2453.87646263));
#14163=CARTESIAN_POINT('Control Point',(9429.724019649999,-1790.42911502,2455.47762438));
#14164=CARTESIAN_POINT('Control Point',(9429.39027634,-1789.88913564,2452.97917003));
#14165=CARTESIAN_POINT('Control Point',(9429.174555669999,-1791.33871388,2454.57951706));
#14166=CARTESIAN_POINT('Control Point',(9428.661149179999,-1791.47851073,2451.43900799));
#14167=CARTESIAN_POINT('Control Point',(9428.445287279999,-1792.9296113,2453.03795569));
#14168=CARTESIAN_POINT('Control Point',(9428.2586283,-1793.14486539,2449.86972522));
#14169=CARTESIAN_POINT('Control Point',(9428.0426477,-1794.59752436,2451.46724122));
#14170=CARTESIAN_POINT('Control Point',(9428.15059754,-1793.82459551,2449.23663147));
#14171=CARTESIAN_POINT('Control Point',(9427.93457309,-1795.27788433,2450.83356892));
#14172=CARTESIAN_POINT('Control Point',(9428.097019999999,-1794.50771877,2448.60725909));
#14173=CARTESIAN_POINT('Control Point',(9427.88095595,-1795.96163586,2450.20361957));
#14174=CARTESIAN_POINT('Control Point',(9428.096938929999,-1795.19231871,2447.98324261));
#14175=CARTESIAN_POINT('Control Point',(9427.88083957,-1796.64686098,2449.57902906));
#14176=B_SPLINE_CURVE_WITH_KNOTS('',5,(#14177,#14178,#14179,#14180,#14181,#14182),.UNSPECIFIED.,.F.,.U.,(6,6),(0.,14.1500935289),.UNSPECIFIED.);
#14177=CARTESIAN_POINT('Control Point',(9428.096938889999,-1795.192319,2447.98324293));
#14178=CARTESIAN_POINT('Control Point',(9428.09714132,-1793.4818841,2449.54231486));
#14179=CARTESIAN_POINT('Control Point',(9428.43314252,-1791.77230123,2451.1426847));
#14180=CARTESIAN_POINT('Control Point',(9429.108810559999,-1790.15267947,2452.70347502));
#14181=CARTESIAN_POINT('Control Point',(9430.098124709999,-1788.65538892,2454.19248607));
#14182=CARTESIAN_POINT('Control Point',(9431.323402149999,-1787.33706099,2455.54896469));
#14183=CARTESIAN_POINT('Vertex',(9428.096938889999,-1795.192319,2447.98324293));
#14184=VERTEX_POINT('',#14183);
#14185=EDGE_CURVE('',#14184,#13028,#14176,.T.);
#14186=B_SPLINE_CURVE_WITH_KNOTS('',5,(#14187,#14188,#14189,#14190,#14191,#14192),.UNSPECIFIED.,.F.,.U.,(6,6),(0.,14.1508059823),.UNSPECIFIED.);
#14187=CARTESIAN_POINT('Control Point',(9427.880840129999,-1796.64685717,2449.57902488));
#14188=CARTESIAN_POINT('Control Point',(9427.881130779999,-1794.93486756,2451.13952444));
#14189=CARTESIAN_POINT('Control Point',(9428.217244519999,-1793.22370423,2452.74134597));
#14190=CARTESIAN_POINT('Control Point',(9428.8930452,-1791.60254174,2454.3035516));
#14191=CARTESIAN_POINT('Control Point',(9429.88251634,-1790.10377633,2455.79391896));
#14192=CARTESIAN_POINT('Control Point',(9431.107970519999,-1788.78409505,2457.15164471));
#14193=CARTESIAN_POINT('Vertex',(9427.880840129999,-1796.64685717,2449.57902488));
#14194=VERTEX_POINT('',#14193);
#14195=EDGE_CURVE('',#14194,#14144,#14186,.T.);
#14196=B_SPLINE_CURVE_WITH_KNOTS('',1,(#14197,#14198),.UNSPECIFIED.,.F.,.U.,(2,2),(-2.17,1.7719159473E-013),.UNSPECIFIED.);
#14197=CARTESIAN_POINT('Control Point',(9428.096938929999,-1795.19231871,2447.98324261));
#14198=CARTESIAN_POINT('Control Point',(9427.880840129999,-1796.64685717,2449.57902488));
#14199=EDGE_CURVE('',#14184,#14194,#14196,.T.);
#14200=EDGE_LOOP('',(#14201,#14202,#14203,#14204));
#14201=ORIENTED_EDGE('',*,*,#14185,.T.);
#14202=ORIENTED_EDGE('',*,*,#14149,.T.);
#14203=ORIENTED_EDGE('',*,*,#14195,.F.);
#14204=ORIENTED_EDGE('',*,*,#14199,.F.);
#14205=FACE_OUTER_BOUND('',#14200,.T.);
#14206=ADVANCED_FACE('PartBody',(#14205),#14157,.F.);
#14207=B_SPLINE_SURFACE_WITH_KNOTS('',4,3,((#14208,#14209,#14210,#14211),(#14212,#14213,#14214,#14215),(#14216,#14217,#14218,#14219),(#14220,#14221,#14222,#14223),(#14224,#14225,#14226,#14227)),.UNSPECIFIED.,.F.,.F.,.U.,(5,5),(4,4),(1397.84552375,1595.22336505),(-1176.24046599,-1022.26212125),.UNSPECIFIED.);
#14208=CARTESIAN_POINT('Control Point',(9485.486844429999,-1952.53312223,2304.18362772));
#14209=CARTESIAN_POINT('Control Point',(9434.451285769999,-1947.13533365,2302.3306536));
#14210=CARTESIAN_POINT('Control Point',(9383.439249159999,-1941.58849239,2300.43236583));
#14211=CARTESIAN_POINT('Control Point',(9332.451448039999,-1935.88827068,2298.48742249));
#14212=CARTESIAN_POINT('Control Point',(9488.896262230001,-1915.23330577,2344.34814312));
#14213=CARTESIAN_POINT('Control Point',(9437.85820042,-1909.85030088,2342.49955862));
#14214=CARTESIAN_POINT('Control Point',(9386.84368618,-1904.31816952,2340.60562115));
#14215=CARTESIAN_POINT('Control Point',(9335.85349473,-1898.6321357,2338.66488806));
#14216=CARTESIAN_POINT('Control Point',(9492.54360669,-1876.42177007,2384.05449696));
#14217=CARTESIAN_POINT('Control Point',(9441.50378178,-1871.04882347,2382.20890447));
#14218=CARTESIAN_POINT('Control Point',(9390.487486,-1865.52688402,2380.31796287));
#14219=CARTESIAN_POINT('Control Point',(9339.495666499999,-1859.85016849,2378.38000053));
#14220=CARTESIAN_POINT('Control Point',(9496.44888468,-1835.9707801,2423.26402884));
#14221=CARTESIAN_POINT('Control Point',(9445.40804858,-1830.60314897,2421.42003143));
#14222=CARTESIAN_POINT('Control Point',(9394.390866489999,-1825.08586498,2419.53048199));
#14223=CARTESIAN_POINT('Control Point',(9343.398233079999,-1819.41327462,2417.59375245));
#14224=CARTESIAN_POINT('Control Point',(9500.637941629999,-1793.71497823,2461.92734376));
#14225=CARTESIAN_POINT('Control Point',(9449.59685817,-1788.3479024,2460.08354521));
#14226=CARTESIAN_POINT('Control Point',(9398.579558760001,-1782.83033162,2458.19397504));
#14227=CARTESIAN_POINT('Control Point',(9347.586977499999,-1777.15634978,2456.2568419));
#14228=B_SPLINE_CURVE_WITH_KNOTS('',3,(#14229,#14230,#14231,#14232),.UNSPECIFIED.,.F.,.U.,(4,4),(211.029832293,273.994188734),.UNSPECIFIED.);
#14229=CARTESIAN_POINT('Control Point',(9431.107968849999,-1788.78409589,2457.15164372));
#14230=CARTESIAN_POINT('Control Point',(9422.775775299999,-1788.26629542,2456.49914716));
#14231=CARTESIAN_POINT('Control Point',(9414.404207269999,-1787.74375743,2455.84046352));
#14232=CARTESIAN_POINT('Control Point',(9405.99204189,-1787.21629913,2455.17540491));
#14233=CARTESIAN_POINT('Vertex',(9405.99204189,-1787.21629913,2455.17540491));
#14234=VERTEX_POINT('',#14233);
#14235=EDGE_CURVE('',#14144,#14234,#14228,.T.);
#14236=B_SPLINE_CURVE_WITH_KNOTS('',5,(#14237,#14238,#14239,#14240,#14241,#14242,#14243,#14244,#14245,#14246,#14247,#14248,#14249,#14250,#14251,#14252,#14253,#14254,#14255,#14256,#14257),.UNSPECIFIED.,.F.,.U.,(6,3,3,3,3,3,6),(135.621062382,280.532313431,352.987938955,389.215751717,407.329658098,421.302870062,425.443564479),.UNSPECIFIED.);
#14237=CARTESIAN_POINT('Control Point',(9405.97113432,-1942.54219372,2302.80828623));
#14238=CARTESIAN_POINT('Control Point',(9405.973290329999,-1927.75662995,2318.51143205));
#14239=CARTESIAN_POINT('Control Point',(9405.975428559999,-1912.78798899,2334.10449686));
#14240=CARTESIAN_POINT('Control Point',(9405.97754896,-1897.6342649,2349.58436274));
#14241=CARTESIAN_POINT('Control Point',(9405.9807041,-1874.62315882,2372.62949984));
#14242=CARTESIAN_POINT('Control Point',(9405.983824249999,-1851.18729723,2395.40523147));
#14243=CARTESIAN_POINT('Control Point',(9405.984860589999,-1843.3279275,2402.96679619));
#14244=CARTESIAN_POINT('Control Point',(9405.986409859999,-1831.46743334,2414.26300167));
#14245=CARTESIAN_POINT('Control Point',(9405.987951789999,-1819.4993359,2425.4890576));
#14246=CARTESIAN_POINT('Control Point',(9405.988464979999,-1815.49798951,2429.22322978));
#14247=CARTESIAN_POINT('Control Point',(9405.98923363,-1809.47796327,2434.81264016));
#14248=CARTESIAN_POINT('Control Point',(9405.99000066,-1803.4308755,2440.38416133));
#14249=CARTESIAN_POINT('Control Point',(9405.990256159999,-1801.41216987,2442.23934085));
#14250=CARTESIAN_POINT('Control Point',(9405.99070844,-1797.83088222,2445.52207654));
#14251=CARTESIAN_POINT('Control Point',(9405.991160199999,-1794.24013302,2448.79851373));
#14252=CARTESIAN_POINT('Control Point',(9405.99135683,-1792.67464767,2450.22413033));
#14253=CARTESIAN_POINT('Control Point',(9405.9916116,-1790.6429314,2452.07064501));
#14254=CARTESIAN_POINT('Control Point',(9405.99186622,-1788.60819361,2453.91513737));
#14255=CARTESIAN_POINT('Control Point',(9405.99192473,-1788.14351971,2454.33611569));
#14256=CARTESIAN_POINT('Control Point',(9405.99198336,-1787.6795451,2454.75621315));
#14257=CARTESIAN_POINT('Control Point',(9405.99204189,-1787.21629913,2455.17540491));
#14258=CARTESIAN_POINT('Vertex',(9405.97120451,-1942.54219908,2302.80829127));
#14259=VERTEX_POINT('',#14258);
#14260=EDGE_CURVE('',#14259,#14234,#14236,.T.);
#14261=B_SPLINE_CURVE_WITH_KNOTS('',3,(#14262,#14263,#14264,#14265),.UNSPECIFIED.,.F.,.U.,(4,4),(211.206146289,291.41167222),.UNSPECIFIED.);
#14262=CARTESIAN_POINT('Control Point',(9436.15160349,-1945.07634289,2304.70588301));
#14263=CARTESIAN_POINT('Control Point',(9426.09053123,-1944.2361244,2304.07672303));
#14264=CARTESIAN_POINT('Control Point',(9416.03039091,-1943.39141786,2303.44419952));
#14265=CARTESIAN_POINT('Control Point',(9405.97120451,-1942.54219908,2302.80829127));
#14266=CARTESIAN_POINT('Vertex',(9436.15160349,-1945.07634289,2304.70588301));
#14267=VERTEX_POINT('',#14266);
#14268=EDGE_CURVE('',#14267,#14259,#14261,.T.);
#14269=B_SPLINE_CURVE_WITH_KNOTS('',5,(#14270,#14271,#14272,#14273,#14274,#14275,#14276,#14277,#14278,#14279,#14280,#14281,#14282,#14283,#14284),.UNSPECIFIED.,.F.,.U.,(6,3,3,3,6),(0.,10.0179569947,17.5400724187,20.0476433111,25.0120115376),.UNSPECIFIED.);
#14270=CARTESIAN_POINT('Control Point',(9436.151602599999,-1945.07634045,2304.70588547));
#14271=CARTESIAN_POINT('Control Point',(9434.980633319999,-1944.40908314,2305.23689556));
#14272=CARTESIAN_POINT('Control Point',(9433.875670019999,-1943.6684013,2305.85529996));
#14273=CARTESIAN_POINT('Control Point',(9432.85130086,-1942.85905026,2306.55803909));
#14274=CARTESIAN_POINT('Control Point',(9431.22543348,-1941.33259435,2307.92814312));
#14275=CARTESIAN_POINT('Control Point',(9429.93274109,-1939.63725586,2309.52400991));
#14276=CARTESIAN_POINT('Control Point',(9429.44616173,-1938.88298012,2310.24673256));
#14277=CARTESIAN_POINT('Control Point',(9428.89580194,-1937.84722991,2311.25591648));
#14278=CARTESIAN_POINT('Control Point',(9428.48528187,-1936.7828083,2312.31496433));
#14279=CARTESIAN_POINT('Control Point',(9428.391459389999,-1936.51480578,2312.58295991));
#14280=CARTESIAN_POINT('Control Point',(9428.13930026,-1935.71333437,2313.38841332));
#14281=CARTESIAN_POINT('Control Point',(9427.9690871,-1934.90255015,2314.21516224));
#14282=CARTESIAN_POINT('Control Point',(9427.89245132,-1934.35692621,2314.77684295));
#14283=CARTESIAN_POINT('Control Point',(9427.854447899999,-1933.81510745,2315.33993576));
#14284=CARTESIAN_POINT('Control Point',(9427.85456256,-1933.27503479,2315.90652411));
#14285=CARTESIAN_POINT('Vertex',(9427.85456256,-1933.27503479,2315.90652411));
#14286=VERTEX_POINT('',#14285);
#14287=EDGE_CURVE('',#14267,#14286,#14269,.T.);
#14288=B_SPLINE_CURVE_WITH_KNOTS('',5,(#14289,#14290,#14291,#14292,#14293,#14294,#14295,#14296,#14297),.UNSPECIFIED.,.F.,.U.,(6,3,6),(0.,269.796310008,385.315414898),.UNSPECIFIED.);
#14289=CARTESIAN_POINT('Control Point',(9427.85456256,-1933.27503479,2315.90652411));
#14290=CARTESIAN_POINT('Control Point',(9427.85841563,-1915.12105107,2334.95180534));
#14291=CARTESIAN_POINT('Control Point',(9427.862294069999,-1896.63218134,2353.89701194));
#14292=CARTESIAN_POINT('Control Point',(9427.8661529,-1877.77653183,2372.75993325));
#14293=CARTESIAN_POINT('Control Point',(9427.871805839999,-1850.33461543,2399.54056446));
#14294=CARTESIAN_POINT('Control Point',(9427.8766836,-1822.26031912,2425.97649622));
#14295=CARTESIAN_POINT('Control Point',(9427.878045239999,-1813.7788542,2433.87770512));
#14296=CARTESIAN_POINT('Control Point',(9427.87938029,-1805.23569828,2441.75019041));
#14297=CARTESIAN_POINT('Control Point',(9427.880840129999,-1796.64685717,2449.57902488));
#14298=EDGE_CURVE('',#14286,#14194,#14288,.T.);
#14299=EDGE_LOOP('',(#14300,#14301,#14302,#14303,#14304,#14305));
#14300=ORIENTED_EDGE('',*,*,#14195,.T.);
#14301=ORIENTED_EDGE('',*,*,#14235,.T.);
#14302=ORIENTED_EDGE('',*,*,#14260,.F.);
#14303=ORIENTED_EDGE('',*,*,#14268,.F.);
#14304=ORIENTED_EDGE('',*,*,#14287,.T.);
#14305=ORIENTED_EDGE('',*,*,#14298,.T.);
#14306=FACE_OUTER_BOUND('',#14299,.T.);
#14307=ADVANCED_FACE('PartBody',(#14306),#14207,.T.);
#14308=B_SPLINE_SURFACE_WITH_KNOTS('',5,5,((#14309,#14310,#14311,#14312,#14313,#14314,#14315,#14316,#14317),(#14318,#14319,#14320,#14321,#14322,#14323,#14324,#14325,#14326),(#14327,#14328,#14329,#14330,#14331,#14332,#14333,#14334,#14335),(#14336,#14337,#14338,#14339,#14340,#14341,#14342,#14343,#14344),(#14345,#14346,#14347,#14348,#14349,#14350,#14351,#14352,#14353),(#14354,#14355,#14356,#14357,#14358,#14359,#14360,#14361,#14362),(#14363,#14364,#14365,#14366,#14367,#14368,#14369,#14370,#14371),(#14372,#14373,#14374,#14375,#14376,#14377,#14378,#14379,#14380),(#14381,#14382,#14383,#14384,#14385,#14386,#14387,#14388,#14389),(#14390,#14391,#14392,#14393,#14394,#14395,#14396,#14397,#14398),(#14399,#14400,#14401,#14402,#14403,#14404,#14405,#14406,#14407),(#14408,#14409,#14410,#14411,#14412,#14413,#14414,#14415,#14416),(#14417,#14418,#14419,#14420,#14421,#14422,#14423,#14424,#14425),(#14426,#14427,#14428,#14429,#14430,#14431,#14432,#14433,#14434),(#14435,#14436,#14437,#14438,#14439,#14440,#14441,#14442,#14443),(#14444,#14445,#14446,#14447,#14448,#14449,#14450,#14451,#14452),(#14453,#14454,#14455,#14456,#14457,#14458,#14459,#14460,#14461),(#14462,#14463,#14464,#14465,#14466,#14467,#14468,#14469,#14470)),.UNSPECIFIED.,.F.,.F.,.U.,(6,3,3,3,3,6),(6,3,6),(135.548468652,280.529154977,353.019498139,389.264669721,407.387255511,425.509841302),(0.,2.585,5.17),.UNSPECIFIED.);
#14309=CARTESIAN_POINT('Control Point',(9405.97112892,-1942.57922765,2302.76895324));
#14310=CARTESIAN_POINT('Control Point',(9405.217141699999,-1942.5216969,2302.71478516));
#14311=CARTESIAN_POINT('Control Point',(9404.47762797,-1942.36356175,2302.56589298));
#14312=CARTESIAN_POINT('Control Point',(9403.78642262,-1942.10728735,2302.32459778));
#14313=CARTESIAN_POINT('Control Point',(9402.56522362,-1941.42242338,2301.67976399));
#14314=CARTESIAN_POINT('Control Point',(9401.756969009999,-1940.4667713,2300.77996962));
#14315=CARTESIAN_POINT('Control Point',(9401.47893662,-1939.93955894,2300.28357272));
#14316=CARTESIAN_POINT('Control Point',(9401.34,-1939.38759562,2299.76387157));
#14317=CARTESIAN_POINT('Control Point',(9401.34,-1938.83563812,2299.24417589));
#14318=CARTESIAN_POINT('Control Point',(9405.973285979999,-1927.78692093,2318.47987106));
#14319=CARTESIAN_POINT('Control Point',(9405.21904991,-1927.73002362,2318.42545867));
#14320=CARTESIAN_POINT('Control Point',(9404.47923762,-1927.57319369,2318.27548452));
#14321=CARTESIAN_POINT('Control Point',(9403.78771454,-1927.31887001,2318.03228098));
#14322=CARTESIAN_POINT('Control Point',(9402.565909819999,-1926.63903035,2317.38216962));
#14323=CARTESIAN_POINT('Control Point',(9401.75720769,-1925.69015963,2316.47479489));
#14324=CARTESIAN_POINT('Control Point',(9401.479016089999,-1925.16665583,2315.97418542));
#14325=CARTESIAN_POINT('Control Point',(9401.34,-1924.61856032,2315.45005994));
#14326=CARTESIAN_POINT('Control Point',(9401.34,-1924.0704706,2314.92593998));
#14327=CARTESIAN_POINT('Control Point',(9405.975425299999,-1912.81145286,2334.08051288));
#14328=CARTESIAN_POINT('Control Point',(9405.220942579999,-1912.75519147,2334.02585897));
#14329=CARTESIAN_POINT('Control Point',(9404.480834259999,-1912.59968487,2333.87480522));
#14330=CARTESIAN_POINT('Control Point',(9403.788996069999,-1912.3473455,2333.62969513));
#14331=CARTESIAN_POINT('Control Point',(9402.566590569999,-1911.67262471,2332.97430866));
#14332=CARTESIAN_POINT('Control Point',(9401.757444479999,-1910.73067317,2332.05935412));
#14333=CARTESIAN_POINT('Control Point',(9401.47909493,-1910.21095479,2331.55453196));
#14334=CARTESIAN_POINT('Control Point',(9401.34,-1909.66680795,2331.02598185));
#14335=CARTESIAN_POINT('Control Point',(9401.34,-1909.12266686,2330.49743732));
#14336=CARTESIAN_POINT('Control Point',(9405.9775467,-1897.65061624,2349.56796792));
#14337=CARTESIAN_POINT('Control Point',(9405.22281954,-1897.59499319,2349.51307551));
#14338=CARTESIAN_POINT('Control Point',(9404.48241775,-1897.44082798,2349.36094524));
#14339=CARTESIAN_POINT('Control Point',(9403.790267099999,-1897.19050649,2349.11393163));
#14340=CARTESIAN_POINT('Control Point',(9402.56726579,-1896.52099929,2348.4532759));
#14341=CARTESIAN_POINT('Control Point',(9401.757679349999,-1895.58610506,2347.53074695));
#14342=CARTESIAN_POINT('Control Point',(9401.479173129999,-1895.07024916,2347.0217147));
#14343=CARTESIAN_POINT('Control Point',(9401.34,-1894.53013204,2346.48874248));
#14344=CARTESIAN_POINT('Control Point',(9401.34,-1893.99002063,2345.9557759));
#14345=CARTESIAN_POINT('Control Point',(9405.980703379999,-1874.62865871,2372.62423349));
#14346=CARTESIAN_POINT('Control Point',(9405.22561272,-1874.57399677,2372.56898826));
#14347=CARTESIAN_POINT('Control Point',(9404.484774349999,-1874.42187078,2372.41524904));
#14348=CARTESIAN_POINT('Control Point',(9403.79215875,-1874.17462655,2372.16538666));
#14349=CARTESIAN_POINT('Control Point',(9402.568270809999,-1873.51308187,2371.49684099));
#14350=CARTESIAN_POINT('Control Point',(9401.75802895,-1872.58898094,2370.56296572));
#14351=CARTESIAN_POINT('Control Point',(9401.47928953,-1872.07903441,2370.04762616));
#14352=CARTESIAN_POINT('Control Point',(9401.34,-1871.54508353,2369.50802872));
#14353=CARTESIAN_POINT('Control Point',(9401.34,-1871.01113831,2368.968437));
#14354=CARTESIAN_POINT('Control Point',(9405.983825019999,-1851.18151741,2395.41085865));
#14355=CARTESIAN_POINT('Control Point',(9405.22837522,-1851.12782186,2395.35526898));
#14356=CARTESIAN_POINT('Control Point',(9404.48710527,-1850.9777752,2395.19993196));
#14357=CARTESIAN_POINT('Control Point',(9403.79402992,-1850.73368286,2394.94723435));
#14358=CARTESIAN_POINT('Control Point',(9402.569265059999,-1850.08031117,2394.2708297));
#14359=CARTESIAN_POINT('Control Point',(9401.75837483,-1849.16731062,2393.32564494));
#14360=CARTESIAN_POINT('Control Point',(9401.479404689999,-1848.66344477,2392.80401747));
#14361=CARTESIAN_POINT('Control Point',(9401.34,-1848.13584032,2392.25781471));
#14362=CARTESIAN_POINT('Control Point',(9401.34,-1847.60824149,2391.71161775));
#14363=CARTESIAN_POINT('Control Point',(9405.984861859999,-1843.318347,2402.97602026));
#14364=CARTESIAN_POINT('Control Point',(9405.22929281,-1843.26497416,2402.92031676));
#14365=CARTESIAN_POINT('Control Point',(9404.487879529999,-1843.11562504,2402.76444851));
#14366=CARTESIAN_POINT('Control Point',(9403.794651479999,-1842.87259158,2402.51080752));
#14367=CARTESIAN_POINT('Control Point',(9402.569595339999,-1842.22196749,2401.83178718));
#14368=CARTESIAN_POINT('Control Point',(9401.758489719999,-1841.31270101,2400.8828374));
#14369=CARTESIAN_POINT('Control Point',(9401.47944295,-1840.81088097,2400.35911653));
#14370=CARTESIAN_POINT('Control Point',(9401.34,-1840.28541193,2399.81071463));
#14371=CARTESIAN_POINT('Control Point',(9401.34,-1839.75994847,2399.26231855));
#14372=CARTESIAN_POINT('Control Point',(9405.986411869999,-1831.45207953,2414.27758013));
#14373=CARTESIAN_POINT('Control Point',(9405.2306646,-1831.39919163,2414.22170744));
#14374=CARTESIAN_POINT('Control Point',(9404.48903708,-1831.25089541,2414.0650446));
#14375=CARTESIAN_POINT('Control Point',(9403.79558075,-1831.00946253,2413.80999145));
#14376=CARTESIAN_POINT('Control Point',(9402.57008915,-1830.36299442,2413.1270544));
#14377=CARTESIAN_POINT('Control Point',(9401.758661509999,-1829.45937951,2412.17246556));
#14378=CARTESIAN_POINT('Control Point',(9401.479500149999,-1828.96065637,2411.64560907));
#14379=CARTESIAN_POINT('Control Point',(9401.34,-1828.43842004,2411.0939131));
#14380=CARTESIAN_POINT('Control Point',(9401.34,-1827.91618928,2410.54222299));
#14381=CARTESIAN_POINT('Control Point',(9405.98795452,-1819.47810507,2425.50892197));
#14382=CARTESIAN_POINT('Control Point',(9405.23202996,-1819.42570337,2425.45288259));
#14383=CARTESIAN_POINT('Control Point',(9404.49018925,-1819.27846982,2425.29542888));
#14384=CARTESIAN_POINT('Control Point',(9403.796505729999,-1819.03865572,2425.03896841));
#14385=CARTESIAN_POINT('Control Point',(9402.57058071,-1818.39639495,2424.35212625));
#14386=CARTESIAN_POINT('Control Point',(9401.75883253,-1817.49850654,2423.39191287));
#14387=CARTESIAN_POINT('Control Point',(9401.479557089999,-1817.00292209,2422.86192855));
#14388=CARTESIAN_POINT('Control Point',(9401.34,-1816.48396246,2422.30694652));
#14389=CARTESIAN_POINT('Control Point',(9401.34,-1815.96500836,2421.75197042));
#14390=CARTESIAN_POINT('Control Point',(9405.988467949999,-1815.47478811,2429.24484845));
#14391=CARTESIAN_POINT('Control Point',(9405.2324844,-1815.42254861,2429.18875378));
#14392=CARTESIAN_POINT('Control Point',(9404.49057274,-1815.27567037,2429.03103688));
#14393=CARTESIAN_POINT('Control Point',(9403.7968136,-1815.03639788,2428.77410787));
#14394=CARTESIAN_POINT('Control Point',(9402.57074433,-1814.39554522,2428.08596538));
#14395=CARTESIAN_POINT('Control Point',(9401.75888945,-1813.49957393,2427.12387886));
#14396=CARTESIAN_POINT('Control Point',(9401.479576039999,-1813.00504033,2426.59285285));
#14397=CARTESIAN_POINT('Control Point',(9401.34,-1812.48717779,2426.03677643));
#14398=CARTESIAN_POINT('Control Point',(9401.34,-1811.96932078,2425.48070594));
#14399=CARTESIAN_POINT('Control Point',(9405.989236969999,-1809.45178864,2434.83687862));
#14400=CARTESIAN_POINT('Control Point',(9405.233165059999,-1809.39979266,2434.78070147));
#14401=CARTESIAN_POINT('Control Point',(9404.491147139999,-1809.25344898,2434.62259045));
#14402=CARTESIAN_POINT('Control Point',(9403.797274749999,-1809.0149919,2434.36495953));
#14403=CARTESIAN_POINT('Control Point',(9402.570989399999,-1808.37625988,2433.6748687));
#14404=CARTESIAN_POINT('Control Point',(9401.758974709999,-1807.48317662,2432.70997522));
#14405=CARTESIAN_POINT('Control Point',(9401.47960443,-1806.99022619,2432.17738813));
#14406=CARTESIAN_POINT('Control Point',(9401.34,-1806.47401653,2431.61967164));
#14407=CARTESIAN_POINT('Control Point',(9401.34,-1805.95781239,2431.0619611));
#14408=CARTESIAN_POINT('Control Point',(9405.99000435,-1803.40170148,2440.41100197));
#14409=CARTESIAN_POINT('Control Point',(9405.233844299999,-1803.34994933,2440.35474301));
#14410=CARTESIAN_POINT('Control Point',(9404.491720349999,-1803.20414261,2440.19623894));
#14411=CARTESIAN_POINT('Control Point',(9403.79773495,-1802.96650541,2439.93790752));
#14412=CARTESIAN_POINT('Control Point',(9402.57123399,-1802.32990663,2439.24587176));
#14413=CARTESIAN_POINT('Control Point',(9401.759059799999,-1801.43972979,2438.27817566));
#14414=CARTESIAN_POINT('Control Point',(9401.47963276,-1800.9483728,2437.74402983));
#14415=CARTESIAN_POINT('Control Point',(9401.34,-1800.43382683,2437.18467568));
#14416=CARTESIAN_POINT('Control Point',(9401.34,-1799.91928636,2436.6253275));
#14417=CARTESIAN_POINT('Control Point',(9405.990260029999,-1801.38116498,2442.26779401));
#14418=CARTESIAN_POINT('Control Point',(9405.23407061,-1801.32949416,2442.21150784));
#14419=CARTESIAN_POINT('Control Point',(9404.49191133,-1801.18386674,2442.05287284));
#14420=CARTESIAN_POINT('Control Point',(9403.79788828,-1800.94650339,2441.79430803));
#14421=CARTESIAN_POINT('Control Point',(9402.57131548,-1800.31061727,2441.10162418));
#14422=CARTESIAN_POINT('Control Point',(9401.75908815,-1799.42141153,2440.13299414));
#14423=CARTESIAN_POINT('Control Point',(9401.4796422,-1798.93058695,2439.59832888));
#14424=CARTESIAN_POINT('Control Point',(9401.34,-1798.41659688,2439.03842898));
#14425=CARTESIAN_POINT('Control Point',(9401.34,-1797.9026123,2438.47853506));
#14426=CARTESIAN_POINT('Control Point',(9405.99077081,-1797.33737379,2445.97438428));
#14427=CARTESIAN_POINT('Control Point',(9405.23452272,-1797.28586563,2445.9180439));
#14428=CARTESIAN_POINT('Control Point',(9404.492292879999,-1797.14059715,2445.75914741));
#14429=CARTESIAN_POINT('Control Point',(9403.798194609999,-1796.90378222,2445.50011636));
#14430=CARTESIAN_POINT('Control Point',(9402.571478279999,-1796.26932348,2444.8061378));
#14431=CARTESIAN_POINT('Control Point',(9401.759144789999,-1795.38206301,2443.83564182));
#14432=CARTESIAN_POINT('Control Point',(9401.479661059999,-1794.89230499,2443.29993874));
#14433=CARTESIAN_POINT('Control Point',(9401.34,-1794.37942854,2442.73894846));
#14434=CARTESIAN_POINT('Control Point',(9401.34,-1793.86655758,2442.17796417));
#14435=CARTESIAN_POINT('Control Point',(9405.99128113,-1793.27819723,2449.67592601));
#14436=CARTESIAN_POINT('Control Point',(9405.234974449999,-1793.22685193,2449.61953169));
#14437=CARTESIAN_POINT('Control Point',(9404.492674109999,-1793.08194363,2449.46037409));
#14438=CARTESIAN_POINT('Control Point',(9403.798500679999,-1792.84567936,2449.20087724));
#14439=CARTESIAN_POINT('Control Point',(9402.57164095,-1792.21265426,2448.50560496));
#14440=CARTESIAN_POINT('Control Point',(9401.759201389999,-1791.32734812,2447.53324421));
#14441=CARTESIAN_POINT('Control Point',(9401.4796799,-1790.83866172,2446.99650392));
#14442=CARTESIAN_POINT('Control Point',(9401.34,-1790.32690421,2446.43442389));
#14443=CARTESIAN_POINT('Control Point',(9401.34,-1789.81515216,2445.87234986));
#14444=CARTESIAN_POINT('Control Point',(9405.991535859999,-1791.251843,2451.51903735));
#14445=CARTESIAN_POINT('Control Point',(9405.23519992,-1791.20057905,2451.46261619));
#14446=CARTESIAN_POINT('Control Point',(9404.49286439,-1791.05585086,2451.30332834));
#14447=CARTESIAN_POINT('Control Point',(9403.79865345,-1790.81986203,2451.0435991));
#14448=CARTESIAN_POINT('Control Point',(9402.57172215,-1790.18755415,2450.34768127));
#14449=CARTESIAN_POINT('Control Point',(9401.75922964,-1789.30322585,2449.37438995));
#14450=CARTESIAN_POINT('Control Point',(9401.479689309999,-1788.81507563,2448.83713206));
#14451=CARTESIAN_POINT('Control Point',(9401.34,-1788.30387799,2448.27450819));
#14452=CARTESIAN_POINT('Control Point',(9401.34,-1787.79268582,2447.71189034));
#14453=CARTESIAN_POINT('Control Point',(9405.991790779999,-1789.20651091,2453.3745242));
#14454=CARTESIAN_POINT('Control Point',(9405.235425569999,-1789.15532853,2453.31807619));
#14455=CARTESIAN_POINT('Control Point',(9404.49305483,-1789.0107811,2453.1586579));
#14456=CARTESIAN_POINT('Control Point',(9403.79880635,-1788.77506883,2452.89869588));
#14457=CARTESIAN_POINT('Control Point',(9402.57180342,-1788.14348119,2452.20213142));
#14458=CARTESIAN_POINT('Control Point',(9401.75925791,-1787.260135,2451.22790793));
#14459=CARTESIAN_POINT('Control Point',(9401.479698719999,-1786.77252334,2450.69013155));
#14460=CARTESIAN_POINT('Control Point',(9401.34,-1786.26188806,2450.1269629));
#14461=CARTESIAN_POINT('Control Point',(9401.34,-1785.75125824,2449.56380028));
#14462=CARTESIAN_POINT('Control Point',(9405.99204567,-1787.17923194,2455.20895487));
#14463=CARTESIAN_POINT('Control Point',(9405.23565121,-1787.12813111,2455.15248016));
#14464=CARTESIAN_POINT('Control Point',(9404.49324525,-1786.98376456,2454.99293173));
#14465=CARTESIAN_POINT('Control Point',(9403.79895923,-1786.74832909,2454.73273736));
#14466=CARTESIAN_POINT('Control Point',(9402.571884679999,-1786.11746237,2454.03552738));
#14467=CARTESIAN_POINT('Control Point',(9401.75928618,-1785.23509933,2453.0603732));
#14468=CARTESIAN_POINT('Control Point',(9401.47970813,-1784.74802682,2452.52207912));
#14469=CARTESIAN_POINT('Control Point',(9401.34,-1784.23795451,2451.95836654));
#14470=CARTESIAN_POINT('Control Point',(9401.34,-1783.72788766,2451.39465999));
#14471=B_SPLINE_CURVE_WITH_KNOTS('',5,(#14472,#14473,#14474,#14475,#14476,#14477),.UNSPECIFIED.,.F.,.U.,(6,6),(-2.58500116528,2.58500116528),.UNSPECIFIED.);
#14472=CARTESIAN_POINT('Control Point',(9405.99204101,-1787.21630402,2455.1754087));
#14473=CARTESIAN_POINT('Control Point',(9404.47925308,-1787.11464856,2455.06196329));
#14474=CARTESIAN_POINT('Control Point',(9403.021370139999,-1786.64065211,2454.53703645));
#14475=CARTESIAN_POINT('Control Point',(9401.89764531,-1785.80749297,2453.61519299));
#14476=CARTESIAN_POINT('Control Point',(9401.34,-1784.78723664,2452.48658683));
#14477=CARTESIAN_POINT('Control Point',(9401.34,-1783.76762897,2451.35869909));
#14478=CARTESIAN_POINT('Vertex',(9401.34,-1783.76762897,2451.35869909));
#14479=VERTEX_POINT('',#14478);
#14480=EDGE_CURVE('',#14479,#14234,#14471,.F.);
#14481=B_SPLINE_CURVE_WITH_KNOTS('',5,(#14482,#14483,#14484,#14485,#14486,#14487,#14488,#14489,#14490,#14491,#14492,#14493),.UNSPECIFIED.,.F.,.U.,(6,3,3,6),(135.615655077,135.62106349,421.302870062,425.438655516),.UNSPECIFIED.);
#14482=CARTESIAN_POINT('Control Point',(9401.34,-1938.80142566,2299.28051154));
#14483=CARTESIAN_POINT('Control Point',(9401.34,-1938.80087484,2299.28109653));
#14484=CARTESIAN_POINT('Control Point',(9401.34,-1938.80032403,2299.28168152));
#14485=CARTESIAN_POINT('Control Point',(9401.34,-1938.79977321,2299.28226651));
#14486=CARTESIAN_POINT('Control Point',(9401.34,-1909.70407101,2330.18300197));
#14487=CARTESIAN_POINT('Control Point',(9401.34,-1879.8988426,2360.6559306));
#14488=CARTESIAN_POINT('Control Point',(9401.34,-1849.36934192,2390.6767193));
#14489=CARTESIAN_POINT('Control Point',(9401.34,-1817.64803513,2420.64809537));
#14490=CARTESIAN_POINT('Control Point',(9401.34,-1785.15519945,2450.1023594));
#14491=CARTESIAN_POINT('Control Point',(9401.34,-1784.69196855,2450.5220253));
#14492=CARTESIAN_POINT('Control Point',(9401.34,-1784.22943576,2450.94081338));
#14493=CARTESIAN_POINT('Control Point',(9401.34,-1783.76762897,2451.35869909));
#14494=CARTESIAN_POINT('Vertex',(9401.34,-1938.8014188,2299.28050508));
#14495=VERTEX_POINT('',#14494);
#14496=EDGE_CURVE('',#14495,#14479,#14481,.T.);
#14497=B_SPLINE_CURVE_WITH_KNOTS('',5,(#14498,#14499,#14500,#14501,#14502,#14503),.UNSPECIFIED.,.F.,.U.,(6,6),(0.,7.31148680743),.UNSPECIFIED.);
#14498=CARTESIAN_POINT('Control Point',(9405.97113432,-1942.54219372,2302.80828623));
#14499=CARTESIAN_POINT('Control Point',(9404.46315464,-1942.4273367,2302.69973446));
#14500=CARTESIAN_POINT('Control Point',(9403.012090239999,-1941.91107276,2302.21280018));
#14501=CARTESIAN_POINT('Control Point',(9401.89455429,-1941.00841386,2301.36156869));
#14502=CARTESIAN_POINT('Control Point',(9401.34,-1939.90457644,2300.32072063));
#14503=CARTESIAN_POINT('Control Point',(9401.34,-1938.80142566,2299.28051154));
#14504=EDGE_CURVE('',#14495,#14259,#14497,.F.);
#14505=EDGE_LOOP('',(#14506,#14507,#14508,#14509));
#14506=ORIENTED_EDGE('',*,*,#14480,.F.);
#14507=ORIENTED_EDGE('',*,*,#14496,.F.);
#14508=ORIENTED_EDGE('',*,*,#14504,.T.);
#14509=ORIENTED_EDGE('',*,*,#14260,.T.);
#14510=FACE_OUTER_BOUND('',#14505,.T.);
#14511=ADVANCED_FACE('PartBody',(#14510),#14308,.T.);
#14512=CARTESIAN_POINT('Axis2P3D Location',(9401.34,0.027325,-0.027827));
#14513=DIRECTION('Axis2P3D Direction',(1,0,0));
#14514=DIRECTION('Axis2P3D XDirection',(0,1,0));
#14515=AXIS2_PLACEMENT_3D('Plane Axis2P3D',#14512,#14513,#14514);
#14516=PLANE('',#14515);
#14517=B_SPLINE_CURVE_WITH_KNOTS('',5,(#14518,#14519,#14520,#14521,#14522,#14523,#14524,#14525,#14526),.UNSPECIFIED.,.F.,.U.,(6,3,6),(97.7290551181,135.600973027,137.499872345),.UNSPECIFIED.);
#14518=CARTESIAN_POINT('Control Point',(9401.34,-1958.94214567,2277.7128737));
#14519=CARTESIAN_POINT('Control Point',(9401.34,-1955.13225263,2281.836144));
#14520=CARTESIAN_POINT('Control Point',(9401.34,-1951.31005339,2285.95199417));
#14521=CARTESIAN_POINT('Control Point',(9401.34,-1947.47552461,2290.06036022));
#14522=CARTESIAN_POINT('Control Point',(9401.34,-1943.43574113,2294.36681293));
#14523=CARTESIAN_POINT('Control Point',(9401.34,-1939.38222483,2298.66496013));
#14524=CARTESIAN_POINT('Control Point',(9401.34,-1939.18865413,2298.87016073));
#14525=CARTESIAN_POINT('Control Point',(9401.34,-1938.99505213,2299.07534238));
#14526=CARTESIAN_POINT('Control Point',(9401.34,-1938.8014188,2299.28050508));
#14527=CARTESIAN_POINT('Vertex',(9401.34,-1958.94214567,2277.7128737));
#14528=VERTEX_POINT('',#14527);
#14529=EDGE_CURVE('',#14528,#14495,#14517,.T.);
#14530=B_SPLINE_CURVE_WITH_KNOTS('',5,(#14531,#14532,#14533,#14534,#14535,#14536),.UNSPECIFIED.,.F.,.U.,(6,6),(426.943001585,459.79858565),.UNSPECIFIED.);
#14531=CARTESIAN_POINT('Control Point',(9401.34,-1783.76761914,2451.3586882));
#14532=CARTESIAN_POINT('Control Point',(9401.34,-1780.07637446,2454.69096523));
#14533=CARTESIAN_POINT('Control Point',(9401.34,-1776.37522158,2458.01656749));
#14534=CARTESIAN_POINT('Control Point',(9401.34,-1772.66409841,2461.33549797));
#14535=CARTESIAN_POINT('Control Point',(9401.34,-1768.94299755,2464.64771242));
#14536=CARTESIAN_POINT('Control Point',(9401.34,-1765.21192514,2467.9531558));
#14537=CARTESIAN_POINT('Vertex',(9401.34,-1765.21192514,2467.9531558));
#14538=VERTEX_POINT('',#14537);
#14539=EDGE_CURVE('',#14479,#14538,#14530,.T.);
#14540=CARTESIAN_POINT('Line Origine',(9401.34,-1764.215725,2466.82886895));
#14541=DIRECTION('Vector Direction',(0,-0.6631856534939613,0.7484549345149563));
#14542=VECTOR('Line Direction',#14541,1.);
#14543=LINE('Line',#14540,#14542);
#14544=CARTESIAN_POINT('Vertex',(9401.34,-1763.21952486,2465.7045821));
#14545=VERTEX_POINT('',#14544);
#14546=EDGE_CURVE('',#14545,#14538,#14543,.T.);
#14547=CARTESIAN_POINT('Axis2P3D Location',(9401.34,-1766.96179953,2462.38865383));
#14548=DIRECTION('Axis2P3D Direction',(1,0,0));
#14549=AXIS2_PLACEMENT_3D('Circle Axis2P3D',#14547,#14548,$);
#14550=CIRCLE('generated circle',#14549,5.);
#14551=CARTESIAN_POINT('Vertex',(9401.34,-1762.17870433,2463.84536256));
#14552=VERTEX_POINT('',#14551);
#14553=EDGE_CURVE('',#14552,#14545,#14550,.T.);
#14554=CARTESIAN_POINT('Line Origine',(9401.34,-1753.52563066,2435.43304213));
#14555=DIRECTION('Vector Direction',(0,-0.29134174560685,0.9566190397785074));
#14556=VECTOR('Line Direction',#14555,1.);
#14557=LINE('Line',#14554,#14556);
#14558=CARTESIAN_POINT('Vertex',(9401.34,-1744.87255698,2407.02072171));
#14559=VERTEX_POINT('',#14558);
#14560=EDGE_CURVE('',#14559,#14552,#14557,.T.);
#14561=CARTESIAN_POINT('Axis2P3D Location',(9401.34,-1722.87031907,2413.72158185));
#14562=DIRECTION('Axis2P3D Direction',(1,0,0));
#14563=AXIS2_PLACEMENT_3D('Circle Axis2P3D',#14561,#14562,$);
#14564=CIRCLE('generated circle',#14563,23.);
#14565=CARTESIAN_POINT('Vertex',(9401.34,-1740.68127329,2399.16926555));
#14566=VERTEX_POINT('',#14565);
#14567=EDGE_CURVE('',#14566,#14559,#14564,.F.);
#14568=CARTESIAN_POINT('Axis2P3D Location',(9401.34,-1750.74833437,2390.9440433));
#14569=DIRECTION('Axis2P3D Direction',(1,0,0));
#14570=AXIS2_PLACEMENT_3D('Circle Axis2P3D',#14568,#14569,$);
#14571=CIRCLE('generated circle',#14570,13.);
#14572=CARTESIAN_POINT('Vertex',(9401.34,-1742.04387531,2381.28835106));
#14573=VERTEX_POINT('',#14572);
#14574=EDGE_CURVE('',#14573,#14566,#14571,.T.);
#14575=B_SPLINE_CURVE_WITH_KNOTS('',5,(#14576,#14577,#14578,#14579,#14580,#14581),.UNSPECIFIED.,.F.,.U.,(6,6),(0.,421.314420291),.UNSPECIFIED.);
#14576=CARTESIAN_POINT('Control Point',(9401.34,-1876.57473158,2250.88922154));
#14577=CARTESIAN_POINT('Control Point',(9401.34,-1850.62343189,2277.93088462));
#14578=CARTESIAN_POINT('Control Point',(9401.34,-1824.18305467,2304.50341616));
#14579=CARTESIAN_POINT('Control Point',(9401.34,-1797.26511581,2330.59468315));
#14580=CARTESIAN_POINT('Control Point',(9401.34,-1769.88135133,2356.19329165));
#14581=CARTESIAN_POINT('Control Point',(9401.34,-1742.04387531,2381.28835106));
#14582=CARTESIAN_POINT('Vertex',(9401.34,-1876.57473158,2250.88922154));
#14583=VERTEX_POINT('',#14582);
#14584=EDGE_CURVE('',#14583,#14573,#14575,.T.);
#14585=CARTESIAN_POINT('Axis2P3D Location',(9401.34,-1869.35969922,2243.9651109));
#14586=DIRECTION('Axis2P3D Direction',(1,0,0));
#14587=AXIS2_PLACEMENT_3D('Circle Axis2P3D',#14585,#14586,$);
#14588=CIRCLE('generated circle',#14587,10.);
#14589=CARTESIAN_POINT('Vertex',(9401.34,-1876.14548015,2236.61982825));
#14590=VERTEX_POINT('',#14589);
#14591=EDGE_CURVE('',#14590,#14583,#14588,.F.);
#14592=CARTESIAN_POINT('Line Origine',(9401.34,-1873.67130128,2234.33411148));
#14593=DIRECTION('Vector Direction',(0,-0.7345282649589294,0.6785780927619347));
#14594=VECTOR('Line Direction',#14593,1.);
#14595=LINE('Line',#14592,#14594);
#14596=CARTESIAN_POINT('Vertex',(9401.34,-1871.19712242,2232.04839471));
#14597=VERTEX_POINT('',#14596);
#14598=EDGE_CURVE('',#14597,#14590,#14595,.T.);
#14599=CARTESIAN_POINT('Axis2P3D Location',(9401.34,-1880.01863762,2222.49952726));
#14600=DIRECTION('Axis2P3D Direction',(1,0,0));
#14601=AXIS2_PLACEMENT_3D('Circle Axis2P3D',#14599,#14600,$);
#14602=CIRCLE('generated circle',#14601,13.);
#14603=CARTESIAN_POINT('Vertex',(9401.34,-1870.5855945,2213.55426609));
#14604=VERTEX_POINT('',#14603);
#14605=EDGE_CURVE('',#14604,#14597,#14602,.T.);
#14606=B_SPLINE_CURVE_WITH_KNOTS('',5,(#14607,#14608,#14609,#14610,#14611,#14612),.UNSPECIFIED.,.F.,.U.,(6,6),(0.,26.4629788787),.UNSPECIFIED.);
#14607=CARTESIAN_POINT('Control Point',(9401.34,-1878.7129075,2204.94467734));
#14608=CARTESIAN_POINT('Control Point',(9401.34,-1877.0913582,2206.67028777));
#14609=CARTESIAN_POINT('Control Point',(9401.34,-1875.4678497,2208.3940545));
#14610=CARTESIAN_POINT('Control Point',(9401.34,-1873.84238327,2210.11597622));
#14611=CARTESIAN_POINT('Control Point',(9401.34,-1872.21496444,2211.83604718));
#14612=CARTESIAN_POINT('Control Point',(9401.34,-1870.5855945,2213.55426609));
#14613=CARTESIAN_POINT('Vertex',(9401.34,-1878.7129075,2204.94467734));
#14614=VERTEX_POINT('',#14613);
#14615=EDGE_CURVE('',#14614,#14604,#14606,.T.);
#14616=CARTESIAN_POINT('Axis2P3D Location',(9401.34,-1879.4416457,2205.62946974));
#14617=DIRECTION('Axis2P3D Direction',(1,0,0));
#14618=AXIS2_PLACEMENT_3D('Circle Axis2P3D',#14616,#14617,$);
#14619=CIRCLE('generated circle',#14618,1.);
#14620=CARTESIAN_POINT('Vertex',(9401.34,-1880.12022379,2204.89494148));
#14621=VERTEX_POINT('',#14620);
#14622=EDGE_CURVE('',#14621,#14614,#14619,.T.);
#14623=CARTESIAN_POINT('Line Origine',(9401.34,-1919.53118473,2241.30390759));
#14624=DIRECTION('Vector Direction',(0,0.7345282649589294,-0.6785780927619347));
#14625=VECTOR('Line Direction',#14624,1.);
#14626=LINE('Line',#14623,#14625);
#14627=EDGE_CURVE('',#14528,#14621,#14626,.T.);
#14628=EDGE_LOOP('',(#14629,#14630,#14631,#14632,#14633,#14634,#14635,#14636,#14637,#14638,#14639,#14640,#14641,#14642,#14643));
#14629=ORIENTED_EDGE('',*,*,#14529,.T.);
#14630=ORIENTED_EDGE('',*,*,#14496,.T.);
#14631=ORIENTED_EDGE('',*,*,#14539,.T.);
#14632=ORIENTED_EDGE('',*,*,#14546,.F.);
#14633=ORIENTED_EDGE('',*,*,#14553,.F.);
#14634=ORIENTED_EDGE('',*,*,#14560,.F.);
#14635=ORIENTED_EDGE('',*,*,#14567,.F.);
#14636=ORIENTED_EDGE('',*,*,#14574,.F.);
#14637=ORIENTED_EDGE('',*,*,#14584,.F.);
#14638=ORIENTED_EDGE('',*,*,#14591,.F.);
#14639=ORIENTED_EDGE('',*,*,#14598,.F.);
#14640=ORIENTED_EDGE('',*,*,#14605,.F.);
#14641=ORIENTED_EDGE('',*,*,#14615,.F.);
#14642=ORIENTED_EDGE('',*,*,#14622,.F.);
#14643=ORIENTED_EDGE('',*,*,#14627,.F.);
#14644=FACE_OUTER_BOUND('',#14628,.T.);
#14645=ADVANCED_FACE('PartBody',(#14644),#14516,.F.);
#14646=CARTESIAN_POINT('Axis2P3D Location',(9401.34,-1750.74833437,2390.9440433));
#14647=DIRECTION('Axis2P3D Direction',(1,0,0));
#14648=DIRECTION('Axis2P3D XDirection',(0,-0.9971090396426783,0.07598396582737549));
#14649=AXIS2_PLACEMENT_3D('Cylinder Axis2P3D',#14646,#14647,#14648);
#14650=CYLINDRICAL_SURFACE('generated cylinder',#14649,13.);
#14651=CARTESIAN_POINT('Line Origine',(9402.424999999999,-1742.04387531,2381.28835106));
#14652=DIRECTION('Vector Direction',(1,0,0));
#14653=VECTOR('Line Direction',#14652,1.);
#14654=LINE('Line',#14651,#14653);
#14655=CARTESIAN_POINT('Vertex',(9403.51,-1742.04387531,2381.28835106));
#14656=VERTEX_POINT('',#14655);
#14657=EDGE_CURVE('',#14573,#14656,#14654,.T.);
#14658=CARTESIAN_POINT('Line Origine',(9402.424999999999,-1740.68127329,2399.16926555));
#14659=DIRECTION('Vector Direction',(1,0,0));
#14660=VECTOR('Line Direction',#14659,1.);
#14661=LINE('Line',#14658,#14660);
#14662=CARTESIAN_POINT('Vertex',(9403.51,-1740.68127329,2399.16926555));
#14663=VERTEX_POINT('',#14662);
#14664=EDGE_CURVE('',#14566,#14663,#14661,.T.);
#14665=CARTESIAN_POINT('Axis2P3D Location',(9403.51,-1750.74833437,2390.9440433));
#14666=DIRECTION('Axis2P3D Direction',(1,0,0));
#14667=AXIS2_PLACEMENT_3D('Circle Axis2P3D',#14665,#14666,$);
#14668=CIRCLE('generated circle',#14667,13.);
#14669=EDGE_CURVE('',#14656,#14663,#14668,.T.);
#14670=EDGE_LOOP('',(#14671,#14672,#14673,#14674));
#14671=ORIENTED_EDGE('',*,*,#14657,.F.);
#14672=ORIENTED_EDGE('',*,*,#14574,.T.);
#14673=ORIENTED_EDGE('',*,*,#14664,.T.);
#14674=ORIENTED_EDGE('',*,*,#14669,.F.);
#14675=FACE_OUTER_BOUND('',#14670,.T.);
#14676=ADVANCED_FACE('PartBody',(#14675),#14650,.T.);
#14677=CARTESIAN_POINT('Axis2P3D Location',(9401.34,-1722.87031907,2413.72158185));
#14678=DIRECTION('Axis2P3D Direction',(1,0,0));
#14679=DIRECTION('Axis2P3D XDirection',(0,0.8736003373009846,0.4866440697959915));
#14680=AXIS2_PLACEMENT_3D('Cylinder Axis2P3D',#14677,#14678,#14679);
#14681=CYLINDRICAL_SURFACE('generated cylinder',#14680,23.);
#14682=CARTESIAN_POINT('Line Origine',(9402.424999999999,-1744.87255698,2407.02072171));
#14683=DIRECTION('Vector Direction',(1,0,0));
#14684=VECTOR('Line Direction',#14683,1.);
#14685=LINE('Line',#14682,#14684);
#14686=CARTESIAN_POINT('Vertex',(9403.51,-1744.87255698,2407.02072171));
#14687=VERTEX_POINT('',#14686);
#14688=EDGE_CURVE('',#14559,#14687,#14685,.T.);
#14689=CARTESIAN_POINT('Axis2P3D Location',(9403.51,-1722.87031907,2413.72158185));
#14690=DIRECTION('Axis2P3D Direction',(1,0,0));
#14691=AXIS2_PLACEMENT_3D('Circle Axis2P3D',#14689,#14690,$);
#14692=CIRCLE('generated circle',#14691,23.);
#14693=EDGE_CURVE('',#14663,#14687,#14692,.F.);
#14694=EDGE_LOOP('',(#14695,#14696,#14697,#14698));
#14695=ORIENTED_EDGE('',*,*,#14664,.F.);
#14696=ORIENTED_EDGE('',*,*,#14567,.T.);
#14697=ORIENTED_EDGE('',*,*,#14688,.T.);
#14698=ORIENTED_EDGE('',*,*,#14693,.F.);
#14699=FACE_OUTER_BOUND('',#14694,.T.);
#14700=ADVANCED_FACE('PartBody',(#14699),#14681,.F.);
#14701=CARTESIAN_POINT('Axis2P3D Location',(9401.34,-1753.52563066,2435.43304213));
#14702=DIRECTION('Axis2P3D Direction',(0,0.9566190397785074,0.29134174560685));
#14703=DIRECTION('Axis2P3D XDirection',(1,0,0));
#14704=AXIS2_PLACEMENT_3D('Plane Axis2P3D',#14701,#14702,#14703);
#14705=PLANE('',#14704);
#14706=CARTESIAN_POINT('Line Origine',(9402.424999999999,-1762.17870433,2463.84536256));
#14707=DIRECTION('Vector Direction',(1,0,0));
#14708=VECTOR('Line Direction',#14707,1.);
#14709=LINE('Line',#14706,#14708);
#14710=CARTESIAN_POINT('Vertex',(9403.51,-1762.17870433,2463.84536256));
#14711=VERTEX_POINT('',#14710);
#14712=EDGE_CURVE('',#14552,#14711,#14709,.T.);
#14713=CARTESIAN_POINT('Line Origine',(9403.51,-1753.52563066,2435.43304213));
#14714=DIRECTION('Vector Direction',(0,-0.29134174560685,0.9566190397785074));
#14715=VECTOR('Line Direction',#14714,1.);
#14716=LINE('Line',#14713,#14715);
#14717=EDGE_CURVE('',#14687,#14711,#14716,.T.);
#14718=EDGE_LOOP('',(#14719,#14720,#14721,#14722));
#14719=ORIENTED_EDGE('',*,*,#14688,.F.);
#14720=ORIENTED_EDGE('',*,*,#14560,.T.);
#14721=ORIENTED_EDGE('',*,*,#14712,.T.);
#14722=ORIENTED_EDGE('',*,*,#14717,.F.);
#14723=FACE_OUTER_BOUND('',#14718,.T.);
#14724=ADVANCED_FACE('PartBody',(#14723),#14705,.T.);
#14725=CARTESIAN_POINT('Axis2P3D Location',(9401.34,-1766.96179953,2462.38865383));
#14726=DIRECTION('Axis2P3D Direction',(1,0,0));
#14727=DIRECTION('Axis2P3D XDirection',(-0,-0.872574516824119,-0.4884810258230666));
#14728=AXIS2_PLACEMENT_3D('Cylinder Axis2P3D',#14725,#14726,#14727);
#14729=CYLINDRICAL_SURFACE('generated cylinder',#14728,5.);
#14730=CARTESIAN_POINT('Line Origine',(9402.424999999999,-1763.21952486,2465.7045821));
#14731=DIRECTION('Vector Direction',(1,0,0));
#14732=VECTOR('Line Direction',#14731,1.);
#14733=LINE('Line',#14730,#14732);
#14734=CARTESIAN_POINT('Vertex',(9403.51,-1763.21952486,2465.7045821));
#14735=VERTEX_POINT('',#14734);
#14736=EDGE_CURVE('',#14545,#14735,#14733,.T.);
#14737=CARTESIAN_POINT('Axis2P3D Location',(9403.51,-1766.96179953,2462.38865383));
#14738=DIRECTION('Axis2P3D Direction',(1,0,0));
#14739=AXIS2_PLACEMENT_3D('Circle Axis2P3D',#14737,#14738,$);
#14740=CIRCLE('generated circle',#14739,5.);
#14741=EDGE_CURVE('',#14711,#14735,#14740,.T.);
#14742=EDGE_LOOP('',(#14743,#14744,#14745,#14746));
#14743=ORIENTED_EDGE('',*,*,#14712,.F.);
#14744=ORIENTED_EDGE('',*,*,#14553,.T.);
#14745=ORIENTED_EDGE('',*,*,#14736,.T.);
#14746=ORIENTED_EDGE('',*,*,#14741,.F.);
#14747=FACE_OUTER_BOUND('',#14742,.T.);
#14748=ADVANCED_FACE('PartBody',(#14747),#14729,.T.);
#14749=B_SPLINE_SURFACE_WITH_KNOTS('',5,1,((#14750,#14751),(#14752,#14753),(#14754,#14755),(#14756,#14757),(#14758,#14759),(#14760,#14761)),.UNSPECIFIED.,.F.,.F.,.U.,(6,6),(2,2),(0.,3.00428736592),(-1.74527059471E-013,2.17000000003),.UNSPECIFIED.);
#14750=CARTESIAN_POINT('Control Point',(9401.34,-1765.21192514,2467.9531558));
#14751=CARTESIAN_POINT('Control Point',(9403.51,-1765.21192514,2467.95315581));
#14752=CARTESIAN_POINT('Control Point',(9401.34,-1764.81344508,2467.50344106));
#14753=CARTESIAN_POINT('Control Point',(9403.51,-1764.81344508,2467.50344106));
#14754=CARTESIAN_POINT('Control Point',(9401.34,-1764.41496503,2467.05372632));
#14755=CARTESIAN_POINT('Control Point',(9403.51,-1764.41496503,2467.05372632));
#14756=CARTESIAN_POINT('Control Point',(9401.34,-1764.01648497,2466.60401158));
#14757=CARTESIAN_POINT('Control Point',(9403.51,-1764.01648497,2466.60401158));
#14758=CARTESIAN_POINT('Control Point',(9401.34,-1763.61800492,2466.15429684));
#14759=CARTESIAN_POINT('Control Point',(9403.51,-1763.61800492,2466.15429684));
#14760=CARTESIAN_POINT('Control Point',(9401.34,-1763.21952486,2465.7045821));
#14761=CARTESIAN_POINT('Control Point',(9403.51,-1763.21952486,2465.7045821));
#14762=B_SPLINE_CURVE_WITH_KNOTS('',1,(#14763,#14764),.UNSPECIFIED.,.F.,.U.,(2,2),(-1.74527059471E-013,2.17000000003),.UNSPECIFIED.);
#14763=CARTESIAN_POINT('Control Point',(9401.34,-1765.21192514,2467.9531558));
#14764=CARTESIAN_POINT('Control Point',(9403.51,-1765.21192514,2467.95315581));
#14765=CARTESIAN_POINT('Vertex',(9403.51,-1765.21192514,2467.95315581));
#14766=VERTEX_POINT('',#14765);
#14767=EDGE_CURVE('',#14766,#14538,#14762,.F.);
#14768=B_SPLINE_CURVE_WITH_KNOTS('',1,(#14769,#14770),.UNSPECIFIED.,.F.,.U.,(2,2),(-1.50214368296,1.50214368296),.UNSPECIFIED.);
#14769=CARTESIAN_POINT('Control Point',(9403.51,-1763.21952486,2465.7045821));
#14770=CARTESIAN_POINT('Control Point',(9403.51,-1765.21192514,2467.95315581));
#14771=EDGE_CURVE('',#14735,#14766,#14768,.T.);
#14772=EDGE_LOOP('',(#14773,#14774,#14775,#14776));
#14773=ORIENTED_EDGE('',*,*,#14736,.F.);
#14774=ORIENTED_EDGE('',*,*,#14546,.T.);
#14775=ORIENTED_EDGE('',*,*,#14767,.F.);
#14776=ORIENTED_EDGE('',*,*,#14771,.F.);
#14777=FACE_OUTER_BOUND('',#14772,.T.);
#14778=ADVANCED_FACE('PartBody',(#14777),#14749,.F.);
#14779=B_SPLINE_SURFACE_WITH_KNOTS('',5,1,((#14780,#14781),(#14782,#14783),(#14784,#14785),(#14786,#14787),(#14788,#14789),(#14790,#14791),(#14792,#14793),(#14794,#14795),(#14796,#14797),(#14798,#14799),(#14800,#14801),(#14802,#14803),(#14804,#14805),(#14806,#14807),(#14808,#14809)),.UNSPECIFIED.,.F.,.F.,.U.,(6,3,3,3,6),(2,2),(0.,2.75861430267,5.51722860534,8.275842908,9.19538100889),(-2.17000107229,4.07234411974E-006),.UNSPECIFIED.);
#14780=CARTESIAN_POINT('Control Point',(9406.21075084,-1767.17216964,2470.20449958));
#14781=CARTESIAN_POINT('Control Point',(9405.99429348,-1768.60395731,2471.82068417));
#14782=CARTESIAN_POINT('Control Point',(9405.94732293,-1767.1565575,2470.1830492));
#14783=CARTESIAN_POINT('Control Point',(9405.54031887,-1768.57567971,2471.78493407));
#14784=CARTESIAN_POINT('Control Point',(9405.68680802,-1767.12165137,2470.13986906));
#14785=CARTESIAN_POINT('Control Point',(9405.09136432,-1768.51416966,2471.71172075));
#14786=CARTESIAN_POINT('Control Point',(9405.433441019999,-1767.06769289,2470.0752933));
#14787=CARTESIAN_POINT('Control Point',(9404.654728019999,-1768.41986552,2471.60160063));
#14788=CARTESIAN_POINT('Control Point',(9404.949515099999,-1766.92348322,2469.90551888));
#14789=CARTESIAN_POINT('Control Point',(9403.82076137,-1768.1688357,2471.31124452));
#14790=CARTESIAN_POINT('Control Point',(9404.52576884,-1766.71243161,2469.66119154));
#14791=CARTESIAN_POINT('Control Point',(9403.09050446,-1767.80293589,2470.89212433));
#14792=CARTESIAN_POINT('Control Point',(9404.33260367,-1766.59162101,2469.52205167));
#14793=CARTESIAN_POINT('Control Point',(9402.7576161,-1767.5937443,2470.65322071));
#14794=CARTESIAN_POINT('Control Point',(9403.990140309999,-1766.32346218,2469.21446329));
#14795=CARTESIAN_POINT('Control Point',(9402.16743689,-1767.12985939,2470.12469978));
#14796=CARTESIAN_POINT('Control Point',(9403.744858079999,-1766.01160066,2468.8589719));
#14797=CARTESIAN_POINT('Control Point',(9401.744733329999,-1766.59117159,2469.51317274));
#14798=CARTESIAN_POINT('Control Point',(9403.648889189999,-1765.84707772,2468.67191834));
#14799=CARTESIAN_POINT('Control Point',(9401.579346749999,-1766.30716055,2469.19124456));
#14800=CARTESIAN_POINT('Control Point',(9403.558631709999,-1765.61991837,2468.41426542));
#14801=CARTESIAN_POINT('Control Point',(9401.423802829999,-1765.91524267,2468.74761752));
#14802=CARTESIAN_POINT('Control Point',(9403.519736599999,-1765.38734227,2468.1512477));
#14803=CARTESIAN_POINT('Control Point',(9401.356773519999,-1765.51425888,2468.29450685));
#14804=CARTESIAN_POINT('Control Point',(9403.51324624,-1765.32896366,2468.08527562));
#14805=CARTESIAN_POINT('Control Point',(9401.345588439999,-1765.41362557,2468.18083911));
#14806=CARTESIAN_POINT('Control Point',(9403.510001069999,-1765.27045613,2468.01920532));
#14807=CARTESIAN_POINT('Control Point',(9401.33999592,-1765.31278709,2468.06698707));
#14808=CARTESIAN_POINT('Control Point',(9403.510001069999,-1765.21192514,2467.95315581));
#14809=CARTESIAN_POINT('Control Point',(9401.33999593,-1765.21192514,2467.9531558));
#14810=B_SPLINE_CURVE_WITH_KNOTS('',5,(#14811,#14812,#14813,#14814,#14815,#14816,#14817,#14818,#14819,#14820,#14821,#14822),.UNSPECIFIED.,.F.,.U.,(6,3,3,6),(0.,6.33163062592,9.50476811662,10.5596045887),.UNSPECIFIED.);
#14811=CARTESIAN_POINT('Control Point',(9401.34,-1765.21192514,2467.9531558));
#14812=CARTESIAN_POINT('Control Point',(9401.34,-1765.81730402,2468.63637721));
#14813=CARTESIAN_POINT('Control Point',(9401.541468829999,-1766.42183788,2469.32034752));
#14814=CARTESIAN_POINT('Control Point',(9401.94392458,-1766.98525006,2469.95960704));
#14815=CARTESIAN_POINT('Control Point',(9402.81023854,-1767.71379821,2470.78915644));
#14816=CARTESIAN_POINT('Control Point',(9403.96486007,-1768.20854944,2471.35728255));
#14817=CARTESIAN_POINT('Control Point',(9404.37117954,-1768.34292257,2471.51236778));
#14818=CARTESIAN_POINT('Control Point',(9404.945769079999,-1768.48270344,2471.67497806));
#14819=CARTESIAN_POINT('Control Point',(9405.542298259999,-1768.5646196,2471.77246851));
#14820=CARTESIAN_POINT('Control Point',(9405.69222531,-1768.58141173,2471.79268686));
#14821=CARTESIAN_POINT('Control Point',(9405.842980809999,-1768.59452879,2471.80876457));
#14822=CARTESIAN_POINT('Control Point',(9405.994294,-1768.60395391,2471.82068034));
#14823=EDGE_CURVE('',#14538,#12904,#14810,.T.);
#14824=B_SPLINE_CURVE_WITH_KNOTS('',5,(#14825,#14826,#14827,#14828,#14829,#14830),.UNSPECIFIED.,.F.,.U.,(6,6),(0.,10.5491739994),.UNSPECIFIED.);
#14825=CARTESIAN_POINT('Control Point',(9403.51,-1765.21192514,2467.95315581));
#14826=CARTESIAN_POINT('Control Point',(9403.51000018,-1765.79723946,2468.61365595));
#14827=CARTESIAN_POINT('Control Point',(9403.833815559999,-1766.38061293,2469.27668194));
#14828=CARTESIAN_POINT('Control Point',(9404.48619774,-1766.85414287,2469.82053219));
#14829=CARTESIAN_POINT('Control Point',(9405.33265735,-1767.1201293,2470.13299842));
#14830=CARTESIAN_POINT('Control Point',(9406.21075084,-1767.17216964,2470.20449958));
#14831=EDGE_CURVE('',#14766,#12902,#14824,.T.);
#14832=EDGE_LOOP('',(#14833,#14834,#14835,#14836));
#14833=ORIENTED_EDGE('',*,*,#14767,.T.);
#14834=ORIENTED_EDGE('',*,*,#14823,.T.);
#14835=ORIENTED_EDGE('',*,*,#12905,.F.);
#14836=ORIENTED_EDGE('',*,*,#14831,.F.);
#14837=FACE_OUTER_BOUND('',#14832,.T.);
#14838=ADVANCED_FACE('PartBody',(#14837),#14779,.T.);
#14839=B_SPLINE_SURFACE_WITH_KNOTS('',5,5,((#14840,#14841,#14842,#14843,#14844,#14845,#14846,#14847,#14848),(#14849,#14850,#14851,#14852,#14853,#14854,#14855,#14856,#14857),(#14858,#14859,#14860,#14861,#14862,#14863,#14864,#14865,#14866),(#14867,#14868,#14869,#14870,#14871,#14872,#14873,#14874,#14875),(#14876,#14877,#14878,#14879,#14880,#14881,#14882,#14883,#14884),(#14885,#14886,#14887,#14888,#14889,#14890,#14891,#14892,#14893)),.UNSPECIFIED.,.F.,.F.,.U.,(6,6),(6,3,6),(426.875158918,459.833255535),(-1.31351745401E-005,2.58499343241,5.17),.UNSPECIFIED.);
#14840=CARTESIAN_POINT('Control Point',(9406.209429569999,-1785.80593323,2453.53987411));
#14841=CARTESIAN_POINT('Control Point',(9405.770517859999,-1785.77631652,2453.50706822));
#14842=CARTESIAN_POINT('Control Point',(9405.33972367,-1785.69264867,2453.41439089));
#14843=CARTESIAN_POINT('Control Point',(9404.936852229999,-1785.55620286,2453.26325239));
#14844=CARTESIAN_POINT('Control Point',(9404.224821379999,-1785.19058763,2452.85826714));
#14845=CARTESIAN_POINT('Control Point',(9403.753297679999,-1784.67922076,2452.2918355));
#14846=CARTESIAN_POINT('Control Point',(9403.59106793,-1784.39694178,2451.97916028));
#14847=CARTESIAN_POINT('Control Point',(9403.51,-1784.10133356,2451.65172051));
#14848=CARTESIAN_POINT('Control Point',(9403.51,-1783.80572851,2451.32428424));
#14849=CARTESIAN_POINT('Control Point',(9406.209696689999,-1782.09912638,2456.88636571));
#14850=CARTESIAN_POINT('Control Point',(9405.770754319999,-1782.06959556,2456.85353157));
#14851=CARTESIAN_POINT('Control Point',(9405.33992323,-1781.98611856,2456.76071703));
#14852=CARTESIAN_POINT('Control Point',(9404.93701245,-1781.84996495,2456.60933369));
#14853=CARTESIAN_POINT('Control Point',(9404.224906539999,-1781.48511095,2456.2036683));
#14854=CARTESIAN_POINT('Control Point',(9403.753327299999,-1780.97478244,2455.6362562));
#14855=CARTESIAN_POINT('Control Point',(9403.5910778,-1780.6930729,2455.32303562));
#14856=CARTESIAN_POINT('Control Point',(9403.51,-1780.39805932,2454.99502285));
#14857=CARTESIAN_POINT('Control Point',(9403.51,-1780.10304889,2454.66701359));
#14858=CARTESIAN_POINT('Control Point',(9406.209963489999,-1778.38233507,2460.22613641));
#14859=CARTESIAN_POINT('Control Point',(9405.77099049,-1778.35289021,2460.19327417));
#14860=CARTESIAN_POINT('Control Point',(9405.34012255,-1778.26960455,2460.10032269));
#14861=CARTESIAN_POINT('Control Point',(9404.93717248,-1778.13374406,2459.94869485));
#14862=CARTESIAN_POINT('Control Point',(9404.2249916,-1777.76965389,2459.5423502));
#14863=CARTESIAN_POINT('Control Point',(9403.753356899999,-1777.26036752,2458.97395877));
#14864=CARTESIAN_POINT('Control Point',(9403.59108765,-1776.97922955,2458.66019344));
#14865=CARTESIAN_POINT('Control Point',(9403.51,-1776.68481282,2458.33160831));
#14866=CARTESIAN_POINT('Control Point',(9403.51,-1776.39039924,2458.00302669));
#14867=CARTESIAN_POINT('Control Point',(9406.21022999,-1774.65549736,2463.55918847));
#14868=CARTESIAN_POINT('Control Point',(9405.7712264,-1774.62613852,2463.52629829));
#14869=CARTESIAN_POINT('Control Point',(9405.340321649999,-1774.54304468,2463.43321013));
#14870=CARTESIAN_POINT('Control Point',(9404.937332329999,-1774.40747822,2463.28133818));
#14871=CARTESIAN_POINT('Control Point',(9404.225076569999,-1774.04415446,2462.87431518));
#14872=CARTESIAN_POINT('Control Point',(9403.753386459999,-1773.535914,2462.30494558));
#14873=CARTESIAN_POINT('Control Point',(9403.59109749,-1773.25534969,2461.99063614));
#14874=CARTESIAN_POINT('Control Point',(9403.51,-1772.96153203,2461.66147931));
#14875=CARTESIAN_POINT('Control Point',(9403.51,-1772.66771752,2461.332326));
#14876=CARTESIAN_POINT('Control Point',(9406.21049619,-1770.91860513,2466.88547772));
#14877=CARTESIAN_POINT('Control Point',(9405.771462049999,-1770.88933235,2466.85255978));
#14878=CARTESIAN_POINT('Control Point',(9405.340520530001,-1770.80643082,2466.75933522));
#14879=CARTESIAN_POINT('Control Point',(9404.937492019999,-1770.67115929,2466.60721953));
#14880=CARTESIAN_POINT('Control Point',(9404.225161439999,-1770.30860449,2466.19951913));
#14881=CARTESIAN_POINT('Control Point',(9403.753415989999,-1769.80141366,2465.62917261));
#14882=CARTESIAN_POINT('Control Point',(9403.591107329999,-1769.5214251,2465.31431973));
#14883=CARTESIAN_POINT('Control Point',(9403.51,-1769.2282087,2464.98459188));
#14884=CARTESIAN_POINT('Control Point',(9403.51,-1768.93499544,2464.65486757));
#14885=CARTESIAN_POINT('Control Point',(9406.21076211,-1767.17166506,2470.20494811));
#14886=CARTESIAN_POINT('Control Point',(9405.771697459999,-1767.1424784,2470.17200255));
#14887=CARTESIAN_POINT('Control Point',(9405.34071921,-1767.05976966,2470.07864188));
#14888=CARTESIAN_POINT('Control Point',(9404.93765154,-1766.92479394,2469.92628286));
#14889=CARTESIAN_POINT('Control Point',(9404.22524623,-1766.56301061,2469.51790606));
#14890=CARTESIAN_POINT('Control Point',(9403.75344549,-1766.0568731,2468.94658392));
#14891=CARTESIAN_POINT('Control Point',(9403.591117149999,-1765.77746233,2468.6311883));
#14892=CARTESIAN_POINT('Control Point',(9403.51,-1765.48484935,2468.30089017));
#14893=CARTESIAN_POINT('Control Point',(9403.51,-1765.19223951,2467.97059559));
#14894=B_SPLINE_CURVE_WITH_KNOTS('',5,(#14895,#14896,#14897,#14898,#14899,#14900),.UNSPECIFIED.,.F.,.U.,(6,6),(0.,7.31146124431),.UNSPECIFIED.);
#14895=CARTESIAN_POINT('Control Point',(9403.51,-1783.76762405,2451.35869364));
#14896=CARTESIAN_POINT('Control Point',(9403.510002159999,-1784.35909948,2452.01332181));
#14897=CARTESIAN_POINT('Control Point',(9403.83358866,-1784.95095508,2452.66837706));
#14898=CARTESIAN_POINT('Control Point',(9404.485645459999,-1785.43430713,2453.20336943));
#14899=CARTESIAN_POINT('Control Point',(9405.33160136,-1785.70939386,2453.50793698));
#14900=CARTESIAN_POINT('Control Point',(9406.209421109999,-1785.76856364,2453.57360909));
#14901=CARTESIAN_POINT('Vertex',(9403.51,-1783.76761914,2451.3586882));
#14902=VERTEX_POINT('',#14901);
#14903=EDGE_CURVE('',#14902,#13038,#14894,.T.);
#14904=B_SPLINE_CURVE_WITH_KNOTS('',5,(#14905,#14906,#14907,#14908,#14909,#14910),.UNSPECIFIED.,.F.,.U.,(6,6),(426.943001585,459.79858565),.UNSPECIFIED.);
#14905=CARTESIAN_POINT('Control Point',(9403.51,-1783.76761914,2451.3586882));
#14906=CARTESIAN_POINT('Control Point',(9403.51,-1780.07637446,2454.69096523));
#14907=CARTESIAN_POINT('Control Point',(9403.51,-1776.37522158,2458.01656749));
#14908=CARTESIAN_POINT('Control Point',(9403.51,-1772.66409841,2461.33549797));
#14909=CARTESIAN_POINT('Control Point',(9403.51,-1768.94299755,2464.64771242));
#14910=CARTESIAN_POINT('Control Point',(9403.51,-1765.21192514,2467.95315581));
#14911=EDGE_CURVE('',#14902,#14766,#14904,.T.);
#14912=EDGE_LOOP('',(#14913,#14914,#14915,#14916));
#14913=ORIENTED_EDGE('',*,*,#14903,.F.);
#14914=ORIENTED_EDGE('',*,*,#14911,.T.);
#14915=ORIENTED_EDGE('',*,*,#14831,.T.);
#14916=ORIENTED_EDGE('',*,*,#13045,.F.);
#14917=FACE_OUTER_BOUND('',#14912,.T.);
#14918=ADVANCED_FACE('PartBody',(#14917),#14839,.F.);
#14919=B_SPLINE_SURFACE_WITH_KNOTS('',5,5,((#14920,#14921,#14922,#14923,#14924,#14925,#14926,#14927,#14928),(#14929,#14930,#14931,#14932,#14933,#14934,#14935,#14936,#14937),(#14938,#14939,#14940,#14941,#14942,#14943,#14944,#14945,#14946),(#14947,#14948,#14949,#14950,#14951,#14952,#14953,#14954,#14955),(#14956,#14957,#14958,#14959,#14960,#14961,#14962,#14963,#14964),(#14965,#14966,#14967,#14968,#14969,#14970,#14971,#14972,#14973),(#14974,#14975,#14976,#14977,#14978,#14979,#14980,#14981,#14982),(#14983,#14984,#14985,#14986,#14987,#14988,#14989,#14990,#14991),(#14992,#14993,#14994,#14995,#14996,#14997,#14998,#14999,#15000),(#15001,#15002,#15003,#15004,#15005,#15006,#15007,#15008,#15009),(#15010,#15011,#15012,#15013,#15014,#15015,#15016,#15017,#15018),(#15019,#15020,#15021,#15022,#15023,#15024,#15025,#15026,#15027),(#15028,#15029,#15030,#15031,#15032,#15033,#15034,#15035,#15036),(#15037,#15038,#15039,#15040,#15041,#15042,#15043,#15044,#15045),(#15046,#15047,#15048,#15049,#15050,#15051,#15052,#15053,#15054),(#15055,#15056,#15057,#15058,#15059,#15060,#15061,#15062,#15063),(#15064,#15065,#15066,#15067,#15068,#15069,#15070,#15071,#15072),(#15073,#15074,#15075,#15076,#15077,#15078,#15079,#15080,#15081)),.UNSPECIFIED.,.F.,.F.,.U.,(6,3,3,3,3,6),(6,3,6),(135.548416555,280.528322549,353.018275546,389.263252045,407.385740294,425.508228543),(-2.985214722E-005,2.58498507393,5.17),.UNSPECIFIED.);
#14920=CARTESIAN_POINT('Control Point',(9406.19733411,-1941.00796227,2301.28947485));
#14921=CARTESIAN_POINT('Control Point',(9405.75981444,-1940.97458136,2301.25804505));
#14922=CARTESIAN_POINT('Control Point',(9405.330692719999,-1940.88282193,2301.17164894));
#14923=CARTESIAN_POINT('Control Point',(9404.92960272,-1940.73411433,2301.03163329));
#14924=CARTESIAN_POINT('Control Point',(9404.22096952,-1940.33670811,2300.6574554));
#14925=CARTESIAN_POINT('Control Point',(9403.751957729999,-1939.7821689,2300.13532894));
#14926=CARTESIAN_POINT('Control Point',(9403.590621789999,-1939.47624136,2299.84728281));
#14927=CARTESIAN_POINT('Control Point',(9403.51,-1939.15595132,2299.54571368));
#14928=CARTESIAN_POINT('Control Point',(9403.51,-1938.83566464,2299.24414772));
#14929=CARTESIAN_POINT('Control Point',(9406.19858579,-1926.22712643,2316.98807171));
#14930=CARTESIAN_POINT('Control Point',(9405.760921719999,-1926.19411306,2316.95650017));
#14931=CARTESIAN_POINT('Control Point',(9405.33162676,-1926.103111,2316.86947624));
#14932=CARTESIAN_POINT('Control Point',(9404.93035239,-1925.95553534,2316.72835325));
#14933=CARTESIAN_POINT('Control Point',(9404.2213677,-1925.56104456,2316.35111297));
#14934=CARTESIAN_POINT('Control Point',(9403.75209623,-1925.01044037,2315.82458785));
#14935=CARTESIAN_POINT('Control Point',(9403.590667909999,-1924.7066648,2315.53409729));
#14936=CARTESIAN_POINT('Control Point',(9403.51,-1924.38861914,2315.22996084));
#14937=CARTESIAN_POINT('Control Point',(9403.51,-1924.07057683,2314.9258276));
#14938=CARTESIAN_POINT('Control Point',(9406.19982718,-1911.26335174,2332.5763975));
#14939=CARTESIAN_POINT('Control Point',(9405.76201998,-1911.23070737,2332.54468584));
#14940=CARTESIAN_POINT('Control Point',(9405.332553239999,-1911.14047318,2332.45703547));
#14941=CARTESIAN_POINT('Control Point',(9404.931096029999,-1910.99404894,2332.31480617));
#14942=CARTESIAN_POINT('Control Point',(9404.221762719999,-1910.60252848,2331.93450492));
#14943=CARTESIAN_POINT('Control Point',(9403.752233629999,-1910.05593928,2331.40358146));
#14944=CARTESIAN_POINT('Control Point',(9403.59071366,-1909.75436028,2331.11064641));
#14945=CARTESIAN_POINT('Control Point',(9403.51,-1909.43860591,2330.80394248));
#14946=CARTESIAN_POINT('Control Point',(9403.51,-1909.12285488,2330.49724178));
#14947=CARTESIAN_POINT('Control Point',(9406.20105817,-1896.11443116,2348.05154969));
#14948=CARTESIAN_POINT('Control Point',(9405.763109129999,-1896.08215718,2348.01969965));
#14949=CARTESIAN_POINT('Control Point',(9405.333472099999,-1895.99270134,2347.93142463));
#14950=CARTESIAN_POINT('Control Point',(9404.931833569999,-1895.84744801,2347.78809079));
#14951=CARTESIAN_POINT('Control Point',(9404.222154539999,-1895.45895283,2347.40473196));
#14952=CARTESIAN_POINT('Control Point',(9403.752369919999,-1894.91645877,2346.8694133));
#14953=CARTESIAN_POINT('Control Point',(9403.59075904,-1894.61712106,2346.57403525));
#14954=CARTESIAN_POINT('Control Point',(9403.51,-1894.30370502,2346.2647653));
#14955=CARTESIAN_POINT('Control Point',(9403.51,-1893.99029229,2345.95549862));
#14956=CARTESIAN_POINT('Control Point',(9406.2028899,-1873.11068229,2371.08939226));
#14957=CARTESIAN_POINT('Control Point',(9405.764729929999,-1873.07896598,2371.05733752));
#14958=CARTESIAN_POINT('Control Point',(9405.33483957,-1872.99069342,2370.96812891));
#14959=CARTESIAN_POINT('Control Point',(9404.932931249999,-1872.84722571,2370.82314203));
#14960=CARTESIAN_POINT('Control Point',(9404.22273772,-1872.46335092,2370.43520493));
#14961=CARTESIAN_POINT('Control Point',(9403.752572789999,-1871.9271199,2369.89330234));
#14962=CARTESIAN_POINT('Control Point',(9403.590826579999,-1871.63121121,2369.59426435));
#14963=CARTESIAN_POINT('Control Point',(9403.51,-1871.32137326,2369.28114997));
#14964=CARTESIAN_POINT('Control Point',(9403.51,-1871.01153859,2368.96803891));
#14965=CARTESIAN_POINT('Control Point',(9406.204701299999,-1849.68224504,2393.85766466));
#14966=CARTESIAN_POINT('Control Point',(9405.76633294,-1849.65108947,2393.82541009));
#14967=CARTESIAN_POINT('Control Point',(9405.336192139999,-1849.56402345,2393.73527435));
#14968=CARTESIAN_POINT('Control Point',(9404.934017039999,-1849.42238468,2393.58864229));
#14969=CARTESIAN_POINT('Control Point',(9404.223314659999,-1849.0432524,2393.19614488));
#14970=CARTESIAN_POINT('Control Point',(9403.75277349,-1848.5134626,2392.64767974));
#14971=CARTESIAN_POINT('Control Point',(9403.5908934,-1848.22108235,2392.34499306));
#14972=CARTESIAN_POINT('Control Point',(9403.51,-1847.91492704,2392.02804581));
#14973=CARTESIAN_POINT('Control Point',(9403.51,-1847.608775,2391.71110192));
#14974=CARTESIAN_POINT('Control Point',(9406.20530295,-1841.82536408,2401.41671769));
#14975=CARTESIAN_POINT('Control Point',(9405.76686539,-1841.79439576,2401.38439708));
#14976=CARTESIAN_POINT('Control Point',(9405.336641419999,-1841.7077345,2401.29395308));
#14977=CARTESIAN_POINT('Control Point',(9404.93437771,-1841.56671015,2401.14677363));
#14978=CARTESIAN_POINT('Control Point',(9404.22350631,-1841.18917222,2400.75275842));
#14979=CARTESIAN_POINT('Control Point',(9403.752840159999,-1840.66154918,2400.20210855));
#14980=CARTESIAN_POINT('Control Point',(9403.5909156,-1840.37035606,2399.89820713));
#14981=CARTESIAN_POINT('Control Point',(9403.51,-1840.06543986,2399.57998377));
#14982=CARTESIAN_POINT('Control Point',(9403.51,-1839.76052691,2399.2617638));
#14983=CARTESIAN_POINT('Control Point',(9406.20620237,-1829.96861223,2412.70913024));
#14984=CARTESIAN_POINT('Control Point',(9405.767661399999,-1829.93792528,2412.67671148));
#14985=CARTESIAN_POINT('Control Point',(9405.337313119999,-1829.85187498,2412.58580642));
#14986=CARTESIAN_POINT('Control Point',(9404.934916939999,-1829.71177939,2412.43780753));
#14987=CARTESIAN_POINT('Control Point',(9404.223792859999,-1829.33665304,2412.04151959));
#14988=CARTESIAN_POINT('Control Point',(9403.752939849999,-1828.81230943,2411.48759754));
#14989=CARTESIAN_POINT('Control Point',(9403.590948789999,-1828.52291335,2411.18187661));
#14990=CARTESIAN_POINT('Control Point',(9403.51,-1828.21987301,2410.8617418));
#14991=CARTESIAN_POINT('Control Point',(9403.51,-1827.9168359,2410.54161041));
#14992=CARTESIAN_POINT('Control Point',(9406.207097529999,-1818.0042743,2423.93135118));
#14993=CARTESIAN_POINT('Control Point',(9405.768453679999,-1817.97386947,2423.8988357));
#14994=CARTESIAN_POINT('Control Point',(9405.33798169,-1817.88843579,2423.80747174));
#14995=CARTESIAN_POINT('Control Point',(9404.93545368,-1817.74927953,2423.65865624));
#14996=CARTESIAN_POINT('Control Point',(9404.2240781,-1817.37659455,2423.26010229));
#14997=CARTESIAN_POINT('Control Point',(9403.75303908,-1816.85557386,2422.70291649));
#14998=CARTESIAN_POINT('Control Point',(9403.590981829999,-1816.56799907,2422.39538057));
#14999=CARTESIAN_POINT('Control Point',(9403.51,-1816.2668601,2422.07333897));
#15000=CARTESIAN_POINT('Control Point',(9403.51,-1815.96572434,2421.7513008));
#15001=CARTESIAN_POINT('Control Point',(9406.20739546,-1814.00418288,2427.66424046));
#15002=CARTESIAN_POINT('Control Point',(9405.76871738,-1813.97387217,2427.63169291));
#15003=CARTESIAN_POINT('Control Point',(9405.338204219999,-1813.88864466,2427.54017623));
#15004=CARTESIAN_POINT('Control Point',(9404.93563233,-1813.74980267,2427.39108885));
#15005=CARTESIAN_POINT('Control Point',(9404.22417304,-1813.37793477,2426.99178036));
#15006=CARTESIAN_POINT('Control Point',(9403.75307212,-1812.85802653,2426.43350764));
#15007=CARTESIAN_POINT('Control Point',(9403.590992829999,-1812.57106152,2426.12536725));
#15008=CARTESIAN_POINT('Control Point',(9403.51,-1812.27055916,2425.8026906));
#15009=CARTESIAN_POINT('Control Point',(9403.51,-1811.97006,2425.4800174));
#15010=CARTESIAN_POINT('Control Point',(9406.207841699999,-1807.98604166,2433.25171977));
#15011=CARTESIAN_POINT('Control Point',(9405.769112349999,-1807.95587225,2433.21912436));
#15012=CARTESIAN_POINT('Control Point',(9405.33853753,-1807.87095492,2433.12737899));
#15013=CARTESIAN_POINT('Control Point',(9404.93589993,-1807.73258608,2432.97788432));
#15014=CARTESIAN_POINT('Control Point',(9404.22431525,-1807.36194872,2432.57744528));
#15015=CARTESIAN_POINT('Control Point',(9403.75312159,-1806.84371632,2432.01754375));
#15016=CARTESIAN_POINT('Control Point',(9403.5910093,-1806.55766996,2431.70849752));
#15017=CARTESIAN_POINT('Control Point',(9403.51,-1806.25812672,2431.38486919));
#15018=CARTESIAN_POINT('Control Point',(9403.51,-1805.95858668,2431.0612443));
#15019=CARTESIAN_POINT('Control Point',(9406.20828699,-1801.94084244,2438.82130004));
#15020=CARTESIAN_POINT('Control Point',(9405.76950649,-1801.91081451,2438.78865717));
#15021=CARTESIAN_POINT('Control Point',(9405.338870149999,-1801.82620876,2438.69668373));
#15022=CARTESIAN_POINT('Control Point',(9404.936166969999,-1801.68831567,2438.54678259));
#15023=CARTESIAN_POINT('Control Point',(9404.22445718,-1801.31891616,2438.14521496));
#15024=CARTESIAN_POINT('Control Point',(9403.75317097,-1800.80237027,2437.58368717));
#15025=CARTESIAN_POINT('Control Point',(9403.591025739999,-1800.51724854,2437.27373645));
#15026=CARTESIAN_POINT('Control Point',(9403.51,-1800.21867069,2436.94915782));
#15027=CARTESIAN_POINT('Control Point',(9403.51,-1799.92009603,2436.62458266));
#15028=CARTESIAN_POINT('Control Point',(9406.208435349999,-1799.9219383,2440.67657883));
#15029=CARTESIAN_POINT('Control Point',(9405.769637809999,-1799.89195756,2440.64392018));
#15030=CARTESIAN_POINT('Control Point',(9405.33898097,-1799.80745584,2440.55187077));
#15031=CARTESIAN_POINT('Control Point',(9404.93625594,-1799.66972166,2440.40183419));
#15032=CARTESIAN_POINT('Control Point',(9404.22450446,-1799.30073568,2439.99989051));
#15033=CARTESIAN_POINT('Control Point',(9403.753187419999,-1798.78475328,2439.43782078));
#15034=CARTESIAN_POINT('Control Point',(9403.591031219999,-1798.4999405,2439.12756864));
#15035=CARTESIAN_POINT('Control Point',(9403.51,-1798.20168522,2438.80267334));
#15036=CARTESIAN_POINT('Control Point',(9403.51,-1797.90343313,2438.4777815));
#15037=CARTESIAN_POINT('Control Point',(9406.20873174,-1795.88141938,2444.38014354));
#15038=CARTESIAN_POINT('Control Point',(9405.769900159999,-1795.85153302,2444.34745343));
#15039=CARTESIAN_POINT('Control Point',(9405.33920237,-1795.76723959,2444.25525229));
#15040=CARTESIAN_POINT('Control Point',(9404.936433699999,-1795.62982363,2444.10494518));
#15041=CARTESIAN_POINT('Control Point',(9404.22459894,-1795.26166592,2443.70225021));
#15042=CARTESIAN_POINT('Control Point',(9403.75322029,-1794.7468123,2443.13909773));
#15043=CARTESIAN_POINT('Control Point',(9403.591042169999,-1794.46261841,2442.82824338));
#15044=CARTESIAN_POINT('Control Point',(9403.51,-1794.16500933,2442.50271535));
#15045=CARTESIAN_POINT('Control Point',(9403.51,-1793.86740344,2442.17719081));
#15046=CARTESIAN_POINT('Control Point',(9406.20902787,-1791.82552714,2448.07866433));
#15047=CARTESIAN_POINT('Control Point',(9405.77016229,-1791.79573528,2448.04594293));
#15048=CARTESIAN_POINT('Control Point',(9405.33942359,-1791.71165084,2447.95359028));
#15049=CARTESIAN_POINT('Control Point',(9404.9366113,-1791.57455442,2447.80301289));
#15050=CARTESIAN_POINT('Control Point',(9404.224693329999,-1791.2072286,2447.39956722));
#15051=CARTESIAN_POINT('Control Point',(9403.75325313,-1790.69350902,2446.83533266));
#15052=CARTESIAN_POINT('Control Point',(9403.591053099999,-1790.40993696,2446.52387645));
#15053=CARTESIAN_POINT('Control Point',(9403.51,-1790.11297716,2446.19771607));
#15054=CARTESIAN_POINT('Control Point',(9403.51,-1789.81602055,2445.87155918));
#15055=CARTESIAN_POINT('Control Point',(9406.20917568,-1789.80081906,2449.92026554));
#15056=CARTESIAN_POINT('Control Point',(9405.77029312,-1789.7710744,2449.88752856));
#15057=CARTESIAN_POINT('Control Point',(9405.339533999999,-1789.68709448,2449.79510034));
#15058=CARTESIAN_POINT('Control Point',(9404.93669995,-1789.55015788,2449.64438809));
#15059=CARTESIAN_POINT('Control Point',(9404.224740449999,-1789.18324824,2449.24056783));
#15060=CARTESIAN_POINT('Control Point',(9403.753269519999,-1788.67009607,2448.67579329));
#15061=CARTESIAN_POINT('Control Point',(9403.59105856,-1788.38683514,2448.36403673));
#15062=CARTESIAN_POINT('Control Point',(9403.51,-1788.09020023,2448.03756078));
#15063=CARTESIAN_POINT('Control Point',(9403.51,-1787.79356849,2447.71108833));
#15064=CARTESIAN_POINT('Control Point',(9406.2093236,-1787.75713756,2451.77424207));
#15065=CARTESIAN_POINT('Control Point',(9405.77042406,-1787.72744023,2451.74148952));
#15066=CARTESIAN_POINT('Control Point',(9405.339644509999,-1787.64356519,2451.6489856));
#15067=CARTESIAN_POINT('Control Point',(9404.93678867,-1787.50678907,2451.49813828));
#15068=CARTESIAN_POINT('Control Point',(9404.2247876,-1787.14029736,2451.09394281));
#15069=CARTESIAN_POINT('Control Point',(9403.75328592,-1786.62771508,2450.52862736));
#15070=CARTESIAN_POINT('Control Point',(9403.59106402,-1786.34476666,2450.21656993));
#15071=CARTESIAN_POINT('Control Point',(9403.51,-1786.04845806,2449.88977787));
#15072=CARTESIAN_POINT('Control Point',(9403.51,-1785.75215264,2449.5629893));
#15073=CARTESIAN_POINT('Control Point',(9406.209471509999,-1785.73150498,2453.60717021));
#15074=CARTESIAN_POINT('Control Point',(9405.77055499,-1785.70185497,2453.57440217));
#15075=CARTESIAN_POINT('Control Point',(9405.33975501,-1785.61808489,2453.48182274));
#15076=CARTESIAN_POINT('Control Point',(9404.936877389999,-1785.48146938,2453.3308406));
#15077=CARTESIAN_POINT('Control Point',(9404.22483476,-1785.115396,2452.92627055));
#15078=CARTESIAN_POINT('Control Point',(9403.75330233,-1784.60338422,2452.36041505));
#15079=CARTESIAN_POINT('Control Point',(9403.59106948,-1784.32074865,2452.04805722));
#15080=CARTESIAN_POINT('Control Point',(9403.51,-1784.02476673,2451.72094952));
#15081=CARTESIAN_POINT('Control Point',(9403.51,-1783.72878798,2451.39384533));
#15082=B_SPLINE_CURVE_WITH_KNOTS('',5,(#15083,#15084,#15085,#15086,#15087,#15088,#15089,#15090,#15091,#15092,#15093,#15094),.UNSPECIFIED.,.F.,.U.,(6,3,3,6),(5.17458997359E-005,5.37180669008,6.76381572153,8.15582475298),.UNSPECIFIED.);
#15083=CARTESIAN_POINT('Control Point',(9406.19731191,-1940.97179318,2301.32788513));
#15084=CARTESIAN_POINT('Control Point',(9405.672812609999,-1940.93200071,2301.28996273));
#15085=CARTESIAN_POINT('Control Point',(9405.160391829999,-1940.80829849,2301.17303211));
#15086=CARTESIAN_POINT('Control Point',(9404.69462482,-1940.60358733,2300.97982553));
#15087=CARTESIAN_POINT('Control Point',(9404.20479131,-1940.26025212,2300.65597399));
#15088=CARTESIAN_POINT('Control Point',(9403.868017909999,-1939.84269693,2300.26223831));
#15089=CARTESIAN_POINT('Control Point',(9403.778370959999,-1939.72330402,2300.14965945));
#15090=CARTESIAN_POINT('Control Point',(9403.62075665,-1939.43733896,2299.88003597));
#15091=CARTESIAN_POINT('Control Point',(9403.534115439999,-1939.13578539,2299.59573479));
#15092=CARTESIAN_POINT('Control Point',(9403.51778079,-1939.00028844,2299.4679928));
#15093=CARTESIAN_POINT('Control Point',(9403.51,-1938.90085706,2299.37425217));
#15094=CARTESIAN_POINT('Control Point',(9403.51,-1938.80142566,2299.28051154));
#15095=CARTESIAN_POINT('Vertex',(9406.19731191,-1940.97179286,2301.32788547));
#15096=VERTEX_POINT('',#15095);
#15097=CARTESIAN_POINT('Vertex',(9403.51,-1938.80142566,2299.28051154));
#15098=VERTEX_POINT('',#15097);
#15099=EDGE_CURVE('',#15096,#15098,#15082,.T.);
#15100=B_SPLINE_CURVE_WITH_KNOTS('',5,(#15101,#15102,#15103,#15104,#15105,#15106,#15107,#15108,#15109,#15110,#15111,#15112),.UNSPECIFIED.,.F.,.U.,(6,3,3,6),(135.615655077,135.62106349,421.302870062,425.438655516),.UNSPECIFIED.);
#15101=CARTESIAN_POINT('Control Point',(9403.51,-1938.80142566,2299.28051154));
#15102=CARTESIAN_POINT('Control Point',(9403.51,-1938.80087484,2299.28109653));
#15103=CARTESIAN_POINT('Control Point',(9403.51,-1938.80032403,2299.28168152));
#15104=CARTESIAN_POINT('Control Point',(9403.51,-1938.79977321,2299.28226651));
#15105=CARTESIAN_POINT('Control Point',(9403.51,-1909.70407101,2330.18300197));
#15106=CARTESIAN_POINT('Control Point',(9403.51,-1879.89884261,2360.65593061));
#15107=CARTESIAN_POINT('Control Point',(9403.51,-1849.36934193,2390.67671931));
#15108=CARTESIAN_POINT('Control Point',(9403.51,-1817.64803513,2420.64809537));
#15109=CARTESIAN_POINT('Control Point',(9403.51,-1785.15519945,2450.1023594));
#15110=CARTESIAN_POINT('Control Point',(9403.51,-1784.69196855,2450.5220253));
#15111=CARTESIAN_POINT('Control Point',(9403.51,-1784.22943576,2450.94081338));
#15112=CARTESIAN_POINT('Control Point',(9403.51,-1783.76762897,2451.35869909));
#15113=EDGE_CURVE('',#15098,#14902,#15100,.T.);
#15114=B_SPLINE_CURVE_WITH_KNOTS('',5,(#15115,#15116,#15117,#15118,#15119,#15120,#15121,#15122,#15123,#15124,#15125,#15126),.UNSPECIFIED.,.F.,.U.,(6,3,3,6),(135.619366536,135.62106349,421.302870062,425.441897927),.UNSPECIFIED.);
#15115=CARTESIAN_POINT('Control Point',(9406.19731191,-1940.97179286,2301.32788547));
#15116=CARTESIAN_POINT('Control Point',(9406.197311919999,-1940.97161985,2301.32806921));
#15117=CARTESIAN_POINT('Control Point',(9406.197311939999,-1940.97144684,2301.32825296));
#15118=CARTESIAN_POINT('Control Point',(9406.19731195,-1940.97127383,2301.3284367));
#15119=CARTESIAN_POINT('Control Point',(9406.19977836,-1911.84490741,2332.26210041));
#15120=CARTESIAN_POINT('Control Point',(9406.20220466,-1882.00785211,2362.7679453));
#15121=CARTESIAN_POINT('Control Point',(9406.204590629999,-1851.44494316,2392.82194933));
#15122=CARTESIAN_POINT('Control Point',(9406.20697816,-1819.68820283,2422.82714817));
#15123=CARTESIAN_POINT('Control Point',(9406.20934207,-1787.15878321,2452.31488277));
#15124=CARTESIAN_POINT('Control Point',(9406.20937586,-1786.69467204,2452.73535035));
#15125=CARTESIAN_POINT('Control Point',(9406.209409679999,-1786.23126006,2453.15493847));
#15126=CARTESIAN_POINT('Control Point',(9406.20944346,-1785.76857551,2453.57362224));
#15127=EDGE_CURVE('',#15096,#13038,#15114,.T.);
#15128=EDGE_LOOP('',(#15129,#15130,#15131,#15132));
#15129=ORIENTED_EDGE('',*,*,#15099,.T.);
#15130=ORIENTED_EDGE('',*,*,#15113,.T.);
#15131=ORIENTED_EDGE('',*,*,#14903,.T.);
#15132=ORIENTED_EDGE('',*,*,#15127,.F.);
#15133=FACE_OUTER_BOUND('',#15128,.T.);
#15134=ADVANCED_FACE('PartBody',(#15133),#14919,.F.);
#15135=B_SPLINE_SURFACE_WITH_KNOTS('',5,5,((#15136,#15137,#15138,#15139,#15140,#15141,#15142,#15143,#15144),(#15145,#15146,#15147,#15148,#15149,#15150,#15151,#15152,#15153),(#15154,#15155,#15156,#15157,#15158,#15159,#15160,#15161,#15162),(#15163,#15164,#15165,#15166,#15167,#15168,#15169,#15170,#15171),(#15172,#15173,#15174,#15175,#15176,#15177,#15178,#15179,#15180),(#15181,#15182,#15183,#15184,#15185,#15186,#15187,#15188,#15189)),.UNSPECIFIED.,.F.,.F.,.U.,(6,6),(6,3,6),(97.6589342384,137.567110964),(0.,2.585,5.17),.UNSPECIFIED.);
#15136=CARTESIAN_POINT('Control Point',(9406.195633899999,-1961.16872056,2279.69938875));
#15137=CARTESIAN_POINT('Control Point',(9405.75831044,-1961.1348756,2279.66811722));
#15138=CARTESIAN_POINT('Control Point',(9405.329424079999,-1961.04218707,2279.58247633));
#15139=CARTESIAN_POINT('Control Point',(9404.92858453,-1960.89210452,2279.44380543));
#15140=CARTESIAN_POINT('Control Point',(9404.22042872,-1960.49117389,2279.0733599));
#15141=CARTESIAN_POINT('Control Point',(9403.75176963,-1959.93189917,2278.5566101));
#15142=CARTESIAN_POINT('Control Point',(9403.590559169999,-1959.62338502,2278.27155408));
#15143=CARTESIAN_POINT('Control Point',(9403.51,-1959.30039874,2277.97312633));
#15144=CARTESIAN_POINT('Control Point',(9403.51,-1958.97741585,2277.67470172));
#15145=CARTESIAN_POINT('Control Point',(9406.195980099999,-1957.14982495,2284.0490686));
#15146=CARTESIAN_POINT('Control Point',(9405.75861667,-1957.11608067,2284.01775751));
#15147=CARTESIAN_POINT('Control Point',(9405.329682379999,-1957.02359768,2283.93194342));
#15148=CARTESIAN_POINT('Control Point',(9404.92879183,-1956.87382139,2283.79296753));
#15149=CARTESIAN_POINT('Control Point',(9404.22053882,-1956.47367836,2283.42167901));
#15150=CARTESIAN_POINT('Control Point',(9403.751807929999,-1955.91546516,2282.90371901));
#15151=CARTESIAN_POINT('Control Point',(9403.59057192,-1955.60753132,2282.61799053));
#15152=CARTESIAN_POINT('Control Point',(9403.51,-1955.28515016,2282.31885656));
#15153=CARTESIAN_POINT('Control Point',(9403.51,-1954.96277239,2282.01972573));
#15154=CARTESIAN_POINT('Control Point',(9406.19632544,-1953.11724217,2288.39050862));
#15155=CARTESIAN_POINT('Control Point',(9405.75892215,-1953.08359867,2288.35915809));
#15156=CARTESIAN_POINT('Control Point',(9405.32994005,-1952.99132199,2288.27317092));
#15157=CARTESIAN_POINT('Control Point',(9404.92899864,-1952.84185336,2288.13389012));
#15158=CARTESIAN_POINT('Control Point',(9404.220648659999,-1952.44250192,2287.7617588));
#15159=CARTESIAN_POINT('Control Point',(9403.751846129999,-1951.88535609,2287.2425887));
#15160=CARTESIAN_POINT('Control Point',(9403.59058464,-1951.5780058,2286.9561878));
#15161=CARTESIAN_POINT('Control Point',(9403.51,-1951.25623319,2286.65634765));
#15162=CARTESIAN_POINT('Control Point',(9403.51,-1950.93446397,2286.35651065));
#15163=CARTESIAN_POINT('Control Point',(9406.196669929999,-1949.0709519,2292.72362599));
#15164=CARTESIAN_POINT('Control Point',(9405.759226889999,-1949.03740927,2292.69223613));
#15165=CARTESIAN_POINT('Control Point',(9405.3301971,-1948.94533966,2292.606076));
#15166=CARTESIAN_POINT('Control Point',(9404.929204939999,-1948.79618011,2292.4664904));
#15167=CARTESIAN_POINT('Control Point',(9404.22075823,-1948.39762429,2292.09351644));
#15168=CARTESIAN_POINT('Control Point',(9403.75188424,-1947.84155169,2291.57313637));
#15169=CARTESIAN_POINT('Control Point',(9403.59059733,-1947.53478824,2291.28606312));
#15170=CARTESIAN_POINT('Control Point',(9403.51,-1947.21362763,2290.98551682));
#15171=CARTESIAN_POINT('Control Point',(9403.51,-1946.8924704,2290.68497369));
#15172=CARTESIAN_POINT('Control Point',(9406.197013589999,-1945.01088248,2297.04839295));
#15173=CARTESIAN_POINT('Control Point',(9405.75953089,-1944.97744082,2297.0169639));
#15174=CARTESIAN_POINT('Control Point',(9405.33045354,-1944.88557905,2296.93063092));
#15175=CARTESIAN_POINT('Control Point',(9404.92941076,-1944.73673003,2296.79074063));
#15176=CARTESIAN_POINT('Control Point',(9404.220867549999,-1944.33897386,2296.41692421));
#15177=CARTESIAN_POINT('Control Point',(9403.751922269999,-1943.78398042,2295.89533431));
#15178=CARTESIAN_POINT('Control Point',(9403.59060999,-1943.47780711,2295.60758875));
#15179=CARTESIAN_POINT('Control Point',(9403.51,-1943.15726197,2295.30633638));
#15180=CARTESIAN_POINT('Control Point',(9403.51,-1942.8367202,2295.00508717));
#15181=CARTESIAN_POINT('Control Point',(9406.19735642,-1940.93695673,2301.36478651));
#15182=CARTESIAN_POINT('Control Point',(9405.75983417,-1940.90361612,2301.33331839));
#15183=CARTESIAN_POINT('Control Point',(9405.33070937,-1940.81196297,2301.24681268));
#15184=CARTESIAN_POINT('Control Point',(9404.929616089999,-1940.66342592,2301.10661781));
#15185=CARTESIAN_POINT('Control Point',(9404.22097661,-1940.2664735,2300.73195913));
#15186=CARTESIAN_POINT('Control Point',(9403.751960199999,-1939.71256517,2300.20915954));
#15187=CARTESIAN_POINT('Control Point',(9403.59062262,-1939.40698532,2299.92074175));
#15188=CARTESIAN_POINT('Control Point',(9403.51,-1939.08705915,2299.61878336));
#15189=CARTESIAN_POINT('Control Point',(9403.51,-1938.76713635,2299.31682814));
#15190=B_SPLINE_CURVE_WITH_KNOTS('',5,(#15191,#15192,#15193,#15194,#15195,#15196,#15197,#15198,#15199),.UNSPECIFIED.,.F.,.U.,(6,3,6),(97.660711568,135.600973027,137.498867482),.UNSPECIFIED.);
#15191=CARTESIAN_POINT('Control Point',(9406.195633969999,-1961.16782564,2279.70035732));
#15192=CARTESIAN_POINT('Control Point',(9406.195963099999,-1957.34710379,2283.83554837));
#15193=CARTESIAN_POINT('Control Point',(9406.196291459999,-1953.51401135,2287.96329218));
#15194=CARTESIAN_POINT('Control Point',(9406.19661904,-1949.66852478,2292.08352429));
#15195=CARTESIAN_POINT('Control Point',(9406.196962219999,-1945.61761658,2296.40192828));
#15196=CARTESIAN_POINT('Control Point',(9406.19730457,-1941.55290645,2300.71199774));
#15197=CARTESIAN_POINT('Control Point',(9406.197320879999,-1941.35923185,2300.91731104));
#15198=CARTESIAN_POINT('Control Point',(9406.19733718,-1941.16552591,2301.1226054));
#15199=CARTESIAN_POINT('Control Point',(9406.197353489999,-1940.97178864,2301.32788083));
#15200=CARTESIAN_POINT('Vertex',(9406.1956338,-1961.16782508,2279.7003579));
#15201=VERTEX_POINT('',#15200);
#15202=EDGE_CURVE('',#15201,#15096,#15190,.T.);
#15203=B_SPLINE_CURVE_WITH_KNOTS('',5,(#15204,#15205,#15206,#15207,#15208,#15209),.UNSPECIFIED.,.F.,.U.,(6,6),(0.,10.5307557841),.UNSPECIFIED.);
#15204=CARTESIAN_POINT('Control Point',(9406.195633809999,-1961.16782508,2279.7003579));
#15205=CARTESIAN_POINT('Control Point',(9405.321075079999,-1961.08903671,2279.64984029));
#15206=CARTESIAN_POINT('Control Point',(9404.479642349999,-1960.77579159,2279.38189402));
#15207=CARTESIAN_POINT('Control Point',(9403.83156742,-1960.23881431,2278.90238612));
#15208=CARTESIAN_POINT('Control Point',(9403.51,-1959.58822586,2278.30965245));
#15209=CARTESIAN_POINT('Control Point',(9403.51,-1958.94214567,2277.7128737));
#15210=CARTESIAN_POINT('Vertex',(9403.51,-1958.94214567,2277.7128737));
#15211=VERTEX_POINT('',#15210);
#15212=EDGE_CURVE('',#15201,#15211,#15203,.T.);
#15213=B_SPLINE_CURVE_WITH_KNOTS('',5,(#15214,#15215,#15216,#15217,#15218,#15219,#15220,#15221,#15222),.UNSPECIFIED.,.F.,.U.,(6,3,6),(97.7290551181,135.600973027,137.499872345),.UNSPECIFIED.);
#15214=CARTESIAN_POINT('Control Point',(9403.51,-1958.94214567,2277.7128737));
#15215=CARTESIAN_POINT('Control Point',(9403.51,-1955.13225263,2281.836144));
#15216=CARTESIAN_POINT('Control Point',(9403.51,-1951.31005339,2285.95199417));
#15217=CARTESIAN_POINT('Control Point',(9403.51,-1947.47552461,2290.06036022));
#15218=CARTESIAN_POINT('Control Point',(9403.51,-1943.43574113,2294.36681293));
#15219=CARTESIAN_POINT('Control Point',(9403.51,-1939.38222483,2298.66496013));
#15220=CARTESIAN_POINT('Control Point',(9403.51,-1939.18865413,2298.87016073));
#15221=CARTESIAN_POINT('Control Point',(9403.51,-1938.99505213,2299.07534238));
#15222=CARTESIAN_POINT('Control Point',(9403.51,-1938.8014188,2299.28050508));
#15223=EDGE_CURVE('',#15211,#15098,#15213,.T.);
#15224=EDGE_LOOP('',(#15225,#15226,#15227,#15228));
#15225=ORIENTED_EDGE('',*,*,#15099,.F.);
#15226=ORIENTED_EDGE('',*,*,#15202,.F.);
#15227=ORIENTED_EDGE('',*,*,#15212,.T.);
#15228=ORIENTED_EDGE('',*,*,#15223,.T.);
#15229=FACE_OUTER_BOUND('',#15224,.T.);
#15230=ADVANCED_FACE('PartBody',(#15229),#15135,.F.);
#15231=CARTESIAN_POINT('Axis2P3D Location',(9403.51,0.027325,-0.027827));
#15232=DIRECTION('Axis2P3D Direction',(1,0,0));
#15233=DIRECTION('Axis2P3D XDirection',(0,1,0));
#15234=AXIS2_PLACEMENT_3D('Plane Axis2P3D',#15231,#15232,#15233);
#15235=PLANE('',#15234);
#15236=B_SPLINE_CURVE_WITH_KNOTS('',1,(#15237,#15238),.UNSPECIFIED.,.F.,.U.,(2,2),(-53.6547915445,53.6547915445),.UNSPECIFIED.);
#15237=CARTESIAN_POINT('Control Point',(9403.51,-1958.94214567,2277.7128737));
#15238=CARTESIAN_POINT('Control Point',(9403.51,-1880.12022379,2204.89494148));
#15239=CARTESIAN_POINT('Vertex',(9403.51,-1880.12022379,2204.89494148));
#15240=VERTEX_POINT('',#15239);
#15241=EDGE_CURVE('',#15211,#15240,#15236,.T.);
#15242=B_SPLINE_CURVE_WITH_KNOTS('',4,(#15243,#15244,#15245,#15246,#15247),.UNSPECIFIED.,.F.,.U.,(5,5),(3.96656389111,5.52886651862),.UNSPECIFIED.);
#15243=CARTESIAN_POINT('Control Point',(9403.51,-1880.12022379,2204.89494148));
#15244=CARTESIAN_POINT('Control Point',(9403.51,-1879.83333493,2204.62990539));
#15245=CARTESIAN_POINT('Control Point',(9403.51,-1879.40221516,2204.51375098));
#15246=CARTESIAN_POINT('Control Point',(9403.51,-1878.98037074,2204.66004994));
#15247=CARTESIAN_POINT('Control Point',(9403.51,-1878.7129075,2204.94467734));
#15248=CARTESIAN_POINT('Vertex',(9403.51,-1878.7129075,2204.94467734));
#15249=VERTEX_POINT('',#15248);
#15250=EDGE_CURVE('',#15240,#15249,#15242,.T.);
#15251=B_SPLINE_CURVE_WITH_KNOTS('',3,(#15252,#15253,#15254,#15255),.UNSPECIFIED.,.F.,.U.,(4,4),(0.,26.4629788787),.UNSPECIFIED.);
#15252=CARTESIAN_POINT('Control Point',(9403.51,-1878.7129075,2204.94467734));
#15253=CARTESIAN_POINT('Control Point',(9403.51,-1876.01032534,2207.82069473));
#15254=CARTESIAN_POINT('Control Point',(9403.51,-1873.30121106,2210.69056791));
#15255=CARTESIAN_POINT('Control Point',(9403.51,-1870.5855945,2213.55426609));
#15256=CARTESIAN_POINT('Vertex',(9403.51,-1870.5855945,2213.55426609));
#15257=VERTEX_POINT('',#15256);
#15258=EDGE_CURVE('',#15249,#15257,#15251,.T.);
#15259=B_SPLINE_CURVE_WITH_KNOTS('',5,(#15260,#15261,#15262,#15263,#15264,#15265),.UNSPECIFIED.,.F.,.U.,(6,6),(71.8161872739,92.406035081),.UNSPECIFIED.);
#15260=CARTESIAN_POINT('Control Point',(9403.51,-1870.5855945,2213.55426609));
#15261=CARTESIAN_POINT('Control Point',(9403.51,-1867.75203194,2216.54234182));
#15262=CARTESIAN_POINT('Control Point',(9403.51,-1866.09534963,2220.65199517));
#15263=CARTESIAN_POINT('Control Point',(9403.51,-1866.24781058,2225.26279455));
#15264=CARTESIAN_POINT('Control Point',(9403.51,-1868.17235738,2229.25403078));
#15265=CARTESIAN_POINT('Control Point',(9403.51,-1871.19712242,2232.04839471));
#15266=CARTESIAN_POINT('Vertex',(9403.51,-1871.19712242,2232.04839471));
#15267=VERTEX_POINT('',#15266);
#15268=EDGE_CURVE('',#15257,#15267,#15259,.T.);
#15269=B_SPLINE_CURVE_WITH_KNOTS('',1,(#15270,#15271),.UNSPECIFIED.,.F.,.U.,(2,2),(-3.36839163585,3.36839163585),.UNSPECIFIED.);
#15270=CARTESIAN_POINT('Control Point',(9403.51,-1871.19712242,2232.04839471));
#15271=CARTESIAN_POINT('Control Point',(9403.51,-1876.14548015,2236.61982825));
#15272=CARTESIAN_POINT('Vertex',(9403.51,-1876.14548015,2236.61982825));
#15273=VERTEX_POINT('',#15272);
#15274=EDGE_CURVE('',#15267,#15273,#15269,.T.);
#15275=B_SPLINE_CURVE_WITH_KNOTS('',5,(#15276,#15277,#15278,#15279,#15280,#15281),.UNSPECIFIED.,.F.,.U.,(6,6),(23.7676721357,39.6656389111),.UNSPECIFIED.);
#15276=CARTESIAN_POINT('Control Point',(9403.51,-1876.57473158,2250.88922154));
#15277=CARTESIAN_POINT('Control Point',(9403.51,-1878.77631719,2248.59513464));
#15278=CARTESIAN_POINT('Control Point',(9403.51,-1880.07105394,2245.42635727));
#15279=CARTESIAN_POINT('Control Point',(9403.51,-1879.96385068,2241.86265216));
#15280=CARTESIAN_POINT('Control Point',(9403.51,-1878.48098134,2238.77743065));
#15281=CARTESIAN_POINT('Control Point',(9403.51,-1876.14548015,2236.61982825));
#15282=CARTESIAN_POINT('Vertex',(9403.51,-1876.57473158,2250.88922154));
#15283=VERTEX_POINT('',#15282);
#15284=EDGE_CURVE('',#15273,#15283,#15275,.F.);
#15285=B_SPLINE_CURVE_WITH_KNOTS('',3,(#15286,#15287,#15288,#15289),.UNSPECIFIED.,.F.,.U.,(4,4),(0.,421.314420291),.UNSPECIFIED.);
#15286=CARTESIAN_POINT('Control Point',(9403.51,-1876.57473158,2250.88922154));
#15287=CARTESIAN_POINT('Control Point',(9403.51,-1833.32256543,2295.95866));
#15288=CARTESIAN_POINT('Control Point',(9403.51,-1788.43966867,2339.46325205));
#15289=CARTESIAN_POINT('Control Point',(9403.51,-1742.04387531,2381.28835106));
#15290=EDGE_CURVE('',#15283,#14656,#15285,.T.);
#15291=EDGE_LOOP('',(#15292,#15293,#15294,#15295,#15296,#15297,#15298,#15299,#15300,#15301,#15302,#15303,#15304,#15305,#15306));
#15292=ORIENTED_EDGE('',*,*,#15241,.T.);
#15293=ORIENTED_EDGE('',*,*,#15250,.T.);
#15294=ORIENTED_EDGE('',*,*,#15258,.T.);
#15295=ORIENTED_EDGE('',*,*,#15268,.T.);
#15296=ORIENTED_EDGE('',*,*,#15274,.T.);
#15297=ORIENTED_EDGE('',*,*,#15284,.T.);
#15298=ORIENTED_EDGE('',*,*,#15290,.T.);
#15299=ORIENTED_EDGE('',*,*,#14669,.T.);
#15300=ORIENTED_EDGE('',*,*,#14693,.T.);
#15301=ORIENTED_EDGE('',*,*,#14717,.T.);
#15302=ORIENTED_EDGE('',*,*,#14741,.T.);
#15303=ORIENTED_EDGE('',*,*,#14771,.T.);
#15304=ORIENTED_EDGE('',*,*,#14911,.F.);
#15305=ORIENTED_EDGE('',*,*,#15113,.F.);
#15306=ORIENTED_EDGE('',*,*,#15223,.F.);
#15307=FACE_OUTER_BOUND('',#15291,.T.);
#15308=ADVANCED_FACE('PartBody',(#15307),#15235,.T.);
#15309=B_SPLINE_SURFACE_WITH_KNOTS('',5,1,((#15310,#15311),(#15312,#15313),(#15314,#15315),(#15316,#15317),(#15318,#15319),(#15320,#15321)),.UNSPECIFIED.,.F.,.F.,.U.,(6,6),(2,2),(0.,107.309583089),(-1.7465379031E-014,2.17),.UNSPECIFIED.);
#15310=CARTESIAN_POINT('Control Point',(9401.34,-1958.94214567,2277.7128737));
#15311=CARTESIAN_POINT('Control Point',(9403.51,-1958.94214567,2277.7128737));
#15312=CARTESIAN_POINT('Control Point',(9401.34,-1943.17776129,2263.14928726));
#15313=CARTESIAN_POINT('Control Point',(9403.51,-1943.17776129,2263.14928726));
#15314=CARTESIAN_POINT('Control Point',(9401.34,-1927.41337692,2248.58570081));
#15315=CARTESIAN_POINT('Control Point',(9403.51,-1927.41337692,2248.58570081));
#15316=CARTESIAN_POINT('Control Point',(9401.34,-1911.64899254,2234.02211437));
#15317=CARTESIAN_POINT('Control Point',(9403.51,-1911.64899254,2234.02211437));
#15318=CARTESIAN_POINT('Control Point',(9401.34,-1895.88460816,2219.45852792));
#15319=CARTESIAN_POINT('Control Point',(9403.51,-1895.88460816,2219.45852792));
#15320=CARTESIAN_POINT('Control Point',(9401.34,-1880.12022379,2204.89494148));
#15321=CARTESIAN_POINT('Control Point',(9403.51,-1880.12022379,2204.89494148));
#15322=B_SPLINE_CURVE_WITH_KNOTS('',1,(#15323,#15324),.UNSPECIFIED.,.F.,.U.,(2,2),(-1.7465379031E-014,2.17),.UNSPECIFIED.);
#15323=CARTESIAN_POINT('Control Point',(9401.34,-1958.94214567,2277.7128737));
#15324=CARTESIAN_POINT('Control Point',(9403.51,-1958.94214567,2277.7128737));
#15325=EDGE_CURVE('',#14528,#15211,#15322,.T.);
#15326=B_SPLINE_CURVE_WITH_KNOTS('',1,(#15327,#15328),.UNSPECIFIED.,.F.,.U.,(2,2),(0.,2.17),.UNSPECIFIED.);
#15327=CARTESIAN_POINT('Control Point',(9401.34,-1880.12022379,2204.89494148));
#15328=CARTESIAN_POINT('Control Point',(9403.51,-1880.12022379,2204.89494148));
#15329=EDGE_CURVE('',#14621,#15240,#15326,.T.);
#15330=EDGE_LOOP('',(#15331,#15332,#15333,#15334));
#15331=ORIENTED_EDGE('',*,*,#15325,.F.);
#15332=ORIENTED_EDGE('',*,*,#14627,.T.);
#15333=ORIENTED_EDGE('',*,*,#15329,.T.);
#15334=ORIENTED_EDGE('',*,*,#15241,.F.);
#15335=FACE_OUTER_BOUND('',#15330,.T.);
#15336=ADVANCED_FACE('PartBody',(#15335),#15309,.T.);
#15337=B_SPLINE_SURFACE_WITH_KNOTS('',5,1,((#15338,#15339),(#15340,#15341),(#15342,#15343),(#15344,#15345),(#15346,#15347),(#15348,#15349),(#15350,#15351),(#15352,#15353),(#15354,#15355),(#15356,#15357),(#15358,#15359),(#15360,#15361),(#15362,#15363),(#15364,#15365),(#15366,#15367)),.UNSPECIFIED.,.F.,.F.,.U.,(6,3,3,3,6),(2,2),(0.,2.75221590502,5.50443181005,8.25664771507,9.17405301674),(-2.17000286337,1.74305014866E-014),.UNSPECIFIED.);
#15338=CARTESIAN_POINT('Control Point',(9406.1956338,-1961.16782508,2279.7003579));
#15339=CARTESIAN_POINT('Control Point',(9405.96824208,-1962.75287051,2281.16488391));
#15340=CARTESIAN_POINT('Control Point',(9405.933262839999,-1961.14418815,2279.68520232));
#15341=CARTESIAN_POINT('Control Point',(9405.51608899,-1962.71454358,2281.1361604));
#15342=CARTESIAN_POINT('Control Point',(9405.67393022,-1961.09940354,2279.65043506));
#15343=CARTESIAN_POINT('Control Point',(9405.06917201,-1962.63974627,2281.07366742));
#15344=CARTESIAN_POINT('Control Point',(9405.421801319999,-1961.03383138,2279.596283));
#15345=CARTESIAN_POINT('Control Point',(9404.63466944,-1962.52906117,2280.97783705));
#15346=CARTESIAN_POINT('Control Point',(9404.940451349999,-1960.8633198,2279.45103285));
#15347=CARTESIAN_POINT('Control Point',(9403.80514215,-1962.23964255,2280.7227283));
#15348=CARTESIAN_POINT('Control Point',(9404.51920896,-1960.62068138,2279.23763069));
#15349=CARTESIAN_POINT('Control Point',(9403.079200369999,-1961.82538296,2280.35075773));
#15350=CARTESIAN_POINT('Control Point',(9404.327231469999,-1960.48297638,2279.11532002));
#15351=CARTESIAN_POINT('Control Point',(9402.748358819999,-1961.58984618,2280.13805457));
#15352=CARTESIAN_POINT('Control Point',(9403.986932989999,-1960.17935727,2278.84353174));
#15353=CARTESIAN_POINT('Control Point',(9402.161910499999,-1961.06976244,2279.66625956));
#15354=CARTESIAN_POINT('Control Point',(9403.743273099999,-1959.82980046,2278.52685249));
#15355=CARTESIAN_POINT('Control Point',(9401.742002859999,-1960.46963274,2279.11805467));
#15356=CARTESIAN_POINT('Control Point',(9403.647949369999,-1959.6461478,2278.35964131));
#15357=CARTESIAN_POINT('Control Point',(9401.577728119999,-1960.15403273,2278.82892531));
#15358=CARTESIAN_POINT('Control Point',(9403.55830269,-1959.39350327,2278.12855868));
#15359=CARTESIAN_POINT('Control Point',(9401.42323683,-1959.71949244,2278.42977192));
#15360=CARTESIAN_POINT('Control Point',(9403.519672099999,-1959.13597378,2277.89166479));
#15361=CARTESIAN_POINT('Control Point',(9401.35666336,-1959.27606613,2278.02110984));
#15362=CARTESIAN_POINT('Control Point',(9403.513225929999,-1959.07140058,2277.83218326));
#15363=CARTESIAN_POINT('Control Point',(9401.34555443,-1959.16485123,2277.91853149));
#15364=CARTESIAN_POINT('Control Point',(9403.51000285,-1959.00675266,2277.77255063));
#15365=CARTESIAN_POINT('Control Point',(9401.339999989999,-1959.05347799,2277.81572475));
#15366=CARTESIAN_POINT('Control Point',(9403.510002859999,-1958.94214567,2277.7128737));
#15367=CARTESIAN_POINT('Control Point',(9401.34,-1958.94214567,2277.7128737));
#15368=B_SPLINE_CURVE_WITH_KNOTS('',1,(#15369,#15370),.UNSPECIFIED.,.F.,.U.,(2,2),(-2.17000286337,-2.86330778723E-006),.UNSPECIFIED.);
#15369=CARTESIAN_POINT('Control Point',(9406.1956338,-1961.16782508,2279.7003579));
#15370=CARTESIAN_POINT('Control Point',(9405.96824238,-1962.75286842,2281.16488197));
#15371=CARTESIAN_POINT('Vertex',(9405.9682416,-1962.75287259,2281.16488583));
#15372=VERTEX_POINT('',#15371);
#15373=EDGE_CURVE('',#15201,#15372,#15368,.T.);
#15374=B_SPLINE_CURVE_WITH_KNOTS('',5,(#15375,#15376,#15377,#15378,#15379,#15380),.UNSPECIFIED.,.F.,.U.,(6,6),(0.,10.5307744835),.UNSPECIFIED.);
#15375=CARTESIAN_POINT('Control Point',(9405.96824238,-1962.75286842,2281.16488197));
#15376=CARTESIAN_POINT('Control Point',(9404.46108302,-1962.62511387,2281.06913845));
#15377=CARTESIAN_POINT('Control Point',(9403.010762309999,-1962.09290001,2280.59890702));
#15378=CARTESIAN_POINT('Control Point',(9401.89430432,-1961.17366926,2279.76620651));
#15379=CARTESIAN_POINT('Control Point',(9401.34,-1960.05548751,2278.74140133));
#15380=CARTESIAN_POINT('Control Point',(9401.34,-1958.94214567,2277.7128737));
#15381=EDGE_CURVE('',#15372,#14528,#15374,.T.);
#15382=EDGE_LOOP('',(#15383,#15384,#15385,#15386));
#15383=ORIENTED_EDGE('',*,*,#15373,.T.);
#15384=ORIENTED_EDGE('',*,*,#15381,.T.);
#15385=ORIENTED_EDGE('',*,*,#15325,.T.);
#15386=ORIENTED_EDGE('',*,*,#15212,.F.);
#15387=FACE_OUTER_BOUND('',#15382,.T.);
#15388=ADVANCED_FACE('PartBody',(#15387),#15337,.F.);
#15389=B_SPLINE_SURFACE_WITH_KNOTS('',5,5,((#15390,#15391,#15392,#15393,#15394,#15395,#15396,#15397,#15398),(#15399,#15400,#15401,#15402,#15403,#15404,#15405,#15406,#15407),(#15408,#15409,#15410,#15411,#15412,#15413,#15414,#15415,#15416),(#15417,#15418,#15419,#15420,#15421,#15422,#15423,#15424,#15425),(#15426,#15427,#15428,#15429,#15430,#15431,#15432,#15433,#15434),(#15435,#15436,#15437,#15438,#15439,#15440,#15441,#15442,#15443)),.UNSPECIFIED.,.F.,.F.,.U.,(6,6),(6,3,6),(97.6607121112,137.567058868),(0.,2.585,5.17),.UNSPECIFIED.);
#15390=CARTESIAN_POINT('Control Point',(9405.96824255,-1962.75286843,2281.16488199));
#15391=CARTESIAN_POINT('Control Point',(9405.21458844,-1962.69454233,2281.1109907));
#15392=CARTESIAN_POINT('Control Point',(9404.47547426,-1962.53480915,2280.96340284));
#15393=CARTESIAN_POINT('Control Point',(9403.784694079999,-1962.27616701,2280.72442654));
#15394=CARTESIAN_POINT('Control Point',(9402.56430554,-1961.5852302,2280.08602509));
#15395=CARTESIAN_POINT('Control Point',(9401.756649679999,-1960.62141384,2279.19549247));
#15396=CARTESIAN_POINT('Control Point',(9401.4788303,-1960.08974134,2278.70424567));
#15397=CARTESIAN_POINT('Control Point',(9401.34,-1959.53312855,2278.18995491));
#15398=CARTESIAN_POINT('Control Point',(9401.34,-1958.9765216,2277.67566955));
#15399=CARTESIAN_POINT('Control Point',(9405.96883914,-1958.73107907,2285.51772849));
#15400=CARTESIAN_POINT('Control Point',(9405.215116149999,-1958.67292647,2285.46376902));
#15401=CARTESIAN_POINT('Control Point',(9404.47591938,-1958.51354751,2285.3158827));
#15402=CARTESIAN_POINT('Control Point',(9403.785051319999,-1958.25543312,2285.07638081));
#15403=CARTESIAN_POINT('Control Point',(9402.56449527,-1957.56585354,2284.43652669));
#15404=CARTESIAN_POINT('Control Point',(9401.756715669999,-1956.60386646,2283.54390857));
#15405=CARTESIAN_POINT('Control Point',(9401.47885227,-1956.07319398,2283.05150296));
#15406=CARTESIAN_POINT('Control Point',(9401.34,-1955.51762397,2282.5359952));
#15407=CARTESIAN_POINT('Control Point',(9401.34,-1954.9620598,2282.02049286));
#15408=CARTESIAN_POINT('Control Point',(9405.969434249999,-1954.69558775,2289.86233538));
#15409=CARTESIAN_POINT('Control Point',(9405.21564258,-1954.6376088,2289.80830794));
#15410=CARTESIAN_POINT('Control Point',(9404.476363419999,-1954.47858537,2289.66012336));
#15411=CARTESIAN_POINT('Control Point',(9403.785407699999,-1954.22100116,2289.42009605));
#15412=CARTESIAN_POINT('Control Point',(9402.56468455,-1953.5327857,2288.77878954));
#15413=CARTESIAN_POINT('Control Point',(9401.756781509999,-1952.57263796,2287.88408612));
#15414=CARTESIAN_POINT('Control Point',(9401.478874189999,-1952.0429711,2287.39052177));
#15415=CARTESIAN_POINT('Control Point',(9401.34,-1951.48844978,2286.87379707));
#15416=CARTESIAN_POINT('Control Point',(9401.34,-1950.93393428,2286.35707781));
#15417=CARTESIAN_POINT('Control Point',(9405.970027899999,-1950.64637402,2294.19861979));
#15418=CARTESIAN_POINT('Control Point',(9405.21616772,-1950.5885689,2294.1445246));
#15419=CARTESIAN_POINT('Control Point',(9404.47680638,-1950.4299023,2293.99604195));
#15420=CARTESIAN_POINT('Control Point',(9403.78576321,-1950.17285073,2293.7554894));
#15421=CARTESIAN_POINT('Control Point',(9402.56487337,-1949.48600631,2293.11273081));
#15422=CARTESIAN_POINT('Control Point',(9401.75684718,-1948.52770803,2292.2159423));
#15423=CARTESIAN_POINT('Control Point',(9401.47889606,-1947.99905244,2291.7212193));
#15424=CARTESIAN_POINT('Control Point',(9401.34,-1947.44558574,2291.20327776));
#15425=CARTESIAN_POINT('Control Point',(9401.34,-1946.89212487,2290.68534166));
#15426=CARTESIAN_POINT('Control Point',(9405.97062011,-1946.58336612,2298.52655397));
#15427=CARTESIAN_POINT('Control Point',(9405.21669159,-1946.52573499,2298.47239124));
#15428=CARTESIAN_POINT('Control Point',(9404.47724828,-1946.36742655,2298.32361073));
#15429=CARTESIAN_POINT('Control Point',(9403.786117879999,-1946.11091009,2298.08253311));
#15430=CARTESIAN_POINT('Control Point',(9402.56506175,-1945.42544369,2297.43832276));
#15431=CARTESIAN_POINT('Control Point',(9401.75691271,-1944.46900506,2296.5394494));
#15432=CARTESIAN_POINT('Control Point',(9401.47891788,-1943.94136644,2296.04356785));
#15433=CARTESIAN_POINT('Control Point',(9401.34,-1943.38896036,2295.52440954));
#15434=CARTESIAN_POINT('Control Point',(9401.34,-1942.83656009,2295.0052567));
#15435=CARTESIAN_POINT('Control Point',(9405.97121089,-1942.50648675,2302.84611487));
#15436=CARTESIAN_POINT('Control Point',(9405.21721422,-1942.44902978,2302.79188481));
#15437=CARTESIAN_POINT('Control Point',(9404.47768914,-1942.29108084,2302.64280665));
#15438=CARTESIAN_POINT('Control Point',(9403.786471719999,-1942.03510198,2302.40120415));
#15439=CARTESIAN_POINT('Control Point',(9402.56524969,-1941.35102064,2301.75554237));
#15440=CARTESIAN_POINT('Control Point',(9401.75697808,-1940.39645193,2300.85458443));
#15441=CARTESIAN_POINT('Control Point',(9401.478939639999,-1939.86983599,2300.35754444));
#15442=CARTESIAN_POINT('Control Point',(9401.34,-1939.31849655,2299.83716948));
#15443=CARTESIAN_POINT('Control Point',(9401.34,-1938.76716291,2299.3168));
#15444=B_SPLINE_CURVE_WITH_KNOTS('',5,(#15445,#15446,#15447,#15448,#15449,#15450,#15451,#15452,#15453),.UNSPECIFIED.,.F.,.U.,(6,3,6),(97.6607121119,135.600973027,137.497171076),.UNSPECIFIED.);
#15445=CARTESIAN_POINT('Control Point',(9405.96824255,-1962.75286843,2281.16488199));
#15446=CARTESIAN_POINT('Control Point',(9405.968809739999,-1958.92922257,2285.30327463));
#15447=CARTESIAN_POINT('Control Point',(9405.96937561,-1955.09319161,2289.43421956));
#15448=CARTESIAN_POINT('Control Point',(9405.96994015,-1951.24475191,2293.55765228));
#15449=CARTESIAN_POINT('Control Point',(9405.97053153,-1947.19090005,2297.87923238));
#15450=CARTESIAN_POINT('Control Point',(9405.97112149,-1943.12323109,2302.19247803));
#15451=CARTESIAN_POINT('Control Point',(9405.971149569999,-1942.92958052,2302.39776775));
#15452=CARTESIAN_POINT('Control Point',(9405.97117764,-1942.73589863,2302.60303857));
#15453=CARTESIAN_POINT('Control Point',(9405.971205719999,-1942.54218542,2302.80829048));
#15454=EDGE_CURVE('',#15372,#14259,#15444,.T.);
#15455=EDGE_LOOP('',(#15456,#15457,#15458,#15459));
#15456=ORIENTED_EDGE('',*,*,#14529,.F.);
#15457=ORIENTED_EDGE('',*,*,#15381,.F.);
#15458=ORIENTED_EDGE('',*,*,#15454,.T.);
#15459=ORIENTED_EDGE('',*,*,#14504,.F.);
#15460=FACE_OUTER_BOUND('',#15455,.T.);
#15461=ADVANCED_FACE('PartBody',(#15460),#15389,.T.);
#15462=B_SPLINE_SURFACE_WITH_KNOTS('',5,1,((#15463,#15464),(#15465,#15466),(#15467,#15468),(#15469,#15470),(#15471,#15472),(#15473,#15474),(#15475,#15476),(#15477,#15478),(#15479,#15480),(#15481,#15482),(#15483,#15484),(#15485,#15486),(#15487,#15488),(#15489,#15490),(#15491,#15492)),.UNSPECIFIED.,.F.,.F.,.U.,(6,3,3,3,6),(2,2),(0.,3.88150547747,7.77163611549,13.5957228577,19.4198248668),(-2.17,3.19023002395E-013),.UNSPECIFIED.);
#15463=CARTESIAN_POINT('Control Point',(9475.81659239,-1958.05222122,2293.68151905));
#15464=CARTESIAN_POINT('Control Point',(9475.59534247,-1959.62925586,2295.1555985));
#15465=CARTESIAN_POINT('Control Point',(9475.816762749999,-1957.46478172,2294.31001308));
#15466=CARTESIAN_POINT('Control Point',(9475.595548199999,-1959.04136703,2295.78457854));
#15467=CARTESIAN_POINT('Control Point',(9475.74607135,-1956.87315687,2294.93186602));
#15468=CARTESIAN_POINT('Control Point',(9475.5248864,-1958.44929519,2296.40691377));
#15469=CARTESIAN_POINT('Control Point',(9475.60518267,-1956.28299446,2295.5411484));
#15470=CARTESIAN_POINT('Control Point',(9475.384021259999,-1957.85869237,2297.01667011));
#15471=CARTESIAN_POINT('Control Point',(9475.186424989999,-1955.1167275,2296.7232628));
#15472=CARTESIAN_POINT('Control Point',(9474.965298159999,-1956.691566,2298.19970703));
#15473=CARTESIAN_POINT('Control Point',(9474.51979654,-1954.01394528,2297.79890727));
#15474=CARTESIAN_POINT('Control Point',(9474.298679449999,-1955.58799224,2299.27619664));
#15475=CARTESIAN_POINT('Control Point',(9474.12858513,-1953.48167381,2298.30731996));
#15476=CARTESIAN_POINT('Control Point',(9473.90746685,-1955.05534415,2299.78501031));
#15477=CARTESIAN_POINT('Control Point',(9473.01998933,-1952.20944739,2299.49578033));
#15478=CARTESIAN_POINT('Control Point',(9472.798853479999,-1953.78223111,2300.97441189));
#15479=CARTESIAN_POINT('Control Point',(9471.613026229999,-1951.09928317,2300.46549057));
#15480=CARTESIAN_POINT('Control Point',(9471.391837809999,-1952.67132772,2301.94489998));
#15481=CARTESIAN_POINT('Control Point',(9470.683290929999,-1950.50523471,2300.95748619));
#15482=CARTESIAN_POINT('Control Point',(9470.462059399999,-1952.07689767,2302.43729445));
#15483=CARTESIAN_POINT('Control Point',(9468.69222605,-1949.47105325,2301.75775698));
#15484=CARTESIAN_POINT('Control Point',(9468.470887949999,-1951.04208143,2303.23822321));
#15485=CARTESIAN_POINT('Control Point',(9466.485958989999,-1948.75466817,2302.18772155));
#15486=CARTESIAN_POINT('Control Point',(9466.264477049999,-1950.3253224,2303.66856291));
#15487=CARTESIAN_POINT('Control Point',(9465.347812829999,-1948.48211207,2302.3065083));
#15488=CARTESIAN_POINT('Control Point',(9465.12625087,-1950.05264785,2303.78746329));
#15489=CARTESIAN_POINT('Control Point',(9464.19236922,-1948.29685867,2302.33005165));
#15490=CARTESIAN_POINT('Control Point',(9463.970720539999,-1949.86734444,2303.8110467));
#15491=CARTESIAN_POINT('Control Point',(9463.0324471,-1948.20084285,2302.25820022));
#15492=CARTESIAN_POINT('Control Point',(9462.810705939999,-1949.77134753,2303.73916136));
#15493=B_SPLINE_CURVE_WITH_KNOTS('',5,(#15494,#15495,#15496,#15497,#15498,#15499,#15500,#15501,#15502,#15503,#15504,#15505),.UNSPECIFIED.,.F.,.U.,(6,3,3,6),(0.,9.16234356934,13.9175872303,27.4721150281),.UNSPECIFIED.);
#15494=CARTESIAN_POINT('Control Point',(9475.81659239,-1958.05222122,2293.68151905));
#15495=CARTESIAN_POINT('Control Point',(9475.81687674,-1957.07170559,2294.7305602));
#15496=CARTESIAN_POINT('Control Point',(9475.6197395,-1956.07952955,2295.76109924));
#15497=CARTESIAN_POINT('Control Point',(9475.22571375,-1955.10297292,2296.7440724));
#15498=CARTESIAN_POINT('Control Point',(9474.372173199999,-1953.70052064,2298.11101985));
#15499=CARTESIAN_POINT('Control Point',(9473.180949379999,-1952.44430898,2299.26968938));
#15500=CARTESIAN_POINT('Control Point',(9472.738470659999,-1952.0351906,2299.63867882));
#15501=CARTESIAN_POINT('Control Point',(9470.90869758,-1950.54108142,2300.95360028));
#15502=CARTESIAN_POINT('Control Point',(9468.65738045,-1949.39072328,2301.83793854));
#15503=CARTESIAN_POINT('Control Point',(9466.83799597,-1948.75853514,2302.23633823));
#15504=CARTESIAN_POINT('Control Point',(9464.94128589,-1948.35885235,2302.37644333));
#15505=CARTESIAN_POINT('Control Point',(9463.0324471,-1948.20084285,2302.25820022));
#15506=CARTESIAN_POINT('Vertex',(9475.81659239,-1958.05222122,2293.68151905));
#15507=VERTEX_POINT('',#15506);
#15508=CARTESIAN_POINT('Vertex',(9463.0324471,-1948.20084285,2302.25820022));
#15509=VERTEX_POINT('',#15508);
#15510=EDGE_CURVE('',#15507,#15509,#15493,.T.);
#15511=B_SPLINE_CURVE_WITH_KNOTS('',1,(#15512,#15513),.UNSPECIFIED.,.F.,.U.,(2,2),(-2.17,-1.17145834733E-015),.UNSPECIFIED.);
#15512=CARTESIAN_POINT('Control Point',(9463.0324471,-1948.20084285,2302.25820022));
#15513=CARTESIAN_POINT('Control Point',(9462.810705939999,-1949.77134753,2303.73916136));
#15514=CARTESIAN_POINT('Vertex',(9462.810705939999,-1949.77134753,2303.73916136));
#15515=VERTEX_POINT('',#15514);
#15516=EDGE_CURVE('',#15509,#15515,#15511,.T.);
#15517=B_SPLINE_CURVE_WITH_KNOTS('',5,(#15518,#15519,#15520,#15521,#15522,#15523,#15524,#15525,#15526,#15527,#15528,#15529),.UNSPECIFIED.,.F.,.U.,(6,3,3,6),(0.,9.16167802327,13.9160644219,27.472121147),.UNSPECIFIED.);
#15518=CARTESIAN_POINT('Control Point',(9475.59534247,-1959.62925586,2295.1555985));
#15519=CARTESIAN_POINT('Control Point',(9475.59568584,-1958.64806154,2296.20537461));
#15520=CARTESIAN_POINT('Control Point',(9475.39862021,-1957.65521497,2297.23664091));
#15521=CARTESIAN_POINT('Control Point',(9475.00467649,-1956.67800907,2298.22031934));
#15522=CARTESIAN_POINT('Control Point',(9474.151296689999,-1955.27468787,2299.58821731));
#15523=CARTESIAN_POINT('Control Point',(9472.96025885,-1954.01770617,2300.74773461));
#15524=CARTESIAN_POINT('Control Point',(9472.51787845,-1953.60836417,2301.1169768));
#15525=CARTESIAN_POINT('Control Point',(9470.68810721,-1952.11310828,2302.43311845));
#15526=CARTESIAN_POINT('Control Point',(9468.43665123,-1950.96190239,2303.31833589));
#15527=CARTESIAN_POINT('Control Point',(9466.616971539999,-1950.32925444,2303.71717901));
#15528=CARTESIAN_POINT('Control Point',(9464.719912249999,-1949.92934373,2303.85747361));
#15529=CARTESIAN_POINT('Control Point',(9462.810705939999,-1949.77134753,2303.73916136));
#15530=CARTESIAN_POINT('Vertex',(9475.59534247,-1959.62925586,2295.1555985));
#15531=VERTEX_POINT('',#15530);
#15532=EDGE_CURVE('',#15531,#15515,#15517,.T.);
#15533=B_SPLINE_CURVE_WITH_KNOTS('',1,(#15534,#15535),.UNSPECIFIED.,.F.,.U.,(2,2),(-2.17,3.19023002395E-013),.UNSPECIFIED.);
#15534=CARTESIAN_POINT('Control Point',(9475.81659239,-1958.05222122,2293.68151905));
#15535=CARTESIAN_POINT('Control Point',(9475.59534247,-1959.62925586,2295.1555985));
#15536=EDGE_CURVE('',#15507,#15531,#15533,.T.);
#15537=EDGE_LOOP('',(#15538,#15539,#15540,#15541));
#15538=ORIENTED_EDGE('',*,*,#15510,.T.);
#15539=ORIENTED_EDGE('',*,*,#15516,.T.);
#15540=ORIENTED_EDGE('',*,*,#15532,.F.);
#15541=ORIENTED_EDGE('',*,*,#15536,.F.);
#15542=FACE_OUTER_BOUND('',#15537,.T.);
#15543=ADVANCED_FACE('PartBody',(#15542),#15462,.T.);
#15544=B_SPLINE_SURFACE_WITH_KNOTS('',5,1,((#15545,#15546),(#15547,#15548),(#15549,#15550),(#15551,#15552),(#15553,#15554),(#15555,#15556)),.UNSPECIFIED.,.F.,.F.,.U.,(6,6),(2,2),(0.,37.6522705312),(-2.17,0.),.UNSPECIFIED.);
#15545=CARTESIAN_POINT('Control Point',(9463.0324471,-1948.20084285,2302.25820022));
#15546=CARTESIAN_POINT('Control Point',(9462.810705939999,-1949.77134753,2303.73916136));
#15547=CARTESIAN_POINT('Control Point',(9459.972735219999,-1947.94756658,2302.06866622));
#15548=CARTESIAN_POINT('Control Point',(9459.75075012,-1949.51812115,2303.54953793));
#15549=CARTESIAN_POINT('Control Point',(9456.91305732,-1947.69394285,2301.87887215));
#15550=CARTESIAN_POINT('Control Point',(9456.6908281,-1949.26454735,2303.3596543));
#15551=CARTESIAN_POINT('Control Point',(9453.853409649999,-1947.439971,2301.6888175));
#15552=CARTESIAN_POINT('Control Point',(9453.63093612,-1949.01062549,2303.16950994));
#15553=CARTESIAN_POINT('Control Point',(9450.793789739999,-1947.18565051,2301.49850182));
#15554=CARTESIAN_POINT('Control Point',(9450.57107172,-1948.75635505,2302.97910441));
#15555=CARTESIAN_POINT('Control Point',(9447.73419614,-1946.93098092,2301.30792472));
#15556=CARTESIAN_POINT('Control Point',(9447.511233449999,-1948.50173555,2302.78843731));
#15557=B_SPLINE_CURVE_WITH_KNOTS('',3,(#15558,#15559,#15560,#15561),.UNSPECIFIED.,.F.,.U.,(4,4),(0.,40.6660959856),.UNSPECIFIED.);
#15558=CARTESIAN_POINT('Control Point',(9463.0324471,-1948.20084285,2302.25820022));
#15559=CARTESIAN_POINT('Control Point',(9457.93291023,-1947.77871433,2301.94230916));
#15560=CARTESIAN_POINT('Control Point',(9452.83350049,-1947.35542871,2301.62555208));
#15561=CARTESIAN_POINT('Control Point',(9447.73419614,-1946.93098092,2301.30792472));
#15562=CARTESIAN_POINT('Vertex',(9447.73419614,-1946.93098092,2301.30792472));
#15563=VERTEX_POINT('',#15562);
#15564=EDGE_CURVE('',#15509,#15563,#15557,.T.);
#15565=B_SPLINE_CURVE_WITH_KNOTS('',1,(#15566,#15567),.UNSPECIFIED.,.F.,.U.,(2,2),(-2.17,-7.43343569485E-014),.UNSPECIFIED.);
#15566=CARTESIAN_POINT('Control Point',(9447.73419614,-1946.93098092,2301.30792472));
#15567=CARTESIAN_POINT('Control Point',(9447.511233449999,-1948.50173555,2302.78843731));
#15568=CARTESIAN_POINT('Vertex',(9447.511233449999,-1948.50173555,2302.78843731));
#15569=VERTEX_POINT('',#15568);
#15570=EDGE_CURVE('',#15563,#15569,#15565,.T.);
#15571=B_SPLINE_CURVE_WITH_KNOTS('',3,(#15572,#15573,#15574,#15575),.UNSPECIFIED.,.F.,.U.,(4,4),(0.,40.6660959856),.UNSPECIFIED.);
#15572=CARTESIAN_POINT('Control Point',(9462.810705939999,-1949.77134753,2303.73916136));
#15573=CARTESIAN_POINT('Control Point',(9457.71076251,-1949.34930215,2303.42312126));
#15574=CARTESIAN_POINT('Control Point',(9452.61094558,-1948.92609986,2303.10621466));
#15575=CARTESIAN_POINT('Control Point',(9447.511233449999,-1948.50173555,2302.78843731));
#15576=EDGE_CURVE('',#15515,#15569,#15571,.T.);
#15577=EDGE_LOOP('',(#15578,#15579,#15580,#15581));
#15578=ORIENTED_EDGE('',*,*,#15564,.T.);
#15579=ORIENTED_EDGE('',*,*,#15570,.T.);
#15580=ORIENTED_EDGE('',*,*,#15576,.F.);
#15581=ORIENTED_EDGE('',*,*,#15516,.F.);
#15582=FACE_OUTER_BOUND('',#15577,.T.);
#15583=ADVANCED_FACE('PartBody',(#15582),#15544,.T.);
#15584=B_SPLINE_SURFACE_WITH_KNOTS('',5,1,((#15585,#15586),(#15587,#15588),(#15589,#15590),(#15591,#15592),(#15593,#15594),(#15595,#15596),(#15597,#15598),(#15599,#15600),(#15601,#15602)),.UNSPECIFIED.,.F.,.F.,.U.,(6,3,6),(2,2),(0.,7.27208552127,12.1233618763),(-2.1700048137,-5.29395592033E-022),.UNSPECIFIED.);
#15585=CARTESIAN_POINT('Control Point',(9436.375340819999,-1943.50643316,2303.22457816));
#15586=CARTESIAN_POINT('Control Point',(9436.151603049999,-1945.07633732,2304.70588253));
#15587=CARTESIAN_POINT('Control Point',(9437.577848769999,-1944.19211396,2302.68023857));
#15588=CARTESIAN_POINT('Control Point',(9437.35417382,-1945.76234504,2304.16120642));
#15589=CARTESIAN_POINT('Control Point',(9438.853551009999,-1944.80243039,2302.22620943));
#15590=CARTESIAN_POINT('Control Point',(9438.62994963,-1946.37292433,2303.70690986));
#15591=CARTESIAN_POINT('Control Point',(9440.184642369999,-1945.33011767,2301.86772629));
#15592=CARTESIAN_POINT('Control Point',(9439.96112423,-1946.90080636,2303.34823273));
#15593=CARTESIAN_POINT('Control Point',(9442.46782987,-1946.06858853,2301.42912185));
#15594=CARTESIAN_POINT('Control Point',(9442.24446442,-1947.63948808,2302.90942751));
#15595=CARTESIAN_POINT('Control Point',(9444.84699749,-1946.56952486,2301.25641697));
#15596=CARTESIAN_POINT('Control Point',(9444.623807129999,-1948.14044495,2302.73672693));
#15597=CARTESIAN_POINT('Control Point',(9445.804035409999,-1946.72972758,2301.23069668));
#15598=CARTESIAN_POINT('Control Point',(9445.580917949999,-1948.30062457,2302.71104202));
#15599=CARTESIAN_POINT('Control Point',(9446.76810698,-1946.85049483,2301.24781883));
#15600=CARTESIAN_POINT('Control Point',(9446.54506538,-1948.42133788,2302.72823271));
#15601=CARTESIAN_POINT('Control Point',(9447.73419662,-1946.93097754,2301.30792153));
#15602=CARTESIAN_POINT('Control Point',(9447.511233449999,-1948.50173555,2302.78843731));
#15603=B_SPLINE_CURVE_WITH_KNOTS('',5,(#15604,#15605,#15606,#15607,#15608,#15609),.UNSPECIFIED.,.F.,.U.,(6,6),(0.,17.1501271173),.UNSPECIFIED.);
#15604=CARTESIAN_POINT('Control Point',(9447.73419614,-1946.93098092,2301.30792472));
#15605=CARTESIAN_POINT('Control Point',(9445.31921779,-1946.72979394,2301.15768262));
#15606=CARTESIAN_POINT('Control Point',(9442.9079373,-1946.27463202,2301.27705181));
#15607=CARTESIAN_POINT('Control Point',(9440.58758967,-1945.58157373,2301.66224079));
#15608=CARTESIAN_POINT('Control Point',(9438.38006338,-1944.64954464,2302.31710047));
#15609=CARTESIAN_POINT('Control Point',(9436.375340819999,-1943.50643316,2303.22457816));
#15610=CARTESIAN_POINT('Vertex',(9436.375340819999,-1943.50643316,2303.22457816));
#15611=VERTEX_POINT('',#15610);
#15612=EDGE_CURVE('',#15563,#15611,#15603,.T.);
#15613=B_SPLINE_CURVE_WITH_KNOTS('',1,(#15614,#15615),.UNSPECIFIED.,.F.,.U.,(2,2),(-2.1700048137,-4.31378231949E-006),.UNSPECIFIED.);
#15614=CARTESIAN_POINT('Control Point',(9436.375340819999,-1943.50643316,2303.22457816));
#15615=CARTESIAN_POINT('Control Point',(9436.15160349,-1945.0763342,2304.70587958));
#15616=EDGE_CURVE('',#15611,#14267,#15613,.T.);
#15617=B_SPLINE_CURVE_WITH_KNOTS('',5,(#15618,#15619,#15620,#15621,#15622,#15623),.UNSPECIFIED.,.F.,.U.,(6,6),(0.,17.1498900316),.UNSPECIFIED.);
#15618=CARTESIAN_POINT('Control Point',(9447.511233449999,-1948.50173555,2302.78843731));
#15619=CARTESIAN_POINT('Control Point',(9445.09608956,-1948.30076373,2302.63794243));
#15620=CARTESIAN_POINT('Control Point',(9442.68464116,-1947.84562593,2302.75726111));
#15621=CARTESIAN_POINT('Control Point',(9440.364135899999,-1947.15240284,2303.14260164));
#15622=CARTESIAN_POINT('Control Point',(9438.15645445,-1946.22000413,2303.79783012));
#15623=CARTESIAN_POINT('Control Point',(9436.15160349,-1945.0763342,2304.70587958));
#15624=EDGE_CURVE('',#15569,#14267,#15617,.T.);
#15625=EDGE_LOOP('',(#15626,#15627,#15628,#15629));
#15626=ORIENTED_EDGE('',*,*,#15612,.T.);
#15627=ORIENTED_EDGE('',*,*,#15616,.T.);
#15628=ORIENTED_EDGE('',*,*,#15624,.F.);
#15629=ORIENTED_EDGE('',*,*,#15570,.F.);
#15630=FACE_OUTER_BOUND('',#15625,.T.);
#15631=ADVANCED_FACE('PartBody',(#15630),#15584,.F.);
#15632=B_SPLINE_SURFACE_WITH_KNOTS('',5,1,((#15633,#15634),(#15635,#15636),(#15637,#15638),(#15639,#15640),(#15641,#15642),(#15643,#15644),(#15645,#15646),(#15647,#15648),(#15649,#15650),(#15651,#15652),(#15653,#15654),(#15655,#15656)),.UNSPECIFIED.,.F.,.F.,.U.,(6,3,3,6),(2,2),(0.,3.5393978422,10.6066375424,17.6797489582),(-2.1700048137,4.31579364966E-006),.UNSPECIFIED.);
#15633=CARTESIAN_POINT('Control Point',(9428.078309529999,-1931.71269048,2314.41725047));
#15634=CARTESIAN_POINT('Control Point',(9427.854562119999,-1933.2750379,2315.90652707));
#15635=CARTESIAN_POINT('Control Point',(9428.078226039999,-1932.25684785,2313.84638104));
#15636=CARTESIAN_POINT('Control Point',(9427.854446519999,-1933.81958123,2315.3352483));
#15637=CARTESIAN_POINT('Control Point',(9428.11689116,-1932.80278217,2313.27906318));
#15638=CARTESIAN_POINT('Control Point',(9427.893082709999,-1934.36589966,2314.76752322));
#15639=CARTESIAN_POINT('Control Point',(9428.19468775,-1933.35157321,2312.71422244));
#15640=CARTESIAN_POINT('Control Point',(9427.97085349,-1934.91507374,2314.20227653));
#15641=CARTESIAN_POINT('Control Point',(9428.5387778,-1934.97694722,2311.05724743));
#15642=CARTESIAN_POINT('Control Point',(9428.314876749999,-1936.54157149,2312.54411104));
#15643=CARTESIAN_POINT('Control Point',(9429.213839459999,-1936.56797971,2309.48285461));
#15644=CARTESIAN_POINT('Control Point',(9428.98990169,-1938.13367349,2310.9685867));
#15645=CARTESIAN_POINT('Control Point',(9429.80143849,-1937.59401152,2308.48910052));
#15646=CARTESIAN_POINT('Control Point',(9429.57748998,-1939.16038005,2309.97411956));
#15647=CARTESIAN_POINT('Control Point',(9431.224394769999,-1939.55441005,2306.63334094));
#15648=CARTESIAN_POINT('Control Point',(9431.00045132,-1941.12203655,2308.11703269));
#15649=CARTESIAN_POINT('Control Point',(9433.078485029999,-1941.29283614,2305.07333967));
#15650=CARTESIAN_POINT('Control Point',(9432.854596629999,-1942.86151342,2306.55592776));
#15651=CARTESIAN_POINT('Control Point',(9434.10163917,-1942.10078028,2304.37190727));
#15652=CARTESIAN_POINT('Control Point',(9433.87779017,-1943.6699277,2305.85400324));
#15653=CARTESIAN_POINT('Control Point',(9435.20610806,-1942.8404803,2303.75446773));
#15654=CARTESIAN_POINT('Control Point',(9434.98230949,-1944.41003855,2305.23613567));
#15655=CARTESIAN_POINT('Control Point',(9436.375340769999,-1943.50643347,2303.22457846));
#15656=CARTESIAN_POINT('Control Point',(9436.151602599999,-1945.07634045,2304.70588547));
#15657=B_SPLINE_CURVE_WITH_KNOTS('',5,(#15658,#15659,#15660,#15661,#15662,#15663,#15664,#15665,#15666,#15667,#15668,#15669,#15670,#15671,#15672),.UNSPECIFIED.,.F.,.U.,(6,3,3,3,6),(0.,10.0181654674,17.5404871712,20.0481337558,25.0126789951),.UNSPECIFIED.);
#15658=CARTESIAN_POINT('Control Point',(9436.37533993,-1943.5064394,2303.22458405));
#15659=CARTESIAN_POINT('Control Point',(9435.20442738,-1942.8395292,2303.75523441));
#15660=CARTESIAN_POINT('Control Point',(9434.098464889999,-1942.0986601,2304.3736868));
#15661=CARTESIAN_POINT('Control Point',(9433.07466778,-1941.28979242,2305.07599818));
#15662=CARTESIAN_POINT('Control Point',(9431.44975727,-1939.76528421,2306.44418664));
#15663=CARTESIAN_POINT('Control Point',(9430.156397479999,-1938.07026278,2308.03961891));
#15664=CARTESIAN_POINT('Control Point',(9429.670215919999,-1937.31706589,2308.76126383));
#15665=CARTESIAN_POINT('Control Point',(9429.119697149999,-1936.28165834,2309.77006217));
#15666=CARTESIAN_POINT('Control Point',(9428.70919738,-1935.21807241,2310.82823333));
#15667=CARTESIAN_POINT('Control Point',(9428.615375219999,-1934.95029639,2311.09599066));
#15668=CARTESIAN_POINT('Control Point',(9428.363127799999,-1934.14915129,2311.90108787));
#15669=CARTESIAN_POINT('Control Point',(9428.19300078,-1933.33935692,2312.72680914));
#15670=CARTESIAN_POINT('Control Point',(9428.11625868,-1932.79382509,2313.288378));
#15671=CARTESIAN_POINT('Control Point',(9428.07822627,-1932.25238535,2313.85106893));
#15672=CARTESIAN_POINT('Control Point',(9428.07830909,-1931.71269353,2314.41725339));
#15673=CARTESIAN_POINT('Vertex',(9428.07830909,-1931.71269353,2314.41725339));
#15674=VERTEX_POINT('',#15673);
#15675=EDGE_CURVE('',#15611,#15674,#15657,.T.);
#15676=B_SPLINE_CURVE_WITH_KNOTS('',1,(#15677,#15678),.UNSPECIFIED.,.F.,.U.,(2,2),(-2.17000056997,7.28434482272E-014),.UNSPECIFIED.);
#15677=CARTESIAN_POINT('Control Point',(9428.07830909,-1931.71269353,2314.41725339));
#15678=CARTESIAN_POINT('Control Point',(9427.85456256,-1933.27503479,2315.90652411));
#15679=EDGE_CURVE('',#15674,#14286,#15676,.T.);
#15680=EDGE_LOOP('',(#15681,#15682,#15683,#15684));
#15681=ORIENTED_EDGE('',*,*,#15675,.T.);
#15682=ORIENTED_EDGE('',*,*,#15679,.T.);
#15683=ORIENTED_EDGE('',*,*,#14287,.F.);
#15684=ORIENTED_EDGE('',*,*,#15616,.F.);
#15685=FACE_OUTER_BOUND('',#15680,.T.);
#15686=ADVANCED_FACE('PartBody',(#15685),#15632,.F.);
#15687=B_SPLINE_SURFACE_WITH_KNOTS('',5,1,((#15688,#15689),(#15690,#15691),(#15692,#15693),(#15694,#15695),(#15696,#15697),(#15698,#15699),(#15700,#15701),(#15702,#15703),(#15704,#15705)),.UNSPECIFIED.,.F.,.F.,.U.,(6,3,6),(2,2),(0.,242.670399944,346.565019682),(-2.17000056997,1.7732734457E-013),.UNSPECIFIED.);
#15688=CARTESIAN_POINT('Control Point',(9428.07830915,-1931.71269312,2314.417253));
#15689=CARTESIAN_POINT('Control Point',(9427.85456256,-1933.27503479,2315.90652411));
#15690=CARTESIAN_POINT('Control Point',(9428.08107305,-1913.569338,2333.45122051));
#15691=CARTESIAN_POINT('Control Point',(9427.85841635,-1915.1176559,2334.9553672));
#15692=CARTESIAN_POINT('Control Point',(9428.083869889999,-1895.09039604,2352.38603267));
#15693=CARTESIAN_POINT('Control Point',(9427.862295729999,-1896.62431496,2353.90509567));
#15694=CARTESIAN_POINT('Control Point',(9428.086653889999,-1876.23905748,2371.2445427));
#15695=CARTESIAN_POINT('Control Point',(9427.866156959999,-1877.7581734,2372.77857359));
#15696=CARTESIAN_POINT('Control Point',(9428.09077954,-1848.80281122,2398.01812422));
#15697=CARTESIAN_POINT('Control Point',(9427.871812559999,-1850.3002268,2399.5735516));
#15698=CARTESIAN_POINT('Control Point',(9428.094140899999,-1820.76199273,2424.42151725));
#15699=CARTESIAN_POINT('Control Point',(9427.87668738,-1822.2370319,2425.99822428));
#15700=CARTESIAN_POINT('Control Point',(9428.09504874,-1812.29195365,2432.31185262));
#15701=CARTESIAN_POINT('Control Point',(9427.87804808,-1813.76021716,2433.89493396));
#15702=CARTESIAN_POINT('Control Point',(9428.095931169999,-1803.76213405,2440.17181096));
#15703=CARTESIAN_POINT('Control Point',(9427.879382359999,-1805.22355834,2441.76125612));
#15704=CARTESIAN_POINT('Control Point',(9428.096938949999,-1795.19231861,2447.98324251));
#15705=CARTESIAN_POINT('Control Point',(9427.880840129999,-1796.64685717,2449.57902488));
#15706=B_SPLINE_CURVE_WITH_KNOTS('',5,(#15707,#15708,#15709,#15710,#15711,#15712,#15713,#15714,#15715),.UNSPECIFIED.,.F.,.U.,(6,3,6),(0.,269.796310008,385.315414898),.UNSPECIFIED.);
#15707=CARTESIAN_POINT('Control Point',(9428.07830909,-1931.71269353,2314.41725339));
#15708=CARTESIAN_POINT('Control Point',(9428.081072479999,-1913.57273095,2333.44766182));
#15709=CARTESIAN_POINT('Control Point',(9428.083868779999,-1895.09730703,2352.37895199));
#15710=CARTESIAN_POINT('Control Point',(9428.086649139999,-1876.27056398,2371.2133906));
#15711=CARTESIAN_POINT('Control Point',(9428.090775369999,-1848.83153734,2397.9905276));
#15712=CARTESIAN_POINT('Control Point',(9428.09413799,-1820.78767473,2424.39751057));
#15713=CARTESIAN_POINT('Control Point',(9428.095046189999,-1812.31610114,2432.28960208));
#15714=CARTESIAN_POINT('Control Point',(9428.095929679999,-1803.77426463,2440.16075464));
#15715=CARTESIAN_POINT('Control Point',(9428.096938889999,-1795.192319,2447.98324293));
#15716=EDGE_CURVE('',#15674,#14184,#15706,.T.);
#15717=EDGE_LOOP('',(#15718,#15719,#15720,#15721));
#15718=ORIENTED_EDGE('',*,*,#15716,.T.);
#15719=ORIENTED_EDGE('',*,*,#14199,.T.);
#15720=ORIENTED_EDGE('',*,*,#14298,.F.);
#15721=ORIENTED_EDGE('',*,*,#15679,.F.);
#15722=FACE_OUTER_BOUND('',#15717,.T.);
#15723=ADVANCED_FACE('PartBody',(#15722),#15687,.T.);
#15724=B_SPLINE_SURFACE_WITH_KNOTS('',5,3,((#15725,#15726,#15727,#15728),(#15729,#15730,#15731,#15732),(#15733,#15734,#15735,#15736),(#15737,#15738,#15739,#15740),(#15741,#15742,#15743,#15744),(#15745,#15746,#15747,#15748)),.UNSPECIFIED.,.F.,.F.,.U.,(6,6),(4,4),(1399.75375902,1592.35930308),(-1126.41740686,-1081.39641844),.UNSPECIFIED.);
#15725=CARTESIAN_POINT('Control Point',(9436.3089351,-1944.23236621,2302.4440002));
#15726=CARTESIAN_POINT('Control Point',(9421.392511549999,-1942.62599281,2301.89379725));
#15727=CARTESIAN_POINT('Control Point',(9406.478123769999,-1941.00675837,2301.3396834));
#15728=CARTESIAN_POINT('Control Point',(9391.56578963,-1939.37455457,2300.78162474));
#15729=CARTESIAN_POINT('Control Point',(9438.97204613,-1915.11342315,2333.76730571));
#15730=CARTESIAN_POINT('Control Point',(9424.055052509999,-1913.51039141,2333.2180616));
#15731=CARTESIAN_POINT('Control Point',(9409.14009802,-1911.89448408,2332.66490183));
#15732=CARTESIAN_POINT('Control Point',(9394.22720177,-1910.26558397,2332.10779025));
#15733=CARTESIAN_POINT('Control Point',(9441.771733809999,-1885.1277497,2364.82754301));
#15734=CARTESIAN_POINT('Control Point',(9426.85429048,-1883.52728143,2364.27903069));
#15735=CARTESIAN_POINT('Control Point',(9411.93888967,-1881.91392868,2363.72659139));
#15736=CARTESIAN_POINT('Control Point',(9397.025552949999,-1880.28754588,2363.17019342));
#15737=CARTESIAN_POINT('Control Point',(9444.71547442,-1854.22767109,2395.61032389));
#15738=CARTESIAN_POINT('Control Point',(9429.7977151,-1852.62894766,2395.06229286));
#15739=CARTESIAN_POINT('Control Point',(9414.88200116,-1851.01728978,2394.51033325));
#15740=CARTESIAN_POINT('Control Point',(9399.96835741,-1849.39258848,2393.95439918));
#15741=CARTESIAN_POINT('Control Point',(9447.81178525,-1822.35875538,2426.09935218));
#15742=CARTESIAN_POINT('Control Point',(9432.89384216,-1820.76091231,2425.55156131));
#15743=CARTESIAN_POINT('Control Point',(9417.97795414,-1819.15010839,2424.9998265));
#15744=CARTESIAN_POINT('Control Point',(9403.06414375,-1817.526201,2424.44410619));
#15745=CARTESIAN_POINT('Control Point',(9451.070221029999,-1789.45977261,2456.27642845));
#15746=CARTESIAN_POINT('Control Point',(9436.15222629,-1787.86199557,2455.72864121));
#15747=CARTESIAN_POINT('Control Point',(9421.236296179999,-1786.25119711,2455.17689182));
#15748=CARTESIAN_POINT('Control Point',(9406.32245397,-1784.62722993,2454.62113557));
#15749=B_SPLINE_CURVE_WITH_KNOTS('',3,(#15750,#15751,#15752,#15753),.UNSPECIFIED.,.F.,.U.,(4,4),(0.,85.742457999),.UNSPECIFIED.);
#15750=CARTESIAN_POINT('Control Point',(9406.19734977,-1940.97179606,2301.32788786));
#15751=CARTESIAN_POINT('Control Point',(9416.25574015,-1941.82118236,2301.96349679));
#15752=CARTESIAN_POINT('Control Point',(9426.315076909999,-1942.66605542,2302.59572167));
#15753=CARTESIAN_POINT('Control Point',(9436.37533993,-1943.5064394,2303.22458405));
#15754=EDGE_CURVE('',#15096,#15611,#15749,.T.);
#15755=EDGE_LOOP('',(#15756,#15757,#15758,#15759,#15760,#15761));
#15756=ORIENTED_EDGE('',*,*,#15716,.F.);
#15757=ORIENTED_EDGE('',*,*,#15675,.F.);
#15758=ORIENTED_EDGE('',*,*,#15754,.F.);
#15759=ORIENTED_EDGE('',*,*,#15127,.T.);
#15760=ORIENTED_EDGE('',*,*,#13039,.T.);
#15761=ORIENTED_EDGE('',*,*,#14185,.F.);
#15762=FACE_OUTER_BOUND('',#15755,.T.);
#15763=ADVANCED_FACE('PartBody',(#15762),#15724,.F.);
#15764=CARTESIAN_POINT('Axis2P3D Location',(9401.34,-1873.67130128,2234.33411148));
#15765=DIRECTION('Axis2P3D Direction',(0,0.6785780927619347,0.7345282649589294));
#15766=DIRECTION('Axis2P3D XDirection',(1,0,0));
#15767=AXIS2_PLACEMENT_3D('Plane Axis2P3D',#15764,#15765,#15766);
#15768=PLANE('',#15767);
#15769=CARTESIAN_POINT('Line Origine',(9402.424999999999,-1871.19712242,2232.04839471));
#15770=DIRECTION('Vector Direction',(1,0,0));
#15771=VECTOR('Line Direction',#15770,1.);
#15772=LINE('Line',#15769,#15771);
#15773=EDGE_CURVE('',#14597,#15267,#15772,.T.);
#15774=CARTESIAN_POINT('Line Origine',(9402.424999999999,-1876.14548015,2236.61982825));
#15775=DIRECTION('Vector Direction',(1,0,0));
#15776=VECTOR('Line Direction',#15775,1.);
#15777=LINE('Line',#15774,#15776);
#15778=EDGE_CURVE('',#14590,#15273,#15777,.T.);
#15779=EDGE_LOOP('',(#15780,#15781,#15782,#15783));
#15780=ORIENTED_EDGE('',*,*,#15773,.F.);
#15781=ORIENTED_EDGE('',*,*,#14598,.T.);
#15782=ORIENTED_EDGE('',*,*,#15778,.T.);
#15783=ORIENTED_EDGE('',*,*,#15274,.F.);
#15784=FACE_OUTER_BOUND('',#15779,.T.);
#15785=ADVANCED_FACE('PartBody',(#15784),#15768,.T.);
#15786=CARTESIAN_POINT('Axis2P3D Location',(9401.34,-1880.01863762,2222.49952726));
#15787=DIRECTION('Axis2P3D Direction',(1,0,0));
#15788=DIRECTION('Axis2P3D XDirection',(-0,-0.9994537658096843,-0.03304799553438956));
#15789=AXIS2_PLACEMENT_3D('Cylinder Axis2P3D',#15786,#15787,#15788);
#15790=CYLINDRICAL_SURFACE('generated cylinder',#15789,13.);
#15791=CARTESIAN_POINT('Line Origine',(9402.424999999999,-1870.5855945,2213.55426609));
#15792=DIRECTION('Vector Direction',(1,0,0));
#15793=VECTOR('Line Direction',#15792,1.);
#15794=LINE('Line',#15791,#15793);
#15795=EDGE_CURVE('',#14604,#15257,#15794,.T.);
#15796=EDGE_LOOP('',(#15797,#15798,#15799,#15800));
#15797=ORIENTED_EDGE('',*,*,#15795,.F.);
#15798=ORIENTED_EDGE('',*,*,#14605,.T.);
#15799=ORIENTED_EDGE('',*,*,#15773,.T.);
#15800=ORIENTED_EDGE('',*,*,#15268,.F.);
#15801=FACE_OUTER_BOUND('',#15796,.T.);
#15802=ADVANCED_FACE('PartBody',(#15801),#15790,.T.);
#15803=B_SPLINE_CURVE_WITH_KNOTS('',5,(#15804,#15805,#15806,#15807,#15808,#15809),.UNSPECIFIED.,.F.,.U.,(6,6),(2286.66492916,2310.33159382),.UNSPECIFIED.);
#15804=CARTESIAN_POINT('Control Point',(9401.34,-1870.5855945,2213.55426609));
#15805=CARTESIAN_POINT('Control Point',(9401.34,-1872.21496419,2211.83604745));
#15806=CARTESIAN_POINT('Control Point',(9401.34,-1873.84238301,2210.1159765));
#15807=CARTESIAN_POINT('Control Point',(9401.34,-1875.46784828,2208.394056));
#15808=CARTESIAN_POINT('Control Point',(9401.34,-1877.09135733,2206.6702887));
#15809=CARTESIAN_POINT('Control Point',(9401.34,-1878.7129075,2204.94467734));
#15810=DIRECTION('Vector Direction',(1,0,0));
#15811=VECTOR('Extrusion Surface Vector',#15810,1.);
#15812=SURFACE_OF_LINEAR_EXTRUSION('generated tabulated cylinder',#15803,#15811);
#15813=CARTESIAN_POINT('Line Origine',(9402.424999999999,-1878.7129075,2204.94467734));
#15814=DIRECTION('Vector Direction',(1,0,0));
#15815=VECTOR('Line Direction',#15814,1.);
#15816=LINE('Line',#15813,#15815);
#15817=EDGE_CURVE('',#14614,#15249,#15816,.T.);
#15818=EDGE_LOOP('',(#15819,#15820,#15821,#15822));
#15819=ORIENTED_EDGE('',*,*,#15817,.F.);
#15820=ORIENTED_EDGE('',*,*,#14615,.T.);
#15821=ORIENTED_EDGE('',*,*,#15795,.T.);
#15822=ORIENTED_EDGE('',*,*,#15258,.F.);
#15823=FACE_OUTER_BOUND('',#15818,.T.);
#15824=ADVANCED_FACE('PartBody',(#15823),#15812,.F.);
#15825=CARTESIAN_POINT('Axis2P3D Location',(9401.34,-1879.4416457,2205.62946974));
#15826=DIRECTION('Axis2P3D Direction',(1,0,0));
#15827=DIRECTION('Axis2P3D XDirection',(0,-0.03531887742281185,0.9993760938193351));
#15828=AXIS2_PLACEMENT_3D('Cylinder Axis2P3D',#15825,#15826,#15827);
#15829=CYLINDRICAL_SURFACE('generated cylinder',#15828,1.);
#15830=EDGE_LOOP('',(#15831,#15832,#15833,#15834));
#15831=ORIENTED_EDGE('',*,*,#15329,.F.);
#15832=ORIENTED_EDGE('',*,*,#14622,.T.);
#15833=ORIENTED_EDGE('',*,*,#15817,.T.);
#15834=ORIENTED_EDGE('',*,*,#15250,.F.);
#15835=FACE_OUTER_BOUND('',#15830,.T.);
#15836=ADVANCED_FACE('PartBody',(#15835),#15829,.T.);
#15837=B_SPLINE_SURFACE_WITH_KNOTS('',5,5,((#15838,#15839,#15840,#15841,#15842,#15843,#15844,#15845,#15846),(#15847,#15848,#15849,#15850,#15851,#15852,#15853,#15854,#15855),(#15856,#15857,#15858,#15859,#15860,#15861,#15862,#15863,#15864),(#15865,#15866,#15867,#15868,#15869,#15870,#15871,#15872,#15873),(#15874,#15875,#15876,#15877,#15878,#15879,#15880,#15881,#15882),(#15883,#15884,#15885,#15886,#15887,#15888,#15889,#15890,#15891)),.UNSPECIFIED.,.F.,.F.,.U.,(6,6),(6,3,6),(426.873994932,459.832366694),(-4.4408920985E-016,2.585,5.17),.UNSPECIFIED.);
#15838=CARTESIAN_POINT('Control Point',(9405.99199765,-1787.25340179,2455.14189125));
#15839=CARTESIAN_POINT('Control Point',(9405.235608699999,-1787.20236053,2455.08535383));
#15840=CARTESIAN_POINT('Control Point',(9404.49320938,-1787.05817162,2454.92563854));
#15841=CARTESIAN_POINT('Control Point',(9403.798930429999,-1786.82302924,2454.66517585));
#15842=CARTESIAN_POINT('Control Point',(9402.57186937,-1786.19295183,2453.96725119));
#15843=CARTESIAN_POINT('Control Point',(9401.75928086,-1785.3116975,2452.99110267));
#15844=CARTESIAN_POINT('Control Point',(9401.47970636,-1784.82523767,2452.45226045));
#15845=CARTESIAN_POINT('Control Point',(9401.34,-1784.31580728,2451.88797419));
#15846=CARTESIAN_POINT('Control Point',(9401.34,-1783.80638235,2451.32369396));
#15847=CARTESIAN_POINT('Control Point',(9405.992457999999,-1783.54358,2458.49113313));
#15848=CARTESIAN_POINT('Control Point',(9405.23601619,-1783.49268678,2458.43454701));
#15849=CARTESIAN_POINT('Control Point',(9404.493553279999,-1783.34882677,2458.27459527));
#15850=CARTESIAN_POINT('Control Point',(9403.799206539999,-1783.11418796,2458.01371062));
#15851=CARTESIAN_POINT('Control Point',(9402.572016119999,-1782.48542243,2457.31461385));
#15852=CARTESIAN_POINT('Control Point',(9401.75933191,-1781.60595752,2456.33677565));
#15853=CARTESIAN_POINT('Control Point',(9401.47972336,-1781.12047904,2455.79699359));
#15854=CARTESIAN_POINT('Control Point',(9401.34,-1780.61207341,2455.23171986));
#15855=CARTESIAN_POINT('Control Point',(9401.34,-1780.10367322,2454.66645217));
#15856=CARTESIAN_POINT('Control Point',(9405.992917789999,-1779.82376318,2461.83365062));
#15857=CARTESIAN_POINT('Control Point',(9405.2364232,-1779.77301809,2461.77701608));
#15858=CARTESIAN_POINT('Control Point',(9404.493896779999,-1779.62948783,2461.61682833));
#15859=CARTESIAN_POINT('Control Point',(9403.79948233,-1779.39535415,2461.35552234));
#15860=CARTESIAN_POINT('Control Point',(9402.572162709999,-1778.76790497,2460.65525497));
#15861=CARTESIAN_POINT('Control Point',(9401.759382909999,-1777.89023604,2459.67572904));
#15862=CARTESIAN_POINT('Control Point',(9401.479740339999,-1777.40574256,2459.13500819));
#15863=CARTESIAN_POINT('Control Point',(9401.34,-1776.89836552,2458.56874807));
#15864=CARTESIAN_POINT('Control Point',(9401.34,-1776.39099391,2458.00249402));
#15865=CARTESIAN_POINT('Control Point',(9405.993377049999,-1776.09388943,2465.16944585));
#15866=CARTESIAN_POINT('Control Point',(9405.236829759999,-1776.04329257,2465.11276316));
#15867=CARTESIAN_POINT('Control Point',(9404.494239899999,-1775.9000929,2464.95233987));
#15868=CARTESIAN_POINT('Control Point',(9403.799757819999,-1775.66646594,2464.69061318));
#15869=CARTESIAN_POINT('Control Point',(9402.572309129999,-1775.04033755,2463.98917676));
#15870=CARTESIAN_POINT('Control Point',(9401.759433859999,-1774.16447108,2463.00796513));
#15871=CARTESIAN_POINT('Control Point',(9401.4797573,-1773.68096621,2462.46630659));
#15872=CARTESIAN_POINT('Control Point',(9401.34,-1773.17462158,2461.89906123));
#15873=CARTESIAN_POINT('Control Point',(9401.34,-1772.66828237,2461.33182195));
#15874=CARTESIAN_POINT('Control Point',(9405.993835809999,-1772.35395073,2468.49847451));
#15875=CARTESIAN_POINT('Control Point',(9405.237235860001,-1772.30350221,2468.44174396));
#15876=CARTESIAN_POINT('Control Point',(9404.49458264,-1772.16063395,2468.2810856));
#15877=CARTESIAN_POINT('Control Point',(9403.80003301,-1771.92751525,2468.01893886));
#15878=CARTESIAN_POINT('Control Point',(9402.572455399999,-1771.30271205,2467.31633505));
#15879=CARTESIAN_POINT('Control Point',(9401.75948475,-1770.42865446,2466.33343985));
#15880=CARTESIAN_POINT('Control Point',(9401.479774239999,-1769.9461418,2465.79084477));
#15881=CARTESIAN_POINT('Control Point',(9401.34,-1769.44083334,2465.22261536));
#15882=CARTESIAN_POINT('Control Point',(9401.34,-1768.93553029,2464.65439205));
#15883=CARTESIAN_POINT('Control Point',(9405.994294079999,-1768.60395392,2471.82068034));
#15884=CARTESIAN_POINT('Control Point',(9405.23764155,-1768.55365382,2471.76390221));
#15885=CARTESIAN_POINT('Control Point',(9404.49492504,-1768.41111779,2471.60300928));
#15886=CARTESIAN_POINT('Control Point',(9403.800307919999,-1768.17850889,2471.34044319));
#15887=CARTESIAN_POINT('Control Point',(9402.572601529999,-1767.5550352,2470.63667371));
#15888=CARTESIAN_POINT('Control Point',(9401.759535589999,-1766.68279283,2469.65209718));
#15889=CARTESIAN_POINT('Control Point',(9401.479791169999,-1766.20127591,2469.10856676));
#15890=CARTESIAN_POINT('Control Point',(9401.34,-1765.69700735,2468.53935457));
#15891=CARTESIAN_POINT('Control Point',(9401.34,-1765.1927442,2467.97014848));
#15892=B_SPLINE_CURVE_WITH_KNOTS('',5,(#15893,#15894,#15895,#15896,#15897,#15898),.UNSPECIFIED.,.F.,.U.,(6,6),(426.939937481,459.832366694),.UNSPECIFIED.);
#15893=CARTESIAN_POINT('Control Point',(9405.99200226,-1787.21628864,2455.17539652));
#15894=CARTESIAN_POINT('Control Point',(9405.99246168,-1783.51380958,2458.51788358));
#15895=CARTESIAN_POINT('Control Point',(9405.992920549999,-1779.80137534,2461.85367289));
#15896=CARTESIAN_POINT('Control Point',(9405.99337889,-1776.07892378,2465.18276715));
#15897=CARTESIAN_POINT('Control Point',(9405.99383673,-1772.3464478,2468.50512153));
#15898=CARTESIAN_POINT('Control Point',(9405.994294079999,-1768.60395392,2471.82068034));
#15899=EDGE_CURVE('',#14234,#12904,#15892,.T.);
#15900=EDGE_LOOP('',(#15901,#15902,#15903,#15904));
#15901=ORIENTED_EDGE('',*,*,#15899,.T.);
#15902=ORIENTED_EDGE('',*,*,#14823,.F.);
#15903=ORIENTED_EDGE('',*,*,#14539,.F.);
#15904=ORIENTED_EDGE('',*,*,#14480,.T.);
#15905=FACE_OUTER_BOUND('',#15900,.T.);
#15906=ADVANCED_FACE('PartBody',(#15905),#15837,.T.);
#15907=B_SPLINE_SURFACE_WITH_KNOTS('',5,5,((#15908,#15909,#15910,#15911,#15912,#15913),(#15914,#15915,#15916,#15917,#15918,#15919),(#15920,#15921,#15922,#15923,#15924,#15925),(#15926,#15927,#15928,#15929,#15930,#15931),(#15932,#15933,#15934,#15935,#15936,#15937),(#15938,#15939,#15940,#15941,#15942,#15943)),.UNSPECIFIED.,.F.,.F.,.U.,(6,6),(6,6),(1591.02341834,1621.13136077),(-1148.63302526,-1079.55648266),.UNSPECIFIED.);
#15908=CARTESIAN_POINT('Control Point',(9472.82987937,-1794.4084129,2457.64236474));
#15909=CARTESIAN_POINT('Control Point',(9459.09369254,-1792.94854505,2457.14092945));
#15910=CARTESIAN_POINT('Control Point',(9445.358953179999,-1791.47952516,2456.63670564));
#15911=CARTESIAN_POINT('Control Point',(9431.6256696,-1790.0013007,2456.12967726));
#15912=CARTESIAN_POINT('Control Point',(9417.893850259999,-1788.5138185,2455.61982804));
#15913=CARTESIAN_POINT('Control Point',(9404.163503669999,-1787.01702471,2455.10714151));
#15914=CARTESIAN_POINT('Control Point',(9473.339644,-1789.26054691,2462.35882178));
#15915=CARTESIAN_POINT('Control Point',(9459.603454,-1787.80069087,2461.85738194));
#15916=CARTESIAN_POINT('Control Point',(9445.86871253,-1786.33167615,2461.35315146));
#15917=CARTESIAN_POINT('Control Point',(9432.13542794,-1784.85345004,2460.84611424));
#15918=CARTESIAN_POINT('Control Point',(9418.40360869,-1783.3659592,2460.33625396));
#15919=CARTESIAN_POINT('Control Point',(9404.673263339999,-1781.86914959,2459.82355412));
#15920=CARTESIAN_POINT('Control Point',(9473.853358819999,-1784.08757916,2467.06762754));
#15921=CARTESIAN_POINT('Control Point',(9460.117168569999,-1782.62771662,2466.56617767));
#15922=CARTESIAN_POINT('Control Point',(9446.382427929999,-1781.15868852,2466.06193498));
#15923=CARTESIAN_POINT('Control Point',(9432.64914532,-1779.68044205,2465.55488325));
#15924=CARTESIAN_POINT('Control Point',(9418.91732918,-1778.19292324,2465.04500622));
#15925=CARTESIAN_POINT('Control Point',(9405.186988109999,-1776.69607851,2464.53228731));
#15926=CARTESIAN_POINT('Control Point',(9474.371059969999,-1778.88927909,2471.76871277));
#15927=CARTESIAN_POINT('Control Point',(9460.634872369999,-1777.42939171,2471.26724738));
#15928=CARTESIAN_POINT('Control Point',(9446.900135529999,-1775.96033148,2470.7629869));
#15929=CARTESIAN_POINT('Control Point',(9433.166857889999,-1774.48204521,2470.25591502));
#15930=CARTESIAN_POINT('Control Point',(9419.43504783,-1772.99448009,2469.74601555));
#15931=CARTESIAN_POINT('Control Point',(9405.70471408,-1771.49758093,2469.23327181));
#15932=CARTESIAN_POINT('Control Point',(9474.89278405,-1773.66541314,2476.46200736));
#15933=CARTESIAN_POINT('Control Point',(9461.15660201,-1772.20548254,2475.96052093));
#15934=CARTESIAN_POINT('Control Point',(9447.421871889999,-1770.73637167,2475.45623703));
#15935=CARTESIAN_POINT('Control Point',(9433.688602119999,-1769.25802745,2474.94913947));
#15936=CARTESIAN_POINT('Control Point',(9419.956801209999,-1767.77039616,2474.43921185));
#15937=CARTESIAN_POINT('Control Point',(9406.22647779,-1766.27342335,2473.92643756));
#15938=CARTESIAN_POINT('Control Point',(9475.41856808,-1768.41574501,2481.14744043));
#15939=CARTESIAN_POINT('Control Point',(9461.682394489999,-1766.95575276,2480.64592744));
#15940=CARTESIAN_POINT('Control Point',(9447.94767403,-1765.48657258,2480.14161458));
#15941=CARTESIAN_POINT('Control Point',(9434.214415119999,-1764.00815133,2479.63448566));
#15942=CARTESIAN_POINT('Control Point',(9420.4826263,-1762.52043516,2479.12452425));
#15943=CARTESIAN_POINT('Control Point',(9406.75231623,-1761.02336953,2478.61171369));
#15944=B_SPLINE_CURVE_WITH_KNOTS('',4,(#15945,#15946,#15947,#15948,#15949),.UNSPECIFIED.,.F.,.U.,(5,5),(35.3394854402,124.025949761),.UNSPECIFIED.);
#15945=CARTESIAN_POINT('Control Point',(9411.965049549999,-1764.47931388,2476.26353152));
#15946=CARTESIAN_POINT('Control Point',(9427.59020742,-1765.44933553,2477.48977222));
#15947=CARTESIAN_POINT('Control Point',(9443.333154919999,-1766.41950232,2478.71544981));
#15948=CARTESIAN_POINT('Control Point',(9458.91852415,-1767.37329036,2479.91875749));
#15949=CARTESIAN_POINT('Control Point',(9474.527918849999,-1768.32106385,2481.11491768));
#15950=CARTESIAN_POINT('Vertex',(9411.965049549999,-1764.47931388,2476.26353152));
#15951=VERTEX_POINT('',#15950);
#15952=EDGE_CURVE('',#13957,#15951,#15944,.F.);
#15953=B_SPLINE_CURVE_WITH_KNOTS('',3,(#15954,#15955,#15956,#15957),.UNSPECIFIED.,.F.,.U.,(4,4),(-0.439845563732,0.439845563732),.UNSPECIFIED.);
#15954=CARTESIAN_POINT('Control Point',(9411.965049549999,-1764.47931388,2476.26353152));
#15955=CARTESIAN_POINT('Control Point',(9411.965003179999,-1764.73621505,2476.0370203));
#15956=CARTESIAN_POINT('Control Point',(9411.964968279999,-1764.99304326,2475.81048685));
#15957=CARTESIAN_POINT('Control Point',(9411.96494485,-1765.24979858,2475.58393119));
#15958=EDGE_CURVE('',#15951,#12872,#15953,.T.);
#15959=EDGE_LOOP('',(#15960,#15961,#15962,#15963,#15964,#15965,#15966,#15967,#15968,#15969));
#15960=ORIENTED_EDGE('',*,*,#12873,.T.);
#15961=ORIENTED_EDGE('',*,*,#12911,.F.);
#15962=ORIENTED_EDGE('',*,*,#15899,.F.);
#15963=ORIENTED_EDGE('',*,*,#14235,.F.);
#15964=ORIENTED_EDGE('',*,*,#14145,.T.);
#15965=ORIENTED_EDGE('',*,*,#14093,.T.);
#15966=ORIENTED_EDGE('',*,*,#14060,.T.);
#15967=ORIENTED_EDGE('',*,*,#13990,.T.);
#15968=ORIENTED_EDGE('',*,*,#15952,.T.);
#15969=ORIENTED_EDGE('',*,*,#15958,.T.);
#15970=FACE_OUTER_BOUND('',#15959,.T.);
#15971=ADVANCED_FACE('PartBody',(#15970),#15907,.T.);
#15972=B_SPLINE_SURFACE_WITH_KNOTS('',5,5,((#15973,#15974,#15975,#15976,#15977,#15978,#15979,#15980,#15981),(#15982,#15983,#15984,#15985,#15986,#15987,#15988,#15989,#15990),(#15991,#15992,#15993,#15994,#15995,#15996,#15997,#15998,#15999),(#16000,#16001,#16002,#16003,#16004,#16005,#16006,#16007,#16008),(#16009,#16010,#16011,#16012,#16013,#16014,#16015,#16016,#16017),(#16018,#16019,#16020,#16021,#16022,#16023,#16024,#16025,#16026),(#16027,#16028,#16029,#16030,#16031,#16032,#16033,#16034,#16035),(#16036,#16037,#16038,#16039,#16040,#16041,#16042,#16043,#16044),(#16045,#16046,#16047,#16048,#16049,#16050,#16051,#16052,#16053)),.UNSPECIFIED.,.F.,.F.,.U.,(6,3,6),(6,3,6),(35.3394854401,79.7181300173,124.096774594),(0.,2.585,5.17),.UNSPECIFIED.);
#15973=CARTESIAN_POINT('Control Point',(9412.452936399999,-1757.19324503,2475.8170671));
#15974=CARTESIAN_POINT('Control Point',(9412.37212251,-1757.72732264,2476.42434153));
#15975=CARTESIAN_POINT('Control Point',(9412.292114989999,-1758.38136014,2476.92623987));
#15976=CARTESIAN_POINT('Control Point',(9412.217082649999,-1759.12799592,2477.29128599));
#15977=CARTESIAN_POINT('Control Point',(9412.08507452,-1760.72577523,2477.70825576));
#15978=CARTESIAN_POINT('Control Point',(9412.000283449999,-1762.36566032,2477.48967857));
#15979=CARTESIAN_POINT('Control Point',(9411.97250242,-1763.15443244,2477.21871679));
#15980=CARTESIAN_POINT('Control Point',(9411.960838159999,-1763.869415,2476.80070713));
#15981=CARTESIAN_POINT('Control Point',(9411.965049549999,-1764.47931388,2476.26353152));
#15982=CARTESIAN_POINT('Control Point',(9418.706915769999,-1757.58192879,2476.30740159));
#15983=CARTESIAN_POINT('Control Point',(9418.626292229999,-1758.11597276,2476.91465487));
#15984=CARTESIAN_POINT('Control Point',(9418.546471969999,-1758.769961,2477.41654809));
#15985=CARTESIAN_POINT('Control Point',(9418.471613379999,-1759.51653744,2477.78161068));
#15986=CARTESIAN_POINT('Control Point',(9418.339905789999,-1761.11419611,2478.19866053));
#15987=CARTESIAN_POINT('Control Point',(9418.255295159999,-1762.75399087,2477.98024623));
#15988=CARTESIAN_POINT('Control Point',(9418.227567689999,-1763.54273397,2477.70938393));
#15989=CARTESIAN_POINT('Control Point',(9418.215917219999,-1764.25771146,2477.29148427));
#15990=CARTESIAN_POINT('Control Point',(9418.220103989999,-1764.8676324,2476.75441951));
#15991=CARTESIAN_POINT('Control Point',(9424.976727809999,-1757.97050103,2476.79753713));
#15992=CARTESIAN_POINT('Control Point',(9424.89629465,-1758.50451122,2477.40476955));
#15993=CARTESIAN_POINT('Control Point',(9424.81666108,-1759.15845014,2477.90665788));
#15994=CARTESIAN_POINT('Control Point',(9424.741975089999,-1759.90496723,2478.27173709));
#15995=CARTESIAN_POINT('Control Point',(9424.6105647,-1761.50250528,2478.68886711));
#15996=CARTESIAN_POINT('Control Point',(9424.526129559999,-1763.14220976,2478.47061542));
#15997=CARTESIAN_POINT('Control Point',(9424.49845288,-1763.93092385,2478.19985235));
#15998=CARTESIAN_POINT('Control Point',(9424.486813269999,-1764.64589625,2477.78206237));
#15999=CARTESIAN_POINT('Control Point',(9424.4909725,-1765.25583919,2477.24510812));
#16000=CARTESIAN_POINT('Control Point',(9431.25427714,-1758.35851438,2477.28676444));
#16001=CARTESIAN_POINT('Control Point',(9431.174034079999,-1758.89249059,2477.89397684));
#16002=CARTESIAN_POINT('Control Point',(9431.09458538,-1759.54638013,2478.39586098));
#16003=CARTESIAN_POINT('Control Point',(9431.020068649999,-1760.29283795,2478.76095724));
#16004=CARTESIAN_POINT('Control Point',(9430.8889461,-1761.89025572,2479.17816771));
#16005=CARTESIAN_POINT('Control Point',(9430.80467295,-1763.52987029,2478.96007772));
#16006=CARTESIAN_POINT('Control Point',(9430.777039569999,-1764.3185555,2478.68941315));
#16007=CARTESIAN_POINT('Control Point',(9430.76540303,-1765.03352279,2478.27173188));
#16008=CARTESIAN_POINT('Control Point',(9430.769526979999,-1765.64348755,2477.73488703));
#16009=CARTESIAN_POINT('Control Point',(9443.79711745,-1759.13173438,2478.2612659));
#16010=CARTESIAN_POINT('Control Point',(9443.7172534,-1759.66564314,2478.86843728));
#16011=CARTESIAN_POINT('Control Point',(9443.638174989999,-1760.31943438,2479.37031205));
#16012=CARTESIAN_POINT('Control Point',(9443.563999119999,-1761.06577402,2479.73544155));
#16013=CARTESIAN_POINT('Control Point',(9443.43346034,-1762.66295175,2480.15281146));
#16014=CARTESIAN_POINT('Control Point',(9443.34952489,-1764.30238667,2479.93504414));
#16015=CARTESIAN_POINT('Control Point',(9443.321986109999,-1765.09101411,2479.66457639));
#16016=CARTESIAN_POINT('Control Point',(9443.310364359999,-1765.80597112,2479.24711259));
#16017=CARTESIAN_POINT('Control Point',(9443.31442669,-1766.41597941,2478.71048681));
#16018=CARTESIAN_POINT('Control Point',(9456.314461169999,-1759.89918263,2479.22794496));
#16019=CARTESIAN_POINT('Control Point',(9456.234973679999,-1760.43302469,2479.83507422));
#16020=CARTESIAN_POINT('Control Point',(9456.1562651,-1761.0867184,2480.33693847));
#16021=CARTESIAN_POINT('Control Point',(9456.0824318,-1761.83294059,2480.70210002));
#16022=CARTESIAN_POINT('Control Point',(9455.9524843,-1763.42987951,2481.11962705));
#16023=CARTESIAN_POINT('Control Point',(9455.868901239999,-1765.0691354,2480.90218043));
#16024=CARTESIAN_POINT('Control Point',(9455.841465919999,-1765.85770519,2480.63190866));
#16025=CARTESIAN_POINT('Control Point',(9455.829868880001,-1766.57265182,2480.21466172));
#16026=CARTESIAN_POINT('Control Point',(9455.83387998,-1767.18270333,2479.67825462));
#16027=CARTESIAN_POINT('Control Point',(9462.56349248,-1760.2812448,2479.70910989));
#16028=CARTESIAN_POINT('Control Point',(9462.48419257,-1760.8150538,2480.31621754));
#16029=CARTESIAN_POINT('Control Point',(9462.40566923,-1761.46869899,2480.818076));
#16030=CARTESIAN_POINT('Control Point',(9462.332008559999,-1762.21486265,2481.18325309));
#16031=CARTESIAN_POINT('Control Point',(9462.202361399999,-1763.81168245,2481.60085791));
#16032=CARTESIAN_POINT('Control Point',(9462.11896247,-1765.45084892,2481.38357126));
#16033=CARTESIAN_POINT('Control Point',(9462.09158351,-1766.23938989,2481.11339743));
#16034=CARTESIAN_POINT('Control Point',(9462.080003859999,-1766.95433132,2480.69625897));
#16035=CARTESIAN_POINT('Control Point',(9462.08399452,-1767.56440438,2480.15996137));
#16036=CARTESIAN_POINT('Control Point',(9468.80741501,-1760.66188561,2480.18850825));
#16037=CARTESIAN_POINT('Control Point',(9468.728302109999,-1761.19566171,2480.79559402));
#16038=CARTESIAN_POINT('Control Point',(9468.64996393,-1761.84925854,2481.29744641));
#16039=CARTESIAN_POINT('Control Point',(9468.5764764,-1762.59536381,2481.66263878));
#16040=CARTESIAN_POINT('Control Point',(9468.447131589999,-1764.19206475,2482.08032087));
#16041=CARTESIAN_POINT('Control Point',(9468.36392064,-1765.83114193,2481.86319381));
#16042=CARTESIAN_POINT('Control Point',(9468.33660033,-1766.61965412,2481.59311775));
#16043=CARTESIAN_POINT('Control Point',(9468.325040629999,-1767.33459031,2481.17608766));
#16044=CARTESIAN_POINT('Control Point',(9468.32901354,-1767.94468488,2480.63989952));
#16045=CARTESIAN_POINT('Control Point',(9475.05509394,-1761.041652,2480.66680889));
#16046=CARTESIAN_POINT('Control Point',(9474.97616772,-1761.57539521,2481.27387289));
#16047=CARTESIAN_POINT('Control Point',(9474.89801422,-1762.22894372,2481.77571926));
#16048=CARTESIAN_POINT('Control Point',(9474.824699159999,-1762.97499069,2482.14092689));
#16049=CARTESIAN_POINT('Control Point',(9474.69565517,-1764.57157296,2482.55868609));
#16050=CARTESIAN_POINT('Control Point',(9474.612630379999,-1766.21056101,2482.3417182));
#16051=CARTESIAN_POINT('Control Point',(9474.5853678,-1766.99904444,2482.07173965));
#16052=CARTESIAN_POINT('Control Point',(9474.573827149999,-1767.7139754,2481.65481765));
#16053=CARTESIAN_POINT('Control Point',(9474.57778147,-1768.3240914,2481.11873866));
#16054=B_SPLINE_CURVE_WITH_KNOTS('',5,(#16055,#16056,#16057,#16058,#16059,#16060,#16061,#16062,#16063,#16064,#16065,#16066),.UNSPECIFIED.,.F.,.U.,(6,3,3,6),(0.,3.30052562351,6.58512163635,10.9600594606),.UNSPECIFIED.);
#16055=CARTESIAN_POINT('Control Point',(9411.965049549999,-1764.47931388,2476.26353152));
#16056=CARTESIAN_POINT('Control Point',(9411.965075939999,-1764.11122006,2476.58807659));
#16057=CARTESIAN_POINT('Control Point',(9411.970883099999,-1763.70481045,2476.86916412));
#16058=CARTESIAN_POINT('Control Point',(9411.98203685,-1763.2811001,2477.09404927));
#16059=CARTESIAN_POINT('Control Point',(9412.01597771,-1762.36258715,2477.45105518));
#16060=CARTESIAN_POINT('Control Point',(9412.070412109999,-1761.38722751,2477.58428107));
#16061=CARTESIAN_POINT('Control Point',(9412.10200031,-1760.89904805,2477.59290308));
#16062=CARTESIAN_POINT('Control Point',(9412.18573349,-1759.76103864,2477.47802736));
#16063=CARTESIAN_POINT('Control Point',(9412.28773106,-1758.69232414,2477.05783157));
#16064=CARTESIAN_POINT('Control Point',(9412.35007898,-1758.12664486,2476.72367547));
#16065=CARTESIAN_POINT('Control Point',(9412.41468159,-1757.62235049,2476.30518714));
#16066=CARTESIAN_POINT('Control Point',(9412.47926606,-1757.1948814,2475.81913143));
#16067=EDGE_CURVE('',#15951,#13454,#16054,.T.);
#16068=EDGE_LOOP('',(#16069,#16070,#16071,#16072));
#16069=ORIENTED_EDGE('',*,*,#16067,.F.);
#16070=ORIENTED_EDGE('',*,*,#15952,.F.);
#16071=ORIENTED_EDGE('',*,*,#13958,.T.);
#16072=ORIENTED_EDGE('',*,*,#13464,.T.);
#16073=FACE_OUTER_BOUND('',#16068,.T.);
#16074=ADVANCED_FACE('PartBody',(#16073),#15972,.F.);
#16075=B_SPLINE_SURFACE_WITH_KNOTS('',5,1,((#16076,#16077),(#16078,#16079),(#16080,#16081),(#16082,#16083),(#16084,#16085),(#16086,#16087),(#16088,#16089),(#16090,#16091),(#16092,#16093),(#16094,#16095),(#16096,#16097),(#16098,#16099),(#16100,#16101),(#16102,#16103),(#16104,#16105)),.UNSPECIFIED.,.F.,.F.,.U.,(6,3,3,3,6),(2,2),(0.,2.88969517615,5.77939035229,8.66908552844,9.63231725382),(-6.50962455287E-006,2.17000000039),.UNSPECIFIED.);
#16076=CARTESIAN_POINT('Control Point',(9412.479266029999,-1757.19487651,2475.81913573));
#16077=CARTESIAN_POINT('Control Point',(9412.49024234,-1758.82506405,2474.38690099));
#16078=CARTESIAN_POINT('Control Point',(9412.43085106,-1757.51532352,2476.18350149));
#16079=CARTESIAN_POINT('Control Point',(9412.46217893,-1759.01101175,2474.59833391));
#16080=CARTESIAN_POINT('Control Point',(9412.38242591,-1757.87894296,2476.50989732));
#16081=CARTESIAN_POINT('Control Point',(9412.43398326,-1759.22200325,2474.78772411));
#16082=CARTESIAN_POINT('Control Point',(9412.334880189999,-1758.27986278,2476.7916033));
#16083=CARTESIAN_POINT('Control Point',(9412.40617065,-1759.45463115,2474.95117215));
#16084=CARTESIAN_POINT('Control Point',(9412.24337371,-1759.14093158,2477.25483357));
#16085=CARTESIAN_POINT('Control Point',(9412.35238097,-1759.95424063,2475.21991661));
#16086=CARTESIAN_POINT('Control Point',(9412.16220538,-1760.08716732,2477.50469209));
#16087=CARTESIAN_POINT('Control Point',(9412.30413368,-1760.50324156,2475.36481203));
#16088=CARTESIAN_POINT('Control Point',(9412.12500057,-1760.57328039,2477.57297575));
#16089=CARTESIAN_POINT('Control Point',(9412.281865229999,-1760.78527618,2475.40438171));
#16090=CARTESIAN_POINT('Control Point',(9412.05877645,-1761.55285993,2477.59363004));
#16091=CARTESIAN_POINT('Control Point',(9412.24189272,-1761.35360085,2475.41624566));
#16092=CARTESIAN_POINT('Control Point',(9412.011010979999,-1762.51149199,2477.38601937));
#16093=CARTESIAN_POINT('Control Point',(9412.21232305,-1761.90975117,2475.29563012));
#16094=CARTESIAN_POINT('Control Point',(9411.992268709999,-1762.97666425,2477.22598069));
#16095=CARTESIAN_POINT('Control Point',(9412.20045961,-1762.17961531,2475.202687));
#16096=CARTESIAN_POINT('Control Point',(9411.97461247,-1763.56614568,2476.94170247));
#16097=CARTESIAN_POINT('Control Point',(9412.18884033,-1762.52158834,2475.03762114));
#16098=CARTESIAN_POINT('Control Point',(9411.966977739999,-1764.10119272,2476.57150413));
#16099=CARTESIAN_POINT('Control Point',(9412.182995069999,-1762.83197216,2474.82269517));
#16100=CARTESIAN_POINT('Control Point',(9411.965700589999,-1764.23127101,2476.47376336));
#16101=CARTESIAN_POINT('Control Point',(9412.181898359999,-1762.9074306,2474.76595124));
#16102=CARTESIAN_POINT('Control Point',(9411.965057649999,-1764.35739639,2476.37103372));
#16103=CARTESIAN_POINT('Control Point',(9412.18116855,-1762.9805952,2474.70631234));
#16104=CARTESIAN_POINT('Control Point',(9411.96504891,-1764.47931816,2476.26353638));
#16105=CARTESIAN_POINT('Control Point',(9412.18080636,-1763.05132056,2474.64390684));
#16106=B_SPLINE_CURVE_WITH_KNOTS('',1,(#16107,#16108),.UNSPECIFIED.,.F.,.U.,(2,2),(4.16377060925E-011,2.17000000005),.UNSPECIFIED.);
#16107=CARTESIAN_POINT('Control Point',(9411.965049549999,-1764.47931388,2476.26353152));
#16108=CARTESIAN_POINT('Control Point',(9412.18080636,-1763.05132056,2474.64390684));
#16109=EDGE_CURVE('',#15951,#12968,#16106,.T.);
#16110=B_SPLINE_CURVE_WITH_KNOTS('',1,(#16111,#16112),.UNSPECIFIED.,.F.,.U.,(2,2),(3.89098531173E-010,2.17000000039),.UNSPECIFIED.);
#16111=CARTESIAN_POINT('Control Point',(9412.47926606,-1757.19488141,2475.81913143));
#16112=CARTESIAN_POINT('Control Point',(9412.49024234,-1758.82506405,2474.38690099));
#16113=EDGE_CURVE('',#13152,#13454,#16110,.F.);
#16114=EDGE_LOOP('',(#16115,#16116,#16117,#16118));
#16115=ORIENTED_EDGE('',*,*,#16109,.F.);
#16116=ORIENTED_EDGE('',*,*,#16067,.T.);
#16117=ORIENTED_EDGE('',*,*,#16113,.F.);
#16118=ORIENTED_EDGE('',*,*,#13171,.F.);
#16119=FACE_OUTER_BOUND('',#16114,.T.);
#16120=ADVANCED_FACE('PartBody',(#16119),#16075,.F.);
#16121=B_SPLINE_SURFACE_WITH_KNOTS('',5,1,((#16122,#16123),(#16124,#16125),(#16126,#16127),(#16128,#16129),(#16130,#16131),(#16132,#16133)),.UNSPECIFIED.,.F.,.F.,.U.,(6,6),(2,2),(0.,1.61196629029),(-2.17000000005,4.12797789528E-011),.UNSPECIFIED.);
#16122=CARTESIAN_POINT('Control Point',(9412.18080636,-1763.05132056,2474.64390684));
#16123=CARTESIAN_POINT('Control Point',(9411.965049549999,-1764.47931388,2476.26353152));
#16124=CARTESIAN_POINT('Control Point',(9412.18079328,-1763.20533005,2474.50811776));
#16125=CARTESIAN_POINT('Control Point',(9411.96502861,-1764.63344781,2476.12763167));
#16126=CARTESIAN_POINT('Control Point',(9412.180780209999,-1763.35932106,2474.37231858));
#16127=CARTESIAN_POINT('Control Point',(9411.965007679999,-1764.78756324,2475.99172171));
#16128=CARTESIAN_POINT('Control Point',(9412.18076714,-1763.51329359,2474.23650929));
#16129=CARTESIAN_POINT('Control Point',(9411.96498674,-1764.94166018,2475.85580165));
#16130=CARTESIAN_POINT('Control Point',(9412.18075406,-1763.66724765,2474.1006899));
#16131=CARTESIAN_POINT('Control Point',(9411.964965789999,-1765.09573863,2475.71987147));
#16132=CARTESIAN_POINT('Control Point',(9412.180740989999,-1763.82118323,2473.96486041));
#16133=CARTESIAN_POINT('Control Point',(9411.96494485,-1765.24979858,2475.58393119));
#16134=EDGE_LOOP('',(#16135,#16136,#16137,#16138));
#16135=ORIENTED_EDGE('',*,*,#12969,.T.);
#16136=ORIENTED_EDGE('',*,*,#12877,.T.);
#16137=ORIENTED_EDGE('',*,*,#15958,.F.);
#16138=ORIENTED_EDGE('',*,*,#16109,.T.);
#16139=FACE_OUTER_BOUND('',#16134,.T.);
#16140=ADVANCED_FACE('PartBody',(#16139),#16121,.T.);
#16141=B_SPLINE_SURFACE_WITH_KNOTS('',5,1,((#16142,#16143),(#16144,#16145),(#16146,#16147),(#16148,#16149),(#16150,#16151),(#16152,#16153)),.UNSPECIFIED.,.F.,.F.,.U.,(6,6),(2,2),(0.,2.7370852791),(-2.17000000039,1.09691099795E-014),.UNSPECIFIED.);
#16142=CARTESIAN_POINT('Control Point',(9412.49024234,-1758.82506405,2474.38690099));
#16143=CARTESIAN_POINT('Control Point',(9412.47926606,-1757.1948814,2475.81913143));
#16144=CARTESIAN_POINT('Control Point',(9412.54461606,-1758.46533697,2473.97787181));
#16145=CARTESIAN_POINT('Control Point',(9412.53364222,-1756.83515417,2475.41010211));
#16146=CARTESIAN_POINT('Control Point',(9412.59898977,-1758.10560999,2473.56884255));
#16147=CARTESIAN_POINT('Control Point',(9412.58801838,-1756.47542705,2475.0010727));
#16148=CARTESIAN_POINT('Control Point',(9412.653363489999,-1757.74588312,2473.15981319));
#16149=CARTESIAN_POINT('Control Point',(9412.64239454,-1756.11570003,2474.59204319));
#16150=CARTESIAN_POINT('Control Point',(9412.707737209999,-1757.38615635,2472.75078374));
#16151=CARTESIAN_POINT('Control Point',(9412.6967707,-1755.75597311,2474.18301359));
#16152=CARTESIAN_POINT('Control Point',(9412.762110919999,-1757.02642969,2472.34175419));
#16153=CARTESIAN_POINT('Control Point',(9412.751146859999,-1755.39624631,2473.7739839));
#16154=B_SPLINE_CURVE_WITH_KNOTS('',1,(#16155,#16156),.UNSPECIFIED.,.F.,.U.,(2,2),(-2.17,1.09691099795E-014),.UNSPECIFIED.);
#16155=CARTESIAN_POINT('Control Point',(9412.762110919999,-1757.02642969,2472.34175419));
#16156=CARTESIAN_POINT('Control Point',(9412.751146859999,-1755.39624631,2473.7739839));
#16157=EDGE_CURVE('',#13329,#13446,#16154,.T.);
#16158=EDGE_LOOP('',(#16159,#16160,#16161,#16162));
#16159=ORIENTED_EDGE('',*,*,#16113,.T.);
#16160=ORIENTED_EDGE('',*,*,#13455,.T.);
#16161=ORIENTED_EDGE('',*,*,#16157,.F.);
#16162=ORIENTED_EDGE('',*,*,#13330,.F.);
#16163=FACE_OUTER_BOUND('',#16158,.T.);
#16164=ADVANCED_FACE('PartBody',(#16163),#16141,.F.);
#16165=CARTESIAN_POINT('Axis2P3D Location',(9401.34,-1869.35969922,2243.9651109));
#16166=DIRECTION('Axis2P3D Direction',(1,0,0));
#16167=DIRECTION('Axis2P3D XDirection',(0,0.9995478444586088,0.03006836607048823));
#16168=AXIS2_PLACEMENT_3D('Cylinder Axis2P3D',#16165,#16166,#16167);
#16169=CYLINDRICAL_SURFACE('generated cylinder',#16168,10.);
#16170=CARTESIAN_POINT('Line Origine',(9402.424999999999,-1876.57473158,2250.88922154));
#16171=DIRECTION('Vector Direction',(1,0,0));
#16172=VECTOR('Line Direction',#16171,1.);
#16173=LINE('Line',#16170,#16172);
#16174=EDGE_CURVE('',#14583,#15283,#16173,.T.);
#16175=EDGE_LOOP('',(#16176,#16177,#16178,#16179));
#16176=ORIENTED_EDGE('',*,*,#15778,.F.);
#16177=ORIENTED_EDGE('',*,*,#14591,.T.);
#16178=ORIENTED_EDGE('',*,*,#16174,.T.);
#16179=ORIENTED_EDGE('',*,*,#15284,.F.);
#16180=FACE_OUTER_BOUND('',#16175,.T.);
#16181=ADVANCED_FACE('PartBody',(#16180),#16169,.F.);
#16182=B_SPLINE_CURVE_WITH_KNOTS('',5,(#16183,#16184,#16185,#16186,#16187,#16188),.UNSPECIFIED.,.F.,.U.,(6,6),(521.707640465,899.051013845),.UNSPECIFIED.);
#16183=CARTESIAN_POINT('Control Point',(9401.34,-1742.04387531,2381.28835106));
#16184=CARTESIAN_POINT('Control Point',(9401.34,-1769.88128853,2356.19334826));
#16185=CARTESIAN_POINT('Control Point',(9401.34,-1797.26502361,2330.59477039));
#16186=CARTESIAN_POINT('Control Point',(9401.34,-1824.18298636,2304.50348583));
#16187=CARTESIAN_POINT('Control Point',(9401.34,-1850.62341201,2277.93090533));
#16188=CARTESIAN_POINT('Control Point',(9401.34,-1876.57473158,2250.88922154));
#16189=DIRECTION('Vector Direction',(1,0,0));
#16190=VECTOR('Extrusion Surface Vector',#16189,1.);
#16191=SURFACE_OF_LINEAR_EXTRUSION('generated tabulated cylinder',#16182,#16190);
#16192=EDGE_LOOP('',(#16193,#16194,#16195,#16196));
#16193=ORIENTED_EDGE('',*,*,#16174,.F.);
#16194=ORIENTED_EDGE('',*,*,#14584,.T.);
#16195=ORIENTED_EDGE('',*,*,#14657,.T.);
#16196=ORIENTED_EDGE('',*,*,#15290,.F.);
#16197=FACE_OUTER_BOUND('',#16192,.T.);
#16198=ADVANCED_FACE('PartBody',(#16197),#16191,.F.);
#16199=B_SPLINE_SURFACE_WITH_KNOTS('',5,1,((#16200,#16201),(#16202,#16203),(#16204,#16205),(#16206,#16207),(#16208,#16209),(#16210,#16211)),.UNSPECIFIED.,.F.,.F.,.U.,(6,6),(2,2),(0.,0.524780601471),(-2.17,8.881784197E-014),.UNSPECIFIED.);
#16200=CARTESIAN_POINT('Control Point',(9412.78677488,-1756.6820017,2471.94991033));
#16201=CARTESIAN_POINT('Control Point',(9412.775812959999,-1755.05181825,2473.38213997));
#16202=CARTESIAN_POINT('Control Point',(9412.787300989999,-1756.75130408,2472.02879528));
#16203=CARTESIAN_POINT('Control Point',(9412.776338669999,-1755.12112063,2473.46102491));
#16204=CARTESIAN_POINT('Control Point',(9412.78506932,-1756.82044361,2472.10747376));
#16205=CARTESIAN_POINT('Control Point',(9412.774106589999,-1755.19026016,2473.5397034));
#16206=CARTESIAN_POINT('Control Point',(9412.78009482,-1756.88951259,2472.18605095));
#16207=CARTESIAN_POINT('Control Point',(9412.769131659999,-1755.25932916,2473.61828061));
#16208=CARTESIAN_POINT('Control Point',(9412.77243289,-1756.95814154,2472.26410671));
#16209=CARTESIAN_POINT('Control Point',(9412.76146928,-1755.32795813,2473.69633639));
#16210=CARTESIAN_POINT('Control Point',(9412.762110919999,-1757.02642969,2472.34175419));
#16211=CARTESIAN_POINT('Control Point',(9412.751146859999,-1755.39624631,2473.7739839));
#16212=B_SPLINE_CURVE_WITH_KNOTS('',1,(#16213,#16214),.UNSPECIFIED.,.F.,.U.,(2,2),(-2.17,8.881784197E-014),.UNSPECIFIED.);
#16213=CARTESIAN_POINT('Control Point',(9412.78677488,-1756.6820017,2471.94991033));
#16214=CARTESIAN_POINT('Control Point',(9412.775812959999,-1755.05181825,2473.38213997));
#16215=EDGE_CURVE('',#13224,#13444,#16212,.T.);
#16216=EDGE_LOOP('',(#16217,#16218,#16219,#16220));
#16217=ORIENTED_EDGE('',*,*,#13336,.T.);
#16218=ORIENTED_EDGE('',*,*,#16157,.T.);
#16219=ORIENTED_EDGE('',*,*,#13447,.F.);
#16220=ORIENTED_EDGE('',*,*,#16215,.F.);
#16221=FACE_OUTER_BOUND('',#16216,.T.);
#16222=ADVANCED_FACE('PartBody',(#16221),#16199,.T.);
#16223=B_SPLINE_SURFACE_WITH_KNOTS('',5,1,((#16224,#16225),(#16226,#16227),(#16228,#16229),(#16230,#16231),(#16232,#16233),(#16234,#16235)),.UNSPECIFIED.,.F.,.F.,.U.,(6,6),(2,2),(0.,20.0486807727),(-5.27795233578E-013,2.17),.UNSPECIFIED.);
#16224=CARTESIAN_POINT('Control Point',(9401.34,-1687.55383415,2388.67558551));
#16225=CARTESIAN_POINT('Control Point',(9403.51,-1687.55383415,2388.67558551));
#16226=CARTESIAN_POINT('Control Point',(9401.34,-1689.06895005,2387.36085294));
#16227=CARTESIAN_POINT('Control Point',(9403.51,-1689.06895005,2387.36085294));
#16228=CARTESIAN_POINT('Control Point',(9401.34,-1690.58280107,2386.04466309));
#16229=CARTESIAN_POINT('Control Point',(9403.51,-1690.58280107,2386.04466309));
#16230=CARTESIAN_POINT('Control Point',(9401.34,-1692.09538532,2384.72701762));
#16231=CARTESIAN_POINT('Control Point',(9403.51,-1692.09538532,2384.72701762));
#16232=CARTESIAN_POINT('Control Point',(9401.34,-1693.60670089,2383.40791819));
#16233=CARTESIAN_POINT('Control Point',(9403.51,-1693.60670089,2383.40791819));
#16234=CARTESIAN_POINT('Control Point',(9401.34,-1695.1167459,2382.08736647));
#16235=CARTESIAN_POINT('Control Point',(9403.51,-1695.1167459,2382.08736647));
#16236=B_SPLINE_CURVE_WITH_KNOTS('',1,(#16237,#16238),.UNSPECIFIED.,.F.,.U.,(2,2),(-1.74653789965E-014,2.17),.UNSPECIFIED.);
#16237=CARTESIAN_POINT('Control Point',(9401.34,-1695.1167459,2382.08736647));
#16238=CARTESIAN_POINT('Control Point',(9403.51,-1695.1167459,2382.08736647));
#16239=CARTESIAN_POINT('Vertex',(9401.34,-1695.1167459,2382.08736647));
#16240=VERTEX_POINT('',#16239);
#16241=CARTESIAN_POINT('Vertex',(9403.51,-1695.1167459,2382.08736647));
#16242=VERTEX_POINT('',#16241);
#16243=EDGE_CURVE('',#16240,#16242,#16236,.T.);
#16244=B_SPLINE_CURVE_WITH_KNOTS('',3,(#16245,#16246,#16247,#16248),.UNSPECIFIED.,.F.,.U.,(4,4),(0.,22.4176683401),.UNSPECIFIED.);
#16245=CARTESIAN_POINT('Control Point',(9401.34,-1695.1167459,2382.08736647));
#16246=CARTESIAN_POINT('Control Point',(9401.34,-1692.60000439,2384.28828586));
#16247=CARTESIAN_POINT('Control Point',(9401.34,-1690.07902691,2386.48436491));
#16248=CARTESIAN_POINT('Control Point',(9401.34,-1687.55383424,2388.67558544));
#16249=EDGE_CURVE('',#16240,#13689,#16244,.T.);
#16250=B_SPLINE_CURVE_WITH_KNOTS('',3,(#16251,#16252,#16253,#16254),.UNSPECIFIED.,.F.,.U.,(4,4),(0.,22.417668588),.UNSPECIFIED.);
#16251=CARTESIAN_POINT('Control Point',(9403.51,-1695.1167459,2382.08736647));
#16252=CARTESIAN_POINT('Control Point',(9403.51,-1692.60000436,2384.28828589));
#16253=CARTESIAN_POINT('Control Point',(9403.51,-1690.07902686,2386.48436496));
#16254=CARTESIAN_POINT('Control Point',(9403.51,-1687.55383415,2388.67558551));
#16255=EDGE_CURVE('',#16242,#13741,#16250,.T.);
#16256=EDGE_LOOP('',(#16257,#16258,#16259,#16260));
#16257=ORIENTED_EDGE('',*,*,#16243,.F.);
#16258=ORIENTED_EDGE('',*,*,#16249,.T.);
#16259=ORIENTED_EDGE('',*,*,#13742,.T.);
#16260=ORIENTED_EDGE('',*,*,#16255,.F.);
#16261=FACE_OUTER_BOUND('',#16256,.T.);
#16262=ADVANCED_FACE('PartBody',(#16261),#16223,.F.);
#16263=CARTESIAN_POINT('Axis2P3D Location',(9401.34,-1703.67459799,2391.87323217));
#16264=DIRECTION('Axis2P3D Direction',(1,0,0));
#16265=DIRECTION('Axis2P3D XDirection',(0,0.06564472956001777,0.9978430585422701));
#16266=AXIS2_PLACEMENT_3D('Cylinder Axis2P3D',#16263,#16264,#16265);
#16267=CYLINDRICAL_SURFACE('generated cylinder',#16266,13.);
#16268=CARTESIAN_POINT('Line Origine',(9402.424999999999,-1713.44070439,2383.2928379));
#16269=DIRECTION('Vector Direction',(1,0,0));
#16270=VECTOR('Line Direction',#16269,1.);
#16271=LINE('Line',#16268,#16270);
#16272=CARTESIAN_POINT('Vertex',(9401.34,-1713.44070439,2383.2928379));
#16273=VERTEX_POINT('',#16272);
#16274=CARTESIAN_POINT('Vertex',(9403.51,-1713.44070439,2383.2928379));
#16275=VERTEX_POINT('',#16274);
#16276=EDGE_CURVE('',#16273,#16275,#16271,.T.);
#16277=CARTESIAN_POINT('Axis2P3D Location',(9401.34,-1703.67459799,2391.87323217));
#16278=DIRECTION('Axis2P3D Direction',(1,0,0));
#16279=AXIS2_PLACEMENT_3D('Circle Axis2P3D',#16277,#16278,$);
#16280=CIRCLE('generated circle',#16279,13.);
#16281=EDGE_CURVE('',#16273,#16240,#16280,.T.);
#16282=CARTESIAN_POINT('Axis2P3D Location',(9403.51,-1703.67459799,2391.87323217));
#16283=DIRECTION('Axis2P3D Direction',(1,0,0));
#16284=AXIS2_PLACEMENT_3D('Circle Axis2P3D',#16282,#16283,$);
#16285=CIRCLE('generated circle',#16284,13.);
#16286=EDGE_CURVE('',#16275,#16242,#16285,.T.);
#16287=EDGE_LOOP('',(#16288,#16289,#16290,#16291));
#16288=ORIENTED_EDGE('',*,*,#16276,.F.);
#16289=ORIENTED_EDGE('',*,*,#16281,.T.);
#16290=ORIENTED_EDGE('',*,*,#16243,.T.);
#16291=ORIENTED_EDGE('',*,*,#16286,.F.);
#16292=FACE_OUTER_BOUND('',#16287,.T.);
#16293=ADVANCED_FACE('PartBody',(#16292),#16267,.T.);
#16294=CARTESIAN_POINT('Axis2P3D Location',(9401.34,-1723.03852295,2394.21696496));
#16295=DIRECTION('Axis2P3D Direction',(0,-0.7512389538319841,-0.6600303282769862));
#16296=DIRECTION('Axis2P3D XDirection',(1,0,0));
#16297=AXIS2_PLACEMENT_3D('Plane Axis2P3D',#16294,#16295,#16296);
#16298=PLANE('',#16297);
#16299=CARTESIAN_POINT('Line Origine',(9402.424999999999,-1732.63634151,2405.14109203));
#16300=DIRECTION('Vector Direction',(1,0,0));
#16301=VECTOR('Line Direction',#16300,1.);
#16302=LINE('Line',#16299,#16301);
#16303=CARTESIAN_POINT('Vertex',(9401.34,-1732.63634151,2405.14109203));
#16304=VERTEX_POINT('',#16303);
#16305=CARTESIAN_POINT('Vertex',(9403.51,-1732.63634151,2405.14109203));
#16306=VERTEX_POINT('',#16305);
#16307=EDGE_CURVE('',#16304,#16306,#16302,.T.);
#16308=CARTESIAN_POINT('Line Origine',(9401.34,-1723.03852295,2394.21696496));
#16309=DIRECTION('Vector Direction',(0,0.6600303282769862,-0.7512389538319841));
#16310=VECTOR('Line Direction',#16309,1.);
#16311=LINE('Line',#16308,#16310);
#16312=EDGE_CURVE('',#16304,#16273,#16311,.T.);
#16313=CARTESIAN_POINT('Line Origine',(9403.51,-1723.03852295,2394.21696496));
#16314=DIRECTION('Vector Direction',(0,0.6600303282769862,-0.7512389538319841));
#16315=VECTOR('Line Direction',#16314,1.);
#16316=LINE('Line',#16313,#16315);
#16317=EDGE_CURVE('',#16306,#16275,#16316,.T.);
#16318=EDGE_LOOP('',(#16319,#16320,#16321,#16322));
#16319=ORIENTED_EDGE('',*,*,#16307,.F.);
#16320=ORIENTED_EDGE('',*,*,#16312,.T.);
#16321=ORIENTED_EDGE('',*,*,#16276,.T.);
#16322=ORIENTED_EDGE('',*,*,#16317,.F.);
#16323=FACE_OUTER_BOUND('',#16318,.T.);
#16324=ADVANCED_FACE('PartBody',(#16323),#16298,.T.);
#16325=B_SPLINE_CURVE_WITH_KNOTS('',5,(#16326,#16327,#16328,#16329,#16330,#16331),.UNSPECIFIED.,.F.,.U.,(6,6),(29.777944842,50.2118732018),.UNSPECIFIED.);
#16326=CARTESIAN_POINT('Control Point',(9403.51,-1731.4404258,2423.49654801));
#16327=CARTESIAN_POINT('Control Point',(9403.51,-1734.51339366,2420.80235321));
#16328=CARTESIAN_POINT('Control Point',(9403.51,-1736.53358215,2416.90156414));
#16329=CARTESIAN_POINT('Control Point',(9403.51,-1736.83070507,2412.34118705));
#16330=CARTESIAN_POINT('Control Point',(9403.51,-1735.333744,2408.21124462));
#16331=CARTESIAN_POINT('Control Point',(9403.51,-1732.63634151,2405.14109203));
#16332=CARTESIAN_POINT('Vertex',(9403.51,-1731.4404258,2423.49654801));
#16333=VERTEX_POINT('',#16332);
#16334=EDGE_CURVE('',#16333,#16306,#16325,.T.);
#16335=B_SPLINE_CURVE_WITH_KNOTS('',1,(#16336,#16337),.UNSPECIFIED.,.F.,.U.,(2,2),(2.82805390404,57.9239029265),.UNSPECIFIED.);
#16336=CARTESIAN_POINT('Control Point',(9403.51,-1723.91876622,2430.06573282));
#16337=CARTESIAN_POINT('Control Point',(9403.51,-1687.55383456,2388.67558514));
#16338=EDGE_CURVE('',#13630,#13741,#16335,.T.);
#16339=B_SPLINE_CURVE_WITH_KNOTS('',3,(#16340,#16341,#16342,#16343),.UNSPECIFIED.,.F.,.U.,(4,4),(0.,22.32198148),.UNSPECIFIED.);
#16340=CARTESIAN_POINT('Control Point',(9403.51,-1723.91876537,2430.06573356));
#16341=CARTESIAN_POINT('Control Point',(9403.51,-1726.43016324,2427.8807947));
#16342=CARTESIAN_POINT('Control Point',(9403.51,-1728.93739009,2425.69106033));
#16343=CARTESIAN_POINT('Control Point',(9403.51,-1731.4404258,2423.49654801));
#16344=EDGE_CURVE('',#13630,#16333,#16339,.T.);
#16345=EDGE_LOOP('',(#16346,#16347,#16348,#16349,#16350,#16351));
#16346=ORIENTED_EDGE('',*,*,#16334,.T.);
#16347=ORIENTED_EDGE('',*,*,#16317,.T.);
#16348=ORIENTED_EDGE('',*,*,#16286,.T.);
#16349=ORIENTED_EDGE('',*,*,#16255,.T.);
#16350=ORIENTED_EDGE('',*,*,#16338,.F.);
#16351=ORIENTED_EDGE('',*,*,#16344,.T.);
#16352=FACE_OUTER_BOUND('',#16345,.T.);
#16353=ADVANCED_FACE('PartBody',(#16352),#15235,.T.);
#16354=CARTESIAN_POINT('Axis2P3D Location',(9401.34,-1722.87023511,2413.7214863));
#16355=DIRECTION('Axis2P3D Direction',(1,0,0));
#16356=DIRECTION('Axis2P3D XDirection',(0,0.9978842672295332,-0.06501529985916958));
#16357=AXIS2_PLACEMENT_3D('Cylinder Axis2P3D',#16354,#16355,#16356);
#16358=CYLINDRICAL_SURFACE('generated cylinder',#16357,13.);
#16359=CARTESIAN_POINT('Line Origine',(9402.424999999999,-1731.4404258,2423.49654801));
#16360=DIRECTION('Vector Direction',(1,0,0));
#16361=VECTOR('Line Direction',#16360,1.);
#16362=LINE('Line',#16359,#16361);
#16363=CARTESIAN_POINT('Vertex',(9401.34,-1731.4404258,2423.49654801));
#16364=VERTEX_POINT('',#16363);
#16365=EDGE_CURVE('',#16364,#16333,#16362,.T.);
#16366=CARTESIAN_POINT('Axis2P3D Location',(9401.34,-1722.87023511,2413.7214863));
#16367=DIRECTION('Axis2P3D Direction',(1,0,0));
#16368=AXIS2_PLACEMENT_3D('Circle Axis2P3D',#16366,#16367,$);
#16369=CIRCLE('generated circle',#16368,13.);
#16370=EDGE_CURVE('',#16364,#16304,#16369,.T.);
#16371=EDGE_LOOP('',(#16372,#16373,#16374,#16375));
#16372=ORIENTED_EDGE('',*,*,#16365,.F.);
#16373=ORIENTED_EDGE('',*,*,#16370,.T.);
#16374=ORIENTED_EDGE('',*,*,#16307,.T.);
#16375=ORIENTED_EDGE('',*,*,#16334,.F.);
#16376=FACE_OUTER_BOUND('',#16371,.T.);
#16377=ADVANCED_FACE('PartBody',(#16376),#16358,.T.);
#16378=B_SPLINE_CURVE_WITH_KNOTS('',5,(#16379,#16380,#16381,#16382,#16383,#16384),.UNSPECIFIED.,.F.,.U.,(6,6),(0.,22.3219809792),.UNSPECIFIED.);
#16379=CARTESIAN_POINT('Control Point',(9401.34,-1723.91876554,2430.06573341));
#16380=CARTESIAN_POINT('Control Point',(9401.34,-1725.42560423,2428.75477012));
#16381=CARTESIAN_POINT('Control Point',(9401.34,-1726.93119133,2427.44236843));
#16382=CARTESIAN_POINT('Control Point',(9401.34,-1728.43552595,2426.12852911));
#16383=CARTESIAN_POINT('Control Point',(9401.34,-1729.9386044,2424.81325538));
#16384=CARTESIAN_POINT('Control Point',(9401.34,-1731.4404258,2423.49654801));
#16385=EDGE_CURVE('',#13640,#16364,#16378,.T.);
#16386=EDGE_LOOP('',(#16387,#16388,#16389,#16390,#16391,#16392));
#16387=ORIENTED_EDGE('',*,*,#16385,.F.);
#16388=ORIENTED_EDGE('',*,*,#13698,.F.);
#16389=ORIENTED_EDGE('',*,*,#16249,.F.);
#16390=ORIENTED_EDGE('',*,*,#16281,.F.);
#16391=ORIENTED_EDGE('',*,*,#16312,.F.);
#16392=ORIENTED_EDGE('',*,*,#16370,.F.);
#16393=FACE_OUTER_BOUND('',#16386,.T.);
#16394=ADVANCED_FACE('PartBody',(#16393),#14516,.F.);
#16395=B_SPLINE_SURFACE_WITH_KNOTS('',5,1,((#16396,#16397),(#16398,#16399),(#16400,#16401),(#16402,#16403),(#16404,#16405),(#16406,#16407)),.UNSPECIFIED.,.F.,.F.,.U.,(6,6),(2,2),(0.,48.1454434804),(-2.17,8.881784197E-014),.UNSPECIFIED.);
#16396=CARTESIAN_POINT('Control Point',(9412.78677488,-1756.6820017,2471.94991033));
#16397=CARTESIAN_POINT('Control Point',(9412.775812959999,-1755.05181825,2473.38213997));
#16398=CARTESIAN_POINT('Control Point',(9412.73853001,-1750.32685319,2464.71602373));
#16399=CARTESIAN_POINT('Control Point',(9412.7276043,-1748.6966697,2466.14825361));
#16400=CARTESIAN_POINT('Control Point',(9412.6902851,-1743.97170328,2457.48213836));
#16401=CARTESIAN_POINT('Control Point',(9412.67939562,-1742.34151976,2458.91436847));
#16402=CARTESIAN_POINT('Control Point',(9412.642040139999,-1737.61655198,2450.2482542));
#16403=CARTESIAN_POINT('Control Point',(9412.63118694,-1735.98636842,2451.68048455));
#16404=CARTESIAN_POINT('Control Point',(9412.593795139999,-1731.26139929,2443.01437128));
#16405=CARTESIAN_POINT('Control Point',(9412.58297825,-1729.63121569,2444.44660186));
#16406=CARTESIAN_POINT('Control Point',(9412.5455501,-1724.90624519,2435.78048958));
#16407=CARTESIAN_POINT('Control Point',(9412.53476955,-1723.27606156,2437.21272039));
#16408=EDGE_LOOP('',(#16409,#16410,#16411,#16412));
#16409=ORIENTED_EDGE('',*,*,#13225,.T.);
#16410=ORIENTED_EDGE('',*,*,#16215,.T.);
#16411=ORIENTED_EDGE('',*,*,#13551,.F.);
#16412=ORIENTED_EDGE('',*,*,#13388,.F.);
#16413=FACE_OUTER_BOUND('',#16408,.T.);
#16414=ADVANCED_FACE('PartBody',(#16413),#16395,.F.);
#16415=B_SPLINE_SURFACE_WITH_KNOTS('',2,5,((#16416,#16417,#16418,#16419,#16420,#16421,#16422,#16423,#16424),(#16425,#16426,#16427,#16428,#16429,#16430,#16431,#16432,#16433),(#16434,#16435,#16436,#16437,#16438,#16439,#16440,#16441,#16442)),.UNSPECIFIED.,.F.,.F.,.U.,(3,3),(6,3,6),(119.042610938,197.012634664),(0.,2.585,5.17),.UNSPECIFIED.);
#16416=CARTESIAN_POINT('Control Point',(9403.51,-1723.91876454,2430.0657343));
#16417=CARTESIAN_POINT('Control Point',(9403.51,-1723.56587333,2430.37578066));
#16418=CARTESIAN_POINT('Control Point',(9403.60192168,-1723.21297664,2430.68583184));
#16419=CARTESIAN_POINT('Control Point',(9403.78590149,-1722.87812893,2430.98002537));
#16420=CARTESIAN_POINT('Control Point',(9404.318246679999,-1722.28040951,2431.50517513));
#16421=CARTESIAN_POINT('Control Point',(9405.111231909999,-1721.87752083,2431.85914872));
#16422=CARTESIAN_POINT('Control Point',(9405.556037909999,-1721.73764301,2431.98204384));
#16423=CARTESIAN_POINT('Control Point',(9406.025327469999,-1721.66683215,2432.04425749));
#16424=CARTESIAN_POINT('Control Point',(9406.495067259999,-1721.6650756,2432.04580077));
#16425=CARTESIAN_POINT('Control Point',(9403.51,-1705.72417481,2409.3568611));
#16426=CARTESIAN_POINT('Control Point',(9403.51,-1705.37127265,2409.66691706));
#16427=CARTESIAN_POINT('Control Point',(9403.601927379999,-1705.01836502,2409.97697784));
#16428=CARTESIAN_POINT('Control Point',(9403.785918609999,-1704.68350804,2410.27117951));
#16429=CARTESIAN_POINT('Control Point',(9404.31829558,-1704.08577677,2410.79633965));
#16430=CARTESIAN_POINT('Control Point',(9405.11132244,-1703.68289307,2411.15030886));
#16431=CARTESIAN_POINT('Control Point',(9405.55614975,-1703.54302285,2411.2731973));
#16432=CARTESIAN_POINT('Control Point',(9406.025458419999,-1703.47222476,2411.33539973));
#16433=CARTESIAN_POINT('Control Point',(9406.49521289,-1703.47048529,2411.336928));
#16434=CARTESIAN_POINT('Control Point',(9403.51,-1687.52958661,2388.64798808));
#16435=CARTESIAN_POINT('Control Point',(9403.51,-1687.17667347,2388.95805368));
#16436=CARTESIAN_POINT('Control Point',(9403.601933099999,-1686.82375484,2389.26812411));
#16437=CARTESIAN_POINT('Control Point',(9403.785935800001,-1686.48888857,2389.56233394));
#16438=CARTESIAN_POINT('Control Point',(9404.31834467,-1685.8911454,2390.08750452));
#16439=CARTESIAN_POINT('Control Point',(9405.111413339999,-1685.4882667,2390.44146931));
#16440=CARTESIAN_POINT('Control Point',(9405.55626205,-1685.3484041,2390.56435105));
#16441=CARTESIAN_POINT('Control Point',(9406.0255899,-1685.27761885,2390.6265422));
#16442=CARTESIAN_POINT('Control Point',(9406.49535911,-1685.27589653,2390.62805541));
#16443=EDGE_LOOP('',(#16444,#16445,#16446,#16447));
#16444=ORIENTED_EDGE('',*,*,#13256,.F.);
#16445=ORIENTED_EDGE('',*,*,#13631,.F.);
#16446=ORIENTED_EDGE('',*,*,#16338,.T.);
#16447=ORIENTED_EDGE('',*,*,#13754,.T.);
#16448=FACE_OUTER_BOUND('',#16443,.T.);
#16449=ADVANCED_FACE('PartBody',(#16448),#16415,.T.);
#16450=B_SPLINE_SURFACE_WITH_KNOTS('',5,1,((#16451,#16452),(#16453,#16454),(#16455,#16456),(#16457,#16458),(#16459,#16460),(#16461,#16462)),.UNSPECIFIED.,.F.,.F.,.U.,(6,6),(2,2),(0.,19.9634987645),(-1.74653789965E-014,2.17),.UNSPECIFIED.);
#16451=CARTESIAN_POINT('Control Point',(9401.34,-1723.91876537,2430.06573356));
#16452=CARTESIAN_POINT('Control Point',(9403.51,-1723.91876537,2430.06573356));
#16453=CARTESIAN_POINT('Control Point',(9401.34,-1725.42560432,2428.75477004));
#16454=CARTESIAN_POINT('Control Point',(9403.51,-1725.42560432,2428.75477004));
#16455=CARTESIAN_POINT('Control Point',(9401.34,-1726.93119166,2427.44236814));
#16456=CARTESIAN_POINT('Control Point',(9403.51,-1726.93119166,2427.44236814));
#16457=CARTESIAN_POINT('Control Point',(9401.34,-1728.43552558,2426.12852944));
#16458=CARTESIAN_POINT('Control Point',(9403.51,-1728.43552558,2426.12852944));
#16459=CARTESIAN_POINT('Control Point',(9401.34,-1729.93860423,2424.81325553));
#16460=CARTESIAN_POINT('Control Point',(9403.51,-1729.93860423,2424.81325553));
#16461=CARTESIAN_POINT('Control Point',(9401.34,-1731.4404258,2423.49654801));
#16462=CARTESIAN_POINT('Control Point',(9403.51,-1731.4404258,2423.49654801));
#16463=EDGE_LOOP('',(#16464,#16465,#16466,#16467));
#16464=ORIENTED_EDGE('',*,*,#13645,.F.);
#16465=ORIENTED_EDGE('',*,*,#16385,.T.);
#16466=ORIENTED_EDGE('',*,*,#16365,.T.);
#16467=ORIENTED_EDGE('',*,*,#16344,.F.);
#16468=FACE_OUTER_BOUND('',#16463,.T.);
#16469=ADVANCED_FACE('PartBody',(#16468),#16450,.T.);
#16470=B_SPLINE_SURFACE_WITH_KNOTS('',5,5,((#16471,#16472,#16473,#16474,#16475,#16476),(#16477,#16478,#16479,#16480,#16481,#16482),(#16483,#16484,#16485,#16486,#16487,#16488),(#16489,#16490,#16491,#16492,#16493,#16494),(#16495,#16496,#16497,#16498,#16499,#16500),(#16501,#16502,#16503,#16504,#16505,#16506)),.UNSPECIFIED.,.F.,.F.,.U.,(6,6),(6,6),(1373.1099397,1400.71492428),(-1167.80554564,-1096.12014829),.UNSPECIFIED.);
#16471=CARTESIAN_POINT('Control Point',(9475.40949731,-1970.22679319,2283.72664425));
#16472=CARTESIAN_POINT('Control Point',(9461.154702469999,-1968.71188438,2283.2066648));
#16473=CARTESIAN_POINT('Control Point',(9446.9014407,-1967.18726115,2282.68372918));
#16474=CARTESIAN_POINT('Control Point',(9432.64971802,-1965.65288824,2282.15782617));
#16475=CARTESIAN_POINT('Control Point',(9418.399540959999,-1964.10872696,2281.62894355));
#16476=CARTESIAN_POINT('Control Point',(9404.15091652,-1962.55473552,2281.09706822));
#16477=CARTESIAN_POINT('Control Point',(9475.781734209999,-1966.11147714,2288.23498458));
#16478=CARTESIAN_POINT('Control Point',(9461.52685765,-1964.59707612,2287.71514966));
#16479=CARTESIAN_POINT('Control Point',(9447.273514349999,-1963.07296023,2287.19235845));
#16480=CARTESIAN_POINT('Control Point',(9433.02171044,-1961.53909353,2286.6665995));
#16481=CARTESIAN_POINT('Control Point',(9418.771452519999,-1959.99543673,2286.13786043));
#16482=CARTESIAN_POINT('Control Point',(9404.52274765,-1958.44194752,2285.60612797));
#16483=CARTESIAN_POINT('Control Point',(9476.15670752,-1961.97878548,2292.73801898));
#16484=CARTESIAN_POINT('Control Point',(9461.901751559999,-1960.46487733,2292.21832405));
#16485=CARTESIAN_POINT('Control Point',(9447.648329019999,-1958.94125375,2291.69567277));
#16486=CARTESIAN_POINT('Control Point',(9433.39644617,-1957.40787844,2291.17005332));
#16487=CARTESIAN_POINT('Control Point',(9419.14610973,-1955.86471137,2290.64145326));
#16488=CARTESIAN_POINT('Control Point',(9404.897326759999,-1954.31170954,2290.10985912));
#16489=CARTESIAN_POINT('Control Point',(9476.534437799999,-1957.8285877,2297.23570754));
#16490=CARTESIAN_POINT('Control Point',(9462.27940476,-1956.31515737,2296.71614804));
#16491=CARTESIAN_POINT('Control Point',(9448.025905369999,-1954.79201138,2296.19363202));
#16492=CARTESIAN_POINT('Control Point',(9433.77394596,-1953.25911216,2295.66814759));
#16493=CARTESIAN_POINT('Control Point',(9419.52353325,-1951.71641976,2295.13968196));
#16494=CARTESIAN_POINT('Control Point',(9405.274674529999,-1950.16389026,2294.60822155));
#16495=CARTESIAN_POINT('Control Point',(9476.91494617,-1953.66074945,2301.72800923));
#16496=CARTESIAN_POINT('Control Point',(9462.65983843,-1952.14778178,2301.20858057));
#16497=CARTESIAN_POINT('Control Point',(9448.406264519999,-1950.62509804,2300.68619525));
#16498=CARTESIAN_POINT('Control Point',(9434.15423086,-1949.09266016,2300.16084118));
#16499=CARTESIAN_POINT('Control Point',(9419.90374433,-1947.550427,2299.63250538));
#16500=CARTESIAN_POINT('Control Point',(9405.65481222,-1945.99835461,2299.10117407));
#16501=CARTESIAN_POINT('Control Point',(9477.29825433,-1949.47513276,2306.21488202));
#16502=CARTESIAN_POINT('Control Point',(9463.043074249999,-1947.96261251,2305.69557959));
#16503=CARTESIAN_POINT('Control Point',(9448.789428209999,-1946.44037576,2305.17332036));
#16504=CARTESIAN_POINT('Control Point',(9434.53732272,-1944.90838374,2304.64809201));
#16505=CARTESIAN_POINT('Control Point',(9420.28676474,-1943.36659466,2304.11988136));
#16506=CARTESIAN_POINT('Control Point',(9406.037761649999,-1941.814964,2303.58867447));
#16507=B_SPLINE_CURVE_WITH_KNOTS('',3,(#16508,#16509,#16510,#16511),.UNSPECIFIED.,.F.,.U.,(4,4),(2.4507790836,31.8479795437),.UNSPECIFIED.);
#16508=CARTESIAN_POINT('Control Point',(9475.592434189999,-1967.89438988,2286.27441516));
#16509=CARTESIAN_POINT('Control Point',(9475.59340586,-1965.14805305,2289.23824189));
#16510=CARTESIAN_POINT('Control Point',(9475.594375279999,-1962.39303618,2292.19864035));
#16511=CARTESIAN_POINT('Control Point',(9475.59534247,-1959.62925586,2295.1555985));
#16512=CARTESIAN_POINT('Vertex',(9475.592434189999,-1967.89438988,2286.27441516));
#16513=VERTEX_POINT('',#16512);
#16514=EDGE_CURVE('',#16513,#15531,#16507,.T.);
#16515=B_SPLINE_CURVE_WITH_KNOTS('',3,(#16516,#16517,#16518,#16519),.UNSPECIFIED.,.F.,.U.,(4,4),(0.,154.169944145),.UNSPECIFIED.);
#16516=CARTESIAN_POINT('Control Point',(9405.96824174,-1962.7528726,2281.16488584));
#16517=CARTESIAN_POINT('Control Point',(9428.839876029999,-1964.69151929,2282.61790025));
#16518=CARTESIAN_POINT('Control Point',(9451.71248432,-1966.60642657,2284.05309809));
#16519=CARTESIAN_POINT('Control Point',(9474.58705803,-1968.49797531,2285.47079699));
#16520=CARTESIAN_POINT('Vertex',(9474.58705803,-1968.49797531,2285.47079699));
#16521=VERTEX_POINT('',#16520);
#16522=EDGE_CURVE('',#15372,#16521,#16515,.T.);
#16523=B_SPLINE_CURVE_WITH_KNOTS('',5,(#16524,#16525,#16526,#16527,#16528,#16529),.UNSPECIFIED.,.F.,.U.,(6,6),(0.,1.79660695358),.UNSPECIFIED.);
#16524=CARTESIAN_POINT('Control Point',(9475.592434189999,-1967.89438988,2286.27441516));
#16525=CARTESIAN_POINT('Control Point',(9475.59235585,-1968.1158352,2286.03543298));
#16526=CARTESIAN_POINT('Control Point',(9475.45912956,-1968.3308261,2285.78322187));
#16527=CARTESIAN_POINT('Control Point',(9475.193232489999,-1968.47050161,2285.59216136));
#16528=CARTESIAN_POINT('Control Point',(9474.88939264,-1968.52297603,2285.4895348));
#16529=CARTESIAN_POINT('Control Point',(9474.58705803,-1968.49797531,2285.47079699));
#16530=EDGE_CURVE('',#16513,#16521,#16523,.T.);
#16531=EDGE_LOOP('',(#16532,#16533,#16534,#16535,#16536,#16537,#16538,#16539));
#16532=ORIENTED_EDGE('',*,*,#16514,.T.);
#16533=ORIENTED_EDGE('',*,*,#15532,.T.);
#16534=ORIENTED_EDGE('',*,*,#15576,.T.);
#16535=ORIENTED_EDGE('',*,*,#15624,.T.);
#16536=ORIENTED_EDGE('',*,*,#14268,.T.);
#16537=ORIENTED_EDGE('',*,*,#15454,.F.);
#16538=ORIENTED_EDGE('',*,*,#16522,.T.);
#16539=ORIENTED_EDGE('',*,*,#16530,.F.);
#16540=FACE_OUTER_BOUND('',#16531,.T.);
#16541=ADVANCED_FACE('PartBody',(#16540),#16470,.T.);
#16542=B_SPLINE_SURFACE_WITH_KNOTS('',5,1,((#16543,#16544),(#16545,#16546),(#16547,#16548),(#16549,#16550),(#16551,#16552),(#16553,#16554)),.UNSPECIFIED.,.F.,.F.,.U.,(6,6),(2,2),(2.0200189043,139.929194727),(-2.17000286337,2.86330753303E-006),.UNSPECIFIED.);
#16543=CARTESIAN_POINT('Control Point',(9474.808929909999,-1966.91409099,2284.00416959));
#16544=CARTESIAN_POINT('Control Point',(9474.58705749,-1968.49797735,2285.47079888));
#16545=CARTESIAN_POINT('Control Point',(9461.08570962,-1965.77896645,2283.15399086));
#16546=CARTESIAN_POINT('Control Point',(9460.862740339999,-1967.36308301,2284.62020562));
#16547=CARTESIAN_POINT('Control Point',(9447.3631953,-1964.63684113,2282.29857263));
#16548=CARTESIAN_POINT('Control Point',(9447.139125809999,-1966.22118903,2283.76436989));
#16549=CARTESIAN_POINT('Control Point',(9433.640579679999,-1963.48762257,2281.43783914));
#16550=CARTESIAN_POINT('Control Point',(9433.41540641,-1965.07220284,2282.90321602));
#16551=CARTESIAN_POINT('Control Point',(9419.917983269999,-1962.33128822,2280.57177163));
#16552=CARTESIAN_POINT('Control Point',(9419.691702529999,-1963.91610173,2282.03672537));
#16553=CARTESIAN_POINT('Control Point',(9406.1956338,-1961.16782508,2279.7003579));
#16554=CARTESIAN_POINT('Control Point',(9405.96824178,-1962.7528726,2281.16488584));
#16555=B_SPLINE_CURVE_WITH_KNOTS('',2,(#16556,#16557,#16558),.UNSPECIFIED.,.F.,.U.,(3,3),(-1.08507725281,1.08492276983),.UNSPECIFIED.);
#16556=CARTESIAN_POINT('Control Point',(9474.58705778,-1968.49797529,2285.47079697));
#16557=CARTESIAN_POINT('Control Point',(9474.697915699999,-1967.70602775,2284.73747943));
#16558=CARTESIAN_POINT('Control Point',(9474.80877363,-1966.91408021,2284.00416189));
#16559=CARTESIAN_POINT('Vertex',(9474.80877363,-1966.91408021,2284.00416189));
#16560=VERTEX_POINT('',#16559);
#16561=EDGE_CURVE('',#16560,#16521,#16555,.F.);
#16562=B_SPLINE_CURVE_WITH_KNOTS('',3,(#16563,#16564,#16565,#16566),.UNSPECIFIED.,.F.,.U.,(4,4),(0.,154.169593682),.UNSPECIFIED.);
#16563=CARTESIAN_POINT('Control Point',(9406.195633199999,-1961.16782926,2279.70036177));
#16564=CARTESIAN_POINT('Control Point',(9429.06536343,-1963.10686154,2281.15266322));
#16565=CARTESIAN_POINT('Control Point',(9451.93606867,-1965.02215105,2282.58715632));
#16566=CARTESIAN_POINT('Control Point',(9474.80877363,-1966.91408021,2284.00416189));
#16567=EDGE_CURVE('',#15201,#16560,#16562,.T.);
#16568=EDGE_LOOP('',(#16569,#16570,#16571,#16572));
#16569=ORIENTED_EDGE('',*,*,#16561,.T.);
#16570=ORIENTED_EDGE('',*,*,#16522,.F.);
#16571=ORIENTED_EDGE('',*,*,#15373,.F.);
#16572=ORIENTED_EDGE('',*,*,#16567,.T.);
#16573=FACE_OUTER_BOUND('',#16568,.T.);
#16574=ADVANCED_FACE('PartBody',(#16573),#16542,.F.);
#16575=B_SPLINE_SURFACE_WITH_KNOTS('',5,1,((#16576,#16577),(#16578,#16579),(#16580,#16581),(#16582,#16583),(#16584,#16585),(#16586,#16587)),.UNSPECIFIED.,.F.,.F.,.U.,(6,6),(2,2),(0.,27.3940508322),(-2.17,3.19023002395E-013),.UNSPECIFIED.);
#16576=CARTESIAN_POINT('Control Point',(9475.81659239,-1958.05222122,2293.68151905));
#16577=CARTESIAN_POINT('Control Point',(9475.59534247,-1959.62925586,2295.1555985));
#16578=CARTESIAN_POINT('Control Point',(9475.816109899999,-1959.71601036,2291.90145229));
#16579=CARTESIAN_POINT('Control Point',(9475.59475978,-1961.29431758,2293.37415524));
#16580=CARTESIAN_POINT('Control Point',(9475.81562682,-1961.37717469,2290.12032029));
#16581=CARTESIAN_POINT('Control Point',(9475.594176409999,-1962.95675152,2291.5916469));
#16582=CARTESIAN_POINT('Control Point',(9475.81514314,-1963.035723,2288.3381238));
#16583=CARTESIAN_POINT('Control Point',(9475.59359235,-1964.61656649,2289.80807425));
#16584=CARTESIAN_POINT('Control Point',(9475.814658859999,-1964.6916648,2286.55486265));
#16585=CARTESIAN_POINT('Control Point',(9475.5930076,-1966.27377202,2288.02343711));
#16586=CARTESIAN_POINT('Control Point',(9475.81417399,-1966.34500686,2284.7705395));
#16587=CARTESIAN_POINT('Control Point',(9475.592422169999,-1967.92837489,2286.23773813));
#16588=B_SPLINE_CURVE_WITH_KNOTS('',2,(#16589,#16590,#16591),.UNSPECIFIED.,.F.,.U.,(3,3),(0.613998255722,3.68284239526),.UNSPECIFIED.);
#16589=CARTESIAN_POINT('Control Point',(9475.592434189999,-1967.89439126,2286.27441367));
#16590=CARTESIAN_POINT('Control Point',(9475.70330918,-1967.10243101,2285.54111231));
#16591=CARTESIAN_POINT('Control Point',(9475.814184119999,-1966.31047074,2284.80781097));
#16592=CARTESIAN_POINT('Vertex',(9475.814184119999,-1966.31047074,2284.80781097));
#16593=VERTEX_POINT('',#16592);
#16594=EDGE_CURVE('',#16593,#16513,#16588,.F.);
#16595=B_SPLINE_CURVE_WITH_KNOTS('',3,(#16596,#16597,#16598,#16599),.UNSPECIFIED.,.F.,.U.,(4,4),(2.45284436687,31.8479795437),.UNSPECIFIED.);
#16596=CARTESIAN_POINT('Control Point',(9475.814184119999,-1966.31047074,2284.80781097));
#16597=CARTESIAN_POINT('Control Point',(9475.814988820001,-1963.5664283,2287.76913471));
#16598=CARTESIAN_POINT('Control Point',(9475.81579158,-1960.81369521,2290.72705328));
#16599=CARTESIAN_POINT('Control Point',(9475.81659239,-1958.05222122,2293.68151905));
#16600=EDGE_CURVE('',#16593,#15507,#16595,.T.);
#16601=EDGE_LOOP('',(#16602,#16603,#16604,#16605));
#16602=ORIENTED_EDGE('',*,*,#16594,.F.);
#16603=ORIENTED_EDGE('',*,*,#16600,.T.);
#16604=ORIENTED_EDGE('',*,*,#15536,.T.);
#16605=ORIENTED_EDGE('',*,*,#16514,.F.);
#16606=FACE_OUTER_BOUND('',#16601,.T.);
#16607=ADVANCED_FACE('PartBody',(#16606),#16575,.F.);
#16608=B_SPLINE_SURFACE_WITH_KNOTS('',5,5,((#16609,#16610,#16611,#16612,#16613,#16614),(#16615,#16616,#16617,#16618,#16619,#16620),(#16621,#16622,#16623,#16624,#16625,#16626),(#16627,#16628,#16629,#16630,#16631,#16632),(#16633,#16634,#16635,#16636,#16637,#16638),(#16639,#16640,#16641,#16642,#16643,#16644)),.UNSPECIFIED.,.F.,.F.,.U.,(6,6),(6,6),(1373.10993934,1400.71605449),(-1167.80549918,-1096.12006943),.UNSPECIFIED.);
#16609=CARTESIAN_POINT('Control Point',(9475.63135827,-1968.64165534,2282.26137441));
#16610=CARTESIAN_POINT('Control Point',(9461.37767611,-1967.12676204,2281.74154665));
#16611=CARTESIAN_POINT('Control Point',(9447.125530159999,-1965.60215531,2281.21876321));
#16612=CARTESIAN_POINT('Control Point',(9432.8749266,-1964.06780008,2280.69301268));
#16613=CARTESIAN_POINT('Control Point',(9418.62587217,-1962.52365782,2280.16428273));
#16614=CARTESIAN_POINT('Control Point',(9404.378373989999,-1960.96968688,2279.63256014));
#16615=CARTESIAN_POINT('Control Point',(9476.00332806,-1964.52933372,2286.7664349));
#16616=CARTESIAN_POINT('Control Point',(9461.7495629,-1963.01495085,2286.24674811));
#16617=CARTESIAN_POINT('Control Point',(9447.49733419,-1961.4908541,2285.72410552));
#16618=CARTESIAN_POINT('Control Point',(9433.246648229999,-1959.95700772,2285.19849552));
#16619=CARTESIAN_POINT('Control Point',(9418.997511789999,-1958.41337258,2284.66990557));
#16620=CARTESIAN_POINT('Control Point',(9404.74993211,-1956.85990653,2284.13832228));
#16621=CARTESIAN_POINT('Control Point',(9476.37803487,-1960.39965426,2291.26618717));
#16622=CARTESIAN_POINT('Control Point',(9462.124189009999,-1958.88576692,2290.74663682));
#16623=CARTESIAN_POINT('Control Point',(9447.871879849999,-1957.36216536,2290.22413055));
#16624=CARTESIAN_POINT('Control Point',(9433.62111376,-1955.82881294,2289.6986566));
#16625=CARTESIAN_POINT('Control Point',(9419.371897629999,-1954.2856701,2289.17020206));
#16626=CARTESIAN_POINT('Control Point',(9405.12423874,-1952.7326941,2288.63875356));
#16627=CARTESIAN_POINT('Control Point',(9476.75549924,-1956.25248666,2295.76059126));
#16628=CARTESIAN_POINT('Control Point',(9462.501575,-1954.73907983,2295.2411728));
#16629=CARTESIAN_POINT('Control Point',(9448.24918768,-1953.21595822,2294.71879832));
#16630=CARTESIAN_POINT('Control Point',(9433.998343879999,-1951.68308489,2294.19345569));
#16631=CARTESIAN_POINT('Control Point',(9419.74905033,-1950.14041942,2293.66513214));
#16632=CARTESIAN_POINT('Control Point',(9405.501314559999,-1948.58791846,2293.13381382));
#16633=CARTESIAN_POINT('Control Point',(9477.13574229,-1952.08769676,2300.24960619));
#16634=CARTESIAN_POINT('Control Point',(9462.881742019999,-1950.57475529,2299.73031504));
#16635=CARTESIAN_POINT('Control Point',(9448.62927895,-1949.05209874,2299.20806772));
#16636=CARTESIAN_POINT('Control Point',(9434.378359639999,-1947.51968926,2298.68285198));
#16637=CARTESIAN_POINT('Control Point',(9420.128991129999,-1945.97748585,2298.15465467));
#16638=CARTESIAN_POINT('Control Point',(9405.88118085,-1944.42544473,2297.62346192));
#16639=CARTESIAN_POINT('Control Point',(9477.5187857,-1947.90514677,2304.73318992));
#16640=CARTESIAN_POINT('Control Point',(9463.264711779999,-1946.39265542,2304.21402149));
#16641=CARTESIAN_POINT('Control Point',(9449.0121753,-1944.8704486,2303.69189675));
#16642=CARTESIAN_POINT('Control Point',(9434.76118293,-1943.3384877,2303.16680321));
#16643=CARTESIAN_POINT('Control Point',(9420.511741799999,-1941.79673111,2302.63872754));
#16644=CARTESIAN_POINT('Control Point',(9406.2638594,-1940.24513448,2302.10765567));
#16645=B_SPLINE_CURVE_WITH_KNOTS('',5,(#16646,#16647,#16648,#16649,#16650,#16651),.UNSPECIFIED.,.F.,.U.,(6,6),(0.,1.79718508891),.UNSPECIFIED.);
#16646=CARTESIAN_POINT('Control Point',(9475.814184119999,-1966.31046936,2284.80781246));
#16647=CARTESIAN_POINT('Control Point',(9475.814119189999,-1966.53187651,2284.56887364));
#16648=CARTESIAN_POINT('Control Point',(9475.680969359999,-1966.74682358,2284.31672153));
#16649=CARTESIAN_POINT('Control Point',(9475.415133959999,-1966.88659281,2284.12556918));
#16650=CARTESIAN_POINT('Control Point',(9475.111192639999,-1966.93909498,2284.02289729));
#16651=CARTESIAN_POINT('Control Point',(9474.80877388,-1966.91408023,2284.0041619));
#16652=EDGE_CURVE('',#16560,#16593,#16645,.F.);
#16653=EDGE_LOOP('',(#16654,#16655,#16656,#16657,#16658,#16659,#16660,#16661));
#16654=ORIENTED_EDGE('',*,*,#16652,.F.);
#16655=ORIENTED_EDGE('',*,*,#16567,.F.);
#16656=ORIENTED_EDGE('',*,*,#15202,.T.);
#16657=ORIENTED_EDGE('',*,*,#15754,.T.);
#16658=ORIENTED_EDGE('',*,*,#15612,.F.);
#16659=ORIENTED_EDGE('',*,*,#15564,.F.);
#16660=ORIENTED_EDGE('',*,*,#15510,.F.);
#16661=ORIENTED_EDGE('',*,*,#16600,.F.);
#16662=FACE_OUTER_BOUND('',#16653,.T.);
#16663=ADVANCED_FACE('PartBody',(#16662),#16608,.F.);
#16664=B_SPLINE_SURFACE_WITH_KNOTS('',2,5,((#16665,#16666,#16667,#16668,#16669,#16670),(#16671,#16672,#16673,#16674,#16675,#16676),(#16677,#16678,#16679,#16680,#16681,#16682)),.UNSPECIFIED.,.F.,.F.,.U.,(3,3),(6,6),(0.613741750606,3.68284239526),(0.,1.),.UNSPECIFIED.);
#16665=CARTESIAN_POINT('Control Point',(9475.592415659999,-1967.89452365,2286.27453626));
#16666=CARTESIAN_POINT('Control Point',(9475.59235166,-1968.10938602,2286.04248567));
#16667=CARTESIAN_POINT('Control Point',(9475.46792549,-1968.31485728,2285.80177389));
#16668=CARTESIAN_POINT('Control Point',(9475.21753084,-1968.46515692,2285.60159877));
#16669=CARTESIAN_POINT('Control Point',(9474.901630849999,-1968.52399189,2285.49029685));
#16670=CARTESIAN_POINT('Control Point',(9474.58705543,-1968.49799215,2285.47081258));
#16671=CARTESIAN_POINT('Control Point',(9475.703299909999,-1967.10249721,2285.5411736));
#16672=CARTESIAN_POINT('Control Point',(9475.703242419999,-1967.31736521,2285.30911792));
#16673=CARTESIAN_POINT('Control Point',(9475.5788168,-1967.52284341,2285.06839873));
#16674=CARTESIAN_POINT('Control Point',(9475.32841518,-1967.67314784,2284.86821738));
#16675=CARTESIAN_POINT('Control Point',(9475.01250553,-1967.7319824,2284.75691446));
#16676=CARTESIAN_POINT('Control Point',(9474.697922649999,-1967.70597837,2284.73743369));
#16677=CARTESIAN_POINT('Control Point',(9475.814184119999,-1966.31047074,2284.80781097));
#16678=CARTESIAN_POINT('Control Point',(9475.814133149999,-1966.52534437,2284.57575019));
#16679=CARTESIAN_POINT('Control Point',(9475.689708099999,-1966.73082952,2284.33502358));
#16680=CARTESIAN_POINT('Control Point',(9475.4392995,-1966.88113876,2284.134836));
#16681=CARTESIAN_POINT('Control Point',(9475.123380179999,-1966.93997291,2284.02353206));
#16682=CARTESIAN_POINT('Control Point',(9474.80878983,-1966.91396458,2284.00405481));
#16683=EDGE_LOOP('',(#16684,#16685,#16686,#16687));
#16684=ORIENTED_EDGE('',*,*,#16561,.F.);
#16685=ORIENTED_EDGE('',*,*,#16652,.T.);
#16686=ORIENTED_EDGE('',*,*,#16594,.T.);
#16687=ORIENTED_EDGE('',*,*,#16530,.T.);
#16688=FACE_OUTER_BOUND('',#16683,.T.);
#16689=ADVANCED_FACE('PartBody',(#16688),#16664,.F.);
#16690=ADVANCED_BREP_SHAPE_REPRESENTATION('NONE',(#12794),#11802);

#16691=APPLICATION_CONTEXT('automotive_design');
#16692=APPLICATION_PROTOCOL_DEFINITION('international standard','automotive_design',2010,#16691);
#16693=PRODUCT_CONTEXT('',#16691,'mechanical');
#16694=PRODUCT_DEFINITION_CONTEXT('part definition',#16691,'design');
#16695=PRODUCT('part_004_V5311429120200','part_004_V5311429120200','',(#16693));
#16696=PRODUCT_DEFINITION_FORMATION('','',#16695);
#16697=PRODUCT_DEFINITION('design','',#16696,#16694);
#16698=PRODUCT_DEFINITION_SHAPE('','',#16697);
#16699=SHAPE_DEFINITION_REPRESENTATION(#16698,#16690);
ENDSEC;
END-ISO-10303-21;
