ISO-10303-21;
HEADER;
FILE_DESCRIPTION(('CATIA V5 STEP Exchange','CAx-IF Rec.Pracs.--- Model Styling and Organization---1.4--- 2014-01-23'),'2;1');

FILE_NAME('C:\\Users\\SA516207\\WORK\\01_ASSY\\3_Catia\\ECHELLE\\ECHELLE.stp','2026-09-22T12:18:05+00:00',('none'),('none'),'CATIA Version 5-6 Release 2017 SP2 HF26','CATIA V5 STEP AP203 WITH EXTENSIONS','none');

FILE_SCHEMA(('CONFIG_CONTROL_DESIGN','SHAPE_APPEARANCE_LAYER_MIM'));

ENDSEC;
DATA;
#46=(LENGTH_UNIT()NAMED_UNIT(*)SI_UNIT(.MILLI.,.METRE.));
#47=(NAMED_UNIT(*)PLANE_ANGLE_UNIT()SI_UNIT($,.RADIAN.));
#48=(NAMED_UNIT(*)SI_UNIT($,.STERADIAN.)SOLID_ANGLE_UNIT());
#180569=UNCERTAINTY_MEASURE_WITH_UNIT(LENGTH_MEASURE(0.005),#46,'distance_accuracy_value','CONFUSED CURVE UNCERTAINTY');
#180570=(GEOMETRIC_REPRESENTATION_CONTEXT(3)GLOBAL_UNCERTAINTY_ASSIGNED_CONTEXT((#180569))GLOBAL_UNIT_ASSIGNED_CONTEXT((#46,#47,#48))REPRESENTATION_CONTEXT(' ',' '));
#180902=MANIFOLD_SOLID_BREP('PartBody',#180904);
#180904=CLOSED_SHELL('Closed Shell',(#180944,#180998,#181055,#181086,#181111,#181158,#181198,#181317,#181348,#181424,#181470,#181544,#181569,#181586,#181610,#181644,#181686,#181710,#181722,#181766,#181828,#181858,#181886,#181934,#181952,#181986,#182036,#182082,#182094,#182140,#182178,#182200,#182304,#182322,#182334,#182360,#182384,#182468,#182509,#182552,#182577,#182609,#182626,#182654,#182671,#182687,#182699,#182726,#182808,#182852,#182888,#182915,#182959,#182995,#183033,#183069,#183081,#183125,#183163,#183188,#183211,#183223));
#180905=CARTESIAN_POINT('Axis2P3D Location',(8842.63287546,-2677.08357151,64.25093668949999));
#180906=DIRECTION('Axis2P3D Direction',(0.9835147105149434,-0.1808281344279896,0));
#180907=DIRECTION('Axis2P3D XDirection',(0.03596398411648647,0.1956062176889264,0.9800228565946314));
#180908=AXIS2_PLACEMENT_3D('Cylinder Axis2P3D',#180905,#180906,#180907);
#180909=CYLINDRICAL_SURFACE('generated cylinder',#180908,50.);
#180910=CARTESIAN_POINT('Line Origine',(8844.431074669999,-2667.30326062,113.252079519));
#180911=DIRECTION('Vector Direction',(0.9835147105149434,-0.1808281344279896,0));
#180912=VECTOR('Line Direction',#180911,1.);
#180913=LINE('Line',#180910,#180912);
#180914=CARTESIAN_POINT('Vertex',(8802.92675388,-2659.67231335,113.252079519));
#180915=VERTEX_POINT('',#180914);
#180916=CARTESIAN_POINT('Vertex',(8810.79487157,-2661.11893843,113.252079519));
#180917=VERTEX_POINT('',#180916);
#180918=EDGE_CURVE('',#180915,#180917,#180913,.T.);
#180919=CARTESIAN_POINT('Axis2P3D Location',(8801.128554680001,-2669.45262424,64.25093668949999));
#180920=DIRECTION('Axis2P3D Direction',(0.9835147105149434,-0.1808281344279896,0));
#180921=AXIS2_PLACEMENT_3D('Circle Axis2P3D',#180919,#180920,$);
#180922=CIRCLE('generated circle',#180921,50.);
#180923=CARTESIAN_POINT('Vertex',(8801.18157665,-2669.16424052,114.250076917));
#180924=VERTEX_POINT('',#180923);
#180925=EDGE_CURVE('',#180915,#180924,#180922,.T.);
#180926=CARTESIAN_POINT('Line Origine',(8842.685897429999,-2676.79518779,114.250076917));
#180927=DIRECTION('Vector Direction',(0.9835147105149434,-0.1808281344279896,0));
#180928=VECTOR('Line Direction',#180927,1.);
#180929=LINE('Line',#180926,#180928);
#180930=CARTESIAN_POINT('Vertex',(8809.04969433,-2670.6108656,114.250076917));
#180931=VERTEX_POINT('',#180930);
#180932=EDGE_CURVE('',#180924,#180931,#180929,.T.);
#180933=CARTESIAN_POINT('Axis2P3D Location',(8808.996672359999,-2670.89924931,64.25093668949999));
#180934=DIRECTION('Axis2P3D Direction',(0.9835147105149434,-0.1808281344279896,0));
#180935=AXIS2_PLACEMENT_3D('Circle Axis2P3D',#180933,#180934,$);
#180936=CIRCLE('generated circle',#180935,50.);
#180937=EDGE_CURVE('',#180931,#180917,#180936,.F.);
#180938=EDGE_LOOP('',(#180939,#180940,#180941,#180942));
#180939=ORIENTED_EDGE('',*,*,#180918,.F.);
#180940=ORIENTED_EDGE('',*,*,#180925,.T.);
#180941=ORIENTED_EDGE('',*,*,#180932,.T.);
#180942=ORIENTED_EDGE('',*,*,#180937,.T.);
#180943=FACE_OUTER_BOUND('',#180938,.T.);
#180944=ADVANCED_FACE('PartBody',(#180943),#180909,.T.);
#180945=CARTESIAN_POINT('Axis2P3D Location',(8802.820536970001,-2715.55115064,91.75532367629999));
#180946=DIRECTION('Axis2P3D Direction',(0.9835147105149434,-0.1808281344279896,5.100087019369706e-14));
#180947=DIRECTION('Axis2P3D XDirection',(0.1772157762200797,0.9638672842564336,-0.1988829479840895));
#180948=AXIS2_PLACEMENT_3D('Plane Axis2P3D',#180945,#180946,#180947);
#180949=PLANE('',#180948);
#180950=CARTESIAN_POINT('Line Origine',(8824.83822021,-2595.79812973,71.1271985059));
#180951=DIRECTION('Vector Direction',(0.1772157762200797,0.9638672842564336,-0.1988829479840895));
#180952=VECTOR('Line Direction',#180951,1.);
#180953=LINE('Line',#180950,#180952);
#180954=CARTESIAN_POINT('Vertex',(8816.10634975,-2643.29031384,80.9266654406));
#180955=VERTEX_POINT('',#180954);
#180956=CARTESIAN_POINT('Vertex',(8833.570090679999,-2548.30594562,61.3277315713));
#180957=VERTEX_POINT('',#180956);
#180958=EDGE_CURVE('',#180955,#180957,#180953,.T.);
#180959=CARTESIAN_POINT('Line Origine',(8834.07360018,-2545.5673839,75.0485654054));
#180960=DIRECTION('Vector Direction',(-0.03596363245351276,-0.1956043050130694,-0.9800232512553479));
#180961=VECTOR('Line Direction',#180960,1.);
#180962=LINE('Line',#180959,#180961);
#180963=CARTESIAN_POINT('Vertex',(8834.577109690001,-2542.82882217,88.7693992394));
#180964=VERTEX_POINT('',#180963);
#180965=EDGE_CURVE('',#180964,#180957,#180962,.T.);
#180966=CARTESIAN_POINT('Line Origine',(8825.89004179,-2590.07732748,98.5186851082));
#180967=DIRECTION('Vector Direction',(-0.1772157048549288,-0.9638668961016127,0.1988848927199201));
#180968=VECTOR('Line Direction',#180967,1.);
#180969=LINE('Line',#180966,#180968);
#180970=CARTESIAN_POINT('Vertex',(8817.20297389,-2637.32583279,108.267970977));
#180971=VERTEX_POINT('',#180970);
#180972=EDGE_CURVE('',#180964,#180971,#180969,.T.);
#180973=CARTESIAN_POINT('Line Origine',(8816.727171279999,-2639.91369819,95.3022929521));
#180974=DIRECTION('Vector Direction',(-0.03596398411638661,-0.1956062176889272,-0.9800228565946351));
#180975=VECTOR('Line Direction',#180974,1.);
#180976=LINE('Line',#180973,#180975);
#180977=CARTESIAN_POINT('Vertex',(8816.251366869999,-2642.50157331,82.3365661915));
#180978=VERTEX_POINT('',#180977);
#180979=EDGE_CURVE('',#180971,#180978,#180976,.T.);
#180980=B_SPLINE_CURVE_WITH_KNOTS('',5,(#180981,#180982,#180983,#180984,#180985,#180986,#180987,#180988,#180989),.UNSPECIFIED.,.F.,.U.,(6,3,6),(0.,1.8080344389,2.29969626852),.UNSPECIFIED.);
#180981=CARTESIAN_POINT('Control Point',(8816.251366869999,-2642.50157331,82.3365661915));
#180982=CARTESIAN_POINT('Control Point',(8816.24217107,-2642.55158878,82.0859795584));
#180983=CARTESIAN_POINT('Control Point',(8816.227214750001,-2642.63293545,81.8418581932));
#180984=CARTESIAN_POINT('Control Point',(8816.206653699999,-2642.74476589,81.6085132811));
#180985=CARTESIAN_POINT('Control Point',(8816.17395891,-2642.92259114,81.3302748854));
#180986=CARTESIAN_POINT('Control Point',(8816.13393005,-2643.140306,81.079568798));
#180987=CARTESIAN_POINT('Control Point',(8816.12503001,-2643.18871285,81.0271669203));
#180988=CARTESIAN_POINT('Control Point',(8816.11583834,-2643.2387059,80.9762251815));
#180989=CARTESIAN_POINT('Control Point',(8816.10634975,-2643.29031384,80.9266654406));
#180990=EDGE_CURVE('',#180978,#180955,#180980,.T.);
#180991=EDGE_LOOP('',(#180992,#180993,#180994,#180995,#180996));
#180992=ORIENTED_EDGE('',*,*,#180958,.T.);
#180993=ORIENTED_EDGE('',*,*,#180965,.F.);
#180994=ORIENTED_EDGE('',*,*,#180972,.T.);
#180995=ORIENTED_EDGE('',*,*,#180979,.T.);
#180996=ORIENTED_EDGE('',*,*,#180990,.T.);
#180997=FACE_OUTER_BOUND('',#180991,.T.);
#180998=ADVANCED_FACE('PartBody',(#180997),#180949,.T.);
#180999=CARTESIAN_POINT('Axis2P3D Location',(8908.93785919,-2555.32916343,56.1883362137));
#181000=DIRECTION('Axis2P3D Direction',(-0.4625644429440409,-0.05262591089940465,-0.8850224006350782));
#181001=DIRECTION('Axis2P3D XDirection',(-0.8439651903179246,0.3319205383539703,0.4213686197979624));
#181002=AXIS2_PLACEMENT_3D('Plane Axis2P3D',#180999,#181000,#181001);
#181003=PLANE('',#181002);
#181004=CARTESIAN_POINT('Line Origine',(8877.910484649999,-2543.12650036,71.6794514111));
#181005=DIRECTION('Vector Direction',(-0.8439651903179246,0.3319205383539703,0.4213686197979624));
#181006=VECTOR('Line Direction',#181005,1.);
#181007=LINE('Line',#181004,#181006);
#181008=CARTESIAN_POINT('Vertex',(8906.66663638,-2554.43592102,57.3222953325));
#181009=VERTEX_POINT('',#181008);
#181010=CARTESIAN_POINT('Vertex',(8849.154374309999,-2531.81709597,86.0365868282));
#181011=VERTEX_POINT('',#181010);
#181012=EDGE_CURVE('',#181009,#181011,#181007,.T.);
#181013=CARTESIAN_POINT('Line Origine',(8848.47540949,-2534.17168791,86.53146416680001));
#181014=DIRECTION('Vector Direction',(0.2715859289039259,0.9418367748037427,-0.1979509354579459));
#181015=VECTOR('Line Direction',#181014,1.);
#181016=LINE('Line',#181013,#181015);
#181017=CARTESIAN_POINT('Vertex',(8847.796444670001,-2536.52627984,87.0263415055));
#181018=VERTEX_POINT('',#181017);
#181019=EDGE_CURVE('',#181018,#181011,#181016,.T.);
#181020=CARTESIAN_POINT('Line Origine',(8874.199354779999,-2546.91020117,73.84409427609999));
#181021=DIRECTION('Vector Direction',(0.8439651903179246,-0.3319205383539703,-0.4213686197979624));
#181022=VECTOR('Line Direction',#181021,1.);
#181023=LINE('Line',#181020,#181022);
#181024=CARTESIAN_POINT('Vertex',(8900.602287649999,-2557.29413145,60.6618356833));
#181025=VERTEX_POINT('',#181024);
#181026=EDGE_CURVE('',#181018,#181025,#181023,.T.);
#181027=B_SPLINE_CURVE_WITH_KNOTS('',5,(#181028,#181029,#181030,#181031,#181032,#181033,#181034,#181035,#181036,#181037,#181038,#181039),.UNSPECIFIED.,.F.,.U.,(6,3,3,6),(3.17454283937,5.60275364642,9.23654174422,12.2113077814),.UNSPECIFIED.);
#181028=CARTESIAN_POINT('Control Point',(8905.563025240001,-2560.43840528,58.2560315567));
#181029=CARTESIAN_POINT('Control Point',(8905.33484062,-2560.20451283,58.3613862756));
#181030=CARTESIAN_POINT('Control Point',(8905.09762959,-2559.98200213,58.4721355159));
#181031=CARTESIAN_POINT('Control Point',(8904.853497280001,-2559.7696774,58.5871079138));
#181032=CARTESIAN_POINT('Control Point',(8904.228624879999,-2559.26241142,58.883539299));
#181033=CARTESIAN_POINT('Control Point',(8903.57190069,-2558.80943781,59.1998466739));
#181034=CARTESIAN_POINT('Control Point',(8903.16975402,-2558.55555662,59.3949355431));
#181035=CARTESIAN_POINT('Control Point',(8902.424457180001,-2558.1235349,59.758782021));
#181036=CARTESIAN_POINT('Control Point',(8901.6580583,-2557.74419955,60.1367905349));
#181037=CARTESIAN_POINT('Control Point',(8901.30938397,-2557.58383901,60.3094926347));
#181038=CARTESIAN_POINT('Control Point',(8900.957339959999,-2557.43376891,60.4845678233));
#181039=CARTESIAN_POINT('Control Point',(8900.602287649999,-2557.29413145,60.6618356833));
#181040=CARTESIAN_POINT('Vertex',(8905.563025240001,-2560.43840528,58.2560315567));
#181041=VERTEX_POINT('',#181040);
#181042=EDGE_CURVE('',#181041,#181025,#181027,.T.);
#181043=CARTESIAN_POINT('Line Origine',(8906.1148307,-2557.43716305,57.7891634921));
#181044=DIRECTION('Vector Direction',(-0.1787482432889606,-0.9722022920217854,0.1512341525869666));
#181045=VECTOR('Line Direction',#181044,1.);
#181046=LINE('Line',#181043,#181045);
#181047=EDGE_CURVE('',#181009,#181041,#181046,.T.);
#181048=EDGE_LOOP('',(#181049,#181050,#181051,#181052,#181053));
#181049=ORIENTED_EDGE('',*,*,#181012,.T.);
#181050=ORIENTED_EDGE('',*,*,#181019,.F.);
#181051=ORIENTED_EDGE('',*,*,#181026,.T.);
#181052=ORIENTED_EDGE('',*,*,#181042,.F.);
#181053=ORIENTED_EDGE('',*,*,#181047,.F.);
#181054=FACE_OUTER_BOUND('',#181048,.T.);
#181055=ADVANCED_FACE('PartBody',(#181054),#181003,.F.);
#181056=CARTESIAN_POINT('Axis2P3D Location',(8857.70280481,-2543.43236205,67.75865271160001));
#181057=DIRECTION('Axis2P3D Direction',(-0.271582204233143,-0.9418382396784958,0.1979490758331042));
#181058=DIRECTION('Axis2P3D XDirection',(0.9617430652125218,-0.2732758425838642,0.01925072403059043));
#181059=AXIS2_PLACEMENT_3D('Plane Axis2P3D',#181056,#181057,#181058);
#181060=PLANE('',#181059);
#181061=CARTESIAN_POINT('Line Origine',(8846.83471298,-2536.25300727,87.00709082100001));
#181062=DIRECTION('Vector Direction',(0.9617430721204849,-0.2732758050121378,0.01925091226980971));
#181063=VECTOR('Line Direction',#181062,1.);
#181064=LINE('Line',#181061,#181063);
#181065=CARTESIAN_POINT('Vertex',(8845.872981279999,-2535.9797347,86.9878401365));
#181066=VERTEX_POINT('',#181065);
#181067=EDGE_CURVE('',#181066,#181018,#181064,.T.);
#181068=CARTESIAN_POINT('Line Origine',(8845.369472099999,-2538.71829469,73.2670150126));
#181069=DIRECTION('Vector Direction',(-0.03596363245351276,-0.1956043050130694,-0.9800232512553479));
#181070=VECTOR('Line Direction',#181069,1.);
#181071=LINE('Line',#181068,#181070);
#181072=CARTESIAN_POINT('Vertex',(8844.86596291,-2541.45685468,59.5461898888));
#181073=VERTEX_POINT('',#181072);
#181074=EDGE_CURVE('',#181066,#181073,#181071,.T.);
#181075=CARTESIAN_POINT('Line Origine',(8872.73412528,-2549.37549306,60.104012786));
#181076=DIRECTION('Vector Direction',(0.9617430652125218,-0.2732758425838642,0.01925072403059043));
#181077=VECTOR('Line Direction',#181076,1.);
#181078=LINE('Line',#181075,#181077);
#181079=EDGE_CURVE('',#181073,#181025,#181078,.T.);
#181080=EDGE_LOOP('',(#181081,#181082,#181083,#181084));
#181081=ORIENTED_EDGE('',*,*,#181067,.F.);
#181082=ORIENTED_EDGE('',*,*,#181074,.T.);
#181083=ORIENTED_EDGE('',*,*,#181079,.T.);
#181084=ORIENTED_EDGE('',*,*,#181026,.F.);
#181085=FACE_OUTER_BOUND('',#181080,.T.);
#181086=ADVANCED_FACE('PartBody',(#181085),#181060,.T.);
#181087=CARTESIAN_POINT('Axis2P3D Location',(8843.08705027,-2546.31471919,79.4581617195));
#181088=DIRECTION('Axis2P3D Direction',(-0.03596363245351276,-0.1956043050130694,-0.9800232512553479));
#181089=DIRECTION('Axis2P3D XDirection',(-0.9835147105149434,0.1808281344279896,-5.820691151289665e-14));
#181090=AXIS2_PLACEMENT_3D('Cylinder Axis2P3D',#181087,#181088,#181089);
#181091=CYLINDRICAL_SURFACE('generated cylinder',#181090,9.);
#181092=B_SPLINE_CURVE_WITH_KNOTS('',5,(#181093,#181094,#181095,#181096,#181097,#181098),.UNSPECIFIED.,.F.,.U.,(6,6),(0.,21.2266351239),.UNSPECIFIED.);
#181093=CARTESIAN_POINT('Control Point',(8845.872981279999,-2535.9797347,86.9878401365));
#181094=CARTESIAN_POINT('Control Point',(8842.98592521,-2535.15938819,86.93005083200001));
#181095=CARTESIAN_POINT('Control Point',(8839.75618543,-2535.51258893,87.1190694559));
#181096=CARTESIAN_POINT('Control Point',(8836.86843045,-2537.26366354,87.5745448063));
#181097=CARTESIAN_POINT('Control Point',(8835.109093429999,-2539.93539059,88.17236677389999));
#181098=CARTESIAN_POINT('Control Point',(8834.577109690001,-2542.82882217,88.7693992394));
#181099=EDGE_CURVE('',#181066,#180964,#181092,.T.);
#181100=CARTESIAN_POINT('Axis2P3D Location',(8842.42172307,-2549.93339883,61.3277315713));
#181101=DIRECTION('Axis2P3D Direction',(-0.03596363245351276,-0.1956043050130694,-0.9800232512553479));
#181102=AXIS2_PLACEMENT_3D('Circle Axis2P3D',#181100,#181101,$);
#181103=CIRCLE('generated circle',#181102,9.);
#181104=EDGE_CURVE('',#180957,#181073,#181103,.T.);
#181105=EDGE_LOOP('',(#181106,#181107,#181108,#181109));
#181106=ORIENTED_EDGE('',*,*,#181099,.T.);
#181107=ORIENTED_EDGE('',*,*,#180965,.T.);
#181108=ORIENTED_EDGE('',*,*,#181104,.T.);
#181109=ORIENTED_EDGE('',*,*,#181074,.F.);
#181110=FACE_OUTER_BOUND('',#181105,.T.);
#181111=ADVANCED_FACE('PartBody',(#181110),#181091,.F.);
#181112=CARTESIAN_POINT('Axis2P3D Location',(8853.00892991,-2537.87536794,62.499808557));
#181113=DIRECTION('Axis2P3D Direction',(-0.271582204233143,-0.9418382396784958,0.1979490758331042));
#181114=DIRECTION('Axis2P3D XDirection',(0.9617430652125218,-0.2732758425838642,0.01925072403059043));
#181115=AXIS2_PLACEMENT_3D('Plane Axis2P3D',#181112,#181113,#181114);
#181116=PLANE('',#181115);
#181117=CARTESIAN_POINT('Line Origine',(8848.426158800001,-2531.61017617,86.0220103644));
#181118=DIRECTION('Vector Direction',(0.961743072120222,-0.2732758050130631,0.01925091226980444));
#181119=VECTOR('Line Direction',#181118,1.);
#181120=LINE('Line',#181117,#181119);
#181121=CARTESIAN_POINT('Vertex',(8847.69794328,-2531.40325638,86.00743390069999));
#181122=VERTEX_POINT('',#181121);
#181123=EDGE_CURVE('',#181122,#181011,#181120,.T.);
#181124=CARTESIAN_POINT('Line Origine',(8906.506011060001,-2555.30955369,52.9451916093));
#181125=DIRECTION('Vector Direction',(-0.03596363245150832,-0.1956043050140453,-0.9800232512552267));
#181126=VECTOR('Line Direction',#181125,1.);
#181127=LINE('Line',#181124,#181126);
#181128=CARTESIAN_POINT('Vertex',(8906.34538574,-2556.18318636,48.5680878861));
#181129=VERTEX_POINT('',#181128);
#181130=EDGE_CURVE('',#181009,#181129,#181127,.T.);
#181131=CARTESIAN_POINT('Line Origine',(8876.52711461,-2550.65073317,33.9813270803));
#181132=DIRECTION('Vector Direction',(-0.8860561815178924,0.16439800723498,-0.4334486571799473));
#181133=VECTOR('Line Direction',#181132,1.);
#181134=LINE('Line',#181131,#181133);
#181135=CARTESIAN_POINT('Vertex',(8846.708843480001,-2545.11827997,19.3945662744));
#181136=VERTEX_POINT('',#181135);
#181137=EDGE_CURVE('',#181129,#181136,#181134,.T.);
#181138=CARTESIAN_POINT('Line Origine',(8845.980621799999,-2544.91135846,19.379989529));
#181139=DIRECTION('Vector Direction',(0.9617430798057536,-0.27327576321193,0.01925112169929507));
#181140=VECTOR('Line Direction',#181139,1.);
#181141=LINE('Line',#181138,#181140);
#181142=CARTESIAN_POINT('Vertex',(8845.252400130001,-2544.70443694,19.3654127835));
#181143=VERTEX_POINT('',#181142);
#181144=EDGE_CURVE('',#181143,#181136,#181141,.T.);
#181145=CARTESIAN_POINT('Line Origine',(8846.475171710001,-2538.05384666,52.6864233421));
#181146=DIRECTION('Vector Direction',(-0.03596363245351276,-0.1956043050130694,-0.9800232512553479));
#181147=VECTOR('Line Direction',#181146,1.);
#181148=LINE('Line',#181145,#181147);
#181149=EDGE_CURVE('',#181122,#181143,#181148,.T.);
#181150=EDGE_LOOP('',(#181151,#181152,#181153,#181154,#181155,#181156));
#181151=ORIENTED_EDGE('',*,*,#181123,.T.);
#181152=ORIENTED_EDGE('',*,*,#181012,.F.);
#181153=ORIENTED_EDGE('',*,*,#181130,.T.);
#181154=ORIENTED_EDGE('',*,*,#181137,.T.);
#181155=ORIENTED_EDGE('',*,*,#181144,.F.);
#181156=ORIENTED_EDGE('',*,*,#181149,.F.);
#181157=FACE_OUTER_BOUND('',#181150,.T.);
#181158=ADVANCED_FACE('PartBody',(#181157),#181116,.F.);
#181159=CARTESIAN_POINT('Axis2P3D Location',(8842.86064207,-2675.8447609,-5.39100060251));
#181160=DIRECTION('Axis2P3D Direction',(0.9835147105149434,-0.1808281344279896,0));
#181161=DIRECTION('Axis2P3D XDirection',(0.03596437536609929,0.1956083456759961,0.9800224175019807));
#181162=AXIS2_PLACEMENT_3D('Cylinder Axis2P3D',#181159,#181160,#181161);
#181163=CYLINDRICAL_SURFACE('generated cylinder',#181162,50.);
#181164=CARTESIAN_POINT('Axis2P3D Location',(8809.224438970001,-2669.6604387,-5.39100060251));
#181165=DIRECTION('Axis2P3D Direction',(0.9835147105149434,-0.1808281344279896,0));
#181166=AXIS2_PLACEMENT_3D('Circle Axis2P3D',#181164,#181165,$);
#181167=CIRCLE('generated circle',#181166,50.);
#181168=CARTESIAN_POINT('Vertex',(8809.10701082,-2670.29912424,44.6047821337));
#181169=VERTEX_POINT('',#181168);
#181170=CARTESIAN_POINT('Vertex',(8811.022657740001,-2659.88002142,43.6101202726));
#181171=VERTEX_POINT('',#181170);
#181172=EDGE_CURVE('',#181169,#181171,#181167,.F.);
#181173=CARTESIAN_POINT('Line Origine',(8842.743213919999,-2676.48344644,44.6047821337));
#181174=DIRECTION('Vector Direction',(0.9835147105149434,-0.1808281344279896,0));
#181175=VECTOR('Line Direction',#181174,1.);
#181176=LINE('Line',#181173,#181175);
#181177=CARTESIAN_POINT('Vertex',(8801.23889314,-2668.85249917,44.6047821337));
#181178=VERTEX_POINT('',#181177);
#181179=EDGE_CURVE('',#181178,#181169,#181176,.T.);
#181180=CARTESIAN_POINT('Axis2P3D Location',(8801.356321290001,-2668.21381363,-5.39100060251));
#181181=DIRECTION('Axis2P3D Direction',(0.9835147105149434,-0.1808281344279896,0));
#181182=AXIS2_PLACEMENT_3D('Circle Axis2P3D',#181180,#181181,$);
#181183=CIRCLE('generated circle',#181182,50.);
#181184=CARTESIAN_POINT('Vertex',(8803.154540060001,-2658.43339634,43.6101202726));
#181185=VERTEX_POINT('',#181184);
#181186=EDGE_CURVE('',#181178,#181185,#181183,.F.);
#181187=CARTESIAN_POINT('Line Origine',(8844.65886084,-2666.06434361,43.6101202726));
#181188=DIRECTION('Vector Direction',(0.9835147105149434,-0.1808281344279896,0));
#181189=VECTOR('Line Direction',#181188,1.);
#181190=LINE('Line',#181187,#181189);
#181191=EDGE_CURVE('',#181185,#181171,#181190,.T.);
#181192=EDGE_LOOP('',(#181193,#181194,#181195,#181196));
#181193=ORIENTED_EDGE('',*,*,#181172,.F.);
#181194=ORIENTED_EDGE('',*,*,#181179,.F.);
#181195=ORIENTED_EDGE('',*,*,#181186,.T.);
#181196=ORIENTED_EDGE('',*,*,#181191,.T.);
#181197=FACE_OUTER_BOUND('',#181192,.T.);
#181198=ADVANCED_FACE('PartBody',(#181197),#181163,.F.);
#181199=CARTESIAN_POINT('Axis2P3D Location',(8828.19004392,-2522.26660785,15.5130624907));
#181200=DIRECTION('Axis2P3D Direction',(0.03596437536609929,0.1956083456759961,0.9800224175019807));
#181201=DIRECTION('Axis2P3D XDirection',(-0.1772156254539552,-0.9638664642477562,0.1988870563749497));
#181202=AXIS2_PLACEMENT_3D('Plane Axis2P3D',#181199,#181200,#181201);
#181203=PLANE('',#181202);
#181204=B_SPLINE_CURVE_WITH_KNOTS('',5,(#181205,#181206,#181207,#181208,#181209,#181210,#181211,#181212,#181213,#181214,#181215,#181216),.UNSPECIFIED.,.F.,.U.,(6,3,3,6),(11.3420270458,12.0518245039,18.0808844338,19.9928050359),.UNSPECIFIED.);
#181205=CARTESIAN_POINT('Control Point',(8814.75741563,-2650.62709552,41.6262189576));
#181206=CARTESIAN_POINT('Control Point',(8814.68152643,-2650.69093925,41.6417468415));
#181207=CARTESIAN_POINT('Control Point',(8814.606552020001,-2650.75582762,41.6574496602));
#181208=CARTESIAN_POINT('Control Point',(8814.532512039999,-2650.82174409,41.6733233922));
#181209=CARTESIAN_POINT('Control Point',(8813.83862574,-2651.45715753,41.8256131337));
#181210=CARTESIAN_POINT('Control Point',(8813.23237166,-2652.1821161,41.9925598192));
#181211=CARTESIAN_POINT('Control Point',(8812.77156236,-2652.89164533,42.1510894154));
#181212=CARTESIAN_POINT('Control Point',(8812.283697000001,-2653.88855099,42.3679710254));
#181213=CARTESIAN_POINT('Control Point',(8811.96152316,-2654.9420402,42.590066009));
#181214=CARTESIAN_POINT('Control Point',(8811.893723319999,-2655.19849431,42.643741254));
#181215=CARTESIAN_POINT('Control Point',(8811.83582002,-2655.45727453,42.6975176022));
#181216=CARTESIAN_POINT('Control Point',(8811.78790333,-2655.71789092,42.7512939583));
#181217=CARTESIAN_POINT('Vertex',(8814.75741563,-2650.62709552,41.6262189576));
#181218=VERTEX_POINT('',#181217);
#181219=CARTESIAN_POINT('Vertex',(8811.78790333,-2655.71789092,42.7512939583));
#181220=VERTEX_POINT('',#181219);
#181221=EDGE_CURVE('',#181218,#181220,#181204,.T.);
#181222=CARTESIAN_POINT('Line Origine',(8811.405285049999,-2657.79893159,43.1807020442));
#181223=DIRECTION('Vector Direction',(-0.1772156254539552,-0.9638664642477562,0.1988870563749497));
#181224=VECTOR('Line Direction',#181223,1.);
#181225=LINE('Line',#181222,#181224);
#181226=EDGE_CURVE('',#181220,#181171,#181225,.T.);
#181227=CARTESIAN_POINT('Line Origine',(8815.67229199,-2590.35000209,29.5615913816));
#181228=DIRECTION('Vector Direction',(-0.1772156254539552,-0.9638664642477562,0.1988870563749497));
#181229=VECTOR('Line Direction',#181228,1.);
#181230=LINE('Line',#181227,#181229);
#181231=CARTESIAN_POINT('Vertex',(8828.19004392,-2522.26660785,15.5130624907));
#181232=VERTEX_POINT('',#181231);
#181233=EDGE_CURVE('',#181185,#181232,#181230,.F.);
#181234=CARTESIAN_POINT('Line Origine',(8833.107617469999,-2523.17074852,15.5130624907));
#181235=DIRECTION('Vector Direction',(0.9835147105149434,-0.1808281344279896,0));
#181236=VECTOR('Line Direction',#181235,1.);
#181237=LINE('Line',#181234,#181236);
#181238=CARTESIAN_POINT('Vertex',(8838.02519102,-2524.07488919,15.5130624907));
#181239=VERTEX_POINT('',#181238);
#181240=EDGE_CURVE('',#181232,#181239,#181237,.T.);
#181241=CARTESIAN_POINT('Line Origine',(8837.367199640001,-2527.65366972,16.2515186475));
#181242=DIRECTION('Vector Direction',(0.1772156254539552,0.9638664642477562,-0.1988870563749497));
#181243=VECTOR('Line Direction',#181242,1.);
#181244=LINE('Line',#181241,#181243);
#181245=CARTESIAN_POINT('Vertex',(8836.70920825,-2531.23245025,16.9899748043));
#181246=VERTEX_POINT('',#181245);
#181247=EDGE_CURVE('',#181246,#181239,#181244,.T.);
#181248=B_SPLINE_CURVE_WITH_KNOTS('',5,(#181249,#181250,#181251,#181252,#181253,#181254,#181255,#181256,#181257,#181258,#181259,#181260,#181261,#181262,#181263),.UNSPECIFIED.,.F.,.U.,(6,3,3,3,6),(0.,8.01624161378,16.0338275162,24.0514134044,25.0117829979),.UNSPECIFIED.);
#181249=CARTESIAN_POINT('Control Point',(8845.252400130001,-2544.70443694,19.3654127835));
#181250=CARTESIAN_POINT('Control Point',(8844.16210301,-2544.39463302,19.3435884075));
#181251=CARTESIAN_POINT('Control Point',(8843.108164380001,-2543.95874047,19.2952630056));
#181252=CARTESIAN_POINT('Control Point',(8842.11082007,-2543.40247598,19.2208350034));
#181253=CARTESIAN_POINT('Control Point',(8840.26711124,-2542.0702543,19.0225886781));
#181254=CARTESIAN_POINT('Control Point',(8838.787300079999,-2540.35542795,18.7346219369));
#181255=CARTESIAN_POINT('Control Point',(8838.15376519,-2539.41639014,18.5704430953));
#181256=CARTESIAN_POINT('Control Point',(8837.12367377,-2537.41094768,18.2079670115));
#181257=CARTESIAN_POINT('Control Point',(8836.596320410001,-2535.22853927,17.7917200397));
#181258=CARTESIAN_POINT('Control Point',(8836.46558464,-2534.11251229,17.5737634316));
#181259=CARTESIAN_POINT('Control Point',(8836.470840399999,-2532.85878977,17.3233328252));
#181260=CARTESIAN_POINT('Control Point',(8836.64267101,-2531.62622931,17.0710131974));
#181261=CARTESIAN_POINT('Control Point',(8836.662960350001,-2531.49461616,17.0439991985));
#181262=CARTESIAN_POINT('Control Point',(8836.6851394,-2531.36335948,17.016987002));
#181263=CARTESIAN_POINT('Control Point',(8836.70920825,-2531.23245025,16.9899748043));
#181264=EDGE_CURVE('',#181143,#181246,#181248,.T.);
#181265=CARTESIAN_POINT('Line Origine',(8846.02990974,-2547.47287961,19.8894496151));
#181266=DIRECTION('Vector Direction',(0.2715734950490142,0.9418398555240491,-0.1979533362520103));
#181267=VECTOR('Line Direction',#181266,1.);
#181268=LINE('Line',#181265,#181267);
#181269=CARTESIAN_POINT('Vertex',(8845.350976,-2549.82747925,20.3843329557));
#181270=VERTEX_POINT('',#181269);
#181271=EDGE_CURVE('',#181270,#181136,#181268,.T.);
#181272=CARTESIAN_POINT('Line Origine',(8844.389207259999,-2549.55419619,20.3650813204));
#181273=DIRECTION('Vector Direction',(0.9617430798057536,-0.27327576321193,0.01925112169929507));
#181274=VECTOR('Line Direction',#181273,1.);
#181275=LINE('Line',#181272,#181274);
#181276=CARTESIAN_POINT('Vertex',(8843.427438520001,-2549.28091314,20.345829685));
#181277=VERTEX_POINT('',#181276);
#181278=EDGE_CURVE('',#181277,#181270,#181275,.T.);
#181279=B_SPLINE_CURVE_WITH_KNOTS('',5,(#181280,#181281,#181282,#181283,#181284,#181285,#181286,#181287,#181288,#181289,#181290,#181291,#181292,#181293,#181294),.UNSPECIFIED.,.F.,.U.,(6,3,3,3,6),(0.,6.94695371531,13.8954640015,19.4543230488,21.2266351543),.UNSPECIFIED.);
#181280=CARTESIAN_POINT('Control Point',(8843.427438520001,-2549.28091314,20.345829685));
#181281=CARTESIAN_POINT('Control Point',(8842.48257633,-2549.01243402,20.3269164664));
#181282=CARTESIAN_POINT('Control Point',(8841.50130743,-2548.87021401,20.3345400707));
#181283=CARTESIAN_POINT('Control Point',(8840.50700693,-2548.86095334,20.3691800244));
#181284=CARTESIAN_POINT('Control Point',(8838.54299253,-2549.10885387,20.4907343497));
#181285=CARTESIAN_POINT('Control Point',(8836.722254169999,-2549.86459391,20.7083934296));
#181286=CARTESIAN_POINT('Control Point',(8835.87106202,-2550.36333424,20.8391765229));
#181287=CARTESIAN_POINT('Control Point',(8834.484824880001,-2551.45558771,21.1080571565));
#181288=CARTESIAN_POINT('Control Point',(8833.415065020001,-2552.8418668,21.424010138));
#181289=CARTESIAN_POINT('Control Point',(8833.01067367,-2553.50723146,21.571654273));
#181290=CARTESIAN_POINT('Control Point',(8832.57971348,-2554.43544287,21.7727365218));
#181291=CARTESIAN_POINT('Control Point',(8832.29049356,-2555.41036192,21.977939906));
#181292=CARTESIAN_POINT('Control Point',(8832.228984679999,-2555.6484022,22.0277089662));
#181293=CARTESIAN_POINT('Control Point',(8832.17598546,-2555.88841057,22.0775585644));
#181294=CARTESIAN_POINT('Control Point',(8832.131567640001,-2556.12999674,22.1274081694));
#181295=CARTESIAN_POINT('Vertex',(8832.131567640001,-2556.12999674,22.1274081694));
#181296=VERTEX_POINT('',#181295);
#181297=EDGE_CURVE('',#181277,#181296,#181279,.T.);
#181298=CARTESIAN_POINT('Line Origine',(8823.444491640001,-2603.37854613,31.8768135635));
#181299=DIRECTION('Vector Direction',(-0.1772156254539552,-0.9638664642477562,0.1988870563749497));
#181300=VECTOR('Line Direction',#181299,1.);
#181301=LINE('Line',#181298,#181300);
#181302=EDGE_CURVE('',#181296,#181218,#181301,.T.);
#181303=EDGE_LOOP('',(#181304,#181305,#181306,#181307,#181308,#181309,#181310,#181311,#181312,#181313,#181314,#181315));
#181304=ORIENTED_EDGE('',*,*,#181221,.T.);
#181305=ORIENTED_EDGE('',*,*,#181226,.T.);
#181306=ORIENTED_EDGE('',*,*,#181191,.F.);
#181307=ORIENTED_EDGE('',*,*,#181233,.T.);
#181308=ORIENTED_EDGE('',*,*,#181240,.T.);
#181309=ORIENTED_EDGE('',*,*,#181247,.F.);
#181310=ORIENTED_EDGE('',*,*,#181264,.F.);
#181311=ORIENTED_EDGE('',*,*,#181144,.T.);
#181312=ORIENTED_EDGE('',*,*,#181271,.F.);
#181313=ORIENTED_EDGE('',*,*,#181278,.F.);
#181314=ORIENTED_EDGE('',*,*,#181297,.T.);
#181315=ORIENTED_EDGE('',*,*,#181302,.T.);
#181316=FACE_OUTER_BOUND('',#181303,.T.);
#181317=ADVANCED_FACE('PartBody',(#181316),#181203,.F.);
#181318=CARTESIAN_POINT('Axis2P3D Location',(8869.87418658,-2528.91951339,20.4131745782));
#181319=DIRECTION('Axis2P3D Direction',(0.9835147105149434,-0.1808281344279896,0));
#181320=DIRECTION('Axis2P3D XDirection',(-0.03596437536609929,-0.1956083456759961,-0.9800224175019807));
#181321=AXIS2_PLACEMENT_3D('Cylinder Axis2P3D',#181318,#181319,#181320);
#181322=CYLINDRICAL_SURFACE('generated cylinder',#181321,5.);
#181323=CARTESIAN_POINT('Axis2P3D Location',(8828.369865799999,-2521.28856612,20.4131745782));
#181324=DIRECTION('Axis2P3D Direction',(0.9835147105149434,-0.1808281344279896,0));
#181325=AXIS2_PLACEMENT_3D('Circle Axis2P3D',#181323,#181324,$);
#181326=CIRCLE('generated circle',#181325,5.);
#181327=CARTESIAN_POINT('Vertex',(8829.27048719,-2516.39013375,20.8539029063));
#181328=VERTEX_POINT('',#181327);
#181329=EDGE_CURVE('',#181232,#181328,#181326,.T.);
#181330=CARTESIAN_POINT('Line Origine',(8870.77480797,-2524.02108102,20.8539029063));
#181331=DIRECTION('Vector Direction',(0.9835147105149434,-0.1808281344279896,0));
#181332=VECTOR('Line Direction',#181331,1.);
#181333=LINE('Line',#181330,#181332);
#181334=CARTESIAN_POINT('Vertex',(8839.105634289999,-2518.19841509,20.8539029063));
#181335=VERTEX_POINT('',#181334);
#181336=EDGE_CURVE('',#181328,#181335,#181333,.T.);
#181337=CARTESIAN_POINT('Axis2P3D Location',(8838.2050129,-2523.09684746,20.4131745782));
#181338=DIRECTION('Axis2P3D Direction',(0.9835147105149434,-0.1808281344279896,0));
#181339=AXIS2_PLACEMENT_3D('Circle Axis2P3D',#181337,#181338,$);
#181340=CIRCLE('generated circle',#181339,5.);
#181341=EDGE_CURVE('',#181335,#181239,#181340,.F.);
#181342=EDGE_LOOP('',(#181343,#181344,#181345,#181346));
#181343=ORIENTED_EDGE('',*,*,#181240,.F.);
#181344=ORIENTED_EDGE('',*,*,#181329,.T.);
#181345=ORIENTED_EDGE('',*,*,#181336,.T.);
#181346=ORIENTED_EDGE('',*,*,#181341,.T.);
#181347=FACE_OUTER_BOUND('',#181342,.T.);
#181348=ADVANCED_FACE('PartBody',(#181347),#181322,.T.);
#181349=CARTESIAN_POINT('Axis2P3D Location',(8820.16156543,-2671.00522525,86.3095129309));
#181350=DIRECTION('Axis2P3D Direction',(-0.03596363245351276,-0.1956043050130694,-0.9800232512553479));
#181351=DIRECTION('Axis2P3D XDirection',(-0.1348287110679475,-0.9707418269976218,0.1986995822569226));
#181352=AXIS2_PLACEMENT_3D('Torus Axis2P3D',#181349,#181350,#181351);
#181353=TOROIDAL_SURFACE('homeo Torus',#181352,5.,4.);
#181354=B_SPLINE_CURVE_WITH_KNOTS('',4,(#181355,#181356,#181357,#181358,#181359),.UNSPECIFIED.,.F.,.U.,(5,5),(0.,2.99147584774),.UNSPECIFIED.);
#181355=CARTESIAN_POINT('Control Point',(8811.90141839,-2669.93862517,84.11843797589999));
#181356=CARTESIAN_POINT('Control Point',(8811.78782987,-2670.55642095,84.2459147813));
#181357=CARTESIAN_POINT('Control Point',(8811.75862975,-2671.19633706,84.3427894301));
#181358=CARTESIAN_POINT('Control Point',(8811.813342670001,-2671.83212179,84.4112199529));
#181359=CARTESIAN_POINT('Control Point',(8811.928951530001,-2672.4552316,84.4820588323));
#181360=CARTESIAN_POINT('Vertex',(8811.90141839,-2669.93862517,84.11843797589999));
#181361=VERTEX_POINT('',#181360);
#181362=CARTESIAN_POINT('Vertex',(8811.928951489999,-2672.45522922,84.4820579452));
#181363=VERTEX_POINT('',#181362);
#181364=EDGE_CURVE('',#181361,#181363,#181354,.T.);
#181365=B_SPLINE_CURVE_WITH_KNOTS('',5,(#181366,#181367,#181368,#181369,#181370,#181371,#181372,#181373,#181374,#181375,#181376,#181377,#181378,#181379,#181380),.UNSPECIFIED.,.F.,.U.,(6,3,3,3,6),(0.,2.32412033729,5.02069054867,7.60459915569,13.2003881791),.UNSPECIFIED.);
#181366=CARTESIAN_POINT('Control Point',(8815.013486059999,-2678.06413793,86.0109127728));
#181367=CARTESIAN_POINT('Control Point',(8814.797824269999,-2677.85117167,85.8429508616));
#181368=CARTESIAN_POINT('Control Point',(8814.59310075,-2677.63214311,85.704710111));
#181369=CARTESIAN_POINT('Control Point',(8814.40237329,-2677.41652037,85.5929794905));
#181370=CARTESIAN_POINT('Control Point',(8814.019782400001,-2676.96292493,85.3912485824));
#181371=CARTESIAN_POINT('Control Point',(8813.69524732,-2676.53502685,85.2539453678));
#181372=CARTESIAN_POINT('Control Point',(8813.535449499999,-2676.31184952,85.1910503389));
#181373=CARTESIAN_POINT('Control Point',(8813.248014659999,-2675.88532362,85.0824307524));
#181374=CARTESIAN_POINT('Control Point',(8813.00297619,-2675.47085289,84.9926210941));
#181375=CARTESIAN_POINT('Control Point',(8812.891812469999,-2675.26934924,84.9511333329));
#181376=CARTESIAN_POINT('Control Point',(8812.564566249999,-2674.63139615,84.824660962));
#181377=CARTESIAN_POINT('Control Point',(8812.308064270001,-2673.97963943,84.7076893409));
#181378=CARTESIAN_POINT('Control Point',(8812.15855882,-2673.51340666,84.6277368999));
#181379=CARTESIAN_POINT('Control Point',(8812.03285835,-2673.01527033,84.5457273479));
#181380=CARTESIAN_POINT('Control Point',(8811.928951489999,-2672.45522922,84.4820579452));
#181381=CARTESIAN_POINT('Vertex',(8815.01349028,-2678.06413681,86.010913239));
#181382=VERTEX_POINT('',#181381);
#181383=EDGE_CURVE('',#181382,#181363,#181365,.T.);
#181384=B_SPLINE_CURVE_WITH_KNOTS('',5,(#181385,#181386,#181387,#181388,#181389,#181390,#181391,#181392,#181393),.UNSPECIFIED.,.F.,.U.,(6,3,6),(0.,2.54640875144,5.76781245706),.UNSPECIFIED.);
#181385=CARTESIAN_POINT('Control Point',(8818.942365389999,-2679.7722331,87.92671477019999));
#181386=CARTESIAN_POINT('Control Point',(8818.50159471,-2679.71012337,87.931218488));
#181387=CARTESIAN_POINT('Control Point',(8818.062458230001,-2679.63105932,87.8671134885));
#181388=CARTESIAN_POINT('Control Point',(8817.649363840001,-2679.53849399,87.7348235507));
#181389=CARTESIAN_POINT('Control Point',(8816.78588662,-2679.28680306,87.34971780719999));
#181390=CARTESIAN_POINT('Control Point',(8816.06123804,-2678.92376263,86.8419030197));
#181391=CARTESIAN_POINT('Control Point',(8815.691579259999,-2678.67936557,86.55087545240001));
#181392=CARTESIAN_POINT('Control Point',(8815.34512396,-2678.39163214,86.26920512380001));
#181393=CARTESIAN_POINT('Control Point',(8815.01348951,-2678.06414257,86.0109187031));
#181394=CARTESIAN_POINT('Vertex',(8818.942365389999,-2679.7722331,87.92671477019999));
#181395=VERTEX_POINT('',#181394);
#181396=EDGE_CURVE('',#181395,#181382,#181384,.T.);
#181397=CARTESIAN_POINT('Axis2P3D Location',(8819.487421870001,-2675.85893438,87.3030108422));
#181398=DIRECTION('Axis2P3D Direction',(0.9902160551175728,-0.1392812305279399,-0.008538325949206315));
#181399=AXIS2_PLACEMENT_3D('Circle Axis2P3D',#181397,#181398,$);
#181400=CIRCLE('generated circle',#181399,4.);
#181401=CARTESIAN_POINT('Vertex',(8819.34356734,-2676.6413516,83.3829178372));
#181402=VERTEX_POINT('',#181401);
#181403=EDGE_CURVE('',#181402,#181395,#181400,.F.);
#181404=CARTESIAN_POINT('Axis2P3D Location',(8820.0177109,-2671.78764247,82.3894199259));
#181405=DIRECTION('Axis2P3D Direction',(-0.03596363245351276,-0.1956043050130694,-0.9800232512553479));
#181406=AXIS2_PLACEMENT_3D('Circle Axis2P3D',#181404,#181405,$);
#181407=CIRCLE('generated circle',#181406,5.);
#181408=CARTESIAN_POINT('Vertex',(8815.100137339999,-2670.88350179,82.3894199259));
#181409=VERTEX_POINT('',#181408);
#181410=EDGE_CURVE('',#181402,#181409,#181407,.T.);
#181411=CARTESIAN_POINT('Axis2P3D Location',(8815.24399187,-2670.10108457,86.3095129309));
#181412=DIRECTION('Axis2P3D Direction',(-0.1772157762200797,-0.9638672842564336,0.1988829479840895));
#181413=AXIS2_PLACEMENT_3D('Circle Axis2P3D',#181411,#181412,$);
#181414=CIRCLE('generated circle',#181413,4.);
#181415=EDGE_CURVE('',#181409,#181361,#181414,.F.);
#181416=EDGE_LOOP('',(#181417,#181418,#181419,#181420,#181421,#181422));
#181417=ORIENTED_EDGE('',*,*,#181364,.T.);
#181418=ORIENTED_EDGE('',*,*,#181383,.F.);
#181419=ORIENTED_EDGE('',*,*,#181396,.F.);
#181420=ORIENTED_EDGE('',*,*,#181403,.F.);
#181421=ORIENTED_EDGE('',*,*,#181410,.T.);
#181422=ORIENTED_EDGE('',*,*,#181415,.T.);
#181423=FACE_OUTER_BOUND('',#181416,.T.);
#181424=ADVANCED_FACE('PartBody',(#181423),#181353,.F.);
#181425=CARTESIAN_POINT('Axis2P3D Location',(8826.3740707,-2609.56517137,73.8186222511));
#181426=DIRECTION('Axis2P3D Direction',(0.1772157762200797,0.9638672842564336,-0.1988829479840895));
#181427=DIRECTION('Axis2P3D XDirection',(-0.03596363245331302,-0.1956043050130708,-0.9800232512553549));
#181428=AXIS2_PLACEMENT_3D('Cylinder Axis2P3D',#181425,#181426,#181427);
#181429=CYLINDRICAL_SURFACE('generated cylinder',#181428,4.);
#181430=B_SPLINE_CURVE_WITH_KNOTS('',5,(#181431,#181432,#181433,#181434,#181435,#181436,#181437,#181438,#181439,#181440,#181441,#181442),.UNSPECIFIED.,.F.,.U.,(6,3,3,6),(0.,3.33649449794,5.66104208538,7.77777550575),.UNSPECIFIED.);
#181431=CARTESIAN_POINT('Control Point',(8815.78497443,-2648.81638005,79.7600457666));
#181432=CARTESIAN_POINT('Control Point',(8815.877699090001,-2648.31206058,79.6559838159));
#181433=CARTESIAN_POINT('Control Point',(8815.954943569999,-2647.79990257,79.5761177569));
#181434=CARTESIAN_POINT('Control Point',(8816.017651030001,-2647.28082787,79.5191600103));
#181435=CARTESIAN_POINT('Control Point',(8816.07744409,-2646.38945566,79.4978991677));
#181436=CARTESIAN_POINT('Control Point',(8816.072353490001,-2645.52999199,79.6466839317));
#181437=CARTESIAN_POINT('Control Point',(8816.061082460001,-2645.18799535,79.7411196579));
#181438=CARTESIAN_POINT('Control Point',(8816.037008179999,-2644.56451375,79.9829945198));
#181439=CARTESIAN_POINT('Control Point',(8816.03378147,-2644.00278716,80.32754384259999));
#181440=CARTESIAN_POINT('Control Point',(8816.04234767,-2643.74994245,80.5123247442));
#181441=CARTESIAN_POINT('Control Point',(8816.065498870001,-2643.51249958,80.7132977281));
#181442=CARTESIAN_POINT('Control Point',(8816.10634975,-2643.29031384,80.9266654406));
#181443=CARTESIAN_POINT('Vertex',(8815.78497443,-2648.81638005,79.7600457666));
#181444=VERTEX_POINT('',#181443);
#181445=EDGE_CURVE('',#181444,#180955,#181430,.T.);
#181446=B_SPLINE_CURVE_WITH_KNOTS('',1,(#181447,#181448),.UNSPECIFIED.,.F.,.U.,(2,2),(0.,30.9911867777),.UNSPECIFIED.);
#181447=CARTESIAN_POINT('Control Point',(8815.78497443,-2648.81638005,79.7600457666));
#181448=CARTESIAN_POINT('Control Point',(8811.90141839,-2669.93862517,84.11843797589999));
#181449=EDGE_CURVE('',#181444,#181361,#181446,.T.);
#181450=CARTESIAN_POINT('Line Origine',(8826.230216170001,-2610.34758859,69.8985292461));
#181451=DIRECTION('Vector Direction',(0.1772157762200797,0.9638672842564336,-0.1988829479840895));
#181452=VECTOR('Line Direction',#181451,1.);
#181453=LINE('Line',#181450,#181452);
#181454=CARTESIAN_POINT('Vertex',(8837.36029499,-2549.81167538,57.4076385663));
#181455=VERTEX_POINT('',#181454);
#181456=EDGE_CURVE('',#181409,#181455,#181453,.T.);
#181457=CARTESIAN_POINT('Axis2P3D Location',(8837.50414952,-2549.02925816,61.3277315713));
#181458=DIRECTION('Axis2P3D Direction',(0.1772157762200797,0.9638672842564336,-0.1988829479840895));
#181459=AXIS2_PLACEMENT_3D('Circle Axis2P3D',#181457,#181458,$);
#181460=CIRCLE('generated circle',#181459,4.);
#181461=EDGE_CURVE('',#181455,#180957,#181460,.T.);
#181462=EDGE_LOOP('',(#181463,#181464,#181465,#181466,#181467,#181468));
#181463=ORIENTED_EDGE('',*,*,#181445,.F.);
#181464=ORIENTED_EDGE('',*,*,#181449,.T.);
#181465=ORIENTED_EDGE('',*,*,#181415,.F.);
#181466=ORIENTED_EDGE('',*,*,#181456,.T.);
#181467=ORIENTED_EDGE('',*,*,#181461,.T.);
#181468=ORIENTED_EDGE('',*,*,#180958,.F.);
#181469=FACE_OUTER_BOUND('',#181462,.T.);
#181470=ADVANCED_FACE('PartBody',(#181469),#181429,.F.);
#181471=CARTESIAN_POINT('Axis2P3D Location',(8885.91330514,-2667.31219784,85.28391351800001));
#181472=DIRECTION('Axis2P3D Direction',(0.9835147105149434,-0.1808281344279896,2.07722229173988e-12));
#181473=DIRECTION('Axis2P3D XDirection',(0.1808276424570103,0.9835120347120562,0.002332659424570133));
#181474=AXIS2_PLACEMENT_3D('Plane Axis2P3D',#181471,#181472,#181473);
#181475=PLANE('',#181474);
#181476=B_SPLINE_CURVE_WITH_KNOTS('',5,(#181477,#181478,#181479,#181480,#181481,#181482,#181483,#181484,#181485,#181486,#181487,#181488),.UNSPECIFIED.,.F.,.U.,(6,3,3,6),(4.37880213953,5.36167361572,8.0511677765,8.90666537689),.UNSPECIFIED.);
#181477=CARTESIAN_POINT('Control Point',(8905.56302453,-2560.43840778,58.2560312749));
#181478=CARTESIAN_POINT('Control Point',(8905.542205919999,-2560.55163911,58.1781431094));
#181479=CARTESIAN_POINT('Control Point',(8905.52077694,-2560.66819023,58.1052449885));
#181480=CARTESIAN_POINT('Control Point',(8905.498790260001,-2560.78777461,58.0375282464));
#181481=CARTESIAN_POINT('Control Point',(8905.41476374,-2561.24479046,57.8044919967));
#181482=CARTESIAN_POINT('Control Point',(8905.324528179999,-2561.73557687,57.6480096852));
#181483=CARTESIAN_POINT('Control Point',(8905.256287099999,-2562.10673654,57.5772877123));
#181484=CARTESIAN_POINT('Control Point',(8905.16520834,-2562.60210914,57.5435635728));
#181485=CARTESIAN_POINT('Control Point',(8905.07483856,-2563.09362562,57.587572869));
#181486=CARTESIAN_POINT('Control Point',(8905.053112170001,-2563.21179431,57.6027081457));
#181487=CARTESIAN_POINT('Control Point',(8905.03150865,-2563.32929472,57.6223292693));
#181488=CARTESIAN_POINT('Control Point',(8905.01006809,-2563.44590881,57.6463912483));
#181489=CARTESIAN_POINT('Vertex',(8905.01006809,-2563.44590881,57.6463912483));
#181490=VERTEX_POINT('',#181489);
#181491=EDGE_CURVE('',#181041,#181490,#181476,.T.);
#181492=CARTESIAN_POINT('Line Origine',(8895.462996099999,-2615.37193113,68.36072979239999));
#181493=DIRECTION('Vector Direction',(0.1772157762210483,0.9638672842562628,-0.1988829479840542));
#181494=VECTOR('Line Direction',#181493,1.);
#181495=LINE('Line',#181492,#181494);
#181496=CARTESIAN_POINT('Vertex',(8885.915924110001,-2667.29795344,79.0750683365));
#181497=VERTEX_POINT('',#181496);
#181498=EDGE_CURVE('',#181497,#181490,#181495,.T.);
#181499=CARTESIAN_POINT('Line Origine',(8885.917215949999,-2667.29092719,76.0124666879));
#181500=DIRECTION('Vector Direction',(-0.0004218104540301281,-0.002294204858270696,0.9999972793463036));
#181501=VECTOR('Line Direction',#181500,1.);
#181502=LINE('Line',#181499,#181501);
#181503=CARTESIAN_POINT('Vertex',(8885.91850779,-2667.28390093,72.94986503929999));
#181504=VERTEX_POINT('',#181503);
#181505=EDGE_CURVE('',#181504,#181497,#181502,.T.);
#181506=CARTESIAN_POINT('Line Origine',(8895.356397039999,-2615.95171779,62.35805839));
#181507=DIRECTION('Vector Direction',(0.1772157762210483,0.9638672842562628,-0.1988829479840542));
#181508=VECTOR('Line Direction',#181507,1.);
#181509=LINE('Line',#181506,#181508);
#181510=CARTESIAN_POINT('Vertex',(8904.79428629,-2564.61953464,51.7662517407));
#181511=VERTEX_POINT('',#181510);
#181512=EDGE_CURVE('',#181504,#181511,#181509,.T.);
#181513=B_SPLINE_CURVE_WITH_KNOTS('',5,(#181514,#181515,#181516,#181517,#181518,#181519,#181520,#181521,#181522,#181523,#181524,#181525),.UNSPECIFIED.,.F.,.U.,(6,3,3,6),(4.49872474221,5.3616736145,8.05116777562,8.90666537605),.UNSPECIFIED.);
#181514=CARTESIAN_POINT('Control Point',(8905.252043369999,-2562.12981797,50.0834486753));
#181515=CARTESIAN_POINT('Control Point',(8905.239642549999,-2562.1972654,50.1843995839));
#181516=CARTESIAN_POINT('Control Point',(8905.22654731,-2562.26848967,50.2827413201));
#181517=CARTESIAN_POINT('Control Point',(8905.21278211,-2562.34335791,50.3782807225));
#181518=CARTESIAN_POINT('Control Point',(8905.153468979999,-2562.66595887,50.7592945059));
#181519=CARTESIAN_POINT('Control Point',(8905.08375573,-2563.0451256,51.0868647151));
#181520=CARTESIAN_POINT('Control Point',(8905.02589834,-2563.35980891,51.2991025102));
#181521=CARTESIAN_POINT('Control Point',(8904.94440194,-2563.80306353,51.526501602));
#181522=CARTESIAN_POINT('Control Point',(8904.85807898,-2564.27256959,51.6807882721));
#181523=CARTESIAN_POINT('Control Point',(8904.83700444,-2564.38719285,51.7136869434));
#181524=CARTESIAN_POINT('Control Point',(8904.81572685,-2564.50292055,51.7421897618));
#181525=CARTESIAN_POINT('Control Point',(8904.79428629,-2564.61953464,51.7662517407));
#181526=CARTESIAN_POINT('Vertex',(8905.25204381,-2562.12981646,50.083448214));
#181527=VERTEX_POINT('',#181526);
#181528=EDGE_CURVE('',#181527,#181511,#181513,.T.);
#181529=CARTESIAN_POINT('Line Origine',(8905.7987147,-2559.15650136,49.3257680021));
#181530=DIRECTION('Vector Direction',(-0.1754031991419465,-0.9540087728777091,0.2431069291549259));
#181531=VECTOR('Line Direction',#181530,1.);
#181532=LINE('Line',#181529,#181531);
#181533=EDGE_CURVE('',#181129,#181527,#181532,.T.);
#181534=EDGE_LOOP('',(#181535,#181536,#181537,#181538,#181539,#181540,#181541,#181542));
#181535=ORIENTED_EDGE('',*,*,#181047,.T.);
#181536=ORIENTED_EDGE('',*,*,#181491,.T.);
#181537=ORIENTED_EDGE('',*,*,#181498,.F.);
#181538=ORIENTED_EDGE('',*,*,#181505,.F.);
#181539=ORIENTED_EDGE('',*,*,#181512,.T.);
#181540=ORIENTED_EDGE('',*,*,#181528,.F.);
#181541=ORIENTED_EDGE('',*,*,#181533,.F.);
#181542=ORIENTED_EDGE('',*,*,#181130,.F.);
#181543=FACE_OUTER_BOUND('',#181534,.T.);
#181544=ADVANCED_FACE('PartBody',(#181543),#181475,.T.);
#181545=CARTESIAN_POINT('Axis2P3D Location',(8887.76087688,-2557.72132003,61.2183364625));
#181546=DIRECTION('Axis2P3D Direction',(0.9617430652125218,-0.2732758425838642,0.01925072403059043));
#181547=DIRECTION('Axis2P3D XDirection',(-0.03596363245351276,-0.1956043050130694,-0.9800232512553479));
#181548=AXIS2_PLACEMENT_3D('Cylinder Axis2P3D',#181545,#181546,#181547);
#181549=CYLINDRICAL_SURFACE('generated cylinder',#181548,4.);
#181550=CARTESIAN_POINT('Axis2P3D Location',(8843.77963409,-2545.22420763,60.3379861921));
#181551=DIRECTION('Axis2P3D Direction',(0.9617430652125218,-0.2732758425838642,0.01925072403059043));
#181552=AXIS2_PLACEMENT_3D('Circle Axis2P3D',#181550,#181551,$);
#181553=CIRCLE('generated circle',#181552,4.);
#181554=CARTESIAN_POINT('Vertex',(8843.63577956,-2546.00662485,56.4178931872));
#181555=VERTEX_POINT('',#181554);
#181556=EDGE_CURVE('',#181555,#181073,#181553,.T.);
#181557=CARTESIAN_POINT('Line Origine',(8887.617022349999,-2558.50373725,57.2982434575));
#181558=DIRECTION('Vector Direction',(0.9617430652125218,-0.2732758425838642,0.01925072403059043));
#181559=VECTOR('Line Direction',#181558,1.);
#181560=LINE('Line',#181557,#181559);
#181561=EDGE_CURVE('',#181555,#181490,#181560,.T.);
#181562=EDGE_LOOP('',(#181563,#181564,#181565,#181566,#181567));
#181563=ORIENTED_EDGE('',*,*,#181491,.F.);
#181564=ORIENTED_EDGE('',*,*,#181042,.T.);
#181565=ORIENTED_EDGE('',*,*,#181079,.F.);
#181566=ORIENTED_EDGE('',*,*,#181556,.F.);
#181567=ORIENTED_EDGE('',*,*,#181561,.T.);
#181568=FACE_OUTER_BOUND('',#181562,.T.);
#181569=ADVANCED_FACE('PartBody',(#181568),#181549,.F.);
#181570=CARTESIAN_POINT('Axis2P3D Location',(8842.42172307,-2549.93339883,61.3277315713));
#181571=DIRECTION('Axis2P3D Direction',(-0.03596363245351276,-0.1956043050130694,-0.9800232512553479));
#181572=DIRECTION('Axis2P3D XDirection',(-0.9835147105149434,0.1808281344279896,2.368475785869864e-15));
#181573=AXIS2_PLACEMENT_3D('Torus Axis2P3D',#181570,#181571,#181572);
#181574=TOROIDAL_SURFACE('homeo Torus',#181573,5.,4.);
#181575=CARTESIAN_POINT('Axis2P3D Location',(8842.277868540001,-2550.71581605,57.4076385663));
#181576=DIRECTION('Axis2P3D Direction',(-0.03596363245351276,-0.1956043050130694,-0.9800232512553479));
#181577=AXIS2_PLACEMENT_3D('Circle Axis2P3D',#181575,#181576,$);
#181578=CIRCLE('generated circle',#181577,5.);
#181579=EDGE_CURVE('',#181455,#181555,#181578,.T.);
#181580=EDGE_LOOP('',(#181581,#181582,#181583,#181584));
#181581=ORIENTED_EDGE('',*,*,#181579,.T.);
#181582=ORIENTED_EDGE('',*,*,#181556,.T.);
#181583=ORIENTED_EDGE('',*,*,#181104,.F.);
#181584=ORIENTED_EDGE('',*,*,#181461,.F.);
#181585=FACE_OUTER_BOUND('',#181580,.T.);
#181586=ADVANCED_FACE('PartBody',(#181585),#181574,.F.);
#181587=CARTESIAN_POINT('Axis2P3D Location',(8850.906517769999,-2454.01403067,37.7901416662));
#181588=DIRECTION('Axis2P3D Direction',(-0.9835147105149434,0.1808281344279896,1.38777878077992e-17));
#181589=DIRECTION('Axis2P3D XDirection',(-0.1772157762200797,-0.9638672842564336,0.1988829479840895));
#181590=AXIS2_PLACEMENT_3D('Plane Axis2P3D',#181587,#181588,#181589);
#181591=PLANE('',#181590);
#181592=CARTESIAN_POINT('Line Origine',(8838.76333138,-2520.06018264,42.2458287564));
#181593=DIRECTION('Vector Direction',(0.01593921627060124,0.08669255879850674,-0.9961075954100774));
#181594=VECTOR('Line Direction',#181593,1.);
#181595=LINE('Line',#181592,#181594);
#181596=CARTESIAN_POINT('Vertex',(8838.421028459999,-2521.92195018,63.6377546066));
#181597=VERTEX_POINT('',#181596);
#181598=EDGE_CURVE('',#181597,#181335,#181595,.T.);
#181599=CARTESIAN_POINT('Line Origine',(8837.56511836,-2526.57720021,40.3138647055));
#181600=DIRECTION('Vector Direction',(-0.03596363245351276,-0.1956043050130694,-0.9800232512553479));
#181601=VECTOR('Line Direction',#181600,1.);
#181602=LINE('Line',#181599,#181601);
#181603=EDGE_CURVE('',#181597,#181246,#181602,.T.);
#181604=EDGE_LOOP('',(#181605,#181606,#181607,#181608));
#181605=ORIENTED_EDGE('',*,*,#181247,.T.);
#181606=ORIENTED_EDGE('',*,*,#181341,.F.);
#181607=ORIENTED_EDGE('',*,*,#181598,.F.);
#181608=ORIENTED_EDGE('',*,*,#181603,.T.);
#181609=FACE_OUTER_BOUND('',#181604,.T.);
#181610=ADVANCED_FACE('PartBody',(#181609),#181591,.F.);
#181611=CARTESIAN_POINT('Axis2P3D Location',(8908.700499230001,-2556.62015184,49.7201827574));
#181612=DIRECTION('Axis2P3D Direction',(0.3756960866690169,-0.2931109440070132,-0.8791691674330396));
#181613=DIRECTION('Axis2P3D XDirection',(-0.8860561815178924,0.16439800723498,-0.4334486571799473));
#181614=AXIS2_PLACEMENT_3D('Plane Axis2P3D',#181611,#181612,#181613);
#181615=PLANE('',#181614);
#181616=B_SPLINE_CURVE_WITH_KNOTS('',5,(#181617,#181618,#181619,#181620,#181621,#181622,#181623,#181624,#181625,#181626,#181627,#181628),.UNSPECIFIED.,.F.,.U.,(6,3,3,6),(3.09869643162,5.81194459489,9.62622876916,12.8214711173),.UNSPECIFIED.);
#181617=CARTESIAN_POINT('Control Point',(8905.25204381,-2562.12981646,50.083448214));
#181618=CARTESIAN_POINT('Control Point',(8904.981378279999,-2561.92852861,49.9006760491));
#181619=CARTESIAN_POINT('Control Point',(8904.699612349999,-2561.74221316,49.7181520732));
#181620=CARTESIAN_POINT('Control Point',(8904.40978713,-2561.56873582,49.5364642737));
#181621=CARTESIAN_POINT('Control Point',(8903.69495519,-2561.17847395,49.1008830461));
#181622=CARTESIAN_POINT('Control Point',(8902.94617195,-2560.84913906,48.6711061546));
#181623=CARTESIAN_POINT('Control Point',(8902.500187060001,-2560.6750332,48.4224769684));
#181624=CARTESIAN_POINT('Control Point',(8901.6663575,-2560.38601975,47.9698001442));
#181625=CARTESIAN_POINT('Control Point',(8900.81097835,-2560.15170164,47.5261496868));
#181626=CARTESIAN_POINT('Control Point',(8900.417227129999,-2560.05582734,47.3259236078));
#181627=CARTESIAN_POINT('Control Point',(8900.019962840001,-2559.97071021,47.1277826722));
#181628=CARTESIAN_POINT('Control Point',(8899.61957576,-2559.89642278,46.9319178408));
#181629=CARTESIAN_POINT('Vertex',(8899.61957576,-2559.89642278,46.9319178408));
#181630=VERTEX_POINT('',#181629);
#181631=EDGE_CURVE('',#181527,#181630,#181616,.T.);
#181632=CARTESIAN_POINT('Line Origine',(8872.48527503,-2554.86195086,33.6581249839));
#181633=DIRECTION('Vector Direction',(-0.8860561815178924,0.16439800723498,-0.4334486571799473));
#181634=VECTOR('Line Direction',#181633,1.);
#181635=LINE('Line',#181632,#181634);
#181636=EDGE_CURVE('',#181630,#181270,#181635,.T.);
#181637=EDGE_LOOP('',(#181638,#181639,#181640,#181641,#181642));
#181638=ORIENTED_EDGE('',*,*,#181533,.T.);
#181639=ORIENTED_EDGE('',*,*,#181631,.T.);
#181640=ORIENTED_EDGE('',*,*,#181636,.T.);
#181641=ORIENTED_EDGE('',*,*,#181271,.T.);
#181642=ORIENTED_EDGE('',*,*,#181137,.F.);
#181643=FACE_OUTER_BOUND('',#181637,.T.);
#181644=ADVANCED_FACE('PartBody',(#181643),#181615,.T.);
#181645=CARTESIAN_POINT('Axis2P3D Location',(8799.306092389999,-2734.66602981,95.6994595355));
#181646=DIRECTION('Axis2P3D Direction',(-0.9835147105149434,0.1808281344279896,-5.180578188659702e-14));
#181647=DIRECTION('Axis2P3D XDirection',(0.1772157762200797,0.9638672842564336,-0.1988829479840895));
#181648=AXIS2_PLACEMENT_3D('Plane Axis2P3D',#181645,#181646,#181647);
#181649=PLANE('',#181648);
#181650=B_SPLINE_CURVE_WITH_KNOTS('',5,(#181651,#181652,#181653,#181654,#181655,#181656),.UNSPECIFIED.,.F.,.U.,(6,6),(0.,0.356547040837),.UNSPECIFIED.);
#181651=CARTESIAN_POINT('Control Point',(8815.68165294,-2645.60021745,66.8117919));
#181652=CARTESIAN_POINT('Control Point',(8815.68381631,-2645.58845095,66.87074422960001));
#181653=CARTESIAN_POINT('Control Point',(8815.68566087,-2645.57841851,66.93005432690001));
#181654=CARTESIAN_POINT('Control Point',(8815.68718827,-2645.57011104,66.98985012910001));
#181655=CARTESIAN_POINT('Control Point',(8815.6883862,-2645.5635956,67.04958022949999));
#181656=CARTESIAN_POINT('Control Point',(8815.689262759999,-2645.55882804,67.1093719471));
#181657=CARTESIAN_POINT('Vertex',(8815.68165241,-2645.60022033,66.811778973));
#181658=VERTEX_POINT('',#181657);
#181659=CARTESIAN_POINT('Vertex',(8815.689262759999,-2645.55882804,67.1093719471));
#181660=VERTEX_POINT('',#181659);
#181661=EDGE_CURVE('',#181658,#181660,#181650,.T.);
#181662=CARTESIAN_POINT('Line Origine',(8815.21953436,-2648.11365605,54.2190072204));
#181663=DIRECTION('Vector Direction',(0.03596398411638661,0.1956062176889272,0.9800228565946351));
#181664=VECTOR('Line Direction',#181663,1.);
#181665=LINE('Line',#181662,#181664);
#181666=EDGE_CURVE('',#181218,#181658,#181665,.T.);
#181667=CARTESIAN_POINT('Line Origine',(8832.59908373,-2553.58720132,34.8674071116));
#181668=DIRECTION('Vector Direction',(0.03596363245361264,0.1956043050130687,0.9800232512553445));
#181669=VECTOR('Line Direction',#181668,1.);
#181670=LINE('Line',#181667,#181669);
#181671=CARTESIAN_POINT('Vertex',(8833.06659982,-2551.04440589,47.6074060537));
#181672=VERTEX_POINT('',#181671);
#181673=EDGE_CURVE('',#181296,#181672,#181670,.T.);
#181674=CARTESIAN_POINT('Line Origine',(8824.377931290001,-2598.30161697,57.3583890004));
#181675=DIRECTION('Vector Direction',(0.1772157762200797,0.9638672842564336,-0.1988829479840895));
#181676=VECTOR('Line Direction',#181675,1.);
#181677=LINE('Line',#181674,#181676);
#181678=EDGE_CURVE('',#181660,#181672,#181677,.T.);
#181679=EDGE_LOOP('',(#181680,#181681,#181682,#181683,#181684));
#181680=ORIENTED_EDGE('',*,*,#181661,.F.);
#181681=ORIENTED_EDGE('',*,*,#181666,.F.);
#181682=ORIENTED_EDGE('',*,*,#181302,.F.);
#181683=ORIENTED_EDGE('',*,*,#181673,.T.);
#181684=ORIENTED_EDGE('',*,*,#181678,.F.);
#181685=FACE_OUTER_BOUND('',#181679,.T.);
#181686=ADVANCED_FACE('PartBody',(#181685),#181649,.F.);
#181687=CARTESIAN_POINT('Axis2P3D Location',(8841.360795910001,-2555.70372583,32.4170456593));
#181688=DIRECTION('Axis2P3D Direction',(0.03596363245351276,0.1956043050130694,0.9800232512553479));
#181689=DIRECTION('Axis2P3D XDirection',(0.271582204233143,0.9418382396784958,-0.1979490758331042));
#181690=AXIS2_PLACEMENT_3D('Cylinder Axis2P3D',#181687,#181688,#181689);
#181691=CYLINDRICAL_SURFACE('generated cylinder',#181690,9.);
#181692=CARTESIAN_POINT('Line Origine',(8843.80503575,-2547.22718167,30.6355039768));
#181693=DIRECTION('Vector Direction',(0.03596363245351276,0.1956043050130694,0.9800232512553479));
#181694=VECTOR('Line Direction',#181693,1.);
#181695=LINE('Line',#181692,#181694);
#181696=CARTESIAN_POINT('Vertex',(8844.362472049999,-2544.19531495,45.8258643712));
#181697=VERTEX_POINT('',#181696);
#181698=EDGE_CURVE('',#181277,#181697,#181695,.T.);
#181699=CARTESIAN_POINT('Axis2P3D Location',(8841.918232219999,-2552.6718591,47.6074060537));
#181700=DIRECTION('Axis2P3D Direction',(0.03596363245351276,0.1956043050130694,0.9800232512553479));
#181701=AXIS2_PLACEMENT_3D('Circle Axis2P3D',#181699,#181700,$);
#181702=CIRCLE('generated circle',#181701,9.);
#181703=EDGE_CURVE('',#181672,#181697,#181702,.F.);
#181704=EDGE_LOOP('',(#181705,#181706,#181707,#181708));
#181705=ORIENTED_EDGE('',*,*,#181297,.F.);
#181706=ORIENTED_EDGE('',*,*,#181698,.T.);
#181707=ORIENTED_EDGE('',*,*,#181703,.F.);
#181708=ORIENTED_EDGE('',*,*,#181673,.F.);
#181709=FACE_OUTER_BOUND('',#181704,.T.);
#181710=ADVANCED_FACE('PartBody',(#181709),#181691,.F.);
#181711=CARTESIAN_POINT('Line Origine',(8871.991023910001,-2552.04586886,46.378891106));
#181712=DIRECTION('Vector Direction',(0.9617430652125218,-0.2732758425838642,0.01925072403059043));
#181713=VECTOR('Line Direction',#181712,1.);
#181714=LINE('Line',#181711,#181713);
#181715=EDGE_CURVE('',#181697,#181630,#181714,.T.);
#181716=EDGE_LOOP('',(#181717,#181718,#181719,#181720));
#181717=ORIENTED_EDGE('',*,*,#181715,.F.);
#181718=ORIENTED_EDGE('',*,*,#181698,.F.);
#181719=ORIENTED_EDGE('',*,*,#181278,.T.);
#181720=ORIENTED_EDGE('',*,*,#181636,.F.);
#181721=FACE_OUTER_BOUND('',#181716,.T.);
#181722=ADVANCED_FACE('PartBody',(#181721),#181060,.T.);
#181723=CARTESIAN_POINT('Axis2P3D Location',(8864.866642180001,-2682.2418582,86.9117198988));
#181724=DIRECTION('Axis2P3D Direction',(0.9902160551175735,-0.13928123052794,-0.008538325949146322));
#181725=DIRECTION('Axis2P3D XDirection',(-0.1348287110679475,-0.9707418269976218,0.1986995822569226));
#181726=AXIS2_PLACEMENT_3D('Cylinder Axis2P3D',#181723,#181724,#181725);
#181727=CYLINDRICAL_SURFACE('generated cylinder',#181726,4.);
#181728=B_SPLINE_CURVE_WITH_KNOTS('',3,(#181729,#181730,#181731,#181732),.UNSPECIFIED.,.F.,.U.,(4,4),(0.,69.2595436456),.UNSPECIFIED.);
#181729=CARTESIAN_POINT('Control Point',(8818.942365389999,-2679.7722331,87.92671477019999));
#181730=CARTESIAN_POINT('Control Point',(8835.10647167,-2682.04994396,87.7615527567));
#181731=CARTESIAN_POINT('Control Point',(8851.27061903,-2684.3273746,87.59654656079999));
#181732=CARTESIAN_POINT('Control Point',(8867.43480624,-2686.60453467,87.431710956));
#181733=CARTESIAN_POINT('Vertex',(8867.43480624,-2686.60453467,87.4317109513));
#181734=VERTEX_POINT('',#181733);
#181735=EDGE_CURVE('',#181395,#181734,#181728,.T.);
#181736=B_SPLINE_CURVE_WITH_KNOTS('',4,(#181737,#181738,#181739,#181740,#181741),.UNSPECIFIED.,.F.,.U.,(5,5),(0.,5.27826318316),.UNSPECIFIED.);
#181737=CARTESIAN_POINT('Control Point',(8867.596187630001,-2685.45188482,84.0267241521));
#181738=CARTESIAN_POINT('Control Point',(8867.50387825,-2686.11213376,84.6795466846));
#181739=CARTESIAN_POINT('Control Point',(8867.43953596,-2686.57205108,85.5415177956));
#181740=CARTESIAN_POINT('Control Point',(8867.417247560001,-2686.73088445,86.5073978235));
#181741=CARTESIAN_POINT('Control Point',(8867.43480624,-2686.60453467,87.4317109544));
#181742=CARTESIAN_POINT('Vertex',(8867.596187630001,-2685.45188482,84.0267241521));
#181743=VERTEX_POINT('',#181742);
#181744=EDGE_CURVE('',#181743,#181734,#181736,.T.);
#181745=B_SPLINE_CURVE_WITH_KNOTS('',4,(#181746,#181747,#181748,#181749,#181750),.UNSPECIFIED.,.F.,.U.,(5,5),(0.,3.27534294786),.UNSPECIFIED.);
#181746=CARTESIAN_POINT('Control Point',(8868.09661389,-2683.4988291,82.9625354364));
#181747=CARTESIAN_POINT('Control Point',(8867.895032050001,-2684.02964357,83.07587888170001));
#181748=CARTESIAN_POINT('Control Point',(8867.74608051,-2684.55798912,83.29560967179999));
#181749=CARTESIAN_POINT('Control Point',(8867.65346877,-2685.04217776,83.6216254286));
#181750=CARTESIAN_POINT('Control Point',(8867.596187630001,-2685.45188482,84.0267241521));
#181751=CARTESIAN_POINT('Vertex',(8868.096613899999,-2683.4988291,82.9625354364));
#181752=VERTEX_POINT('',#181751);
#181753=EDGE_CURVE('',#181752,#181743,#181745,.T.);
#181754=CARTESIAN_POINT('Line Origine',(8864.72278765,-2683.02427542,82.9916268938));
#181755=DIRECTION('Vector Direction',(0.9902160551175735,-0.13928123052794,-0.008538325949146322));
#181756=VECTOR('Line Direction',#181755,1.);
#181757=LINE('Line',#181754,#181756);
#181758=EDGE_CURVE('',#181752,#181402,#181757,.F.);
#181759=EDGE_LOOP('',(#181760,#181761,#181762,#181763,#181764));
#181760=ORIENTED_EDGE('',*,*,#181735,.T.);
#181761=ORIENTED_EDGE('',*,*,#181744,.F.);
#181762=ORIENTED_EDGE('',*,*,#181753,.F.);
#181763=ORIENTED_EDGE('',*,*,#181758,.T.);
#181764=ORIENTED_EDGE('',*,*,#181403,.T.);
#181765=FACE_OUTER_BOUND('',#181759,.T.);
#181766=ADVANCED_FACE('PartBody',(#181765),#181727,.F.);
#181767=CARTESIAN_POINT('Axis2P3D Location',(8876.50910861,-2686.69994968,85.2354671234));
#181768=DIRECTION('Axis2P3D Direction',(0.000421810454044128,0.002294204858310697,-0.9999972793463036));
#181769=DIRECTION('Axis2P3D XDirection',(-0.9903811618374726,0.138365979253066,-0.0001003134986420479));
#181770=AXIS2_PLACEMENT_3D('Cylinder Axis2P3D',#181767,#181768,#181769);
#181771=CYLINDRICAL_SURFACE('generated cylinder',#181770,9.);
#181772=B_SPLINE_CURVE_WITH_KNOTS('',4,(#181773,#181774,#181775,#181776,#181777),.UNSPECIFIED.,.F.,.U.,(5,5),(0.,4.43377890899),.UNSPECIFIED.);
#181773=CARTESIAN_POINT('Control Point',(8868.422119520001,-2682.73571768,75.1139151612));
#181774=CARTESIAN_POINT('Control Point',(8868.07891692,-2683.44033674,75.10692919970001));
#181775=CARTESIAN_POINT('Control Point',(8867.81832656,-2684.18733217,74.91372673310001));
#181776=CARTESIAN_POINT('Control Point',(8867.67734821,-2684.87786558,74.5048752311));
#181777=CARTESIAN_POINT('Control Point',(8867.600436979999,-2685.42877286,73.9526880442));
#181778=CARTESIAN_POINT('Vertex',(8868.42212257,-2682.7357181,75.1139151624));
#181779=VERTEX_POINT('',#181778);
#181780=CARTESIAN_POINT('Vertex',(8867.600436979999,-2685.42877286,73.9526880442));
#181781=VERTEX_POINT('',#181780);
#181782=EDGE_CURVE('',#181779,#181781,#181772,.T.);
#181783=B_SPLINE_CURVE_WITH_KNOTS('',4,(#181784,#181785,#181786,#181787,#181788),.UNSPECIFIED.,.F.,.U.,(5,5),(0.827903278035,10.213765463),.UNSPECIFIED.);
#181784=CARTESIAN_POINT('Control Point',(8873.174024190001,-2678.31925771,75.1620534398));
#181785=CARTESIAN_POINT('Control Point',(8871.633266639999,-2678.93486578,75.1538738597));
#181786=CARTESIAN_POINT('Control Point',(8870.242761699999,-2679.93008713,75.142491363));
#181787=CARTESIAN_POINT('Control Point',(8869.148655700001,-2681.24408817,75.12870394079999));
#181788=CARTESIAN_POINT('Control Point',(8868.422119909999,-2682.73571687,75.11391516410001));
#181789=CARTESIAN_POINT('Vertex',(8873.174024190001,-2678.31925771,75.1620534398));
#181790=VERTEX_POINT('',#181789);
#181791=EDGE_CURVE('',#181790,#181779,#181783,.T.);
#181792=B_SPLINE_CURVE_WITH_KNOTS('',3,(#181793,#181794,#181795,#181796),.UNSPECIFIED.,.F.,.U.,(4,4),(7.76948534539,10.6505236504),.UNSPECIFIED.);
#181793=CARTESIAN_POINT('Control Point',(8873.174024190001,-2678.31925771,75.1620534398));
#181794=CARTESIAN_POINT('Control Point',(8873.799281129999,-2678.06962278,75.252796945));
#181795=CARTESIAN_POINT('Control Point',(8874.459033519999,-2677.88840248,75.2803072909));
#181796=CARTESIAN_POINT('Control Point',(8875.129973569999,-2677.78405602,75.289449117));
#181797=CARTESIAN_POINT('Vertex',(8875.129973569999,-2677.78405602,75.289449117));
#181798=VERTEX_POINT('',#181797);
#181799=EDGE_CURVE('',#181790,#181798,#181792,.T.);
#181800=CARTESIAN_POINT('Line Origine',(8875.125769869999,-2677.80691976,85.255286103));
#181801=DIRECTION('Vector Direction',(0.0004218104540581281,0.002294204858310697,-0.9999972793463036));
#181802=VECTOR('Line Direction',#181801,1.);
#181803=LINE('Line',#181800,#181802);
#181804=CARTESIAN_POINT('Vertex',(8875.127325719999,-2677.79845756,81.5667857462));
#181805=VERTEX_POINT('',#181804);
#181806=EDGE_CURVE('',#181798,#181805,#181803,.F.);
#181807=B_SPLINE_CURVE_WITH_KNOTS('',4,(#181808,#181809,#181810,#181811,#181812),.UNSPECIFIED.,.F.,.U.,(5,5),(0.,13.5663358845),.UNSPECIFIED.);
#181808=CARTESIAN_POINT('Control Point',(8875.127325719999,-2677.79845756,81.5667857462));
#181809=CARTESIAN_POINT('Control Point',(8872.7629621,-2678.16659886,81.7270279933));
#181810=CARTESIAN_POINT('Control Point',(8870.535915570001,-2679.37942771,82.0508238144));
#181811=CARTESIAN_POINT('Control Point',(8868.931558120001,-2681.30021597,82.49307126879999));
#181812=CARTESIAN_POINT('Control Point',(8868.09661389,-2683.49882911,82.9625354364));
#181813=EDGE_CURVE('',#181805,#181752,#181807,.T.);
#181814=CARTESIAN_POINT('Line Origine',(8867.595678150001,-2685.45465586,85.23456430189999));
#181815=DIRECTION('Vector Direction',(0.0004218104540581281,0.002294204858310697,-0.9999972793463036));
#181816=VECTOR('Line Direction',#181815,1.);
#181817=LINE('Line',#181814,#181816);
#181818=EDGE_CURVE('',#181781,#181743,#181817,.F.);
#181819=EDGE_LOOP('',(#181820,#181821,#181822,#181823,#181824,#181825,#181826));
#181820=ORIENTED_EDGE('',*,*,#181782,.F.);
#181821=ORIENTED_EDGE('',*,*,#181791,.F.);
#181822=ORIENTED_EDGE('',*,*,#181799,.T.);
#181823=ORIENTED_EDGE('',*,*,#181806,.T.);
#181824=ORIENTED_EDGE('',*,*,#181813,.T.);
#181825=ORIENTED_EDGE('',*,*,#181753,.T.);
#181826=ORIENTED_EDGE('',*,*,#181818,.F.);
#181827=FACE_OUTER_BOUND('',#181819,.T.);
#181828=ADVANCED_FACE('PartBody',(#181827),#181771,.F.);
#181829=CARTESIAN_POINT('Axis2P3D Location',(-4.48357680004,-24.3859383526,-122.179246451));
#181830=DIRECTION('Axis2P3D Direction',(-0.03596363245351276,-0.1956043050130694,-0.9800232512553479));
#181831=DIRECTION('Axis2P3D XDirection',(0.9835147105149434,-0.1808281344279896,1.167989288129933e-17));
#181832=AXIS2_PLACEMENT_3D('Plane Axis2P3D',#181829,#181830,#181831);
#181833=PLANE('',#181832);
#181834=B_SPLINE_CURVE_WITH_KNOTS('',5,(#181835,#181836,#181837,#181838,#181839,#181840,#181841,#181842,#181843,#181844,#181845,#181846),.UNSPECIFIED.,.F.,.U.,(6,3,3,6),(0.,9.15470434634,18.3991107451,22.9958381426),.UNSPECIFIED.);
#181835=CARTESIAN_POINT('Control Point',(8875.127325719999,-2677.79845756,81.5667857462));
#181836=CARTESIAN_POINT('Control Point',(8876.40372342,-2677.5997171,81.4802792401));
#181837=CARTESIAN_POINT('Control Point',(8877.65340187,-2677.24270069,81.3631627093));
#181838=CARTESIAN_POINT('Control Point',(8878.84940139,-2676.73261628,81.217464948));
#181839=CARTESIAN_POINT('Control Point',(8881.095623089999,-2675.42522545,80.87409190549999));
#181840=CARTESIAN_POINT('Control Point',(8882.94683665,-2673.61855424,80.4455622462));
#181841=CARTESIAN_POINT('Control Point',(8883.757207160001,-2672.60198789,80.212926315));
#181842=CARTESIAN_POINT('Control Point',(8884.76849063,-2670.94960501,79.8460139653));
#181843=CARTESIAN_POINT('Control Point',(8885.455822370001,-2669.15356164,79.4623161702));
#181844=CARTESIAN_POINT('Control Point',(8885.64716964,-2668.54407572,79.33364614929999));
#181845=CARTESIAN_POINT('Control Point',(8885.80072049,-2667.92453988,79.204357253));
#181846=CARTESIAN_POINT('Control Point',(8885.915924110001,-2667.29795344,79.0750683365));
#181847=EDGE_CURVE('',#181805,#181497,#181834,.T.);
#181848=EDGE_LOOP('',(#181849,#181850,#181851,#181852,#181853,#181854,#181855,#181856));
#181849=ORIENTED_EDGE('',*,*,#181813,.F.);
#181850=ORIENTED_EDGE('',*,*,#181847,.T.);
#181851=ORIENTED_EDGE('',*,*,#181498,.T.);
#181852=ORIENTED_EDGE('',*,*,#181561,.F.);
#181853=ORIENTED_EDGE('',*,*,#181579,.F.);
#181854=ORIENTED_EDGE('',*,*,#181456,.F.);
#181855=ORIENTED_EDGE('',*,*,#181410,.F.);
#181856=ORIENTED_EDGE('',*,*,#181758,.F.);
#181857=FACE_OUTER_BOUND('',#181848,.T.);
#181858=ADVANCED_FACE('PartBody',(#181857),#181833,.F.);
#181859=CARTESIAN_POINT('Axis2P3D Location',(8873.127613909999,-2664.9614321,85.28391351800001));
#181860=DIRECTION('Axis2P3D Direction',(0.000421810454044128,0.002294204858310697,-0.9999972793463036));
#181861=DIRECTION('Axis2P3D XDirection',(0.9835147105151214,-0.1808281344270223,2.078887168800256e-12));
#181862=AXIS2_PLACEMENT_3D('Cylinder Axis2P3D',#181859,#181860,#181861);
#181863=CYLINDRICAL_SURFACE('generated cylinder',#181862,13.);
#181864=B_SPLINE_CURVE_WITH_KNOTS('',3,(#181865,#181866,#181867,#181868),.UNSPECIFIED.,.F.,.U.,(4,4),(1.89579248523E-005,3.94877001149),.UNSPECIFIED.);
#181865=CARTESIAN_POINT('Control Point',(8877.81900503,-2677.06394642,75.1991040633));
#181866=CARTESIAN_POINT('Control Point',(8876.95580415,-2677.39782628,75.2974195372));
#181867=CARTESIAN_POINT('Control Point',(8876.049564000001,-2677.64103877,75.30197890380001));
#181868=CARTESIAN_POINT('Control Point',(8875.129973569999,-2677.78405602,75.289449117));
#181869=CARTESIAN_POINT('Vertex',(8877.819002190001,-2677.06393945,75.1991027765));
#181870=VERTEX_POINT('',#181869);
#181871=EDGE_CURVE('',#181870,#181798,#181864,.T.);
#181872=B_SPLINE_CURVE_WITH_KNOTS('',4,(#181873,#181874,#181875,#181876,#181877),.UNSPECIFIED.,.F.,.U.,(5,5),(3.95976126481,22.9958381015),.UNSPECIFIED.);
#181873=CARTESIAN_POINT('Control Point',(8877.81901062,-2677.06394426,75.19910276900001));
#181874=CARTESIAN_POINT('Control Point',(8880.94002362,-2675.85675729,74.8436271787));
#181875=CARTESIAN_POINT('Control Point',(8883.629099690001,-2673.57697689,74.2899246305));
#181876=CARTESIAN_POINT('Control Point',(8885.322152819999,-2670.52744423,73.6191329597));
#181877=CARTESIAN_POINT('Control Point',(8885.91850779,-2667.28390093,72.94986503929999));
#181878=EDGE_CURVE('',#181870,#181504,#181872,.T.);
#181879=EDGE_LOOP('',(#181880,#181881,#181882,#181883,#181884));
#181880=ORIENTED_EDGE('',*,*,#181871,.F.);
#181881=ORIENTED_EDGE('',*,*,#181878,.T.);
#181882=ORIENTED_EDGE('',*,*,#181505,.T.);
#181883=ORIENTED_EDGE('',*,*,#181847,.F.);
#181884=ORIENTED_EDGE('',*,*,#181806,.F.);
#181885=FACE_OUTER_BOUND('',#181879,.T.);
#181886=ADVANCED_FACE('PartBody',(#181885),#181863,.T.);
#181887=CARTESIAN_POINT('Axis2P3D Location',(-4.69935859476,-25.5595641826,-128.059385959));
#181888=DIRECTION('Axis2P3D Direction',(-0.03596363245351276,-0.1956043050130694,-0.9800232512553479));
#181889=DIRECTION('Axis2P3D XDirection',(0.9835147105149434,-0.1808281344279896,1.167045362169933e-17));
#181890=AXIS2_PLACEMENT_3D('Plane Axis2P3D',#181887,#181888,#181889);
#181891=PLANE('',#181890);
#181892=CARTESIAN_POINT('Line Origine',(8849.282635359999,-2673.02672191,75.4404993732));
#181893=DIRECTION('Vector Direction',(0.990105278916144,-0.1400763601100204,-0.008375559725331218));
#181894=VECTOR('Line Direction',#181893,1.);
#181895=LINE('Line',#181892,#181894);
#181896=CARTESIAN_POINT('Vertex',(8820.746268520001,-2668.98950438,75.68189597));
#181897=VERTEX_POINT('',#181896);
#181898=EDGE_CURVE('',#181870,#181897,#181895,.F.);
#181899=CARTESIAN_POINT('Axis2P3D Location',(8821.42446749,-2664.13636733,74.6883634215));
#181900=DIRECTION('Axis2P3D Direction',(-0.03596363245351276,-0.1956043050130694,-0.9800232512553479));
#181901=AXIS2_PLACEMENT_3D('Circle Axis2P3D',#181899,#181900,$);
#181902=CIRCLE('generated circle',#181901,4.99999999995);
#181903=CARTESIAN_POINT('Vertex',(8816.506893940001,-2663.23222665,74.6883634215));
#181904=VERTEX_POINT('',#181903);
#181905=EDGE_CURVE('',#181897,#181904,#181902,.T.);
#181906=CARTESIAN_POINT('Line Origine',(8826.825703570001,-2607.10876393,63.1079312401));
#181907=DIRECTION('Vector Direction',(0.1772157762200797,0.9638672842564336,-0.1988829479840895));
#181908=VECTOR('Line Direction',#181907,1.);
#181909=LINE('Line',#181906,#181908);
#181910=CARTESIAN_POINT('Vertex',(8837.14451319,-2550.98530121,51.5274990587));
#181911=VERTEX_POINT('',#181910);
#181912=EDGE_CURVE('',#181904,#181911,#181909,.T.);
#181913=CARTESIAN_POINT('Axis2P3D Location',(8842.06208675,-2551.88944188,51.5274990587));
#181914=DIRECTION('Axis2P3D Direction',(-0.03596363245351276,-0.1956043050130694,-0.9800232512553479));
#181915=AXIS2_PLACEMENT_3D('Circle Axis2P3D',#181913,#181914,$);
#181916=CIRCLE('generated circle',#181915,4.99999999985);
#181917=CARTESIAN_POINT('Vertex',(8843.419997769999,-2547.18025068,50.5377536796));
#181918=VERTEX_POINT('',#181917);
#181919=EDGE_CURVE('',#181911,#181918,#181916,.T.);
#181920=CARTESIAN_POINT('Line Origine',(8874.10714203,-2555.89989266,51.1520027102));
#181921=DIRECTION('Vector Direction',(0.9617430652125218,-0.2732758425838642,0.01925072403059043));
#181922=VECTOR('Line Direction',#181921,1.);
#181923=LINE('Line',#181920,#181922);
#181924=EDGE_CURVE('',#181918,#181511,#181923,.T.);
#181925=EDGE_LOOP('',(#181926,#181927,#181928,#181929,#181930,#181931,#181932));
#181926=ORIENTED_EDGE('',*,*,#181898,.T.);
#181927=ORIENTED_EDGE('',*,*,#181905,.T.);
#181928=ORIENTED_EDGE('',*,*,#181912,.T.);
#181929=ORIENTED_EDGE('',*,*,#181919,.T.);
#181930=ORIENTED_EDGE('',*,*,#181924,.T.);
#181931=ORIENTED_EDGE('',*,*,#181512,.F.);
#181932=ORIENTED_EDGE('',*,*,#181878,.F.);
#181933=FACE_OUTER_BOUND('',#181925,.T.);
#181934=ADVANCED_FACE('PartBody',(#181933),#181891,.T.);
#181935=CARTESIAN_POINT('Axis2P3D Location',(8887.25738603,-2560.4597803,47.498010945));
#181936=DIRECTION('Axis2P3D Direction',(0.9617430652125183,-0.2732758425838631,0.01925072403079036));
#181937=DIRECTION('Axis2P3D XDirection',(0.271582204233143,0.9418382396784958,-0.1979490758331042));
#181938=AXIS2_PLACEMENT_3D('Cylinder Axis2P3D',#181935,#181936,#181937);
#181939=CYLINDRICAL_SURFACE('generated cylinder',#181938,4.);
#181940=CARTESIAN_POINT('Axis2P3D Location',(8843.27614324,-2547.9626679,46.6176606745));
#181941=DIRECTION('Axis2P3D Direction',(0.9617430652125183,-0.2732758425838631,0.01925072403079036));
#181942=AXIS2_PLACEMENT_3D('Circle Axis2P3D',#181940,#181941,$);
#181943=CIRCLE('generated circle',#181942,4.);
#181944=EDGE_CURVE('',#181697,#181918,#181943,.T.);
#181945=EDGE_LOOP('',(#181946,#181947,#181948,#181949,#181950));
#181946=ORIENTED_EDGE('',*,*,#181528,.T.);
#181947=ORIENTED_EDGE('',*,*,#181924,.F.);
#181948=ORIENTED_EDGE('',*,*,#181944,.F.);
#181949=ORIENTED_EDGE('',*,*,#181715,.T.);
#181950=ORIENTED_EDGE('',*,*,#181631,.F.);
#181951=FACE_OUTER_BOUND('',#181945,.T.);
#181952=ADVANCED_FACE('PartBody',(#181951),#181939,.F.);
#181953=CARTESIAN_POINT('Axis2P3D Location',(8865.97903095,-2676.1916342,71.3779502843));
#181954=DIRECTION('Axis2P3D Direction',(0.9901052789161455,-0.1400763601100206,-0.008375559725151232));
#181955=DIRECTION('Axis2P3D XDirection',(0.03596363245331302,0.1956043050130708,0.9800232512553549));
#181956=AXIS2_PLACEMENT_3D('Cylinder Axis2P3D',#181953,#181954,#181955);
#181957=CYLINDRICAL_SURFACE('generated cylinder',#181956,4.);
#181958=B_SPLINE_CURVE_WITH_KNOTS('',5,(#181959,#181960,#181961,#181962,#181963,#181964,#181965,#181966,#181967,#181968,#181969,#181970),.UNSPECIFIED.,.F.,.U.,(6,3,3,6),(5.57863534276,24.6850383978,65.5744691877,81.1803933604),.UNSPECIFIED.);
#181959=CARTESIAN_POINT('Control Point',(8873.1740261,-2678.31924023,75.1620548532));
#181960=CARTESIAN_POINT('Control Point',(8870.509528070001,-2678.02798847,75.1602489814));
#181961=CARTESIAN_POINT('Control Point',(8867.87216304,-2677.73049229,75.15854572640001));
#181962=CARTESIAN_POINT('Control Point',(8865.258057380001,-2677.43039862,75.15689792720001));
#181963=CARTESIAN_POINT('Control Point',(8856.83052023,-2676.44716795,75.1517452826));
#181964=CARTESIAN_POINT('Control Point',(8848.40749351,-2675.4257542,75.14694762009999));
#181965=CARTESIAN_POINT('Control Point',(8842.752136700001,-2674.73011946,75.14381595339999));
#181966=CARTESIAN_POINT('Control Point',(8834.823704439999,-2673.74293422,75.13953431820001));
#181967=CARTESIAN_POINT('Control Point',(8826.89689231,-2672.7428604,75.135372671));
#181968=CARTESIAN_POINT('Control Point',(8824.7073516,-2672.4657088,75.1342314388));
#181969=CARTESIAN_POINT('Control Point',(8822.517917270001,-2672.1877268,75.1330979402));
#181970=CARTESIAN_POINT('Control Point',(8820.328581489999,-2671.90897068,75.131971651));
#181971=CARTESIAN_POINT('Vertex',(8820.328581489999,-2671.90897068,75.131971651));
#181972=VERTEX_POINT('',#181971);
#181973=EDGE_CURVE('',#181790,#181972,#181958,.T.);
#181974=CARTESIAN_POINT('Axis2P3D Location',(8820.60241399,-2669.7719216,71.7618029649));
#181975=DIRECTION('Axis2P3D Direction',(0.9901052789161455,-0.1400763601100206,-0.008375559725151232));
#181976=AXIS2_PLACEMENT_3D('Circle Axis2P3D',#181974,#181975,$);
#181977=CIRCLE('generated circle',#181976,4.);
#181978=EDGE_CURVE('',#181972,#181897,#181977,.F.);
#181979=EDGE_LOOP('',(#181980,#181981,#181982,#181983,#181984));
#181980=ORIENTED_EDGE('',*,*,#181973,.T.);
#181981=ORIENTED_EDGE('',*,*,#181978,.T.);
#181982=ORIENTED_EDGE('',*,*,#181898,.F.);
#181983=ORIENTED_EDGE('',*,*,#181871,.T.);
#181984=ORIENTED_EDGE('',*,*,#181799,.F.);
#181985=FACE_OUTER_BOUND('',#181979,.T.);
#181986=ADVANCED_FACE('PartBody',(#181985),#181957,.F.);
#181987=CARTESIAN_POINT('Axis2P3D Location',(8821.28061297,-2664.91878455,70.7682704164));
#181988=DIRECTION('Axis2P3D Direction',(-0.03596363245351276,-0.1956043050130694,-0.9800232512553479));
#181989=DIRECTION('Axis2P3D XDirection',(-0.1356397943199913,-0.9706274100799375,0.1987065097029872));
#181990=AXIS2_PLACEMENT_3D('Torus Axis2P3D',#181987,#181988,#181989);
#181991=TOROIDAL_SURFACE('homeo Torus',#181990,5.,4.);
#181992=B_SPLINE_CURVE_WITH_KNOTS('',5,(#181993,#181994,#181995,#181996,#181997,#181998,#181999,#182000,#182001),.UNSPECIFIED.,.F.,.U.,(6,3,6),(0.,3.37759888146,8.55480455142),.UNSPECIFIED.);
#181993=CARTESIAN_POINT('Control Point',(8815.575839970001,-2667.42875132,75.1647883862));
#181994=CARTESIAN_POINT('Control Point',(8815.60738347,-2667.95325265,75.16006839630001));
#181995=CARTESIAN_POINT('Control Point',(8815.74628888,-2668.48368326,75.15547381810001));
#181996=CARTESIAN_POINT('Control Point',(8815.96671791,-2668.99027295,75.1512330692));
#181997=CARTESIAN_POINT('Control Point',(8816.70866016,-2670.18928908,75.14156382820001));
#181998=CARTESIAN_POINT('Control Point',(8817.83668145,-2671.10935201,75.1350787656));
#181999=CARTESIAN_POINT('Control Point',(8818.619862109999,-2671.53040105,75.1325577214));
#182000=CARTESIAN_POINT('Control Point',(8819.46450729,-2671.79895285,75.1315271337));
#182001=CARTESIAN_POINT('Control Point',(8820.328581489999,-2671.90897068,75.131971651));
#182002=CARTESIAN_POINT('Vertex',(8815.575839970001,-2667.42875132,75.1647883862));
#182003=VERTEX_POINT('',#182002);
#182004=EDGE_CURVE('',#182003,#181972,#181992,.T.);
#182005=B_SPLINE_CURVE_WITH_KNOTS('',4,(#182006,#182007,#182008,#182009,#182010),.UNSPECIFIED.,.F.,.U.,(5,5),(0.,1.16249099057),.UNSPECIFIED.);
#182006=CARTESIAN_POINT('Control Point',(8815.575839970001,-2667.42875132,75.1647883862));
#182007=CARTESIAN_POINT('Control Point',(8815.5622693,-2667.20309986,75.1668190247));
#182008=CARTESIAN_POINT('Control Point',(8815.52522965,-2666.97594305,75.1526458891));
#182009=CARTESIAN_POINT('Control Point',(8815.45746818,-2666.75497784,75.123869885));
#182010=CARTESIAN_POINT('Control Point',(8815.37124176,-2666.54464059,75.08505258469999));
#182011=CARTESIAN_POINT('Vertex',(8815.37124176,-2666.54464059,75.08505258469999));
#182012=VERTEX_POINT('',#182011);
#182013=EDGE_CURVE('',#182003,#182012,#182005,.T.);
#182014=B_SPLINE_CURVE_WITH_KNOTS('',4,(#182015,#182016,#182017,#182018,#182019),.UNSPECIFIED.,.F.,.U.,(5,5),(0.,4.61528531978),.UNSPECIFIED.);
#182015=CARTESIAN_POINT('Control Point',(8815.001291910001,-2663.01607298,74.39435644610001));
#182016=CARTESIAN_POINT('Control Point',(8814.83903621,-2663.89857317,74.5764502303));
#182017=CARTESIAN_POINT('Control Point',(8814.84537434,-2664.81229939,74.7585896224));
#182018=CARTESIAN_POINT('Control Point',(8815.028908329999,-2665.70956622,74.9309413547));
#182019=CARTESIAN_POINT('Control Point',(8815.37124176,-2666.54464059,75.08505258469999));
#182020=CARTESIAN_POINT('Vertex',(8815.001291910001,-2663.01607298,74.39435644610001));
#182021=VERTEX_POINT('',#182020);
#182022=EDGE_CURVE('',#182021,#182012,#182014,.T.);
#182023=CARTESIAN_POINT('Axis2P3D Location',(8816.36303941,-2664.01464387,70.7682704164));
#182024=DIRECTION('Axis2P3D Direction',(-0.1772157762200797,-0.9638672842564336,0.1988829479840895));
#182025=AXIS2_PLACEMENT_3D('Circle Axis2P3D',#182023,#182024,$);
#182026=CIRCLE('generated circle',#182025,4.);
#182027=EDGE_CURVE('',#182021,#181904,#182026,.F.);
#182028=EDGE_LOOP('',(#182029,#182030,#182031,#182032,#182033,#182034));
#182029=ORIENTED_EDGE('',*,*,#182004,.F.);
#182030=ORIENTED_EDGE('',*,*,#182013,.T.);
#182031=ORIENTED_EDGE('',*,*,#182022,.F.);
#182032=ORIENTED_EDGE('',*,*,#182027,.T.);
#182033=ORIENTED_EDGE('',*,*,#181905,.F.);
#182034=ORIENTED_EDGE('',*,*,#181978,.F.);
#182035=FACE_OUTER_BOUND('',#182028,.T.);
#182036=ADVANCED_FACE('PartBody',(#182035),#181991,.F.);
#182037=CARTESIAN_POINT('Axis2P3D Location',(8826.68184904,-2607.89118115,59.1878382351));
#182038=DIRECTION('Axis2P3D Direction',(0.1772157762200797,0.9638672842564336,-0.1988829479840895));
#182039=DIRECTION('Axis2P3D XDirection',(-0.9835147105149434,0.1808281344279896,-4.51971151703974e-14));
#182040=AXIS2_PLACEMENT_3D('Cylinder Axis2P3D',#182037,#182038,#182039);
#182041=CYLINDRICAL_SURFACE('generated cylinder',#182040,4.);
#182042=CARTESIAN_POINT('Line Origine',(8825.32010153,-2606.89261025,62.8139242647));
#182043=DIRECTION('Vector Direction',(0.1772157762200797,0.9638672842564336,-0.1988829479840895));
#182044=VECTOR('Line Direction',#182043,1.);
#182045=LINE('Line',#182042,#182044);
#182046=CARTESIAN_POINT('Vertex',(8817.64114648,-2648.65804286,71.43174177509999));
#182047=VERTEX_POINT('',#182046);
#182048=EDGE_CURVE('',#182021,#182047,#182045,.T.);
#182049=B_SPLINE_CURVE_WITH_KNOTS('',5,(#182050,#182051,#182052,#182053,#182054,#182055,#182056,#182057,#182058,#182059,#182060,#182061,#182062,#182063,#182064,#182065,#182066,#182067),.UNSPECIFIED.,.F.,.U.,(6,3,3,3,3,6),(0.,1.89958676174,3.57513011646,4.30624445398,5.80906145524,8.67284138288),.UNSPECIFIED.);
#182050=CARTESIAN_POINT('Control Point',(8817.64114648,-2648.65804286,71.43174177509999));
#182051=CARTESIAN_POINT('Control Point',(8817.672744220001,-2648.48618441,71.396280758));
#182052=CARTESIAN_POINT('Control Point',(8817.70105869,-2648.3077292,71.35777008540001));
#182053=CARTESIAN_POINT('Control Point',(8817.723154130001,-2648.1206857,71.3142786598));
#182054=CARTESIAN_POINT('Control Point',(8817.746059610001,-2647.74176908,71.21952185559999));
#182055=CARTESIAN_POINT('Control Point',(8817.667289839999,-2647.29993943,71.06111344990001));
#182056=CARTESIAN_POINT('Control Point',(8817.590369420001,-2647.07319776,70.96347400480001));
#182057=CARTESIAN_POINT('Control Point',(8817.414407669999,-2646.7691074,70.78062896509999));
#182058=CARTESIAN_POINT('Control Point',(8817.199093159999,-2646.5112103,70.5544416804));
#182059=CARTESIAN_POINT('Control Point',(8817.131501399999,-2646.43745528,70.4820294044));
#182060=CARTESIAN_POINT('Control Point',(8816.922088060001,-2646.22578299,70.2506387798));
#182061=CARTESIAN_POINT('Control Point',(8816.710043290001,-2646.05317716,69.9888175525));
#182062=CARTESIAN_POINT('Control Point',(8816.57202702,-2645.95226372,69.79931639260001));
#182063=CARTESIAN_POINT('Control Point',(8816.19506073,-2645.70151879,69.2161182641));
#182064=CARTESIAN_POINT('Control Point',(8815.90511519,-2645.56538959,68.5437921666));
#182065=CARTESIAN_POINT('Control Point',(8815.76893866,-2645.52098612,68.0734167581));
#182066=CARTESIAN_POINT('Control Point',(8815.69630327,-2645.52053506,67.5896180326));
#182067=CARTESIAN_POINT('Control Point',(8815.689262759999,-2645.55882804,67.1093719471));
#182068=EDGE_CURVE('',#182047,#181660,#182049,.T.);
#182069=CARTESIAN_POINT('Axis2P3D Location',(8837.000658659999,-2551.76771843,47.6074060537));
#182070=DIRECTION('Axis2P3D Direction',(0.1772157762200797,0.9638672842564336,-0.1988829479840895));
#182071=AXIS2_PLACEMENT_3D('Circle Axis2P3D',#182069,#182070,$);
#182072=CIRCLE('generated circle',#182071,4.);
#182073=EDGE_CURVE('',#181672,#181911,#182072,.T.);
#182074=EDGE_LOOP('',(#182075,#182076,#182077,#182078,#182079,#182080));
#182075=ORIENTED_EDGE('',*,*,#182048,.T.);
#182076=ORIENTED_EDGE('',*,*,#182068,.T.);
#182077=ORIENTED_EDGE('',*,*,#181678,.T.);
#182078=ORIENTED_EDGE('',*,*,#182073,.T.);
#182079=ORIENTED_EDGE('',*,*,#181912,.F.);
#182080=ORIENTED_EDGE('',*,*,#182027,.F.);
#182081=FACE_OUTER_BOUND('',#182074,.T.);
#182082=ADVANCED_FACE('PartBody',(#182081),#182041,.F.);
#182083=CARTESIAN_POINT('Axis2P3D Location',(8841.918232219999,-2552.6718591,47.6074060537));
#182084=DIRECTION('Axis2P3D Direction',(-0.03596363245351276,-0.1956043050130694,-0.9800232512553479));
#182085=DIRECTION('Axis2P3D XDirection',(-0.9835147105211866,0.1808281343940343,6.986056177991325e-12));
#182086=AXIS2_PLACEMENT_3D('Torus Axis2P3D',#182083,#182084,#182085);
#182087=TOROIDAL_SURFACE('homeo Torus',#182086,5.,4.);
#182088=EDGE_LOOP('',(#182089,#182090,#182091,#182092));
#182089=ORIENTED_EDGE('',*,*,#181703,.T.);
#182090=ORIENTED_EDGE('',*,*,#181944,.T.);
#182091=ORIENTED_EDGE('',*,*,#181919,.F.);
#182092=ORIENTED_EDGE('',*,*,#182073,.F.);
#182093=FACE_OUTER_BOUND('',#182088,.T.);
#182094=ADVANCED_FACE('PartBody',(#182093),#182087,.F.);
#182095=CARTESIAN_POINT('Axis2P3D Location',(8815.843000049999,-2672.3732235,105.698072832));
#182096=DIRECTION('Axis2P3D Direction',(0.0001081942220649811,0.000588462682329897,0.999999821002825));
#182097=DIRECTION('Axis2P3D XDirection',(-0.9835147105149434,0.1808281344279896,-3.29658412925981e-14));
#182098=AXIS2_PLACEMENT_3D('Cylinder Axis2P3D',#182095,#182096,#182097);
#182099=CYLINDRICAL_SURFACE('generated cylinder',#182098,7.);
#182100=B_SPLINE_CURVE_WITH_KNOTS('',5,(#182101,#182102,#182103,#182104,#182105,#182106),.UNSPECIFIED.,.F.,.U.,(6,6),(0.,15.9600661258),.UNSPECIFIED.);
#182101=CARTESIAN_POINT('Control Point',(8814.86428285,-2679.29927676,114.29402358));
#182102=CARTESIAN_POINT('Control Point',(8812.62940165,-2678.9833971,114.294571654));
#182103=CARTESIAN_POINT('Control Point',(8810.51893348,-2677.76919973,114.289806472));
#182104=CARTESIAN_POINT('Control Point',(8809.03451265,-2675.7085188,114.279495131));
#182105=CARTESIAN_POINT('Control Point',(8808.551183559999,-2673.32223947,114.266244157));
#182106=CARTESIAN_POINT('Control Point',(8808.95932267,-2671.1023923,114.253007767));
#182107=CARTESIAN_POINT('Vertex',(8814.86428285,-2679.29927676,114.29402358));
#182108=VERTEX_POINT('',#182107);
#182109=CARTESIAN_POINT('Vertex',(8808.95932267,-2671.1023923,114.253007767));
#182110=VERTEX_POINT('',#182109);
#182111=EDGE_CURVE('',#182108,#182110,#182100,.T.);
#182112=CARTESIAN_POINT('Line Origine',(8814.863353270001,-2679.3043327,105.702257524));
#182113=DIRECTION('Vector Direction',(0.000108194222062981,0.0005884626823378969,0.9999998210028248));
#182114=VECTOR('Line Direction',#182113,1.);
#182115=LINE('Line',#182112,#182114);
#182116=CARTESIAN_POINT('Vertex',(8814.861538220001,-2679.31420463,88.9264631671));
#182117=VERTEX_POINT('',#182116);
#182118=EDGE_CURVE('',#182117,#182108,#182115,.T.);
#182119=B_SPLINE_CURVE_WITH_KNOTS('',5,(#182120,#182121,#182122,#182123,#182124,#182125),.UNSPECIFIED.,.F.,.U.,(6,6),(17.857896045,30.1758546575),.UNSPECIFIED.);
#182120=CARTESIAN_POINT('Control Point',(8814.861538220001,-2679.31420463,88.9264633056));
#182121=CARTESIAN_POINT('Control Point',(8812.61985537,-2678.997359,88.9346470926));
#182122=CARTESIAN_POINT('Control Point',(8810.500783699999,-2677.7750963,88.8631518597));
#182123=CARTESIAN_POINT('Control Point',(8809.02852095,-2675.70738623,88.708833502));
#182124=CARTESIAN_POINT('Control Point',(8808.54976097,-2673.32997686,88.5122471966));
#182125=CARTESIAN_POINT('Control Point',(8808.956516419999,-2671.11765535,88.3158502938));
#182126=CARTESIAN_POINT('Vertex',(8808.956516419999,-2671.11765535,88.3158502938));
#182127=VERTEX_POINT('',#182126);
#182128=EDGE_CURVE('',#182117,#182127,#182119,.T.);
#182129=CARTESIAN_POINT('Line Origine',(8808.958397079999,-2671.10742656,105.698072832));
#182130=DIRECTION('Vector Direction',(0.000108194222062981,0.0005884626823378969,0.9999998210028248));
#182131=VECTOR('Line Direction',#182130,1.);
#182132=LINE('Line',#182129,#182131);
#182133=EDGE_CURVE('',#182127,#182110,#182132,.T.);
#182134=EDGE_LOOP('',(#182135,#182136,#182137,#182138));
#182135=ORIENTED_EDGE('',*,*,#182111,.F.);
#182136=ORIENTED_EDGE('',*,*,#182118,.F.);
#182137=ORIENTED_EDGE('',*,*,#182128,.T.);
#182138=ORIENTED_EDGE('',*,*,#182133,.T.);
#182139=FACE_OUTER_BOUND('',#182134,.T.);
#182140=ADVANCED_FACE('PartBody',(#182139),#182099,.F.);
#182141=CARTESIAN_POINT('Axis2P3D Location',(8804.652125930001,-2694.5290088,120.145934146));
#182142=DIRECTION('Axis2P3D Direction',(-0.9835147105149434,0.1808281344279896,0));
#182143=DIRECTION('Axis2P3D XDirection',(0.1772157048549288,0.9638668961016127,-0.1988848927199201));
#182144=AXIS2_PLACEMENT_3D('Plane Axis2P3D',#182141,#182142,#182143);
#182145=PLANE('',#182144);
#182146=CARTESIAN_POINT('Line Origine',(8812.51416631,-2651.76778475,111.322556673));
#182147=DIRECTION('Vector Direction',(-0.1772157048549288,-0.9638668961016127,0.1988848927199201));
#182148=VECTOR('Line Direction',#182147,1.);
#182149=LINE('Line',#182146,#182148);
#182150=CARTESIAN_POINT('Vertex',(8814.233461059999,-2642.41663107,109.393033828));
#182151=VERTEX_POINT('',#182150);
#182152=EDGE_CURVE('',#182151,#180917,#182149,.T.);
#182153=CARTESIAN_POINT('Line Origine',(8809.0045085,-2670.85662895,114.251542342));
#182154=DIRECTION('Vector Direction',(0.1808250250079514,0.9834977985397357,-0.005864349782128424));
#182155=VECTOR('Line Direction',#182154,1.);
#182156=LINE('Line',#182153,#182155);
#182157=EDGE_CURVE('',#182110,#180931,#182156,.T.);
#182158=CARTESIAN_POINT('Line Origine',(8811.11918523,-2659.35501347,85.8887398583));
#182159=DIRECTION('Vector Direction',(0.1772157048549288,0.9638668961016127,-0.1988848927199201));
#182160=VECTOR('Line Direction',#182159,1.);
#182161=LINE('Line',#182158,#182160);
#182162=CARTESIAN_POINT('Vertex',(8813.28185404,-2647.59237159,83.4616290421));
#182163=VERTEX_POINT('',#182162);
#182164=EDGE_CURVE('',#182127,#182163,#182161,.T.);
#182165=CARTESIAN_POINT('Line Origine',(8813.757657550001,-2645.00450133,96.4273314348));
#182166=DIRECTION('Vector Direction',(0.03596398411638661,0.1956062176889272,0.9800228565946351));
#182167=VECTOR('Line Direction',#182166,1.);
#182168=LINE('Line',#182165,#182167);
#182169=EDGE_CURVE('',#182163,#182151,#182168,.T.);
#182170=EDGE_LOOP('',(#182171,#182172,#182173,#182174,#182175,#182176));
#182171=ORIENTED_EDGE('',*,*,#182152,.T.);
#182172=ORIENTED_EDGE('',*,*,#180937,.F.);
#182173=ORIENTED_EDGE('',*,*,#182157,.F.);
#182174=ORIENTED_EDGE('',*,*,#182133,.F.);
#182175=ORIENTED_EDGE('',*,*,#182164,.T.);
#182176=ORIENTED_EDGE('',*,*,#182169,.T.);
#182177=FACE_OUTER_BOUND('',#182170,.T.);
#182178=ADVANCED_FACE('PartBody',(#182177),#182145,.F.);
#182179=CARTESIAN_POINT('Axis2P3D Location',(8822.663263300001,-2646.3383963,97.8981117785));
#182180=DIRECTION('Axis2P3D Direction',(0.03596398411648647,0.1956062176889264,0.9800228565946314));
#182181=DIRECTION('Axis2P3D XDirection',(0.1772157048549288,0.9638668961016127,-0.1988848927199201));
#182182=AXIS2_PLACEMENT_3D('Cylinder Axis2P3D',#182179,#182180,#182181);
#182183=CYLINDRICAL_SURFACE('generated cylinder',#182182,9.);
#182184=CARTESIAN_POINT('Axis2P3D Location',(8823.085093449999,-2644.04408428,109.393033828));
#182185=DIRECTION('Axis2P3D Direction',(0.03596398411648647,0.1956062176889264,0.9800228565946314));
#182186=AXIS2_PLACEMENT_3D('Circle Axis2P3D',#182184,#182185,$);
#182187=CIRCLE('generated circle',#182186,9.);
#182188=EDGE_CURVE('',#182151,#180971,#182187,.F.);
#182189=CARTESIAN_POINT('Axis2P3D Location',(8822.133486430001,-2649.2198248,83.4616290421));
#182190=DIRECTION('Axis2P3D Direction',(0.03596398411648647,0.1956062176889264,0.9800228565946314));
#182191=AXIS2_PLACEMENT_3D('Circle Axis2P3D',#182189,#182190,$);
#182192=CIRCLE('generated circle',#182191,9.);
#182193=EDGE_CURVE('',#182163,#180978,#182192,.F.);
#182194=EDGE_LOOP('',(#182195,#182196,#182197,#182198));
#182195=ORIENTED_EDGE('',*,*,#180979,.F.);
#182196=ORIENTED_EDGE('',*,*,#182188,.F.);
#182197=ORIENTED_EDGE('',*,*,#182169,.F.);
#182198=ORIENTED_EDGE('',*,*,#182193,.T.);
#182199=FACE_OUTER_BOUND('',#182194,.T.);
#182200=ADVANCED_FACE('PartBody',(#182199),#182183,.F.);
#182201=B_SPLINE_SURFACE_WITH_KNOTS('',5,5,((#182202,#182203,#182204,#182205,#182206,#182207,#182208,#182209,#182210),(#182211,#182212,#182213,#182214,#182215,#182216,#182217,#182218,#182219),(#182220,#182221,#182222,#182223,#182224,#182225,#182226,#182227,#182228),(#182229,#182230,#182231,#182232,#182233,#182234,#182235,#182236,#182237),(#182238,#182239,#182240,#182241,#182242,#182243,#182244,#182245,#182246),(#182247,#182248,#182249,#182250,#182251,#182252,#182253,#182254,#182255),(#182256,#182257,#182258,#182259,#182260,#182261,#182262,#182263,#182264),(#182265,#182266,#182267,#182268,#182269,#182270,#182271,#182272,#182273),(#182274,#182275,#182276,#182277,#182278,#182279,#182280,#182281,#182282)),.UNSPECIFIED.,.F.,.F.,.U.,(6,3,6),(6,3,6),(17.857896045,26.4928568814,30.1758546575),(0.,1.84994979223,3.69989958446),.UNSPECIFIED.);
#182202=CARTESIAN_POINT('Control Point',(8814.86153226,-2679.31420517,88.9264633066));
#182203=CARTESIAN_POINT('Control Point',(8814.857269030001,-2679.31390921,88.4190960841));
#182204=CARTESIAN_POINT('Control Point',(8814.86426368,-2679.23396283,87.9116785219));
#182205=CARTESIAN_POINT('Control Point',(8814.88266646,-2679.0743246,87.421229688));
#182206=CARTESIAN_POINT('Control Point',(8814.941013739999,-2678.60671997,86.5082215163));
#182207=CARTESIAN_POINT('Control Point',(8815.037237230001,-2677.88258423,85.7857182386));
#182208=CARTESIAN_POINT('Control Point',(8815.093528130001,-2677.46633431,85.4858341426));
#182209=CARTESIAN_POINT('Control Point',(8815.15604987,-2677.01030946,85.25769963729999));
#182210=CARTESIAN_POINT('Control Point',(8815.22256858,-2676.53061574,85.10634233490001));
#182211=CARTESIAN_POINT('Control Point',(8813.290108429999,-2679.09209299,88.9322001872));
#182212=CARTESIAN_POINT('Control Point',(8813.309008009999,-2679.09409689,88.425339974));
#182213=CARTESIAN_POINT('Control Point',(8813.35719275,-2679.01922349,87.9184291234));
#182214=CARTESIAN_POINT('Control Point',(8813.43404715,-2678.86735625,87.42842246479999));
#182215=CARTESIAN_POINT('Control Point',(8813.639776939999,-2678.42011993,86.51604198939999));
#182216=CARTESIAN_POINT('Control Point',(8813.93278366,-2677.72425731,85.7934828851));
#182217=CARTESIAN_POINT('Control Point',(8814.09694234,-2677.32368612,85.4933569019));
#182218=CARTESIAN_POINT('Control Point',(8814.273080000001,-2676.88429833,85.2647452378));
#182219=CARTESIAN_POINT('Control Point',(8814.4550936,-2676.42158546,85.1126853983));
#182220=CARTESIAN_POINT('Control Point',(8811.779921830001,-2678.42450888,88.89871726449999));
#182221=CARTESIAN_POINT('Control Point',(8811.820717299999,-2678.44186235,88.38889004329999));
#182222=CARTESIAN_POINT('Control Point',(8811.9081757,-2678.38872347,87.879013939));
#182223=CARTESIAN_POINT('Control Point',(8812.040973859999,-2678.26446324,87.3864198819));
#182224=CARTESIAN_POINT('Control Point',(8812.388079,-2677.88245784,86.4703672479));
#182225=CARTESIAN_POINT('Control Point',(8812.87033578,-2677.26759719,85.7481364035));
#182226=CARTESIAN_POINT('Control Point',(8813.13832824,-2676.91040642,85.4494266171));
#182227=CARTESIAN_POINT('Control Point',(8813.423912619999,-2676.516017,85.22360721539999));
#182228=CARTESIAN_POINT('Control Point',(8813.717244809999,-2676.09865999,85.0756567648));
#182229=CARTESIAN_POINT('Control Point',(8810.5079465,-2677.33424503,88.8251781535));
#182230=CARTESIAN_POINT('Control Point',(8810.559452289999,-2677.37957398,88.3089338054));
#182231=CARTESIAN_POINT('Control Point',(8810.674268049999,-2677.36415804,87.79264425149999));
#182232=CARTESIAN_POINT('Control Point',(8810.850628669999,-2677.28643922,87.29445196970001));
#182233=CARTESIAN_POINT('Control Point',(8811.31380079,-2677.01233665,86.3704453965));
#182234=CARTESIAN_POINT('Control Point',(8811.95938081,-2676.52840032,85.64890804060001));
#182235=CARTESIAN_POINT('Control Point',(8812.318209720001,-2676.24077442,85.35325413370001));
#182236=CARTESIAN_POINT('Control Point',(8812.70025806,-2675.91815841,85.133474682));
#182237=CARTESIAN_POINT('Control Point',(8813.091968500001,-2675.5729215,84.99443184179999));
#182238=CARTESIAN_POINT('Control Point',(8809.23641668,-2675.36510626,88.676162007));
#182239=CARTESIAN_POINT('Control Point',(8809.27895256,-2675.45020973,88.1459497996));
#182240=CARTESIAN_POINT('Control Point',(8809.40629682,-2675.49525946,87.6157015953));
#182241=CARTESIAN_POINT('Control Point',(8809.616855800001,-2675.49706897,87.1053453885));
#182242=CARTESIAN_POINT('Control Point',(8810.18798846,-2675.41443297,86.16414364009999));
#182243=CARTESIAN_POINT('Control Point',(8811.0068864,-2675.17266076,85.4442816251));
#182244=CARTESIAN_POINT('Control Point',(8811.465305559999,-2675.0152683,85.1553508179));
#182245=CARTESIAN_POINT('Control Point',(8811.95494044,-2674.82785503,84.94871044750001));
#182246=CARTESIAN_POINT('Control Point',(8812.45700416,-2674.61866188,84.8288584159));
#182247=CARTESIAN_POINT('Control Point',(8808.832284419999,-2673.13343074,88.4909076316));
#182248=CARTESIAN_POINT('Control Point',(8808.84440563,-2673.24113155,87.9411753926));
#182249=CARTESIAN_POINT('Control Point',(8808.95461587,-2673.33798993,87.3914217813));
#182250=CARTESIAN_POINT('Control Point',(8809.162499309999,-2673.41960076,86.86411614239999));
#182251=CARTESIAN_POINT('Control Point',(8809.75594682,-2673.54547446,85.8991603118));
#182252=CARTESIAN_POINT('Control Point',(8810.64397058,-2673.58998545,85.1820268824));
#182253=CARTESIAN_POINT('Control Point',(8811.146565929999,-2673.59019523,84.9026578854));
#182254=CARTESIAN_POINT('Control Point',(8811.686426120001,-2673.56842502,84.714357116));
#182255=CARTESIAN_POINT('Control Point',(8812.24088738,-2673.52648388,84.6208688694));
#182256=CARTESIAN_POINT('Control Point',(8808.79272822,-2672.45523069,88.4332948503));
#182257=CARTESIAN_POINT('Control Point',(8808.794258149999,-2672.56753531,87.87728404249999));
#182258=CARTESIAN_POINT('Control Point',(8808.896945349999,-2672.67844348,87.3212567052));
#182259=CARTESIAN_POINT('Control Point',(8809.100808880001,-2672.78325128,86.78850364669999));
#182260=CARTESIAN_POINT('Control Point',(8809.69310022,-2672.97161361,85.8159314861));
#182261=CARTESIAN_POINT('Control Point',(8810.591766269999,-2673.10431468,85.0997094957));
#182262=CARTESIAN_POINT('Control Point',(8811.10215262,-2673.15343328,84.8234305312));
#182263=CARTESIAN_POINT('Control Point',(8811.651371890001,-2673.1832642,84.6410266493));
#182264=CARTESIAN_POINT('Control Point',(8812.21576596,-2673.19348292,84.55597860340001));
#182265=CARTESIAN_POINT('Control Point',(8808.83489935,-2671.77912783,88.37457182289999));
#182266=CARTESIAN_POINT('Control Point',(8808.825142060001,-2671.89343371,87.8119118796));
#182267=CARTESIAN_POINT('Control Point',(8808.918496640001,-2672.01638837,87.2492406736));
#182268=CARTESIAN_POINT('Control Point',(8809.11547875,-2672.14308886,86.71072385479999));
#182269=CARTESIAN_POINT('Control Point',(8809.69905967,-2672.39270343,85.7301147885));
#182270=CARTESIAN_POINT('Control Point',(8810.59786966,-2672.61468172,85.0148985602));
#182271=CARTESIAN_POINT('Control Point',(8811.11024109,-2672.71373112,84.741909373));
#182272=CARTESIAN_POINT('Control Point',(8811.662678729999,-2672.79647127,84.56574790560001));
#182273=CARTESIAN_POINT('Control Point',(8812.230757200001,-2672.86024027,84.4895908571));
#182274=CARTESIAN_POINT('Control Point',(8808.95651856,-2671.11764986,88.31585029030001));
#182275=CARTESIAN_POINT('Control Point',(8808.935616500001,-2671.23133223,87.7462813921));
#182276=CARTESIAN_POINT('Control Point',(8809.018509789999,-2671.36409957,87.17670682000001));
#182277=CARTESIAN_POINT('Control Point',(8809.20623347,-2671.51096717,86.63220636440001));
#182278=CARTESIAN_POINT('Control Point',(8809.774117319999,-2671.81943496,85.64327636660001));
#182279=CARTESIAN_POINT('Control Point',(8810.66244335,-2672.1301165,84.9291471766));
#182280=CARTESIAN_POINT('Control Point',(8811.170780349999,-2672.27919903,84.65959427839999));
#182281=CARTESIAN_POINT('Control Point',(8811.7199888,-2672.41518786,84.4899164215));
#182282=CARTESIAN_POINT('Control Point',(8812.28516471,-2672.5329191,84.4229489395));
#182283=B_SPLINE_CURVE_WITH_KNOTS('',5,(#182284,#182285,#182286,#182287,#182288,#182289),.UNSPECIFIED.,.F.,.U.,(6,6),(0.,3.46468222547),.UNSPECIFIED.);
#182284=CARTESIAN_POINT('Control Point',(8808.95651856,-2671.11764986,88.31585029030001));
#182285=CARTESIAN_POINT('Control Point',(8808.917372080001,-2671.33056012,87.24913202259999));
#182286=CARTESIAN_POINT('Control Point',(8809.24170398,-2671.6103886,86.1819815784));
#182287=CARTESIAN_POINT('Control Point',(8809.939815829999,-2671.9245353,85.28156903519999));
#182288=CARTESIAN_POINT('Control Point',(8810.89016857,-2672.21830828,84.7046533835));
#182289=CARTESIAN_POINT('Control Point',(8811.928951489999,-2672.45522922,84.4820579452));
#182290=EDGE_CURVE('',#181363,#182127,#182283,.F.);
#182291=B_SPLINE_CURVE_WITH_KNOTS('',4,(#182292,#182293,#182294,#182295,#182296),.UNSPECIFIED.,.F.,.U.,(5,5),(0.,2.3814757476),.UNSPECIFIED.);
#182292=CARTESIAN_POINT('Control Point',(8814.86153226,-2679.31420517,88.9264633066));
#182293=CARTESIAN_POINT('Control Point',(8814.854672089999,-2679.31372893,88.1100338956));
#182294=CARTESIAN_POINT('Control Point',(8814.87894859,-2679.09290212,87.2925329494));
#182295=CARTESIAN_POINT('Control Point',(8814.93491718,-2678.65358248,86.5703644593));
#182296=CARTESIAN_POINT('Control Point',(8815.013486059999,-2678.06413793,86.0109127728));
#182297=EDGE_CURVE('',#181382,#182117,#182291,.F.);
#182298=EDGE_LOOP('',(#182299,#182300,#182301,#182302));
#182299=ORIENTED_EDGE('',*,*,#181383,.T.);
#182300=ORIENTED_EDGE('',*,*,#182290,.T.);
#182301=ORIENTED_EDGE('',*,*,#182128,.F.);
#182302=ORIENTED_EDGE('',*,*,#182297,.F.);
#182303=FACE_OUTER_BOUND('',#182298,.T.);
#182304=ADVANCED_FACE('PartBody',(#182303),#182201,.F.);
#182305=CARTESIAN_POINT('Axis2P3D Location',(8815.27180694,-2658.88957406,85.6434520454));
#182306=DIRECTION('Axis2P3D Direction',(0.1772157048549288,0.9638668961016127,-0.1988848927199201));
#182307=DIRECTION('Axis2P3D XDirection',(-0.03596398411628673,-0.1956062176889279,-0.9800228565946385));
#182308=AXIS2_PLACEMENT_3D('Cylinder Axis2P3D',#182305,#182306,#182307);
#182309=CYLINDRICAL_SURFACE('generated cylinder',#182308,4.);
#182310=CARTESIAN_POINT('Axis2P3D Location',(8817.215912879999,-2648.31568413,83.4616290421));
#182311=DIRECTION('Axis2P3D Direction',(0.1772157048549288,0.9638668961016127,-0.1988848927199201));
#182312=AXIS2_PLACEMENT_3D('Circle Axis2P3D',#182310,#182311,$);
#182313=CIRCLE('generated circle',#182312,4.);
#182314=EDGE_CURVE('',#181444,#182163,#182313,.T.);
#182315=EDGE_LOOP('',(#182316,#182317,#182318,#182319,#182320));
#182316=ORIENTED_EDGE('',*,*,#181364,.F.);
#182317=ORIENTED_EDGE('',*,*,#181449,.F.);
#182318=ORIENTED_EDGE('',*,*,#182314,.T.);
#182319=ORIENTED_EDGE('',*,*,#182164,.F.);
#182320=ORIENTED_EDGE('',*,*,#182290,.F.);
#182321=FACE_OUTER_BOUND('',#182315,.T.);
#182322=ADVANCED_FACE('PartBody',(#182321),#182309,.F.);
#182323=CARTESIAN_POINT('Axis2P3D Location',(8822.133486430001,-2649.2198248,83.4616290421));
#182324=DIRECTION('Axis2P3D Direction',(0.03596398411648647,0.1956062176889264,0.9800228565946314));
#182325=DIRECTION('Axis2P3D XDirection',(0.1772157048549288,0.9638668961016127,-0.1988848927199201));
#182326=AXIS2_PLACEMENT_3D('Torus Axis2P3D',#182323,#182324,#182325);
#182327=TOROIDAL_SURFACE('homeo Torus',#182326,5.,4.);
#182328=EDGE_LOOP('',(#182329,#182330,#182331,#182332));
#182329=ORIENTED_EDGE('',*,*,#181445,.T.);
#182330=ORIENTED_EDGE('',*,*,#180990,.F.);
#182331=ORIENTED_EDGE('',*,*,#182193,.F.);
#182332=ORIENTED_EDGE('',*,*,#182314,.F.);
#182333=FACE_OUTER_BOUND('',#182328,.T.);
#182334=ADVANCED_FACE('PartBody',(#182333),#182327,.F.);
#182335=CARTESIAN_POINT('Axis2P3D Location',(8857.90115417,-2681.35790923,88.5636134209));
#182336=DIRECTION('Axis2P3D Direction',(-0.9901229836961432,0.1399495993290202,0.008401595342171215));
#182337=DIRECTION('Axis2P3D XDirection',(-0.03596398411638661,-0.1956062176889272,-0.9800228565946351));
#182338=AXIS2_PLACEMENT_3D('Cylinder Axis2P3D',#182335,#182336,#182337);
#182339=CYLINDRICAL_SURFACE('generated cylinder',#182338,4.);
#182340=B_SPLINE_CURVE_WITH_KNOTS('',3,(#182341,#182342,#182343,#182344),.UNSPECIFIED.,.F.,.U.,(4,4),(3.19641679232,4.69707773183),.UNSPECIFIED.);
#182341=CARTESIAN_POINT('Control Point',(8867.43480624,-2686.60453467,87.4317109541));
#182342=CARTESIAN_POINT('Control Point',(8867.42196985,-2686.69616609,87.7731038446));
#182343=CARTESIAN_POINT('Control Point',(8867.415435000001,-2686.74268408,88.1268129641));
#182344=CARTESIAN_POINT('Control Point',(8867.41542913,-2686.7424697,88.4805220746));
#182345=CARTESIAN_POINT('Vertex',(8867.41542913,-2686.7424697,88.4805220746));
#182346=VERTEX_POINT('',#182345);
#182347=EDGE_CURVE('',#181734,#182346,#182340,.T.);
#182348=CARTESIAN_POINT('Line Origine',(8857.341356000001,-2685.31854305,88.5660046735));
#182349=DIRECTION('Vector Direction',(-0.9901229836961432,0.1399495993290202,0.008401595342171215));
#182350=VECTOR('Line Direction',#182349,1.);
#182351=LINE('Line',#182348,#182350);
#182352=EDGE_CURVE('',#182346,#182117,#182351,.T.);
#182353=EDGE_LOOP('',(#182354,#182355,#182356,#182357,#182358));
#182354=ORIENTED_EDGE('',*,*,#182347,.F.);
#182355=ORIENTED_EDGE('',*,*,#181735,.F.);
#182356=ORIENTED_EDGE('',*,*,#181396,.T.);
#182357=ORIENTED_EDGE('',*,*,#182297,.T.);
#182358=ORIENTED_EDGE('',*,*,#182352,.F.);
#182359=FACE_OUTER_BOUND('',#182353,.T.);
#182360=ADVANCED_FACE('PartBody',(#182359),#182339,.F.);
#182361=CARTESIAN_POINT('Axis2P3D Location',(8820.971953280001,-2655.53734252,51.8097120516));
#182362=DIRECTION('Axis2P3D Direction',(0.03596398411638661,0.1956062176889272,0.9800228565946351));
#182363=DIRECTION('Axis2P3D XDirection',(0.1772157048549288,0.9638668961016127,-0.1988848927199201));
#182364=AXIS2_PLACEMENT_3D('Cylinder Axis2P3D',#182361,#182362,#182363);
#182365=CYLINDRICAL_SURFACE('generated cylinder',#182364,9.);
#182366=CARTESIAN_POINT('Axis2P3D Location',(8821.563771970001,-2652.31847182,67.9368418234));
#182367=DIRECTION('Axis2P3D Direction',(0.03596398411638661,0.1956062176889272,0.9800228565946351));
#182368=AXIS2_PLACEMENT_3D('Circle Axis2P3D',#182366,#182367,$);
#182369=CIRCLE('generated circle',#182368,9.);
#182370=CARTESIAN_POINT('Vertex',(8812.71213957,-2650.69101861,67.9368418234));
#182371=VERTEX_POINT('',#182370);
#182372=EDGE_CURVE('',#182371,#181658,#182369,.F.);
#182373=CARTESIAN_POINT('Line Origine',(8812.120320890001,-2653.90988931,51.8097120516));
#182374=DIRECTION('Vector Direction',(0.03596398411638661,0.1956062176889272,0.9800228565946351));
#182375=VECTOR('Line Direction',#182374,1.);
#182376=LINE('Line',#182373,#182375);
#182377=EDGE_CURVE('',#181220,#182371,#182376,.T.);
#182378=EDGE_LOOP('',(#182379,#182380,#182381,#182382));
#182379=ORIENTED_EDGE('',*,*,#181221,.F.);
#182380=ORIENTED_EDGE('',*,*,#181666,.T.);
#182381=ORIENTED_EDGE('',*,*,#182372,.F.);
#182382=ORIENTED_EDGE('',*,*,#182377,.F.);
#182383=FACE_OUTER_BOUND('',#182378,.T.);
#182384=ADVANCED_FACE('PartBody',(#182383),#182365,.F.);
#182385=B_SPLINE_SURFACE_WITH_KNOTS('',5,5,((#182386,#182387,#182388,#182389,#182390,#182391,#182392,#182393,#182394),(#182395,#182396,#182397,#182398,#182399,#182400,#182401,#182402,#182403),(#182404,#182405,#182406,#182407,#182408,#182409,#182410,#182411,#182412),(#182413,#182414,#182415,#182416,#182417,#182418,#182419,#182420,#182421),(#182422,#182423,#182424,#182425,#182426,#182427,#182428,#182429,#182430),(#182431,#182432,#182433,#182434,#182435,#182436,#182437,#182438,#182439)),.UNSPECIFIED.,.F.,.F.,.U.,(6,6),(6,3,6),(24.261178087,31.276118985),(0.,2.,4.),.UNSPECIFIED.);
#182386=CARTESIAN_POINT('Control Point',(8816.79005317,-2650.63191221,71.85694163639999));
#182387=CARTESIAN_POINT('Control Point',(8816.172092659999,-2650.51829447,71.85694162119999));
#182388=CARTESIAN_POINT('Control Point',(8815.54968652,-2650.42880123,71.73606321379999));
#182389=CARTESIAN_POINT('Control Point',(8814.954645899999,-2650.36931875,71.4941247189));
#182390=CARTESIAN_POINT('Control Point',(8813.88347766,-2650.31678634,70.7942468384));
#182391=CARTESIAN_POINT('Control Point',(8813.142876739999,-2650.39557805,69.7524732431));
#182392=CARTESIAN_POINT('Control Point',(8812.878642449999,-2650.46751464,69.1683918319));
#182393=CARTESIAN_POINT('Control Point',(8812.734736439999,-2650.56811461,68.5526153039));
#182394=CARTESIAN_POINT('Control Point',(8812.71213982,-2650.69101642,67.9368485346));
#182395=CARTESIAN_POINT('Control Point',(8816.9107934,-2649.9752137,71.72143942859999));
#182396=CARTESIAN_POINT('Control Point',(8816.308005430001,-2649.77907283,71.70441171660001));
#182397=CARTESIAN_POINT('Control Point',(8815.700772079999,-2649.60705516,71.5665053009));
#182398=CARTESIAN_POINT('Control Point',(8815.12012329,-2649.46929594,71.3084152159));
#182399=CARTESIAN_POINT('Control Point',(8814.074624499999,-2649.27714838,70.5797291107));
#182400=CARTESIAN_POINT('Control Point',(8813.35126879,-2649.26214475,69.5186016051));
#182401=CARTESIAN_POINT('Control Point',(8813.09299601,-2649.30165755,68.927829754));
#182402=CARTESIAN_POINT('Control Point',(8812.952068590001,-2649.38605783,68.30871045719999));
#182403=CARTESIAN_POINT('Control Point',(8812.92947214,-2649.50895969,67.6929435819));
#182404=CARTESIAN_POINT('Control Point',(8817.1456834,-2649.33941929,71.5859205821));
#182405=CARTESIAN_POINT('Control Point',(8816.57241246,-2649.06338211,71.5518630677));
#182406=CARTESIAN_POINT('Control Point',(8815.994696600001,-2648.81146687,71.39692653829999));
#182407=CARTESIAN_POINT('Control Point',(8815.442045989999,-2648.59792257,71.12268286680001));
#182408=CARTESIAN_POINT('Control Point',(8814.44648509,-2648.27060399,70.36518497909999));
#182409=CARTESIAN_POINT('Control Point',(8813.75667845,-2648.1647907,69.28470118209999));
#182410=CARTESIAN_POINT('Control Point',(8813.51000319,-2648.17291185,68.6872380718));
#182411=CARTESIAN_POINT('Control Point',(8813.374870260001,-2648.24162815,68.0647756028));
#182412=CARTESIAN_POINT('Control Point',(8813.352273959999,-2648.36453012,67.44900863300001));
#182413=CARTESIAN_POINT('Control Point',(8817.490099660001,-2648.75021875,71.4556822207));
#182414=CARTESIAN_POINT('Control Point',(8816.960109379999,-2648.40014016,71.4052584136));
#182415=CARTESIAN_POINT('Control Point',(8816.425674870001,-2648.07418235,71.23395529219999));
#182416=CARTESIAN_POINT('Control Point',(8815.91407785,-2647.7904066,70.94418740570001));
#182417=CARTESIAN_POINT('Control Point',(8814.99174057,-2647.33782254,70.1590002957));
#182418=CARTESIAN_POINT('Control Point',(8814.35112666,-2647.14785432,69.0599143729));
#182419=CARTESIAN_POINT('Control Point',(8814.12145671,-2647.12688428,68.4560207145));
#182420=CARTESIAN_POINT('Control Point',(8813.99482011,-2647.18106599,67.8303453394));
#182421=CARTESIAN_POINT('Control Point',(8813.972223930001,-2647.30396812,67.21457829089999));
#182422=CARTESIAN_POINT('Control Point',(8817.930102370001,-2648.23106615,71.3359171237));
#182423=CARTESIAN_POINT('Control Point',(8817.45540445,-2647.81574884,71.2704431762));
#182424=CARTESIAN_POINT('Control Point',(8816.97626315,-2647.42455129,71.0840896393));
#182425=CARTESIAN_POINT('Control Point',(8816.51711332,-2647.07889382,70.7800459723));
#182426=CARTESIAN_POINT('Control Point',(8815.688321400001,-2646.51593696,69.9693963687));
#182427=CARTESIAN_POINT('Control Point',(8815.11055259,-2646.25181891,68.8532042846));
#182428=CARTESIAN_POINT('Control Point',(8814.90260738,-2646.20521633,68.2433972196));
#182429=CARTESIAN_POINT('Control Point',(8814.786825020001,-2646.2465915,67.61476732369999));
#182430=CARTESIAN_POINT('Control Point',(8814.7642289,-2646.36949381,66.9990002121));
#182431=CARTESIAN_POINT('Control Point',(8818.4458459,-2647.79859748,71.230673963));
#182432=CARTESIAN_POINT('Control Point',(8818.03595818,-2647.32893449,71.151974759));
#182433=CARTESIAN_POINT('Control Point',(8817.62162813,-2646.88339041,70.95239572369999));
#182434=CARTESIAN_POINT('Control Point',(8817.22395358,-2646.48618374,70.63580726639999));
#182435=CARTESIAN_POINT('Control Point',(8816.504809599999,-2645.83128326,69.80278259089999));
#182436=CARTESIAN_POINT('Control Point',(8816.00070379,-2645.50539636,68.6715585354));
#182437=CARTESIAN_POINT('Control Point',(8815.818222899999,-2645.43744118,68.05655509));
#182438=CARTESIAN_POINT('Control Point',(8815.715163139999,-2645.46814816,67.425328925));
#182439=CARTESIAN_POINT('Control Point',(8815.69256702,-2645.59105065,66.8095617641));
#182440=B_SPLINE_CURVE_WITH_KNOTS('',5,(#182441,#182442,#182443,#182444,#182445,#182446,#182447,#182448,#182449),.UNSPECIFIED.,.F.,.U.,(6,3,6),(24.261178087,25.4702231618,28.8103277826),.UNSPECIFIED.);
#182441=CARTESIAN_POINT('Control Point',(8816.79005317,-2650.63191221,71.85694163639999));
#182442=CARTESIAN_POINT('Control Point',(8816.8108631,-2650.51872835,71.8335874444));
#182443=CARTESIAN_POINT('Control Point',(8816.835063889999,-2650.40616546,71.8102327581));
#182444=CARTESIAN_POINT('Control Point',(8816.86263188,-2650.29435396,71.7869044807));
#182445=CARTESIAN_POINT('Control Point',(8816.97890937,-2649.87696651,71.6993304943));
#182446=CARTESIAN_POINT('Control Point',(8817.14184658,-2649.47385625,71.6128938553));
#182447=CARTESIAN_POINT('Control Point',(8817.28579557,-2649.18826882,71.5506105775));
#182448=CARTESIAN_POINT('Control Point',(8817.45277815,-2648.91558195,71.4900568859));
#182449=CARTESIAN_POINT('Control Point',(8817.64114648,-2648.65804286,71.43174177509999));
#182450=CARTESIAN_POINT('Vertex',(8816.79005317,-2650.63191221,71.85694163639999));
#182451=VERTEX_POINT('',#182450);
#182452=EDGE_CURVE('',#182451,#182047,#182440,.T.);
#182453=B_SPLINE_CURVE_WITH_KNOTS('',5,(#182454,#182455,#182456,#182457,#182458,#182459),.UNSPECIFIED.,.F.,.U.,(6,6),(0.,4.),.UNSPECIFIED.);
#182454=CARTESIAN_POINT('Control Point',(8816.79005317,-2650.63191221,71.85694163639999));
#182455=CARTESIAN_POINT('Control Point',(8815.55413215,-2650.40467673,71.85694160600001));
#182456=CARTESIAN_POINT('Control Point',(8814.29936173,-2650.27347829,71.37471131869999));
#182457=CARTESIAN_POINT('Control Point',(8813.28651672,-2650.2881582,70.4010646526));
#182458=CARTESIAN_POINT('Control Point',(8812.757333060001,-2650.4452128,69.16838207319999));
#182459=CARTESIAN_POINT('Control Point',(8812.71213982,-2650.69101642,67.9368485346));
#182460=EDGE_CURVE('',#182371,#182451,#182453,.F.);
#182461=EDGE_LOOP('',(#182462,#182463,#182464,#182465,#182466));
#182462=ORIENTED_EDGE('',*,*,#181661,.T.);
#182463=ORIENTED_EDGE('',*,*,#182068,.F.);
#182464=ORIENTED_EDGE('',*,*,#182452,.F.);
#182465=ORIENTED_EDGE('',*,*,#182460,.F.);
#182466=ORIENTED_EDGE('',*,*,#182372,.T.);
#182467=FACE_OUTER_BOUND('',#182461,.T.);
#182468=ADVANCED_FACE('PartBody',(#182467),#182385,.F.);
#182469=CARTESIAN_POINT('Axis2P3D Location',(8807.46397716,-2679.23549786,75.04377992080001));
#182470=DIRECTION('Axis2P3D Direction',(0.001672976699289635,0.009099232258908012,-0.9999572016447815));
#182471=DIRECTION('Axis2P3D XDirection',(0.1808203952810085,0.9834726177030463,0.009251750036500436));
#182472=AXIS2_PLACEMENT_3D('Plane Axis2P3D',#182469,#182470,#182471);
#182473=PLANE('',#182472);
#182474=CARTESIAN_POINT('Line Origine',(8841.92783649,-2679.02048884,75.10339612289999));
#182475=DIRECTION('Vector Direction',(0.9903107013328079,-0.1388688598369731,0.0003931835468129237));
#182476=VECTOR('Line Direction',#182475,1.);
#182477=LINE('Line',#182474,#182476);
#182478=CARTESIAN_POINT('Vertex',(8815.43355041,-2675.30525957,75.0928770834));
#182479=VERTEX_POINT('',#182478);
#182480=EDGE_CURVE('',#181779,#182479,#182477,.F.);
#182481=CARTESIAN_POINT('Axis2P3D Location',(8815.85012843,-2672.33445265,75.1206072578));
#182482=DIRECTION('Axis2P3D Direction',(0.001672976699289635,0.009099232258908012,-0.9999572016447815));
#182483=AXIS2_PLACEMENT_3D('Circle Axis2P3D',#182481,#182482,$);
#182484=CIRCLE('generated circle',#182483,3.);
#182485=CARTESIAN_POINT('Vertex',(8812.899584299999,-2671.79196824,75.1206072578));
#182486=VERTEX_POINT('',#182485);
#182487=EDGE_CURVE('',#182479,#182486,#182484,.T.);
#182488=CARTESIAN_POINT('Line Origine',(8813.331332289999,-2669.44371359,75.142697822));
#182489=DIRECTION('Vector Direction',(-0.1808203952810085,-0.9834726177030463,-0.009251750036500436));
#182490=VECTOR('Line Direction',#182489,1.);
#182491=LINE('Line',#182488,#182490);
#182492=CARTESIAN_POINT('Vertex',(8813.76308029,-2667.09545894,75.1647883862));
#182493=VERTEX_POINT('',#182492);
#182494=EDGE_CURVE('',#182486,#182493,#182491,.F.);
#182495=CARTESIAN_POINT('Line Origine',(8814.669460130001,-2667.26210513,75.1647883862));
#182496=DIRECTION('Vector Direction',(0.9835147105149434,-0.1808281344279896,0));
#182497=VECTOR('Line Direction',#182496,1.);
#182498=LINE('Line',#182495,#182497);
#182499=EDGE_CURVE('',#182493,#182003,#182498,.T.);
#182500=EDGE_LOOP('',(#182501,#182502,#182503,#182504,#182505,#182506,#182507));
#182501=ORIENTED_EDGE('',*,*,#182480,.T.);
#182502=ORIENTED_EDGE('',*,*,#182487,.T.);
#182503=ORIENTED_EDGE('',*,*,#182494,.T.);
#182504=ORIENTED_EDGE('',*,*,#182499,.T.);
#182505=ORIENTED_EDGE('',*,*,#182004,.T.);
#182506=ORIENTED_EDGE('',*,*,#181973,.F.);
#182507=ORIENTED_EDGE('',*,*,#181791,.T.);
#182508=FACE_OUTER_BOUND('',#182500,.T.);
#182509=ADVANCED_FACE('PartBody',(#182508),#182473,.T.);
#182510=CARTESIAN_POINT('Axis2P3D Location',(8815.881375999999,-2672.16449875,56.4435787149));
#182511=DIRECTION('Axis2P3D Direction',(-0.001672976699309634,-0.009099232258898011,0.9999572016447815));
#182512=DIRECTION('Axis2P3D XDirection',(-0.9835147105149434,0.1808281344279896,-1.886153993409891e-14));
#182513=AXIS2_PLACEMENT_3D('Cylinder Axis2P3D',#182510,#182511,#182512);
#182514=CYLINDRICAL_SURFACE('generated cylinder',#182513,7.);
#182515=B_SPLINE_CURVE_WITH_KNOTS('',5,(#182516,#182517,#182518,#182519,#182520,#182521),.UNSPECIFIED.,.F.,.U.,(6,6),(0.,15.9708339913),.UNSPECIFIED.);
#182516=CARTESIAN_POINT('Control Point',(8814.929222090001,-2678.98835614,44.5074540191));
#182517=CARTESIAN_POINT('Control Point',(8812.692490130001,-2678.67470131,44.506207344));
#182518=CARTESIAN_POINT('Control Point',(8810.5793366,-2677.46145295,44.5167430626));
#182519=CARTESIAN_POINT('Control Point',(8809.09249345,-2675.39997283,44.539585771));
#182520=CARTESIAN_POINT('Control Point',(8808.608203719999,-2673.01210982,44.5689527384));
#182521=CARTESIAN_POINT('Control Point',(8809.016590769999,-2670.79091414,44.5982872468));
#182522=CARTESIAN_POINT('Vertex',(8814.929222090001,-2678.98835614,44.5074540191));
#182523=VERTEX_POINT('',#182522);
#182524=CARTESIAN_POINT('Vertex',(8809.016590769999,-2670.79091414,44.5982872468));
#182525=VERTEX_POINT('',#182524);
#182526=EDGE_CURVE('',#182523,#182525,#182515,.T.);
#182527=CARTESIAN_POINT('Line Origine',(8808.99677303,-2670.89870181,56.4435787149));
#182528=DIRECTION('Vector Direction',(-0.001672976699309634,-0.009099232258898011,0.9999572016447815));
#182529=VECTOR('Line Direction',#182528,1.);
#182530=LINE('Line',#182527,#182529);
#182531=CARTESIAN_POINT('Vertex',(8808.97221736,-2671.03225878,71.1207784512));
#182532=VERTEX_POINT('',#182531);
#182533=EDGE_CURVE('',#182525,#182532,#182530,.T.);
#182534=CARTESIAN_POINT('Axis2P3D Location',(8815.85682033,-2672.29805572,71.1207784512));
#182535=DIRECTION('Axis2P3D Direction',(-0.001672976699309634,-0.009099232258898011,0.9999572016447815));
#182536=AXIS2_PLACEMENT_3D('Circle Axis2P3D',#182534,#182535,$);
#182537=CIRCLE('generated circle',#182536,7.);
#182538=CARTESIAN_POINT('Vertex',(8814.88480496,-2679.22993855,71.05607471099999));
#182539=VERTEX_POINT('',#182538);
#182540=EDGE_CURVE('',#182539,#182532,#182537,.F.);
#182541=CARTESIAN_POINT('Line Origine',(8814.909360629999,-2679.09638158,56.3788749747));
#182542=DIRECTION('Vector Direction',(-0.001672976699309634,-0.009099232258898011,0.9999572016447815));
#182543=VECTOR('Line Direction',#182542,1.);
#182544=LINE('Line',#182541,#182543);
#182545=EDGE_CURVE('',#182523,#182539,#182544,.T.);
#182546=EDGE_LOOP('',(#182547,#182548,#182549,#182550));
#182547=ORIENTED_EDGE('',*,*,#182526,.T.);
#182548=ORIENTED_EDGE('',*,*,#182533,.T.);
#182549=ORIENTED_EDGE('',*,*,#182540,.F.);
#182550=ORIENTED_EDGE('',*,*,#182545,.F.);
#182551=FACE_OUTER_BOUND('',#182546,.T.);
#182552=ADVANCED_FACE('PartBody',(#182551),#182514,.F.);
#182553=CARTESIAN_POINT('Axis2P3D Location',(-4.71014768449,-25.6182454741,-128.353392934));
#182554=DIRECTION('Axis2P3D Direction',(-0.03596363245351276,-0.1956043050130694,-0.9800232512553479));
#182555=DIRECTION('Axis2P3D XDirection',(0.9835147105149434,-0.1808281344279896,1.167989290429933e-17));
#182556=AXIS2_PLACEMENT_3D('Plane Axis2P3D',#182553,#182554,#182555);
#182557=PLANE('',#182556);
#182558=CARTESIAN_POINT('Line Origine',(8814.642434249999,-2666.41064269,75.08505258469999));
#182559=DIRECTION('Vector Direction',(0.9835147105149434,-0.1808281344279896,0));
#182560=VECTOR('Line Direction',#182559,1.);
#182561=LINE('Line',#182558,#182560);
#182562=CARTESIAN_POINT('Vertex',(8813.91362673,-2666.27664479,75.08505258469999));
#182563=VERTEX_POINT('',#182562);
#182564=EDGE_CURVE('',#182563,#182012,#182561,.T.);
#182565=CARTESIAN_POINT('Line Origine',(8815.35183996,-2658.45427868,73.4709971444));
#182566=DIRECTION('Vector Direction',(0.1772157762200797,0.9638672842564336,-0.1988829479840895));
#182567=VECTOR('Line Direction',#182566,1.);
#182568=LINE('Line',#182565,#182567);
#182569=EDGE_CURVE('',#182563,#182451,#182568,.T.);
#182570=EDGE_LOOP('',(#182571,#182572,#182573,#182574,#182575));
#182571=ORIENTED_EDGE('',*,*,#182564,.F.);
#182572=ORIENTED_EDGE('',*,*,#182569,.T.);
#182573=ORIENTED_EDGE('',*,*,#182452,.T.);
#182574=ORIENTED_EDGE('',*,*,#182048,.F.);
#182575=ORIENTED_EDGE('',*,*,#182022,.T.);
#182576=FACE_OUTER_BOUND('',#182570,.T.);
#182577=ADVANCED_FACE('PartBody',(#182576),#182557,.T.);
#182578=CARTESIAN_POINT('Axis2P3D Location',(8805.886288399999,-2687.81646406,86.10721314049999));
#182579=DIRECTION('Axis2P3D Direction',(-0.9835147105149434,0.1808281344279896,-2.081668171169881e-17));
#182580=DIRECTION('Axis2P3D XDirection',(0.1772157762200797,0.9638672842564336,-0.1988829479840895));
#182581=AXIS2_PLACEMENT_3D('Plane Axis2P3D',#182578,#182579,#182580);
#182582=PLANE('',#182581);
#182583=CARTESIAN_POINT('Line Origine',(8809.0618008,-2670.54501919,44.6015346902));
#182584=DIRECTION('Vector Direction',(0.1808128824289406,0.9834317556956769,0.01298781879519573));
#182585=VECTOR('Line Direction',#182584,1.);
#182586=LINE('Line',#182583,#182585);
#182587=EDGE_CURVE('',#182525,#181169,#182586,.T.);
#182588=CARTESIAN_POINT('Line Origine',(8811.27392659,-2658.51338336,69.5509041394));
#182589=DIRECTION('Vector Direction',(0.1772157762200797,0.9638672842564336,-0.1988829479840895));
#182590=VECTOR('Line Direction',#182589,1.);
#182591=LINE('Line',#182588,#182590);
#182592=CARTESIAN_POINT('Vertex',(8809.83571336,-2666.33574948,71.1649595797));
#182593=VERTEX_POINT('',#182592);
#182594=EDGE_CURVE('',#182593,#182371,#182591,.T.);
#182595=CARTESIAN_POINT('Line Origine',(8809.403965359999,-2668.68400413,71.1428690154));
#182596=DIRECTION('Vector Direction',(-0.1808203952810085,-0.9834726177030461,-0.009251750036510433));
#182597=VECTOR('Line Direction',#182596,1.);
#182598=LINE('Line',#182595,#182597);
#182599=EDGE_CURVE('',#182532,#182593,#182598,.F.);
#182600=EDGE_LOOP('',(#182601,#182602,#182603,#182604,#182605,#182606,#182607));
#182601=ORIENTED_EDGE('',*,*,#182587,.T.);
#182602=ORIENTED_EDGE('',*,*,#181172,.T.);
#182603=ORIENTED_EDGE('',*,*,#181226,.F.);
#182604=ORIENTED_EDGE('',*,*,#182377,.T.);
#182605=ORIENTED_EDGE('',*,*,#182594,.F.);
#182606=ORIENTED_EDGE('',*,*,#182599,.F.);
#182607=ORIENTED_EDGE('',*,*,#182533,.F.);
#182608=FACE_OUTER_BOUND('',#182600,.T.);
#182609=ADVANCED_FACE('PartBody',(#182608),#182582,.F.);
#182610=CARTESIAN_POINT('Axis2P3D Location',(8815.589984280001,-2657.15902425,69.1222004498));
#182611=DIRECTION('Axis2P3D Direction',(0.1772157762200797,0.9638672842564336,-0.1988829479840895));
#182612=DIRECTION('Axis2P3D XDirection',(-0.9835147105149434,0.1808281344279896,-1.424955666459918e-14));
#182613=AXIS2_PLACEMENT_3D('Cylinder Axis2P3D',#182610,#182611,#182612);
#182614=CYLINDRICAL_SURFACE('generated cylinder',#182613,4.);
#182615=CARTESIAN_POINT('Axis2P3D Location',(8813.769772199999,-2667.05906201,71.1649595797));
#182616=DIRECTION('Axis2P3D Direction',(0.1772157762200797,0.9638672842564336,-0.1988829479840895));
#182617=AXIS2_PLACEMENT_3D('Circle Axis2P3D',#182615,#182616,$);
#182618=CIRCLE('generated circle',#182617,4.);
#182619=EDGE_CURVE('',#182593,#182563,#182618,.T.);
#182620=EDGE_LOOP('',(#182621,#182622,#182623,#182624));
#182621=ORIENTED_EDGE('',*,*,#182619,.F.);
#182622=ORIENTED_EDGE('',*,*,#182594,.T.);
#182623=ORIENTED_EDGE('',*,*,#182460,.T.);
#182624=ORIENTED_EDGE('',*,*,#182569,.F.);
#182625=FACE_OUTER_BOUND('',#182620,.T.);
#182626=ADVANCED_FACE('PartBody',(#182625),#182614,.F.);
#182627=B_SPLINE_CURVE_WITH_KNOTS('',5,(#182628,#182629,#182630,#182631,#182632,#182633),.UNSPECIFIED.,.F.,.U.,(6,6),(-6.28318530718,-1.7763568394E-014),.UNSPECIFIED.);
#182628=CARTESIAN_POINT('Control Point',(8818.28330762,-2670.57967703,75.14064587839999));
#182629=CARTESIAN_POINT('Control Point',(8819.302515339999,-2669.84463834,75.1490396361));
#182630=CARTESIAN_POINT('Control Point',(8820.32349719,-2669.10443648,74.6654022685));
#182631=CARTESIAN_POINT('Control Point',(8821.13094178,-2668.51427712,73.6785874572));
#182632=CARTESIAN_POINT('Control Point',(8821.532136129999,-2668.21501371,72.42411851200001));
#182633=CARTESIAN_POINT('Control Point',(8821.534238460001,-2668.20357928,71.1675352326));
#182634=CARTESIAN_POINT('Axis1P Location',(8815.85682033,-2672.29805572,71.1207784512));
#182635=DIRECTION('Axis1P Direction',(-0.001672976699289635,-0.009099232258908012,0.9999572016447815));
#182636=AXIS1_PLACEMENT('Revolution Surface Axis1P',#182634,#182635);
#182637=SURFACE_OF_REVOLUTION('homeo Torus',#182627,#182636);
#182638=CARTESIAN_POINT('Axis2P3D Location',(8812.906276199999,-2671.75557131,71.1207784512));
#182639=DIRECTION('Axis2P3D Direction',(-0.1808203952810085,-0.9834726177030463,-0.009251750036500436));
#182640=AXIS2_PLACEMENT_3D('Circle Axis2P3D',#182638,#182639,$);
#182641=CIRCLE('generated circle',#182640,4.);
#182642=EDGE_CURVE('',#182532,#182486,#182641,.F.);
#182643=CARTESIAN_POINT('Axis2P3D Location',(8815.440242320001,-2675.26886264,71.0930482768));
#182644=DIRECTION('Axis2P3D Direction',(0.9903107013328079,-0.1388688598369731,0.0003931835468099237));
#182645=AXIS2_PLACEMENT_3D('Circle Axis2P3D',#182643,#182644,$);
#182646=CIRCLE('generated circle',#182645,4.);
#182647=EDGE_CURVE('',#182539,#182479,#182646,.F.);
#182648=EDGE_LOOP('',(#182649,#182650,#182651,#182652));
#182649=ORIENTED_EDGE('',*,*,#182540,.T.);
#182650=ORIENTED_EDGE('',*,*,#182642,.T.);
#182651=ORIENTED_EDGE('',*,*,#182487,.F.);
#182652=ORIENTED_EDGE('',*,*,#182647,.F.);
#182653=FACE_OUTER_BOUND('',#182648,.T.);
#182654=ADVANCED_FACE('PartBody',(#182653),#182637,.T.);
#182655=CARTESIAN_POINT('Axis2P3D Location',(8814.446772069999,-2663.37689532,71.1995985571));
#182656=DIRECTION('Axis2P3D Direction',(-0.1808203952810085,-0.9834726177030461,-0.009251750036520434));
#182657=DIRECTION('Axis2P3D XDirection',(-0.001672976699409634,-0.009099232258898009,0.9999572016447813));
#182658=AXIS2_PLACEMENT_3D('Cylinder Axis2P3D',#182655,#182656,#182657);
#182659=CYLINDRICAL_SURFACE('generated cylinder',#182658,4.);
#182660=CARTESIAN_POINT('Axis2P3D Location',(8813.769772199999,-2667.05906201,71.1649595797));
#182661=DIRECTION('Axis2P3D Direction',(-0.1808203952810085,-0.9834726177030461,-0.009251750036520434));
#182662=AXIS2_PLACEMENT_3D('Circle Axis2P3D',#182660,#182661,$);
#182663=CIRCLE('generated circle',#182662,4.);
#182664=EDGE_CURVE('',#182593,#182493,#182663,.F.);
#182665=EDGE_LOOP('',(#182666,#182667,#182668,#182669));
#182666=ORIENTED_EDGE('',*,*,#182599,.T.);
#182667=ORIENTED_EDGE('',*,*,#182664,.T.);
#182668=ORIENTED_EDGE('',*,*,#182494,.F.);
#182669=ORIENTED_EDGE('',*,*,#182642,.F.);
#182670=FACE_OUTER_BOUND('',#182665,.T.);
#182671=ADVANCED_FACE('PartBody',(#182670),#182659,.F.);
#182672=CARTESIAN_POINT('Axis2P3D Location',(8813.769772199999,-2667.05906201,71.1649595797));
#182673=DIRECTION('Axis2P3D Direction',(-0.001672976699409634,-0.009099232258898009,0.9999572016447813));
#182674=DIRECTION('Axis2P3D XDirection',(0.8878494301673588,0.460099137300186,0.005672143080062292));
#182675=AXIS2_PLACEMENT_3D('Sphere Axis2P3D',#182672,#182673,#182674);
#182676=SPHERICAL_SURFACE('',#182675,4.);
#182677=CARTESIAN_POINT('Axis2P3D Location',(8813.769772199999,-2667.05906201,71.1649595797));
#182678=DIRECTION('Axis2P3D Direction',(0.9835147105151214,-0.1808281344270223,1.202039769800149e-13));
#182679=AXIS2_PLACEMENT_3D('Circle Axis2P3D',#182677,#182678,$);
#182680=CIRCLE('generated circle',#182679,4.);
#182681=EDGE_CURVE('',#182563,#182493,#182680,.T.);
#182682=EDGE_LOOP('',(#182683,#182684,#182685));
#182683=ORIENTED_EDGE('',*,*,#182619,.T.);
#182684=ORIENTED_EDGE('',*,*,#182681,.T.);
#182685=ORIENTED_EDGE('',*,*,#182664,.F.);
#182686=FACE_OUTER_BOUND('',#182682,.T.);
#182687=ADVANCED_FACE('PartBody',(#182686),#182676,.F.);
#182688=CARTESIAN_POINT('Axis2P3D Location',(8849.027018590001,-2673.54142778,71.1649595797));
#182689=DIRECTION('Axis2P3D Direction',(0.9835147105149434,-0.1808281344279896,1.172065916539933e-13));
#182690=DIRECTION('Axis2P3D XDirection',(0.0359636324534129,0.1956043050130701,0.9800232512553514));
#182691=AXIS2_PLACEMENT_3D('Cylinder Axis2P3D',#182688,#182689,#182690);
#182692=CYLINDRICAL_SURFACE('generated cylinder',#182691,4.);
#182693=EDGE_LOOP('',(#182694,#182695,#182696,#182697));
#182694=ORIENTED_EDGE('',*,*,#182013,.F.);
#182695=ORIENTED_EDGE('',*,*,#182499,.F.);
#182696=ORIENTED_EDGE('',*,*,#182681,.F.);
#182697=ORIENTED_EDGE('',*,*,#182564,.T.);
#182698=FACE_OUTER_BOUND('',#182693,.T.);
#182699=ADVANCED_FACE('PartBody',(#182698),#182692,.F.);
#182700=CARTESIAN_POINT('Axis2P3D Location',(8847.873223119999,-2679.81686062,71.1059251592));
#182701=DIRECTION('Axis2P3D Direction',(0.9903107013328079,-0.1388688598369731,0.0003931835469309237));
#182702=DIRECTION('Axis2P3D XDirection',(-0.001672976699409634,-0.009099232258898009,0.9999572016447813));
#182703=AXIS2_PLACEMENT_3D('Cylinder Axis2P3D',#182700,#182701,#182702);
#182704=CYLINDRICAL_SURFACE('generated cylinder',#182703,4.);
#182705=B_SPLINE_CURVE_WITH_KNOTS('',4,(#182706,#182707,#182708,#182709,#182710),.UNSPECIFIED.,.F.,.U.,(5,5),(0.,4.51587814902),.UNSPECIFIED.);
#182706=CARTESIAN_POINT('Control Point',(8867.600436979999,-2685.42877286,73.9526880442));
#182707=CARTESIAN_POINT('Control Point',(8867.5221016,-2685.98988116,73.3902761372));
#182708=CARTESIAN_POINT('Control Point',(8867.464433229999,-2686.40317125,72.67627940209999));
#182709=CARTESIAN_POINT('Control Point',(8867.436103100001,-2686.60653042,71.87520752330001));
#182710=CARTESIAN_POINT('Control Point',(8867.437203400001,-2686.5992335,71.0769396157));
#182711=CARTESIAN_POINT('Vertex',(8867.437203400001,-2686.5992335,71.0769396158));
#182712=VERTEX_POINT('',#182711);
#182713=EDGE_CURVE('',#181781,#182712,#182705,.T.);
#182714=CARTESIAN_POINT('Line Origine',(8847.317785769999,-2683.77793652,71.0689515934));
#182715=DIRECTION('Vector Direction',(0.9903107013328079,-0.1388688598369731,0.0003931835469309237));
#182716=VECTOR('Line Direction',#182715,1.);
#182717=LINE('Line',#182714,#182716);
#182718=EDGE_CURVE('',#182712,#182539,#182717,.F.);
#182719=EDGE_LOOP('',(#182720,#182721,#182722,#182723,#182724));
#182720=ORIENTED_EDGE('',*,*,#181782,.T.);
#182721=ORIENTED_EDGE('',*,*,#182713,.T.);
#182722=ORIENTED_EDGE('',*,*,#182718,.T.);
#182723=ORIENTED_EDGE('',*,*,#182647,.T.);
#182724=ORIENTED_EDGE('',*,*,#182480,.F.);
#182725=FACE_OUTER_BOUND('',#182719,.T.);
#182726=ADVANCED_FACE('PartBody',(#182725),#182704,.F.);
#182727=B_SPLINE_SURFACE_WITH_KNOTS('',5,1,((#182728,#182729),(#182730,#182731),(#182732,#182733),(#182734,#182735),(#182736,#182737),(#182738,#182739),(#182740,#182741),(#182742,#182743),(#182744,#182745),(#182746,#182747),(#182748,#182749),(#182750,#182751)),.UNSPECIFIED.,.F.,.F.,.U.,(6,3,3,6),(2,2),(27.9888254159,77.4263903736,118.931028058,126.907573266),(-1.38777878078E-017,11.0708859171),.UNSPECIFIED.);
#182728=CARTESIAN_POINT('Control Point',(8806.729211,-2683.19469754,114.375119223));
#182729=CARTESIAN_POINT('Control Point',(8800.255029059999,-2674.2036841,114.332101771));
#182730=CARTESIAN_POINT('Control Point',(8806.722038170001,-2683.23331895,107.371053583));
#182731=CARTESIAN_POINT('Control Point',(8800.247629560001,-2674.24392964,107.343433481));
#182732=CARTESIAN_POINT('Control Point',(8806.718040489999,-2683.2546697,100.366197731));
#182733=CARTESIAN_POINT('Control Point',(8800.243399229999,-2674.26693814,100.353739597));
#182734=CARTESIAN_POINT('Control Point',(8806.717161160001,-2683.25906477,93.3623328812));
#182735=CARTESIAN_POINT('Control Point',(8800.24228522,-2674.27299719,93.364711379));
#182736=CARTESIAN_POINT('Control Point',(8806.721095680001,-2683.2369744,80.4855612738));
#182737=CARTESIAN_POINT('Control Point',(8800.245793689999,-2674.2539148,80.5147195521));
#182738=CARTESIAN_POINT('Control Point',(8806.7350136,-2683.16058128,67.6096810069));
#182739=CARTESIAN_POINT('Control Point',(8800.259269669999,-2674.18061964,67.66469720809999));
#182740=CARTESIAN_POINT('Control Point',(8806.74335201,-2683.11490941,61.7655924441));
#182741=CARTESIAN_POINT('Control Point',(8800.2674021,-2674.13638783,61.8322746473));
#182742=CARTESIAN_POINT('Control Point',(8806.75575525,-2683.04705903,54.7660957084));
#182743=CARTESIAN_POINT('Control Point',(8800.279551199999,-2674.07030947,54.8467522348));
#182744=CARTESIAN_POINT('Control Point',(8806.77104607,-2682.96349435,47.7694450234));
#182745=CARTESIAN_POINT('Control Point',(8800.294578700001,-2673.98857569,47.8640994457));
#182746=CARTESIAN_POINT('Control Point',(8806.77358608,-2682.94961481,46.641628199));
#182747=CARTESIAN_POINT('Control Point',(8800.29707603,-2673.97499284,46.7385399218));
#182748=CARTESIAN_POINT('Control Point',(8806.776201250001,-2682.93532635,45.5138733354));
#182749=CARTESIAN_POINT('Control Point',(8800.299648259999,-2673.96100263,45.6130432758));
#182750=CARTESIAN_POINT('Control Point',(8806.77889161,-2682.92062861,44.386173165));
#182751=CARTESIAN_POINT('Control Point',(8800.302295449999,-2673.9466047,44.4876023277));
#182752=B_SPLINE_CURVE_WITH_KNOTS('',5,(#182753,#182754,#182755,#182756,#182757,#182758,#182759,#182760,#182761,#182762,#182763,#182764),.UNSPECIFIED.,.F.,.U.,(6,3,3,6),(28.062357986,77.4263903736,118.931028058,126.836846731),.UNSPECIFIED.);
#182753=CARTESIAN_POINT('Control Point',(8800.2549741,-2674.20398303,114.280127633));
#182754=CARTESIAN_POINT('Control Point',(8800.24760443,-2674.2440663,107.301848095));
#182755=CARTESIAN_POINT('Control Point',(8800.24339428,-2674.26696507,100.322553546));
#182756=CARTESIAN_POINT('Control Point',(8800.2422909,-2674.2729663,93.3439313034));
#182757=CARTESIAN_POINT('Control Point',(8800.24580459,-2674.25385553,80.5043294896));
#182758=CARTESIAN_POINT('Control Point',(8800.259269669999,-2674.18061964,67.66469720809999));
#182759=CARTESIAN_POINT('Control Point',(8800.2674021,-2674.13638783,61.8322746473));
#182760=CARTESIAN_POINT('Control Point',(8800.279533839999,-2674.07040392,54.8567370769));
#182761=CARTESIAN_POINT('Control Point',(8800.294535749999,-2673.98880931,47.8840609321));
#182762=CARTESIAN_POINT('Control Point',(8800.297009620001,-2673.97535406,46.7684803157));
#182763=CARTESIAN_POINT('Control Point',(8800.29955707,-2673.96149863,45.6529615787));
#182764=CARTESIAN_POINT('Control Point',(8800.302178149999,-2673.9472427,44.5374977437));
#182765=CARTESIAN_POINT('Vertex',(8800.302178149999,-2673.9472427,44.5374977437));
#182766=VERTEX_POINT('',#182765);
#182767=CARTESIAN_POINT('Vertex',(8800.2549741,-2674.20398303,114.280127633));
#182768=VERTEX_POINT('',#182767);
#182769=EDGE_CURVE('',#182766,#182768,#182752,.F.);
#182770=B_SPLINE_CURVE_WITH_KNOTS('',3,(#182771,#182772,#182773,#182774),.UNSPECIFIED.,.F.,.U.,(4,4),(0.,15.6542140194),.UNSPECIFIED.);
#182771=CARTESIAN_POINT('Control Point',(8806.778767870001,-2682.92130462,44.4380675946));
#182772=CARTESIAN_POINT('Control Point',(8804.61990466,-2679.9299505,44.4712108563));
#182773=CARTESIAN_POINT('Control Point',(8802.46104147,-2676.93859661,44.504354485));
#182774=CARTESIAN_POINT('Control Point',(8800.302178149999,-2673.9472427,44.5374977437));
#182775=CARTESIAN_POINT('Vertex',(8806.77876779,-2682.92130503,44.4380679591));
#182776=VERTEX_POINT('',#182775);
#182777=EDGE_CURVE('',#182766,#182776,#182770,.F.);
#182778=B_SPLINE_CURVE_WITH_KNOTS('',5,(#182779,#182780,#182781,#182782,#182783,#182784,#182785,#182786,#182787,#182788,#182789,#182790),.UNSPECIFIED.,.F.,.U.,(6,3,3,6),(28.0594083625,77.4263903736,118.931028058,126.834160509),.UNSPECIFIED.);
#182779=CARTESIAN_POINT('Control Point',(8806.72915986,-2683.19497289,114.325120022));
#182780=CARTESIAN_POINT('Control Point',(8806.722015380001,-2683.23344068,107.331049734));
#182781=CARTESIAN_POINT('Control Point',(8806.71803675,-2683.25468842,100.336199104));
#182782=CARTESIAN_POINT('Control Point',(8806.717167270001,-2683.25903045,93.3423447914));
#182783=CARTESIAN_POINT('Control Point',(8806.721106479999,-2683.23691511,80.4755679204));
#182784=CARTESIAN_POINT('Control Point',(8806.7350136,-2683.16058128,67.6096810069));
#182785=CARTESIAN_POINT('Control Point',(8806.74335201,-2683.11490941,61.7655924441));
#182786=CARTESIAN_POINT('Control Point',(8806.755736839999,-2683.0471597,54.7764805117));
#182787=CARTESIAN_POINT('Control Point',(8806.771000700001,-2682.96374228,47.7902061913));
#182788=CARTESIAN_POINT('Control Point',(8806.773515970001,-2682.94999793,46.6727680672));
#182789=CARTESIAN_POINT('Control Point',(8806.77610501,-2682.93585216,45.5553908869));
#182790=CARTESIAN_POINT('Control Point',(8806.778767870001,-2682.92130462,44.4380675946));
#182791=CARTESIAN_POINT('Vertex',(8806.72916227,-2683.1949598,114.325119948));
#182792=VERTEX_POINT('',#182791);
#182793=EDGE_CURVE('',#182776,#182792,#182778,.F.);
#182794=B_SPLINE_CURVE_WITH_KNOTS('',5,(#182795,#182796,#182797,#182798,#182799,#182800),.UNSPECIFIED.,.F.,.U.,(6,6),(0.,15.6638675986),.UNSPECIFIED.);
#182795=CARTESIAN_POINT('Control Point',(8800.2549741,-2674.20398303,114.280127633));
#182796=CARTESIAN_POINT('Control Point',(8801.54990951,-2676.00231733,114.289126794));
#182797=CARTESIAN_POINT('Control Point',(8802.844124990001,-2677.7996519,114.298120946));
#182798=CARTESIAN_POINT('Control Point',(8804.141046340001,-2679.6007443,114.307133924));
#182799=CARTESIAN_POINT('Control Point',(8805.434219139999,-2681.39663097,114.316120823));
#182800=CARTESIAN_POINT('Control Point',(8806.72915447,-2683.19496541,114.325119985));
#182801=EDGE_CURVE('',#182792,#182768,#182794,.F.);
#182802=EDGE_LOOP('',(#182803,#182804,#182805,#182806));
#182803=ORIENTED_EDGE('',*,*,#182769,.F.);
#182804=ORIENTED_EDGE('',*,*,#182777,.T.);
#182805=ORIENTED_EDGE('',*,*,#182793,.T.);
#182806=ORIENTED_EDGE('',*,*,#182801,.T.);
#182807=FACE_OUTER_BOUND('',#182802,.T.);
#182808=ADVANCED_FACE('PartBody',(#182807),#182727,.F.);
#182809=CARTESIAN_POINT('Axis2P3D Location',(8840.85853489,-2682.98179306,100.257831121));
#182810=DIRECTION('Axis2P3D Direction',(-0.1399495405500177,-0.9901584563691251,0.0005978131398420755));
#182811=DIRECTION('Axis2P3D XDirection',(0.9901586368354165,-0.1399495150430589,8.449522242543553e-05));
#182812=AXIS2_PLACEMENT_3D('Plane Axis2P3D',#182809,#182810,#182811);
#182813=PLANE('',#182812);
#182814=B_SPLINE_CURVE_WITH_KNOTS('',5,(#182815,#182816,#182817,#182818,#182819,#182820,#182821,#182822,#182823,#182824,#182825,#182826,#182827,#182828,#182829),.UNSPECIFIED.,.F.,.U.,(6,3,3,3,6),(0.,8.34215269124,16.6856119292,25.0291630957,28.8722006631),.UNSPECIFIED.);
#182815=CARTESIAN_POINT('Control Point',(8854.54745921,-2684.9081246,114.284291815));
#182816=CARTESIAN_POINT('Control Point',(8855.71560727,-2685.07323146,114.284005342));
#182817=CARTESIAN_POINT('Control Point',(8856.88371158,-2685.23841294,114.149887556));
#182818=CARTESIAN_POINT('Control Point',(8858.031771419999,-2685.40084214,113.881914979));
#182819=CARTESIAN_POINT('Control Point',(8860.24773608,-2685.71452738,113.087589178));
#182820=CARTESIAN_POINT('Control Point',(8862.23115539,-2685.99563505,111.812091964));
#182821=CARTESIAN_POINT('Control Point',(8863.14680287,-2686.12550554,111.062820007));
#182822=CARTESIAN_POINT('Control Point',(8864.793724499999,-2686.35930585,109.367590311));
#182823=CARTESIAN_POINT('Control Point',(8866.02270926,-2686.53423372,107.342791908));
#182824=CARTESIAN_POINT('Control Point',(8866.520384519999,-2686.60522679,106.263905771));
#182825=CARTESIAN_POINT('Control Point',(8867.063919140001,-2686.68304363,104.618606786));
#182826=CARTESIAN_POINT('Control Point',(8867.33082445,-2686.72179733,102.914016205));
#182827=CARTESIAN_POINT('Control Point',(8867.38707685,-2686.73007501,102.37251249));
#182828=CARTESIAN_POINT('Control Point',(8867.415207419999,-2686.73437913,101.829027959));
#182829=CARTESIAN_POINT('Control Point',(8867.415216449999,-2686.73470854,101.285540474));
#182830=CARTESIAN_POINT('Vertex',(8867.415216449999,-2686.73470854,101.285540474));
#182831=VERTEX_POINT('',#182830);
#182832=CARTESIAN_POINT('Vertex',(8854.54745921,-2684.9081246,114.284291815));
#182833=VERTEX_POINT('',#182832);
#182834=EDGE_CURVE('',#182831,#182833,#182814,.F.);
#182835=CARTESIAN_POINT('Line Origine',(8867.415322790001,-2686.73858912,94.88303127419999));
#182836=DIRECTION('Vector Direction',(-1.660927967789907e-05,0.0006061024749669661,0.999999816181944));
#182837=VECTOR('Line Direction',#182836,1.);
#182838=LINE('Line',#182835,#182837);
#182839=EDGE_CURVE('',#182346,#182831,#182838,.T.);
#182840=CARTESIAN_POINT('Line Origine',(8834.705871030001,-2682.10370068,114.289157697));
#182841=DIRECTION('Vector Direction',(0.9901585837939846,-0.1399497051659978,-0.0002428230656399962));
#182842=VECTOR('Line Direction',#182841,1.);
#182843=LINE('Line',#182840,#182842);
#182844=EDGE_CURVE('',#182108,#182833,#182843,.T.);
#182845=EDGE_LOOP('',(#182846,#182847,#182848,#182849,#182850));
#182846=ORIENTED_EDGE('',*,*,#182834,.F.);
#182847=ORIENTED_EDGE('',*,*,#182839,.F.);
#182848=ORIENTED_EDGE('',*,*,#182352,.T.);
#182849=ORIENTED_EDGE('',*,*,#182118,.T.);
#182850=ORIENTED_EDGE('',*,*,#182844,.T.);
#182851=FACE_OUTER_BOUND('',#182845,.T.);
#182852=ADVANCED_FACE('PartBody',(#182851),#182813,.F.);
#182853=CARTESIAN_POINT('Axis2P3D Location',(8796.32100181,-2695.60065137,114.40771058));
#182854=DIRECTION('Axis2P3D Direction',(-0.001060439430729973,-0.005767674278319855,-0.9999828045529749));
#182855=DIRECTION('Axis2P3D XDirection',(0.1808250250069842,0.9834977985399137,-0.005864349782119486));
#182856=AXIS2_PLACEMENT_3D('Plane Axis2P3D',#182853,#182854,#182855);
#182857=PLANE('',#182856);
#182858=CARTESIAN_POINT('Line Origine',(8854.200411919999,-2687.39217186,114.298987265));
#182859=DIRECTION('Vector Direction',(-0.1383641871600211,-0.9903640869441509,0.005858925057140893));
#182860=VECTOR('Line Direction',#182859,1.);
#182861=LINE('Line',#182858,#182860);
#182862=CARTESIAN_POINT('Vertex',(8853.853364619999,-2689.87621913,114.313682716));
#182863=VERTEX_POINT('',#182862);
#182864=EDGE_CURVE('',#182833,#182863,#182861,.T.);
#182865=CARTESIAN_POINT('Line Origine',(8800.718275380001,-2671.68411177,114.265102275));
#182866=DIRECTION('Vector Direction',(0.1808250250069842,0.9834977985399137,-0.005864349782119486));
#182867=VECTOR('Line Direction',#182866,1.);
#182868=LINE('Line',#182865,#182867);
#182869=EDGE_CURVE('',#180924,#182768,#182868,.F.);
#182870=B_SPLINE_CURVE_WITH_KNOTS('',5,(#182871,#182872,#182873,#182874,#182875,#182876),.UNSPECIFIED.,.F.,.U.,(6,6),(40.8369400879,108.148540731),.UNSPECIFIED.);
#182871=CARTESIAN_POINT('Control Point',(8853.853364619999,-2689.87621913,114.313682716));
#182872=CARTESIAN_POINT('Control Point',(8844.428524139999,-2688.53996731,114.315970163));
#182873=CARTESIAN_POINT('Control Point',(8835.00368367,-2687.20371547,114.318257609));
#182874=CARTESIAN_POINT('Control Point',(8825.578843200001,-2685.8674636,114.320545056));
#182875=CARTESIAN_POINT('Control Point',(8816.15400273,-2684.53121171,114.322832502));
#182876=CARTESIAN_POINT('Control Point',(8806.72916227,-2683.1949598,114.325119948));
#182877=EDGE_CURVE('',#182863,#182792,#182870,.T.);
#182878=EDGE_LOOP('',(#182879,#182880,#182881,#182882,#182883,#182884,#182885,#182886));
#182879=ORIENTED_EDGE('',*,*,#182864,.F.);
#182880=ORIENTED_EDGE('',*,*,#182844,.F.);
#182881=ORIENTED_EDGE('',*,*,#182111,.T.);
#182882=ORIENTED_EDGE('',*,*,#182157,.T.);
#182883=ORIENTED_EDGE('',*,*,#180932,.F.);
#182884=ORIENTED_EDGE('',*,*,#182869,.T.);
#182885=ORIENTED_EDGE('',*,*,#182801,.F.);
#182886=ORIENTED_EDGE('',*,*,#182877,.F.);
#182887=FACE_OUTER_BOUND('',#182878,.T.);
#182888=ADVANCED_FACE('PartBody',(#182887),#182857,.F.);
#182889=CARTESIAN_POINT('Axis2P3D Location',(8854.455584519999,-2685.5420389,101.287821973));
#182890=DIRECTION('Axis2P3D Direction',(-0.1383641871600211,-0.9903640869441509,0.005858925057130892));
#182891=DIRECTION('Axis2P3D XDirection',(0.9903811618374726,-0.138365979253066,0.0001003134986400479));
#182892=AXIS2_PLACEMENT_3D('Cylinder Axis2P3D',#182889,#182890,#182891);
#182893=CYLINDRICAL_SURFACE('generated cylinder',#182892,13.);
#182894=B_SPLINE_CURVE_WITH_KNOTS('',5,(#182895,#182896,#182897,#182898,#182899,#182900),.UNSPECIFIED.,.F.,.U.,(6,6),(0.,28.8667985276),.UNSPECIFIED.);
#182895=CARTESIAN_POINT('Control Point',(8866.71802964,-2691.72493608,101.315062313));
#182896=CARTESIAN_POINT('Control Point',(8866.71766731,-2691.72456891,105.398704228));
#182897=CARTESIAN_POINT('Control Point',(8865.13491065,-2691.4948441,109.486789093));
#182898=CARTESIAN_POINT('Control Point',(8861.93947379,-2691.02935028,112.714037911));
#182899=CARTESIAN_POINT('Control Point',(8857.89523806,-2690.44927506,114.312701737));
#182900=CARTESIAN_POINT('Control Point',(8853.853364619999,-2689.87621913,114.313682716));
#182901=CARTESIAN_POINT('Vertex',(8866.71802964,-2691.72493608,101.315062313));
#182902=VERTEX_POINT('',#182901);
#182903=EDGE_CURVE('',#182863,#182902,#182894,.F.);
#182904=CARTESIAN_POINT('Line Origine',(8867.330539619999,-2687.34079663,101.289126049));
#182905=DIRECTION('Vector Direction',(-0.1383641871600211,-0.9903640869441509,0.005858925057130892));
#182906=VECTOR('Line Direction',#182905,1.);
#182907=LINE('Line',#182904,#182906);
#182908=EDGE_CURVE('',#182831,#182902,#182907,.T.);
#182909=EDGE_LOOP('',(#182910,#182911,#182912,#182913));
#182910=ORIENTED_EDGE('',*,*,#182903,.T.);
#182911=ORIENTED_EDGE('',*,*,#182908,.F.);
#182912=ORIENTED_EDGE('',*,*,#182834,.T.);
#182913=ORIENTED_EDGE('',*,*,#182864,.T.);
#182914=FACE_OUTER_BOUND('',#182909,.T.);
#182915=ADVANCED_FACE('PartBody',(#182914),#182893,.T.);
#182916=CARTESIAN_POINT('Axis2P3D Location',(8836.232683689999,-2682.14810935,62.9877897022));
#182917=DIRECTION('Axis2P3D Direction',(-0.1388593388099333,-0.9902689754505246,-0.009243391446665562));
#182918=DIRECTION('Axis2P3D XDirection',(0.9903121144494702,-0.1388532899560659,-0.001296087572710615));
#182919=AXIS2_PLACEMENT_3D('Plane Axis2P3D',#182916,#182917,#182918);
#182920=PLANE('',#182919);
#182921=B_SPLINE_CURVE_WITH_KNOTS('',5,(#182922,#182923,#182924,#182925,#182926,#182927,#182928,#182929,#182930,#182931,#182932,#182933,#182934,#182935,#182936),.UNSPECIFIED.,.F.,.U.,(6,3,3,3,6),(0.,8.34221204671,16.6857372473,25.0293112831,28.8702010714),.UNSPECIFIED.);
#182922=CARTESIAN_POINT('Control Point',(8854.60564621,-2684.55214393,44.5295682513));
#182923=CARTESIAN_POINT('Control Point',(8855.773981709999,-2684.71597852,44.5302194401));
#182924=CARTESIAN_POINT('Control Point',(8856.94207191,-2684.88102788,44.6646975237));
#182925=CARTESIAN_POINT('Control Point',(8858.08991273,-2685.04448713,44.9330193385));
#182926=CARTESIAN_POINT('Control Point',(8860.30503829,-2685.3625212,45.728009152));
#182927=CARTESIAN_POINT('Control Point',(8862.286856770001,-2685.65233057,47.0040802443));
#182928=CARTESIAN_POINT('Control Point',(8863.20152411,-2685.78758505,47.7536117243));
#182929=CARTESIAN_POINT('Control Point',(8864.84615508,-2686.03402941,49.4492921202));
#182930=CARTESIAN_POINT('Control Point',(8866.072285480001,-2686.22486495,51.4743989989));
#182931=CARTESIAN_POINT('Control Point',(8866.568413319999,-2686.30450553,52.5533978795));
#182932=CARTESIAN_POINT('Control Point',(8867.109457250001,-2686.39572865,54.1985105353));
#182933=CARTESIAN_POINT('Control Point',(8867.37383425,-2686.44870887,55.9028050393));
#182934=CARTESIAN_POINT('Control Point',(8867.429278170001,-2686.46153504,56.4439964275));
#182935=CARTESIAN_POINT('Control Point',(8867.456624300001,-2686.47043962,56.9871596989));
#182936=CARTESIAN_POINT('Control Point',(8867.45587562,-2686.47540462,57.530320334));
#182937=CARTESIAN_POINT('Vertex',(8854.60564621,-2684.55214393,44.5295682513));
#182938=VERTEX_POINT('',#182937);
#182939=CARTESIAN_POINT('Vertex',(8867.45587562,-2686.47540462,57.530320334));
#182940=VERTEX_POINT('',#182939);
#182941=EDGE_CURVE('',#182938,#182940,#182921,.T.);
#182942=CARTESIAN_POINT('Line Origine',(8834.767434150001,-2681.77025003,44.5185111352));
#182943=DIRECTION('Vector Direction',(0.9903104232009853,-0.138870302927998,0.0005519639223829918));
#182944=VECTOR('Line Direction',#182943,1.);
#182945=LINE('Line',#182942,#182944);
#182946=EDGE_CURVE('',#182523,#182938,#182945,.T.);
#182947=CARTESIAN_POINT('Line Origine',(8867.44653951,-2686.53731906,64.30362997490001));
#182948=DIRECTION('Vector Direction',(0.001378308430429392,0.009140552460005965,-0.9999572743705586));
#182949=VECTOR('Line Direction',#182948,1.);
#182950=LINE('Line',#182947,#182949);
#182951=EDGE_CURVE('',#182712,#182940,#182950,.T.);
#182952=EDGE_LOOP('',(#182953,#182954,#182955,#182956,#182957));
#182953=ORIENTED_EDGE('',*,*,#182941,.F.);
#182954=ORIENTED_EDGE('',*,*,#182946,.F.);
#182955=ORIENTED_EDGE('',*,*,#182545,.T.);
#182956=ORIENTED_EDGE('',*,*,#182718,.F.);
#182957=ORIENTED_EDGE('',*,*,#182951,.T.);
#182958=FACE_OUTER_BOUND('',#182952,.T.);
#182959=ADVANCED_FACE('PartBody',(#182958),#182920,.F.);
#182960=CARTESIAN_POINT('Axis2P3D Location',(8801.23889314,-2668.85249917,44.6047821337));
#182961=DIRECTION('Axis2P3D Direction',(-0.00234856304303096,-0.01277371084260522,0.9999156547244086));
#182962=DIRECTION('Axis2P3D XDirection',(-0.1808128824289406,-0.9834317556956769,-0.01298781879519573));
#182963=AXIS2_PLACEMENT_3D('Plane Axis2P3D',#182960,#182961,#182962);
#182964=PLANE('',#182963);
#182965=CARTESIAN_POINT('Line Origine',(8854.259697060001,-2687.02836518,44.497122497));
#182966=DIRECTION('Vector Direction',(-0.1383530418860598,-0.9902979674224277,-0.0129758051728056));
#182967=VECTOR('Line Direction',#182966,1.);
#182968=LINE('Line',#182965,#182967);
#182969=CARTESIAN_POINT('Vertex',(8853.913747910001,-2689.50458643,44.4646767427));
#182970=VERTEX_POINT('',#182969);
#182971=EDGE_CURVE('',#182938,#182970,#182968,.T.);
#182972=B_SPLINE_CURVE_WITH_KNOTS('',5,(#182973,#182974,#182975,#182976,#182977,#182978),.UNSPECIFIED.,.F.,.U.,(6,6),(40.8504298981,108.155960347),.UNSPECIFIED.);
#182973=CARTESIAN_POINT('Control Point',(8853.913747910001,-2689.50458643,44.4646767427));
#182974=CARTESIAN_POINT('Control Point',(8844.48675188,-2688.1879302,44.4593549854));
#182975=CARTESIAN_POINT('Control Point',(8835.059755849999,-2686.87127394,44.4540332283));
#182976=CARTESIAN_POINT('Control Point',(8825.632759829999,-2685.55461766,44.4487114716));
#182977=CARTESIAN_POINT('Control Point',(8816.20576381,-2684.23796135,44.4433897152));
#182978=CARTESIAN_POINT('Control Point',(8806.77876779,-2682.92130503,44.4380679591));
#182979=EDGE_CURVE('',#182970,#182776,#182972,.T.);
#182980=CARTESIAN_POINT('Line Origine',(8800.77053564,-2671.39987093,44.5711399387));
#182981=DIRECTION('Vector Direction',(-0.1808128824289406,-0.9834317556956769,-0.01298781879519573));
#182982=VECTOR('Line Direction',#182981,1.);
#182983=LINE('Line',#182980,#182982);
#182984=EDGE_CURVE('',#182766,#181178,#182983,.F.);
#182985=EDGE_LOOP('',(#182986,#182987,#182988,#182989,#182990,#182991,#182992,#182993));
#182986=ORIENTED_EDGE('',*,*,#182971,.T.);
#182987=ORIENTED_EDGE('',*,*,#182979,.T.);
#182988=ORIENTED_EDGE('',*,*,#182777,.F.);
#182989=ORIENTED_EDGE('',*,*,#182984,.T.);
#182990=ORIENTED_EDGE('',*,*,#181179,.T.);
#182991=ORIENTED_EDGE('',*,*,#182587,.F.);
#182992=ORIENTED_EDGE('',*,*,#182526,.F.);
#182993=ORIENTED_EDGE('',*,*,#182946,.T.);
#182994=FACE_OUTER_BOUND('',#182985,.T.);
#182995=ADVANCED_FACE('PartBody',(#182994),#182964,.F.);
#182996=CARTESIAN_POINT('Axis2P3D Location',(8867.595678150001,-2685.45465586,85.23456430189999));
#182997=DIRECTION('Axis2P3D Direction',(-0.9903811618374726,0.138365979253066,-0.0001003134986420479));
#182998=DIRECTION('Axis2P3D XDirection',(-0.1383653726679325,-0.9903785096665169,-0.002330501489598863));
#182999=AXIS2_PLACEMENT_3D('Plane Axis2P3D',#182996,#182997,#182998);
#183000=PLANE('',#182999);
#183001=CARTESIAN_POINT('Line Origine',(8867.106742260001,-2688.97441768,57.4975759403));
#183002=DIRECTION('Vector Direction',(-0.1383530418860598,-0.9902979674224277,-0.0129758051728056));
#183003=VECTOR('Line Direction',#183002,1.);
#183004=LINE('Line',#183001,#183003);
#183005=CARTESIAN_POINT('Vertex',(8866.757608899999,-2691.47343075,57.4648315465));
#183006=VERTEX_POINT('',#183005);
#183007=EDGE_CURVE('',#182940,#183006,#183004,.T.);
#183008=B_SPLINE_CURVE_WITH_KNOTS('',5,(#183009,#183010,#183011,#183012,#183013,#183014,#183015,#183016,#183017,#183018,#183019,#183020),.UNSPECIFIED.,.F.,.U.,(6,3,3,6),(18.4651251665,49.4834084291,59.3867176253,80.4966779355),.UNSPECIFIED.);
#183009=CARTESIAN_POINT('Control Point',(8866.71802964,-2691.72493608,101.315062313));
#183010=CARTESIAN_POINT('Control Point',(8866.718418930001,-2691.72533092,96.9270465837));
#183011=CARTESIAN_POINT('Control Point',(8866.719724590001,-2691.7191663,92.5394598762));
#183012=CARTESIAN_POINT('Control Point',(8866.721927709999,-2691.70657742,88.1526768751));
#183013=CARTESIAN_POINT('Control Point',(8866.725997920001,-2691.68163903,82.3665408361));
#183014=CARTESIAN_POINT('Control Point',(8866.731606740001,-2691.64568759,76.5804959604));
#183015=CARTESIAN_POINT('Control Point',(8866.73305196,-2691.63635686,75.1822215083));
#183016=CARTESIAN_POINT('Control Point',(8866.73786478,-2691.60508708,70.7974310032));
#183017=CARTESIAN_POINT('Control Point',(8866.743555659999,-2691.56753185,66.4134464111));
#183018=CARTESIAN_POINT('Control Point',(8866.747834780001,-2691.53906628,63.4299455121));
#183019=CARTESIAN_POINT('Control Point',(8866.75251909,-2691.50769995,60.447080038));
#183020=CARTESIAN_POINT('Control Point',(8866.757608899999,-2691.47343075,57.4648315465));
#183021=EDGE_CURVE('',#182902,#183006,#183008,.T.);
#183022=EDGE_LOOP('',(#183023,#183024,#183025,#183026,#183027,#183028,#183029,#183030,#183031));
#183023=ORIENTED_EDGE('',*,*,#183007,.F.);
#183024=ORIENTED_EDGE('',*,*,#182951,.F.);
#183025=ORIENTED_EDGE('',*,*,#182713,.F.);
#183026=ORIENTED_EDGE('',*,*,#181818,.T.);
#183027=ORIENTED_EDGE('',*,*,#181744,.T.);
#183028=ORIENTED_EDGE('',*,*,#182347,.T.);
#183029=ORIENTED_EDGE('',*,*,#182839,.T.);
#183030=ORIENTED_EDGE('',*,*,#182908,.T.);
#183031=ORIENTED_EDGE('',*,*,#183021,.T.);
#183032=FACE_OUTER_BOUND('',#183022,.T.);
#183033=ADVANCED_FACE('PartBody',(#183032),#183000,.F.);
#183034=B_SPLINE_SURFACE_WITH_KNOTS('',5,1,((#183035,#183036),(#183037,#183038),(#183039,#183040),(#183041,#183042),(#183043,#183044),(#183045,#183046),(#183047,#183048),(#183049,#183050),(#183051,#183052)),.UNSPECIFIED.,.F.,.F.,.U.,(6,3,6),(2,2),(0.,92.2945974965,152.149194169),(0.,110.063508753),.UNSPECIFIED.);
#183035=CARTESIAN_POINT('Control Point',(8781.27561859,-2678.20010522,-13.0393547447));
#183036=CARTESIAN_POINT('Control Point',(8890.315196269999,-2693.22928955,-12.8999703025));
#183037=CARTESIAN_POINT('Control Point',(8781.18298394,-2678.70094831,5.4245954182));
#183038=CARTESIAN_POINT('Control Point',(8890.211747699999,-2693.79493346,5.53792228094));
#183039=CARTESIAN_POINT('Control Point',(8781.11076962,-2679.09089742,23.8915441484));
#183040=CARTESIAN_POINT('Control Point',(8890.128933989999,-2694.24809455,23.9798757778));
#183041=CARTESIAN_POINT('Control Point',(8781.05960966,-2679.36634688,42.2053370247));
#183042=CARTESIAN_POINT('Control Point',(8890.06726971,-2694.58635466,42.2692993383));
#183043=CARTESIAN_POINT('Control Point',(8781.00638854,-2679.65164728,72.6528773248));
#183044=CARTESIAN_POINT('Control Point',(8889.99818705,-2694.96628114,72.67946482470001));
#183045=CARTESIAN_POINT('Control Point',(8781.00902351,-2679.63326897,103.101771016));
#183046=CARTESIAN_POINT('Control Point',(8889.984650750001,-2695.04393626,103.090140697));
#183047=CARTESIAN_POINT('Control Point',(8781.0191708,-2679.57624657,115.116718346));
#183048=CARTESIAN_POINT('Control Point',(8889.98773142,-2695.02897273,115.089667064));
#183049=CARTESIAN_POINT('Control Point',(8781.038867740001,-2679.4675322,127.094955791));
#183050=CARTESIAN_POINT('Control Point',(8890.000692449999,-2694.9601078,127.052485684));
#183051=CARTESIAN_POINT('Control Point',(8781.067914040001,-2679.30793913,139.072410922));
#183052=CARTESIAN_POINT('Control Point',(8890.02306487,-2694.8400371,139.015142449));
#183053=B_SPLINE_CURVE_WITH_KNOTS('',5,(#183054,#183055,#183056,#183057,#183058,#183059),.UNSPECIFIED.,.F.,.U.,(6,6),(0.,28.8882818884),.UNSPECIFIED.);
#183054=CARTESIAN_POINT('Control Point',(8853.913747910001,-2689.50458643,44.4646767427));
#183055=CARTESIAN_POINT('Control Point',(8857.959919360001,-2690.06971013,44.466975264));
#183056=CARTESIAN_POINT('Control Point',(8862.006483360001,-2690.65848454,46.0699799289));
#183057=CARTESIAN_POINT('Control Point',(8865.190646319999,-2691.15263824,49.3005846174));
#183058=CARTESIAN_POINT('Control Point',(8866.764574090001,-2691.42653472,53.3837322469));
#183059=CARTESIAN_POINT('Control Point',(8866.757608870001,-2691.4734309,57.4648313452));
#183060=EDGE_CURVE('',#183006,#182970,#183053,.F.);
#183061=EDGE_LOOP('',(#183062,#183063,#183064,#183065,#183066,#183067));
#183062=ORIENTED_EDGE('',*,*,#183060,.F.);
#183063=ORIENTED_EDGE('',*,*,#183021,.F.);
#183064=ORIENTED_EDGE('',*,*,#182903,.F.);
#183065=ORIENTED_EDGE('',*,*,#182877,.T.);
#183066=ORIENTED_EDGE('',*,*,#182793,.F.);
#183067=ORIENTED_EDGE('',*,*,#182979,.F.);
#183068=FACE_OUTER_BOUND('',#183061,.T.);
#183069=ADVANCED_FACE('PartBody',(#183068),#183034,.F.);
#183070=CARTESIAN_POINT('Axis2P3D Location',(8854.4882889,-2685.33968185,57.5203285578));
#183071=DIRECTION('Axis2P3D Direction',(-0.1383530418860598,-0.9902979674224277,-0.0129758051728056));
#183072=DIRECTION('Axis2P3D XDirection',(0.00234856304297096,0.01277371084260522,-0.9999156547244086));
#183073=AXIS2_PLACEMENT_3D('Cylinder Axis2P3D',#183070,#183071,#183072);
#183074=CYLINDRICAL_SURFACE('generated cylinder',#183073,13.);
#183075=EDGE_LOOP('',(#183076,#183077,#183078,#183079));
#183076=ORIENTED_EDGE('',*,*,#183060,.T.);
#183077=ORIENTED_EDGE('',*,*,#182971,.F.);
#183078=ORIENTED_EDGE('',*,*,#182941,.T.);
#183079=ORIENTED_EDGE('',*,*,#183007,.T.);
#183080=FACE_OUTER_BOUND('',#183075,.T.);
#183081=ADVANCED_FACE('PartBody',(#183080),#183074,.T.);
#183082=CARTESIAN_POINT('Axis2P3D Location',(8802.92675388,-2659.67231335,113.252079519));
#183083=DIRECTION('Axis2P3D Direction',(-0.03596398411648647,-0.1956062176889264,-0.9800228565946314));
#183084=DIRECTION('Axis2P3D XDirection',(0.1772157048549288,0.9638668961016127,-0.1988848927199201));
#183085=AXIS2_PLACEMENT_3D('Plane Axis2P3D',#183082,#183083,#183084);
#183086=PLANE('',#183085);
#183087=CARTESIAN_POINT('Line Origine',(8834.9887894,-2526.91666993,85.57832921719999));
#183088=DIRECTION('Vector Direction',(0.9835147105149434,-0.1808281344279896,0));
#183089=VECTOR('Line Direction',#183088,1.);
#183090=LINE('Line',#183087,#183089);
#183091=CARTESIAN_POINT('Vertex',(8827.585354639999,-2525.55548104,85.57832921719999));
#183092=VERTEX_POINT('',#183091);
#183093=CARTESIAN_POINT('Vertex',(8842.39222417,-2528.27785881,85.57832921719999));
#183094=VERTEX_POINT('',#183093);
#183095=EDGE_CURVE('',#183092,#183094,#183090,.T.);
#183096=CARTESIAN_POINT('Line Origine',(8815.25605426,-2592.61389719,99.41520436819999));
#183097=DIRECTION('Vector Direction',(0.1772157048549288,0.9638668961016127,-0.1988848927199201));
#183098=VECTOR('Line Direction',#183097,1.);
#183099=LINE('Line',#183096,#183098);
#183100=EDGE_CURVE('',#183092,#180915,#183099,.F.);
#183101=B_SPLINE_CURVE_WITH_KNOTS('',5,(#183102,#183103,#183104,#183105,#183106,#183107,#183108,#183109,#183110),.UNSPECIFIED.,.F.,.U.,(6,3,6),(0.,8.01624159176,8.82874669571),.UNSPECIFIED.);
#183102=CARTESIAN_POINT('Control Point',(8847.69794328,-2531.40325638,86.00743390069999));
#183103=CARTESIAN_POINT('Control Point',(8846.607646169999,-2531.09345241,85.9856097622));
#183104=CARTESIAN_POINT('Control Point',(8845.553707569999,-2530.65755975,85.93728488630001));
#183105=CARTESIAN_POINT('Control Point',(8844.55636327,-2530.10129509,85.86285769289999));
#183106=CARTESIAN_POINT('Control Point',(8843.5411573,-2529.36773029,85.7536980086));
#183107=CARTESIAN_POINT('Control Point',(8842.63628371,-2528.51816116,85.6173357345));
#183108=CARTESIAN_POINT('Control Point',(8842.55395917,-2528.43900794,85.60455833509999));
#183109=CARTESIAN_POINT('Control Point',(8842.472600880001,-2528.358902,85.5915553219));
#183110=CARTESIAN_POINT('Control Point',(8842.39222417,-2528.27785881,85.57832921719999));
#183111=EDGE_CURVE('',#181122,#183094,#183101,.T.);
#183112=EDGE_LOOP('',(#183113,#183114,#183115,#183116,#183117,#183118,#183119,#183120,#183121,#183122,#183123));
#183113=ORIENTED_EDGE('',*,*,#183095,.F.);
#183114=ORIENTED_EDGE('',*,*,#183100,.T.);
#183115=ORIENTED_EDGE('',*,*,#180918,.T.);
#183116=ORIENTED_EDGE('',*,*,#182152,.F.);
#183117=ORIENTED_EDGE('',*,*,#182188,.T.);
#183118=ORIENTED_EDGE('',*,*,#180972,.F.);
#183119=ORIENTED_EDGE('',*,*,#181099,.F.);
#183120=ORIENTED_EDGE('',*,*,#181067,.T.);
#183121=ORIENTED_EDGE('',*,*,#181019,.T.);
#183122=ORIENTED_EDGE('',*,*,#181123,.F.);
#183123=ORIENTED_EDGE('',*,*,#183111,.T.);
#183124=FACE_OUTER_BOUND('',#183112,.T.);
#183125=ADVANCED_FACE('PartBody',(#183124),#183086,.F.);
#183126=CARTESIAN_POINT('Axis2P3D Location',(8829.27048719,-2516.39013375,20.8539029063));
#183127=DIRECTION('Axis2P3D Direction',(0.1801242781671036,0.9796864733415634,0.0881456656129507));
#183128=DIRECTION('Axis2P3D XDirection',(-0.01593921627070121,-0.08669255879850661,0.9961075954100759));
#183129=AXIS2_PLACEMENT_3D('Plane Axis2P3D',#183126,#183127,#183128);
#183130=PLANE('',#183129);
#183131=B_SPLINE_CURVE_WITH_KNOTS('',5,(#183132,#183133,#183134,#183135,#183136,#183137,#183138,#183139,#183140),.UNSPECIFIED.,.F.,.U.,(6,3,6),(5.33547145561,13.4719782286,30.2210386739),.UNSPECIFIED.);
#183132=CARTESIAN_POINT('Control Point',(8839.21132226,-2523.64009384,81.11894326229999));
#183133=CARTESIAN_POINT('Control Point',(8839.08345401,-2523.51433869,79.982546532));
#183134=CARTESIAN_POINT('Control Point',(8838.969735160001,-2523.39102275,78.8443461001));
#183135=CARTESIAN_POINT('Control Point',(8838.869309399999,-2523.27001175,77.7045995126));
#183136=CARTESIAN_POINT('Control Point',(8838.600988349999,-2522.90663095,74.2141486331));
#183137=CARTESIAN_POINT('Control Point',(8838.44736319,-2522.56347045,70.7140549793));
#183138=CARTESIAN_POINT('Control Point',(8838.392041589999,-2522.34119678,68.35666460119999));
#183139=CARTESIAN_POINT('Control Point',(8838.38327364,-2522.12729666,65.9972096094));
#183140=CARTESIAN_POINT('Control Point',(8838.421028459999,-2521.92195018,63.6377546063));
#183141=CARTESIAN_POINT('Vertex',(8839.21132226,-2523.64009384,81.11894326229999));
#183142=VERTEX_POINT('',#183141);
#183143=EDGE_CURVE('',#183142,#181597,#183131,.T.);
#183144=CARTESIAN_POINT('Line Origine',(8828.788321649999,-2519.01260675,50.9864230843));
#183145=DIRECTION('Vector Direction',(-0.01593921627070121,-0.08669255879850661,0.9961075954100759));
#183146=VECTOR('Line Direction',#183145,1.);
#183147=LINE('Line',#183144,#183146);
#183148=CARTESIAN_POINT('Vertex',(8828.30615611,-2521.63507976,81.11894326229999));
#183149=VERTEX_POINT('',#183148);
#183150=EDGE_CURVE('',#181328,#183149,#183147,.T.);
#183151=CARTESIAN_POINT('Line Origine',(8833.758739180001,-2522.6375868,81.11894326229999));
#183152=DIRECTION('Vector Direction',(0.9835147105149434,-0.1808281344279896,0));
#183153=VECTOR('Line Direction',#183152,1.);
#183154=LINE('Line',#183151,#183153);
#183155=EDGE_CURVE('',#183149,#183142,#183154,.T.);
#183156=EDGE_LOOP('',(#183157,#183158,#183159,#183160,#183161));
#183157=ORIENTED_EDGE('',*,*,#183143,.T.);
#183158=ORIENTED_EDGE('',*,*,#181598,.T.);
#183159=ORIENTED_EDGE('',*,*,#181336,.F.);
#183160=ORIENTED_EDGE('',*,*,#183150,.T.);
#183161=ORIENTED_EDGE('',*,*,#183155,.T.);
#183162=FACE_OUTER_BOUND('',#183156,.T.);
#183163=ADVANCED_FACE('PartBody',(#183162),#183130,.T.);
#183164=CARTESIAN_POINT('Axis2P3D Location',(8849.80605718,-2526.36073278,52.2703113246));
#183165=DIRECTION('Axis2P3D Direction',(-0.03596363245351276,-0.1956043050130694,-0.9800232512553479));
#183166=DIRECTION('Axis2P3D XDirection',(-0.271582204233143,-0.9418382396784958,0.1979490758331042));
#183167=AXIS2_PLACEMENT_3D('Cylinder Axis2P3D',#183164,#183165,#183166);
#183168=CYLINDRICAL_SURFACE('generated cylinder',#183167,12.);
#183169=B_SPLINE_CURVE_WITH_KNOTS('',5,(#183170,#183171,#183172,#183173,#183174,#183175,#183176,#183177,#183178),.UNSPECIFIED.,.F.,.U.,(6,3,6),(0.,5.78984009791,10.9958422747),.UNSPECIFIED.);
#183170=CARTESIAN_POINT('Control Point',(8839.211323199999,-2523.6400979,81.1189440365));
#183171=CARTESIAN_POINT('Control Point',(8839.30232968,-2523.72960041,81.9277407285));
#183172=CARTESIAN_POINT('Control Point',(8839.44087868,-2523.9938587,82.71184776619999));
#183173=CARTESIAN_POINT('Control Point',(8839.63984329,-2524.42465352,83.4145632197));
#183174=CARTESIAN_POINT('Control Point',(8840.17179007,-2525.44243527,84.50191948929999));
#183175=CARTESIAN_POINT('Control Point',(8840.968433370001,-2526.64083091,85.14572903040001));
#183176=CARTESIAN_POINT('Control Point',(8841.400888980001,-2527.20972353,85.35520050700001));
#183177=CARTESIAN_POINT('Control Point',(8841.87722289,-2527.75858873,85.49358531679999));
#183178=CARTESIAN_POINT('Control Point',(8842.392223950001,-2528.27785894,85.5783292509));
#183179=EDGE_CURVE('',#183094,#183142,#183169,.F.);
#183180=EDGE_LOOP('',(#183181,#183182,#183183,#183184,#183185,#183186));
#183181=ORIENTED_EDGE('',*,*,#183179,.F.);
#183182=ORIENTED_EDGE('',*,*,#183111,.F.);
#183183=ORIENTED_EDGE('',*,*,#181149,.T.);
#183184=ORIENTED_EDGE('',*,*,#181264,.T.);
#183185=ORIENTED_EDGE('',*,*,#181603,.F.);
#183186=ORIENTED_EDGE('',*,*,#183143,.F.);
#183187=FACE_OUTER_BOUND('',#183180,.T.);
#183188=ADVANCED_FACE('PartBody',(#183187),#183168,.F.);
#183189=CARTESIAN_POINT('Axis2P3D Location',(8988.09657596,-1652.54339209,0));
#183190=DIRECTION('Axis2P3D Direction',(0.9835147105149434,-0.1808281344279896,0));
#183191=DIRECTION('Axis2P3D XDirection',(0.1808281344279896,0.9835147105149434,0));
#183192=AXIS2_PLACEMENT_3D('Plane Axis2P3D',#183189,#183190,#183191);
#183193=PLANE('',#183192);
#183194=CARTESIAN_POINT('Axis2P3D Location',(8827.405534719999,-2526.53351212,80.6782149343));
#183195=DIRECTION('Axis2P3D Direction',(0.9835147105149434,-0.1808281344279896,0));
#183196=AXIS2_PLACEMENT_3D('Circle Axis2P3D',#183194,#183195,$);
#183197=CIRCLE('generated circle',#183196,5.);
#183198=EDGE_CURVE('',#183149,#183092,#183197,.T.);
#183199=EDGE_LOOP('',(#183200,#183201,#183202,#183203,#183204,#183205,#183206,#183207,#183208,#183209));
#183200=ORIENTED_EDGE('',*,*,#183198,.F.);
#183201=ORIENTED_EDGE('',*,*,#183150,.F.);
#183202=ORIENTED_EDGE('',*,*,#181329,.F.);
#183203=ORIENTED_EDGE('',*,*,#181233,.F.);
#183204=ORIENTED_EDGE('',*,*,#181186,.F.);
#183205=ORIENTED_EDGE('',*,*,#182984,.F.);
#183206=ORIENTED_EDGE('',*,*,#182769,.T.);
#183207=ORIENTED_EDGE('',*,*,#182869,.F.);
#183208=ORIENTED_EDGE('',*,*,#180925,.F.);
#183209=ORIENTED_EDGE('',*,*,#183100,.F.);
#183210=FACE_OUTER_BOUND('',#183199,.T.);
#183211=ADVANCED_FACE('PartBody',(#183210),#183193,.F.);
#183212=CARTESIAN_POINT('Axis2P3D Location',(8838.394209,-2528.55387994,80.6782149343));
#183213=DIRECTION('Axis2P3D Direction',(0.9835147105149434,-0.1808281344279896,-3.184952301889817e-15));
#183214=DIRECTION('Axis2P3D XDirection',(0.1801242781671036,0.9796864733415634,0.0881456656129507));
#183215=AXIS2_PLACEMENT_3D('Cylinder Axis2P3D',#183212,#183213,#183214);
#183216=CYLINDRICAL_SURFACE('generated cylinder',#183215,5.);
#183217=EDGE_LOOP('',(#183218,#183219,#183220,#183221));
#183218=ORIENTED_EDGE('',*,*,#183179,.T.);
#183219=ORIENTED_EDGE('',*,*,#183155,.F.);
#183220=ORIENTED_EDGE('',*,*,#183198,.T.);
#183221=ORIENTED_EDGE('',*,*,#183095,.T.);
#183222=FACE_OUTER_BOUND('',#183217,.T.);
#183223=ADVANCED_FACE('PartBody',(#183222),#183216,.T.);
#183224=ADVANCED_BREP_SHAPE_REPRESENTATION('NONE',(#180902),#180570);

#183225=APPLICATION_CONTEXT('automotive_design');
#183226=APPLICATION_PROTOCOL_DEFINITION('international standard','automotive_design',2010,#183225);
#183227=PRODUCT_CONTEXT('',#183225,'mechanical');
#183228=PRODUCT_DEFINITION_CONTEXT('part definition',#183225,'design');
#183229=PRODUCT('part_022_V5311313620000','part_022_V5311313620000','',(#183227));
#183230=PRODUCT_DEFINITION_FORMATION('','',#183229);
#183231=PRODUCT_DEFINITION('design','',#183230,#183228);
#183232=PRODUCT_DEFINITION_SHAPE('','',#183231);
#183233=SHAPE_DEFINITION_REPRESENTATION(#183232,#183224);
ENDSEC;
END-ISO-10303-21;
