ISO-10303-21;
HEADER;
FILE_DESCRIPTION(('CATIA V5 STEP Exchange','CAx-IF Rec.Pracs.--- Model Styling and Organization---1.4--- 2014-01-23'),'2;1');

FILE_NAME('C:\\Users\\SA516207\\WORK\\01_ASSY\\3_Catia\\ECHELLE\\ECHELLE.stp','2026-09-22T12:18:05+00:00',('none'),('none'),'CATIA Version 5-6 Release 2017 SP2 HF26','CATIA V5 STEP AP203 WITH EXTENSIONS','none');

FILE_SCHEMA(('CONFIG_CONTROL_DESIGN','SHAPE_APPEARANCE_LAYER_MIM'));

ENDSEC;
DATA;
#46=(LENGTH_UNIT()NAMED_UNIT(*)SI_UNIT(.MILLI.,.METRE.));
#47=(NAMED_UNIT(*)PLANE_ANGLE_UNIT()SI_UNIT($,.RADIAN.));
#48=(NAMED_UNIT(*)SI_UNIT($,.STERADIAN.)SOLID_ANGLE_UNIT());
#5372=UNCERTAINTY_MEASURE_WITH_UNIT(LENGTH_MEASURE(0.005),#46,'distance_accuracy_value','CONFUSED CURVE UNCERTAINTY');
#5373=(GEOMETRIC_REPRESENTATION_CONTEXT(3)GLOBAL_UNCERTAINTY_ASSIGNED_CONTEXT((#5372))GLOBAL_UNIT_ASSIGNED_CONTEXT((#46,#47,#48))REPRESENTATION_CONTEXT(' ',' '));
#6115=MANIFOLD_SOLID_BREP('PartBody',#6117);
#6117=CLOSED_SHELL('Closed Shell',(#6157,#6195,#6226,#6258,#6433,#6541,#6569,#6601,#6625,#6723,#6796,#6884,#6924,#6986,#7056,#7112,#7144,#7219,#7294,#7319,#7369,#7407));
#6118=CARTESIAN_POINT('Axis2P3D Location',(9401.34,-2433.87078005,1359.47033657));
#6119=DIRECTION('Axis2P3D Direction',(1,0,0));
#6120=DIRECTION('Axis2P3D XDirection',(-0,-0.9264419845941853,-0.3764375767390754));
#6121=AXIS2_PLACEMENT_3D('Cylinder Axis2P3D',#6118,#6119,#6120);
#6122=CYLINDRICAL_SURFACE('generated cylinder',#6121,13.);
#6123=CARTESIAN_POINT('Line Origine',(9402.27,-2421.8827671,1354.44166423));
#6124=DIRECTION('Vector Direction',(1,0,0));
#6125=VECTOR('Line Direction',#6124,1.);
#6126=LINE('Line',#6123,#6125);
#6127=CARTESIAN_POINT('Vertex',(9401.34,-2421.8827671,1354.44166423));
#6128=VERTEX_POINT('',#6127);
#6129=CARTESIAN_POINT('Vertex',(9403.199999999999,-2421.8827671,1354.44166423));
#6130=VERTEX_POINT('',#6129);
#6131=EDGE_CURVE('',#6128,#6130,#6126,.T.);
#6132=CARTESIAN_POINT('Axis2P3D Location',(9401.34,-2433.87078005,1359.47033657));
#6133=DIRECTION('Axis2P3D Direction',(1,0,0));
#6134=AXIS2_PLACEMENT_3D('Circle Axis2P3D',#6132,#6133,$);
#6135=CIRCLE('generated circle',#6134,13.);
#6136=CARTESIAN_POINT('Vertex',(9401.34,-2428.7877704,1371.43541128));
#6137=VERTEX_POINT('',#6136);
#6138=EDGE_CURVE('',#6128,#6137,#6135,.T.);
#6139=CARTESIAN_POINT('Line Origine',(9402.27,-2428.7877704,1371.43541128));
#6140=DIRECTION('Vector Direction',(1,0,0));
#6141=VECTOR('Line Direction',#6140,1.);
#6142=LINE('Line',#6139,#6141);
#6143=CARTESIAN_POINT('Vertex',(9403.199999999999,-2428.7877704,1371.43541128));
#6144=VERTEX_POINT('',#6143);
#6145=EDGE_CURVE('',#6137,#6144,#6142,.T.);
#6146=CARTESIAN_POINT('Axis2P3D Location',(9403.199999999999,-2433.87078005,1359.47033657));
#6147=DIRECTION('Axis2P3D Direction',(1,0,0));
#6148=AXIS2_PLACEMENT_3D('Circle Axis2P3D',#6146,#6147,$);
#6149=CIRCLE('generated circle',#6148,13.);
#6150=EDGE_CURVE('',#6130,#6144,#6149,.T.);
#6151=EDGE_LOOP('',(#6152,#6153,#6154,#6155));
#6152=ORIENTED_EDGE('',*,*,#6131,.F.);
#6153=ORIENTED_EDGE('',*,*,#6138,.T.);
#6154=ORIENTED_EDGE('',*,*,#6145,.T.);
#6155=ORIENTED_EDGE('',*,*,#6150,.F.);
#6156=FACE_OUTER_BOUND('',#6151,.T.);
#6157=ADVANCED_FACE('PartBody',(#6156),#6122,.T.);
#6158=B_SPLINE_CURVE_WITH_KNOTS('',5,(#6159,#6160,#6161,#6162,#6163,#6164),.UNSPECIFIED.,.F.,.U.,(6,6),(948.364170531,1105.26390217),.UNSPECIFIED.);
#6159=CARTESIAN_POINT('Control Point',(9401.34,-2421.8827671,1354.44166423));
#6160=CARTESIAN_POINT('Control Point',(9401.34,-2428.90552516,1337.69988649));
#6161=CARTESIAN_POINT('Control Point',(9401.34,-2435.80474218,1320.90630193));
#6162=CARTESIAN_POINT('Control Point',(9401.34,-2442.57990739,1304.06213094));
#6163=CARTESIAN_POINT('Control Point',(9401.34,-2449.23052817,1287.16860196));
#6164=CARTESIAN_POINT('Control Point',(9401.34,-2455.75613046,1270.22695095));
#6165=DIRECTION('Vector Direction',(1,0,0));
#6166=VECTOR('Extrusion Surface Vector',#6165,1.);
#6167=SURFACE_OF_LINEAR_EXTRUSION('generated tabulated cylinder',#6158,#6166);
#6168=CARTESIAN_POINT('Line Origine',(9402.27,-2455.75613046,1270.22695095));
#6169=DIRECTION('Vector Direction',(1,0,0));
#6170=VECTOR('Line Direction',#6169,1.);
#6171=LINE('Line',#6168,#6170);
#6172=CARTESIAN_POINT('Vertex',(9401.34,-2455.75613046,1270.22695095));
#6173=VERTEX_POINT('',#6172);
#6174=CARTESIAN_POINT('Vertex',(9403.199999999999,-2455.75613046,1270.22695095));
#6175=VERTEX_POINT('',#6174);
#6176=EDGE_CURVE('',#6173,#6175,#6171,.T.);
#6177=B_SPLINE_CURVE_WITH_KNOTS('',3,(#6178,#6179,#6180,#6181),.UNSPECIFIED.,.F.,.U.,(4,4),(0.,181.265133065),.UNSPECIFIED.);
#6178=CARTESIAN_POINT('Control Point',(9401.34,-2455.75613046,1270.22695095));
#6179=CARTESIAN_POINT('Control Point',(9401.34,-2444.88021816,1298.46279839));
#6180=CARTESIAN_POINT('Control Point',(9401.34,-2433.58725101,1326.53897038));
#6181=CARTESIAN_POINT('Control Point',(9401.34,-2421.8827671,1354.44166423));
#6182=EDGE_CURVE('',#6173,#6128,#6177,.T.);
#6183=B_SPLINE_CURVE_WITH_KNOTS('',3,(#6184,#6185,#6186,#6187),.UNSPECIFIED.,.F.,.U.,(4,4),(0.,181.265133065),.UNSPECIFIED.);
#6184=CARTESIAN_POINT('Control Point',(9403.199999999999,-2455.75613046,1270.22695095));
#6185=CARTESIAN_POINT('Control Point',(9403.199999999999,-2444.88021816,1298.46279839));
#6186=CARTESIAN_POINT('Control Point',(9403.199999999999,-2433.58725101,1326.53897038));
#6187=CARTESIAN_POINT('Control Point',(9403.199999999999,-2421.8827671,1354.44166423));
#6188=EDGE_CURVE('',#6175,#6130,#6183,.T.);
#6189=EDGE_LOOP('',(#6190,#6191,#6192,#6193));
#6190=ORIENTED_EDGE('',*,*,#6176,.F.);
#6191=ORIENTED_EDGE('',*,*,#6182,.T.);
#6192=ORIENTED_EDGE('',*,*,#6131,.T.);
#6193=ORIENTED_EDGE('',*,*,#6188,.F.);
#6194=FACE_OUTER_BOUND('',#6189,.T.);
#6195=ADVANCED_FACE('PartBody',(#6194),#6167,.F.);
#6196=CARTESIAN_POINT('Axis2P3D Location',(9401.34,-2456.68929911,1270.58638979));
#6197=DIRECTION('Axis2P3D Direction',(1,0,0));
#6198=DIRECTION('Axis2P3D XDirection',(0,-0.405893695066911,0.9139202964727995));
#6199=AXIS2_PLACEMENT_3D('Cylinder Axis2P3D',#6196,#6197,#6198);
#6200=CYLINDRICAL_SURFACE('generated cylinder',#6199,1.);
#6201=CARTESIAN_POINT('Line Origine',(9402.27,-2457.04831836,1269.65305964));
#6202=DIRECTION('Vector Direction',(1,0,0));
#6203=VECTOR('Line Direction',#6202,1.);
#6204=LINE('Line',#6201,#6203);
#6205=CARTESIAN_POINT('Vertex',(9401.34,-2457.04831836,1269.65305964));
#6206=VERTEX_POINT('',#6205);
#6207=CARTESIAN_POINT('Vertex',(9403.199999999999,-2457.04831836,1269.65305964));
#6208=VERTEX_POINT('',#6207);
#6209=EDGE_CURVE('',#6206,#6208,#6204,.T.);
#6210=CARTESIAN_POINT('Axis2P3D Location',(9401.34,-2456.68929911,1270.58638979));
#6211=DIRECTION('Axis2P3D Direction',(1,0,0));
#6212=AXIS2_PLACEMENT_3D('Circle Axis2P3D',#6210,#6211,$);
#6213=CIRCLE('generated circle',#6212,1.);
#6214=EDGE_CURVE('',#6206,#6173,#6213,.T.);
#6215=CARTESIAN_POINT('Axis2P3D Location',(9403.199999999999,-2456.68929911,1270.58638979));
#6216=DIRECTION('Axis2P3D Direction',(1,0,0));
#6217=AXIS2_PLACEMENT_3D('Circle Axis2P3D',#6215,#6216,$);
#6218=CIRCLE('generated circle',#6217,1.);
#6219=EDGE_CURVE('',#6208,#6175,#6218,.T.);
#6220=EDGE_LOOP('',(#6221,#6222,#6223,#6224));
#6221=ORIENTED_EDGE('',*,*,#6209,.F.);
#6222=ORIENTED_EDGE('',*,*,#6214,.T.);
#6223=ORIENTED_EDGE('',*,*,#6176,.T.);
#6224=ORIENTED_EDGE('',*,*,#6219,.F.);
#6225=FACE_OUTER_BOUND('',#6220,.T.);
#6226=ADVANCED_FACE('PartBody',(#6225),#6200,.T.);
#6227=CARTESIAN_POINT('Axis2P3D Location',(9403.199999999999,0.043568,-0.017631));
#6228=DIRECTION('Axis2P3D Direction',(1,0,0));
#6229=DIRECTION('Axis2P3D XDirection',(0,1,0));
#6230=AXIS2_PLACEMENT_3D('Plane Axis2P3D',#6227,#6228,#6229);
#6231=PLANE('',#6230);
#6232=B_SPLINE_CURVE_WITH_KNOTS('',1,(#6233,#6234),.UNSPECIFIED.,.F.,.U.,(2,2),(-47.8840630458,47.8840630458),.UNSPECIFIED.);
#6233=CARTESIAN_POINT('Control Point',(9403.199999999999,-2516.93183068,1408.8808197));
#6234=CARTESIAN_POINT('Control Point',(9403.199999999999,-2428.7877704,1371.43541128));
#6235=CARTESIAN_POINT('Vertex',(9403.200067649999,-2516.93191473,1408.88085314));
#6236=VERTEX_POINT('',#6235);
#6237=EDGE_CURVE('',#6236,#6144,#6232,.T.);
#6238=B_SPLINE_CURVE_WITH_KNOTS('',3,(#6239,#6240,#6241,#6242),.UNSPECIFIED.,.F.,.U.,(4,4),(101.073963996,254.406459242),.UNSPECIFIED.);
#6239=CARTESIAN_POINT('Control Point',(9403.199999999999,-2557.61813919,1308.33872868));
#6240=CARTESIAN_POINT('Control Point',(9403.199999999999,-2544.64451703,1342.05964495));
#6241=CARTESIAN_POINT('Control Point',(9403.199999999999,-2531.08270956,1375.57730321));
#6242=CARTESIAN_POINT('Control Point',(9403.199999999999,-2516.93183068,1408.8808197));
#6243=CARTESIAN_POINT('Vertex',(9403.20006802,-2557.61822438,1308.33875909));
#6244=VERTEX_POINT('',#6243);
#6245=EDGE_CURVE('',#6244,#6236,#6238,.T.);
#6246=B_SPLINE_CURVE_WITH_KNOTS('',1,(#6247,#6248),.UNSPECIFIED.,.F.,.U.,(2,2),(-53.8768731736,53.8768731736),.UNSPECIFIED.);
#6247=CARTESIAN_POINT('Control Point',(9403.199999999999,-2557.61813919,1308.33872868));
#6248=CARTESIAN_POINT('Control Point',(9403.199999999999,-2457.04831836,1269.65305964));
#6249=EDGE_CURVE('',#6244,#6208,#6246,.T.);
#6250=EDGE_LOOP('',(#6251,#6252,#6253,#6254,#6255,#6256));
#6251=ORIENTED_EDGE('',*,*,#6150,.T.);
#6252=ORIENTED_EDGE('',*,*,#6237,.F.);
#6253=ORIENTED_EDGE('',*,*,#6245,.F.);
#6254=ORIENTED_EDGE('',*,*,#6249,.T.);
#6255=ORIENTED_EDGE('',*,*,#6219,.T.);
#6256=ORIENTED_EDGE('',*,*,#6188,.T.);
#6257=FACE_OUTER_BOUND('',#6250,.T.);
#6258=ADVANCED_FACE('PartBody',(#6257),#6231,.T.);
#6259=B_SPLINE_SURFACE_WITH_KNOTS('',5,5,((#6260,#6261,#6262,#6263,#6264,#6265),(#6266,#6267,#6268,#6269,#6270,#6271),(#6272,#6273,#6274,#6275,#6276,#6277),(#6278,#6279,#6280,#6281,#6282,#6283),(#6284,#6285,#6286,#6287,#6288,#6289),(#6290,#6291,#6292,#6293,#6294,#6295),(#6296,#6297,#6298,#6299,#6300,#6301),(#6302,#6303,#6304,#6305,#6306,#6307),(#6308,#6309,#6310,#6311,#6312,#6313),(#6314,#6315,#6316,#6317,#6318,#6319),(#6320,#6321,#6322,#6323,#6324,#6325),(#6326,#6327,#6328,#6329,#6330,#6331),(#6332,#6333,#6334,#6335,#6336,#6337),(#6338,#6339,#6340,#6341,#6342,#6343),(#6344,#6345,#6346,#6347,#6348,#6349),(#6350,#6351,#6352,#6353,#6354,#6355),(#6356,#6357,#6358,#6359,#6360,#6361),(#6362,#6363,#6364,#6365,#6366,#6367),(#6368,#6369,#6370,#6371,#6372,#6373),(#6374,#6375,#6376,#6377,#6378,#6379),(#6380,#6381,#6382,#6383,#6384,#6385)),.UNSPECIFIED.,.F.,.F.,.U.,(6,3,3,3,3,3,6),(6,6),(100.936862001,111.383033829,132.275377484,194.952408448,219.016537636,242.609818707,254.406459242),(0.,4.86),.UNSPECIFIED.);
#6260=CARTESIAN_POINT('Control Point',(9405.81598947,-2560.42992134,1309.31625566));
#6261=CARTESIAN_POINT('Control Point',(9404.959061939999,-2560.33178327,1309.26748485));
#6262=CARTESIAN_POINT('Control Point',(9404.1341171,-2559.93556317,1309.1116132));
#6263=CARTESIAN_POINT('Control Point',(9403.51515134,-2559.27497199,1308.86722201));
#6264=CARTESIAN_POINT('Control Point',(9403.19848003,-2558.45937926,1308.55686372));
#6265=CARTESIAN_POINT('Control Point',(9403.20008185,-2557.65288144,1308.2486492));
#6266=CARTESIAN_POINT('Control Point',(9405.81619987,-2559.89905678,1310.69660994));
#6267=CARTESIAN_POINT('Control Point',(9404.959401829999,-2559.79995789,1310.65055364));
#6268=CARTESIAN_POINT('Control Point',(9404.133984489999,-2559.40252163,1310.49622931));
#6269=CARTESIAN_POINT('Control Point',(9403.515368889999,-2558.74513082,1310.24531648));
#6270=CARTESIAN_POINT('Control Point',(9403.198345159999,-2557.92918984,1309.93475273));
#6271=CARTESIAN_POINT('Control Point',(9403.19993879,-2557.12269005,1309.62644191));
#6272=CARTESIAN_POINT('Control Point',(9405.81618691,-2559.36751998,1312.07571623));
#6273=CARTESIAN_POINT('Control Point',(9404.95941329,-2559.26723977,1312.03257736));
#6274=CARTESIAN_POINT('Control Point',(9404.13425325,-2558.87048959,1311.87741762));
#6275=CARTESIAN_POINT('Control Point',(9403.51526335,-2558.21324546,1311.62511938));
#6276=CARTESIAN_POINT('Control Point',(9403.19836948,-2557.39834224,1311.31244401));
#6277=CARTESIAN_POINT('Control Point',(9403.19996937,-2556.59159356,1311.00467048));
#6278=CARTESIAN_POINT('Control Point',(9405.816215209999,-2558.83511076,1313.45476954));
#6279=CARTESIAN_POINT('Control Point',(9404.95952273,-2558.73476006,1313.41211034));
#6280=CARTESIAN_POINT('Control Point',(9404.13427063,-2558.33774556,1313.25738072));
#6281=CARTESIAN_POINT('Control Point',(9403.515355039999,-2557.68078823,1313.00461977));
#6282=CARTESIAN_POINT('Control Point',(9403.198410139999,-2556.86592375,1312.69166521));
#6283=CARTESIAN_POINT('Control Point',(9403.200029539999,-2556.05965593,1312.38274997));
#6284=CARTESIAN_POINT('Control Point',(9405.81647308,-2557.23543378,1317.5915449));
#6285=CARTESIAN_POINT('Control Point',(9404.959795519999,-2557.13422196,1317.55119522));
#6286=CARTESIAN_POINT('Control Point',(9404.13451113,-2556.73725621,1317.39643033));
#6287=CARTESIAN_POINT('Control Point',(9403.51546508,-2556.08108255,1317.14148845));
#6288=CARTESIAN_POINT('Control Point',(9403.198425799999,-2555.26705096,1316.82618297));
#6289=CARTESIAN_POINT('Control Point',(9403.19996917,-2554.46146313,1316.51524729));
#6290=CARTESIAN_POINT('Control Point',(9405.81659962,-2555.62837108,1321.72540286));
#6291=CARTESIAN_POINT('Control Point',(9404.95992324,-2555.52724352,1321.68510479));
#6292=CARTESIAN_POINT('Control Point',(9404.134589589999,-2555.13036394,1321.53018372));
#6293=CARTESIAN_POINT('Control Point',(9403.51552961,-2554.47435499,1321.27484607));
#6294=CARTESIAN_POINT('Control Point',(9403.198476419999,-2553.66074988,1320.95837974));
#6295=CARTESIAN_POINT('Control Point',(9403.20001764,-2552.85590852,1320.64548795));
#6296=CARTESIAN_POINT('Control Point',(9405.81676034,-2554.55370672,1324.48040386));
#6297=CARTESIAN_POINT('Control Point',(9404.960052639999,-2554.45247741,1324.44042047));
#6298=CARTESIAN_POINT('Control Point',(9404.134679339999,-2554.05573451,1324.28518633));
#6299=CARTESIAN_POINT('Control Point',(9403.515565010001,-2553.40003909,1324.02898343));
#6300=CARTESIAN_POINT('Control Point',(9403.19847367,-2552.58678895,1323.71149751));
#6301=CARTESIAN_POINT('Control Point',(9403.199993759999,-2551.78224723,1323.39771103));
#6302=CARTESIAN_POINT('Control Point',(9405.817259449999,-2550.24198548,1335.49529088));
#6303=CARTESIAN_POINT('Control Point',(9404.96046029,-2550.14087144,1335.45544231));
#6304=CARTESIAN_POINT('Control Point',(9404.134928919999,-2549.74464472,1335.2990473));
#6305=CARTESIAN_POINT('Control Point',(9403.515678829999,-2549.08982097,1335.04051811));
#6306=CARTESIAN_POINT('Control Point',(9403.19850491,-2548.27773848,1334.71975487));
#6307=CARTESIAN_POINT('Control Point',(9403.200009819999,-2547.47450668,1334.4023379));
#6308=CARTESIAN_POINT('Control Point',(9405.81781237,-2545.8777197,1346.49211593));
#6309=CARTESIAN_POINT('Control Point',(9404.96087234,-2545.77691709,1346.45182092));
#6310=CARTESIAN_POINT('Control Point',(9404.13515781,-2545.38138926,1346.29379774));
#6311=CARTESIAN_POINT('Control Point',(9403.51574318,-2544.7275641,1346.03260461));
#6312=CARTESIAN_POINT('Control Point',(9403.19848433,-2543.91658492,1345.70874864));
#6313=CARTESIAN_POINT('Control Point',(9403.199990539999,-2543.11435635,1345.38850093));
#6314=CARTESIAN_POINT('Control Point',(9405.818200469999,-2542.57505737,1354.72911192));
#6315=CARTESIAN_POINT('Control Point',(9404.961175819999,-2542.47446486,1354.68861235));
#6316=CARTESIAN_POINT('Control Point',(9404.135331219999,-2542.07938162,1354.52959593));
#6317=CARTESIAN_POINT('Control Point',(9403.515813689999,-2541.42621043,1354.26670492));
#6318=CARTESIAN_POINT('Control Point',(9403.19849656,-2540.61605946,1353.94056151));
#6319=CARTESIAN_POINT('Control Point',(9403.200005569999,-2539.81471891,1353.61789554));
#6320=CARTESIAN_POINT('Control Point',(9405.818783069999,-2537.96343804,1366.11439469));
#6321=CARTESIAN_POINT('Control Point',(9404.961618989999,-2537.86313265,1366.07356978));
#6322=CARTESIAN_POINT('Control Point',(9404.13558326,-2537.46875028,1365.91297351));
#6323=CARTESIAN_POINT('Control Point',(9403.515894389999,-2536.81660383,1365.64740548));
#6324=CARTESIAN_POINT('Control Point',(9403.19848879,-2536.0076364,1365.31802083));
#6325=CARTESIAN_POINT('Control Point',(9403.199996609999,-2535.20742648,1364.99224955));
#6326=CARTESIAN_POINT('Control Point',(9405.81936157,-2533.29530015,1377.47933357));
#6327=CARTESIAN_POINT('Control Point',(9404.96206211,-2533.19531903,1377.43813694));
#6328=CARTESIAN_POINT('Control Point',(9404.135832459999,-2532.80161364,1377.2760458));
#6329=CARTESIAN_POINT('Control Point',(9403.515983789999,-2532.15044642,1377.00797843));
#6330=CARTESIAN_POINT('Control Point',(9403.19848968,-2531.34264788,1376.67542327));
#6331=CARTESIAN_POINT('Control Point',(9403.200001109999,-2530.54362239,1376.34646807));
#6332=CARTESIAN_POINT('Control Point',(9405.81952723,-2531.99589188,1380.63069668));
#6333=CARTESIAN_POINT('Control Point',(9404.962187699999,-2531.89598474,1380.58942647));
#6334=CARTESIAN_POINT('Control Point',(9404.1359042,-2531.50248589,1380.42688146));
#6335=CARTESIAN_POINT('Control Point',(9403.516002369999,-2530.85161293,1380.15804923));
#6336=CARTESIAN_POINT('Control Point',(9403.19848512,-2530.04415454,1379.82458692));
#6337=CARTESIAN_POINT('Control Point',(9403.1999954,-2529.24543316,1379.49480015));
#6338=CARTESIAN_POINT('Control Point',(9405.8198469,-2529.41385554,1386.86868705));
#6339=CARTESIAN_POINT('Control Point',(9404.962431460001,-2529.31416957,1386.82712157));
#6340=CARTESIAN_POINT('Control Point',(9404.13603811,-2528.92103467,1386.66377321));
#6341=CARTESIAN_POINT('Control Point',(9403.516058089999,-2528.27068798,1386.3936303));
#6342=CARTESIAN_POINT('Control Point',(9403.19848857,-2527.46384582,1386.05848347));
#6343=CARTESIAN_POINT('Control Point',(9403.200005799999,-2526.66578887,1385.72694121));
#6344=CARTESIAN_POINT('Control Point',(9405.82018993,-2526.81474799,1393.10056621));
#6345=CARTESIAN_POINT('Control Point',(9404.962687609999,-2526.7152553,1393.05874243));
#6346=CARTESIAN_POINT('Control Point',(9404.13618333,-2526.3225739,1392.89440358));
#6347=CARTESIAN_POINT('Control Point',(9403.51608971,-2525.6728196,1392.62272154));
#6348=CARTESIAN_POINT('Control Point',(9403.1984785,-2524.86664297,1392.28582496));
#6349=CARTESIAN_POINT('Control Point',(9403.19999608,-2524.06911772,1391.95280967));
#6350=CARTESIAN_POINT('Control Point',(9405.8203201,-2525.52386816,1396.184058));
#6351=CARTESIAN_POINT('Control Point',(9404.96277591,-2525.42463703,1396.141752));
#6352=CARTESIAN_POINT('Control Point',(9404.13621058,-2525.03212916,1395.97701917));
#6353=CARTESIAN_POINT('Control Point',(9403.51610495,-2524.38259596,1395.70485541));
#6354=CARTESIAN_POINT('Control Point',(9403.19846507,-2523.57662836,1395.36733328));
#6355=CARTESIAN_POINT('Control Point',(9403.20000511,-2522.77943012,1395.03351143));
#6356=CARTESIAN_POINT('Control Point',(9405.820624739999,-2523.58121339,1400.80743239));
#6357=CARTESIAN_POINT('Control Point',(9404.963003069999,-2523.48208248,1400.76499647));
#6358=CARTESIAN_POINT('Control Point',(9404.136354259999,-2523.09003853,1400.59925737));
#6359=CARTESIAN_POINT('Control Point',(9403.51611375,-2522.44102857,1400.32564124));
#6360=CARTESIAN_POINT('Control Point',(9403.19845613,-2521.63562042,1399.98672445));
#6361=CARTESIAN_POINT('Control Point',(9403.19998471,-2520.83860606,1399.65224337));
#6362=CARTESIAN_POINT('Control Point',(9405.82081874,-2521.62915781,1405.42705098));
#6363=CARTESIAN_POINT('Control Point',(9404.963082689999,-2521.53106044,1405.38236657));
#6364=CARTESIAN_POINT('Control Point',(9404.13631962,-2521.13945099,1405.21560513));
#6365=CARTESIAN_POINT('Control Point',(9403.51609972,-2520.49060283,1404.94174959));
#6366=CARTESIAN_POINT('Control Point',(9403.198413779999,-2519.68520048,1404.60261256));
#6367=CARTESIAN_POINT('Control Point',(9403.200019189999,-2518.88832581,1404.26781033));
#6368=CARTESIAN_POINT('Control Point',(9405.8209291,-2520.97747068,1406.96656719));
#6369=CARTESIAN_POINT('Control Point',(9404.96312445,-2520.8794792,1406.92156433));
#6370=CARTESIAN_POINT('Control Point',(9404.13639811,-2520.4884198,1406.75378879));
#6371=CARTESIAN_POINT('Control Point',(9403.515970959999,-2519.83935676,1406.47985344));
#6372=CARTESIAN_POINT('Control Point',(9403.19841569,-2519.0343492,1406.14017394));
#6373=CARTESIAN_POINT('Control Point',(9403.20002368,-2518.23721725,1405.80586857));
#6374=CARTESIAN_POINT('Control Point',(9405.821084809999,-2520.32451365,1408.5063016));
#6375=CARTESIAN_POINT('Control Point',(9404.96318698,-2520.22775033,1408.45849536));
#6376=CARTESIAN_POINT('Control Point',(9404.13616464,-2519.83615413,1408.29115477));
#6377=CARTESIAN_POINT('Control Point',(9403.516158709999,-2519.18775002,1408.01695222));
#6378=CARTESIAN_POINT('Control Point',(9403.198301119999,-2518.38182759,1407.6784016));
#6379=CARTESIAN_POINT('Control Point',(9403.19990302,-2517.58514337,1407.34302606));
#6380=CARTESIAN_POINT('Control Point',(9405.82102463,-2519.67088281,1410.04428193));
#6381=CARTESIAN_POINT('Control Point',(9404.963048239999,-2519.57507678,1409.99428559));
#6382=CARTESIAN_POINT('Control Point',(9404.13640922,-2519.18465782,1409.82552992));
#6383=CARTESIAN_POINT('Control Point',(9403.5159563,-2518.5331872,1409.55678322));
#6384=CARTESIAN_POINT('Control Point',(9403.19845598,-2517.7280134,1409.21750331));
#6385=CARTESIAN_POINT('Control Point',(9403.20007859,-2516.93175091,1408.88120748));
#6386=B_SPLINE_CURVE_WITH_KNOTS('',4,(#6387,#6388,#6389,#6390,#6391),.UNSPECIFIED.,.F.,.U.,(5,5),(0.,9.82531657663),.UNSPECIFIED.);
#6387=CARTESIAN_POINT('Control Point',(9405.82102739,-2519.7032525,1409.96811343));
#6388=CARTESIAN_POINT('Control Point',(9404.74886001,-2519.57026021,1409.93685395));
#6389=CARTESIAN_POINT('Control Point',(9403.72843696,-2518.94584809,1409.70865385));
#6390=CARTESIAN_POINT('Control Point',(9403.198054749999,-2517.92733618,1409.30153499));
#6391=CARTESIAN_POINT('Control Point',(9403.200078559999,-2516.931763,1408.88121259));
#6392=CARTESIAN_POINT('Vertex',(9405.8210884,-2519.70318475,1409.96842065));
#6393=VERTEX_POINT('',#6392);
#6394=EDGE_CURVE('',#6393,#6236,#6386,.T.);
#6395=B_SPLINE_CURVE_WITH_KNOTS('',5,(#6396,#6397,#6398,#6399,#6400,#6401,#6402,#6403,#6404,#6405,#6406,#6407,#6408,#6409,#6410,#6411,#6412,#6413,#6414,#6415,#6416),.UNSPECIFIED.,.F.,.U.,(6,3,3,3,3,3,6),(100.937287512,111.383033829,132.275377484,194.952408448,219.016537636,242.609818707,254.289616145),.UNSPECIFIED.);
#6396=CARTESIAN_POINT('Control Point',(9405.815989519999,-2560.42981322,1309.3165368));
#6397=CARTESIAN_POINT('Control Point',(9405.81619987,-2559.89897017,1310.69683464));
#6398=CARTESIAN_POINT('Control Point',(9405.81618691,-2559.36745492,1312.07588475));
#6399=CARTESIAN_POINT('Control Point',(9405.81621522,-2558.83506731,1313.45488187));
#6400=CARTESIAN_POINT('Control Point',(9405.81647308,-2557.23541196,1317.59160103));
#6401=CARTESIAN_POINT('Control Point',(9405.81659962,-2555.62837108,1321.72540286));
#6402=CARTESIAN_POINT('Control Point',(9405.81676034,-2554.55370672,1324.48040386));
#6403=CARTESIAN_POINT('Control Point',(9405.817259449999,-2550.24198548,1335.49529088));
#6404=CARTESIAN_POINT('Control Point',(9405.81781237,-2545.8777197,1346.49211593));
#6405=CARTESIAN_POINT('Control Point',(9405.818200469999,-2542.57505737,1354.72911192));
#6406=CARTESIAN_POINT('Control Point',(9405.818783069999,-2537.96343804,1366.11439469));
#6407=CARTESIAN_POINT('Control Point',(9405.81936157,-2533.29530015,1377.47933357));
#6408=CARTESIAN_POINT('Control Point',(9405.81952723,-2531.99589188,1380.63069668));
#6409=CARTESIAN_POINT('Control Point',(9405.8198469,-2529.41385554,1386.86868705));
#6410=CARTESIAN_POINT('Control Point',(9405.82018993,-2526.81474799,1393.10056621));
#6411=CARTESIAN_POINT('Control Point',(9405.8203201,-2525.52386816,1396.184058));
#6412=CARTESIAN_POINT('Control Point',(9405.820623739999,-2523.58762724,1400.79216789));
#6413=CARTESIAN_POINT('Control Point',(9405.82081746,-2521.6420475,1405.39654675));
#6414=CARTESIAN_POINT('Control Point',(9405.820925829999,-2520.99683483,1406.92082139));
#6415=CARTESIAN_POINT('Control Point',(9405.82107867,-2520.35038248,1408.44529882));
#6416=CARTESIAN_POINT('Control Point',(9405.821027399999,-2519.70325248,1409.96811346));
#6417=CARTESIAN_POINT('Vertex',(9405.816055859999,-2560.42987115,1309.31655907));
#6418=VERTEX_POINT('',#6417);
#6419=EDGE_CURVE('',#6418,#6393,#6395,.T.);
#6420=B_SPLINE_CURVE_WITH_KNOTS('',4,(#6421,#6422,#6423,#6424,#6425),.UNSPECIFIED.,.F.,.U.,(5,5),(0.,9.82021584188),.UNSPECIFIED.);
#6421=CARTESIAN_POINT('Control Point',(9405.81598947,-2560.42992134,1309.31625566));
#6422=CARTESIAN_POINT('Control Point',(9404.74524326,-2560.29305848,1309.29233427));
#6423=CARTESIAN_POINT('Control Point',(9403.727241709999,-2559.6587866,1309.09179064));
#6424=CARTESIAN_POINT('Control Point',(9403.198077609999,-2558.62654361,1308.72433799));
#6425=CARTESIAN_POINT('Control Point',(9403.200072719999,-2557.61810494,1308.33907175));
#6426=EDGE_CURVE('',#6418,#6244,#6420,.T.);
#6427=EDGE_LOOP('',(#6428,#6429,#6430,#6431));
#6428=ORIENTED_EDGE('',*,*,#6394,.F.);
#6429=ORIENTED_EDGE('',*,*,#6419,.F.);
#6430=ORIENTED_EDGE('',*,*,#6426,.T.);
#6431=ORIENTED_EDGE('',*,*,#6245,.T.);
#6432=FACE_OUTER_BOUND('',#6427,.T.);
#6433=ADVANCED_FACE('PartBody',(#6432),#6259,.F.);
#6434=B_SPLINE_SURFACE_WITH_KNOTS('',5,5,((#6435,#6436,#6437,#6438,#6439,#6440),(#6441,#6442,#6443,#6444,#6445,#6446),(#6447,#6448,#6449,#6450,#6451,#6452),(#6453,#6454,#6455,#6456,#6457,#6458),(#6459,#6460,#6461,#6462,#6463,#6464),(#6465,#6466,#6467,#6468,#6469,#6470),(#6471,#6472,#6473,#6474,#6475,#6476),(#6477,#6478,#6479,#6480,#6481,#6482),(#6483,#6484,#6485,#6486,#6487,#6488),(#6489,#6490,#6491,#6492,#6493,#6494),(#6495,#6496,#6497,#6498,#6499,#6500),(#6501,#6502,#6503,#6504,#6505,#6506)),.UNSPECIFIED.,.F.,.F.,.U.,(6,3,3,6),(6,6),(0.,1.71957512168,5.15872536505,8.53832649809),(-1.86000031374,1.50768286744E-013),.UNSPECIFIED.);
#6435=CARTESIAN_POINT('Control Point',(9405.821039689999,-2519.7031499,1409.96838774));
#6436=CARTESIAN_POINT('Control Point',(9405.77411776,-2520.04286733,1410.11265304));
#6437=CARTESIAN_POINT('Control Point',(9405.7271077,-2520.38249452,1410.25692478));
#6438=CARTESIAN_POINT('Control Point',(9405.68012875,-2520.72210588,1410.40129225));
#6439=CARTESIAN_POINT('Control Point',(9405.63315752,-2521.06174031,1410.54563279));
#6440=CARTESIAN_POINT('Control Point',(9405.586105139999,-2521.40131755,1410.68991621));
#6441=CARTESIAN_POINT('Control Point',(9405.64824198,-2519.6818391,1409.96298626));
#6442=CARTESIAN_POINT('Control Point',(9405.58003709,-2520.01907,1410.10650164));
#6443=CARTESIAN_POINT('Control Point',(9405.511543319999,-2520.35596617,1410.25013393));
#6444=CARTESIAN_POINT('Control Point',(9405.44297242,-2520.6928002,1410.39371406));
#6445=CARTESIAN_POINT('Control Point',(9405.375001909999,-2521.03014454,1410.53753313));
#6446=CARTESIAN_POINT('Control Point',(9405.30624688,-2521.36678588,1410.68114675));
#6447=CARTESIAN_POINT('Control Point',(9405.47604861,-2519.64787691,1409.95273049));
#6448=CARTESIAN_POINT('Control Point',(9405.387584299999,-2519.98124005,1410.09679021));
#6449=CARTESIAN_POINT('Control Point',(9405.297459109999,-2520.3140252,1410.238234));
#6450=CARTESIAN_POINT('Control Point',(9405.207646269999,-2520.64679779,1410.38044219));
#6451=CARTESIAN_POINT('Control Point',(9405.118901579999,-2520.98070561,1410.52258639));
#6452=CARTESIAN_POINT('Control Point',(9405.02731908,-2521.31205145,1410.66377929));
#6453=CARTESIAN_POINT('Control Point',(9405.307898040001,-2519.6035227,1409.9381808));
#6454=CARTESIAN_POINT('Control Point',(9405.197420709999,-2519.93055743,1410.07952916));
#6455=CARTESIAN_POINT('Control Point',(9405.08693687,-2520.2581068,1410.21967593));
#6456=CARTESIAN_POINT('Control Point',(9404.97641478,-2520.58572218,1410.35957965));
#6457=CARTESIAN_POINT('Control Point',(9404.86565091,-2520.91315468,1410.4993918));
#6458=CARTESIAN_POINT('Control Point',(9404.755079679999,-2521.2407201,1410.6392112));
#6459=CARTESIAN_POINT('Control Point',(9404.813489579999,-2519.43482979,1409.88038327));
#6460=CARTESIAN_POINT('Control Point',(9404.641759529999,-2519.74127707,1410.01395209));
#6461=CARTESIAN_POINT('Control Point',(9404.46997281,-2520.04821365,1410.14617814));
#6462=CARTESIAN_POINT('Control Point',(9404.29816364,-2520.35536171,1410.27792589));
#6463=CARTESIAN_POINT('Control Point',(9404.1261897,-2520.66240444,1410.40941379));
#6464=CARTESIAN_POINT('Control Point',(9403.954179599999,-2520.96940392,1410.54083537));
#6465=CARTESIAN_POINT('Control Point',(9404.366277679999,-2519.17053495,1409.78312852));
#6466=CARTESIAN_POINT('Control Point',(9404.138378019999,-2519.4443465,1409.90221546));
#6467=CARTESIAN_POINT('Control Point',(9403.911010939999,-2519.71894372,1410.02097451));
#6468=CARTESIAN_POINT('Control Point',(9403.68357451,-2519.99372372,1410.13911941));
#6469=CARTESIAN_POINT('Control Point',(9403.456278379999,-2520.26874019,1410.25725348));
#6470=CARTESIAN_POINT('Control Point',(9403.22977416,-2520.54452699,1410.37559582));
#6471=CARTESIAN_POINT('Control Point',(9404.09695583,-2518.95448177,1409.70131995));
#6472=CARTESIAN_POINT('Control Point',(9403.83641396,-2519.2027571,1409.80936028));
#6473=CARTESIAN_POINT('Control Point',(9403.57572981,-2519.45123929,1409.91667051));
#6474=CARTESIAN_POINT('Control Point',(9403.315137059999,-2519.69997867,1410.02370769));
#6475=CARTESIAN_POINT('Control Point',(9403.054294,-2519.94845126,1410.13045316));
#6476=CARTESIAN_POINT('Control Point',(9402.79347873,-2520.19709816,1410.23722164));
#6477=CARTESIAN_POINT('Control Point',(9403.63857922,-2518.46311586,1409.51078624));
#6478=CARTESIAN_POINT('Control Point',(9403.320985479999,-2518.65156595,1409.59202182));
#6479=CARTESIAN_POINT('Control Point',(9403.00340261,-2518.8400332,1409.67337773));
#6480=CARTESIAN_POINT('Control Point',(9402.685627209999,-2519.02835492,1409.75443813));
#6481=CARTESIAN_POINT('Control Point',(9402.368359709999,-2519.21733947,1409.83572799));
#6482=CARTESIAN_POINT('Control Point',(9402.05063949,-2519.405826,1409.91677728));
#6483=CARTESIAN_POINT('Control Point',(9403.34667015,-2517.87258596,1409.27311264));
#6484=CARTESIAN_POINT('Control Point',(9402.993400339999,-2517.98942243,1409.32312185));
#6485=CARTESIAN_POINT('Control Point',(9402.639694629999,-2518.10571615,1409.37292636));
#6486=CARTESIAN_POINT('Control Point',(9402.286211479999,-2518.22223682,1409.4229525));
#6487=CARTESIAN_POINT('Control Point',(9401.932085779999,-2518.33796254,1409.4726137));
#6488=CARTESIAN_POINT('Control Point',(9401.577872619999,-2518.45361051,1409.52224501));
#6489=CARTESIAN_POINT('Control Point',(9403.249671489999,-2517.56502769,1409.14718912));
#6490=CARTESIAN_POINT('Control Point',(9402.883212659999,-2517.64308217,1409.17961613));
#6491=CARTESIAN_POINT('Control Point',(9402.5169938,-2517.72087111,1409.21301678));
#6492=CARTESIAN_POINT('Control Point',(9402.15039228,-2517.79814639,1409.24632883));
#6493=CARTESIAN_POINT('Control Point',(9401.785883979999,-2517.87808009,1409.28067295));
#6494=CARTESIAN_POINT('Control Point',(9401.420144809999,-2517.95623616,1409.31431811));
#6495=CARTESIAN_POINT('Control Point',(9403.19955385,-2517.2470047,1409.01469611));
#6496=CARTESIAN_POINT('Control Point',(9402.827187699999,-2517.28573199,1409.03107023));
#6497=CARTESIAN_POINT('Control Point',(9402.4548958,-2517.32450317,1409.04758789));
#6498=CARTESIAN_POINT('Control Point',(9402.08424278,-2517.36535584,1409.06484352));
#6499=CARTESIAN_POINT('Control Point',(9401.709970149999,-2517.40163752,1409.08040213));
#6500=CARTESIAN_POINT('Control Point',(9401.33954343,-2517.44273431,1409.09785983));
#6501=CARTESIAN_POINT('Control Point',(9403.20006797,-2516.93191473,1408.88085314));
#6502=CARTESIAN_POINT('Control Point',(9402.827987279999,-2516.93181961,1408.88080059));
#6503=CARTESIAN_POINT('Control Point',(9402.455984819999,-2516.93185448,1408.88072001));
#6504=CARTESIAN_POINT('Control Point',(9402.084016319999,-2516.93185624,1408.88081301));
#6505=CARTESIAN_POINT('Control Point',(9401.71199226,-2516.9318216,1408.880812));
#6506=CARTESIAN_POINT('Control Point',(9401.340054259999,-2516.9318975,1408.88084754));
#6507=B_SPLINE_CURVE_WITH_KNOTS('',5,(#6508,#6509,#6510,#6511,#6512,#6513),.UNSPECIFIED.,.F.,.U.,(6,6),(-1.86000031374,1.50768286744E-013),.UNSPECIFIED.);
#6508=CARTESIAN_POINT('Control Point',(9403.20006797,-2516.93191473,1408.88085314));
#6509=CARTESIAN_POINT('Control Point',(9402.827987279999,-2516.93181961,1408.88080059));
#6510=CARTESIAN_POINT('Control Point',(9402.455984819999,-2516.93185448,1408.88072001));
#6511=CARTESIAN_POINT('Control Point',(9402.084016319999,-2516.93185624,1408.88081301));
#6512=CARTESIAN_POINT('Control Point',(9401.71199226,-2516.9318216,1408.880812));
#6513=CARTESIAN_POINT('Control Point',(9401.340054259999,-2516.9318975,1408.88084754));
#6514=CARTESIAN_POINT('Vertex',(9401.34,-2516.93183068,1408.8808197));
#6515=VERTEX_POINT('',#6514);
#6516=EDGE_CURVE('',#6515,#6236,#6507,.F.);
#6517=B_SPLINE_CURVE_WITH_KNOTS('',5,(#6518,#6519,#6520,#6521,#6522,#6523),.UNSPECIFIED.,.F.,.U.,(6,6),(0.,9.82544316775),.UNSPECIFIED.);
#6518=CARTESIAN_POINT('Control Point',(9405.58610518,-2521.40131726,1410.68991609));
#6519=CARTESIAN_POINT('Control Point',(9404.196573069999,-2521.22986317,1410.64637464));
#6520=CARTESIAN_POINT('Control Point',(9402.860255489999,-2520.58852556,1410.40203397));
#6521=CARTESIAN_POINT('Control Point',(9401.849627109999,-2519.52482957,1409.97159752));
#6522=CARTESIAN_POINT('Control Point',(9401.33876361,-2518.22255355,1409.42914048));
#6523=CARTESIAN_POINT('Control Point',(9401.340054259999,-2516.9318975,1408.88084754));
#6524=CARTESIAN_POINT('Vertex',(9405.586163259999,-2521.40136758,1410.68993661));
#6525=VERTEX_POINT('',#6524);
#6526=EDGE_CURVE('',#6525,#6515,#6517,.T.);
#6527=B_SPLINE_CURVE_WITH_KNOTS('',5,(#6528,#6529,#6530,#6531,#6532,#6533),.UNSPECIFIED.,.F.,.U.,(6,6),(-1.85996187739,1.50768286744E-013),.UNSPECIFIED.);
#6528=CARTESIAN_POINT('Control Point',(9405.821034839999,-2519.703185,1409.96840265));
#6529=CARTESIAN_POINT('Control Point',(9405.774113879999,-2520.0428954,1410.11266496));
#6530=CARTESIAN_POINT('Control Point',(9405.727104789999,-2520.38251557,1410.25693373));
#6531=CARTESIAN_POINT('Control Point',(9405.680126809999,-2520.72211991,1410.40129822));
#6532=CARTESIAN_POINT('Control Point',(9405.63315655,-2521.06174733,1410.54563577));
#6533=CARTESIAN_POINT('Control Point',(9405.586105139999,-2521.40131755,1410.68991621));
#6534=EDGE_CURVE('',#6393,#6525,#6527,.T.);
#6535=EDGE_LOOP('',(#6536,#6537,#6538,#6539));
#6536=ORIENTED_EDGE('',*,*,#6394,.T.);
#6537=ORIENTED_EDGE('',*,*,#6516,.F.);
#6538=ORIENTED_EDGE('',*,*,#6526,.F.);
#6539=ORIENTED_EDGE('',*,*,#6534,.F.);
#6540=FACE_OUTER_BOUND('',#6535,.T.);
#6541=ADVANCED_FACE('PartBody',(#6540),#6434,.T.);
#6542=B_SPLINE_SURFACE_WITH_KNOTS('',5,1,((#6543,#6544),(#6545,#6546),(#6547,#6548),(#6549,#6550),(#6551,#6552),(#6553,#6554)),.UNSPECIFIED.,.F.,.F.,.U.,(6,6),(2,2),(0.,95.7681260915),(-1.50714213705E-013,1.86),.UNSPECIFIED.);
#6543=CARTESIAN_POINT('Control Point',(9401.34,-2516.93183068,1408.8808197));
#6544=CARTESIAN_POINT('Control Point',(9403.199999999999,-2516.93183068,1408.8808197));
#6545=CARTESIAN_POINT('Control Point',(9401.34,-2499.30301863,1401.39173802));
#6546=CARTESIAN_POINT('Control Point',(9403.199999999999,-2499.30301863,1401.39173802));
#6547=CARTESIAN_POINT('Control Point',(9401.34,-2481.67420657,1393.90265633));
#6548=CARTESIAN_POINT('Control Point',(9403.199999999999,-2481.67420657,1393.90265633));
#6549=CARTESIAN_POINT('Control Point',(9401.34,-2464.04539451,1386.41357465));
#6550=CARTESIAN_POINT('Control Point',(9403.199999999999,-2464.04539451,1386.41357465));
#6551=CARTESIAN_POINT('Control Point',(9401.34,-2446.41658245,1378.92449297));
#6552=CARTESIAN_POINT('Control Point',(9403.199999999999,-2446.41658245,1378.92449297));
#6553=CARTESIAN_POINT('Control Point',(9401.34,-2428.7877704,1371.43541128));
#6554=CARTESIAN_POINT('Control Point',(9403.199999999999,-2428.7877704,1371.43541128));
#6555=B_SPLINE_CURVE_WITH_KNOTS('',5,(#6556,#6557,#6558,#6559,#6560,#6561),.UNSPECIFIED.,.F.,.U.,(6,6),(0.,95.7681260915),.UNSPECIFIED.);
#6556=CARTESIAN_POINT('Control Point',(9401.34,-2516.93183068,1408.8808197));
#6557=CARTESIAN_POINT('Control Point',(9401.34,-2499.30301863,1401.39173802));
#6558=CARTESIAN_POINT('Control Point',(9401.34,-2481.67420657,1393.90265633));
#6559=CARTESIAN_POINT('Control Point',(9401.34,-2464.04539451,1386.41357465));
#6560=CARTESIAN_POINT('Control Point',(9401.34,-2446.41658245,1378.92449297));
#6561=CARTESIAN_POINT('Control Point',(9401.34,-2428.7877704,1371.43541128));
#6562=EDGE_CURVE('',#6515,#6137,#6555,.T.);
#6563=EDGE_LOOP('',(#6564,#6565,#6566,#6567));
#6564=ORIENTED_EDGE('',*,*,#6237,.T.);
#6565=ORIENTED_EDGE('',*,*,#6145,.F.);
#6566=ORIENTED_EDGE('',*,*,#6562,.F.);
#6567=ORIENTED_EDGE('',*,*,#6516,.T.);
#6568=FACE_OUTER_BOUND('',#6563,.T.);
#6569=ADVANCED_FACE('PartBody',(#6568),#6542,.F.);
#6570=CARTESIAN_POINT('Axis2P3D Location',(9401.34,0.043568,-0.017631));
#6571=DIRECTION('Axis2P3D Direction',(1,0,0));
#6572=DIRECTION('Axis2P3D XDirection',(0,1,0));
#6573=AXIS2_PLACEMENT_3D('Plane Axis2P3D',#6570,#6571,#6572);
#6574=PLANE('',#6573);
#6575=CARTESIAN_POINT('Line Origine',(9401.34,-2507.33322877,1288.99589416));
#6576=DIRECTION('Vector Direction',(0,0.9333301554949589,-0.3590192485699842));
#6577=VECTOR('Line Direction',#6576,1.);
#6578=LINE('Line',#6575,#6577);
#6579=CARTESIAN_POINT('Vertex',(9401.340054279999,-2557.6182066,1308.33875403));
#6580=VERTEX_POINT('',#6579);
#6581=EDGE_CURVE('',#6580,#6206,#6578,.T.);
#6582=B_SPLINE_CURVE_WITH_KNOTS('',5,(#6583,#6584,#6585,#6586,#6587,#6588,#6589,#6590,#6591),.UNSPECIFIED.,.F.,.U.,(6,3,6),(101.073963996,220.189424031,254.406459242),.UNSPECIFIED.);
#6583=CARTESIAN_POINT('Control Point',(9401.34,-2557.61813919,1308.33872868));
#6584=CARTESIAN_POINT('Control Point',(9401.34,-2551.57104929,1324.05626767));
#6585=CARTESIAN_POINT('Control Point',(9401.34,-2545.41744194,1339.73705347));
#6586=CARTESIAN_POINT('Control Point',(9401.34,-2539.15730583,1355.38053851));
#6587=CARTESIAN_POINT('Control Point',(9401.34,-2530.96173166,1375.4690315));
#6588=CARTESIAN_POINT('Control Point',(9401.34,-2522.58955818,1395.49386623));
#6589=CARTESIAN_POINT('Control Point',(9401.34,-2520.71245189,1399.95936928));
#6590=CARTESIAN_POINT('Control Point',(9401.34,-2518.82654108,1404.42169604));
#6591=CARTESIAN_POINT('Control Point',(9401.34,-2516.93183068,1408.8808197));
#6592=EDGE_CURVE('',#6580,#6515,#6582,.T.);
#6593=EDGE_LOOP('',(#6594,#6595,#6596,#6597,#6598,#6599));
#6594=ORIENTED_EDGE('',*,*,#6182,.F.);
#6595=ORIENTED_EDGE('',*,*,#6214,.F.);
#6596=ORIENTED_EDGE('',*,*,#6581,.F.);
#6597=ORIENTED_EDGE('',*,*,#6592,.T.);
#6598=ORIENTED_EDGE('',*,*,#6562,.T.);
#6599=ORIENTED_EDGE('',*,*,#6138,.F.);
#6600=FACE_OUTER_BOUND('',#6593,.T.);
#6601=ADVANCED_FACE('PartBody',(#6600),#6574,.F.);
#6602=B_SPLINE_SURFACE_WITH_KNOTS('',5,1,((#6603,#6604),(#6605,#6606),(#6607,#6608),(#6609,#6610),(#6611,#6612),(#6613,#6614)),.UNSPECIFIED.,.F.,.F.,.U.,(6,6),(2,2),(0.,107.753746347),(-1.50714213706E-013,1.86000000004),.UNSPECIFIED.);
#6603=CARTESIAN_POINT('Control Point',(9401.34,-2557.61813919,1308.33872868));
#6604=CARTESIAN_POINT('Control Point',(9403.199999999999,-2557.61813919,1308.33872868));
#6605=CARTESIAN_POINT('Control Point',(9401.34,-2537.50417502,1300.60159487));
#6606=CARTESIAN_POINT('Control Point',(9403.199999999999,-2537.50417502,1300.60159487));
#6607=CARTESIAN_POINT('Control Point',(9401.34,-2517.39021086,1292.86446107));
#6608=CARTESIAN_POINT('Control Point',(9403.199999999999,-2517.39021086,1292.86446107));
#6609=CARTESIAN_POINT('Control Point',(9401.34,-2497.27624669,1285.12732726));
#6610=CARTESIAN_POINT('Control Point',(9403.199999999999,-2497.27624669,1285.12732726));
#6611=CARTESIAN_POINT('Control Point',(9401.34,-2477.16228252,1277.39019345));
#6612=CARTESIAN_POINT('Control Point',(9403.199999999999,-2477.16228252,1277.39019345));
#6613=CARTESIAN_POINT('Control Point',(9401.34,-2457.04831836,1269.65305964));
#6614=CARTESIAN_POINT('Control Point',(9403.199999999999,-2457.04831836,1269.65305964));
#6615=B_SPLINE_CURVE_WITH_KNOTS('',1,(#6616,#6617),.UNSPECIFIED.,.F.,.U.,(2,2),(5.4284772166E-005,1.86000000004),.UNSPECIFIED.);
#6616=CARTESIAN_POINT('Control Point',(9401.340054279999,-2557.61813919,1308.33872868));
#6617=CARTESIAN_POINT('Control Point',(9403.199999999999,-2557.61813919,1308.33872868));
#6618=EDGE_CURVE('',#6244,#6580,#6615,.F.);
#6619=EDGE_LOOP('',(#6620,#6621,#6622,#6623));
#6620=ORIENTED_EDGE('',*,*,#6618,.T.);
#6621=ORIENTED_EDGE('',*,*,#6581,.T.);
#6622=ORIENTED_EDGE('',*,*,#6209,.T.);
#6623=ORIENTED_EDGE('',*,*,#6249,.F.);
#6624=FACE_OUTER_BOUND('',#6619,.T.);
#6625=ADVANCED_FACE('PartBody',(#6624),#6602,.T.);
#6626=B_SPLINE_SURFACE_WITH_KNOTS('',5,5,((#6627,#6628,#6629,#6630,#6631,#6632),(#6633,#6634,#6635,#6636,#6637,#6638),(#6639,#6640,#6641,#6642,#6643,#6644),(#6645,#6646,#6647,#6648,#6649,#6650),(#6651,#6652,#6653,#6654,#6655,#6656),(#6657,#6658,#6659,#6660,#6661,#6662),(#6663,#6664,#6665,#6666,#6667,#6668),(#6669,#6670,#6671,#6672,#6673,#6674),(#6675,#6676,#6677,#6678,#6679,#6680),(#6681,#6682,#6683,#6684,#6685,#6686),(#6687,#6688,#6689,#6690,#6691,#6692),(#6693,#6694,#6695,#6696,#6697,#6698)),.UNSPECIFIED.,.F.,.F.,.U.,(6,3,3,6),(6,6),(0.,1.71745340564,5.15236021691,8.5321446171),(-1.86000000116,1.96986737846E-009),.UNSPECIFIED.);
#6627=CARTESIAN_POINT('Control Point',(9405.816007269999,-2560.42983591,1309.31652702));
#6628=CARTESIAN_POINT('Control Point',(9405.768461919999,-2560.77425678,1309.44895069));
#6629=CARTESIAN_POINT('Control Point',(9405.720825869999,-2561.11858176,1309.5813925));
#6630=CARTESIAN_POINT('Control Point',(9405.673224779999,-2561.46290207,1309.71392035));
#6631=CARTESIAN_POINT('Control Point',(9405.62562956,-2561.80723935,1309.84642768));
#6632=CARTESIAN_POINT('Control Point',(9405.5779532,-2562.15151922,1309.9788778));
#6633=CARTESIAN_POINT('Control Point',(9405.643527029999,-2560.40790204,1309.31231215));
#6634=CARTESIAN_POINT('Control Point',(9405.57474403,-2560.74976243,1309.44410444));
#6635=CARTESIAN_POINT('Control Point',(9405.505676979999,-2561.09128841,1309.57605196));
#6636=CARTESIAN_POINT('Control Point',(9405.43652788,-2561.43274934,1309.70794586));
#6637=CARTESIAN_POINT('Control Point',(9405.36797888,-2561.77471938,1309.84007179));
#6638=CARTESIAN_POINT('Control Point',(9405.29864884,-2562.11598277,1309.97203325));
#6639=CARTESIAN_POINT('Control Point',(9405.47166797,-2560.37317881,1309.30376581));
#6640=CARTESIAN_POINT('Control Point',(9405.382698629999,-2560.71104232,1309.43656499));
#6641=CARTESIAN_POINT('Control Point',(9405.292033989999,-2561.04838099,1309.56639527));
#6642=CARTESIAN_POINT('Control Point',(9405.201687609999,-2561.38568516,1309.69710824));
#6643=CARTESIAN_POINT('Control Point',(9405.112422509999,-2561.72416402,1309.82763387));
#6644=CARTESIAN_POINT('Control Point',(9405.02028791,-2562.06003021,1309.95731695));
#6645=CARTESIAN_POINT('Control Point',(9405.303870009999,-2560.32795172,1309.2913388));
#6646=CARTESIAN_POINT('Control Point',(9405.192928389999,-2560.65938799,1309.42162216));
#6647=CARTESIAN_POINT('Control Point',(9405.08196311,-2560.99137471,1309.55047658));
#6648=CARTESIAN_POINT('Control Point',(9404.970956129999,-2561.32343761,1309.67903679));
#6649=CARTESIAN_POINT('Control Point',(9404.859708459999,-2561.65531616,1309.80751502));
#6650=CARTESIAN_POINT('Control Point',(9404.74865449,-2561.987333,1309.93598621));
#6651=CARTESIAN_POINT('Control Point',(9404.810527019999,-2560.15626673,1309.24131666));
#6652=CARTESIAN_POINT('Control Point',(9404.638477119999,-2560.46676145,1309.36467601));
#6653=CARTESIAN_POINT('Control Point',(9404.466356969999,-2560.77779341,1309.48643297));
#6654=CARTESIAN_POINT('Control Point',(9404.29421077,-2561.08905513,1309.60761862));
#6655=CARTESIAN_POINT('Control Point',(9404.121882019999,-2561.40020254,1309.72851245));
#6656=CARTESIAN_POINT('Control Point',(9403.949527429999,-2561.71131328,1309.84933733));
#6657=CARTESIAN_POINT('Control Point',(9404.364361460001,-2559.88798996,1309.15548702));
#6658=CARTESIAN_POINT('Control Point',(9404.136268569999,-2560.16542006,1309.26540995));
#6659=CARTESIAN_POINT('Control Point',(9403.9086974,-2560.44365814,1309.37486771));
#6660=CARTESIAN_POINT('Control Point',(9403.681047009999,-2560.72209524,1309.48360053));
#6661=CARTESIAN_POINT('Control Point',(9403.45354715,-2561.00078375,1309.59230013));
#6662=CARTESIAN_POINT('Control Point',(9403.22683354,-2561.28024579,1309.70116955));
#6663=CARTESIAN_POINT('Control Point',(9404.0956726,-2559.66888723,1309.08273266));
#6664=CARTESIAN_POINT('Control Point',(9403.835007939999,-2559.92044174,1309.18247652));
#6665=CARTESIAN_POINT('Control Point',(9403.574196829999,-2560.172234,1309.28135246));
#6666=CARTESIAN_POINT('Control Point',(9403.313473349999,-2560.42429518,1309.37988793));
#6667=CARTESIAN_POINT('Control Point',(9403.05248833,-2560.67608213,1309.4781111));
#6668=CARTESIAN_POINT('Control Point',(9402.79153789,-2560.92805204,1309.57635071));
#6669=CARTESIAN_POINT('Control Point',(9403.63804007,-2559.17054109,1308.91210444));
#6670=CARTESIAN_POINT('Control Point',(9403.320402969999,-2559.36151188,1308.98692765));
#6671=CARTESIAN_POINT('Control Point',(9403.002771019999,-2559.55248991,1309.06188208));
#6672=CARTESIAN_POINT('Control Point',(9402.684943979999,-2559.74332759,1309.13651051));
#6673=CARTESIAN_POINT('Control Point',(9402.367637859999,-2559.93484998,1309.21134188));
#6674=CARTESIAN_POINT('Control Point',(9402.049868759999,-2560.12585923,1309.28594489));
#6675=CARTESIAN_POINT('Control Point',(9403.346548149999,-2558.57197755,1308.6971251));
#6676=CARTESIAN_POINT('Control Point',(9402.993269000001,-2558.69040457,1308.7431146));
#6677=CARTESIAN_POINT('Control Point',(9402.63955989,-2558.80829217,1308.78892282));
#6678=CARTESIAN_POINT('Control Point',(9402.286074449999,-2558.92640498,1308.83496301));
#6679=CARTESIAN_POINT('Control Point',(9401.93193212,-2559.0437007,1308.88065645));
#6680=CARTESIAN_POINT('Control Point',(9401.5777113,-2559.16092781,1308.9263305));
#6681=CARTESIAN_POINT('Control Point',(9403.249633489999,-2558.26008458,1308.58263534));
#6682=CARTESIAN_POINT('Control Point',(9402.883167529999,-2558.33923914,1308.61222619));
#6683=CARTESIAN_POINT('Control Point',(9402.516938569999,-2558.41807791,1308.64296363));
#6684=CARTESIAN_POINT('Control Point',(9402.15033058,-2558.49639961,1308.67364929));
#6685=CARTESIAN_POINT('Control Point',(9401.785845500001,-2558.5774408,1308.70527005));
#6686=CARTESIAN_POINT('Control Point',(9401.42010334,-2558.65665499,1308.736251));
#6687=CARTESIAN_POINT('Control Point',(9403.199551149999,-2557.93763887,1308.46161538));
#6688=CARTESIAN_POINT('Control Point',(9402.827198999999,-2557.97691712,1308.47664347));
#6689=CARTESIAN_POINT('Control Point',(9402.454879359999,-2558.01619033,1308.49179233));
#6690=CARTESIAN_POINT('Control Point',(9402.08422239,-2558.05757911,1308.50763861));
#6691=CARTESIAN_POINT('Control Point',(9401.70997663,-2558.09442009,1308.52192947));
#6692=CARTESIAN_POINT('Control Point',(9401.339538849999,-2558.1360543,1308.53795014));
#6693=CARTESIAN_POINT('Control Point',(9403.20006802,-2557.61822438,1308.33875909));
#6694=CARTESIAN_POINT('Control Point',(9402.8279867,-2557.61812774,1308.3387089));
#6695=CARTESIAN_POINT('Control Point',(9402.45598139,-2557.6181572,1308.33862489));
#6696=CARTESIAN_POINT('Control Point',(9402.08401936,-2557.61816923,1308.338721));
#6697=CARTESIAN_POINT('Control Point',(9401.711989449999,-2557.61812657,1308.33872014));
#6698=CARTESIAN_POINT('Control Point',(9401.340054279999,-2557.6182066,1308.33875403));
#6699=B_SPLINE_CURVE_WITH_KNOTS('',5,(#6700,#6701,#6702,#6703,#6704,#6705),.UNSPECIFIED.,.F.,.U.,(6,6),(-1.85996219078,1.96986737846E-009),.UNSPECIFIED.);
#6700=CARTESIAN_POINT('Control Point',(9405.81600244,-2560.42987092,1309.31654048));
#6701=CARTESIAN_POINT('Control Point',(9405.768458049999,-2560.77428477,1309.44896146));
#6702=CARTESIAN_POINT('Control Point',(9405.720822969999,-2561.11860276,1309.58140058));
#6703=CARTESIAN_POINT('Control Point',(9405.67322285,-2561.46291607,1309.71392574));
#6704=CARTESIAN_POINT('Control Point',(9405.62562859,-2561.80724635,1309.84643037));
#6705=CARTESIAN_POINT('Control Point',(9405.5779532,-2562.15151922,1309.9788778));
#6706=CARTESIAN_POINT('Vertex',(9405.578010499999,-2562.15156921,1309.97889599));
#6707=VERTEX_POINT('',#6706);
#6708=EDGE_CURVE('',#6418,#6707,#6699,.T.);
#6709=B_SPLINE_CURVE_WITH_KNOTS('',5,(#6710,#6711,#6712,#6713,#6714,#6715),.UNSPECIFIED.,.F.,.U.,(6,6),(0.,9.8203932945),.UNSPECIFIED.);
#6710=CARTESIAN_POINT('Control Point',(9405.5779532,-2562.15151922,1309.9788778));
#6711=CARTESIAN_POINT('Control Point',(9404.190491859999,-2561.97498974,1309.9448771));
#6712=CARTESIAN_POINT('Control Point',(9402.856915299999,-2561.32333076,1309.72673584));
#6713=CARTESIAN_POINT('Control Point',(9401.84855058,-2560.24499301,1309.33672102));
#6714=CARTESIAN_POINT('Control Point',(9401.33875302,-2558.92557915,1308.84165001));
#6715=CARTESIAN_POINT('Control Point',(9401.340054279999,-2557.6182066,1308.33875403));
#6716=EDGE_CURVE('',#6707,#6580,#6709,.T.);
#6717=EDGE_LOOP('',(#6718,#6719,#6720,#6721));
#6718=ORIENTED_EDGE('',*,*,#6708,.T.);
#6719=ORIENTED_EDGE('',*,*,#6716,.T.);
#6720=ORIENTED_EDGE('',*,*,#6618,.F.);
#6721=ORIENTED_EDGE('',*,*,#6426,.F.);
#6722=FACE_OUTER_BOUND('',#6717,.T.);
#6723=ADVANCED_FACE('PartBody',(#6722),#6626,.F.);
#6724=B_SPLINE_SURFACE_WITH_KNOTS('',5,5,((#6725,#6726,#6727,#6728,#6729,#6730,#6731,#6732,#6733),(#6734,#6735,#6736,#6737,#6738,#6739,#6740,#6741,#6742),(#6743,#6744,#6745,#6746,#6747,#6748,#6749,#6750,#6751),(#6752,#6753,#6754,#6755,#6756,#6757,#6758,#6759,#6760),(#6761,#6762,#6763,#6764,#6765,#6766,#6767,#6768,#6769),(#6770,#6771,#6772,#6773,#6774,#6775,#6776,#6777,#6778)),.UNSPECIFIED.,.F.,.F.,.U.,(6,6),(6,3,6),(100.936862002,254.406459242),(0.,2.43,4.86),.UNSPECIFIED.);
#6725=CARTESIAN_POINT('Control Point',(9405.57801049,-2562.15156921,1309.978896));
#6726=CARTESIAN_POINT('Control Point',(9404.882738419999,-2562.06783211,1309.94668235));
#6727=CARTESIAN_POINT('Control Point',(9404.20363426,-2561.86710936,1309.86946434));
#6728=CARTESIAN_POINT('Control Point',(9403.570888959999,-2561.55290944,1309.74859169));
#6729=CARTESIAN_POINT('Control Point',(9402.455261269999,-2560.72594642,1309.43045917));
#6730=CARTESIAN_POINT('Control Point',(9401.71928195,-2559.58743635,1308.99247455));
#6731=CARTESIAN_POINT('Control Point',(9401.466382099999,-2558.96152764,1308.75168758));
#6732=CARTESIAN_POINT('Control Point',(9401.34,-2558.3072301,1308.49997944));
#6733=CARTESIAN_POINT('Control Point',(9401.34,-2557.6529388,1308.24827369));
#6734=CARTESIAN_POINT('Control Point',(9405.57949894,-2554.34931888,1330.26082945));
#6735=CARTESIAN_POINT('Control Point',(9404.884050319999,-2554.26598627,1330.22810886));
#6736=CARTESIAN_POINT('Control Point',(9404.20473782,-2554.06592345,1330.14955655));
#6737=CARTESIAN_POINT('Control Point',(9403.57177296,-2553.75262309,1330.02654392));
#6738=CARTESIAN_POINT('Control Point',(9402.455729019999,-2552.92786979,1329.70271829));
#6739=CARTESIAN_POINT('Control Point',(9401.7194444,-2551.79220743,1329.25682096));
#6740=CARTESIAN_POINT('Control Point',(9401.4664362,-2551.16783647,1329.01167319));
#6741=CARTESIAN_POINT('Control Point',(9401.34,-2550.51513369,1328.75540155));
#6742=CARTESIAN_POINT('Control Point',(9401.34,-2549.86243715,1328.49913236));
#6743=CARTESIAN_POINT('Control Point',(9405.581063219999,-2546.36997578,1350.48169573));
#6744=CARTESIAN_POINT('Control Point',(9404.885429129999,-2546.28706108,1350.44847619));
#6745=CARTESIAN_POINT('Control Point',(9404.20589771,-2546.0876765,1350.36859729));
#6746=CARTESIAN_POINT('Control Point',(9403.572702129999,-2545.77529838,1350.24345179));
#6747=CARTESIAN_POINT('Control Point',(9402.4562207,-2544.95280737,1349.91394595));
#6748=CARTESIAN_POINT('Control Point',(9401.719615169999,-2543.82005636,1349.46014642));
#6749=CARTESIAN_POINT('Control Point',(9401.466493059999,-2543.19725687,1349.2106426));
#6750=CARTESIAN_POINT('Control Point',(9401.34,-2542.54618354,1348.94981197));
#6751=CARTESIAN_POINT('Control Point',(9401.34,-2541.89511644,1348.68898383));
#6752=CARTESIAN_POINT('Control Point',(9405.582699369999,-2538.21361138,1370.64009363));
#6753=CARTESIAN_POINT('Control Point',(9404.88687138,-2538.13112737,1370.60638332));
#6754=CARTESIAN_POINT('Control Point',(9404.20711102,-2537.93243892,1370.52518576));
#6755=CARTESIAN_POINT('Control Point',(9403.57367412,-2537.62100549,1370.39791479));
#6756=CARTESIAN_POINT('Control Point',(9402.45673507,-2536.80082936,1370.06274221));
#6757=CARTESIAN_POINT('Control Point',(9401.71979383,-2535.67105403,1369.6010517));
#6758=CARTESIAN_POINT('Control Point',(9401.46655255,-2535.04986023,1369.34719693));
#6759=CARTESIAN_POINT('Control Point',(9401.34,-2534.40045159,1369.08181215));
#6760=CARTESIAN_POINT('Control Point',(9401.34,-2533.75104916,1368.81642992));
#6761=CARTESIAN_POINT('Control Point',(9405.584403179999,-2529.8799387,1390.73539329));
#6762=CARTESIAN_POINT('Control Point',(9404.88837337,-2529.79789752,1390.70120052));
#6763=CARTESIAN_POINT('Control Point',(9404.208374649999,-2529.59992263,1390.61869241));
#6764=CARTESIAN_POINT('Control Point',(9403.574686459999,-2529.28945616,1390.48930352));
#6765=CARTESIAN_POINT('Control Point',(9402.45727083,-2528.47164758,1390.14847809));
#6766=CARTESIAN_POINT('Control Point',(9401.71997993,-2527.3449131,1389.67890825));
#6767=CARTESIAN_POINT('Control Point',(9401.46661451,-2526.72535977,1389.42070787));
#6768=CARTESIAN_POINT('Control Point',(9401.34,-2526.07765168,1389.15077406));
#6769=CARTESIAN_POINT('Control Point',(9401.34,-2525.4299498,1388.88084283));
#6770=CARTESIAN_POINT('Control Point',(9405.58617008,-2521.36896916,1410.76618834));
#6771=CARTESIAN_POINT('Control Point',(9404.889931079999,-2521.28738221,1410.73152152));
#6772=CARTESIAN_POINT('Control Point',(9404.209685239999,-2521.09013783,1410.64771112));
#6773=CARTESIAN_POINT('Control Point',(9403.575736459999,-2520.78066036,1410.51621215));
#6774=CARTESIAN_POINT('Control Point',(9402.457826559999,-2519.96527198,1410.16974839));
#6775=CARTESIAN_POINT('Control Point',(9401.72017296,-2518.84164425,1409.69231175));
#6776=CARTESIAN_POINT('Control Point',(9401.466678790001,-2518.22376666,1409.42977159));
#6777=CARTESIAN_POINT('Control Point',(9401.34,-2517.57779557,1409.15529433));
#6778=CARTESIAN_POINT('Control Point',(9401.34,-2516.93183068,1408.8808197));
#6779=B_SPLINE_CURVE_WITH_KNOTS('',5,(#6780,#6781,#6782,#6783,#6784,#6785,#6786,#6787,#6788),.UNSPECIFIED.,.F.,.U.,(6,3,6),(100.936862002,220.189424031,254.289616165),.UNSPECIFIED.);
#6780=CARTESIAN_POINT('Control Point',(9405.57801049,-2562.15156921,1309.978896));
#6781=CARTESIAN_POINT('Control Point',(9405.579167079999,-2556.08888085,1325.73884175));
#6782=CARTESIAN_POINT('Control Point',(9405.58036946,-2549.91926445,1341.46191535));
#6783=CARTESIAN_POINT('Control Point',(9405.581615769999,-2543.64270817,1357.14756607));
#6784=CARTESIAN_POINT('Control Point',(9405.583272439999,-2535.4338297,1377.26967662));
#6785=CARTESIAN_POINT('Control Point',(9405.584995089999,-2527.04802937,1397.32804551));
#6786=CARTESIAN_POINT('Control Point',(9405.585381359999,-2525.17456515,1401.78517581));
#6787=CARTESIAN_POINT('Control Point',(9405.5857708,-2523.29234273,1406.23914828));
#6788=CARTESIAN_POINT('Control Point',(9405.586163349999,-2521.40136699,1410.68993639));
#6789=EDGE_CURVE('',#6707,#6525,#6779,.T.);
#6790=EDGE_LOOP('',(#6791,#6792,#6793,#6794));
#6791=ORIENTED_EDGE('',*,*,#6592,.F.);
#6792=ORIENTED_EDGE('',*,*,#6716,.F.);
#6793=ORIENTED_EDGE('',*,*,#6789,.T.);
#6794=ORIENTED_EDGE('',*,*,#6526,.T.);
#6795=FACE_OUTER_BOUND('',#6790,.T.);
#6796=ADVANCED_FACE('PartBody',(#6795),#6724,.T.);
#6797=B_SPLINE_SURFACE_WITH_KNOTS('',5,1,((#6798,#6799),(#6800,#6801),(#6802,#6803),(#6804,#6805),(#6806,#6807),(#6808,#6809),(#6810,#6811),(#6812,#6813),(#6814,#6815),(#6816,#6817),(#6818,#6819),(#6820,#6821),(#6822,#6823),(#6824,#6825),(#6826,#6827)),.UNSPECIFIED.,.F.,.F.,.U.,(6,3,3,3,6),(2,2),(0.,9.28621779848,15.4660746535,21.6391877849,30.900507354),(-1.86,1.3357191001E-013),.UNSPECIFIED.);
#6798=CARTESIAN_POINT('Control Point',(9427.63862181,-2546.57697519,1352.20707774));
#6799=CARTESIAN_POINT('Control Point',(9427.40337529,-2548.28913851,1352.89465017));
#6800=CARTESIAN_POINT('Control Point',(9427.63845687,-2547.27010709,1350.48101401));
#6801=CARTESIAN_POINT('Control Point',(9427.403157459999,-2548.98267093,1351.16757099));
#6802=CARTESIAN_POINT('Control Point',(9427.853196829999,-2547.98721235,1348.76508945));
#6803=CARTESIAN_POINT('Control Point',(9427.61786024,-2549.70017536,1349.45063752));
#6804=CARTESIAN_POINT('Control Point',(9428.282631919999,-2548.7138608,1347.09525614));
#6805=CARTESIAN_POINT('Control Point',(9428.047274909999,-2550.42721335,1347.77982295));
#6806=CARTESIAN_POINT('Control Point',(9429.334836640001,-2549.92023339,1344.434129));
#6807=CARTESIAN_POINT('Control Point',(9429.099473369999,-2551.63420873,1345.11713284));
#6808=CARTESIAN_POINT('Control Point',(9430.92812816,-2551.09464895,1342.0316664));
#6809=CARTESIAN_POINT('Control Point',(9430.692805089999,-2552.80919059,1342.71326052));
#6810=CARTESIAN_POINT('Control Point',(9431.643763829999,-2551.55238112,1341.12678723));
#6811=CARTESIAN_POINT('Control Point',(9431.40846411,-2553.26713684,1341.80785062));
#6812=CARTESIAN_POINT('Control Point',(9433.219590049999,-2552.43892843,1339.43780037));
#6813=CARTESIAN_POINT('Control Point',(9432.98435099,-2554.15408545,1340.11787358));
#6814=CARTESIAN_POINT('Control Point',(9435.07471139,-2553.26195543,1338.00215442));
#6815=CARTESIAN_POINT('Control Point',(9434.83956047,-2554.97745755,1338.68138693));
#6816=CARTESIAN_POINT('Control Point',(9436.0625557,-2553.65258365,1337.35720663));
#6817=CARTESIAN_POINT('Control Point',(9435.827455319999,-2555.36824205,1338.03606176));
#6818=CARTESIAN_POINT('Control Point',(9438.657057299999,-2554.5684899,1335.94002682));
#6819=CARTESIAN_POINT('Control Point',(9438.42209797,-2556.28449525,1336.61805349));
#6820=CARTESIAN_POINT('Control Point',(9441.53803412,-2555.32569732,1335.02075454));
#6821=CARTESIAN_POINT('Control Point',(9441.303251019999,-2557.04193806,1335.69824607));
#6822=CARTESIAN_POINT('Control Point',(9443.33668441,-2555.71151013,1334.66635164));
#6823=CARTESIAN_POINT('Control Point',(9443.10201789,-2557.42784768,1335.34363818));
#6824=CARTESIAN_POINT('Control Point',(9445.16826341,-2556.02268895,1334.5121059));
#6825=CARTESIAN_POINT('Control Point',(9444.93372173,-2557.73907796,1335.18930527));
#6826=CARTESIAN_POINT('Control Point',(9447.00519021,-2556.25570916,1334.55734945));
#6827=CARTESIAN_POINT('Control Point',(9446.77077967,-2557.97210414,1335.23457908));
#6828=B_SPLINE_CURVE_WITH_KNOTS('',5,(#6829,#6830,#6831,#6832,#6833,#6834,#6835,#6836,#6837,#6838,#6839,#6840,#6841,#6842,#6843),.UNSPECIFIED.,.F.,.U.,(6,3,3,3,6),(0.,12.4255027984,21.7459705212,31.0656430907,43.711666678),.UNSPECIFIED.);
#6829=CARTESIAN_POINT('Control Point',(9447.00519021,-2556.25570916,1334.55734945));
#6830=CARTESIAN_POINT('Control Point',(9445.26250898,-2556.03464431,1334.51442717));
#6831=CARTESIAN_POINT('Control Point',(9443.524640879999,-2555.74323514,1334.65104926));
#6832=CARTESIAN_POINT('Control Point',(9441.817854389999,-2555.38502276,1334.96738049));
#6833=CARTESIAN_POINT('Control Point',(9438.932845949999,-2554.64915148,1335.8313783));
#6834=CARTESIAN_POINT('Control Point',(9436.317307399999,-2553.75129291,1337.19598207));
#6835=CARTESIAN_POINT('Control Point',(9435.25370505,-2553.33920866,1337.86904752));
#6836=CARTESIAN_POINT('Control Point',(9433.25955225,-2552.46573444,1339.38413006));
#6837=CARTESIAN_POINT('Control Point',(9431.58161037,-2551.51929791,1341.18869338));
#6838=CARTESIAN_POINT('Control Point',(9430.824531349999,-2551.02940923,1342.16010618));
#6839=CARTESIAN_POINT('Control Point',(9429.2568207,-2549.84693326,1344.59121057));
#6840=CARTESIAN_POINT('Control Point',(9428.237106,-2548.63507887,1347.27663291));
#6841=CARTESIAN_POINT('Control Point',(9427.83757629,-2547.93409628,1348.89228088));
#6842=CARTESIAN_POINT('Control Point',(9427.63846298,-2547.244421,1350.5449785));
#6843=CARTESIAN_POINT('Control Point',(9427.63862181,-2546.57697519,1352.20707774));
#6844=CARTESIAN_POINT('Vertex',(9447.00519021,-2556.25570916,1334.55734945));
#6845=VERTEX_POINT('',#6844);
#6846=CARTESIAN_POINT('Vertex',(9427.63862181,-2546.57697519,1352.20707774));
#6847=VERTEX_POINT('',#6846);
#6848=EDGE_CURVE('',#6845,#6847,#6828,.T.);
#6849=B_SPLINE_CURVE_WITH_KNOTS('',1,(#6850,#6851),.UNSPECIFIED.,.F.,.U.,(2,2),(-1.86,8.74372537528E-015),.UNSPECIFIED.);
#6850=CARTESIAN_POINT('Control Point',(9427.63862181,-2546.57697519,1352.20707774));
#6851=CARTESIAN_POINT('Control Point',(9427.40337529,-2548.28913851,1352.89465017));
#6852=CARTESIAN_POINT('Vertex',(9427.40337529,-2548.28913851,1352.89465017));
#6853=VERTEX_POINT('',#6852);
#6854=EDGE_CURVE('',#6847,#6853,#6849,.T.);
#6855=B_SPLINE_CURVE_WITH_KNOTS('',5,(#6856,#6857,#6858,#6859,#6860,#6861,#6862,#6863,#6864,#6865,#6866,#6867,#6868,#6869,#6870),.UNSPECIFIED.,.F.,.U.,(6,3,3,3,6),(0.,12.4219438498,21.740257858,31.0585275081,43.7116630379),.UNSPECIFIED.);
#6856=CARTESIAN_POINT('Control Point',(9446.77077967,-2557.97210414,1335.23457908));
#6857=CARTESIAN_POINT('Control Point',(9445.028473209999,-2557.75109695,1335.1916404));
#6858=CARTESIAN_POINT('Control Point',(9443.290982779999,-2557.4597448,1335.32824888));
#6859=CARTESIAN_POINT('Control Point',(9441.58455476,-2557.10158551,1335.64457004));
#6860=CARTESIAN_POINT('Control Point',(9438.700039469999,-2556.36577888,1336.50857588));
#6861=CARTESIAN_POINT('Control Point',(9436.084810849999,-2555.46793381,1337.8732553));
#6862=CARTESIAN_POINT('Control Point',(9435.021278,-2555.05583328,1338.54638732));
#6863=CARTESIAN_POINT('Control Point',(9433.027105879999,-2554.18226636,1340.06170097));
#6864=CARTESIAN_POINT('Control Point',(9431.34897282,-2553.23565855,1341.86663554));
#6865=CARTESIAN_POINT('Control Point',(9430.591758029999,-2552.74566118,1342.83827842));
#6866=CARTESIAN_POINT('Control Point',(9429.022948779999,-2551.56236376,1345.27107788));
#6867=CARTESIAN_POINT('Control Point',(9428.002428529999,-2550.34957455,1347.95857459));
#6868=CARTESIAN_POINT('Control Point',(9427.60246645,-2549.64780587,1349.57604374));
#6869=CARTESIAN_POINT('Control Point',(9427.403165419999,-2548.95734557,1351.23063782));
#6870=CARTESIAN_POINT('Control Point',(9427.40337529,-2548.28913851,1352.89465017));
#6871=CARTESIAN_POINT('Vertex',(9446.77077967,-2557.97210414,1335.23457908));
#6872=VERTEX_POINT('',#6871);
#6873=EDGE_CURVE('',#6872,#6853,#6855,.T.);
#6874=B_SPLINE_CURVE_WITH_KNOTS('',1,(#6875,#6876),.UNSPECIFIED.,.F.,.U.,(2,2),(-1.86,1.3357191001E-013),.UNSPECIFIED.);
#6875=CARTESIAN_POINT('Control Point',(9447.00519021,-2556.25570916,1334.55734945));
#6876=CARTESIAN_POINT('Control Point',(9446.77077967,-2557.97210414,1335.23457908));
#6877=EDGE_CURVE('',#6845,#6872,#6874,.T.);
#6878=EDGE_LOOP('',(#6879,#6880,#6881,#6882));
#6879=ORIENTED_EDGE('',*,*,#6848,.T.);
#6880=ORIENTED_EDGE('',*,*,#6854,.T.);
#6881=ORIENTED_EDGE('',*,*,#6873,.F.);
#6882=ORIENTED_EDGE('',*,*,#6877,.F.);
#6883=FACE_OUTER_BOUND('',#6878,.T.);
#6884=ADVANCED_FACE('PartBody',(#6883),#6797,.F.);
#6885=B_SPLINE_SURFACE_WITH_KNOTS('',5,1,((#6886,#6887),(#6888,#6889),(#6890,#6891),(#6892,#6893),(#6894,#6895),(#6896,#6897)),.UNSPECIFIED.,.F.,.F.,.U.,(6,6),(2,2),(0.,38.7191846349),(-1.86,1.3357191001E-013),.UNSPECIFIED.);
#6886=CARTESIAN_POINT('Control Point',(9447.00519021,-2556.25570916,1334.55734945));
#6887=CARTESIAN_POINT('Control Point',(9446.77077967,-2557.97210414,1335.23457908));
#6888=CARTESIAN_POINT('Control Point',(9450.13305989,-2556.65248972,1334.63438896));
#6889=CARTESIAN_POINT('Control Point',(9449.898872669999,-2558.36889487,1335.31167011));
#6890=CARTESIAN_POINT('Control Point',(9453.26143776,-2557.04885762,1334.71134621));
#6891=CARTESIAN_POINT('Control Point',(9453.027473919999,-2558.7652729,1335.38867893));
#6892=CARTESIAN_POINT('Control Point',(9456.390402109999,-2557.4448226,1334.78822266));
#6893=CARTESIAN_POINT('Control Point',(9456.15666171,-2559.16124795,1335.46560699));
#6894=CARTESIAN_POINT('Control Point',(9459.520016369999,-2557.84039241,1334.86501941));
#6895=CARTESIAN_POINT('Control Point',(9459.286499469999,-2559.55682778,1335.54245541));
#6896=CARTESIAN_POINT('Control Point',(9462.65031298,-2558.23557081,1334.94173694));
#6897=CARTESIAN_POINT('Control Point',(9462.417019659999,-2559.95201615,1335.61922466));
#6898=B_SPLINE_CURVE_WITH_KNOTS('',3,(#6899,#6900,#6901,#6902),.UNSPECIFIED.,.F.,.U.,(4,4),(0.,41.8094084593),.UNSPECIFIED.);
#6899=CARTESIAN_POINT('Control Point',(9462.65031298,-2558.23557081,1334.94173694));
#6900=CARTESIAN_POINT('Control Point',(9457.43341976,-2557.57697395,1334.81388095));
#6901=CARTESIAN_POINT('Control Point',(9452.21854613,-2556.91704051,1334.68575454));
#6902=CARTESIAN_POINT('Control Point',(9447.00519021,-2556.25570916,1334.55734945));
#6903=CARTESIAN_POINT('Vertex',(9462.65031298,-2558.23557081,1334.94173694));
#6904=VERTEX_POINT('',#6903);
#6905=EDGE_CURVE('',#6904,#6845,#6898,.T.);
#6906=B_SPLINE_CURVE_WITH_KNOTS('',3,(#6907,#6908,#6909,#6910),.UNSPECIFIED.,.F.,.U.,(4,4),(0.,41.8094084593),.UNSPECIFIED.);
#6907=CARTESIAN_POINT('Control Point',(9462.417019659999,-2559.95201615,1335.61922466));
#6908=CARTESIAN_POINT('Control Point',(9457.199753839999,-2559.29340267,1335.49128248));
#6909=CARTESIAN_POINT('Control Point',(9451.9845078,-2558.63345245,1335.36307003));
#6910=CARTESIAN_POINT('Control Point',(9446.77077967,-2557.97210414,1335.23457908));
#6911=CARTESIAN_POINT('Vertex',(9462.417019659999,-2559.95201615,1335.61922466));
#6912=VERTEX_POINT('',#6911);
#6913=EDGE_CURVE('',#6912,#6872,#6906,.T.);
#6914=B_SPLINE_CURVE_WITH_KNOTS('',1,(#6915,#6916),.UNSPECIFIED.,.F.,.U.,(2,2),(-1.86,-1.62219115515E-014),.UNSPECIFIED.);
#6915=CARTESIAN_POINT('Control Point',(9462.65031298,-2558.23557081,1334.94173694));
#6916=CARTESIAN_POINT('Control Point',(9462.417019659999,-2559.95201615,1335.61922466));
#6917=EDGE_CURVE('',#6904,#6912,#6914,.T.);
#6918=EDGE_LOOP('',(#6919,#6920,#6921,#6922));
#6919=ORIENTED_EDGE('',*,*,#6905,.T.);
#6920=ORIENTED_EDGE('',*,*,#6877,.T.);
#6921=ORIENTED_EDGE('',*,*,#6913,.F.);
#6922=ORIENTED_EDGE('',*,*,#6917,.F.);
#6923=FACE_OUTER_BOUND('',#6918,.T.);
#6924=ADVANCED_FACE('PartBody',(#6923),#6885,.F.);
#6925=B_SPLINE_SURFACE_WITH_KNOTS('',5,1,((#6926,#6927),(#6928,#6929),(#6930,#6931),(#6932,#6933),(#6934,#6935),(#6936,#6937),(#6938,#6939),(#6940,#6941),(#6942,#6943),(#6944,#6945),(#6946,#6947),(#6948,#6949),(#6950,#6951),(#6952,#6953),(#6954,#6955)),.UNSPECIFIED.,.F.,.F.,.U.,(6,3,3,3,6),(2,2),(0.,6.02441010242,10.0415005853,14.0605419954,20.100593331),(-1.86,4.5559411166E-014),.UNSPECIFIED.);
#6926=CARTESIAN_POINT('Control Point',(9475.249448709999,-2564.46369586,1323.42594996));
#6927=CARTESIAN_POINT('Control Point',(9475.01670831,-2566.18286741,1324.09668171));
#6928=CARTESIAN_POINT('Control Point',(9475.249655939999,-2564.02547667,1324.54923387));
#6929=CARTESIAN_POINT('Control Point',(9475.016948119999,-2565.74439455,1325.22062712));
#6930=CARTESIAN_POINT('Control Point',(9475.11109197,-2563.5704717,1325.66579708));
#6931=CARTESIAN_POINT('Control Point',(9474.87840684,-2565.28913583,1326.33784764));
#6932=CARTESIAN_POINT('Control Point',(9474.833449559999,-2563.10471095,1326.76010083));
#6933=CARTESIAN_POINT('Control Point',(9474.600776719999,-2564.82312479,1327.43279534));
#6934=CARTESIAN_POINT('Control Point',(9474.14388064,-2562.32791447,1328.50438477));
#6935=CARTESIAN_POINT('Control Point',(9473.91121006,-2564.04592663,1329.17810523));
#6936=CARTESIAN_POINT('Control Point',(9473.11191301,-2561.57517299,1330.06564645));
#6937=CARTESIAN_POINT('Control Point',(9472.87921531,-2563.29282129,1330.74028436));
#6938=CARTESIAN_POINT('Control Point',(9472.64481136,-2561.2791962,1330.65786911));
#6939=CARTESIAN_POINT('Control Point',(9472.412098049999,-2562.99670572,1331.33285487));
#6940=CARTESIAN_POINT('Control Point',(9471.620543089999,-2560.70749248,1331.7588855));
#6941=CARTESIAN_POINT('Control Point',(9471.38778979,-2562.42474243,1332.43451761));
#6942=CARTESIAN_POINT('Control Point',(9470.412522569999,-2560.17480391,1332.69595234));
#6943=CARTESIAN_POINT('Control Point',(9470.17971153,-2561.89182975,1333.37213383));
#6944=CARTESIAN_POINT('Control Point',(9469.771335489999,-2559.92261827,1333.11541501));
#6945=CARTESIAN_POINT('Control Point',(9469.538491519999,-2561.63954286,1333.7918422));
#6946=CARTESIAN_POINT('Control Point',(9468.07842924,-2559.32778656,1334.04208048));
#6947=CARTESIAN_POINT('Control Point',(9467.84549299,-2561.04448494,1334.71904985));
#6948=CARTESIAN_POINT('Control Point',(9466.21020544,-2558.83923566,1334.63762418));
#6949=CARTESIAN_POINT('Control Point',(9465.977154759999,-2560.5557817,1335.31494032));
#6950=CARTESIAN_POINT('Control Point',(9465.043080899999,-2558.58908052,1334.86986416));
#6951=CARTESIAN_POINT('Control Point',(9464.809954599999,-2560.30556328,1335.5473146));
#6952=CARTESIAN_POINT('Control Point',(9463.84843086,-2558.38682494,1334.97110049));
#6953=CARTESIAN_POINT('Control Point',(9463.6152231,-2560.1032741,1335.64860802));
#6954=CARTESIAN_POINT('Control Point',(9462.65031298,-2558.23557081,1334.94173694));
#6955=CARTESIAN_POINT('Control Point',(9462.417019659999,-2559.95201615,1335.61922466));
#6956=B_SPLINE_CURVE_WITH_KNOTS('',5,(#6957,#6958,#6959,#6960,#6961,#6962),.UNSPECIFIED.,.F.,.U.,(6,6),(0.,28.4457943428),.UNSPECIFIED.);
#6957=CARTESIAN_POINT('Control Point',(9475.249448709999,-2564.46369586,1323.42594996));
#6958=CARTESIAN_POINT('Control Point',(9475.250140599999,-2563.00057593,1327.17635417));
#6959=CARTESIAN_POINT('Control Point',(9473.711295289999,-2561.34874275,1330.85858154));
#6960=CARTESIAN_POINT('Control Point',(9470.58440681,-2559.80384534,1333.69826918));
#6961=CARTESIAN_POINT('Control Point',(9466.640212750001,-2558.73926819,1335.03952168));
#6962=CARTESIAN_POINT('Control Point',(9462.65031298,-2558.23557081,1334.94173694));
#6963=CARTESIAN_POINT('Vertex',(9475.249448709999,-2564.46369586,1323.42594996));
#6964=VERTEX_POINT('',#6963);
#6965=EDGE_CURVE('',#6964,#6904,#6956,.T.);
#6966=B_SPLINE_CURVE_WITH_KNOTS('',5,(#6967,#6968,#6969,#6970,#6971,#6972),.UNSPECIFIED.,.F.,.U.,(6,6),(0.,28.4458070441),.UNSPECIFIED.);
#6967=CARTESIAN_POINT('Control Point',(9475.01670831,-2566.18286741,1324.09668171));
#6968=CARTESIAN_POINT('Control Point',(9475.017508999999,-2564.71889987,1327.8492962));
#6969=CARTESIAN_POINT('Control Point',(9473.4786577,-2563.06621652,1331.53369017));
#6970=CARTESIAN_POINT('Control Point',(9470.351640159999,-2561.52064499,1334.37504034));
#6971=CARTESIAN_POINT('Control Point',(9466.40720618,-2560.45572646,1335.71707538));
#6972=CARTESIAN_POINT('Control Point',(9462.417019659999,-2559.95201615,1335.61922466));
#6973=CARTESIAN_POINT('Vertex',(9475.01670831,-2566.18286741,1324.09668171));
#6974=VERTEX_POINT('',#6973);
#6975=EDGE_CURVE('',#6974,#6912,#6966,.T.);
#6976=B_SPLINE_CURVE_WITH_KNOTS('',1,(#6977,#6978),.UNSPECIFIED.,.F.,.U.,(2,2),(-1.86,4.5559411166E-014),.UNSPECIFIED.);
#6977=CARTESIAN_POINT('Control Point',(9475.249448709999,-2564.46369586,1323.42594996));
#6978=CARTESIAN_POINT('Control Point',(9475.01670831,-2566.18286741,1324.09668171));
#6979=EDGE_CURVE('',#6964,#6974,#6976,.T.);
#6980=EDGE_LOOP('',(#6981,#6982,#6983,#6984));
#6981=ORIENTED_EDGE('',*,*,#6965,.T.);
#6982=ORIENTED_EDGE('',*,*,#6917,.T.);
#6983=ORIENTED_EDGE('',*,*,#6975,.F.);
#6984=ORIENTED_EDGE('',*,*,#6979,.F.);
#6985=FACE_OUTER_BOUND('',#6980,.T.);
#6986=ADVANCED_FACE('PartBody',(#6985),#6925,.T.);
#6987=B_SPLINE_SURFACE_WITH_KNOTS('',5,1,((#6988,#6989),(#6990,#6991),(#6992,#6993),(#6994,#6995),(#6996,#6997),(#6998,#6999),(#7000,#7001),(#7002,#7003),(#7004,#7005),(#7006,#7007),(#7008,#7009),(#7010,#7011),(#7012,#7013),(#7014,#7015),(#7016,#7017)),.UNSPECIFIED.,.F.,.F.,.U.,(6,3,3,3,6),(2,2),(0.,6.03401004379,10.0572970499,14.0828849611,20.1309900003),(-1.86,1.21031567037E-013),.UNSPECIFIED.);
#6988=CARTESIAN_POINT('Control Point',(9427.64325718,-2527.38327972,1398.91523171));
#6989=CARTESIAN_POINT('Control Point',(9427.409502439999,-2529.08434593,1399.63030686));
#6990=CARTESIAN_POINT('Control Point',(9427.643371979999,-2526.91423224,1400.03106917));
#6991=CARTESIAN_POINT('Control Point',(9427.4096543,-2528.6150271,1400.74680193));
#6992=CARTESIAN_POINT('Control Point',(9427.503647399999,-2526.42840884,1401.13959623));
#6993=CARTESIAN_POINT('Control Point',(9427.26995675,-2528.1289326,1401.85598186));
#6994=CARTESIAN_POINT('Control Point',(9427.22382546,-2525.93236804,1402.22515411));
#6995=CARTESIAN_POINT('Control Point',(9426.99015125,-2527.63262475,1402.94217863));
#6996=CARTESIAN_POINT('Control Point',(9426.528987399999,-2525.1072345,1403.95386011));
#6997=CARTESIAN_POINT('Control Point',(9426.295321899999,-2526.80706334,1404.67190121));
#6998=CARTESIAN_POINT('Control Point',(9425.490621089999,-2524.31185436,1405.49712317));
#6999=CARTESIAN_POINT('Control Point',(9425.256933999999,-2526.01129705,1406.2160704));
#7000=CARTESIAN_POINT('Control Point',(9425.020624179999,-2523.99962616,1406.08218329));
#7001=CARTESIAN_POINT('Control Point',(9424.78692353,-2525.69892172,1406.80147377));
#7002=CARTESIAN_POINT('Control Point',(9423.990408239999,-2523.39796967,1407.16833258));
#7003=CARTESIAN_POINT('Control Point',(9423.756671339999,-2525.09699061,1407.88825977));
#7004=CARTESIAN_POINT('Control Point',(9422.77659433,-2522.8402499,1408.08980576));
#7005=CARTESIAN_POINT('Control Point',(9422.54280273,-2524.53903478,1408.81027195));
#7006=CARTESIAN_POINT('Control Point',(9422.132333759999,-2522.57689494,1408.50156801));
#7007=CARTESIAN_POINT('Control Point',(9421.898510539999,-2524.27557344,1409.2222747));
#7008=CARTESIAN_POINT('Control Point',(9420.4338233,-2521.95830298,1409.40813165));
#7009=CARTESIAN_POINT('Control Point',(9420.19991071,-2523.65674486,1410.12936687));
#7010=CARTESIAN_POINT('Control Point',(9418.55911403,-2521.45466022,1409.98567499));
#7011=CARTESIAN_POINT('Control Point',(9418.32508859,-2523.15294466,1410.70724418));
#7012=CARTESIAN_POINT('Control Point',(9417.38827417,-2521.19911833,1410.20724125));
#7013=CARTESIAN_POINT('Control Point',(9417.15417355,-2522.89733862,1410.92893702));
#7014=CARTESIAN_POINT('Control Point',(9416.19151361,-2520.99525229,1410.29864851));
#7015=CARTESIAN_POINT('Control Point',(9415.957331579999,-2522.69344019,1411.02039404));
#7016=CARTESIAN_POINT('Control Point',(9414.991784099999,-2520.84596324,1410.2604931));
#7017=CARTESIAN_POINT('Control Point',(9414.75751609,-2522.54415058,1410.98221206));
#7018=B_SPLINE_CURVE_WITH_KNOTS('',5,(#7019,#7020,#7021,#7022,#7023,#7024),.UNSPECIFIED.,.F.,.U.,(6,6),(0.,28.4830405842),.UNSPECIFIED.);
#7019=CARTESIAN_POINT('Control Point',(9427.64325718,-2527.38327972,1398.91523171));
#7020=CARTESIAN_POINT('Control Point',(9427.643640349999,-2525.81767498,1402.63971696));
#7021=CARTESIAN_POINT('Control Point',(9426.08788725,-2524.05751784,1406.30155222));
#7022=CARTESIAN_POINT('Control Point',(9422.94365286,-2522.44220216,1409.08351929));
#7023=CARTESIAN_POINT('Control Point',(9418.98695504,-2521.34310467,1410.38755288));
#7024=CARTESIAN_POINT('Control Point',(9414.991784099999,-2520.84596324,1410.2604931));
#7025=CARTESIAN_POINT('Vertex',(9427.64325718,-2527.38327972,1398.91523171));
#7026=VERTEX_POINT('',#7025);
#7027=CARTESIAN_POINT('Vertex',(9414.99177911,-2520.84600694,1410.26050391));
#7028=VERTEX_POINT('',#7027);
#7029=EDGE_CURVE('',#7026,#7028,#7018,.T.);
#7030=B_SPLINE_CURVE_WITH_KNOTS('',1,(#7031,#7032),.UNSPECIFIED.,.F.,.U.,(2,2),(-1.85995528501,1.13323282824E-013),.UNSPECIFIED.);
#7031=CARTESIAN_POINT('Control Point',(9414.991778469999,-2520.84600407,1410.26051045));
#7032=CARTESIAN_POINT('Control Point',(9414.75751609,-2522.54415058,1410.98221206));
#7033=CARTESIAN_POINT('Vertex',(9414.757511079999,-2522.54419461,1410.9822224));
#7034=VERTEX_POINT('',#7033);
#7035=EDGE_CURVE('',#7028,#7034,#7030,.T.);
#7036=B_SPLINE_CURVE_WITH_KNOTS('',5,(#7037,#7038,#7039,#7040,#7041,#7042),.UNSPECIFIED.,.F.,.U.,(6,6),(0.,28.4830496053),.UNSPECIFIED.);
#7037=CARTESIAN_POINT('Control Point',(9427.409502439999,-2529.08434593,1399.63030686));
#7038=CARTESIAN_POINT('Control Point',(9427.410009309999,-2527.51783499,1403.35698827));
#7039=CARTESIAN_POINT('Control Point',(9425.85426285,-2525.75676757,1407.02098121));
#7040=CARTESIAN_POINT('Control Point',(9422.70990942,-2524.14074613,1409.80456908));
#7041=CARTESIAN_POINT('Control Point',(9418.752974629999,-2523.04129406,1411.10936039));
#7042=CARTESIAN_POINT('Control Point',(9414.75751609,-2522.54415058,1410.98221206));
#7043=CARTESIAN_POINT('Vertex',(9427.409502439999,-2529.08434593,1399.63030686));
#7044=VERTEX_POINT('',#7043);
#7045=EDGE_CURVE('',#7044,#7034,#7036,.T.);
#7046=B_SPLINE_CURVE_WITH_KNOTS('',1,(#7047,#7048),.UNSPECIFIED.,.F.,.U.,(2,2),(-1.86,1.21031567037E-013),.UNSPECIFIED.);
#7047=CARTESIAN_POINT('Control Point',(9427.64325718,-2527.38327972,1398.91523171));
#7048=CARTESIAN_POINT('Control Point',(9427.409502439999,-2529.08434593,1399.63030686));
#7049=EDGE_CURVE('',#7026,#7044,#7046,.T.);
#7050=EDGE_LOOP('',(#7051,#7052,#7053,#7054));
#7051=ORIENTED_EDGE('',*,*,#7029,.T.);
#7052=ORIENTED_EDGE('',*,*,#7035,.T.);
#7053=ORIENTED_EDGE('',*,*,#7045,.F.);
#7054=ORIENTED_EDGE('',*,*,#7049,.F.);
#7055=FACE_OUTER_BOUND('',#7050,.T.);
#7056=ADVANCED_FACE('PartBody',(#7055),#6987,.T.);
#7057=B_SPLINE_SURFACE_WITH_KNOTS('',5,5,((#7058,#7059,#7060,#7061,#7062,#7063),(#7064,#7065,#7066,#7067,#7068,#7069),(#7070,#7071,#7072,#7073,#7074,#7075),(#7076,#7077,#7078,#7079,#7080,#7081),(#7082,#7083,#7084,#7085,#7086,#7087),(#7088,#7089,#7090,#7091,#7092,#7093)),.UNSPECIFIED.,.F.,.F.,.U.,(6,6),(6,6),(0.,18.4901144829),(-1.86000031374,3.13722828217E-007),.UNSPECIFIED.);
#7058=CARTESIAN_POINT('Control Point',(9405.82108415,-2519.70322301,1409.96842514));
#7059=CARTESIAN_POINT('Control Point',(9405.774097089999,-2520.04287876,1410.11272699));
#7060=CARTESIAN_POINT('Control Point',(9405.7271114,-2520.38252363,1410.25702004));
#7061=CARTESIAN_POINT('Control Point',(9405.680126379999,-2520.72215904,1410.401328));
#7062=CARTESIAN_POINT('Control Point',(9405.633142049999,-2521.06178687,1410.54564116));
#7063=CARTESIAN_POINT('Control Point',(9405.58615897,-2521.40140523,1410.68994468));
#7064=CARTESIAN_POINT('Control Point',(9407.655205879999,-2519.93190765,1410.02697346));
#7065=CARTESIAN_POINT('Control Point',(9407.60825397,-2520.27147635,1410.17130663));
#7066=CARTESIAN_POINT('Control Point',(9407.56129723,-2520.61108396,1410.31566566));
#7067=CARTESIAN_POINT('Control Point',(9407.514338249999,-2520.95072765,1410.45995643));
#7068=CARTESIAN_POINT('Control Point',(9407.467377109999,-2521.29039748,1410.60421861));
#7069=CARTESIAN_POINT('Control Point',(9407.42041174,-2521.63009948,1410.74851153));
#7070=CARTESIAN_POINT('Control Point',(9409.48931142,-2520.16081306,1410.08523887));
#7071=CARTESIAN_POINT('Control Point',(9409.44237458,-2520.50050034,1410.22951396));
#7072=CARTESIAN_POINT('Control Point',(9409.39544158,-2520.84015941,1410.3737576));
#7073=CARTESIAN_POINT('Control Point',(9409.348509359999,-2521.17978691,1410.51810816));
#7074=CARTESIAN_POINT('Control Point',(9409.30157817,-2521.51939449,1410.66250507));
#7075=CARTESIAN_POINT('Control Point',(9409.25464967,-2521.85898573,1410.8068657));
#7076=CARTESIAN_POINT('Control Point',(9411.323456399999,-2520.38926597,1410.14387089));
#7077=CARTESIAN_POINT('Control Point',(9411.276550439999,-2520.72889218,1410.28823829));
#7078=CARTESIAN_POINT('Control Point',(9411.22964444,-2521.06851443,1410.43262163));
#7079=CARTESIAN_POINT('Control Point',(9411.18273819,-2521.40815767,1410.57692526));
#7080=CARTESIAN_POINT('Control Point',(9411.135830929999,-2521.74781802,1410.72119717));
#7081=CARTESIAN_POINT('Control Point',(9411.088924939999,-2522.08746189,1410.8654867));
#7082=CARTESIAN_POINT('Control Point',(9413.15762084,-2520.61762341,1410.2021072));
#7083=CARTESIAN_POINT('Control Point',(9413.110745669999,-2520.95722224,1410.34641904));
#7084=CARTESIAN_POINT('Control Point',(9413.06386665,-2521.29685667,1410.49073403));
#7085=CARTESIAN_POINT('Control Point',(9413.01698667,-2521.63649276,1410.63507856));
#7086=CARTESIAN_POINT('Control Point',(9412.97010638,-2521.97612882,1410.77943392));
#7087=CARTESIAN_POINT('Control Point',(9412.92322151,-2522.31580704,1410.92379324));
#7088=CARTESIAN_POINT('Control Point',(9414.991779149999,-2520.84600665,1410.26050379));
#7089=CARTESIAN_POINT('Control Point',(9414.94492331,-2521.18566359,1410.4048535));
#7090=CARTESIAN_POINT('Control Point',(9414.89806967,-2521.525301,1410.54919907));
#7091=CARTESIAN_POINT('Control Point',(9414.8512161,-2521.86493835,1410.69354192));
#7092=CARTESIAN_POINT('Control Point',(9414.80436238,-2522.20457716,1410.83788467));
#7093=CARTESIAN_POINT('Control Point',(9414.757511039999,-2522.5441949,1410.98222252));
#7094=B_SPLINE_CURVE_WITH_KNOTS('',3,(#7095,#7096,#7097,#7098),.UNSPECIFIED.,.F.,.U.,(4,4),(0.,20.6732458082),.UNSPECIFIED.);
#7095=CARTESIAN_POINT('Control Point',(9414.99177911,-2520.84600694,1410.26050391));
#7096=CARTESIAN_POINT('Control Point',(9411.934844469999,-2520.46536779,1410.16317617));
#7097=CARTESIAN_POINT('Control Point',(9408.87794957,-2520.08436404,1410.06600575));
#7098=CARTESIAN_POINT('Control Point',(9405.821084069999,-2519.70322358,1409.96842539));
#7099=EDGE_CURVE('',#7028,#6393,#7094,.T.);
#7100=B_SPLINE_CURVE_WITH_KNOTS('',3,(#7101,#7102,#7103,#7104),.UNSPECIFIED.,.F.,.U.,(4,4),(0.,20.6732458083),.UNSPECIFIED.);
#7101=CARTESIAN_POINT('Control Point',(9414.757511079999,-2522.54419461,1410.9822224));
#7102=CARTESIAN_POINT('Control Point',(9411.70035773,-2522.16354776,1410.88484018));
#7103=CARTESIAN_POINT('Control Point',(9408.64324286,-2521.78256171,1410.78755593));
#7104=CARTESIAN_POINT('Control Point',(9405.58615897,-2521.40140523,1410.68994468));
#7105=EDGE_CURVE('',#7034,#6525,#7100,.T.);
#7106=EDGE_LOOP('',(#7107,#7108,#7109,#7110));
#7107=ORIENTED_EDGE('',*,*,#7099,.T.);
#7108=ORIENTED_EDGE('',*,*,#6534,.T.);
#7109=ORIENTED_EDGE('',*,*,#7105,.F.);
#7110=ORIENTED_EDGE('',*,*,#7035,.F.);
#7111=FACE_OUTER_BOUND('',#7106,.T.);
#7112=ADVANCED_FACE('PartBody',(#7111),#7057,.F.);
#7113=B_SPLINE_SURFACE_WITH_KNOTS('',5,1,((#7114,#7115),(#7116,#7117),(#7118,#7119),(#7120,#7121),(#7122,#7123),(#7124,#7125)),.UNSPECIFIED.,.F.,.F.,.U.,(6,6),(2,2),(0.,87.2727608632),(-1.86,1.21031567037E-013),.UNSPECIFIED.);
#7114=CARTESIAN_POINT('Control Point',(9427.63862181,-2546.57697519,1352.20707774));
#7115=CARTESIAN_POINT('Control Point',(9427.40337529,-2548.28913851,1352.89465017));
#7116=CARTESIAN_POINT('Control Point',(9427.639517,-2542.81517964,1361.57484575));
#7117=CARTESIAN_POINT('Control Point',(9427.404557469999,-2544.52516926,1362.26792923));
#7118=CARTESIAN_POINT('Control Point',(9427.640428769999,-2539.01500137,1370.92947616));
#7119=CARTESIAN_POINT('Control Point',(9427.40576206,-2540.72279451,1371.62806544));
#7120=CARTESIAN_POINT('Control Point',(9427.64135609,-2535.17635842,1380.27103135));
#7121=CARTESIAN_POINT('Control Point',(9427.4069879,-2536.88193223,1380.97512118));
#7122=CARTESIAN_POINT('Control Point',(9427.64229881,-2531.299142,1389.5996165));
#7123=CARTESIAN_POINT('Control Point',(9427.408234659999,-2533.00247352,1390.30920165));
#7124=CARTESIAN_POINT('Control Point',(9427.64325718,-2527.38327972,1398.91523171));
#7125=CARTESIAN_POINT('Control Point',(9427.409502439999,-2529.08434593,1399.63030686));
#7126=B_SPLINE_CURVE_WITH_KNOTS('',3,(#7127,#7128,#7129,#7130),.UNSPECIFIED.,.F.,.U.,(4,4),(0.,100.773635331),.UNSPECIFIED.);
#7127=CARTESIAN_POINT('Control Point',(9427.63862181,-2546.57697519,1352.20707774));
#7128=CARTESIAN_POINT('Control Point',(9427.64011371,-2540.3076939,1367.81908322));
#7129=CARTESIAN_POINT('Control Point',(9427.6416598,-2533.91008055,1383.38834113));
#7130=CARTESIAN_POINT('Control Point',(9427.64325718,-2527.38327972,1398.91523171));
#7131=EDGE_CURVE('',#6847,#7026,#7126,.T.);
#7132=B_SPLINE_CURVE_WITH_KNOTS('',3,(#7133,#7134,#7135,#7136),.UNSPECIFIED.,.F.,.U.,(4,4),(0.,100.773635331),.UNSPECIFIED.);
#7133=CARTESIAN_POINT('Control Point',(9427.40337529,-2548.28913851,1352.89465017));
#7134=CARTESIAN_POINT('Control Point',(9427.405345469999,-2542.0162346,1368.51584018));
#7135=CARTESIAN_POINT('Control Point',(9427.40738936,-2535.61492249,1384.09426575));
#7136=CARTESIAN_POINT('Control Point',(9427.409502439999,-2529.08434593,1399.63030686));
#7137=EDGE_CURVE('',#6853,#7044,#7132,.T.);
#7138=EDGE_LOOP('',(#7139,#7140,#7141,#7142));
#7139=ORIENTED_EDGE('',*,*,#7131,.T.);
#7140=ORIENTED_EDGE('',*,*,#7049,.T.);
#7141=ORIENTED_EDGE('',*,*,#7137,.F.);
#7142=ORIENTED_EDGE('',*,*,#6854,.F.);
#7143=FACE_OUTER_BOUND('',#7138,.T.);
#7144=ADVANCED_FACE('PartBody',(#7143),#7113,.T.);
#7145=B_SPLINE_SURFACE_WITH_KNOTS('',5,5,((#7146,#7147,#7148,#7149,#7150,#7151),(#7152,#7153,#7154,#7155,#7156,#7157),(#7158,#7159,#7160,#7161,#7162,#7163),(#7164,#7165,#7166,#7167,#7168,#7169),(#7170,#7171,#7172,#7173,#7174,#7175),(#7176,#7177,#7178,#7179,#7180,#7181)),.UNSPECIFIED.,.F.,.F.,.U.,(6,6),(6,6),(266.317878473,375.890223047),(-1206.36792912,-1135.33767561),.UNSPECIFIED.);
#7146=CARTESIAN_POINT('Control Point',(9475.046501269999,-2570.98714277,1311.71586553));
#7147=CARTESIAN_POINT('Control Point',(9460.951469559999,-2569.29932927,1311.14442576));
#7148=CARTESIAN_POINT('Control Point',(9446.85788671,-2567.60228787,1310.57017533));
#7149=CARTESIAN_POINT('Control Point',(9432.76575183,-2565.89601788,1309.99311388));
#7150=CARTESIAN_POINT('Control Point',(9418.675058459999,-2564.18053993,1309.41324756));
#7151=CARTESIAN_POINT('Control Point',(9404.58580687,-2562.45586618,1308.83057996));
#7152=CARTESIAN_POINT('Control Point',(9475.192991,-2563.11788619,1332.19166796));
#7153=CARTESIAN_POINT('Control Point',(9461.097361189999,-2561.43388165,1331.62141204));
#7154=CARTESIAN_POINT('Control Point',(9447.003181869999,-2559.74063971,1331.0483426));
#7155=CARTESIAN_POINT('Control Point',(9432.91045223,-2558.03815909,1330.47245905));
#7156=CARTESIAN_POINT('Control Point',(9418.81916587,-2556.32646001,1329.89376743));
#7157=CARTESIAN_POINT('Control Point',(9404.729323149999,-2554.60555412,1329.31227118));
#7158=CARTESIAN_POINT('Control Point',(9475.367740689999,-2555.06842117,1352.61259478));
#7159=CARTESIAN_POINT('Control Point',(9461.27149173,-2553.38835895,1352.04356152));
#7160=CARTESIAN_POINT('Control Point',(9447.176694919999,-2551.6990482,1351.47171228));
#7161=CARTESIAN_POINT('Control Point',(9433.083349779999,-2550.00049023,1350.89704502));
#7162=CARTESIAN_POINT('Control Point',(9418.991449289999,-2548.29270454,1350.31956677));
#7163=CARTESIAN_POINT('Control Point',(9404.90099452,-2546.57569936,1349.73928053));
#7164=CARTESIAN_POINT('Control Point',(9475.57085622,-2546.83810076,1372.97844993));
#7165=CARTESIAN_POINT('Control Point',(9461.47396863,-2545.16210433,1372.41067504));
#7166=CARTESIAN_POINT('Control Point',(9447.378534879999,-2543.47685304,1371.84008085));
#7167=CARTESIAN_POINT('Control Point',(9433.284554439999,-2541.78233931,1371.26666673));
#7168=CARTESIAN_POINT('Control Point',(9419.19202081,-2540.07858709,1370.69043714));
#7169=CARTESIAN_POINT('Control Point',(9405.10093461,-2538.36560564,1370.11139649));
#7170=CARTESIAN_POINT('Control Point',(9475.802460389999,-2538.42617253,1393.28900554));
#7171=CARTESIAN_POINT('Control Point',(9461.70491636,-2536.75435465,1392.72252136));
#7172=CARTESIAN_POINT('Control Point',(9447.60882788,-2535.07327086,1392.15321505));
#7173=CARTESIAN_POINT('Control Point',(9433.514194609999,-2533.38291714,1391.58108513));
#7174=CARTESIAN_POINT('Control Point',(9419.421009919999,-2531.68331247,1391.00613726));
#7175=CARTESIAN_POINT('Control Point',(9405.32927457,-2529.97446712,1390.42837445));
#7176=CARTESIAN_POINT('Control Point',(9476.06269296,-2529.83177838,1413.54400197));
#7177=CARTESIAN_POINT('Control Point',(9461.96447651,-2528.16424006,1412.97883716));
#7178=CARTESIAN_POINT('Control Point',(9447.867717339999,-2526.48742641,1412.41084741));
#7179=CARTESIAN_POINT('Control Point',(9433.772415330001,-2524.80133221,1411.84003082));
#7180=CARTESIAN_POINT('Control Point',(9419.67856366,-2523.10597596,1411.26639291));
#7181=CARTESIAN_POINT('Control Point',(9405.586163259999,-2521.40136758,1410.68993661));
#7182=B_SPLINE_CURVE_WITH_KNOTS('',3,(#7183,#7184,#7185,#7186),.UNSPECIFIED.,.F.,.U.,(4,4),(2.88433132263,37.5114937671),.UNSPECIFIED.);
#7183=CARTESIAN_POINT('Control Point',(9475.014294159999,-2570.62172197,1312.65253886));
#7184=CARTESIAN_POINT('Control Point',(9475.015090089999,-2569.14972319,1316.46969716));
#7185=CARTESIAN_POINT('Control Point',(9475.01589488,-2567.67010684,1320.28441393));
#7186=CARTESIAN_POINT('Control Point',(9475.01670831,-2566.18286741,1324.09668171));
#7187=CARTESIAN_POINT('Vertex',(9475.014294159999,-2570.62172197,1312.65253886));
#7188=VERTEX_POINT('',#7187);
#7189=EDGE_CURVE('',#7188,#6974,#7182,.T.);
#7190=B_SPLINE_CURVE_WITH_KNOTS('',4,(#7191,#7192,#7193,#7194,#7195),.UNSPECIFIED.,.F.,.U.,(5,5),(0.,154.18849962),.UNSPECIFIED.);
#7191=CARTESIAN_POINT('Control Point',(9405.578010499999,-2562.15156921,1309.97889599));
#7192=CARTESIAN_POINT('Control Point',(9422.68044337,-2564.3514977,1310.40698974));
#7193=CARTESIAN_POINT('Control Point',(9439.7922215,-2566.53742968,1310.83241011));
#7194=CARTESIAN_POINT('Control Point',(9456.897420469999,-2568.70730636,1311.25464983));
#7195=CARTESIAN_POINT('Control Point',(9474.00009702,-2570.8616907,1311.67377176));
#7196=CARTESIAN_POINT('Vertex',(9474.00009702,-2570.8616907,1311.67377176));
#7197=VERTEX_POINT('',#7196);
#7198=EDGE_CURVE('',#6707,#7197,#7190,.T.);
#7199=B_SPLINE_CURVE_WITH_KNOTS('',5,(#7200,#7201,#7202,#7203,#7204,#7205),.UNSPECIFIED.,.F.,.U.,(6,6),(0.,1.87928945147),.UNSPECIFIED.);
#7200=CARTESIAN_POINT('Control Point',(9475.014294159999,-2570.62172197,1312.65253886));
#7201=CARTESIAN_POINT('Control Point',(9475.012151909999,-2570.73609028,1312.35523097));
#7202=CARTESIAN_POINT('Control Point',(9474.89180822,-2570.83670592,1312.05198338));
#7203=CARTESIAN_POINT('Control Point',(9474.6333263,-2570.89605146,1311.80712934));
#7204=CARTESIAN_POINT('Control Point',(9474.315846899999,-2570.90146498,1311.68150959));
#7205=CARTESIAN_POINT('Control Point',(9474.00009702,-2570.8616907,1311.67377176));
#7206=EDGE_CURVE('',#7188,#7197,#7199,.T.);
#7207=EDGE_LOOP('',(#7208,#7209,#7210,#7211,#7212,#7213,#7214,#7215,#7216,#7217));
#7208=ORIENTED_EDGE('',*,*,#7189,.T.);
#7209=ORIENTED_EDGE('',*,*,#6975,.T.);
#7210=ORIENTED_EDGE('',*,*,#6913,.T.);
#7211=ORIENTED_EDGE('',*,*,#6873,.T.);
#7212=ORIENTED_EDGE('',*,*,#7137,.T.);
#7213=ORIENTED_EDGE('',*,*,#7045,.T.);
#7214=ORIENTED_EDGE('',*,*,#7105,.T.);
#7215=ORIENTED_EDGE('',*,*,#6789,.F.);
#7216=ORIENTED_EDGE('',*,*,#7198,.T.);
#7217=ORIENTED_EDGE('',*,*,#7206,.F.);
#7218=FACE_OUTER_BOUND('',#7207,.T.);
#7219=ADVANCED_FACE('PartBody',(#7218),#7145,.T.);
#7220=B_SPLINE_SURFACE_WITH_KNOTS('',5,5,((#7221,#7222,#7223,#7224,#7225,#7226),(#7227,#7228,#7229,#7230,#7231,#7232),(#7233,#7234,#7235,#7236,#7237,#7238),(#7239,#7240,#7241,#7242,#7243,#7244),(#7245,#7246,#7247,#7248,#7249,#7250),(#7251,#7252,#7253,#7254,#7255,#7256)),.UNSPECIFIED.,.F.,.F.,.U.,(6,6),(6,6),(266.317879101,375.890223028),(-1206.36791636,-1135.33767561),.UNSPECIFIED.);
#7221=CARTESIAN_POINT('Control Point',(9475.279581209999,-2569.26519256,1311.05241907));
#7222=CARTESIAN_POINT('Control Point',(9461.18556451,-2567.57737851,1310.48133732));
#7223=CARTESIAN_POINT('Control Point',(9447.09299642,-2565.88033755,1309.90744441));
#7224=CARTESIAN_POINT('Control Point',(9433.00187566,-2564.17406899,1309.33073991));
#7225=CARTESIAN_POINT('Control Point',(9418.91219461,-2562.4585933,1308.7512299));
#7226=CARTESIAN_POINT('Control Point',(9404.82395434,-2560.73392277,1308.16891793));
#7227=CARTESIAN_POINT('Control Point',(9475.42548215,-2561.40049766,1331.51617497));
#7228=CARTESIAN_POINT('Control Point',(9461.33086824,-2559.71648696,1330.94628455));
#7229=CARTESIAN_POINT('Control Point',(9447.237704629999,-2558.02323987,1330.37358011));
#7230=CARTESIAN_POINT('Control Point',(9433.145990109999,-2556.32075509,1329.79806101));
#7231=CARTESIAN_POINT('Control Point',(9419.055717109999,-2554.60905271,1329.21973319));
#7232=CARTESIAN_POINT('Control Point',(9404.966886779999,-2552.88814448,1328.63860007));
#7233=CARTESIAN_POINT('Control Point',(9475.599611379999,-2553.35570231,1351.92507714));
#7234=CARTESIAN_POINT('Control Point',(9461.504379169999,-2551.67562837,1351.35641622));
#7235=CARTESIAN_POINT('Control Point',(9447.41059917,-2549.98630857,1350.78493842));
#7236=CARTESIAN_POINT('Control Point',(9433.31826993,-2548.28773928,1350.21064286));
#7237=CARTESIAN_POINT('Control Point',(9419.2273838,-2546.57994478,1349.63353528));
#7238=CARTESIAN_POINT('Control Point',(9405.13794248,-2544.86293178,1349.05361903));
#7239=CARTESIAN_POINT('Control Point',(9475.802076259999,-2545.13016026,1372.27893007));
#7240=CARTESIAN_POINT('Control Point',(9461.706206229999,-2543.45414665,1371.71153368));
#7241=CARTESIAN_POINT('Control Point',(9447.611790159999,-2541.76887758,1371.14131752));
#7242=CARTESIAN_POINT('Control Point',(9433.51882677,-2540.07435202,1370.56828047));
#7243=CARTESIAN_POINT('Control Point',(9419.427308259999,-2538.37058394,1369.99242813));
#7244=CARTESIAN_POINT('Control Point',(9405.33723651,-2536.65758927,1369.41376367));
#7245=CARTESIAN_POINT('Control Point',(9476.03300121,-2536.72311983,1392.57750655));
#7246=CARTESIAN_POINT('Control Point',(9461.936475479999,-2535.05127943,1392.01140633));
#7247=CARTESIAN_POINT('Control Point',(9447.841405319999,-2533.37017418,1391.44248354));
#7248=CARTESIAN_POINT('Control Point',(9433.74778999,-2531.67980006,1390.87073659));
#7249=CARTESIAN_POINT('Control Point',(9419.655621559999,-2529.98017588,1390.29617104));
#7250=CARTESIAN_POINT('Control Point',(9405.56490164,-2528.27131203,1389.71878992));
#7251=CARTESIAN_POINT('Control Point',(9476.29252777,-2528.13372364,1412.82054772));
#7252=CARTESIAN_POINT('Control Point',(9462.195330299999,-2526.46615764,1412.2557716));
#7253=CARTESIAN_POINT('Control Point',(9448.099590189999,-2524.78931737,1411.68817012));
#7254=CARTESIAN_POINT('Control Point',(9434.00530699,-2523.10319763,1411.11774127));
#7255=CARTESIAN_POINT('Control Point',(9419.91247245,-2521.40781674,1410.54449047));
#7256=CARTESIAN_POINT('Control Point',(9405.821088389999,-2519.70318475,1409.96842065));
#7257=B_SPLINE_CURVE_WITH_KNOTS('',5,(#7258,#7259,#7260,#7261,#7262,#7263),.UNSPECIFIED.,.F.,.U.,(6,6),(0.,1.87978594008),.UNSPECIFIED.);
#7258=CARTESIAN_POINT('Control Point',(9475.24736266,-2568.89975136,1311.98914103));
#7259=CARTESIAN_POINT('Control Point',(9475.24522803,-2569.01410347,1311.69187797));
#7260=CARTESIAN_POINT('Control Point',(9475.124937619999,-2569.11470373,1311.38868915));
#7261=CARTESIAN_POINT('Control Point',(9474.866530039999,-2569.17408826,1311.14376011));
#7262=CARTESIAN_POINT('Control Point',(9474.54896998,-2569.17951262,1311.01808386));
#7263=CARTESIAN_POINT('Control Point',(9474.23315054,-2569.13972785,1311.01034881));
#7264=CARTESIAN_POINT('Vertex',(9474.23315054,-2569.13972785,1311.01034881));
#7265=VERTEX_POINT('',#7264);
#7266=CARTESIAN_POINT('Vertex',(9475.24736266,-2568.89975145,1311.98914078));
#7267=VERTEX_POINT('',#7266);
#7268=EDGE_CURVE('',#7265,#7267,#7257,.F.);
#7269=B_SPLINE_CURVE_WITH_KNOTS('',4,(#7270,#7271,#7272,#7273,#7274),.UNSPECIFIED.,.F.,.U.,(5,5),(0.,154.188242127),.UNSPECIFIED.);
#7270=CARTESIAN_POINT('Control Point',(9405.816055859999,-2560.42987115,1309.31655907));
#7271=CARTESIAN_POINT('Control Point',(9422.917243349999,-2562.62973104,1309.74438354));
#7272=CARTESIAN_POINT('Control Point',(9440.02777397,-2564.81559603,1310.16953296));
#7273=CARTESIAN_POINT('Control Point',(9457.13172329,-2566.98540723,1310.59150036));
#7274=CARTESIAN_POINT('Control Point',(9474.23315054,-2569.13972785,1311.01034881));
#7275=EDGE_CURVE('',#6418,#7265,#7269,.T.);
#7276=B_SPLINE_CURVE_WITH_KNOTS('',3,(#7277,#7278,#7279,#7280),.UNSPECIFIED.,.F.,.U.,(4,4),(2.88614579108,37.5114937671),.UNSPECIFIED.);
#7277=CARTESIAN_POINT('Control Point',(9475.24736266,-2568.89975136,1311.98914103));
#7278=CARTESIAN_POINT('Control Point',(9475.24805045,-2567.42868032,1315.80385341));
#7279=CARTESIAN_POINT('Control Point',(9475.24874587,-2565.94999699,1319.61612554));
#7280=CARTESIAN_POINT('Control Point',(9475.249448709999,-2564.46369586,1323.42594996));
#7281=EDGE_CURVE('',#7267,#6964,#7276,.T.);
#7282=EDGE_LOOP('',(#7283,#7284,#7285,#7286,#7287,#7288,#7289,#7290,#7291,#7292));
#7283=ORIENTED_EDGE('',*,*,#7268,.F.);
#7284=ORIENTED_EDGE('',*,*,#7275,.F.);
#7285=ORIENTED_EDGE('',*,*,#6419,.T.);
#7286=ORIENTED_EDGE('',*,*,#7099,.F.);
#7287=ORIENTED_EDGE('',*,*,#7029,.F.);
#7288=ORIENTED_EDGE('',*,*,#7131,.F.);
#7289=ORIENTED_EDGE('',*,*,#6848,.F.);
#7290=ORIENTED_EDGE('',*,*,#6905,.F.);
#7291=ORIENTED_EDGE('',*,*,#6965,.F.);
#7292=ORIENTED_EDGE('',*,*,#7281,.F.);
#7293=FACE_OUTER_BOUND('',#7282,.T.);
#7294=ADVANCED_FACE('PartBody',(#7293),#7220,.F.);
#7295=B_SPLINE_SURFACE_WITH_KNOTS('',5,1,((#7296,#7297),(#7298,#7299),(#7300,#7301),(#7302,#7303),(#7304,#7305),(#7306,#7307)),.UNSPECIFIED.,.F.,.F.,.U.,(6,6),(2,2),(2.56553516621,35.0813395555),(-1.86,4.5559411166E-014),.UNSPECIFIED.);
#7296=CARTESIAN_POINT('Control Point',(9475.24735415,-2568.91796198,1311.94191695));
#7297=CARTESIAN_POINT('Control Point',(9475.01428444,-2570.63971174,1312.60588704));
#7298=CARTESIAN_POINT('Control Point',(9475.24776849,-2568.03171169,1314.24020989));
#7299=CARTESIAN_POINT('Control Point',(9475.014763899999,-2569.75294852,1314.90553294));
#7300=CARTESIAN_POINT('Control Point',(9475.24818513,-2567.1431604,1316.5377606));
#7301=CARTESIAN_POINT('Control Point',(9475.01524603,-2568.86388294,1317.20443629));
#7302=CARTESIAN_POINT('Control Point',(9475.248604070001,-2566.25230769,1318.834568));
#7303=CARTESIAN_POINT('Control Point',(9475.01573083,-2567.97251459,1319.50259603));
#7304=CARTESIAN_POINT('Control Point',(9475.249025269999,-2565.35915305,1321.13063132));
#7305=CARTESIAN_POINT('Control Point',(9475.01621826,-2567.07884295,1321.80001136));
#7306=CARTESIAN_POINT('Control Point',(9475.249448709999,-2564.46369586,1323.42594996));
#7307=CARTESIAN_POINT('Control Point',(9475.01670831,-2566.18286741,1324.09668171));
#7308=B_SPLINE_CURVE_WITH_KNOTS('',2,(#7309,#7310,#7311),.UNSPECIFIED.,.F.,.U.,(3,3),(-0.929931128294,0.930069645768),.UNSPECIFIED.);
#7309=CARTESIAN_POINT('Control Point',(9475.014294159999,-2570.62172206,1312.65253862));
#7310=CARTESIAN_POINT('Control Point',(9475.13082842,-2569.76073669,1312.32083988));
#7311=CARTESIAN_POINT('Control Point',(9475.24736266,-2568.89975145,1311.98914078));
#7312=EDGE_CURVE('',#7267,#7188,#7308,.F.);
#7313=EDGE_LOOP('',(#7314,#7315,#7316,#7317));
#7314=ORIENTED_EDGE('',*,*,#7281,.T.);
#7315=ORIENTED_EDGE('',*,*,#6979,.T.);
#7316=ORIENTED_EDGE('',*,*,#7189,.F.);
#7317=ORIENTED_EDGE('',*,*,#7312,.F.);
#7318=FACE_OUTER_BOUND('',#7313,.T.);
#7319=ADVANCED_FACE('PartBody',(#7318),#7295,.T.);
#7320=B_SPLINE_SURFACE_WITH_KNOTS('',5,5,((#7321,#7322,#7323,#7324,#7325,#7326),(#7327,#7328,#7329,#7330,#7331,#7332),(#7333,#7334,#7335,#7336,#7337,#7338),(#7339,#7340,#7341,#7342,#7343,#7344),(#7345,#7346,#7347,#7348,#7349,#7350),(#7351,#7352,#7353,#7354,#7355,#7356)),.UNSPECIFIED.,.F.,.F.,.U.,(6,6),(6,6),(0.,139.935425306),(-1.86000000116,9.08887242958E-014),.UNSPECIFIED.);
#7321=CARTESIAN_POINT('Control Point',(9405.815997109999,-2560.42986366,1309.31655703));
#7322=CARTESIAN_POINT('Control Point',(9405.768385559999,-2560.77420296,1309.44902433));
#7323=CARTESIAN_POINT('Control Point',(9405.72077505,-2561.11854238,1309.58149168));
#7324=CARTESIAN_POINT('Control Point',(9405.67316572,-2561.46288196,1309.71395906));
#7325=CARTESIAN_POINT('Control Point',(9405.6255576,-2561.80722169,1309.84642649));
#7326=CARTESIAN_POINT('Control Point',(9405.577950569999,-2562.15156156,1309.97889396));
#7327=CARTESIAN_POINT('Control Point',(9419.700143669999,-2562.21588987,1309.66390369));
#7328=CARTESIAN_POINT('Control Point',(9419.65274046,-2562.56024109,1309.79641497));
#7329=CARTESIAN_POINT('Control Point',(9419.60533351,-2562.90459183,1309.92892612));
#7330=CARTESIAN_POINT('Control Point',(9419.557922579999,-2563.24894207,1310.0614371));
#7331=CARTESIAN_POINT('Control Point',(9419.51050755,-2563.59329178,1310.19394792));
#7332=CARTESIAN_POINT('Control Point',(9419.46308872,-2563.937641,1310.3264586));
#7333=CARTESIAN_POINT('Control Point',(9433.589524289999,-2563.99320368,1310.00956823));
#7334=CARTESIAN_POINT('Control Point',(9433.5423077,-2564.3375638,1310.14212288));
#7335=CARTESIAN_POINT('Control Point',(9433.49509273,-2564.68192413,1310.27467762));
#7336=CARTESIAN_POINT('Control Point',(9433.447879089999,-2565.02628462,1310.40723247));
#7337=CARTESIAN_POINT('Control Point',(9433.400666759999,-2565.37064527,1310.53978741));
#7338=CARTESIAN_POINT('Control Point',(9433.353456069999,-2565.71500613,1310.67234246));
#7339=CARTESIAN_POINT('Control Point',(9447.480199149999,-2565.76127415,1310.35344955));
#7340=CARTESIAN_POINT('Control Point',(9447.43317479,-2566.10564366,1310.48604815));
#7341=CARTESIAN_POINT('Control Point',(9447.386154239999,-2566.45001368,1310.61864683));
#7342=CARTESIAN_POINT('Control Point',(9447.339138769999,-2566.79438437,1310.75124561));
#7343=CARTESIAN_POINT('Control Point',(9447.29212839,-2567.13875573,1310.8838445));
#7344=CARTESIAN_POINT('Control Point',(9447.24512179,-2567.48312759,1311.01644346));
#7345=CARTESIAN_POINT('Control Point',(9461.364893739999,-2567.51920167,1310.69528543));
#7346=CARTESIAN_POINT('Control Point',(9461.318083939999,-2567.8635833,1310.82792862));
#7347=CARTESIAN_POINT('Control Point',(9461.271270929999,-2568.2079645,1310.96057171));
#7348=CARTESIAN_POINT('Control Point',(9461.22445365,-2568.55234514,1311.09321469));
#7349=CARTESIAN_POINT('Control Point',(9461.1776321,-2568.89672521,1311.22585756));
#7350=CARTESIAN_POINT('Control Point',(9461.13080735,-2569.24110486,1311.35850034));
#7351=CARTESIAN_POINT('Control Point',(9475.24714628,-2569.26744388,1311.03517944));
#7352=CARTESIAN_POINT('Control Point',(9475.20052595,-2569.61183412,1311.16786667));
#7353=CARTESIAN_POINT('Control Point',(9475.15390609,-2569.95622442,1311.30055391));
#7354=CARTESIAN_POINT('Control Point',(9475.10728701,-2570.30061483,1311.43324117));
#7355=CARTESIAN_POINT('Control Point',(9475.060668689999,-2570.64500533,1311.56592846));
#7356=CARTESIAN_POINT('Control Point',(9475.01405086,-2570.9893959,1311.69861576));
#7357=B_SPLINE_CURVE_WITH_KNOTS('',3,(#7358,#7359,#7360,#7361),.UNSPECIFIED.,.F.,.U.,(4,4),(0.52608754731,3.15652525162),.UNSPECIFIED.);
#7358=CARTESIAN_POINT('Control Point',(9474.00009704,-2570.86169058,1311.67377163));
#7359=CARTESIAN_POINT('Control Point',(9474.07778154,-2570.28770296,1311.45263064));
#7360=CARTESIAN_POINT('Control Point',(9474.15546606,-2569.71371534,1311.23148966));
#7361=CARTESIAN_POINT('Control Point',(9474.23315056,-2569.13972772,1311.01034868));
#7362=EDGE_CURVE('',#7265,#7197,#7357,.F.);
#7363=EDGE_LOOP('',(#7364,#7365,#7366,#7367));
#7364=ORIENTED_EDGE('',*,*,#7198,.F.);
#7365=ORIENTED_EDGE('',*,*,#6708,.F.);
#7366=ORIENTED_EDGE('',*,*,#7275,.T.);
#7367=ORIENTED_EDGE('',*,*,#7362,.T.);
#7368=FACE_OUTER_BOUND('',#7363,.T.);
#7369=ADVANCED_FACE('PartBody',(#7368),#7320,.T.);
#7370=B_SPLINE_SURFACE_WITH_KNOTS('',4,5,((#7371,#7372,#7373,#7374,#7375,#7376),(#7377,#7378,#7379,#7380,#7381,#7382),(#7383,#7384,#7385,#7386,#7387,#7388),(#7389,#7390,#7391,#7392,#7393,#7394),(#7395,#7396,#7397,#7398,#7399,#7400)),.UNSPECIFIED.,.F.,.F.,.U.,(5,5),(6,6),(0.526049770672,3.15672132548),(0.,1.),.UNSPECIFIED.);
#7371=CARTESIAN_POINT('Control Point',(9475.014273459999,-2570.62187508,1312.65259746));
#7372=CARTESIAN_POINT('Control Point',(9475.0142247,-2570.73640142,1312.35531901));
#7373=CARTESIAN_POINT('Control Point',(9474.888312409999,-2570.83608686,1312.05234375));
#7374=CARTESIAN_POINT('Control Point',(9474.63486659,-2570.89602348,1311.80773534));
#7375=CARTESIAN_POINT('Control Point',(9474.31608074,-2570.90150332,1311.68151864));
#7376=CARTESIAN_POINT('Control Point',(9474.0000937,-2570.86171531,1311.67378116));
#7377=CARTESIAN_POINT('Control Point',(9475.07254576,-2570.19134418,1312.48673326));
#7378=CARTESIAN_POINT('Control Point',(9475.07249911,-2570.30587151,1312.18945295));
#7379=CARTESIAN_POINT('Control Point',(9474.946587259999,-2570.40555806,1311.88647499));
#7380=CARTESIAN_POINT('Control Point',(9474.69313974,-2570.46549534,1311.64186426));
#7381=CARTESIAN_POINT('Control Point',(9474.37435134,-2570.47097502,1311.51564708));
#7382=CARTESIAN_POINT('Control Point',(9474.058362259999,-2570.43118632,1311.50791067));
#7383=CARTESIAN_POINT('Control Point',(9475.13081807,-2569.76081328,1312.32086906));
#7384=CARTESIAN_POINT('Control Point',(9475.13077351,-2569.87534161,1312.02358691));
#7385=CARTESIAN_POINT('Control Point',(9475.00486212,-2569.97502926,1311.72060623));
#7386=CARTESIAN_POINT('Control Point',(9474.75141289,-2570.0349672,1311.47599319));
#7387=CARTESIAN_POINT('Control Point',(9474.432621939999,-2570.04044672,1311.34977552));
#7388=CARTESIAN_POINT('Control Point',(9474.116630819999,-2570.00065734,1311.34204019));
#7389=CARTESIAN_POINT('Control Point',(9475.18909037,-2569.33028238,1312.15500487));
#7390=CARTESIAN_POINT('Control Point',(9475.18904791,-2569.4448117,1311.85772087));
#7391=CARTESIAN_POINT('Control Point',(9475.06313697,-2569.54450046,1311.55473748));
#7392=CARTESIAN_POINT('Control Point',(9474.809686029999,-2569.60443906,1311.31012213));
#7393=CARTESIAN_POINT('Control Point',(9474.490892529999,-2569.60991843,1311.18390397));
#7394=CARTESIAN_POINT('Control Point',(9474.174899379999,-2569.57012835,1311.17616971));
#7395=CARTESIAN_POINT('Control Point',(9475.24736266,-2568.89975148,1311.98914069));
#7396=CARTESIAN_POINT('Control Point',(9475.2473223,-2569.0142818,1311.69185484));
#7397=CARTESIAN_POINT('Control Point',(9475.121411820001,-2569.11397166,1311.38886874));
#7398=CARTESIAN_POINT('Control Point',(9474.867959179999,-2569.17391092,1311.14425107));
#7399=CARTESIAN_POINT('Control Point',(9474.549163129999,-2569.17939013,1311.01803242));
#7400=CARTESIAN_POINT('Control Point',(9474.23316793,-2569.13959937,1311.01029923));
#7401=EDGE_LOOP('',(#7402,#7403,#7404,#7405));
#7402=ORIENTED_EDGE('',*,*,#7362,.F.);
#7403=ORIENTED_EDGE('',*,*,#7268,.T.);
#7404=ORIENTED_EDGE('',*,*,#7312,.T.);
#7405=ORIENTED_EDGE('',*,*,#7206,.T.);
#7406=FACE_OUTER_BOUND('',#7401,.T.);
#7407=ADVANCED_FACE('PartBody',(#7406),#7370,.F.);
#7408=ADVANCED_BREP_SHAPE_REPRESENTATION('NONE',(#6115),#5373);

#7409=APPLICATION_CONTEXT('automotive_design');
#7410=APPLICATION_PROTOCOL_DEFINITION('international standard','automotive_design',2010,#7409);
#7411=PRODUCT_CONTEXT('',#7409,'mechanical');
#7412=PRODUCT_DEFINITION_CONTEXT('part definition',#7409,'design');
#7413=PRODUCT('part_005_V5311429520200','part_005_V5311429520200','',(#7411));
#7414=PRODUCT_DEFINITION_FORMATION('','',#7413);
#7415=PRODUCT_DEFINITION('design','',#7414,#7412);
#7416=PRODUCT_DEFINITION_SHAPE('','',#7415);
#7417=SHAPE_DEFINITION_REPRESENTATION(#7416,#7408);
ENDSEC;
END-ISO-10303-21;
