ISO-10303-21;
HEADER;
FILE_DESCRIPTION(('CATIA V5 STEP Exchange','CAx-IF Rec.Pracs.--- Model Styling and Organization---1.4--- 2014-01-23'),'2;1');

FILE_NAME('C:\\Users\\SA516207\\WORK\\01_ASSY\\3_Catia\\ECHELLE\\ECHELLE.stp','2026-09-22T12:18:05+00:00',('none'),('none'),'CATIA Version 5-6 Release 2017 SP2 HF26','CATIA V5 STEP AP203 WITH EXTENSIONS','none');

FILE_SCHEMA(('CONFIG_CONTROL_DESIGN','SHAPE_APPEARANCE_LAYER_MIM'));

ENDSEC;
DATA;
#46=(LENGTH_UNIT()NAMED_UNIT(*)SI_UNIT(.MILLI.,.METRE.));
#47=(NAMED_UNIT(*)PLANE_ANGLE_UNIT()SI_UNIT($,.RADIAN.));
#48=(NAMED_UNIT(*)SI_UNIT($,.STERADIAN.)SOLID_ANGLE_UNIT());
#197181=UNCERTAINTY_MEASURE_WITH_UNIT(LENGTH_MEASURE(0.005),#46,'distance_accuracy_value','CONFUSED CURVE UNCERTAINTY');
#197182=(GEOMETRIC_REPRESENTATION_CONTEXT(3)GLOBAL_UNCERTAINTY_ASSIGNED_CONTEXT((#197181))GLOBAL_UNIT_ASSIGNED_CONTEXT((#46,#47,#48))REPRESENTATION_CONTEXT(' ',' '));
#197522=MANIFOLD_SOLID_BREP('PartBody',#197525);
#197525=CLOSED_SHELL('Closed Shell',(#197601,#197677,#197708,#197739,#197779,#197801,#197841,#197872,#197903,#197934,#197965,#197996,#198027,#198049,#198121,#198143,#198160,#198177,#198194,#198211,#198228,#198245,#198257,#198297,#198328,#198354,#198385,#198416,#198447,#198473,#198495,#198562,#198584,#198601,#198618,#198635,#198652,#198669,#198686,#198698,#198738,#198769,#198800,#198851,#198915,#198932,#198949,#198966,#199025,#199065,#199091,#199122,#199173,#199237,#199254,#199271,#199288,#199347,#199387,#199409,#199450,#199467,#199484,#199508,#199539,#199580,#199614,#199636,#199648,#199688,#199719,#199750,#199781,#199812,#199843,#199874,#199896,#199968,#199990,#200007,#200024,#200041,#200058,#200075,#200092,#200104,#200144,#200170,#200201,#200232,#200263,#200289,#200320,#200342,#200409,#200431,#200448,#200465,#200482,#200499,#200516,#200533,#200545,#200576,#200598,#200615,#200646,#200686,#200712,#200747,#200779,#200810,#200837,#200862,#200886,#200913,#200940,#200959,#200976,#201003,#201028,#201123,#201140,#201172,#201200,#201224,#201256,#201284,#201316,#201333,#201374,#201410,#201446,#201465,#201482,#201494));
#197526=CARTESIAN_POINT('Axis2P3D Location',(8844.77924797,-2496.06644437,807.5549099999999));
#197527=DIRECTION('Axis2P3D Direction',(0.9835147105149434,-0.1808281344279896,-6.911138328289602e-15));
#197528=DIRECTION('Axis2P3D XDirection',(7.4085716188e-14,4.41167688262e-13,-1));
#197529=AXIS2_PLACEMENT_3D('Cylinder Axis2P3D',#197526,#197527,#197528);
#197530=CYLINDRICAL_SURFACE('generated cylinder',#197529,9.);
#197531=CARTESIAN_POINT('Line Origine',(8845.19593815,-2493.80008842,798.85491));
#197532=DIRECTION('Vector Direction',(0.9835147105149434,-0.1808281344279896,-7.82859370069955e-15));
#197533=VECTOR('Line Direction',#197532,1.);
#197534=LINE('Line',#197531,#197533);
#197535=CARTESIAN_POINT('Vertex',(8859.478538769999,-2496.42607459,798.85491));
#197536=VERTEX_POINT('',#197535);
#197537=CARTESIAN_POINT('Vertex',(8837.109480200001,-2492.3133195,798.85491));
#197538=VERTEX_POINT('',#197537);
#197539=EDGE_CURVE('',#197536,#197538,#197534,.F.);
#197540=B_SPLINE_CURVE_WITH_KNOTS('',5,(#197541,#197542,#197543,#197544,#197545,#197546,#197547,#197548,#197549,#197550,#197551,#197552,#197553,#197554,#197555),.UNSPECIFIED.,.F.,.U.,(6,3,3,3,6),(0.,0.842804798029,2.29896130864,5.04544768619,8.270457189),.UNSPECIFIED.);
#197541=CARTESIAN_POINT('Control Point',(8837.109480200001,-2492.3133195,798.85491));
#197542=CARTESIAN_POINT('Control Point',(8836.99225449,-2492.29176649,798.85491));
#197543=CARTESIAN_POINT('Control Point',(8836.879879730001,-2492.24383788,798.862013199));
#197544=CARTESIAN_POINT('Control Point',(8836.781791150001,-2492.17245821,798.875967008));
#197545=CARTESIAN_POINT('Control Point',(8836.54384192,-2491.95403476,798.9238601329999));
#197546=CARTESIAN_POINT('Control Point',(8836.367192350001,-2491.68544734,798.99526241));
#197547=CARTESIAN_POINT('Control Point',(8836.26764362,-2491.51271616,799.046066173));
#197548=CARTESIAN_POINT('Control Point',(8836.008382030001,-2491.00284433,799.209828995));
#197549=CARTESIAN_POINT('Control Point',(8835.81253637,-2490.47987062,799.419804544));
#197550=CARTESIAN_POINT('Control Point',(8835.70028542,-2490.14139951,799.575574578));
#197551=CARTESIAN_POINT('Control Point',(8835.495161520001,-2489.41361567,799.9567048500001));
#197552=CARTESIAN_POINT('Control Point',(8835.381450979999,-2488.72001664,800.430462007));
#197553=CARTESIAN_POINT('Control Point',(8835.350021169999,-2488.3598527,800.713610638));
#197554=CARTESIAN_POINT('Control Point',(8835.35687553,-2488.02036181,801.024308898));
#197555=CARTESIAN_POINT('Control Point',(8835.413690290001,-2487.71134932,801.35491));
#197556=CARTESIAN_POINT('Vertex',(8835.413690290001,-2487.71134932,801.35491));
#197557=VERTEX_POINT('',#197556);
#197558=EDGE_CURVE('',#197538,#197557,#197540,.T.);
#197559=CARTESIAN_POINT('Axis2P3D Location',(8834.234003240001,-2494.12760512,807.5549099999999));
#197560=DIRECTION('Axis2P3D Direction',(0.9835147105149434,-0.1808281344279896,-6.911138328289602e-15));
#197561=AXIS2_PLACEMENT_3D('Circle Axis2P3D',#197559,#197560,$);
#197562=CIRCLE('generated circle',#197561,9.);
#197563=CARTESIAN_POINT('Vertex',(8835.537503969999,-2487.03793325,802.166270224));
#197564=VERTEX_POINT('',#197563);
#197565=EDGE_CURVE('',#197564,#197557,#197562,.F.);
#197566=CARTESIAN_POINT('Line Origine',(8846.08274869,-2488.9767725,802.166270224));
#197567=DIRECTION('Vector Direction',(0.9835147105149434,-0.1808281344279896,-7.82859370069955e-15));
#197568=VECTOR('Line Direction',#197567,1.);
#197569=LINE('Line',#197566,#197568);
#197570=CARTESIAN_POINT('Vertex',(8831.80014807,-2486.35078634,802.166270224));
#197571=VERTEX_POINT('',#197570);
#197572=EDGE_CURVE('',#197571,#197564,#197569,.T.);
#197573=CARTESIAN_POINT('Axis2P3D Location',(8830.49664734,-2493.44045821,807.5549099999999));
#197574=DIRECTION('Axis2P3D Direction',(0.9835147105149434,-0.1808281344279896,-6.911138328289602e-15));
#197575=AXIS2_PLACEMENT_3D('Circle Axis2P3D',#197573,#197574,$);
#197576=CIRCLE('generated circle',#197575,9.);
#197577=CARTESIAN_POINT('Vertex',(8830.49664734,-2493.44045821,798.5549099999999));
#197578=VERTEX_POINT('',#197577);
#197579=EDGE_CURVE('',#197571,#197578,#197576,.F.);
#197580=CARTESIAN_POINT('Line Origine',(8844.77924797,-2496.06644437,798.5549099999999));
#197581=DIRECTION('Vector Direction',(0.9835147105149434,-0.1808281344279896,-7.82859370069955e-15));
#197582=VECTOR('Line Direction',#197581,1.);
#197583=LINE('Line',#197580,#197582);
#197584=CARTESIAN_POINT('Vertex',(8859.061848589999,-2498.69243054,798.5549099999999));
#197585=VERTEX_POINT('',#197584);
#197586=EDGE_CURVE('',#197578,#197585,#197583,.T.);
#197587=CARTESIAN_POINT('Axis2P3D Location',(8859.061848589999,-2498.69243054,807.5549099999999));
#197588=DIRECTION('Axis2P3D Direction',(0.9835147105149434,-0.1808281344279896,-6.911138328289602e-15));
#197589=AXIS2_PLACEMENT_3D('Circle Axis2P3D',#197587,#197588,$);
#197590=CIRCLE('generated circle',#197589,9.);
#197591=EDGE_CURVE('',#197536,#197585,#197590,.F.);
#197592=EDGE_LOOP('',(#197593,#197594,#197595,#197596,#197597,#197598,#197599));
#197593=ORIENTED_EDGE('',*,*,#197539,.T.);
#197594=ORIENTED_EDGE('',*,*,#197558,.T.);
#197595=ORIENTED_EDGE('',*,*,#197565,.F.);
#197596=ORIENTED_EDGE('',*,*,#197572,.F.);
#197597=ORIENTED_EDGE('',*,*,#197579,.T.);
#197598=ORIENTED_EDGE('',*,*,#197586,.T.);
#197599=ORIENTED_EDGE('',*,*,#197591,.F.);
#197600=FACE_OUTER_BOUND('',#197592,.T.);
#197601=ADVANCED_FACE('PartBody',(#197600),#197530,.F.);
#197602=CARTESIAN_POINT('Axis2P3D Location',(8843.62551777,-2502.34152225,720.15491));
#197603=DIRECTION('Axis2P3D Direction',(0.9835147105149434,-0.1808281344279896,-6.911138328289602e-15));
#197604=DIRECTION('Axis2P3D XDirection',(0.1717615036960981,0.9342017829215337,0.3126739749871786));
#197605=AXIS2_PLACEMENT_3D('Cylinder Axis2P3D',#197602,#197603,#197604);
#197606=CYLINDRICAL_SURFACE('generated cylinder',#197605,9.);
#197607=CARTESIAN_POINT('Axis2P3D Location',(8832.785218630001,-2500.34843455,720.15491));
#197608=DIRECTION('Axis2P3D Direction',(0.9835147105149434,-0.1808281344279896,-6.911138328289602e-15));
#197609=AXIS2_PLACEMENT_3D('Circle Axis2P3D',#197607,#197608,$);
#197610=CIRCLE('generated circle',#197609,9.);
#197611=CARTESIAN_POINT('Vertex',(8833.964905680001,-2493.93217876,726.35491));
#197612=VERTEX_POINT('',#197611);
#197613=CARTESIAN_POINT('Vertex',(8834.331072159999,-2491.94061851,722.968975775));
#197614=VERTEX_POINT('',#197613);
#197615=EDGE_CURVE('',#197612,#197614,#197610,.F.);
#197616=B_SPLINE_CURVE_WITH_KNOTS('',5,(#197617,#197618,#197619,#197620,#197621,#197622,#197623,#197624,#197625,#197626,#197627,#197628,#197629,#197630,#197631),.UNSPECIFIED.,.F.,.U.,(6,3,3,3,6),(0.,0.842804795762,2.29896130803,5.04544768613,8.27045718917),.UNSPECIFIED.);
#197617=CARTESIAN_POINT('Control Point',(8835.66069558,-2498.53414894,728.85491));
#197618=CARTESIAN_POINT('Control Point',(8835.543469869999,-2498.51259593,728.85491));
#197619=CARTESIAN_POINT('Control Point',(8835.43109512,-2498.46466732,728.847806801));
#197620=CARTESIAN_POINT('Control Point',(8835.33300653,-2498.39328765,728.8338529919999));
#197621=CARTESIAN_POINT('Control Point',(8835.095057299999,-2498.1748642,728.785959867));
#197622=CARTESIAN_POINT('Control Point',(8834.91840774,-2497.90627678,728.71455759));
#197623=CARTESIAN_POINT('Control Point',(8834.818859000001,-2497.7335456,728.6637538270001));
#197624=CARTESIAN_POINT('Control Point',(8834.55959741,-2497.22367377,728.499991005));
#197625=CARTESIAN_POINT('Control Point',(8834.363751749999,-2496.70070006,728.290015456));
#197626=CARTESIAN_POINT('Control Point',(8834.251500799999,-2496.36222895,728.134245423));
#197627=CARTESIAN_POINT('Control Point',(8834.0463769,-2495.6344451,727.75311515));
#197628=CARTESIAN_POINT('Control Point',(8833.93266636,-2494.94084607,727.279357993));
#197629=CARTESIAN_POINT('Control Point',(8833.90123655,-2494.58068213,726.9962093619999));
#197630=CARTESIAN_POINT('Control Point',(8833.908090909999,-2494.24119125,726.685511102));
#197631=CARTESIAN_POINT('Control Point',(8833.964905680001,-2493.93217876,726.35491));
#197632=CARTESIAN_POINT('Vertex',(8835.66069558,-2498.53414894,728.85491));
#197633=VERTEX_POINT('',#197632);
#197634=EDGE_CURVE('',#197633,#197612,#197616,.T.);
#197635=CARTESIAN_POINT('Line Origine',(8844.04220794,-2500.0751663,728.85491));
#197636=DIRECTION('Vector Direction',(0.9835147105149434,-0.1808281344279896,-7.82859370069955e-15));
#197637=VECTOR('Line Direction',#197636,1.);
#197638=LINE('Line',#197635,#197637);
#197639=CARTESIAN_POINT('Vertex',(8858.32480857,-2502.70115247,728.85491));
#197640=VERTEX_POINT('',#197639);
#197641=EDGE_CURVE('',#197633,#197640,#197638,.T.);
#197642=CARTESIAN_POINT('Axis2P3D Location',(8857.90811839,-2504.96750842,720.15491));
#197643=DIRECTION('Axis2P3D Direction',(0.9835147105149434,-0.1808281344279896,-6.911138328289602e-15));
#197644=AXIS2_PLACEMENT_3D('Circle Axis2P3D',#197642,#197643,$);
#197645=CIRCLE('generated circle',#197644,9.);
#197646=CARTESIAN_POINT('Vertex',(8857.90811839,-2504.96750842,729.15491));
#197647=VERTEX_POINT('',#197646);
#197648=EDGE_CURVE('',#197647,#197640,#197645,.F.);
#197649=CARTESIAN_POINT('Line Origine',(8843.62551777,-2502.34152225,729.15491));
#197650=DIRECTION('Vector Direction',(0.9835147105149434,-0.1808281344279896,-7.82859370069955e-15));
#197651=VECTOR('Line Direction',#197650,1.);
#197652=LINE('Line',#197649,#197651);
#197653=CARTESIAN_POINT('Vertex',(8829.34291714,-2499.71553608,729.15491));
#197654=VERTEX_POINT('',#197653);
#197655=EDGE_CURVE('',#197654,#197647,#197652,.T.);
#197656=CARTESIAN_POINT('Axis2P3D Location',(8829.34291714,-2499.71553608,720.15491));
#197657=DIRECTION('Axis2P3D Direction',(0.9835147105149434,-0.1808281344279896,-6.911138328289602e-15));
#197658=AXIS2_PLACEMENT_3D('Circle Axis2P3D',#197656,#197657,$);
#197659=CIRCLE('generated circle',#197658,9.);
#197660=CARTESIAN_POINT('Vertex',(8830.888770670001,-2491.30772004,722.968975775));
#197661=VERTEX_POINT('',#197660);
#197662=EDGE_CURVE('',#197654,#197661,#197659,.F.);
#197663=CARTESIAN_POINT('Line Origine',(8845.171371300001,-2493.93370621,722.968975775));
#197664=DIRECTION('Vector Direction',(0.9835147105149434,-0.1808281344279896,-7.82859370069955e-15));
#197665=VECTOR('Line Direction',#197664,1.);
#197666=LINE('Line',#197663,#197665);
#197667=EDGE_CURVE('',#197661,#197614,#197666,.T.);
#197668=EDGE_LOOP('',(#197669,#197670,#197671,#197672,#197673,#197674,#197675));
#197669=ORIENTED_EDGE('',*,*,#197615,.F.);
#197670=ORIENTED_EDGE('',*,*,#197634,.F.);
#197671=ORIENTED_EDGE('',*,*,#197641,.T.);
#197672=ORIENTED_EDGE('',*,*,#197648,.F.);
#197673=ORIENTED_EDGE('',*,*,#197655,.F.);
#197674=ORIENTED_EDGE('',*,*,#197662,.T.);
#197675=ORIENTED_EDGE('',*,*,#197667,.T.);
#197676=FACE_OUTER_BOUND('',#197668,.T.);
#197677=ADVANCED_FACE('PartBody',(#197676),#197606,.F.);
#197678=CARTESIAN_POINT('Axis2P3D Location',(8831.429198420001,-2488.36836195,713.8899398470001));
#197679=DIRECTION('Axis2P3D Direction',(0.1717615036960444,0.9342017829212417,0.3126739749880809));
#197680=DIRECTION('Axis2P3D XDirection',(-0.05654025158112966,-0.3075194539951613,0.9498605083724981));
#197681=AXIS2_PLACEMENT_3D('Plane Axis2P3D',#197678,#197679,#197680);
#197682=PLANE('',#197681);
#197683=CARTESIAN_POINT('Line Origine',(8834.60128603,-2490.47093946,718.429457811));
#197684=DIRECTION('Vector Direction',(-0.05654025158112966,-0.3075194539951613,0.9498605083724981));
#197685=VECTOR('Line Direction',#197684,1.);
#197686=LINE('Line',#197683,#197685);
#197687=CARTESIAN_POINT('Vertex',(8834.871499909999,-2489.00126042,713.8899398470001));
#197688=VERTEX_POINT('',#197687);
#197689=EDGE_CURVE('',#197688,#197614,#197686,.T.);
#197690=CARTESIAN_POINT('Line Origine',(8831.15898455,-2489.83804099,718.429457811));
#197691=DIRECTION('Vector Direction',(-0.05654025158112966,-0.3075194539951613,0.9498605083724981));
#197692=VECTOR('Line Direction',#197691,1.);
#197693=LINE('Line',#197690,#197692);
#197694=CARTESIAN_POINT('Vertex',(8831.429198420001,-2488.36836195,713.8899398470001));
#197695=VERTEX_POINT('',#197694);
#197696=EDGE_CURVE('',#197661,#197695,#197693,.F.);
#197697=CARTESIAN_POINT('Line Origine',(8833.15034916,-2488.68481118,713.8899398470001));
#197698=DIRECTION('Vector Direction',(0.9835147105149434,-0.1808281344279896,0));
#197699=VECTOR('Line Direction',#197698,1.);
#197700=LINE('Line',#197697,#197699);
#197701=EDGE_CURVE('',#197695,#197688,#197700,.T.);
#197702=EDGE_LOOP('',(#197703,#197704,#197705,#197706));
#197703=ORIENTED_EDGE('',*,*,#197689,.T.);
#197704=ORIENTED_EDGE('',*,*,#197667,.F.);
#197705=ORIENTED_EDGE('',*,*,#197696,.T.);
#197706=ORIENTED_EDGE('',*,*,#197701,.T.);
#197707=FACE_OUTER_BOUND('',#197702,.T.);
#197708=ADVANCED_FACE('PartBody',(#197707),#197682,.F.);
#197709=CARTESIAN_POINT('Axis2P3D Location',(8847.60117559,-2480.7181285,717.329353571));
#197710=DIRECTION('Axis2P3D Direction',(0.9835147105149434,-0.1808281344279896,-6.911138328289602e-15));
#197711=DIRECTION('Axis2P3D XDirection',(-0.1717615036960444,-0.9342017829212417,-0.3126739749880809));
#197712=AXIS2_PLACEMENT_3D('Cylinder Axis2P3D',#197709,#197710,#197711);
#197713=CYLINDRICAL_SURFACE('generated cylinder',#197712,11.);
#197714=CARTESIAN_POINT('Axis2P3D Location',(8833.31857496,-2478.09214233,717.329353571));
#197715=DIRECTION('Axis2P3D Direction',(0.9835147105149434,-0.1808281344279896,-6.911138328289602e-15));
#197716=AXIS2_PLACEMENT_3D('Circle Axis2P3D',#197714,#197715,$);
#197717=CIRCLE('generated circle',#197716,11.);
#197718=CARTESIAN_POINT('Vertex',(8832.91250493,-2480.30073589,706.561010076));
#197719=VERTEX_POINT('',#197718);
#197720=EDGE_CURVE('',#197695,#197719,#197717,.T.);
#197721=CARTESIAN_POINT('Line Origine',(8847.195105549999,-2482.92672206,706.561010076));
#197722=DIRECTION('Vector Direction',(0.9835147105149434,-0.1808281344279896,-7.82859370069955e-15));
#197723=VECTOR('Line Direction',#197722,1.);
#197724=LINE('Line',#197721,#197723);
#197725=CARTESIAN_POINT('Vertex',(8836.35480641,-2480.93363436,706.561010076));
#197726=VERTEX_POINT('',#197725);
#197727=EDGE_CURVE('',#197719,#197726,#197724,.T.);
#197728=CARTESIAN_POINT('Axis2P3D Location',(8836.76087645,-2478.7250408,717.329353571));
#197729=DIRECTION('Axis2P3D Direction',(0.9835147105149434,-0.1808281344279896,-6.911138328289602e-15));
#197730=AXIS2_PLACEMENT_3D('Circle Axis2P3D',#197728,#197729,$);
#197731=CIRCLE('generated circle',#197730,11.);
#197732=EDGE_CURVE('',#197726,#197688,#197731,.F.);
#197733=EDGE_LOOP('',(#197734,#197735,#197736,#197737));
#197734=ORIENTED_EDGE('',*,*,#197701,.F.);
#197735=ORIENTED_EDGE('',*,*,#197720,.T.);
#197736=ORIENTED_EDGE('',*,*,#197727,.T.);
#197737=ORIENTED_EDGE('',*,*,#197732,.T.);
#197738=FACE_OUTER_BOUND('',#197733,.T.);
#197739=ADVANCED_FACE('PartBody',(#197738),#197713,.T.);
#197740=CARTESIAN_POINT('Axis2P3D Location',(8849.53838903,-2470.1817265,809.358277896));
#197741=DIRECTION('Axis2P3D Direction',(0.9835147105149434,-0.1808281344279896,-6.911138328289602e-15));
#197742=DIRECTION('Axis2P3D XDirection',(0.05590504283649533,0.3040645870489747,0.9510096493139206));
#197743=AXIS2_PLACEMENT_3D('Cylinder Axis2P3D',#197740,#197741,#197742);
#197744=CYLINDRICAL_SURFACE('generated cylinder',#197743,11.);
#197745=CARTESIAN_POINT('Line Origine',(8850.1533445,-2466.83701604,819.819384038));
#197746=DIRECTION('Vector Direction',(0.9835147105149434,-0.1808281344279896,-7.82859370069955e-15));
#197747=VECTOR('Line Direction',#197746,1.);
#197748=LINE('Line',#197745,#197747);
#197749=CARTESIAN_POINT('Vertex',(8835.87074387,-2464.21102988,819.819384038));
#197750=VERTEX_POINT('',#197749);
#197751=CARTESIAN_POINT('Vertex',(8839.608099769999,-2464.89817679,819.819384038));
#197752=VERTEX_POINT('',#197751);
#197753=EDGE_CURVE('',#197750,#197752,#197748,.T.);
#197754=CARTESIAN_POINT('Axis2P3D Location',(8835.2557884,-2467.55574033,809.358277896));
#197755=DIRECTION('Axis2P3D Direction',(0.9835147105149434,-0.1808281344279896,-6.911138328289602e-15));
#197756=AXIS2_PLACEMENT_3D('Circle Axis2P3D',#197754,#197755,$);
#197757=CIRCLE('generated circle',#197756,11.);
#197758=CARTESIAN_POINT('Vertex',(8833.66262085,-2476.22089484,815.944393178));
#197759=VERTEX_POINT('',#197758);
#197760=EDGE_CURVE('',#197750,#197759,#197757,.T.);
#197761=CARTESIAN_POINT('Line Origine',(8847.94522148,-2478.84688101,815.944393178));
#197762=DIRECTION('Vector Direction',(0.9835147105149434,-0.1808281344279896,-7.82859370069955e-15));
#197763=VECTOR('Line Direction',#197762,1.);
#197764=LINE('Line',#197761,#197763);
#197765=CARTESIAN_POINT('Vertex',(8837.399976750001,-2476.90804175,815.944393178));
#197766=VERTEX_POINT('',#197765);
#197767=EDGE_CURVE('',#197759,#197766,#197764,.T.);
#197768=CARTESIAN_POINT('Axis2P3D Location',(8838.9931443,-2468.24288725,809.358277896));
#197769=DIRECTION('Axis2P3D Direction',(0.9835147105149434,-0.1808281344279896,-6.911138328289602e-15));
#197770=AXIS2_PLACEMENT_3D('Circle Axis2P3D',#197768,#197769,$);
#197771=CIRCLE('generated circle',#197770,11.);
#197772=EDGE_CURVE('',#197766,#197752,#197771,.F.);
#197773=EDGE_LOOP('',(#197774,#197775,#197776,#197777));
#197774=ORIENTED_EDGE('',*,*,#197753,.F.);
#197775=ORIENTED_EDGE('',*,*,#197760,.T.);
#197776=ORIENTED_EDGE('',*,*,#197767,.T.);
#197777=ORIENTED_EDGE('',*,*,#197772,.T.);
#197778=FACE_OUTER_BOUND('',#197773,.T.);
#197779=ADVANCED_FACE('PartBody',(#197778),#197744,.T.);
#197780=CARTESIAN_POINT('Axis2P3D Location',(8833.66262085,-2476.22089484,815.944393178));
#197781=DIRECTION('Axis2P3D Direction',(-0.1448334138589587,-0.7877413188797754,0.5987377529098292));
#197782=DIRECTION('Axis2P3D XDirection',(-0.1082686308700039,-0.5888673877270214,-0.8009451312300292));
#197783=AXIS2_PLACEMENT_3D('Plane Axis2P3D',#197780,#197781,#197782);
#197784=PLANE('',#197783);
#197785=CARTESIAN_POINT('Line Origine',(8832.731384459999,-2481.28584059,809.055331701));
#197786=DIRECTION('Vector Direction',(-0.1082686308700039,-0.5888673877270214,-0.8009451312300292));
#197787=VECTOR('Line Direction',#197786,1.);
#197788=LINE('Line',#197785,#197787);
#197789=EDGE_CURVE('',#197759,#197571,#197788,.T.);
#197790=CARTESIAN_POINT('Line Origine',(8836.46874036,-2481.9729875,809.055331701));
#197791=DIRECTION('Vector Direction',(-0.1082686308700039,-0.5888673877270214,-0.8009451312300292));
#197792=VECTOR('Line Direction',#197791,1.);
#197793=LINE('Line',#197790,#197792);
#197794=EDGE_CURVE('',#197766,#197564,#197793,.T.);
#197795=EDGE_LOOP('',(#197796,#197797,#197798,#197799));
#197796=ORIENTED_EDGE('',*,*,#197767,.F.);
#197797=ORIENTED_EDGE('',*,*,#197789,.T.);
#197798=ORIENTED_EDGE('',*,*,#197572,.T.);
#197799=ORIENTED_EDGE('',*,*,#197794,.F.);
#197800=FACE_OUTER_BOUND('',#197795,.T.);
#197801=ADVANCED_FACE('PartBody',(#197800),#197784,.T.);
#197802=CARTESIAN_POINT('Axis2P3D Location',(8836.92805413,-2458.46037502,795.0549099999999));
#197803=DIRECTION('Axis2P3D Direction',(6.79720621228e-15,-1.24972825068e-15,1));
#197804=DIRECTION('Axis2P3D XDirection',(-0.1808281344279896,-0.9835147105149434,-1.774937036749898e-30));
#197805=AXIS2_PLACEMENT_3D('Plane Axis2P3D',#197802,#197803,#197804);
#197806=PLANE('',#197805);
#197807=CARTESIAN_POINT('Line Origine',(8863.113084860001,-2476.6579696,795.0549099999999));
#197808=DIRECTION('Vector Direction',(-0.1808281344279896,-0.9835147105149434,0));
#197809=VECTOR('Line Direction',#197808,1.);
#197810=LINE('Line',#197807,#197809);
#197811=CARTESIAN_POINT('Vertex',(8865.493255380001,-2463.71234736,795.0549099999999));
#197812=VERTEX_POINT('',#197811);
#197813=CARTESIAN_POINT('Vertex',(8860.73291434,-2489.60359185,795.0549099999999));
#197814=VERTEX_POINT('',#197813);
#197815=EDGE_CURVE('',#197812,#197814,#197810,.T.);
#197816=CARTESIAN_POINT('Line Origine',(8849.49920932,-2487.5381729,795.0549099999999));
#197817=DIRECTION('Vector Direction',(0.9835147105149434,-0.1808281344279896,-9.953321460479427e-15));
#197818=VECTOR('Line Direction',#197817,1.);
#197819=LINE('Line',#197816,#197818);
#197820=CARTESIAN_POINT('Vertex',(8838.2655043,-2485.47275394,795.0549099999999));
#197821=VERTEX_POINT('',#197820);
#197822=EDGE_CURVE('',#197821,#197814,#197819,.T.);
#197823=CARTESIAN_POINT('Line Origine',(8840.64567482,-2472.5271317,795.0549099999999));
#197824=DIRECTION('Vector Direction',(-0.1808281344279896,-0.9835147105149434,0));
#197825=VECTOR('Line Direction',#197824,1.);
#197826=LINE('Line',#197823,#197825);
#197827=CARTESIAN_POINT('Vertex',(8843.025845329999,-2459.58150945,795.0549099999999));
#197828=VERTEX_POINT('',#197827);
#197829=EDGE_CURVE('',#197821,#197828,#197826,.F.);
#197830=CARTESIAN_POINT('Line Origine',(8854.259550360001,-2461.64692841,795.0549099999999));
#197831=DIRECTION('Vector Direction',(0.9835147105149434,-0.1808281344279896,-9.953321460479427e-15));
#197832=VECTOR('Line Direction',#197831,1.);
#197833=LINE('Line',#197830,#197832);
#197834=EDGE_CURVE('',#197828,#197812,#197833,.T.);
#197835=EDGE_LOOP('',(#197836,#197837,#197838,#197839));
#197836=ORIENTED_EDGE('',*,*,#197815,.T.);
#197837=ORIENTED_EDGE('',*,*,#197822,.F.);
#197838=ORIENTED_EDGE('',*,*,#197829,.T.);
#197839=ORIENTED_EDGE('',*,*,#197834,.T.);
#197840=FACE_OUTER_BOUND('',#197835,.T.);
#197841=ADVANCED_FACE('PartBody',(#197840),#197806,.F.);
#197842=CARTESIAN_POINT('Axis2P3D Location',(8878.08814476,-2466.02803245,788.5549099999999));
#197843=DIRECTION('Axis2P3D Direction',(-0.9835147105149434,0.1808281344279896,6.911138328289602e-15));
#197844=DIRECTION('Axis2P3D XDirection',(6.82628559415e-15,-1.09156702245e-15,1));
#197845=AXIS2_PLACEMENT_3D('Cylinder Axis2P3D',#197842,#197843,#197844);
#197846=CYLINDRICAL_SURFACE('generated cylinder',#197845,6.5);
#197847=CARTESIAN_POINT('Axis2P3D Location',(8865.493255380001,-2463.71234736,788.5549099999999));
#197848=DIRECTION('Axis2P3D Direction',(-0.9835147105149434,0.1808281344279896,6.911138328289602e-15));
#197849=AXIS2_PLACEMENT_3D('Circle Axis2P3D',#197847,#197848,$);
#197850=CIRCLE('generated circle',#197849,6.5);
#197851=CARTESIAN_POINT('Vertex',(8866.64388507,-2457.45413304,787.227956783));
#197852=VERTEX_POINT('',#197851);
#197853=EDGE_CURVE('',#197852,#197812,#197850,.F.);
#197854=CARTESIAN_POINT('Axis2P3D Location',(8843.025845329999,-2459.58150945,788.5549099999999));
#197855=DIRECTION('Axis2P3D Direction',(-0.9835147105149434,0.1808281344279896,6.911138328289602e-15));
#197856=AXIS2_PLACEMENT_3D('Circle Axis2P3D',#197854,#197855,$);
#197857=CIRCLE('generated circle',#197856,6.5);
#197858=CARTESIAN_POINT('Vertex',(8844.17647502,-2453.32329513,787.227956783));
#197859=VERTEX_POINT('',#197858);
#197860=EDGE_CURVE('',#197828,#197859,#197857,.T.);
#197861=CARTESIAN_POINT('Line Origine',(8879.238774449999,-2459.76981812,787.227956783));
#197862=DIRECTION('Vector Direction',(-0.9835147105149434,0.1808281344279896,5.959991492609657e-15));
#197863=VECTOR('Line Direction',#197862,1.);
#197864=LINE('Line',#197861,#197863);
#197865=EDGE_CURVE('',#197859,#197852,#197864,.F.);
#197866=EDGE_LOOP('',(#197867,#197868,#197869,#197870));
#197867=ORIENTED_EDGE('',*,*,#197853,.T.);
#197868=ORIENTED_EDGE('',*,*,#197834,.F.);
#197869=ORIENTED_EDGE('',*,*,#197860,.T.);
#197870=ORIENTED_EDGE('',*,*,#197865,.T.);
#197871=FACE_OUTER_BOUND('',#197866,.T.);
#197872=ADVANCED_FACE('PartBody',(#197871),#197846,.F.);
#197873=CARTESIAN_POINT('Axis2P3D Location',(8837.458360729999,-2455.57606533,770.777956783));
#197874=DIRECTION('Axis2P3D Direction',(0.1770199513830736,0.9628022032684,-0.2041466487450848));
#197875=DIRECTION('Axis2P3D XDirection',(0.03691545764219395,0.2007812321429671,0.9789403177958396));
#197876=AXIS2_PLACEMENT_3D('Plane Axis2P3D',#197873,#197874,#197875);
#197877=PLANE('',#197876);
#197878=CARTESIAN_POINT('Line Origine',(8866.33372352,-2459.14108535,779.0029567829999));
#197879=DIRECTION('Vector Direction',(0.03691545764219395,0.2007812321429671,0.9789403177958396));
#197880=VECTOR('Line Direction',#197879,1.);
#197881=LINE('Line',#197878,#197880);
#197882=CARTESIAN_POINT('Vertex',(8866.023561980001,-2460.82803766,770.777956783));
#197883=VERTEX_POINT('',#197882);
#197884=EDGE_CURVE('',#197883,#197852,#197881,.T.);
#197885=CARTESIAN_POINT('Line Origine',(8843.866313480001,-2455.01024745,779.0029567829999));
#197886=DIRECTION('Vector Direction',(0.03691545764219395,0.2007812321429671,0.9789403177958396));
#197887=VECTOR('Line Direction',#197886,1.);
#197888=LINE('Line',#197885,#197887);
#197889=CARTESIAN_POINT('Vertex',(8843.556151930001,-2456.69719976,770.777956783));
#197890=VERTEX_POINT('',#197889);
#197891=EDGE_CURVE('',#197859,#197890,#197888,.F.);
#197892=CARTESIAN_POINT('Line Origine',(8854.78985696,-2458.76261871,770.777956783));
#197893=DIRECTION('Vector Direction',(0.9835147105149434,-0.1808281344279896,-9.953321460479427e-15));
#197894=VECTOR('Line Direction',#197893,1.);
#197895=LINE('Line',#197892,#197894);
#197896=EDGE_CURVE('',#197890,#197883,#197895,.T.);
#197897=EDGE_LOOP('',(#197898,#197899,#197900,#197901));
#197898=ORIENTED_EDGE('',*,*,#197884,.T.);
#197899=ORIENTED_EDGE('',*,*,#197865,.F.);
#197900=ORIENTED_EDGE('',*,*,#197891,.T.);
#197901=ORIENTED_EDGE('',*,*,#197896,.T.);
#197902=FACE_OUTER_BOUND('',#197897,.T.);
#197903=ADVANCED_FACE('PartBody',(#197902),#197877,.F.);
#197904=CARTESIAN_POINT('Axis2P3D Location',(8877.46782168,-2469.40193707,772.10491));
#197905=DIRECTION('Axis2P3D Direction',(-0.9835147105149434,0.1808281344279896,6.911138328289602e-15));
#197906=DIRECTION('Axis2P3D XDirection',(0.1770199513830736,0.9628022032684,-0.2041466487450848));
#197907=AXIS2_PLACEMENT_3D('Cylinder Axis2P3D',#197904,#197905,#197906);
#197908=CYLINDRICAL_SURFACE('generated cylinder',#197907,6.5);
#197909=CARTESIAN_POINT('Axis2P3D Location',(8864.872932300001,-2467.08625198,772.10491));
#197910=DIRECTION('Axis2P3D Direction',(-0.9835147105149434,0.1808281344279896,6.911138328289602e-15));
#197911=AXIS2_PLACEMENT_3D('Circle Axis2P3D',#197909,#197910,$);
#197912=CIRCLE('generated circle',#197911,6.5);
#197913=CARTESIAN_POINT('Vertex',(8864.872932300001,-2467.08625198,765.60491));
#197914=VERTEX_POINT('',#197913);
#197915=EDGE_CURVE('',#197914,#197883,#197912,.F.);
#197916=CARTESIAN_POINT('Axis2P3D Location',(8842.405522249999,-2462.95541408,772.10491));
#197917=DIRECTION('Axis2P3D Direction',(-0.9835147105149434,0.1808281344279896,6.911138328289602e-15));
#197918=AXIS2_PLACEMENT_3D('Circle Axis2P3D',#197916,#197917,$);
#197919=CIRCLE('generated circle',#197918,6.5);
#197920=CARTESIAN_POINT('Vertex',(8842.405522249999,-2462.95541408,765.60491));
#197921=VERTEX_POINT('',#197920);
#197922=EDGE_CURVE('',#197890,#197921,#197919,.T.);
#197923=CARTESIAN_POINT('Line Origine',(8877.46782168,-2469.40193707,765.60491));
#197924=DIRECTION('Vector Direction',(-0.9835147105149434,0.1808281344279896,5.959991492609657e-15));
#197925=VECTOR('Line Direction',#197924,1.);
#197926=LINE('Line',#197923,#197925);
#197927=EDGE_CURVE('',#197921,#197914,#197926,.F.);
#197928=EDGE_LOOP('',(#197929,#197930,#197931,#197932));
#197929=ORIENTED_EDGE('',*,*,#197915,.T.);
#197930=ORIENTED_EDGE('',*,*,#197896,.F.);
#197931=ORIENTED_EDGE('',*,*,#197922,.T.);
#197932=ORIENTED_EDGE('',*,*,#197927,.T.);
#197933=FACE_OUTER_BOUND('',#197928,.T.);
#197934=ADVANCED_FACE('PartBody',(#197933),#197908,.F.);
#197935=CARTESIAN_POINT('Axis2P3D Location',(8836.30773104,-2461.83427965,765.60491));
#197936=DIRECTION('Axis2P3D Direction',(6.79720621228e-15,-1.24972825068e-15,1));
#197937=DIRECTION('Axis2P3D XDirection',(-0.1808281344279896,-0.9835147105149434,-1.774937036749898e-30));
#197938=AXIS2_PLACEMENT_3D('Plane Axis2P3D',#197935,#197936,#197937);
#197939=PLANE('',#197938);
#197940=CARTESIAN_POINT('Line Origine',(8840.33551327,-2474.21408401,765.60491));
#197941=DIRECTION('Vector Direction',(-0.1808281344279896,-0.9835147105149434,0));
#197942=VECTOR('Line Direction',#197941,1.);
#197943=LINE('Line',#197940,#197942);
#197944=CARTESIAN_POINT('Vertex',(8838.2655043,-2485.47275394,765.60491));
#197945=VERTEX_POINT('',#197944);
#197946=EDGE_CURVE('',#197921,#197945,#197943,.T.);
#197947=CARTESIAN_POINT('Line Origine',(8849.49920932,-2487.5381729,765.60491));
#197948=DIRECTION('Vector Direction',(0.9835147105149434,-0.1808281344279896,-9.953321460479427e-15));
#197949=VECTOR('Line Direction',#197948,1.);
#197950=LINE('Line',#197947,#197949);
#197951=CARTESIAN_POINT('Vertex',(8860.73291434,-2489.60359185,765.60491));
#197952=VERTEX_POINT('',#197951);
#197953=EDGE_CURVE('',#197945,#197952,#197950,.T.);
#197954=CARTESIAN_POINT('Line Origine',(8862.80292332,-2478.34492192,765.60491));
#197955=DIRECTION('Vector Direction',(-0.1808281344279896,-0.9835147105149434,0));
#197956=VECTOR('Line Direction',#197955,1.);
#197957=LINE('Line',#197954,#197956);
#197958=EDGE_CURVE('',#197914,#197952,#197957,.T.);
#197959=EDGE_LOOP('',(#197960,#197961,#197962,#197963));
#197960=ORIENTED_EDGE('',*,*,#197927,.F.);
#197961=ORIENTED_EDGE('',*,*,#197946,.T.);
#197962=ORIENTED_EDGE('',*,*,#197953,.T.);
#197963=ORIENTED_EDGE('',*,*,#197958,.F.);
#197964=FACE_OUTER_BOUND('',#197959,.T.);
#197965=ADVANCED_FACE('PartBody',(#197964),#197939,.T.);
#197966=CARTESIAN_POINT('Axis2P3D Location',(8873.327803730001,-2491.91927694,772.10491));
#197967=DIRECTION('Axis2P3D Direction',(-0.9835147105149434,0.1808281344279896,6.911138328289602e-15));
#197968=DIRECTION('Axis2P3D XDirection',(-6.76398862288e-15,1.430396972e-15,-1));
#197969=AXIS2_PLACEMENT_3D('Cylinder Axis2P3D',#197966,#197967,#197968);
#197970=CYLINDRICAL_SURFACE('generated cylinder',#197969,6.5);
#197971=CARTESIAN_POINT('Axis2P3D Location',(8860.73291434,-2489.60359185,772.10491));
#197972=DIRECTION('Axis2P3D Direction',(-0.9835147105149434,0.1808281344279896,6.911138328289602e-15));
#197973=AXIS2_PLACEMENT_3D('Circle Axis2P3D',#197971,#197972,$);
#197974=CIRCLE('generated circle',#197973,6.5);
#197975=CARTESIAN_POINT('Vertex',(8859.55753147,-2495.99643747,772.10491));
#197976=VERTEX_POINT('',#197975);
#197977=EDGE_CURVE('',#197976,#197952,#197974,.F.);
#197978=CARTESIAN_POINT('Axis2P3D Location',(8838.2655043,-2485.47275394,772.10491));
#197979=DIRECTION('Axis2P3D Direction',(-0.9835147105149434,0.1808281344279896,6.911138328289602e-15));
#197980=AXIS2_PLACEMENT_3D('Circle Axis2P3D',#197978,#197979,$);
#197981=CIRCLE('generated circle',#197980,6.5);
#197982=CARTESIAN_POINT('Vertex',(8837.09012142,-2491.86559956,772.10491));
#197983=VERTEX_POINT('',#197982);
#197984=EDGE_CURVE('',#197945,#197983,#197981,.T.);
#197985=CARTESIAN_POINT('Line Origine',(8872.15242085,-2498.31212255,772.10491));
#197986=DIRECTION('Vector Direction',(-0.9835147105149434,0.1808281344279896,5.959991492609657e-15));
#197987=VECTOR('Line Direction',#197986,1.);
#197988=LINE('Line',#197985,#197987);
#197989=EDGE_CURVE('',#197983,#197976,#197988,.F.);
#197990=EDGE_LOOP('',(#197991,#197992,#197993,#197994));
#197991=ORIENTED_EDGE('',*,*,#197977,.T.);
#197992=ORIENTED_EDGE('',*,*,#197953,.F.);
#197993=ORIENTED_EDGE('',*,*,#197984,.T.);
#197994=ORIENTED_EDGE('',*,*,#197989,.T.);
#197995=FACE_OUTER_BOUND('',#197990,.T.);
#197996=ADVANCED_FACE('PartBody',(#197995),#197970,.F.);
#197997=CARTESIAN_POINT('Axis2P3D Location',(8830.99233022,-2490.74446513,788.5549099999999));
#197998=DIRECTION('Axis2P3D Direction',(-0.1808281344279896,-0.9835147105149434,-1.774937036749898e-30));
#197999=DIRECTION('Axis2P3D XDirection',(-6.79720621228e-15,1.24972825068e-15,-1));
#198000=AXIS2_PLACEMENT_3D('Plane Axis2P3D',#197997,#197998,#197999);
#198001=PLANE('',#198000);
#198002=CARTESIAN_POINT('Line Origine',(8859.55753147,-2495.99643747,780.32991));
#198003=DIRECTION('Vector Direction',(0,0,-1));
#198004=VECTOR('Line Direction',#198003,1.);
#198005=LINE('Line',#198002,#198004);
#198006=CARTESIAN_POINT('Vertex',(8859.55753147,-2495.99643747,788.5549099999999));
#198007=VERTEX_POINT('',#198006);
#198008=EDGE_CURVE('',#198007,#197976,#198005,.T.);
#198009=CARTESIAN_POINT('Line Origine',(8837.09012142,-2491.86559956,780.32991));
#198010=DIRECTION('Vector Direction',(0,0,-1));
#198011=VECTOR('Line Direction',#198010,1.);
#198012=LINE('Line',#198009,#198011);
#198013=CARTESIAN_POINT('Vertex',(8837.09012142,-2491.86559956,788.5549099999999));
#198014=VERTEX_POINT('',#198013);
#198015=EDGE_CURVE('',#197983,#198014,#198012,.F.);
#198016=CARTESIAN_POINT('Line Origine',(8848.32382645,-2493.93101851,788.5549099999999));
#198017=DIRECTION('Vector Direction',(0.9835147105149434,-0.1808281344279896,-9.953321460479427e-15));
#198018=VECTOR('Line Direction',#198017,1.);
#198019=LINE('Line',#198016,#198018);
#198020=EDGE_CURVE('',#198014,#198007,#198019,.T.);
#198021=EDGE_LOOP('',(#198022,#198023,#198024,#198025));
#198022=ORIENTED_EDGE('',*,*,#198008,.T.);
#198023=ORIENTED_EDGE('',*,*,#197989,.F.);
#198024=ORIENTED_EDGE('',*,*,#198015,.T.);
#198025=ORIENTED_EDGE('',*,*,#198020,.T.);
#198026=FACE_OUTER_BOUND('',#198021,.T.);
#198027=ADVANCED_FACE('PartBody',(#198026),#198001,.F.);
#198028=CARTESIAN_POINT('Axis2P3D Location',(8873.327803730001,-2491.91927694,788.5549099999999));
#198029=DIRECTION('Axis2P3D Direction',(-0.9835147105149434,0.1808281344279896,6.911138328289602e-15));
#198030=DIRECTION('Axis2P3D XDirection',(-0.1808281344279896,-0.9835147105149434,-6.419377557819632e-14));
#198031=AXIS2_PLACEMENT_3D('Cylinder Axis2P3D',#198028,#198029,#198030);
#198032=CYLINDRICAL_SURFACE('generated cylinder',#198031,6.5);
#198033=CARTESIAN_POINT('Axis2P3D Location',(8860.73291434,-2489.60359185,788.5549099999999));
#198034=DIRECTION('Axis2P3D Direction',(-0.9835147105149434,0.1808281344279896,6.911138328289602e-15));
#198035=AXIS2_PLACEMENT_3D('Circle Axis2P3D',#198033,#198034,$);
#198036=CIRCLE('generated circle',#198035,6.5);
#198037=EDGE_CURVE('',#197814,#198007,#198036,.F.);
#198038=CARTESIAN_POINT('Axis2P3D Location',(8838.2655043,-2485.47275394,788.5549099999999));
#198039=DIRECTION('Axis2P3D Direction',(-0.9835147105149434,0.1808281344279896,6.911138328289602e-15));
#198040=AXIS2_PLACEMENT_3D('Circle Axis2P3D',#198038,#198039,$);
#198041=CIRCLE('generated circle',#198040,6.5);
#198042=EDGE_CURVE('',#198014,#197821,#198041,.T.);
#198043=EDGE_LOOP('',(#198044,#198045,#198046,#198047));
#198044=ORIENTED_EDGE('',*,*,#198037,.T.);
#198045=ORIENTED_EDGE('',*,*,#198020,.F.);
#198046=ORIENTED_EDGE('',*,*,#198042,.T.);
#198047=ORIENTED_EDGE('',*,*,#197822,.T.);
#198048=FACE_OUTER_BOUND('',#198043,.T.);
#198049=ADVANCED_FACE('PartBody',(#198048),#198032,.F.);
#198050=CARTESIAN_POINT('Axis2P3D Location',(8988.84011263,-1652.68009808,-6.316440086259999e-11));
#198051=DIRECTION('Axis2P3D Direction',(-0.9835147105149434,0.1808281344279896,6.911138328289602e-15));
#198052=DIRECTION('Axis2P3D XDirection',(-0.1808281344279896,-0.9835147105149434,-1.774937036749898e-30));
#198053=AXIS2_PLACEMENT_3D('Plane Axis2P3D',#198050,#198051,#198052);
#198054=PLANE('',#198053);
#198055=CARTESIAN_POINT('Axis2P3D Location',(8835.806717519999,-2485.02068361,788.5549099999999));
#198056=DIRECTION('Axis2P3D Direction',(-0.9835147105149434,0.1808281344279896,6.911138328289602e-15));
#198057=AXIS2_PLACEMENT_3D('Circle Axis2P3D',#198055,#198056,$);
#198058=CIRCLE('generated circle',#198057,4.00000000001);
#198059=CARTESIAN_POINT('Vertex',(8835.08340498,-2488.95474245,788.5549099999999));
#198060=VERTEX_POINT('',#198059);
#198061=CARTESIAN_POINT('Vertex',(8835.806717519999,-2485.02068361,792.5549099999999));
#198062=VERTEX_POINT('',#198061);
#198063=EDGE_CURVE('',#198060,#198062,#198058,.T.);
#198064=CARTESIAN_POINT('Line Origine',(8835.08340498,-2488.95474245,780.32991));
#198065=DIRECTION('Vector Direction',(0,0,-1));
#198066=VECTOR('Line Direction',#198065,1.);
#198067=LINE('Line',#198064,#198066);
#198068=CARTESIAN_POINT('Vertex',(8835.08340498,-2488.95474245,772.10491));
#198069=VERTEX_POINT('',#198068);
#198070=EDGE_CURVE('',#198069,#198060,#198067,.F.);
#198071=CARTESIAN_POINT('Axis2P3D Location',(8835.806717519999,-2485.02068361,772.10491));
#198072=DIRECTION('Axis2P3D Direction',(-0.9835147105149434,0.1808281344279896,6.911138328289602e-15));
#198073=AXIS2_PLACEMENT_3D('Circle Axis2P3D',#198071,#198072,$);
#198074=CIRCLE('generated circle',#198073,4.00000000001);
#198075=CARTESIAN_POINT('Vertex',(8835.806717519999,-2485.02068361,768.10491));
#198076=VERTEX_POINT('',#198075);
#198077=EDGE_CURVE('',#198076,#198069,#198074,.T.);
#198078=CARTESIAN_POINT('Line Origine',(8837.876726500001,-2473.76201368,768.10491));
#198079=DIRECTION('Vector Direction',(-0.1808281344279896,-0.9835147105149434,0));
#198080=VECTOR('Line Direction',#198079,1.);
#198081=LINE('Line',#198078,#198080);
#198082=CARTESIAN_POINT('Vertex',(8839.946735469999,-2462.50334375,768.10491));
#198083=VERTEX_POINT('',#198082);
#198084=EDGE_CURVE('',#198083,#198076,#198081,.T.);
#198085=CARTESIAN_POINT('Axis2P3D Location',(8839.946735469999,-2462.50334375,772.10491));
#198086=DIRECTION('Axis2P3D Direction',(-0.9835147105149434,0.1808281344279896,6.911138328289602e-15));
#198087=AXIS2_PLACEMENT_3D('Circle Axis2P3D',#198085,#198086,$);
#198088=CIRCLE('generated circle',#198087,3.99999999999);
#198089=CARTESIAN_POINT('Vertex',(8840.654815280001,-2458.65213493,771.288323405));
#198090=VERTEX_POINT('',#198089);
#198091=EDGE_CURVE('',#198090,#198083,#198088,.T.);
#198092=CARTESIAN_POINT('Line Origine',(8840.96497682,-2456.96518262,779.5133234050001));
#198093=DIRECTION('Vector Direction',(0.03691545764209408,0.2007812321429679,0.9789403177958432));
#198094=VECTOR('Line Direction',#198093,1.);
#198095=LINE('Line',#198092,#198094);
#198096=CARTESIAN_POINT('Vertex',(8841.275138360001,-2455.2782303,787.738323405));
#198097=VERTEX_POINT('',#198096);
#198098=EDGE_CURVE('',#198097,#198090,#198095,.F.);
#198099=CARTESIAN_POINT('Axis2P3D Location',(8840.56705856,-2459.12943912,788.5549099999999));
#198100=DIRECTION('Axis2P3D Direction',(-0.9835147105149434,0.1808281344279896,6.911138328289602e-15));
#198101=AXIS2_PLACEMENT_3D('Circle Axis2P3D',#198099,#198100,$);
#198102=CIRCLE('generated circle',#198101,3.99999999999);
#198103=CARTESIAN_POINT('Vertex',(8840.56705856,-2459.12943912,792.5549099999999));
#198104=VERTEX_POINT('',#198103);
#198105=EDGE_CURVE('',#198104,#198097,#198102,.T.);
#198106=CARTESIAN_POINT('Line Origine',(8838.18688804,-2472.07506136,792.5549099999999));
#198107=DIRECTION('Vector Direction',(-0.1808281344279896,-0.9835147105149434,0));
#198108=VECTOR('Line Direction',#198107,1.);
#198109=LINE('Line',#198106,#198108);
#198110=EDGE_CURVE('',#198062,#198104,#198109,.F.);
#198111=EDGE_LOOP('',(#198112,#198113,#198114,#198115,#198116,#198117,#198118,#198119));
#198112=ORIENTED_EDGE('',*,*,#198063,.F.);
#198113=ORIENTED_EDGE('',*,*,#198070,.F.);
#198114=ORIENTED_EDGE('',*,*,#198077,.F.);
#198115=ORIENTED_EDGE('',*,*,#198084,.F.);
#198116=ORIENTED_EDGE('',*,*,#198091,.F.);
#198117=ORIENTED_EDGE('',*,*,#198098,.F.);
#198118=ORIENTED_EDGE('',*,*,#198105,.F.);
#198119=ORIENTED_EDGE('',*,*,#198110,.F.);
#198120=FACE_OUTER_BOUND('',#198111,.T.);
#198121=ADVANCED_FACE('PartBody',(#198120),#198054,.F.);
#198122=CARTESIAN_POINT('Axis2P3D Location',(8840.64567482,-2472.5271317,792.5549099999999));
#198123=DIRECTION('Axis2P3D Direction',(-0.1808281344279896,-0.9835147105149434,0));
#198124=DIRECTION('Axis2P3D XDirection',(0,0,1));
#198125=AXIS2_PLACEMENT_3D('Cylinder Axis2P3D',#198122,#198123,#198124);
#198126=CYLINDRICAL_SURFACE('generated cylinder',#198125,2.5);
#198127=CARTESIAN_POINT('Axis2P3D Location',(8843.025845329999,-2459.58150945,792.5549099999999));
#198128=DIRECTION('Axis2P3D Direction',(-0.1808281344279896,-0.9835147105149434,0));
#198129=AXIS2_PLACEMENT_3D('Circle Axis2P3D',#198127,#198128,$);
#198130=CIRCLE('generated circle',#198129,2.5);
#198131=EDGE_CURVE('',#198104,#197828,#198130,.F.);
#198132=CARTESIAN_POINT('Axis2P3D Location',(8838.2655043,-2485.47275394,792.5549099999999));
#198133=DIRECTION('Axis2P3D Direction',(-0.1808281344279896,-0.9835147105149434,0));
#198134=AXIS2_PLACEMENT_3D('Circle Axis2P3D',#198132,#198133,$);
#198135=CIRCLE('generated circle',#198134,2.5);
#198136=EDGE_CURVE('',#198062,#197821,#198135,.F.);
#198137=EDGE_LOOP('',(#198138,#198139,#198140,#198141));
#198138=ORIENTED_EDGE('',*,*,#198110,.T.);
#198139=ORIENTED_EDGE('',*,*,#198131,.T.);
#198140=ORIENTED_EDGE('',*,*,#197829,.F.);
#198141=ORIENTED_EDGE('',*,*,#198136,.F.);
#198142=FACE_OUTER_BOUND('',#198137,.T.);
#198143=ADVANCED_FACE('PartBody',(#198142),#198126,.F.);
#198144=CARTESIAN_POINT('Axis2P3D Location',(8843.025845329999,-2459.58150945,788.5549099999999));
#198145=DIRECTION('Axis2P3D Direction',(-0.9835147105149434,0.1808281344279896,6.910964267509602e-15));
#198146=DIRECTION('Axis2P3D XDirection',(0,6.99611309056e-14,1));
#198147=AXIS2_PLACEMENT_3D('Torus Axis2P3D',#198144,#198145,#198146);
#198148=TOROIDAL_SURFACE('homeo Torus',#198147,4.,2.5);
#198149=CARTESIAN_POINT('Axis2P3D Location',(8843.733925140001,-2455.73030064,787.738323405));
#198150=DIRECTION('Axis2P3D Direction',(0.03691545764219395,0.2007812321429671,0.9789403177958396));
#198151=AXIS2_PLACEMENT_3D('Circle Axis2P3D',#198149,#198150,$);
#198152=CIRCLE('generated circle',#198151,2.5);
#198153=EDGE_CURVE('',#198097,#197859,#198152,.F.);
#198154=EDGE_LOOP('',(#198155,#198156,#198157,#198158));
#198155=ORIENTED_EDGE('',*,*,#198105,.T.);
#198156=ORIENTED_EDGE('',*,*,#198153,.T.);
#198157=ORIENTED_EDGE('',*,*,#197860,.F.);
#198158=ORIENTED_EDGE('',*,*,#198131,.F.);
#198159=FACE_OUTER_BOUND('',#198154,.T.);
#198160=ADVANCED_FACE('PartBody',(#198159),#198148,.F.);
#198161=CARTESIAN_POINT('Axis2P3D Location',(8843.45455676,-2457.24977057,780.32991));
#198162=DIRECTION('Axis2P3D Direction',(0.03691545764219395,0.2007812321429671,0.9789403177958396));
#198163=DIRECTION('Axis2P3D XDirection',(0.1770199513830736,0.9628022032684,-0.2041466487450848));
#198164=AXIS2_PLACEMENT_3D('Cylinder Axis2P3D',#198161,#198162,#198163);
#198165=CYLINDRICAL_SURFACE('generated cylinder',#198164,2.5);
#198166=CARTESIAN_POINT('Axis2P3D Location',(8843.11360205,-2459.10420527,771.288323405));
#198167=DIRECTION('Axis2P3D Direction',(0.03691545764219395,0.2007812321429671,0.9789403177958396));
#198168=AXIS2_PLACEMENT_3D('Circle Axis2P3D',#198166,#198167,$);
#198169=CIRCLE('generated circle',#198168,2.5);
#198170=EDGE_CURVE('',#198090,#197890,#198169,.F.);
#198171=EDGE_LOOP('',(#198172,#198173,#198174,#198175));
#198172=ORIENTED_EDGE('',*,*,#198098,.T.);
#198173=ORIENTED_EDGE('',*,*,#198170,.T.);
#198174=ORIENTED_EDGE('',*,*,#197891,.F.);
#198175=ORIENTED_EDGE('',*,*,#198153,.F.);
#198176=FACE_OUTER_BOUND('',#198171,.T.);
#198177=ADVANCED_FACE('PartBody',(#198176),#198165,.F.);
#198178=CARTESIAN_POINT('Axis2P3D Location',(8842.405522249999,-2462.95541408,772.10491));
#198179=DIRECTION('Axis2P3D Direction',(-0.9835147105149434,0.1808281344279896,6.911138328289602e-15));
#198180=DIRECTION('Axis2P3D XDirection',(0.1770199513830736,0.9628022032684,-0.2041466487450848));
#198181=AXIS2_PLACEMENT_3D('Torus Axis2P3D',#198178,#198179,#198180);
#198182=TOROIDAL_SURFACE('homeo Torus',#198181,4.,2.5);
#198183=CARTESIAN_POINT('Axis2P3D Location',(8842.405522249999,-2462.95541408,768.10491));
#198184=DIRECTION('Axis2P3D Direction',(0.1808281344279896,0.9835147105149434,6.885944578569603e-14));
#198185=AXIS2_PLACEMENT_3D('Circle Axis2P3D',#198183,#198184,$);
#198186=CIRCLE('generated circle',#198185,2.5);
#198187=EDGE_CURVE('',#198083,#197921,#198186,.F.);
#198188=EDGE_LOOP('',(#198189,#198190,#198191,#198192));
#198189=ORIENTED_EDGE('',*,*,#198091,.T.);
#198190=ORIENTED_EDGE('',*,*,#198187,.T.);
#198191=ORIENTED_EDGE('',*,*,#197922,.F.);
#198192=ORIENTED_EDGE('',*,*,#198170,.F.);
#198193=FACE_OUTER_BOUND('',#198188,.T.);
#198194=ADVANCED_FACE('PartBody',(#198193),#198182,.F.);
#198195=CARTESIAN_POINT('Axis2P3D Location',(8840.64567482,-2472.5271317,768.10491));
#198196=DIRECTION('Axis2P3D Direction',(-0.1808281344279896,-0.9835147105149434,-0));
#198197=DIRECTION('Axis2P3D XDirection',(-0.9835147105149434,0.1808281344279896,1.836970198719894e-16));
#198198=AXIS2_PLACEMENT_3D('Cylinder Axis2P3D',#198195,#198196,#198197);
#198199=CYLINDRICAL_SURFACE('generated cylinder',#198198,2.5);
#198200=CARTESIAN_POINT('Axis2P3D Location',(8838.2655043,-2485.47275394,768.10491));
#198201=DIRECTION('Axis2P3D Direction',(-0.1808281344279896,-0.9835147105149434,-0));
#198202=AXIS2_PLACEMENT_3D('Circle Axis2P3D',#198200,#198201,$);
#198203=CIRCLE('generated circle',#198202,2.5);
#198204=EDGE_CURVE('',#198076,#197945,#198203,.T.);
#198205=EDGE_LOOP('',(#198206,#198207,#198208,#198209));
#198206=ORIENTED_EDGE('',*,*,#198084,.T.);
#198207=ORIENTED_EDGE('',*,*,#198204,.T.);
#198208=ORIENTED_EDGE('',*,*,#197946,.F.);
#198209=ORIENTED_EDGE('',*,*,#198187,.F.);
#198210=FACE_OUTER_BOUND('',#198205,.T.);
#198211=ADVANCED_FACE('PartBody',(#198210),#198199,.F.);
#198212=CARTESIAN_POINT('Axis2P3D Location',(8838.2655043,-2485.47275394,772.10491));
#198213=DIRECTION('Axis2P3D Direction',(-0.9835147105149434,0.1808281344279896,6.911138328289602e-15));
#198214=DIRECTION('Axis2P3D XDirection',(0,-1.39922261811e-13,-1));
#198215=AXIS2_PLACEMENT_3D('Torus Axis2P3D',#198212,#198213,#198214);
#198216=TOROIDAL_SURFACE('homeo Torus',#198215,4.,2.5);
#198217=CARTESIAN_POINT('Axis2P3D Location',(8837.54219176,-2489.40681279,772.10491));
#198218=DIRECTION('Axis2P3D Direction',(-1.31661494302e-14,-3.33906188673e-14,-1));
#198219=AXIS2_PLACEMENT_3D('Circle Axis2P3D',#198217,#198218,$);
#198220=CIRCLE('generated circle',#198219,2.5);
#198221=EDGE_CURVE('',#198069,#197983,#198220,.F.);
#198222=EDGE_LOOP('',(#198223,#198224,#198225,#198226));
#198223=ORIENTED_EDGE('',*,*,#198077,.T.);
#198224=ORIENTED_EDGE('',*,*,#198221,.T.);
#198225=ORIENTED_EDGE('',*,*,#197984,.F.);
#198226=ORIENTED_EDGE('',*,*,#198204,.F.);
#198227=FACE_OUTER_BOUND('',#198222,.T.);
#198228=ADVANCED_FACE('PartBody',(#198227),#198216,.F.);
#198229=CARTESIAN_POINT('Axis2P3D Location',(8837.54219176,-2489.40681279,780.32991));
#198230=DIRECTION('Axis2P3D Direction',(0,0,-1));
#198231=DIRECTION('Axis2P3D XDirection',(-0.1808281344279896,-0.9835147105149434,0));
#198232=AXIS2_PLACEMENT_3D('Cylinder Axis2P3D',#198229,#198230,#198231);
#198233=CYLINDRICAL_SURFACE('generated cylinder',#198232,2.5);
#198234=CARTESIAN_POINT('Axis2P3D Location',(8837.54219176,-2489.40681279,788.5549099999999));
#198235=DIRECTION('Axis2P3D Direction',(0,0,-1));
#198236=AXIS2_PLACEMENT_3D('Circle Axis2P3D',#198234,#198235,$);
#198237=CIRCLE('generated circle',#198236,2.5);
#198238=EDGE_CURVE('',#198060,#198014,#198237,.F.);
#198239=EDGE_LOOP('',(#198240,#198241,#198242,#198243));
#198240=ORIENTED_EDGE('',*,*,#198070,.T.);
#198241=ORIENTED_EDGE('',*,*,#198238,.T.);
#198242=ORIENTED_EDGE('',*,*,#198015,.F.);
#198243=ORIENTED_EDGE('',*,*,#198221,.F.);
#198244=FACE_OUTER_BOUND('',#198239,.T.);
#198245=ADVANCED_FACE('PartBody',(#198244),#198233,.F.);
#198246=CARTESIAN_POINT('Axis2P3D Location',(8838.2655043,-2485.47275394,788.5549099999999));
#198247=DIRECTION('Axis2P3D Direction',(-0.9835147105149434,0.1808281344279896,6.911138328289602e-15));
#198248=DIRECTION('Axis2P3D XDirection',(-0.1808281344279896,-0.9835147105149434,-5.247084817919698e-14));
#198249=AXIS2_PLACEMENT_3D('Torus Axis2P3D',#198246,#198247,#198248);
#198250=TOROIDAL_SURFACE('homeo Torus',#198249,4.,2.5);
#198251=EDGE_LOOP('',(#198252,#198253,#198254,#198255));
#198252=ORIENTED_EDGE('',*,*,#198063,.T.);
#198253=ORIENTED_EDGE('',*,*,#198136,.T.);
#198254=ORIENTED_EDGE('',*,*,#198042,.F.);
#198255=ORIENTED_EDGE('',*,*,#198238,.F.);
#198256=FACE_OUTER_BOUND('',#198251,.T.);
#198257=ADVANCED_FACE('PartBody',(#198256),#198250,.F.);
#198258=CARTESIAN_POINT('Axis2P3D Location',(8832.167713090001,-2484.35161951,732.65491));
#198259=DIRECTION('Axis2P3D Direction',(-6.79720621228e-15,1.24972825068e-15,-1));
#198260=DIRECTION('Axis2P3D XDirection',(0.1808281344279896,0.9835147105149434,1.774937036749898e-30));
#198261=AXIS2_PLACEMENT_3D('Plane Axis2P3D',#198258,#198259,#198260);
#198262=PLANE('',#198261);
#198263=CARTESIAN_POINT('Line Origine',(8862.18165749,-2481.72395406,732.65491));
#198264=DIRECTION('Vector Direction',(0.1808281344279896,0.9835147105149434,0));
#198265=VECTOR('Line Direction',#198264,1.);
#198266=LINE('Line',#198263,#198265);
#198267=CARTESIAN_POINT('Vertex',(8860.73291434,-2489.60359185,732.65491));
#198268=VERTEX_POINT('',#198267);
#198269=CARTESIAN_POINT('Vertex',(8863.63040065,-2473.84431627,732.65491));
#198270=VERTEX_POINT('',#198269);
#198271=EDGE_CURVE('',#198268,#198270,#198266,.T.);
#198272=CARTESIAN_POINT('Line Origine',(8852.39669562,-2471.77889732,732.65491));
#198273=DIRECTION('Vector Direction',(0.9835147105149434,-0.1808281344279896,-9.953321460479427e-15));
#198274=VECTOR('Line Direction',#198273,1.);
#198275=LINE('Line',#198272,#198274);
#198276=CARTESIAN_POINT('Vertex',(8841.1629906,-2469.71347837,732.65491));
#198277=VERTEX_POINT('',#198276);
#198278=EDGE_CURVE('',#198277,#198270,#198275,.T.);
#198279=CARTESIAN_POINT('Line Origine',(8839.71424745,-2477.59311616,732.65491));
#198280=DIRECTION('Vector Direction',(0.1808281344279896,0.9835147105149434,0));
#198281=VECTOR('Line Direction',#198280,1.);
#198282=LINE('Line',#198279,#198281);
#198283=CARTESIAN_POINT('Vertex',(8838.2655043,-2485.47275394,732.65491));
#198284=VERTEX_POINT('',#198283);
#198285=EDGE_CURVE('',#198277,#198284,#198282,.F.);
#198286=CARTESIAN_POINT('Line Origine',(8849.49920932,-2487.5381729,732.65491));
#198287=DIRECTION('Vector Direction',(0.9835147105149434,-0.1808281344279896,-9.953321460479427e-15));
#198288=VECTOR('Line Direction',#198287,1.);
#198289=LINE('Line',#198286,#198288);
#198290=EDGE_CURVE('',#198284,#198268,#198289,.T.);
#198291=EDGE_LOOP('',(#198292,#198293,#198294,#198295));
#198292=ORIENTED_EDGE('',*,*,#198271,.T.);
#198293=ORIENTED_EDGE('',*,*,#198278,.F.);
#198294=ORIENTED_EDGE('',*,*,#198285,.T.);
#198295=ORIENTED_EDGE('',*,*,#198290,.T.);
#198296=FACE_OUTER_BOUND('',#198291,.T.);
#198297=ADVANCED_FACE('PartBody',(#198296),#198262,.F.);
#198298=CARTESIAN_POINT('Axis2P3D Location',(8873.327803730001,-2491.91927694,739.15491));
#198299=DIRECTION('Axis2P3D Direction',(-0.9835147105149434,0.1808281344279896,6.911138328289602e-15));
#198300=DIRECTION('Axis2P3D XDirection',(-6.76398862288e-15,1.430396972e-15,-1));
#198301=AXIS2_PLACEMENT_3D('Cylinder Axis2P3D',#198298,#198299,#198300);
#198302=CYLINDRICAL_SURFACE('generated cylinder',#198301,6.5);
#198303=CARTESIAN_POINT('Axis2P3D Location',(8860.73291434,-2489.60359185,739.15491));
#198304=DIRECTION('Axis2P3D Direction',(-0.9835147105149434,0.1808281344279896,6.911138328289602e-15));
#198305=AXIS2_PLACEMENT_3D('Circle Axis2P3D',#198303,#198304,$);
#198306=CIRCLE('generated circle',#198305,6.5);
#198307=CARTESIAN_POINT('Vertex',(8859.55753147,-2495.99643747,739.15491));
#198308=VERTEX_POINT('',#198307);
#198309=EDGE_CURVE('',#198308,#198268,#198306,.F.);
#198310=CARTESIAN_POINT('Axis2P3D Location',(8838.2655043,-2485.47275394,739.15491));
#198311=DIRECTION('Axis2P3D Direction',(-0.9835147105149434,0.1808281344279896,6.911138328289602e-15));
#198312=AXIS2_PLACEMENT_3D('Circle Axis2P3D',#198310,#198311,$);
#198313=CIRCLE('generated circle',#198312,6.5);
#198314=CARTESIAN_POINT('Vertex',(8837.09012142,-2491.86559956,739.15491));
#198315=VERTEX_POINT('',#198314);
#198316=EDGE_CURVE('',#198284,#198315,#198313,.T.);
#198317=CARTESIAN_POINT('Line Origine',(8872.15242085,-2498.31212255,739.15491));
#198318=DIRECTION('Vector Direction',(-0.9835147105149434,0.1808281344279896,5.959991492609657e-15));
#198319=VECTOR('Line Direction',#198318,1.);
#198320=LINE('Line',#198317,#198319);
#198321=EDGE_CURVE('',#198315,#198308,#198320,.F.);
#198322=EDGE_LOOP('',(#198323,#198324,#198325,#198326));
#198323=ORIENTED_EDGE('',*,*,#198309,.T.);
#198324=ORIENTED_EDGE('',*,*,#198290,.F.);
#198325=ORIENTED_EDGE('',*,*,#198316,.T.);
#198326=ORIENTED_EDGE('',*,*,#198321,.T.);
#198327=FACE_OUTER_BOUND('',#198322,.T.);
#198328=ADVANCED_FACE('PartBody',(#198327),#198302,.F.);
#198329=CARTESIAN_POINT('Line Origine',(8859.55753147,-2495.99643747,747.37991));
#198330=DIRECTION('Vector Direction',(0,0,-1));
#198331=VECTOR('Line Direction',#198330,1.);
#198332=LINE('Line',#198329,#198331);
#198333=CARTESIAN_POINT('Vertex',(8859.55753147,-2495.99643747,755.60491));
#198334=VERTEX_POINT('',#198333);
#198335=EDGE_CURVE('',#198334,#198308,#198332,.T.);
#198336=CARTESIAN_POINT('Line Origine',(8837.09012142,-2491.86559956,747.37991));
#198337=DIRECTION('Vector Direction',(0,0,-1));
#198338=VECTOR('Line Direction',#198337,1.);
#198339=LINE('Line',#198336,#198338);
#198340=CARTESIAN_POINT('Vertex',(8837.09012142,-2491.86559956,755.60491));
#198341=VERTEX_POINT('',#198340);
#198342=EDGE_CURVE('',#198315,#198341,#198339,.F.);
#198343=CARTESIAN_POINT('Line Origine',(8848.32382645,-2493.93101851,755.60491));
#198344=DIRECTION('Vector Direction',(0.9835147105149434,-0.1808281344279896,-9.953321460479427e-15));
#198345=VECTOR('Line Direction',#198344,1.);
#198346=LINE('Line',#198343,#198345);
#198347=EDGE_CURVE('',#198341,#198334,#198346,.T.);
#198348=EDGE_LOOP('',(#198349,#198350,#198351,#198352));
#198349=ORIENTED_EDGE('',*,*,#198335,.T.);
#198350=ORIENTED_EDGE('',*,*,#198321,.F.);
#198351=ORIENTED_EDGE('',*,*,#198342,.T.);
#198352=ORIENTED_EDGE('',*,*,#198347,.T.);
#198353=FACE_OUTER_BOUND('',#198348,.T.);
#198354=ADVANCED_FACE('PartBody',(#198353),#198001,.F.);
#198355=CARTESIAN_POINT('Axis2P3D Location',(8873.327803730001,-2491.91927694,755.60491));
#198356=DIRECTION('Axis2P3D Direction',(-0.9835147105149434,0.1808281344279896,6.911138328289602e-15));
#198357=DIRECTION('Axis2P3D XDirection',(-0.1808281344279896,-0.9835147105149434,-6.419377557819632e-14));
#198358=AXIS2_PLACEMENT_3D('Cylinder Axis2P3D',#198355,#198356,#198357);
#198359=CYLINDRICAL_SURFACE('generated cylinder',#198358,6.5);
#198360=CARTESIAN_POINT('Axis2P3D Location',(8860.73291434,-2489.60359185,755.60491));
#198361=DIRECTION('Axis2P3D Direction',(-0.9835147105149434,0.1808281344279896,6.911138328289602e-15));
#198362=AXIS2_PLACEMENT_3D('Circle Axis2P3D',#198360,#198361,$);
#198363=CIRCLE('generated circle',#198362,6.5);
#198364=CARTESIAN_POINT('Vertex',(8860.73291434,-2489.60359185,762.10491));
#198365=VERTEX_POINT('',#198364);
#198366=EDGE_CURVE('',#198365,#198334,#198363,.F.);
#198367=CARTESIAN_POINT('Axis2P3D Location',(8838.2655043,-2485.47275394,755.60491));
#198368=DIRECTION('Axis2P3D Direction',(-0.9835147105149434,0.1808281344279896,6.911138328289602e-15));
#198369=AXIS2_PLACEMENT_3D('Circle Axis2P3D',#198367,#198368,$);
#198370=CIRCLE('generated circle',#198369,6.5);
#198371=CARTESIAN_POINT('Vertex',(8838.2655043,-2485.47275394,762.10491));
#198372=VERTEX_POINT('',#198371);
#198373=EDGE_CURVE('',#198341,#198372,#198370,.T.);
#198374=CARTESIAN_POINT('Line Origine',(8873.327803730001,-2491.91927694,762.10491));
#198375=DIRECTION('Vector Direction',(-0.9835147105149434,0.1808281344279896,5.959991492609657e-15));
#198376=VECTOR('Line Direction',#198375,1.);
#198377=LINE('Line',#198374,#198376);
#198378=EDGE_CURVE('',#198372,#198365,#198377,.F.);
#198379=EDGE_LOOP('',(#198380,#198381,#198382,#198383));
#198380=ORIENTED_EDGE('',*,*,#198366,.T.);
#198381=ORIENTED_EDGE('',*,*,#198347,.F.);
#198382=ORIENTED_EDGE('',*,*,#198373,.T.);
#198383=ORIENTED_EDGE('',*,*,#198378,.T.);
#198384=FACE_OUTER_BOUND('',#198379,.T.);
#198385=ADVANCED_FACE('PartBody',(#198384),#198359,.F.);
#198386=CARTESIAN_POINT('Axis2P3D Location',(8835.68552248,-2465.21843931,762.10491));
#198387=DIRECTION('Axis2P3D Direction',(6.79720621228e-15,-1.24972825068e-15,1));
#198388=DIRECTION('Axis2P3D XDirection',(-0.1808281344279896,-0.9835147105149434,-1.774937036749898e-30));
#198389=AXIS2_PLACEMENT_3D('Plane Axis2P3D',#198386,#198387,#198388);
#198390=PLANE('',#198389);
#198391=CARTESIAN_POINT('Line Origine',(8862.49181904,-2480.03700174,762.10491));
#198392=DIRECTION('Vector Direction',(-0.1808281344279896,-0.9835147105149434,0));
#198393=VECTOR('Line Direction',#198392,1.);
#198394=LINE('Line',#198391,#198393);
#198395=CARTESIAN_POINT('Vertex',(8864.25072373,-2470.47041164,762.10491));
#198396=VERTEX_POINT('',#198395);
#198397=EDGE_CURVE('',#198396,#198365,#198394,.T.);
#198398=CARTESIAN_POINT('Line Origine',(8840.024408990001,-2475.90616384,762.10491));
#198399=DIRECTION('Vector Direction',(-0.1808281344279896,-0.9835147105149434,0));
#198400=VECTOR('Line Direction',#198399,1.);
#198401=LINE('Line',#198398,#198400);
#198402=CARTESIAN_POINT('Vertex',(8841.78331368,-2466.33957374,762.10491));
#198403=VERTEX_POINT('',#198402);
#198404=EDGE_CURVE('',#198372,#198403,#198401,.F.);
#198405=CARTESIAN_POINT('Line Origine',(8853.017018709999,-2468.40499269,762.10491));
#198406=DIRECTION('Vector Direction',(0.9835147105149434,-0.1808281344279896,-9.953321460479427e-15));
#198407=VECTOR('Line Direction',#198406,1.);
#198408=LINE('Line',#198405,#198407);
#198409=EDGE_CURVE('',#198403,#198396,#198408,.T.);
#198410=EDGE_LOOP('',(#198411,#198412,#198413,#198414));
#198411=ORIENTED_EDGE('',*,*,#198397,.T.);
#198412=ORIENTED_EDGE('',*,*,#198378,.F.);
#198413=ORIENTED_EDGE('',*,*,#198404,.T.);
#198414=ORIENTED_EDGE('',*,*,#198409,.T.);
#198415=FACE_OUTER_BOUND('',#198410,.T.);
#198416=ADVANCED_FACE('PartBody',(#198415),#198390,.F.);
#198417=CARTESIAN_POINT('Axis2P3D Location',(8876.845613109999,-2472.78609673,755.60491));
#198418=DIRECTION('Axis2P3D Direction',(-0.9835147105149434,0.1808281344279896,6.911138328289602e-15));
#198419=DIRECTION('Axis2P3D XDirection',(6.82628559415e-15,-1.09156702245e-15,1));
#198420=AXIS2_PLACEMENT_3D('Cylinder Axis2P3D',#198417,#198418,#198419);
#198421=CYLINDRICAL_SURFACE('generated cylinder',#198420,6.5);
#198422=CARTESIAN_POINT('Axis2P3D Location',(8864.25072373,-2470.47041164,755.60491));
#198423=DIRECTION('Axis2P3D Direction',(-0.9835147105149434,0.1808281344279896,6.911138328289602e-15));
#198424=AXIS2_PLACEMENT_3D('Circle Axis2P3D',#198422,#198423,$);
#198425=CIRCLE('generated circle',#198424,6.5);
#198426=CARTESIAN_POINT('Vertex',(8865.40135341,-2464.21219732,754.277956783));
#198427=VERTEX_POINT('',#198426);
#198428=EDGE_CURVE('',#198427,#198396,#198425,.F.);
#198429=CARTESIAN_POINT('Axis2P3D Location',(8841.78331368,-2466.33957374,755.60491));
#198430=DIRECTION('Axis2P3D Direction',(-0.9835147105149434,0.1808281344279896,6.911138328289602e-15));
#198431=AXIS2_PLACEMENT_3D('Circle Axis2P3D',#198429,#198430,$);
#198432=CIRCLE('generated circle',#198431,6.5);
#198433=CARTESIAN_POINT('Vertex',(8842.933943370001,-2460.08135942,754.277956783));
#198434=VERTEX_POINT('',#198433);
#198435=EDGE_CURVE('',#198403,#198434,#198432,.T.);
#198436=CARTESIAN_POINT('Line Origine',(8877.9962428,-2466.52788241,754.277956783));
#198437=DIRECTION('Vector Direction',(-0.9835147105149434,0.1808281344279896,5.959991492609657e-15));
#198438=VECTOR('Line Direction',#198437,1.);
#198439=LINE('Line',#198436,#198438);
#198440=EDGE_CURVE('',#198434,#198427,#198439,.F.);
#198441=EDGE_LOOP('',(#198442,#198443,#198444,#198445));
#198442=ORIENTED_EDGE('',*,*,#198428,.T.);
#198443=ORIENTED_EDGE('',*,*,#198409,.F.);
#198444=ORIENTED_EDGE('',*,*,#198435,.T.);
#198445=ORIENTED_EDGE('',*,*,#198440,.T.);
#198446=FACE_OUTER_BOUND('',#198441,.T.);
#198447=ADVANCED_FACE('PartBody',(#198446),#198421,.F.);
#198448=CARTESIAN_POINT('Line Origine',(8865.09119187,-2465.89914963,746.052956783));
#198449=DIRECTION('Vector Direction',(0.03691545764229381,0.2007812321429664,0.9789403177958361));
#198450=VECTOR('Line Direction',#198449,1.);
#198451=LINE('Line',#198448,#198450);
#198452=CARTESIAN_POINT('Vertex',(8864.781030329999,-2467.58610195,737.827956783));
#198453=VERTEX_POINT('',#198452);
#198454=EDGE_CURVE('',#198453,#198427,#198451,.T.);
#198455=CARTESIAN_POINT('Line Origine',(8842.623781820001,-2461.76831173,746.052956783));
#198456=DIRECTION('Vector Direction',(0.03691545764229381,0.2007812321429664,0.9789403177958361));
#198457=VECTOR('Line Direction',#198456,1.);
#198458=LINE('Line',#198455,#198457);
#198459=CARTESIAN_POINT('Vertex',(8842.31362028,-2463.45526405,737.827956783));
#198460=VERTEX_POINT('',#198459);
#198461=EDGE_CURVE('',#198434,#198460,#198458,.F.);
#198462=CARTESIAN_POINT('Line Origine',(8853.547325310001,-2465.520683,737.827956783));
#198463=DIRECTION('Vector Direction',(0.9835147105149434,-0.1808281344279896,-9.953321460479427e-15));
#198464=VECTOR('Line Direction',#198463,1.);
#198465=LINE('Line',#198462,#198464);
#198466=EDGE_CURVE('',#198460,#198453,#198465,.T.);
#198467=EDGE_LOOP('',(#198468,#198469,#198470,#198471));
#198468=ORIENTED_EDGE('',*,*,#198454,.T.);
#198469=ORIENTED_EDGE('',*,*,#198440,.F.);
#198470=ORIENTED_EDGE('',*,*,#198461,.T.);
#198471=ORIENTED_EDGE('',*,*,#198466,.T.);
#198472=FACE_OUTER_BOUND('',#198467,.T.);
#198473=ADVANCED_FACE('PartBody',(#198472),#197877,.F.);
#198474=CARTESIAN_POINT('Axis2P3D Location',(8876.225290030001,-2476.16000136,739.15491));
#198475=DIRECTION('Axis2P3D Direction',(-0.9835147105149434,0.1808281344279896,6.911138328289602e-15));
#198476=DIRECTION('Axis2P3D XDirection',(0.1770199513830736,0.9628022032684,-0.2041466487450848));
#198477=AXIS2_PLACEMENT_3D('Cylinder Axis2P3D',#198474,#198475,#198476);
#198478=CYLINDRICAL_SURFACE('generated cylinder',#198477,6.5);
#198479=CARTESIAN_POINT('Axis2P3D Location',(8863.63040065,-2473.84431627,739.15491));
#198480=DIRECTION('Axis2P3D Direction',(-0.9835147105149434,0.1808281344279896,6.911138328289602e-15));
#198481=AXIS2_PLACEMENT_3D('Circle Axis2P3D',#198479,#198480,$);
#198482=CIRCLE('generated circle',#198481,6.5);
#198483=EDGE_CURVE('',#198270,#198453,#198482,.F.);
#198484=CARTESIAN_POINT('Axis2P3D Location',(8841.1629906,-2469.71347837,739.15491));
#198485=DIRECTION('Axis2P3D Direction',(-0.9835147105149434,0.1808281344279896,6.911138328289602e-15));
#198486=AXIS2_PLACEMENT_3D('Circle Axis2P3D',#198484,#198485,$);
#198487=CIRCLE('generated circle',#198486,6.5);
#198488=EDGE_CURVE('',#198460,#198277,#198487,.T.);
#198489=EDGE_LOOP('',(#198490,#198491,#198492,#198493));
#198490=ORIENTED_EDGE('',*,*,#198483,.T.);
#198491=ORIENTED_EDGE('',*,*,#198466,.F.);
#198492=ORIENTED_EDGE('',*,*,#198488,.T.);
#198493=ORIENTED_EDGE('',*,*,#198278,.T.);
#198494=FACE_OUTER_BOUND('',#198489,.T.);
#198495=ADVANCED_FACE('PartBody',(#198494),#198478,.F.);
#198496=CARTESIAN_POINT('Axis2P3D Location',(8835.806717519999,-2485.02068361,755.60491));
#198497=DIRECTION('Axis2P3D Direction',(-0.9835147105149434,0.1808281344279896,6.911138328289602e-15));
#198498=AXIS2_PLACEMENT_3D('Circle Axis2P3D',#198496,#198497,$);
#198499=CIRCLE('generated circle',#198498,3.99999999999);
#198500=CARTESIAN_POINT('Vertex',(8835.08340498,-2488.95474245,755.60491));
#198501=VERTEX_POINT('',#198500);
#198502=CARTESIAN_POINT('Vertex',(8835.806717519999,-2485.02068361,759.60491));
#198503=VERTEX_POINT('',#198502);
#198504=EDGE_CURVE('',#198501,#198503,#198499,.T.);
#198505=CARTESIAN_POINT('Line Origine',(8835.08340498,-2488.95474245,747.37991));
#198506=DIRECTION('Vector Direction',(0,0,-1));
#198507=VECTOR('Line Direction',#198506,1.);
#198508=LINE('Line',#198505,#198507);
#198509=CARTESIAN_POINT('Vertex',(8835.08340498,-2488.95474245,739.15491));
#198510=VERTEX_POINT('',#198509);
#198511=EDGE_CURVE('',#198510,#198501,#198508,.F.);
#198512=CARTESIAN_POINT('Axis2P3D Location',(8835.806717519999,-2485.02068361,739.15491));
#198513=DIRECTION('Axis2P3D Direction',(-0.9835147105149434,0.1808281344279896,6.911138328289602e-15));
#198514=AXIS2_PLACEMENT_3D('Circle Axis2P3D',#198512,#198513,$);
#198515=CIRCLE('generated circle',#198514,4.00000000001);
#198516=CARTESIAN_POINT('Vertex',(8835.806717519999,-2485.02068361,735.15491));
#198517=VERTEX_POINT('',#198516);
#198518=EDGE_CURVE('',#198517,#198510,#198515,.T.);
#198519=CARTESIAN_POINT('Line Origine',(8837.25546067,-2477.14104582,735.15491));
#198520=DIRECTION('Vector Direction',(0.1808281344279896,0.9835147105149434,0));
#198521=VECTOR('Line Direction',#198520,1.);
#198522=LINE('Line',#198519,#198521);
#198523=CARTESIAN_POINT('Vertex',(8838.70420382,-2469.26140803,735.15491));
#198524=VERTEX_POINT('',#198523);
#198525=EDGE_CURVE('',#198524,#198517,#198522,.F.);
#198526=CARTESIAN_POINT('Axis2P3D Location',(8838.70420382,-2469.26140803,739.15491));
#198527=DIRECTION('Axis2P3D Direction',(-0.9835147105149434,0.1808281344279896,6.911138328289602e-15));
#198528=AXIS2_PLACEMENT_3D('Circle Axis2P3D',#198526,#198527,$);
#198529=CIRCLE('generated circle',#198528,4.);
#198530=CARTESIAN_POINT('Vertex',(8839.412283629999,-2465.41019922,738.338323405));
#198531=VERTEX_POINT('',#198530);
#198532=EDGE_CURVE('',#198531,#198524,#198529,.T.);
#198533=CARTESIAN_POINT('Line Origine',(8839.72244517,-2463.7232469,746.563323405));
#198534=DIRECTION('Vector Direction',(0.03691545764219395,0.2007812321429671,0.9789403177958396));
#198535=VECTOR('Line Direction',#198534,1.);
#198536=LINE('Line',#198533,#198535);
#198537=CARTESIAN_POINT('Vertex',(8840.03260671,-2462.03629459,754.788323405));
#198538=VERTEX_POINT('',#198537);
#198539=EDGE_CURVE('',#198538,#198531,#198536,.F.);
#198540=CARTESIAN_POINT('Axis2P3D Location',(8839.324526910001,-2465.8875034,755.60491));
#198541=DIRECTION('Axis2P3D Direction',(-0.9835147105149434,0.1808281344279896,6.911138328289602e-15));
#198542=AXIS2_PLACEMENT_3D('Circle Axis2P3D',#198540,#198541,$);
#198543=CIRCLE('generated circle',#198542,4.);
#198544=CARTESIAN_POINT('Vertex',(8839.324526910001,-2465.8875034,759.60491));
#198545=VERTEX_POINT('',#198544);
#198546=EDGE_CURVE('',#198545,#198538,#198543,.T.);
#198547=CARTESIAN_POINT('Line Origine',(8837.565622210001,-2475.45409351,759.60491));
#198548=DIRECTION('Vector Direction',(-0.1808281344279896,-0.9835147105149434,0));
#198549=VECTOR('Line Direction',#198548,1.);
#198550=LINE('Line',#198547,#198549);
#198551=EDGE_CURVE('',#198503,#198545,#198550,.F.);
#198552=EDGE_LOOP('',(#198553,#198554,#198555,#198556,#198557,#198558,#198559,#198560));
#198553=ORIENTED_EDGE('',*,*,#198504,.F.);
#198554=ORIENTED_EDGE('',*,*,#198511,.F.);
#198555=ORIENTED_EDGE('',*,*,#198518,.F.);
#198556=ORIENTED_EDGE('',*,*,#198525,.F.);
#198557=ORIENTED_EDGE('',*,*,#198532,.F.);
#198558=ORIENTED_EDGE('',*,*,#198539,.F.);
#198559=ORIENTED_EDGE('',*,*,#198546,.F.);
#198560=ORIENTED_EDGE('',*,*,#198551,.F.);
#198561=FACE_OUTER_BOUND('',#198552,.T.);
#198562=ADVANCED_FACE('PartBody',(#198561),#198054,.F.);
#198563=CARTESIAN_POINT('Axis2P3D Location',(8840.024408990001,-2475.90616384,759.60491));
#198564=DIRECTION('Axis2P3D Direction',(-0.1808281344279896,-0.9835147105149434,0));
#198565=DIRECTION('Axis2P3D XDirection',(0,0,1));
#198566=AXIS2_PLACEMENT_3D('Cylinder Axis2P3D',#198563,#198564,#198565);
#198567=CYLINDRICAL_SURFACE('generated cylinder',#198566,2.5);
#198568=CARTESIAN_POINT('Axis2P3D Location',(8841.78331368,-2466.33957374,759.60491));
#198569=DIRECTION('Axis2P3D Direction',(-0.1808281344279896,-0.9835147105149434,0));
#198570=AXIS2_PLACEMENT_3D('Circle Axis2P3D',#198568,#198569,$);
#198571=CIRCLE('generated circle',#198570,2.5);
#198572=EDGE_CURVE('',#198545,#198403,#198571,.F.);
#198573=CARTESIAN_POINT('Axis2P3D Location',(8838.2655043,-2485.47275394,759.60491));
#198574=DIRECTION('Axis2P3D Direction',(-0.1808281344279896,-0.9835147105149434,0));
#198575=AXIS2_PLACEMENT_3D('Circle Axis2P3D',#198573,#198574,$);
#198576=CIRCLE('generated circle',#198575,2.5);
#198577=EDGE_CURVE('',#198503,#198372,#198576,.F.);
#198578=EDGE_LOOP('',(#198579,#198580,#198581,#198582));
#198579=ORIENTED_EDGE('',*,*,#198551,.T.);
#198580=ORIENTED_EDGE('',*,*,#198572,.T.);
#198581=ORIENTED_EDGE('',*,*,#198404,.F.);
#198582=ORIENTED_EDGE('',*,*,#198577,.F.);
#198583=FACE_OUTER_BOUND('',#198578,.T.);
#198584=ADVANCED_FACE('PartBody',(#198583),#198567,.F.);
#198585=CARTESIAN_POINT('Axis2P3D Location',(8841.78331368,-2466.33957374,755.60491));
#198586=DIRECTION('Axis2P3D Direction',(-0.9835147105149434,0.1808281344279896,6.903876099029603e-15));
#198587=DIRECTION('Axis2P3D XDirection',(0,0,1));
#198588=AXIS2_PLACEMENT_3D('Torus Axis2P3D',#198585,#198586,#198587);
#198589=TOROIDAL_SURFACE('homeo Torus',#198588,4.,2.5);
#198590=CARTESIAN_POINT('Axis2P3D Location',(8842.49139349,-2462.48836493,754.788323405));
#198591=DIRECTION('Axis2P3D Direction',(0.03691545764219395,0.2007812321429671,0.9789403177958396));
#198592=AXIS2_PLACEMENT_3D('Circle Axis2P3D',#198590,#198591,$);
#198593=CIRCLE('generated circle',#198592,2.5);
#198594=EDGE_CURVE('',#198538,#198434,#198593,.F.);
#198595=EDGE_LOOP('',(#198596,#198597,#198598,#198599));
#198596=ORIENTED_EDGE('',*,*,#198546,.T.);
#198597=ORIENTED_EDGE('',*,*,#198594,.T.);
#198598=ORIENTED_EDGE('',*,*,#198435,.F.);
#198599=ORIENTED_EDGE('',*,*,#198572,.F.);
#198600=FACE_OUTER_BOUND('',#198595,.T.);
#198601=ADVANCED_FACE('PartBody',(#198600),#198589,.F.);
#198602=CARTESIAN_POINT('Axis2P3D Location',(8842.21202511,-2464.00783485,747.37991));
#198603=DIRECTION('Axis2P3D Direction',(0.03691545764219395,0.2007812321429671,0.9789403177958396));
#198604=DIRECTION('Axis2P3D XDirection',(0.1770199513830736,0.9628022032684,-0.2041466487450848));
#198605=AXIS2_PLACEMENT_3D('Cylinder Axis2P3D',#198602,#198603,#198604);
#198606=CYLINDRICAL_SURFACE('generated cylinder',#198605,2.5);
#198607=CARTESIAN_POINT('Axis2P3D Location',(8841.8710704,-2465.86226955,738.338323405));
#198608=DIRECTION('Axis2P3D Direction',(0.03691545764219395,0.2007812321429671,0.9789403177958396));
#198609=AXIS2_PLACEMENT_3D('Circle Axis2P3D',#198607,#198608,$);
#198610=CIRCLE('generated circle',#198609,2.5);
#198611=EDGE_CURVE('',#198531,#198460,#198610,.F.);
#198612=EDGE_LOOP('',(#198613,#198614,#198615,#198616));
#198613=ORIENTED_EDGE('',*,*,#198539,.T.);
#198614=ORIENTED_EDGE('',*,*,#198611,.T.);
#198615=ORIENTED_EDGE('',*,*,#198461,.F.);
#198616=ORIENTED_EDGE('',*,*,#198594,.F.);
#198617=FACE_OUTER_BOUND('',#198612,.T.);
#198618=ADVANCED_FACE('PartBody',(#198617),#198606,.F.);
#198619=CARTESIAN_POINT('Axis2P3D Location',(8841.1629906,-2469.71347837,739.15491));
#198620=DIRECTION('Axis2P3D Direction',(-0.9835147105149434,0.1808281344279896,6.897260540479603e-15));
#198621=DIRECTION('Axis2P3D XDirection',(0.1770199513830736,0.9628022032684,-0.2041466487450848));
#198622=AXIS2_PLACEMENT_3D('Torus Axis2P3D',#198619,#198620,#198621);
#198623=TOROIDAL_SURFACE('homeo Torus',#198622,4.,2.5);
#198624=CARTESIAN_POINT('Axis2P3D Location',(8841.1629906,-2469.71347837,735.15491));
#198625=DIRECTION('Axis2P3D Direction',(0.1808281344279896,0.9835147105149434,6.885944578569603e-14));
#198626=AXIS2_PLACEMENT_3D('Circle Axis2P3D',#198624,#198625,$);
#198627=CIRCLE('generated circle',#198626,2.5);
#198628=EDGE_CURVE('',#198524,#198277,#198627,.F.);
#198629=EDGE_LOOP('',(#198630,#198631,#198632,#198633));
#198630=ORIENTED_EDGE('',*,*,#198532,.T.);
#198631=ORIENTED_EDGE('',*,*,#198628,.T.);
#198632=ORIENTED_EDGE('',*,*,#198488,.F.);
#198633=ORIENTED_EDGE('',*,*,#198611,.F.);
#198634=FACE_OUTER_BOUND('',#198629,.T.);
#198635=ADVANCED_FACE('PartBody',(#198634),#198623,.F.);
#198636=CARTESIAN_POINT('Axis2P3D Location',(8840.024408990001,-2475.90616384,735.15491));
#198637=DIRECTION('Axis2P3D Direction',(0.1808281344279896,0.9835147105149434,0));
#198638=DIRECTION('Axis2P3D XDirection',(0,0,-1));
#198639=AXIS2_PLACEMENT_3D('Cylinder Axis2P3D',#198636,#198637,#198638);
#198640=CYLINDRICAL_SURFACE('generated cylinder',#198639,2.5);
#198641=CARTESIAN_POINT('Axis2P3D Location',(8838.2655043,-2485.47275394,735.15491));
#198642=DIRECTION('Axis2P3D Direction',(0.1808281344279896,0.9835147105149434,0));
#198643=AXIS2_PLACEMENT_3D('Circle Axis2P3D',#198641,#198642,$);
#198644=CIRCLE('generated circle',#198643,2.5);
#198645=EDGE_CURVE('',#198517,#198284,#198644,.F.);
#198646=EDGE_LOOP('',(#198647,#198648,#198649,#198650));
#198647=ORIENTED_EDGE('',*,*,#198525,.T.);
#198648=ORIENTED_EDGE('',*,*,#198645,.T.);
#198649=ORIENTED_EDGE('',*,*,#198285,.F.);
#198650=ORIENTED_EDGE('',*,*,#198628,.F.);
#198651=FACE_OUTER_BOUND('',#198646,.T.);
#198652=ADVANCED_FACE('PartBody',(#198651),#198640,.F.);
#198653=CARTESIAN_POINT('Axis2P3D Location',(8838.2655043,-2485.47275394,739.15491));
#198654=DIRECTION('Axis2P3D Direction',(-0.9835147105149434,0.1808281344279896,6.911138328289602e-15));
#198655=DIRECTION('Axis2P3D XDirection',(0,-1.39922261811e-13,-1));
#198656=AXIS2_PLACEMENT_3D('Torus Axis2P3D',#198653,#198654,#198655);
#198657=TOROIDAL_SURFACE('homeo Torus',#198656,4.,2.5);
#198658=CARTESIAN_POINT('Axis2P3D Location',(8837.54219176,-2489.40681279,739.15491));
#198659=DIRECTION('Axis2P3D Direction',(-1.31661494302e-14,-3.33906188673e-14,-1));
#198660=AXIS2_PLACEMENT_3D('Circle Axis2P3D',#198658,#198659,$);
#198661=CIRCLE('generated circle',#198660,2.5);
#198662=EDGE_CURVE('',#198510,#198315,#198661,.F.);
#198663=EDGE_LOOP('',(#198664,#198665,#198666,#198667));
#198664=ORIENTED_EDGE('',*,*,#198518,.T.);
#198665=ORIENTED_EDGE('',*,*,#198662,.T.);
#198666=ORIENTED_EDGE('',*,*,#198316,.F.);
#198667=ORIENTED_EDGE('',*,*,#198645,.F.);
#198668=FACE_OUTER_BOUND('',#198663,.T.);
#198669=ADVANCED_FACE('PartBody',(#198668),#198657,.F.);
#198670=CARTESIAN_POINT('Axis2P3D Location',(8837.54219176,-2489.40681279,747.37991));
#198671=DIRECTION('Axis2P3D Direction',(0,0,-1));
#198672=DIRECTION('Axis2P3D XDirection',(-0.1808281344279896,-0.9835147105149434,0));
#198673=AXIS2_PLACEMENT_3D('Cylinder Axis2P3D',#198670,#198671,#198672);
#198674=CYLINDRICAL_SURFACE('generated cylinder',#198673,2.5);
#198675=CARTESIAN_POINT('Axis2P3D Location',(8837.54219176,-2489.40681279,755.60491));
#198676=DIRECTION('Axis2P3D Direction',(0,0,-1));
#198677=AXIS2_PLACEMENT_3D('Circle Axis2P3D',#198675,#198676,$);
#198678=CIRCLE('generated circle',#198677,2.5);
#198679=EDGE_CURVE('',#198501,#198341,#198678,.F.);
#198680=EDGE_LOOP('',(#198681,#198682,#198683,#198684));
#198681=ORIENTED_EDGE('',*,*,#198511,.T.);
#198682=ORIENTED_EDGE('',*,*,#198679,.T.);
#198683=ORIENTED_EDGE('',*,*,#198342,.F.);
#198684=ORIENTED_EDGE('',*,*,#198662,.F.);
#198685=FACE_OUTER_BOUND('',#198680,.T.);
#198686=ADVANCED_FACE('PartBody',(#198685),#198674,.F.);
#198687=CARTESIAN_POINT('Axis2P3D Location',(8838.2655043,-2485.47275394,755.60491));
#198688=DIRECTION('Axis2P3D Direction',(-0.9835147105149434,0.1808281344279896,6.911138328289602e-15));
#198689=DIRECTION('Axis2P3D XDirection',(-0.1808281344279896,-0.9835147105149434,-5.247084817919698e-14));
#198690=AXIS2_PLACEMENT_3D('Torus Axis2P3D',#198687,#198688,#198689);
#198691=TOROIDAL_SURFACE('homeo Torus',#198690,4.,2.5);
#198692=EDGE_LOOP('',(#198693,#198694,#198695,#198696));
#198693=ORIENTED_EDGE('',*,*,#198504,.T.);
#198694=ORIENTED_EDGE('',*,*,#198577,.T.);
#198695=ORIENTED_EDGE('',*,*,#198373,.F.);
#198696=ORIENTED_EDGE('',*,*,#198679,.F.);
#198697=FACE_OUTER_BOUND('',#198692,.T.);
#198698=ADVANCED_FACE('PartBody',(#198697),#198691,.F.);
#198699=CARTESIAN_POINT('Axis2P3D Location',(8860.48900618,-2561.74882138,788.5549099999999));
#198700=DIRECTION('Axis2P3D Direction',(-0.9835147105149434,0.1808281344279896,6.911138328289602e-15));
#198701=DIRECTION('Axis2P3D XDirection',(-2.44941726128e-09,-1.33222898495e-08,1));
#198702=AXIS2_PLACEMENT_3D('Cylinder Axis2P3D',#198699,#198700,#198701);
#198703=CYLINDRICAL_SURFACE('generated cylinder',#198702,6.5);
#198704=CARTESIAN_POINT('Axis2P3D Location',(8847.8941168,-2559.43313629,788.5549099999999));
#198705=DIRECTION('Axis2P3D Direction',(-0.9835147105149434,0.1808281344279896,6.911138328289602e-15));
#198706=AXIS2_PLACEMENT_3D('Circle Axis2P3D',#198704,#198705,$);
#198707=CIRCLE('generated circle',#198706,6.5);
#198708=CARTESIAN_POINT('Vertex',(8849.06949967,-2553.04029067,788.5549099999999));
#198709=VERTEX_POINT('',#198708);
#198710=CARTESIAN_POINT('Vertex',(8847.89411678,-2559.43313638,795.0549099999999));
#198711=VERTEX_POINT('',#198710);
#198712=EDGE_CURVE('',#198709,#198711,#198707,.F.);
#198713=CARTESIAN_POINT('Line Origine',(8860.48900616,-2561.74882147,795.0549099999999));
#198714=DIRECTION('Vector Direction',(-0.9835147105149434,0.1808281344279896,5.959991492609657e-15));
#198715=VECTOR('Line Direction',#198714,1.);
#198716=LINE('Line',#198713,#198715);
#198717=CARTESIAN_POINT('Vertex',(8825.42670674,-2555.30229848,795.0549099999999));
#198718=VERTEX_POINT('',#198717);
#198719=EDGE_CURVE('',#198718,#198711,#198716,.F.);
#198720=CARTESIAN_POINT('Axis2P3D Location',(8825.42670675,-2555.30229839,788.5549099999999));
#198721=DIRECTION('Axis2P3D Direction',(-0.9835147105149434,0.1808281344279896,6.911138328289602e-15));
#198722=AXIS2_PLACEMENT_3D('Circle Axis2P3D',#198720,#198721,$);
#198723=CIRCLE('generated circle',#198722,6.5);
#198724=CARTESIAN_POINT('Vertex',(8826.602089620001,-2548.90945277,788.5549099999999));
#198725=VERTEX_POINT('',#198724);
#198726=EDGE_CURVE('',#198718,#198725,#198723,.T.);
#198727=CARTESIAN_POINT('Line Origine',(8861.66438905,-2555.35597576,788.5549099999999));
#198728=DIRECTION('Vector Direction',(-0.9835147105149434,0.1808281344279896,5.959991492609657e-15));
#198729=VECTOR('Line Direction',#198728,1.);
#198730=LINE('Line',#198727,#198729);
#198731=EDGE_CURVE('',#198725,#198709,#198730,.F.);
#198732=EDGE_LOOP('',(#198733,#198734,#198735,#198736));
#198733=ORIENTED_EDGE('',*,*,#198712,.T.);
#198734=ORIENTED_EDGE('',*,*,#198719,.F.);
#198735=ORIENTED_EDGE('',*,*,#198726,.T.);
#198736=ORIENTED_EDGE('',*,*,#198731,.T.);
#198737=FACE_OUTER_BOUND('',#198732,.T.);
#198738=ADVANCED_FACE('PartBody',(#198737),#198703,.F.);
#198739=CARTESIAN_POINT('Axis2P3D Location',(8820.504298420001,-2547.78831834,788.5549099999999));
#198740=DIRECTION('Axis2P3D Direction',(-0.1808281344279896,-0.9835147105149434,-1.774937036749898e-30));
#198741=DIRECTION('Axis2P3D XDirection',(-6.79720621228e-15,1.24972825068e-15,-1));
#198742=AXIS2_PLACEMENT_3D('Plane Axis2P3D',#198739,#198740,#198741);
#198743=PLANE('',#198742);
#198744=CARTESIAN_POINT('Line Origine',(8826.602089620001,-2548.90945277,780.32991));
#198745=DIRECTION('Vector Direction',(0,0,-1));
#198746=VECTOR('Line Direction',#198745,1.);
#198747=LINE('Line',#198744,#198746);
#198748=CARTESIAN_POINT('Vertex',(8826.602089620001,-2548.90945277,772.10491));
#198749=VERTEX_POINT('',#198748);
#198750=EDGE_CURVE('',#198725,#198749,#198747,.T.);
#198751=CARTESIAN_POINT('Line Origine',(8837.83579465,-2550.97487172,772.10491));
#198752=DIRECTION('Vector Direction',(0.9835147105149434,-0.1808281344279896,-9.953321460479427e-15));
#198753=VECTOR('Line Direction',#198752,1.);
#198754=LINE('Line',#198751,#198753);
#198755=CARTESIAN_POINT('Vertex',(8849.06949967,-2553.04029067,772.10491));
#198756=VERTEX_POINT('',#198755);
#198757=EDGE_CURVE('',#198749,#198756,#198754,.T.);
#198758=CARTESIAN_POINT('Line Origine',(8849.06949967,-2553.04029067,780.32991));
#198759=DIRECTION('Vector Direction',(0,0,-1));
#198760=VECTOR('Line Direction',#198759,1.);
#198761=LINE('Line',#198758,#198760);
#198762=EDGE_CURVE('',#198709,#198756,#198761,.T.);
#198763=EDGE_LOOP('',(#198764,#198765,#198766,#198767));
#198764=ORIENTED_EDGE('',*,*,#198731,.F.);
#198765=ORIENTED_EDGE('',*,*,#198750,.T.);
#198766=ORIENTED_EDGE('',*,*,#198757,.T.);
#198767=ORIENTED_EDGE('',*,*,#198762,.F.);
#198768=FACE_OUTER_BOUND('',#198763,.T.);
#198769=ADVANCED_FACE('PartBody',(#198768),#198743,.T.);
#198770=CARTESIAN_POINT('Axis2P3D Location',(8860.48900618,-2561.74882138,772.10491));
#198771=DIRECTION('Axis2P3D Direction',(-0.9835147105149434,0.1808281344279896,6.911138328289602e-15));
#198772=DIRECTION('Axis2P3D XDirection',(0.1808281344279896,0.9835147105149434,-1.992735905429886e-13));
#198773=AXIS2_PLACEMENT_3D('Cylinder Axis2P3D',#198770,#198771,#198772);
#198774=CYLINDRICAL_SURFACE('generated cylinder',#198773,6.5);
#198775=CARTESIAN_POINT('Axis2P3D Location',(8847.8941168,-2559.43313629,772.10491));
#198776=DIRECTION('Axis2P3D Direction',(-0.9835147105149434,0.1808281344279896,6.911138328289602e-15));
#198777=AXIS2_PLACEMENT_3D('Circle Axis2P3D',#198775,#198776,$);
#198778=CIRCLE('generated circle',#198777,6.5);
#198779=CARTESIAN_POINT('Vertex',(8847.8941168,-2559.43313629,765.60491));
#198780=VERTEX_POINT('',#198779);
#198781=EDGE_CURVE('',#198780,#198756,#198778,.F.);
#198782=CARTESIAN_POINT('Axis2P3D Location',(8825.42670675,-2555.30229839,772.10491));
#198783=DIRECTION('Axis2P3D Direction',(-0.9835147105149434,0.1808281344279896,6.911138328289602e-15));
#198784=AXIS2_PLACEMENT_3D('Circle Axis2P3D',#198782,#198783,$);
#198785=CIRCLE('generated circle',#198784,6.5);
#198786=CARTESIAN_POINT('Vertex',(8825.42670675,-2555.30229839,765.60491));
#198787=VERTEX_POINT('',#198786);
#198788=EDGE_CURVE('',#198749,#198787,#198785,.T.);
#198789=CARTESIAN_POINT('Line Origine',(8860.48900618,-2561.74882138,765.60491));
#198790=DIRECTION('Vector Direction',(-0.9835147105149434,0.1808281344279896,5.959991492609657e-15));
#198791=VECTOR('Line Direction',#198790,1.);
#198792=LINE('Line',#198789,#198791);
#198793=EDGE_CURVE('',#198787,#198780,#198792,.F.);
#198794=EDGE_LOOP('',(#198795,#198796,#198797,#198798));
#198795=ORIENTED_EDGE('',*,*,#198781,.T.);
#198796=ORIENTED_EDGE('',*,*,#198757,.F.);
#198797=ORIENTED_EDGE('',*,*,#198788,.T.);
#198798=ORIENTED_EDGE('',*,*,#198793,.T.);
#198799=FACE_OUTER_BOUND('',#198794,.T.);
#198800=ADVANCED_FACE('PartBody',(#198799),#198774,.F.);
#198801=CARTESIAN_POINT('Line Origine',(8813.278880149999,-2607.54840597,780.32991));
#198802=DIRECTION('Vector Direction',(-0.03519528921479126,-0.1914253265569524,-0.9808759534057563));
#198803=VECTOR('Line Direction',#198802,1.);
#198804=LINE('Line',#198801,#198803);
#198805=CARTESIAN_POINT('Vertex',(8813.71753134,-2605.16260519,792.5549099999999));
#198806=VERTEX_POINT('',#198805);
#198807=CARTESIAN_POINT('Vertex',(8812.840228950001,-2609.93420676,768.10491));
#198808=VERTEX_POINT('',#198807);
#198809=EDGE_CURVE('',#198806,#198808,#198804,.T.);
#198810=CARTESIAN_POINT('Line Origine',(8817.904074460001,-2582.39221741,768.10491));
#198811=DIRECTION('Vector Direction',(-0.1808281344279896,-0.9835147105149434,0));
#198812=VECTOR('Line Direction',#198811,1.);
#198813=LINE('Line',#198810,#198812);
#198814=CARTESIAN_POINT('Vertex',(8822.96791997,-2554.85022805,768.10491));
#198815=VERTEX_POINT('',#198814);
#198816=EDGE_CURVE('',#198815,#198808,#198813,.T.);
#198817=CARTESIAN_POINT('Axis2P3D Location',(8822.96791997,-2554.85022805,772.10491));
#198818=DIRECTION('Axis2P3D Direction',(-0.9835147105149434,0.1808281344279896,6.911138328289602e-15));
#198819=AXIS2_PLACEMENT_3D('Circle Axis2P3D',#198817,#198818,$);
#198820=CIRCLE('generated circle',#198819,4.);
#198821=CARTESIAN_POINT('Vertex',(8823.69123251,-2550.91616921,772.10491));
#198822=VERTEX_POINT('',#198821);
#198823=EDGE_CURVE('',#198822,#198815,#198820,.T.);
#198824=CARTESIAN_POINT('Line Origine',(8823.69123251,-2550.91616921,780.32991));
#198825=DIRECTION('Vector Direction',(0,0,-1));
#198826=VECTOR('Line Direction',#198825,1.);
#198827=LINE('Line',#198824,#198826);
#198828=CARTESIAN_POINT('Vertex',(8823.69123251,-2550.91616921,788.5549099999999));
#198829=VERTEX_POINT('',#198828);
#198830=EDGE_CURVE('',#198829,#198822,#198827,.T.);
#198831=CARTESIAN_POINT('Axis2P3D Location',(8822.96791997,-2554.85022805,788.5549099999999));
#198832=DIRECTION('Axis2P3D Direction',(-0.9835147105149434,0.1808281344279896,6.911138328289602e-15));
#198833=AXIS2_PLACEMENT_3D('Circle Axis2P3D',#198831,#198832,$);
#198834=CIRCLE('generated circle',#198833,4.);
#198835=CARTESIAN_POINT('Vertex',(8822.96791997,-2554.85022805,792.5549099999999));
#198836=VERTEX_POINT('',#198835);
#198837=EDGE_CURVE('',#198836,#198829,#198834,.T.);
#198838=CARTESIAN_POINT('Line Origine',(8818.342725660001,-2580.00641662,792.5549099999999));
#198839=DIRECTION('Vector Direction',(-0.1808281344279896,-0.9835147105149434,0));
#198840=VECTOR('Line Direction',#198839,1.);
#198841=LINE('Line',#198838,#198840);
#198842=EDGE_CURVE('',#198806,#198836,#198841,.F.);
#198843=EDGE_LOOP('',(#198844,#198845,#198846,#198847,#198848,#198849));
#198844=ORIENTED_EDGE('',*,*,#198809,.T.);
#198845=ORIENTED_EDGE('',*,*,#198816,.F.);
#198846=ORIENTED_EDGE('',*,*,#198823,.F.);
#198847=ORIENTED_EDGE('',*,*,#198830,.F.);
#198848=ORIENTED_EDGE('',*,*,#198837,.F.);
#198849=ORIENTED_EDGE('',*,*,#198842,.F.);
#198850=FACE_OUTER_BOUND('',#198843,.T.);
#198851=ADVANCED_FACE('PartBody',(#198850),#198054,.F.);
#198852=CARTESIAN_POINT('Axis2P3D Location',(8818.46482358,-2593.16761475,792.5549099999999));
#198853=DIRECTION('Axis2P3D Direction',(-0.1808281344279896,-0.9835147105149434,0));
#198854=DIRECTION('Axis2P3D XDirection',(0,0,1));
#198855=AXIS2_PLACEMENT_3D('Cylinder Axis2P3D',#198852,#198853,#198854);
#198856=CYLINDRICAL_SURFACE('generated cylinder',#198855,2.5);
#198857=B_SPLINE_CURVE_WITH_KNOTS('',3,(#198858,#198859,#198860,#198861),.UNSPECIFIED.,.F.,.U.,(4,4),(0.,2.51979383226),.UNSPECIFIED.);
#198858=CARTESIAN_POINT('Control Point',(8816.237726019999,-2599.20000976,794.800121697));
#198859=CARTESIAN_POINT('Control Point',(8816.66735804,-2598.82871026,794.974177084));
#198860=CARTESIAN_POINT('Control Point',(8817.11755381,-2598.43963903,795.0549099999999));
#198861=CARTESIAN_POINT('Control Point',(8817.566915699999,-2598.05128845,795.0549099999999));
#198862=CARTESIAN_POINT('Vertex',(8816.237726019999,-2599.20000976,794.800121697));
#198863=VERTEX_POINT('',#198862);
#198864=CARTESIAN_POINT('Vertex',(8817.566915699999,-2598.05128845,795.0549099999999));
#198865=VERTEX_POINT('',#198864);
#198866=EDGE_CURVE('',#198863,#198865,#198857,.T.);
#198867=B_SPLINE_CURVE_WITH_KNOTS('',5,(#198868,#198869,#198870,#198871,#198872,#198873,#198874,#198875,#198876,#198877,#198878,#198879),.UNSPECIFIED.,.F.,.U.,(6,3,3,6),(0.,1.45672827138,3.49917798704,5.03455835874),.UNSPECIFIED.);
#198868=CARTESIAN_POINT('Control Point',(8814.58953096,-2602.07887904,793.742344209));
#198869=CARTESIAN_POINT('Control Point',(8814.626783809999,-2601.87626273,793.742344209));
#198870=CARTESIAN_POINT('Control Point',(8814.674471980001,-2601.67556538,793.762002249));
#198871=CARTESIAN_POINT('Control Point',(8814.732072520001,-2601.47988223,793.801402861));
#198872=CARTESIAN_POINT('Control Point',(8814.89016986,-2601.02682605,793.92659581));
#198873=CARTESIAN_POINT('Control Point',(8815.094065810001,-2600.60948789,794.1032018670001));
#198874=CARTESIAN_POINT('Control Point',(8815.22760219,-2600.37673645,794.212565073));
#198875=CARTESIAN_POINT('Control Point',(8815.487053590001,-2599.98651866,794.406100452));
#198876=CARTESIAN_POINT('Control Point',(8815.792528939999,-2599.62690357,794.590375877));
#198877=CARTESIAN_POINT('Control Point',(8815.93222538,-2599.47827235,794.665962317));
#198878=CARTESIAN_POINT('Control Point',(8816.08065398,-2599.33575562,794.736487627));
#198879=CARTESIAN_POINT('Control Point',(8816.237726019999,-2599.20000976,794.800121697));
#198880=CARTESIAN_POINT('Vertex',(8814.58953096,-2602.07887904,793.742344209));
#198881=VERTEX_POINT('',#198880);
#198882=EDGE_CURVE('',#198881,#198863,#198867,.T.);
#198883=CARTESIAN_POINT('Line Origine',(8816.30109121,-2592.76979285,793.742344209));
#198884=DIRECTION('Vector Direction',(-0.1808281344279896,-0.9835147105149434,0));
#198885=VECTOR('Line Direction',#198884,1.);
#198886=LINE('Line',#198883,#198885);
#198887=CARTESIAN_POINT('Vertex',(8814.05519263,-2604.98511711,793.742343153));
#198888=VERTEX_POINT('',#198887);
#198889=EDGE_CURVE('',#198881,#198888,#198886,.T.);
#198890=B_SPLINE_CURVE_WITH_KNOTS('',3,(#198891,#198892,#198893,#198894),.UNSPECIFIED.,.F.,.U.,(4,4),(3.8265198039,5.6075761444),.UNSPECIFIED.);
#198891=CARTESIAN_POINT('Control Point',(8814.05519198,-2604.98511699,793.742342989));
#198892=CARTESIAN_POINT('Control Point',(8813.848945559999,-2605.02062048,793.3784166740001));
#198893=CARTESIAN_POINT('Control Point',(8813.73230629,-2605.08224503,792.96668075));
#198894=CARTESIAN_POINT('Control Point',(8813.71753134,-2605.16260519,792.5549099999999));
#198895=EDGE_CURVE('',#198888,#198806,#198890,.T.);
#198896=CARTESIAN_POINT('Axis2P3D Location',(8825.42670675,-2555.30229839,792.5549099999999));
#198897=DIRECTION('Axis2P3D Direction',(-0.1808281344279896,-0.9835147105149434,0));
#198898=AXIS2_PLACEMENT_3D('Circle Axis2P3D',#198896,#198897,$);
#198899=CIRCLE('generated circle',#198898,2.5);
#198900=EDGE_CURVE('',#198836,#198718,#198899,.F.);
#198901=CARTESIAN_POINT('Line Origine',(8818.46482358,-2593.16761475,795.0549099999999));
#198902=DIRECTION('Vector Direction',(-0.1808281344279896,-0.9835147105149434,0));
#198903=VECTOR('Line Direction',#198902,1.);
#198904=LINE('Line',#198901,#198903);
#198905=EDGE_CURVE('',#198865,#198718,#198904,.F.);
#198906=EDGE_LOOP('',(#198907,#198908,#198909,#198910,#198911,#198912,#198913));
#198907=ORIENTED_EDGE('',*,*,#198866,.F.);
#198908=ORIENTED_EDGE('',*,*,#198882,.F.);
#198909=ORIENTED_EDGE('',*,*,#198889,.T.);
#198910=ORIENTED_EDGE('',*,*,#198895,.T.);
#198911=ORIENTED_EDGE('',*,*,#198842,.T.);
#198912=ORIENTED_EDGE('',*,*,#198900,.T.);
#198913=ORIENTED_EDGE('',*,*,#198905,.F.);
#198914=FACE_OUTER_BOUND('',#198906,.T.);
#198915=ADVANCED_FACE('PartBody',(#198914),#198856,.F.);
#198916=CARTESIAN_POINT('Axis2P3D Location',(8825.42670675,-2555.30229839,788.5549099999999));
#198917=DIRECTION('Axis2P3D Direction',(-0.9835147105149434,0.1808281344279896,6.911138328709603e-15));
#198918=DIRECTION('Axis2P3D XDirection',(-2.44947911527e-09,-1.33222783916e-08,1));
#198919=AXIS2_PLACEMENT_3D('Torus Axis2P3D',#198916,#198917,#198918);
#198920=TOROIDAL_SURFACE('homeo Torus',#198919,4.,2.5);
#198921=CARTESIAN_POINT('Axis2P3D Location',(8826.15001929,-2551.36823955,788.5549099999999));
#198922=DIRECTION('Axis2P3D Direction',(4.78145621904e-16,-3.56187663837e-14,1));
#198923=AXIS2_PLACEMENT_3D('Circle Axis2P3D',#198921,#198922,$);
#198924=CIRCLE('generated circle',#198923,2.5);
#198925=EDGE_CURVE('',#198829,#198725,#198924,.F.);
#198926=EDGE_LOOP('',(#198927,#198928,#198929,#198930));
#198927=ORIENTED_EDGE('',*,*,#198837,.T.);
#198928=ORIENTED_EDGE('',*,*,#198925,.T.);
#198929=ORIENTED_EDGE('',*,*,#198726,.F.);
#198930=ORIENTED_EDGE('',*,*,#198900,.F.);
#198931=FACE_OUTER_BOUND('',#198926,.T.);
#198932=ADVANCED_FACE('PartBody',(#198931),#198920,.F.);
#198933=CARTESIAN_POINT('Axis2P3D Location',(8826.15001929,-2551.36823955,780.32991));
#198934=DIRECTION('Axis2P3D Direction',(0,0,-1));
#198935=DIRECTION('Axis2P3D XDirection',(-0.9835147105149434,0.1808281344279896,0));
#198936=AXIS2_PLACEMENT_3D('Cylinder Axis2P3D',#198933,#198934,#198935);
#198937=CYLINDRICAL_SURFACE('generated cylinder',#198936,2.5);
#198938=CARTESIAN_POINT('Axis2P3D Location',(8826.15001929,-2551.36823955,772.10491));
#198939=DIRECTION('Axis2P3D Direction',(0,0,-1));
#198940=AXIS2_PLACEMENT_3D('Circle Axis2P3D',#198938,#198939,$);
#198941=CIRCLE('generated circle',#198940,2.5);
#198942=EDGE_CURVE('',#198822,#198749,#198941,.T.);
#198943=EDGE_LOOP('',(#198944,#198945,#198946,#198947));
#198944=ORIENTED_EDGE('',*,*,#198830,.T.);
#198945=ORIENTED_EDGE('',*,*,#198942,.T.);
#198946=ORIENTED_EDGE('',*,*,#198750,.F.);
#198947=ORIENTED_EDGE('',*,*,#198925,.F.);
#198948=FACE_OUTER_BOUND('',#198943,.T.);
#198949=ADVANCED_FACE('PartBody',(#198948),#198937,.F.);
#198950=CARTESIAN_POINT('Axis2P3D Location',(8825.42670675,-2555.30229839,772.10491));
#198951=DIRECTION('Axis2P3D Direction',(-0.9835147105149434,0.1808281344279896,6.911138328289602e-15));
#198952=DIRECTION('Axis2P3D XDirection',(0.1808281344279896,0.9835147105149434,-1.399222618109919e-13));
#198953=AXIS2_PLACEMENT_3D('Torus Axis2P3D',#198950,#198951,#198952);
#198954=TOROIDAL_SURFACE('homeo Torus',#198953,4.,2.5);
#198955=CARTESIAN_POINT('Axis2P3D Location',(8825.42670675,-2555.30229839,768.10491));
#198956=DIRECTION('Axis2P3D Direction',(0.1808281344279896,0.9835147105149434,-2.066394100899881e-13));
#198957=AXIS2_PLACEMENT_3D('Circle Axis2P3D',#198955,#198956,$);
#198958=CIRCLE('generated circle',#198957,2.5);
#198959=EDGE_CURVE('',#198815,#198787,#198958,.F.);
#198960=EDGE_LOOP('',(#198961,#198962,#198963,#198964));
#198961=ORIENTED_EDGE('',*,*,#198823,.T.);
#198962=ORIENTED_EDGE('',*,*,#198959,.T.);
#198963=ORIENTED_EDGE('',*,*,#198788,.F.);
#198964=ORIENTED_EDGE('',*,*,#198942,.F.);
#198965=FACE_OUTER_BOUND('',#198960,.T.);
#198966=ADVANCED_FACE('PartBody',(#198965),#198954,.F.);
#198967=CARTESIAN_POINT('Axis2P3D Location',(8818.46482358,-2593.16761475,768.10491));
#198968=DIRECTION('Axis2P3D Direction',(-0.1808281344279896,-0.9835147105149434,-0));
#198969=DIRECTION('Axis2P3D XDirection',(-0.9835147105149434,0.1808281344279896,1.836970198719894e-16));
#198970=AXIS2_PLACEMENT_3D('Cylinder Axis2P3D',#198967,#198968,#198969);
#198971=CYLINDRICAL_SURFACE('generated cylinder',#198970,2.5);
#198972=CARTESIAN_POINT('Line Origine',(8816.30109121,-2592.76979285,766.917475791));
#198973=DIRECTION('Vector Direction',(-0.1808281344279896,-0.9835147105149434,0));
#198974=VECTOR('Line Direction',#198973,1.);
#198975=LINE('Line',#198972,#198974);
#198976=CARTESIAN_POINT('Vertex',(8813.46148435,-2608.21426518,766.917475791));
#198977=VERTEX_POINT('',#198976);
#198978=CARTESIAN_POINT('Vertex',(8813.09267649,-2610.22019172,766.917476847));
#198979=VERTEX_POINT('',#198978);
#198980=EDGE_CURVE('',#198977,#198979,#198975,.T.);
#198981=B_SPLINE_CURVE_WITH_KNOTS('',5,(#198982,#198983,#198984,#198985,#198986,#198987,#198988,#198989,#198990,#198991,#198992,#198993),.UNSPECIFIED.,.F.,.U.,(6,3,3,6),(0.,1.45672829281,3.49917801079,5.0345583823),.UNSPECIFIED.);
#198982=CARTESIAN_POINT('Control Point',(8813.46148435,-2608.21426518,766.917475791));
#198983=CARTESIAN_POINT('Control Point',(8813.49873721,-2608.01164887,766.917475791));
#198984=CARTESIAN_POINT('Control Point',(8813.546425369999,-2607.81095152,766.8978177499999));
#198985=CARTESIAN_POINT('Control Point',(8813.604025909999,-2607.61526838,766.858417141));
#198986=CARTESIAN_POINT('Control Point',(8813.762123250001,-2607.16221219,766.733224192));
#198987=CARTESIAN_POINT('Control Point',(8813.96601921,-2606.74487403,766.556618133));
#198988=CARTESIAN_POINT('Control Point',(8814.099555590001,-2606.51212259,766.447254928));
#198989=CARTESIAN_POINT('Control Point',(8814.359006979999,-2606.1219048,766.253719548));
#198990=CARTESIAN_POINT('Control Point',(8814.66448234,-2605.76228971,766.069444123));
#198991=CARTESIAN_POINT('Control Point',(8814.80417877,-2605.61365849,765.993857683));
#198992=CARTESIAN_POINT('Control Point',(8814.952607380001,-2605.47114177,765.923332373));
#198993=CARTESIAN_POINT('Control Point',(8815.109679409999,-2605.33539591,765.859698303));
#198994=CARTESIAN_POINT('Vertex',(8815.109679409999,-2605.33539591,765.859698303));
#198995=VERTEX_POINT('',#198994);
#198996=EDGE_CURVE('',#198977,#198995,#198981,.T.);
#198997=B_SPLINE_CURVE_WITH_KNOTS('',3,(#198998,#198999,#199000,#199001),.UNSPECIFIED.,.F.,.U.,(4,4),(0.,2.51979383286),.UNSPECIFIED.);
#198998=CARTESIAN_POINT('Control Point',(8815.109679409999,-2605.33539591,765.859698303));
#198999=CARTESIAN_POINT('Control Point',(8815.539311439999,-2604.96409641,765.685642916));
#199000=CARTESIAN_POINT('Control Point',(8815.989507210001,-2604.57502517,765.60491));
#199001=CARTESIAN_POINT('Control Point',(8816.43886909,-2604.18667459,765.60491));
#199002=CARTESIAN_POINT('Vertex',(8816.43886909,-2604.18667459,765.60491));
#199003=VERTEX_POINT('',#199002);
#199004=EDGE_CURVE('',#198995,#199003,#198997,.T.);
#199005=CARTESIAN_POINT('Line Origine',(8818.46482358,-2593.16761475,765.60491));
#199006=DIRECTION('Vector Direction',(-0.1808281344279896,-0.9835147105149434,0));
#199007=VECTOR('Line Direction',#199006,1.);
#199008=LINE('Line',#199005,#199007);
#199009=EDGE_CURVE('',#198787,#199003,#199008,.T.);
#199010=B_SPLINE_CURVE_WITH_KNOTS('',3,(#199011,#199012,#199013,#199014),.UNSPECIFIED.,.F.,.U.,(4,4),(3.82651978671,5.6075761271),.UNSPECIFIED.);
#199011=CARTESIAN_POINT('Control Point',(8813.092675850001,-2610.2201916,766.917477011));
#199012=CARTESIAN_POINT('Control Point',(8812.912545839999,-2610.11364929,767.281403326));
#199013=CARTESIAN_POINT('Control Point',(8812.825454,-2610.01456692,767.6931392499999));
#199014=CARTESIAN_POINT('Control Point',(8812.840228950001,-2609.93420676,768.10491));
#199015=EDGE_CURVE('',#198979,#198808,#199010,.T.);
#199016=EDGE_LOOP('',(#199017,#199018,#199019,#199020,#199021,#199022,#199023));
#199017=ORIENTED_EDGE('',*,*,#198980,.F.);
#199018=ORIENTED_EDGE('',*,*,#198996,.T.);
#199019=ORIENTED_EDGE('',*,*,#199004,.T.);
#199020=ORIENTED_EDGE('',*,*,#199009,.F.);
#199021=ORIENTED_EDGE('',*,*,#198959,.F.);
#199022=ORIENTED_EDGE('',*,*,#198816,.T.);
#199023=ORIENTED_EDGE('',*,*,#199015,.F.);
#199024=FACE_OUTER_BOUND('',#199016,.T.);
#199025=ADVANCED_FACE('PartBody',(#199024),#198971,.F.);
#199026=CARTESIAN_POINT('Axis2P3D Location',(8860.48900618,-2561.74882138,755.60491));
#199027=DIRECTION('Axis2P3D Direction',(-0.9835147105149434,0.1808281344279896,6.911138328289602e-15));
#199028=DIRECTION('Axis2P3D XDirection',(6.82628559415e-15,-1.09156702245e-15,1));
#199029=AXIS2_PLACEMENT_3D('Cylinder Axis2P3D',#199026,#199027,#199028);
#199030=CYLINDRICAL_SURFACE('generated cylinder',#199029,6.5);
#199031=CARTESIAN_POINT('Axis2P3D Location',(8847.8941168,-2559.43313629,755.60491));
#199032=DIRECTION('Axis2P3D Direction',(-0.9835147105149434,0.1808281344279896,6.911138328289602e-15));
#199033=AXIS2_PLACEMENT_3D('Circle Axis2P3D',#199031,#199032,$);
#199034=CIRCLE('generated circle',#199033,6.5);
#199035=CARTESIAN_POINT('Vertex',(8849.06949967,-2553.04029067,755.60491));
#199036=VERTEX_POINT('',#199035);
#199037=CARTESIAN_POINT('Vertex',(8847.8941168,-2559.43313629,762.10491));
#199038=VERTEX_POINT('',#199037);
#199039=EDGE_CURVE('',#199036,#199038,#199034,.F.);
#199040=CARTESIAN_POINT('Line Origine',(8860.48900618,-2561.74882138,762.10491));
#199041=DIRECTION('Vector Direction',(-0.9835147105149434,0.1808281344279896,5.959991492609657e-15));
#199042=VECTOR('Line Direction',#199041,1.);
#199043=LINE('Line',#199040,#199042);
#199044=CARTESIAN_POINT('Vertex',(8825.42670675,-2555.30229839,762.10491));
#199045=VERTEX_POINT('',#199044);
#199046=EDGE_CURVE('',#199045,#199038,#199043,.F.);
#199047=CARTESIAN_POINT('Axis2P3D Location',(8825.42670675,-2555.30229839,755.60491));
#199048=DIRECTION('Axis2P3D Direction',(-0.9835147105149434,0.1808281344279896,6.911138328289602e-15));
#199049=AXIS2_PLACEMENT_3D('Circle Axis2P3D',#199047,#199048,$);
#199050=CIRCLE('generated circle',#199049,6.5);
#199051=CARTESIAN_POINT('Vertex',(8826.602089620001,-2548.90945277,755.60491));
#199052=VERTEX_POINT('',#199051);
#199053=EDGE_CURVE('',#199045,#199052,#199050,.T.);
#199054=CARTESIAN_POINT('Line Origine',(8861.66438905,-2555.35597576,755.60491));
#199055=DIRECTION('Vector Direction',(-0.9835147105149434,0.1808281344279896,5.959991492609657e-15));
#199056=VECTOR('Line Direction',#199055,1.);
#199057=LINE('Line',#199054,#199056);
#199058=EDGE_CURVE('',#199052,#199036,#199057,.F.);
#199059=EDGE_LOOP('',(#199060,#199061,#199062,#199063));
#199060=ORIENTED_EDGE('',*,*,#199039,.T.);
#199061=ORIENTED_EDGE('',*,*,#199046,.F.);
#199062=ORIENTED_EDGE('',*,*,#199053,.T.);
#199063=ORIENTED_EDGE('',*,*,#199058,.T.);
#199064=FACE_OUTER_BOUND('',#199059,.T.);
#199065=ADVANCED_FACE('PartBody',(#199064),#199030,.F.);
#199066=CARTESIAN_POINT('Line Origine',(8826.602089620001,-2548.90945277,747.37991));
#199067=DIRECTION('Vector Direction',(0,0,-1));
#199068=VECTOR('Line Direction',#199067,1.);
#199069=LINE('Line',#199066,#199068);
#199070=CARTESIAN_POINT('Vertex',(8826.602089620001,-2548.90945277,739.15491));
#199071=VERTEX_POINT('',#199070);
#199072=EDGE_CURVE('',#199052,#199071,#199069,.T.);
#199073=CARTESIAN_POINT('Line Origine',(8837.83579465,-2550.97487172,739.15491));
#199074=DIRECTION('Vector Direction',(0.9835147105149434,-0.1808281344279896,-9.953321460479427e-15));
#199075=VECTOR('Line Direction',#199074,1.);
#199076=LINE('Line',#199073,#199075);
#199077=CARTESIAN_POINT('Vertex',(8849.06949967,-2553.04029067,739.15491));
#199078=VERTEX_POINT('',#199077);
#199079=EDGE_CURVE('',#199071,#199078,#199076,.T.);
#199080=CARTESIAN_POINT('Line Origine',(8849.06949967,-2553.04029067,747.37991));
#199081=DIRECTION('Vector Direction',(0,0,-1));
#199082=VECTOR('Line Direction',#199081,1.);
#199083=LINE('Line',#199080,#199082);
#199084=EDGE_CURVE('',#199036,#199078,#199083,.T.);
#199085=EDGE_LOOP('',(#199086,#199087,#199088,#199089));
#199086=ORIENTED_EDGE('',*,*,#199058,.F.);
#199087=ORIENTED_EDGE('',*,*,#199072,.T.);
#199088=ORIENTED_EDGE('',*,*,#199079,.T.);
#199089=ORIENTED_EDGE('',*,*,#199084,.F.);
#199090=FACE_OUTER_BOUND('',#199085,.T.);
#199091=ADVANCED_FACE('PartBody',(#199090),#198743,.T.);
#199092=CARTESIAN_POINT('Axis2P3D Location',(8860.48900618,-2561.74882138,739.15491));
#199093=DIRECTION('Axis2P3D Direction',(-0.9835147105149434,0.1808281344279896,6.911138328289602e-15));
#199094=DIRECTION('Axis2P3D XDirection',(0.1808281344279896,0.9835147105149434,-1.992735905429886e-13));
#199095=AXIS2_PLACEMENT_3D('Cylinder Axis2P3D',#199092,#199093,#199094);
#199096=CYLINDRICAL_SURFACE('generated cylinder',#199095,6.5);
#199097=CARTESIAN_POINT('Axis2P3D Location',(8847.8941168,-2559.43313629,739.15491));
#199098=DIRECTION('Axis2P3D Direction',(-0.9835147105149434,0.1808281344279896,6.911138328289602e-15));
#199099=AXIS2_PLACEMENT_3D('Circle Axis2P3D',#199097,#199098,$);
#199100=CIRCLE('generated circle',#199099,6.5);
#199101=CARTESIAN_POINT('Vertex',(8847.8941168,-2559.43313629,732.65491));
#199102=VERTEX_POINT('',#199101);
#199103=EDGE_CURVE('',#199102,#199078,#199100,.F.);
#199104=CARTESIAN_POINT('Axis2P3D Location',(8825.42670675,-2555.30229839,739.15491));
#199105=DIRECTION('Axis2P3D Direction',(-0.9835147105149434,0.1808281344279896,6.911138328289602e-15));
#199106=AXIS2_PLACEMENT_3D('Circle Axis2P3D',#199104,#199105,$);
#199107=CIRCLE('generated circle',#199106,6.5);
#199108=CARTESIAN_POINT('Vertex',(8825.42670675,-2555.30229839,732.65491));
#199109=VERTEX_POINT('',#199108);
#199110=EDGE_CURVE('',#199071,#199109,#199107,.T.);
#199111=CARTESIAN_POINT('Line Origine',(8860.48900618,-2561.74882138,732.65491));
#199112=DIRECTION('Vector Direction',(-0.9835147105149434,0.1808281344279896,5.959991492609657e-15));
#199113=VECTOR('Line Direction',#199112,1.);
#199114=LINE('Line',#199111,#199113);
#199115=EDGE_CURVE('',#199109,#199102,#199114,.F.);
#199116=EDGE_LOOP('',(#199117,#199118,#199119,#199120));
#199117=ORIENTED_EDGE('',*,*,#199103,.T.);
#199118=ORIENTED_EDGE('',*,*,#199079,.F.);
#199119=ORIENTED_EDGE('',*,*,#199110,.T.);
#199120=ORIENTED_EDGE('',*,*,#199115,.T.);
#199121=FACE_OUTER_BOUND('',#199116,.T.);
#199122=ADVANCED_FACE('PartBody',(#199121),#199096,.F.);
#199123=CARTESIAN_POINT('Line Origine',(8812.0965851,-2613.97884653,747.37991));
#199124=DIRECTION('Vector Direction',(-0.03519528921469138,-0.1914253265569531,-0.9808759534057597));
#199125=VECTOR('Line Direction',#199124,1.);
#199126=LINE('Line',#199123,#199125);
#199127=CARTESIAN_POINT('Vertex',(8812.5352363,-2611.59304575,759.60491));
#199128=VERTEX_POINT('',#199127);
#199129=CARTESIAN_POINT('Vertex',(8811.657933910001,-2616.36464731,735.15491));
#199130=VERTEX_POINT('',#199129);
#199131=EDGE_CURVE('',#199128,#199130,#199126,.T.);
#199132=CARTESIAN_POINT('Line Origine',(8817.31292694,-2585.60743768,735.15491));
#199133=DIRECTION('Vector Direction',(0.1808281344279896,0.9835147105149434,0));
#199134=VECTOR('Line Direction',#199133,1.);
#199135=LINE('Line',#199132,#199134);
#199136=CARTESIAN_POINT('Vertex',(8822.96791997,-2554.85022805,735.15491));
#199137=VERTEX_POINT('',#199136);
#199138=EDGE_CURVE('',#199137,#199130,#199135,.F.);
#199139=CARTESIAN_POINT('Axis2P3D Location',(8822.96791997,-2554.85022805,739.15491));
#199140=DIRECTION('Axis2P3D Direction',(-0.9835147105149434,0.1808281344279896,6.911138328289602e-15));
#199141=AXIS2_PLACEMENT_3D('Circle Axis2P3D',#199139,#199140,$);
#199142=CIRCLE('generated circle',#199141,4.);
#199143=CARTESIAN_POINT('Vertex',(8823.69123251,-2550.91616921,739.15491));
#199144=VERTEX_POINT('',#199143);
#199145=EDGE_CURVE('',#199144,#199137,#199142,.T.);
#199146=CARTESIAN_POINT('Line Origine',(8823.69123251,-2550.91616921,747.37991));
#199147=DIRECTION('Vector Direction',(0,0,-1));
#199148=VECTOR('Line Direction',#199147,1.);
#199149=LINE('Line',#199146,#199148);
#199150=CARTESIAN_POINT('Vertex',(8823.69123251,-2550.91616921,755.60491));
#199151=VERTEX_POINT('',#199150);
#199152=EDGE_CURVE('',#199151,#199144,#199149,.T.);
#199153=CARTESIAN_POINT('Axis2P3D Location',(8822.96791997,-2554.85022805,755.60491));
#199154=DIRECTION('Axis2P3D Direction',(-0.9835147105149434,0.1808281344279896,6.911138328289602e-15));
#199155=AXIS2_PLACEMENT_3D('Circle Axis2P3D',#199153,#199154,$);
#199156=CIRCLE('generated circle',#199155,4.00000000001);
#199157=CARTESIAN_POINT('Vertex',(8822.96791997,-2554.85022805,759.60491));
#199158=VERTEX_POINT('',#199157);
#199159=EDGE_CURVE('',#199158,#199151,#199156,.T.);
#199160=CARTESIAN_POINT('Line Origine',(8817.75157814,-2583.2216369,759.60491));
#199161=DIRECTION('Vector Direction',(-0.1808281344279896,-0.9835147105149434,0));
#199162=VECTOR('Line Direction',#199161,1.);
#199163=LINE('Line',#199160,#199162);
#199164=EDGE_CURVE('',#199128,#199158,#199163,.F.);
#199165=EDGE_LOOP('',(#199166,#199167,#199168,#199169,#199170,#199171));
#199166=ORIENTED_EDGE('',*,*,#199131,.T.);
#199167=ORIENTED_EDGE('',*,*,#199138,.F.);
#199168=ORIENTED_EDGE('',*,*,#199145,.F.);
#199169=ORIENTED_EDGE('',*,*,#199152,.F.);
#199170=ORIENTED_EDGE('',*,*,#199159,.F.);
#199171=ORIENTED_EDGE('',*,*,#199164,.F.);
#199172=FACE_OUTER_BOUND('',#199165,.T.);
#199173=ADVANCED_FACE('PartBody',(#199172),#198054,.F.);
#199174=CARTESIAN_POINT('Axis2P3D Location',(8818.46482358,-2593.16761475,759.60491));
#199175=DIRECTION('Axis2P3D Direction',(-0.1808281344279896,-0.9835147105149434,0));
#199176=DIRECTION('Axis2P3D XDirection',(0,0,1));
#199177=AXIS2_PLACEMENT_3D('Cylinder Axis2P3D',#199174,#199175,#199176);
#199178=CYLINDRICAL_SURFACE('generated cylinder',#199177,2.5);
#199179=B_SPLINE_CURVE_WITH_KNOTS('',3,(#199180,#199181,#199182,#199183),.UNSPECIFIED.,.F.,.U.,(4,4),(0.,2.51979383252),.UNSPECIFIED.);
#199180=CARTESIAN_POINT('Control Point',(8815.109679409999,-2605.33539591,761.850121697));
#199181=CARTESIAN_POINT('Control Point',(8815.539311439999,-2604.96409641,762.024177084));
#199182=CARTESIAN_POINT('Control Point',(8815.989507210001,-2604.57502517,762.10491));
#199183=CARTESIAN_POINT('Control Point',(8816.43886909,-2604.18667459,762.10491));
#199184=CARTESIAN_POINT('Vertex',(8815.109679409999,-2605.33539591,761.850121697));
#199185=VERTEX_POINT('',#199184);
#199186=CARTESIAN_POINT('Vertex',(8816.43886909,-2604.18667459,762.10491));
#199187=VERTEX_POINT('',#199186);
#199188=EDGE_CURVE('',#199185,#199187,#199179,.T.);
#199189=B_SPLINE_CURVE_WITH_KNOTS('',5,(#199190,#199191,#199192,#199193,#199194,#199195,#199196,#199197,#199198,#199199,#199200,#199201),.UNSPECIFIED.,.F.,.U.,(6,3,3,6),(0.,1.4567282927,3.49917801072,5.03455838226),.UNSPECIFIED.);
#199190=CARTESIAN_POINT('Control Point',(8813.46148435,-2608.21426518,760.792344209));
#199191=CARTESIAN_POINT('Control Point',(8813.49873721,-2608.01164887,760.792344209));
#199192=CARTESIAN_POINT('Control Point',(8813.546425369999,-2607.81095152,760.81200225));
#199193=CARTESIAN_POINT('Control Point',(8813.604025909999,-2607.61526838,760.851402859));
#199194=CARTESIAN_POINT('Control Point',(8813.762123250001,-2607.16221219,760.976595808));
#199195=CARTESIAN_POINT('Control Point',(8813.96601921,-2606.74487403,761.153201867));
#199196=CARTESIAN_POINT('Control Point',(8814.099555590001,-2606.51212259,761.262565072));
#199197=CARTESIAN_POINT('Control Point',(8814.359006979999,-2606.1219048,761.456100452));
#199198=CARTESIAN_POINT('Control Point',(8814.66448234,-2605.76228971,761.640375877));
#199199=CARTESIAN_POINT('Control Point',(8814.80417877,-2605.61365849,761.715962317));
#199200=CARTESIAN_POINT('Control Point',(8814.952607380001,-2605.47114177,761.786487627));
#199201=CARTESIAN_POINT('Control Point',(8815.109679409999,-2605.33539591,761.850121697));
#199202=CARTESIAN_POINT('Vertex',(8813.46148435,-2608.21426518,760.792344209));
#199203=VERTEX_POINT('',#199202);
#199204=EDGE_CURVE('',#199203,#199185,#199189,.T.);
#199205=CARTESIAN_POINT('Line Origine',(8816.30109121,-2592.76979285,760.792344209));
#199206=DIRECTION('Vector Direction',(-0.1808281344279896,-0.9835147105149434,0));
#199207=VECTOR('Line Direction',#199206,1.);
#199208=LINE('Line',#199205,#199207);
#199209=CARTESIAN_POINT('Vertex',(8812.87289758,-2611.41555767,760.792343154));
#199210=VERTEX_POINT('',#199209);
#199211=EDGE_CURVE('',#199210,#199203,#199208,.F.);
#199212=B_SPLINE_CURVE_WITH_KNOTS('',3,(#199213,#199214,#199215,#199216),.UNSPECIFIED.,.F.,.U.,(4,4),(3.8265197725,5.60757612468),.UNSPECIFIED.);
#199213=CARTESIAN_POINT('Control Point',(8812.872896929999,-2611.41555755,760.792342989));
#199214=CARTESIAN_POINT('Control Point',(8812.666650519999,-2611.45106103,760.428416675));
#199215=CARTESIAN_POINT('Control Point',(8812.550011249999,-2611.51268558,760.016680752));
#199216=CARTESIAN_POINT('Control Point',(8812.5352363,-2611.59304575,759.60491));
#199217=EDGE_CURVE('',#199210,#199128,#199212,.T.);
#199218=CARTESIAN_POINT('Axis2P3D Location',(8825.42670675,-2555.30229839,759.60491));
#199219=DIRECTION('Axis2P3D Direction',(-0.1808281344279896,-0.9835147105149434,0));
#199220=AXIS2_PLACEMENT_3D('Circle Axis2P3D',#199218,#199219,$);
#199221=CIRCLE('generated circle',#199220,2.5);
#199222=EDGE_CURVE('',#199158,#199045,#199221,.F.);
#199223=CARTESIAN_POINT('Line Origine',(8818.46482358,-2593.16761475,762.10491));
#199224=DIRECTION('Vector Direction',(-0.1808281344279896,-0.9835147105149434,0));
#199225=VECTOR('Line Direction',#199224,1.);
#199226=LINE('Line',#199223,#199225);
#199227=EDGE_CURVE('',#199187,#199045,#199226,.F.);
#199228=EDGE_LOOP('',(#199229,#199230,#199231,#199232,#199233,#199234,#199235));
#199229=ORIENTED_EDGE('',*,*,#199188,.F.);
#199230=ORIENTED_EDGE('',*,*,#199204,.F.);
#199231=ORIENTED_EDGE('',*,*,#199211,.F.);
#199232=ORIENTED_EDGE('',*,*,#199217,.T.);
#199233=ORIENTED_EDGE('',*,*,#199164,.T.);
#199234=ORIENTED_EDGE('',*,*,#199222,.T.);
#199235=ORIENTED_EDGE('',*,*,#199227,.F.);
#199236=FACE_OUTER_BOUND('',#199228,.T.);
#199237=ADVANCED_FACE('PartBody',(#199236),#199178,.F.);
#199238=CARTESIAN_POINT('Axis2P3D Location',(8825.42670675,-2555.30229839,755.60491));
#199239=DIRECTION('Axis2P3D Direction',(-0.9835147105149434,0.1808281344279896,6.911138328289602e-15));
#199240=DIRECTION('Axis2P3D XDirection',(0,1.39922261811e-13,1));
#199241=AXIS2_PLACEMENT_3D('Torus Axis2P3D',#199238,#199239,#199240);
#199242=TOROIDAL_SURFACE('homeo Torus',#199241,4.,2.5);
#199243=CARTESIAN_POINT('Axis2P3D Location',(8826.15001929,-2551.36823955,755.60491));
#199244=DIRECTION('Axis2P3D Direction',(-5.94616052394e-15,-7.056022955180001e-14,1));
#199245=AXIS2_PLACEMENT_3D('Circle Axis2P3D',#199243,#199244,$);
#199246=CIRCLE('generated circle',#199245,2.5);
#199247=EDGE_CURVE('',#199151,#199052,#199246,.F.);
#199248=EDGE_LOOP('',(#199249,#199250,#199251,#199252));
#199249=ORIENTED_EDGE('',*,*,#199159,.T.);
#199250=ORIENTED_EDGE('',*,*,#199247,.T.);
#199251=ORIENTED_EDGE('',*,*,#199053,.F.);
#199252=ORIENTED_EDGE('',*,*,#199222,.F.);
#199253=FACE_OUTER_BOUND('',#199248,.T.);
#199254=ADVANCED_FACE('PartBody',(#199253),#199242,.F.);
#199255=CARTESIAN_POINT('Axis2P3D Location',(8826.15001929,-2551.36823955,747.37991));
#199256=DIRECTION('Axis2P3D Direction',(0,0,-1));
#199257=DIRECTION('Axis2P3D XDirection',(-0.9835147105149434,0.1808281344279896,0));
#199258=AXIS2_PLACEMENT_3D('Cylinder Axis2P3D',#199255,#199256,#199257);
#199259=CYLINDRICAL_SURFACE('generated cylinder',#199258,2.5);
#199260=CARTESIAN_POINT('Axis2P3D Location',(8826.15001929,-2551.36823955,739.15491));
#199261=DIRECTION('Axis2P3D Direction',(0,0,-1));
#199262=AXIS2_PLACEMENT_3D('Circle Axis2P3D',#199260,#199261,$);
#199263=CIRCLE('generated circle',#199262,2.5);
#199264=EDGE_CURVE('',#199144,#199071,#199263,.T.);
#199265=EDGE_LOOP('',(#199266,#199267,#199268,#199269));
#199266=ORIENTED_EDGE('',*,*,#199152,.T.);
#199267=ORIENTED_EDGE('',*,*,#199264,.T.);
#199268=ORIENTED_EDGE('',*,*,#199072,.F.);
#199269=ORIENTED_EDGE('',*,*,#199247,.F.);
#199270=FACE_OUTER_BOUND('',#199265,.T.);
#199271=ADVANCED_FACE('PartBody',(#199270),#199259,.F.);
#199272=CARTESIAN_POINT('Axis2P3D Location',(8825.42670675,-2555.30229839,739.15491));
#199273=DIRECTION('Axis2P3D Direction',(-0.9835147105149434,0.1808281344279896,6.911138328289602e-15));
#199274=DIRECTION('Axis2P3D XDirection',(0.1808281344279896,0.9835147105149434,-2.623542408959849e-13));
#199275=AXIS2_PLACEMENT_3D('Torus Axis2P3D',#199272,#199273,#199274);
#199276=TOROIDAL_SURFACE('homeo Torus',#199275,4.,2.5);
#199277=CARTESIAN_POINT('Axis2P3D Location',(8825.42670675,-2555.30229839,735.15491));
#199278=DIRECTION('Axis2P3D Direction',(0.1808281344279896,0.9835147105149434,1.516215503499913e-11));
#199279=AXIS2_PLACEMENT_3D('Circle Axis2P3D',#199277,#199278,$);
#199280=CIRCLE('generated circle',#199279,2.5);
#199281=EDGE_CURVE('',#199137,#199109,#199280,.F.);
#199282=EDGE_LOOP('',(#199283,#199284,#199285,#199286));
#199283=ORIENTED_EDGE('',*,*,#199145,.T.);
#199284=ORIENTED_EDGE('',*,*,#199281,.T.);
#199285=ORIENTED_EDGE('',*,*,#199110,.F.);
#199286=ORIENTED_EDGE('',*,*,#199264,.F.);
#199287=FACE_OUTER_BOUND('',#199282,.T.);
#199288=ADVANCED_FACE('PartBody',(#199287),#199276,.F.);
#199289=CARTESIAN_POINT('Axis2P3D Location',(8818.46482358,-2593.16761475,735.15491));
#199290=DIRECTION('Axis2P3D Direction',(0.1808281344279896,0.9835147105149434,0));
#199291=DIRECTION('Axis2P3D XDirection',(0,0,-1));
#199292=AXIS2_PLACEMENT_3D('Cylinder Axis2P3D',#199289,#199290,#199291);
#199293=CYLINDRICAL_SURFACE('generated cylinder',#199292,2.5);
#199294=CARTESIAN_POINT('Line Origine',(8816.30109121,-2592.76979285,733.967475791));
#199295=DIRECTION('Vector Direction',(0.1808281344279896,0.9835147105149434,0));
#199296=VECTOR('Line Direction',#199295,1.);
#199297=LINE('Line',#199294,#199296);
#199298=CARTESIAN_POINT('Vertex',(8811.910381449999,-2616.65063227,733.967476846));
#199299=VERTEX_POINT('',#199298);
#199300=CARTESIAN_POINT('Vertex',(8812.27918931,-2614.64470574,733.967475791));
#199301=VERTEX_POINT('',#199300);
#199302=EDGE_CURVE('',#199299,#199301,#199297,.T.);
#199303=B_SPLINE_CURVE_WITH_KNOTS('',5,(#199304,#199305,#199306,#199307,#199308,#199309,#199310,#199311,#199312,#199313,#199314,#199315),.UNSPECIFIED.,.F.,.U.,(6,3,3,6),(0.,1.45672831818,3.49917803386,5.03455840529),.UNSPECIFIED.);
#199304=CARTESIAN_POINT('Control Point',(8812.27918931,-2614.64470574,733.967475791));
#199305=CARTESIAN_POINT('Control Point',(8812.316442159999,-2614.44208942,733.967475791));
#199306=CARTESIAN_POINT('Control Point',(8812.364130329999,-2614.24139207,733.947817749));
#199307=CARTESIAN_POINT('Control Point',(8812.42173086,-2614.04570894,733.908417143));
#199308=CARTESIAN_POINT('Control Point',(8812.57982821,-2613.59265275,733.783224193));
#199309=CARTESIAN_POINT('Control Point',(8812.783724159999,-2613.17531459,733.606618133));
#199310=CARTESIAN_POINT('Control Point',(8812.91726054,-2612.94256315,733.497254927));
#199311=CARTESIAN_POINT('Control Point',(8813.176711939999,-2612.55234536,733.303719548));
#199312=CARTESIAN_POINT('Control Point',(8813.482187289999,-2612.19273027,733.119444123));
#199313=CARTESIAN_POINT('Control Point',(8813.62188373,-2612.04409904,733.0438576830001));
#199314=CARTESIAN_POINT('Control Point',(8813.77031233,-2611.90158232,732.973332372));
#199315=CARTESIAN_POINT('Control Point',(8813.927384369999,-2611.76583646,732.909698303));
#199316=CARTESIAN_POINT('Vertex',(8813.927384369999,-2611.76583646,732.909698303));
#199317=VERTEX_POINT('',#199316);
#199318=EDGE_CURVE('',#199301,#199317,#199303,.T.);
#199319=B_SPLINE_CURVE_WITH_KNOTS('',3,(#199320,#199321,#199322,#199323),.UNSPECIFIED.,.F.,.U.,(4,4),(0.,2.51979383063),.UNSPECIFIED.);
#199320=CARTESIAN_POINT('Control Point',(8813.927384369999,-2611.76583646,732.909698303));
#199321=CARTESIAN_POINT('Control Point',(8814.35701639,-2611.39453696,732.735642916));
#199322=CARTESIAN_POINT('Control Point',(8814.80721216,-2611.00546572,732.65491));
#199323=CARTESIAN_POINT('Control Point',(8815.256574049999,-2610.61711515,732.65491));
#199324=CARTESIAN_POINT('Vertex',(8815.256574049999,-2610.61711515,732.65491));
#199325=VERTEX_POINT('',#199324);
#199326=EDGE_CURVE('',#199317,#199325,#199319,.T.);
#199327=CARTESIAN_POINT('Line Origine',(8818.46482358,-2593.16761475,732.65491));
#199328=DIRECTION('Vector Direction',(0.1808281344279896,0.9835147105149434,0));
#199329=VECTOR('Line Direction',#199328,1.);
#199330=LINE('Line',#199327,#199329);
#199331=EDGE_CURVE('',#199109,#199325,#199330,.F.);
#199332=B_SPLINE_CURVE_WITH_KNOTS('',3,(#199333,#199334,#199335,#199336),.UNSPECIFIED.,.F.,.U.,(4,4),(3.82651978975,5.60757614047),.UNSPECIFIED.);
#199333=CARTESIAN_POINT('Control Point',(8811.9103808,-2616.65063215,733.967477011));
#199334=CARTESIAN_POINT('Control Point',(8811.730250799999,-2616.54408984,734.331403325));
#199335=CARTESIAN_POINT('Control Point',(8811.64315896,-2616.44500747,734.743139248));
#199336=CARTESIAN_POINT('Control Point',(8811.657933910001,-2616.36464731,735.15491));
#199337=EDGE_CURVE('',#199299,#199130,#199332,.T.);
#199338=EDGE_LOOP('',(#199339,#199340,#199341,#199342,#199343,#199344,#199345));
#199339=ORIENTED_EDGE('',*,*,#199302,.T.);
#199340=ORIENTED_EDGE('',*,*,#199318,.T.);
#199341=ORIENTED_EDGE('',*,*,#199326,.T.);
#199342=ORIENTED_EDGE('',*,*,#199331,.F.);
#199343=ORIENTED_EDGE('',*,*,#199281,.F.);
#199344=ORIENTED_EDGE('',*,*,#199138,.T.);
#199345=ORIENTED_EDGE('',*,*,#199337,.F.);
#199346=FACE_OUTER_BOUND('',#199338,.T.);
#199347=ADVANCED_FACE('PartBody',(#199346),#199293,.F.);
#199348=CARTESIAN_POINT('Axis2P3D Location',(8860.184626820001,-2479.89961983,719.85491));
#199349=DIRECTION('Axis2P3D Direction',(-0.9835147105149434,0.1808281344279896,6.911138328289602e-15));
#199350=DIRECTION('Axis2P3D XDirection',(6.78613368248e-15,-1.30995115779e-15,1));
#199351=AXIS2_PLACEMENT_3D('Cylinder Axis2P3D',#199348,#199349,#199350);
#199352=CYLINDRICAL_SURFACE('generated cylinder',#199351,9.);
#199353=CARTESIAN_POINT('Axis2P3D Location',(8862.44080957,-2480.31443957,719.85491));
#199354=DIRECTION('Axis2P3D Direction',(-0.9835147105149434,0.1808281344279896,6.911138328289602e-15));
#199355=AXIS2_PLACEMENT_3D('Circle Axis2P3D',#199353,#199354,$);
#199356=CIRCLE('generated circle',#199355,9.);
#199357=CARTESIAN_POINT('Vertex',(8864.033989129999,-2471.64921974,718.017590161));
#199358=VERTEX_POINT('',#199357);
#199359=CARTESIAN_POINT('Vertex',(8862.44080957,-2480.31443957,728.85491));
#199360=VERTEX_POINT('',#199359);
#199361=EDGE_CURVE('',#199358,#199360,#199356,.F.);
#199362=CARTESIAN_POINT('Line Origine',(8860.184626820001,-2479.89961983,728.85491));
#199363=DIRECTION('Vector Direction',(-0.9835147105149434,0.1808281344279896,4.889756461139719e-15));
#199364=VECTOR('Line Direction',#199363,1.);
#199365=LINE('Line',#199362,#199364);
#199366=CARTESIAN_POINT('Vertex',(8839.77669658,-2476.14743604,728.85491));
#199367=VERTEX_POINT('',#199366);
#199368=EDGE_CURVE('',#199367,#199360,#199365,.F.);
#199369=CARTESIAN_POINT('Axis2P3D Location',(8839.77669658,-2476.14743604,719.85491));
#199370=DIRECTION('Axis2P3D Direction',(-0.9835147105149434,0.1808281344279896,6.911138328289602e-15));
#199371=AXIS2_PLACEMENT_3D('Circle Axis2P3D',#199369,#199370,$);
#199372=CIRCLE('generated circle',#199371,9.);
#199373=CARTESIAN_POINT('Vertex',(8841.369876139999,-2467.48221621,718.017590161));
#199374=VERTEX_POINT('',#199373);
#199375=EDGE_CURVE('',#199367,#199374,#199372,.T.);
#199376=CARTESIAN_POINT('Line Origine',(8861.77780638,-2471.2344,718.017590161));
#199377=DIRECTION('Vector Direction',(-0.9835147105149434,0.1808281344279896,4.889756461139719e-15));
#199378=VECTOR('Line Direction',#199377,1.);
#199379=LINE('Line',#199376,#199378);
#199380=EDGE_CURVE('',#199374,#199358,#199379,.F.);
#199381=EDGE_LOOP('',(#199382,#199383,#199384,#199385));
#199382=ORIENTED_EDGE('',*,*,#199361,.T.);
#199383=ORIENTED_EDGE('',*,*,#199368,.F.);
#199384=ORIENTED_EDGE('',*,*,#199375,.T.);
#199385=ORIENTED_EDGE('',*,*,#199380,.T.);
#199386=FACE_OUTER_BOUND('',#199381,.T.);
#199387=ADVANCED_FACE('PartBody',(#199386),#199352,.F.);
#199388=CARTESIAN_POINT('Axis2P3D Location',(8833.87560831,-2475.06246723,728.85491));
#199389=DIRECTION('Axis2P3D Direction',(6.79720621228e-15,-1.24972825068e-15,1));
#199390=DIRECTION('Axis2P3D XDirection',(-0.1808281344279896,-0.9835147105149434,-1.627025617019906e-30));
#199391=AXIS2_PLACEMENT_3D('Plane Axis2P3D',#199388,#199389,#199390);
#199392=PLANE('',#199391);
#199393=CARTESIAN_POINT('Line Origine',(8860.382809070001,-2491.50779602,728.85491));
#199394=DIRECTION('Vector Direction',(-0.1808281344279896,-0.9835147105149434,0));
#199395=VECTOR('Line Direction',#199394,1.);
#199396=LINE('Line',#199393,#199395);
#199397=EDGE_CURVE('',#199360,#197640,#199396,.T.);
#199398=CARTESIAN_POINT('Line Origine',(8837.718696080001,-2487.34079249,728.85491));
#199399=DIRECTION('Vector Direction',(-0.1808281344279896,-0.9835147105149434,0));
#199400=VECTOR('Line Direction',#199399,1.);
#199401=LINE('Line',#199398,#199400);
#199402=EDGE_CURVE('',#197633,#199367,#199401,.F.);
#199403=EDGE_LOOP('',(#199404,#199405,#199406,#199407));
#199404=ORIENTED_EDGE('',*,*,#199397,.T.);
#199405=ORIENTED_EDGE('',*,*,#197641,.F.);
#199406=ORIENTED_EDGE('',*,*,#199402,.T.);
#199407=ORIENTED_EDGE('',*,*,#199368,.T.);
#199408=FACE_OUTER_BOUND('',#199403,.T.);
#199409=ADVANCED_FACE('PartBody',(#199408),#199392,.F.);
#199410=CARTESIAN_POINT('Axis2P3D Location',(8988.643409689999,-1652.64393245,-6.3163018635e-11));
#199411=DIRECTION('Axis2P3D Direction',(-0.9835147105149434,0.1808281344279896,6.911138328289602e-15));
#199412=DIRECTION('Axis2P3D XDirection',(-0.1808281344279896,-0.9835147105149434,-1.627025617019906e-30));
#199413=AXIS2_PLACEMENT_3D('Plane Axis2P3D',#199410,#199411,#199412);
#199414=PLANE('',#199413);
#199415=CARTESIAN_POINT('Line Origine',(8837.151396200001,-2476.60102444,705.642350156));
#199416=DIRECTION('Vector Direction',(-0.1770199513830736,-0.9628022032684,0.2041466487450848));
#199417=VECTOR('Line Direction',#199416,1.);
#199418=LINE('Line',#199415,#199417);
#199419=CARTESIAN_POINT('Vertex',(8837.947985979999,-2472.26841453,704.723690237));
#199420=VERTEX_POINT('',#199419);
#199421=EDGE_CURVE('',#199420,#197726,#199418,.T.);
#199422=CARTESIAN_POINT('Line Origine',(8838.208262730001,-2470.85278295,711.62582351));
#199423=DIRECTION('Vector Direction',(0.03691545764219395,0.2007812321429671,0.9789403177958396));
#199424=VECTOR('Line Direction',#199423,1.);
#199425=LINE('Line',#199422,#199424);
#199426=CARTESIAN_POINT('Vertex',(8838.468539490001,-2469.43715138,718.527956783));
#199427=VERTEX_POINT('',#199426);
#199428=EDGE_CURVE('',#199427,#199420,#199425,.F.);
#199429=CARTESIAN_POINT('Axis2P3D Location',(8837.3179098,-2475.6953657,719.85491));
#199430=DIRECTION('Axis2P3D Direction',(-0.9835147105149434,0.1808281344279896,6.911138328289602e-15));
#199431=AXIS2_PLACEMENT_3D('Circle Axis2P3D',#199429,#199430,$);
#199432=CIRCLE('generated circle',#199431,6.50000000001);
#199433=CARTESIAN_POINT('Vertex',(8837.3179098,-2475.6953657,726.35491));
#199434=VERTEX_POINT('',#199433);
#199435=EDGE_CURVE('',#199434,#199427,#199432,.T.);
#199436=CARTESIAN_POINT('Line Origine',(8835.64140774,-2484.81377223,726.35491));
#199437=DIRECTION('Vector Direction',(-0.1808281344279896,-0.9835147105149434,0));
#199438=VECTOR('Line Direction',#199437,1.);
#199439=LINE('Line',#199436,#199438);
#199440=EDGE_CURVE('',#197612,#199434,#199439,.F.);
#199441=EDGE_LOOP('',(#199442,#199443,#199444,#199445,#199446,#199447,#199448));
#199442=ORIENTED_EDGE('',*,*,#197615,.T.);
#199443=ORIENTED_EDGE('',*,*,#197689,.F.);
#199444=ORIENTED_EDGE('',*,*,#197732,.F.);
#199445=ORIENTED_EDGE('',*,*,#199421,.F.);
#199446=ORIENTED_EDGE('',*,*,#199428,.F.);
#199447=ORIENTED_EDGE('',*,*,#199435,.F.);
#199448=ORIENTED_EDGE('',*,*,#199440,.F.);
#199449=FACE_OUTER_BOUND('',#199441,.T.);
#199450=ADVANCED_FACE('PartBody',(#199449),#199414,.F.);
#199451=CARTESIAN_POINT('Axis2P3D Location',(8835.29425974,-2500.52717421,726.35491));
#199452=DIRECTION('Axis2P3D Direction',(-0.1808281344279896,-0.9835147105149434,0));
#199453=DIRECTION('Axis2P3D XDirection',(0,0,1));
#199454=AXIS2_PLACEMENT_3D('Cylinder Axis2P3D',#199451,#199452,#199453);
#199455=CYLINDRICAL_SURFACE('generated cylinder',#199454,2.5);
#199456=CARTESIAN_POINT('Axis2P3D Location',(8839.77669658,-2476.14743604,726.35491));
#199457=DIRECTION('Axis2P3D Direction',(-0.1808281344279896,-0.9835147105149434,0));
#199458=AXIS2_PLACEMENT_3D('Circle Axis2P3D',#199456,#199457,$);
#199459=CIRCLE('generated circle',#199458,2.5);
#199460=EDGE_CURVE('',#199434,#199367,#199459,.F.);
#199461=EDGE_LOOP('',(#199462,#199463,#199464,#199465));
#199462=ORIENTED_EDGE('',*,*,#197634,.T.);
#199463=ORIENTED_EDGE('',*,*,#199440,.T.);
#199464=ORIENTED_EDGE('',*,*,#199460,.T.);
#199465=ORIENTED_EDGE('',*,*,#199402,.F.);
#199466=FACE_OUTER_BOUND('',#199461,.T.);
#199467=ADVANCED_FACE('PartBody',(#199466),#199455,.F.);
#199468=CARTESIAN_POINT('Axis2P3D Location',(8839.77669658,-2476.14743604,719.85491));
#199469=DIRECTION('Axis2P3D Direction',(-0.9835147105149434,0.1808281344279896,6.918052435989602e-15));
#199470=DIRECTION('Axis2P3D XDirection',(0,-2.02109933727e-13,1));
#199471=AXIS2_PLACEMENT_3D('Torus Axis2P3D',#199468,#199469,#199470);
#199472=TOROIDAL_SURFACE('homeo Torus',#199471,6.5,2.5);
#199473=CARTESIAN_POINT('Axis2P3D Location',(8840.92732626,-2469.88922172,718.527956783));
#199474=DIRECTION('Axis2P3D Direction',(0.03691545764219395,0.2007812321429671,0.9789403177958396));
#199475=AXIS2_PLACEMENT_3D('Circle Axis2P3D',#199473,#199474,$);
#199476=CIRCLE('generated circle',#199475,2.5);
#199477=EDGE_CURVE('',#199427,#199374,#199476,.F.);
#199478=EDGE_LOOP('',(#199479,#199480,#199481,#199482));
#199479=ORIENTED_EDGE('',*,*,#199435,.T.);
#199480=ORIENTED_EDGE('',*,*,#199477,.T.);
#199481=ORIENTED_EDGE('',*,*,#199375,.F.);
#199482=ORIENTED_EDGE('',*,*,#199460,.F.);
#199483=FACE_OUTER_BOUND('',#199478,.T.);
#199484=ADVANCED_FACE('PartBody',(#199483),#199472,.F.);
#199485=CARTESIAN_POINT('Axis2P3D Location',(8840.37401139,-2472.8986722,703.85491));
#199486=DIRECTION('Axis2P3D Direction',(0.03691545764229381,0.2007812321429664,0.9789403177958361));
#199487=DIRECTION('Axis2P3D XDirection',(0.1770199513830736,0.9628022032684,-0.2041466487450848));
#199488=AXIS2_PLACEMENT_3D('Cylinder Axis2P3D',#199485,#199486,#199487);
#199489=CYLINDRICAL_SURFACE('generated cylinder',#199488,2.5);
#199490=CARTESIAN_POINT('Axis2P3D Location',(8840.406772750001,-2472.72048486,704.723690237));
#199491=DIRECTION('Axis2P3D Direction',(0.03691545764229381,0.2007812321429664,0.9789403177958361));
#199492=AXIS2_PLACEMENT_3D('Circle Axis2P3D',#199490,#199491,$);
#199493=CIRCLE('generated circle',#199492,2.5);
#199494=CARTESIAN_POINT('Vertex',(8840.84932263,-2470.31347936,704.213323615));
#199495=VERTEX_POINT('',#199494);
#199496=EDGE_CURVE('',#199495,#199420,#199493,.T.);
#199497=CARTESIAN_POINT('Line Origine',(8840.81656127,-2470.49166669,703.344543378));
#199498=DIRECTION('Vector Direction',(0.03691545764229381,0.2007812321429664,0.9789403177958361));
#199499=VECTOR('Line Direction',#199498,1.);
#199500=LINE('Line',#199497,#199499);
#199501=EDGE_CURVE('',#199374,#199495,#199500,.F.);
#199502=EDGE_LOOP('',(#199503,#199504,#199505,#199506));
#199503=ORIENTED_EDGE('',*,*,#199496,.F.);
#199504=ORIENTED_EDGE('',*,*,#199501,.F.);
#199505=ORIENTED_EDGE('',*,*,#199477,.F.);
#199506=ORIENTED_EDGE('',*,*,#199428,.T.);
#199507=FACE_OUTER_BOUND('',#199502,.T.);
#199508=ADVANCED_FACE('PartBody',(#199507),#199489,.F.);
#199509=CARTESIAN_POINT('Axis2P3D Location',(8837.194054,-2457.01361573,798.85491));
#199510=DIRECTION('Axis2P3D Direction',(6.79720621228e-15,-1.24972825068e-15,1));
#199511=DIRECTION('Axis2P3D XDirection',(-0.1808281344279896,-0.9835147105149434,-1.651677520309905e-30));
#199512=AXIS2_PLACEMENT_3D('Plane Axis2P3D',#199509,#199510,#199511);
#199513=PLANE('',#199512);
#199514=CARTESIAN_POINT('Line Origine',(8854.574725959999,-2460.20921052,798.85491));
#199515=DIRECTION('Vector Direction',(0.9835147105149434,-0.1808281344279896,-9.997083865779425e-15));
#199516=VECTOR('Line Direction',#199515,1.);
#199517=LINE('Line',#199514,#199516);
#199518=CARTESIAN_POINT('Vertex',(8843.39019667,-2458.15283297,798.85491));
#199519=VERTEX_POINT('',#199518);
#199520=CARTESIAN_POINT('Vertex',(8865.759255249999,-2462.26558806,798.85491));
#199521=VERTEX_POINT('',#199520);
#199522=EDGE_CURVE('',#199519,#199521,#199517,.T.);
#199523=CARTESIAN_POINT('Line Origine',(8840.249838440001,-2475.23307624,798.85491));
#199524=DIRECTION('Vector Direction',(-0.1808281344279896,-0.9835147105149434,0));
#199525=VECTOR('Line Direction',#199524,1.);
#199526=LINE('Line',#199523,#199525);
#199527=EDGE_CURVE('',#199519,#197538,#199526,.T.);
#199528=CARTESIAN_POINT('Line Origine',(8862.618897009999,-2479.34583133,798.85491));
#199529=DIRECTION('Vector Direction',(-0.1808281344279896,-0.9835147105149434,0));
#199530=VECTOR('Line Direction',#199529,1.);
#199531=LINE('Line',#199528,#199530);
#199532=EDGE_CURVE('',#199521,#197536,#199531,.T.);
#199533=EDGE_LOOP('',(#199534,#199535,#199536,#199537));
#199534=ORIENTED_EDGE('',*,*,#199522,.F.);
#199535=ORIENTED_EDGE('',*,*,#199527,.T.);
#199536=ORIENTED_EDGE('',*,*,#197539,.F.);
#199537=ORIENTED_EDGE('',*,*,#199532,.F.);
#199538=FACE_OUTER_BOUND('',#199533,.T.);
#199539=ADVANCED_FACE('PartBody',(#199538),#199513,.T.);
#199540=CARTESIAN_POINT('Axis2P3D Location',(8988.9384641,-1652.69818089,-6.31650919765e-11));
#199541=DIRECTION('Axis2P3D Direction',(-0.9835147105149434,0.1808281344279896,6.911138328289602e-15));
#199542=DIRECTION('Axis2P3D XDirection',(-0.1808281344279896,-0.9835147105149434,-1.651677520309905e-30));
#199543=AXIS2_PLACEMENT_3D('Plane Axis2P3D',#199540,#199541,#199542);
#199544=PLANE('',#199543);
#199545=CARTESIAN_POINT('Line Origine',(8841.00123206,-2457.32100357,817.314853021));
#199546=DIRECTION('Vector Direction',(-0.1719693007080267,-0.9353319799421453,0.3091611989100481));
#199547=VECTOR('Line Direction',#199546,1.);
#199548=LINE('Line',#199545,#199547);
#199549=CARTESIAN_POINT('Vertex',(8842.394364350001,-2449.74383036,814.810322004));
#199550=VERTEX_POINT('',#199549);
#199551=EDGE_CURVE('',#199550,#197752,#199548,.T.);
#199552=CARTESIAN_POINT('Line Origine',(8838.172550089999,-2472.70605598,801.35491));
#199553=DIRECTION('Vector Direction',(-0.1808281344279896,-0.9835147105149434,0));
#199554=VECTOR('Line Direction',#199553,1.);
#199555=LINE('Line',#199552,#199554);
#199556=CARTESIAN_POINT('Vertex',(8840.9314099,-2457.70076264,801.35491));
#199557=VERTEX_POINT('',#199556);
#199558=EDGE_CURVE('',#199557,#197557,#199555,.T.);
#199559=CARTESIAN_POINT('Axis2P3D Location',(8840.9314099,-2457.70076264,807.85491));
#199560=DIRECTION('Axis2P3D Direction',(-0.9835147105149434,0.1808281344279896,6.911138328289602e-15));
#199561=AXIS2_PLACEMENT_3D('Circle Axis2P3D',#199559,#199560,$);
#199562=CIRCLE('generated circle',#199561,6.5);
#199563=CARTESIAN_POINT('Vertex',(8842.08203958,-2451.44254831,806.527956783));
#199564=VERTEX_POINT('',#199563);
#199565=EDGE_CURVE('',#199564,#199557,#199562,.T.);
#199566=CARTESIAN_POINT('Line Origine',(8842.238201960001,-2450.59318934,810.669139394));
#199567=DIRECTION('Vector Direction',(-0.03691545764239368,-0.2007812321429656,-0.9789403177958323));
#199568=VECTOR('Line Direction',#199567,1.);
#199569=LINE('Line',#199566,#199568);
#199570=EDGE_CURVE('',#199550,#199564,#199569,.T.);
#199571=EDGE_LOOP('',(#199572,#199573,#199574,#199575,#199576,#199577,#199578));
#199572=ORIENTED_EDGE('',*,*,#199551,.T.);
#199573=ORIENTED_EDGE('',*,*,#197772,.F.);
#199574=ORIENTED_EDGE('',*,*,#197794,.T.);
#199575=ORIENTED_EDGE('',*,*,#197565,.T.);
#199576=ORIENTED_EDGE('',*,*,#199558,.F.);
#199577=ORIENTED_EDGE('',*,*,#199565,.F.);
#199578=ORIENTED_EDGE('',*,*,#199570,.F.);
#199579=FACE_OUTER_BOUND('',#199571,.T.);
#199580=ADVANCED_FACE('PartBody',(#199579),#199544,.F.);
#199581=CARTESIAN_POINT('Axis2P3D Location',(8845.19421901,-2448.3408504,823.85491));
#199582=DIRECTION('Axis2P3D Direction',(-0.03691545764219395,-0.2007812321429671,-0.9789403177958396));
#199583=DIRECTION('Axis2P3D XDirection',(-0.9835147105149434,0.1808281344279896,-1.728453927799901e-14));
#199584=AXIS2_PLACEMENT_3D('Cylinder Axis2P3D',#199581,#199582,#199583);
#199585=CYLINDRICAL_SURFACE('generated cylinder',#199584,2.5);
#199586=B_SPLINE_CURVE_WITH_KNOTS('',5,(#199587,#199588,#199589,#199590,#199591,#199592),.UNSPECIFIED.,.F.,.U.,(6,6),(0.,5.56981198323),.UNSPECIFIED.);
#199587=CARTESIAN_POINT('Control Point',(8845.28562775,-2447.84368304,814.032828616));
#199588=CARTESIAN_POINT('Control Point',(8844.51092269,-2447.70124647,814.032828616));
#199589=CARTESIAN_POINT('Control Point',(8843.68142714,-2447.85011251,814.129187331));
#199590=CARTESIAN_POINT('Control Point',(8842.96606954,-2448.32473698,814.322990095));
#199591=CARTESIAN_POINT('Control Point',(8842.529822910001,-2449.00707837,814.566798706));
#199592=CARTESIAN_POINT('Control Point',(8842.394364350001,-2449.74383036,814.810322004));
#199593=CARTESIAN_POINT('Vertex',(8845.28562775,-2447.84368304,814.032828616));
#199594=VERTEX_POINT('',#199593);
#199595=EDGE_CURVE('',#199594,#199550,#199586,.T.);
#199596=CARTESIAN_POINT('Axis2P3D Location',(8844.54082636,-2451.89461865,806.527956783));
#199597=DIRECTION('Axis2P3D Direction',(-0.03691545764219395,-0.2007812321429671,-0.9789403177958396));
#199598=AXIS2_PLACEMENT_3D('Circle Axis2P3D',#199596,#199597,$);
#199599=CIRCLE('generated circle',#199598,2.5);
#199600=CARTESIAN_POINT('Vertex',(8844.983376239999,-2449.48761314,806.017590161));
#199601=VERTEX_POINT('',#199600);
#199602=EDGE_CURVE('',#199564,#199601,#199599,.T.);
#199603=CARTESIAN_POINT('Line Origine',(8845.636768890001,-2445.9338449,823.344543378));
#199604=DIRECTION('Vector Direction',(-0.03691545764219395,-0.2007812321429671,-0.9789403177958396));
#199605=VECTOR('Line Direction',#199604,1.);
#199606=LINE('Line',#199603,#199605);
#199607=EDGE_CURVE('',#199594,#199601,#199606,.T.);
#199608=EDGE_LOOP('',(#199609,#199610,#199611,#199612));
#199609=ORIENTED_EDGE('',*,*,#199595,.T.);
#199610=ORIENTED_EDGE('',*,*,#199570,.T.);
#199611=ORIENTED_EDGE('',*,*,#199602,.T.);
#199612=ORIENTED_EDGE('',*,*,#199607,.F.);
#199613=FACE_OUTER_BOUND('',#199608,.T.);
#199614=ADVANCED_FACE('PartBody',(#199613),#199585,.F.);
#199615=CARTESIAN_POINT('Axis2P3D Location',(8843.39019667,-2458.15283297,807.85491));
#199616=DIRECTION('Axis2P3D Direction',(-0.9835147105149434,0.1808281344279896,6.904199434389603e-15));
#199617=DIRECTION('Axis2P3D XDirection',(0.1770199513830736,0.9628022032684,-0.2041466487450848));
#199618=AXIS2_PLACEMENT_3D('Torus Axis2P3D',#199615,#199616,#199617);
#199619=TOROIDAL_SURFACE('homeo Torus',#199618,6.5,2.5);
#199620=CARTESIAN_POINT('Axis2P3D Location',(8843.39019667,-2458.15283297,801.35491));
#199621=DIRECTION('Axis2P3D Direction',(0.1808281344279896,0.9835147105149434,-4.848272561299721e-14));
#199622=AXIS2_PLACEMENT_3D('Circle Axis2P3D',#199620,#199621,$);
#199623=CIRCLE('generated circle',#199622,2.5);
#199624=EDGE_CURVE('',#199557,#199519,#199623,.F.);
#199625=CARTESIAN_POINT('Axis2P3D Location',(8843.39019667,-2458.15283297,807.85491));
#199626=DIRECTION('Axis2P3D Direction',(-0.9835147105149434,0.1808281344279896,6.904199434389603e-15));
#199627=AXIS2_PLACEMENT_3D('Circle Axis2P3D',#199625,#199626,$);
#199628=CIRCLE('generated circle',#199627,9.);
#199629=EDGE_CURVE('',#199601,#199519,#199628,.T.);
#199630=EDGE_LOOP('',(#199631,#199632,#199633,#199634));
#199631=ORIENTED_EDGE('',*,*,#199565,.T.);
#199632=ORIENTED_EDGE('',*,*,#199624,.T.);
#199633=ORIENTED_EDGE('',*,*,#199629,.F.);
#199634=ORIENTED_EDGE('',*,*,#199602,.F.);
#199635=FACE_OUTER_BOUND('',#199630,.T.);
#199636=ADVANCED_FACE('PartBody',(#199635),#199619,.F.);
#199637=CARTESIAN_POINT('Axis2P3D Location',(8840.114467359999,-2475.96935242,801.35491));
#199638=DIRECTION('Axis2P3D Direction',(-0.1808281344279896,-0.9835147105149434,-0));
#199639=DIRECTION('Axis2P3D XDirection',(-0.9835147105149434,0.1808281344279896,1.836970198719894e-16));
#199640=AXIS2_PLACEMENT_3D('Cylinder Axis2P3D',#199637,#199638,#199639);
#199641=CYLINDRICAL_SURFACE('generated cylinder',#199640,2.5);
#199642=EDGE_LOOP('',(#199643,#199644,#199645,#199646));
#199643=ORIENTED_EDGE('',*,*,#197558,.F.);
#199644=ORIENTED_EDGE('',*,*,#199527,.F.);
#199645=ORIENTED_EDGE('',*,*,#199624,.F.);
#199646=ORIENTED_EDGE('',*,*,#199558,.T.);
#199647=FACE_OUTER_BOUND('',#199642,.T.);
#199648=ADVANCED_FACE('PartBody',(#199647),#199641,.F.);
#199649=CARTESIAN_POINT('Axis2P3D Location',(8869.85238215,-2508.05685559,788.5549099999999));
#199650=DIRECTION('Axis2P3D Direction',(-0.9835147105149434,0.1808281344279896,6.911138328289602e-15));
#199651=DIRECTION('Axis2P3D XDirection',(6.82628559415e-15,-1.09156702245e-15,1));
#199652=AXIS2_PLACEMENT_3D('Cylinder Axis2P3D',#199649,#199650,#199651);
#199653=CYLINDRICAL_SURFACE('generated cylinder',#199652,6.5);
#199654=CARTESIAN_POINT('Axis2P3D Location',(8857.749250119999,-2505.83158457,788.5549099999999));
#199655=DIRECTION('Axis2P3D Direction',(-0.9835147105149434,0.1808281344279896,6.911138328289602e-15));
#199656=AXIS2_PLACEMENT_3D('Circle Axis2P3D',#199654,#199655,$);
#199657=CIRCLE('generated circle',#199656,6.5);
#199658=CARTESIAN_POINT('Vertex',(8858.924633000001,-2499.43873895,788.5549099999999));
#199659=VERTEX_POINT('',#199658);
#199660=CARTESIAN_POINT('Vertex',(8857.749250119999,-2505.83158457,795.0549099999999));
#199661=VERTEX_POINT('',#199660);
#199662=EDGE_CURVE('',#199659,#199661,#199657,.F.);
#199663=CARTESIAN_POINT('Line Origine',(8869.85238215,-2508.05685559,795.0549099999999));
#199664=DIRECTION('Vector Direction',(-0.9835147105149434,0.1808281344279896,5.882889403449662e-15));
#199665=VECTOR('Line Direction',#199664,1.);
#199666=LINE('Line',#199663,#199665);
#199667=CARTESIAN_POINT('Vertex',(8834.29832537,-2501.51991853,795.0549099999999));
#199668=VERTEX_POINT('',#199667);
#199669=EDGE_CURVE('',#199668,#199661,#199666,.F.);
#199670=CARTESIAN_POINT('Axis2P3D Location',(8834.29832537,-2501.51991853,788.5549099999999));
#199671=DIRECTION('Axis2P3D Direction',(-0.9835147105149434,0.1808281344279896,6.911138328289602e-15));
#199672=AXIS2_PLACEMENT_3D('Circle Axis2P3D',#199670,#199671,$);
#199673=CIRCLE('generated circle',#199672,6.5);
#199674=CARTESIAN_POINT('Vertex',(8835.473708240001,-2495.12707291,788.5549099999999));
#199675=VERTEX_POINT('',#199674);
#199676=EDGE_CURVE('',#199668,#199675,#199673,.T.);
#199677=CARTESIAN_POINT('Line Origine',(8871.02776503,-2501.66400997,788.5549099999999));
#199678=DIRECTION('Vector Direction',(-0.9835147105149434,0.1808281344279896,5.882889403449662e-15));
#199679=VECTOR('Line Direction',#199678,1.);
#199680=LINE('Line',#199677,#199679);
#199681=EDGE_CURVE('',#199675,#199659,#199680,.F.);
#199682=EDGE_LOOP('',(#199683,#199684,#199685,#199686));
#199683=ORIENTED_EDGE('',*,*,#199662,.T.);
#199684=ORIENTED_EDGE('',*,*,#199669,.F.);
#199685=ORIENTED_EDGE('',*,*,#199676,.T.);
#199686=ORIENTED_EDGE('',*,*,#199681,.T.);
#199687=FACE_OUTER_BOUND('',#199682,.T.);
#199688=ADVANCED_FACE('PartBody',(#199687),#199653,.F.);
#199689=CARTESIAN_POINT('Axis2P3D Location',(8830.359431749999,-2494.18676662,788.5549099999999));
#199690=DIRECTION('Axis2P3D Direction',(-0.1808281344279896,-0.9835147105149434,-1.972152263049887e-30));
#199691=DIRECTION('Axis2P3D XDirection',(-6.79720621228e-15,1.24972825068e-15,-1));
#199692=AXIS2_PLACEMENT_3D('Plane Axis2P3D',#199689,#199690,#199691);
#199693=PLANE('',#199692);
#199694=CARTESIAN_POINT('Line Origine',(8835.473708240001,-2495.12707291,780.32991));
#199695=DIRECTION('Vector Direction',(0,0,-1));
#199696=VECTOR('Line Direction',#199695,1.);
#199697=LINE('Line',#199694,#199696);
#199698=CARTESIAN_POINT('Vertex',(8835.473708240001,-2495.12707291,772.10491));
#199699=VERTEX_POINT('',#199698);
#199700=EDGE_CURVE('',#199675,#199699,#199697,.T.);
#199701=CARTESIAN_POINT('Line Origine',(8847.199170620001,-2497.28290593,772.10491));
#199702=DIRECTION('Vector Direction',(0.9835147105149434,-0.1808281344279896,-9.535886405099451e-15));
#199703=VECTOR('Line Direction',#199702,1.);
#199704=LINE('Line',#199701,#199703);
#199705=CARTESIAN_POINT('Vertex',(8858.924633000001,-2499.43873895,772.10491));
#199706=VERTEX_POINT('',#199705);
#199707=EDGE_CURVE('',#199699,#199706,#199704,.T.);
#199708=CARTESIAN_POINT('Line Origine',(8858.924633000001,-2499.43873895,780.32991));
#199709=DIRECTION('Vector Direction',(0,0,-1));
#199710=VECTOR('Line Direction',#199709,1.);
#199711=LINE('Line',#199708,#199710);
#199712=EDGE_CURVE('',#199659,#199706,#199711,.T.);
#199713=EDGE_LOOP('',(#199714,#199715,#199716,#199717));
#199714=ORIENTED_EDGE('',*,*,#199681,.F.);
#199715=ORIENTED_EDGE('',*,*,#199700,.T.);
#199716=ORIENTED_EDGE('',*,*,#199707,.T.);
#199717=ORIENTED_EDGE('',*,*,#199712,.F.);
#199718=FACE_OUTER_BOUND('',#199713,.T.);
#199719=ADVANCED_FACE('PartBody',(#199718),#199693,.T.);
#199720=CARTESIAN_POINT('Axis2P3D Location',(8869.85238215,-2508.05685559,772.10491));
#199721=DIRECTION('Axis2P3D Direction',(-0.9835147105149434,0.1808281344279896,6.911138328289602e-15));
#199722=DIRECTION('Axis2P3D XDirection',(0.1808281344279896,0.9835147105149434,-1.992735905429886e-13));
#199723=AXIS2_PLACEMENT_3D('Cylinder Axis2P3D',#199720,#199721,#199722);
#199724=CYLINDRICAL_SURFACE('generated cylinder',#199723,6.5);
#199725=CARTESIAN_POINT('Axis2P3D Location',(8857.749250119999,-2505.83158457,772.10491));
#199726=DIRECTION('Axis2P3D Direction',(-0.9835147105149434,0.1808281344279896,6.911138328289602e-15));
#199727=AXIS2_PLACEMENT_3D('Circle Axis2P3D',#199725,#199726,$);
#199728=CIRCLE('generated circle',#199727,6.5);
#199729=CARTESIAN_POINT('Vertex',(8857.749250119999,-2505.83158457,765.60491));
#199730=VERTEX_POINT('',#199729);
#199731=EDGE_CURVE('',#199730,#199706,#199728,.F.);
#199732=CARTESIAN_POINT('Axis2P3D Location',(8834.29832537,-2501.51991853,772.10491));
#199733=DIRECTION('Axis2P3D Direction',(-0.9835147105149434,0.1808281344279896,6.911138328289602e-15));
#199734=AXIS2_PLACEMENT_3D('Circle Axis2P3D',#199732,#199733,$);
#199735=CIRCLE('generated circle',#199734,6.5);
#199736=CARTESIAN_POINT('Vertex',(8834.29832537,-2501.51991853,765.60491));
#199737=VERTEX_POINT('',#199736);
#199738=EDGE_CURVE('',#199699,#199737,#199735,.T.);
#199739=CARTESIAN_POINT('Line Origine',(8869.85238215,-2508.05685559,765.60491));
#199740=DIRECTION('Vector Direction',(-0.9835147105149434,0.1808281344279896,5.882889403449662e-15));
#199741=VECTOR('Line Direction',#199740,1.);
#199742=LINE('Line',#199739,#199741);
#199743=EDGE_CURVE('',#199737,#199730,#199742,.F.);
#199744=EDGE_LOOP('',(#199745,#199746,#199747,#199748));
#199745=ORIENTED_EDGE('',*,*,#199731,.T.);
#199746=ORIENTED_EDGE('',*,*,#199707,.F.);
#199747=ORIENTED_EDGE('',*,*,#199738,.T.);
#199748=ORIENTED_EDGE('',*,*,#199743,.T.);
#199749=FACE_OUTER_BOUND('',#199744,.T.);
#199750=ADVANCED_FACE('PartBody',(#199749),#199724,.F.);
#199751=CARTESIAN_POINT('Axis2P3D Location',(8829.18404887,-2500.57961223,765.60491));
#199752=DIRECTION('Axis2P3D Direction',(6.79720621228e-15,-1.24972825068e-15,1));
#199753=DIRECTION('Axis2P3D XDirection',(-0.1808281344279896,-0.9835147105149434,-1.799588940039897e-30));
#199754=AXIS2_PLACEMENT_3D('Plane Axis2P3D',#199751,#199752,#199753);
#199755=PLANE('',#199754);
#199756=CARTESIAN_POINT('Line Origine',(8830.86259081,-2520.20669803,765.60491));
#199757=DIRECTION('Vector Direction',(-0.1808281344279896,-0.9835147105149434,0));
#199758=VECTOR('Line Direction',#199757,1.);
#199759=LINE('Line',#199756,#199758);
#199760=CARTESIAN_POINT('Vertex',(8827.426856259999,-2538.89347753,765.60491));
#199761=VERTEX_POINT('',#199760);
#199762=EDGE_CURVE('',#199737,#199761,#199759,.T.);
#199763=CARTESIAN_POINT('Line Origine',(8839.152318640001,-2541.04931055,765.60491));
#199764=DIRECTION('Vector Direction',(0.9835147105149434,-0.1808281344279896,-9.535886405099451e-15));
#199765=VECTOR('Line Direction',#199764,1.);
#199766=LINE('Line',#199763,#199765);
#199767=CARTESIAN_POINT('Vertex',(8850.877781020001,-2543.20514357,765.60491));
#199768=VERTEX_POINT('',#199767);
#199769=EDGE_CURVE('',#199761,#199768,#199766,.T.);
#199770=CARTESIAN_POINT('Line Origine',(8854.31351557,-2524.51836407,765.60491));
#199771=DIRECTION('Vector Direction',(-0.1808281344279896,-0.9835147105149434,0));
#199772=VECTOR('Line Direction',#199771,1.);
#199773=LINE('Line',#199770,#199772);
#199774=EDGE_CURVE('',#199730,#199768,#199773,.T.);
#199775=EDGE_LOOP('',(#199776,#199777,#199778,#199779));
#199776=ORIENTED_EDGE('',*,*,#199743,.F.);
#199777=ORIENTED_EDGE('',*,*,#199762,.T.);
#199778=ORIENTED_EDGE('',*,*,#199769,.T.);
#199779=ORIENTED_EDGE('',*,*,#199774,.F.);
#199780=FACE_OUTER_BOUND('',#199775,.T.);
#199781=ADVANCED_FACE('PartBody',(#199780),#199755,.T.);
#199782=CARTESIAN_POINT('Axis2P3D Location',(8862.980913040001,-2545.43041459,772.10491));
#199783=DIRECTION('Axis2P3D Direction',(-0.9835147105149434,0.1808281344279896,6.911138328289602e-15));
#199784=DIRECTION('Axis2P3D XDirection',(-6.76398862288e-15,1.430396972e-15,-1));
#199785=AXIS2_PLACEMENT_3D('Cylinder Axis2P3D',#199782,#199783,#199784);
#199786=CYLINDRICAL_SURFACE('generated cylinder',#199785,6.5);
#199787=CARTESIAN_POINT('Axis2P3D Location',(8850.877781020001,-2543.20514357,772.10491));
#199788=DIRECTION('Axis2P3D Direction',(-0.9835147105149434,0.1808281344279896,6.911138328289602e-15));
#199789=AXIS2_PLACEMENT_3D('Circle Axis2P3D',#199787,#199788,$);
#199790=CIRCLE('generated circle',#199789,6.5);
#199791=CARTESIAN_POINT('Vertex',(8849.70239814,-2549.59798919,772.10491));
#199792=VERTEX_POINT('',#199791);
#199793=EDGE_CURVE('',#199792,#199768,#199790,.F.);
#199794=CARTESIAN_POINT('Axis2P3D Location',(8827.426856259999,-2538.89347753,772.10491));
#199795=DIRECTION('Axis2P3D Direction',(-0.9835147105149434,0.1808281344279896,6.911138328289602e-15));
#199796=AXIS2_PLACEMENT_3D('Circle Axis2P3D',#199794,#199795,$);
#199797=CIRCLE('generated circle',#199796,6.5);
#199798=CARTESIAN_POINT('Vertex',(8826.25147338,-2545.28632315,772.10491));
#199799=VERTEX_POINT('',#199798);
#199800=EDGE_CURVE('',#199761,#199799,#199797,.T.);
#199801=CARTESIAN_POINT('Line Origine',(8861.805530170001,-2551.82326021,772.10491));
#199802=DIRECTION('Vector Direction',(-0.9835147105149434,0.1808281344279896,5.882889403449662e-15));
#199803=VECTOR('Line Direction',#199802,1.);
#199804=LINE('Line',#199801,#199803);
#199805=EDGE_CURVE('',#199799,#199792,#199804,.F.);
#199806=EDGE_LOOP('',(#199807,#199808,#199809,#199810));
#199807=ORIENTED_EDGE('',*,*,#199793,.T.);
#199808=ORIENTED_EDGE('',*,*,#199769,.F.);
#199809=ORIENTED_EDGE('',*,*,#199800,.T.);
#199810=ORIENTED_EDGE('',*,*,#199805,.T.);
#199811=FACE_OUTER_BOUND('',#199806,.T.);
#199812=ADVANCED_FACE('PartBody',(#199811),#199786,.F.);
#199813=CARTESIAN_POINT('Axis2P3D Location',(8821.13719689,-2544.34601685,772.10491));
#199814=DIRECTION('Axis2P3D Direction',(0.1808281344279896,0.9835147105149434,1.972152263049887e-30));
#199815=DIRECTION('Axis2P3D XDirection',(6.79720621228e-15,-1.24972825068e-15,1));
#199816=AXIS2_PLACEMENT_3D('Plane Axis2P3D',#199813,#199814,#199815);
#199817=PLANE('',#199816);
#199818=CARTESIAN_POINT('Line Origine',(8826.25147338,-2545.28632315,780.32991));
#199819=DIRECTION('Vector Direction',(0,0,1));
#199820=VECTOR('Line Direction',#199819,1.);
#199821=LINE('Line',#199818,#199820);
#199822=CARTESIAN_POINT('Vertex',(8826.25147338,-2545.28632315,788.5549099999999));
#199823=VERTEX_POINT('',#199822);
#199824=EDGE_CURVE('',#199799,#199823,#199821,.T.);
#199825=CARTESIAN_POINT('Line Origine',(8837.97693576,-2547.44215617,788.5549099999999));
#199826=DIRECTION('Vector Direction',(0.9835147105149434,-0.1808281344279896,-9.535886405099451e-15));
#199827=VECTOR('Line Direction',#199826,1.);
#199828=LINE('Line',#199825,#199827);
#199829=CARTESIAN_POINT('Vertex',(8849.70239814,-2549.59798919,788.5549099999999));
#199830=VERTEX_POINT('',#199829);
#199831=EDGE_CURVE('',#199823,#199830,#199828,.T.);
#199832=CARTESIAN_POINT('Line Origine',(8849.70239814,-2549.59798919,780.32991));
#199833=DIRECTION('Vector Direction',(0,0,1));
#199834=VECTOR('Line Direction',#199833,1.);
#199835=LINE('Line',#199832,#199834);
#199836=EDGE_CURVE('',#199792,#199830,#199835,.T.);
#199837=EDGE_LOOP('',(#199838,#199839,#199840,#199841));
#199838=ORIENTED_EDGE('',*,*,#199805,.F.);
#199839=ORIENTED_EDGE('',*,*,#199824,.T.);
#199840=ORIENTED_EDGE('',*,*,#199831,.T.);
#199841=ORIENTED_EDGE('',*,*,#199836,.F.);
#199842=FACE_OUTER_BOUND('',#199837,.T.);
#199843=ADVANCED_FACE('PartBody',(#199842),#199817,.T.);
#199844=CARTESIAN_POINT('Axis2P3D Location',(8862.980913040001,-2545.43041459,788.5549099999999));
#199845=DIRECTION('Axis2P3D Direction',(-0.9835147105149434,0.1808281344279896,6.911138328289602e-15));
#199846=DIRECTION('Axis2P3D XDirection',(-0.1808281344279896,-0.9835147105149434,-7.66282734539956e-14));
#199847=AXIS2_PLACEMENT_3D('Cylinder Axis2P3D',#199844,#199845,#199846);
#199848=CYLINDRICAL_SURFACE('generated cylinder',#199847,6.5);
#199849=CARTESIAN_POINT('Axis2P3D Location',(8850.877781020001,-2543.20514357,788.5549099999999));
#199850=DIRECTION('Axis2P3D Direction',(-0.9835147105149434,0.1808281344279896,6.911138328289602e-15));
#199851=AXIS2_PLACEMENT_3D('Circle Axis2P3D',#199849,#199850,$);
#199852=CIRCLE('generated circle',#199851,6.5);
#199853=CARTESIAN_POINT('Vertex',(8850.877781020001,-2543.20514357,795.0549099999999));
#199854=VERTEX_POINT('',#199853);
#199855=EDGE_CURVE('',#199854,#199830,#199852,.F.);
#199856=CARTESIAN_POINT('Axis2P3D Location',(8827.426856259999,-2538.89347753,788.5549099999999));
#199857=DIRECTION('Axis2P3D Direction',(-0.9835147105149434,0.1808281344279896,6.911138328289602e-15));
#199858=AXIS2_PLACEMENT_3D('Circle Axis2P3D',#199856,#199857,$);
#199859=CIRCLE('generated circle',#199858,6.5);
#199860=CARTESIAN_POINT('Vertex',(8827.426856259999,-2538.89347753,795.0549099999999));
#199861=VERTEX_POINT('',#199860);
#199862=EDGE_CURVE('',#199823,#199861,#199859,.T.);
#199863=CARTESIAN_POINT('Line Origine',(8862.980913040001,-2545.43041459,795.0549099999999));
#199864=DIRECTION('Vector Direction',(-0.9835147105149434,0.1808281344279896,5.882889403449662e-15));
#199865=VECTOR('Line Direction',#199864,1.);
#199866=LINE('Line',#199863,#199865);
#199867=EDGE_CURVE('',#199861,#199854,#199866,.F.);
#199868=EDGE_LOOP('',(#199869,#199870,#199871,#199872));
#199869=ORIENTED_EDGE('',*,*,#199855,.T.);
#199870=ORIENTED_EDGE('',*,*,#199831,.F.);
#199871=ORIENTED_EDGE('',*,*,#199862,.T.);
#199872=ORIENTED_EDGE('',*,*,#199867,.T.);
#199873=FACE_OUTER_BOUND('',#199868,.T.);
#199874=ADVANCED_FACE('PartBody',(#199873),#199848,.F.);
#199875=CARTESIAN_POINT('Axis2P3D Location',(8829.18404887,-2500.57961223,795.0549099999999));
#199876=DIRECTION('Axis2P3D Direction',(6.79720621228e-15,-1.24972825068e-15,1));
#199877=DIRECTION('Axis2P3D XDirection',(-0.1808281344279896,-0.9835147105149434,-1.799588940039897e-30));
#199878=AXIS2_PLACEMENT_3D('Plane Axis2P3D',#199875,#199876,#199877);
#199879=PLANE('',#199878);
#199880=CARTESIAN_POINT('Line Origine',(8854.31351557,-2524.51836407,795.0549099999999));
#199881=DIRECTION('Vector Direction',(-0.1808281344279896,-0.9835147105149434,0));
#199882=VECTOR('Line Direction',#199881,1.);
#199883=LINE('Line',#199880,#199882);
#199884=EDGE_CURVE('',#199661,#199854,#199883,.T.);
#199885=CARTESIAN_POINT('Line Origine',(8830.86259081,-2520.20669803,795.0549099999999));
#199886=DIRECTION('Vector Direction',(-0.1808281344279896,-0.9835147105149434,0));
#199887=VECTOR('Line Direction',#199886,1.);
#199888=LINE('Line',#199885,#199887);
#199889=EDGE_CURVE('',#199861,#199668,#199888,.F.);
#199890=EDGE_LOOP('',(#199891,#199892,#199893,#199894));
#199891=ORIENTED_EDGE('',*,*,#199884,.T.);
#199892=ORIENTED_EDGE('',*,*,#199867,.F.);
#199893=ORIENTED_EDGE('',*,*,#199889,.T.);
#199894=ORIENTED_EDGE('',*,*,#199669,.T.);
#199895=FACE_OUTER_BOUND('',#199890,.T.);
#199896=ADVANCED_FACE('PartBody',(#199895),#199879,.F.);
#199897=CARTESIAN_POINT('Axis2P3D Location',(8987.856597919999,-1652.49926995,-6.315748972429999e-11));
#199898=DIRECTION('Axis2P3D Direction',(-0.9835147105149434,0.1808281344279896,6.911138328289602e-15));
#199899=DIRECTION('Axis2P3D XDirection',(-0.1808281344279896,-0.9835147105149434,-1.799588940039897e-30));
#199900=AXIS2_PLACEMENT_3D('Plane Axis2P3D',#199897,#199898,#199899);
#199901=PLANE('',#199900);
#199902=CARTESIAN_POINT('Axis2P3D Location',(8824.968069480001,-2538.4414072,788.5549099999999));
#199903=DIRECTION('Axis2P3D Direction',(-0.9835147105149434,0.1808281344279896,6.911138328289602e-15));
#199904=AXIS2_PLACEMENT_3D('Circle Axis2P3D',#199902,#199903,$);
#199905=CIRCLE('generated circle',#199904,4.);
#199906=CARTESIAN_POINT('Vertex',(8824.244756939999,-2542.37546604,788.5549099999999));
#199907=VERTEX_POINT('',#199906);
#199908=CARTESIAN_POINT('Vertex',(8824.968069480001,-2538.4414072,792.5549099999999));
#199909=VERTEX_POINT('',#199908);
#199910=EDGE_CURVE('',#199907,#199909,#199905,.T.);
#199911=CARTESIAN_POINT('Line Origine',(8824.244756939999,-2542.37546604,780.32991));
#199912=DIRECTION('Vector Direction',(0,0,1));
#199913=VECTOR('Line Direction',#199912,1.);
#199914=LINE('Line',#199911,#199913);
#199915=CARTESIAN_POINT('Vertex',(8824.244756939999,-2542.37546604,772.10491));
#199916=VERTEX_POINT('',#199915);
#199917=EDGE_CURVE('',#199916,#199907,#199914,.T.);
#199918=CARTESIAN_POINT('Axis2P3D Location',(8824.968069480001,-2538.4414072,772.10491));
#199919=DIRECTION('Axis2P3D Direction',(-0.9835147105149434,0.1808281344279896,6.911138328289602e-15));
#199920=AXIS2_PLACEMENT_3D('Circle Axis2P3D',#199918,#199919,$);
#199921=CIRCLE('generated circle',#199920,4.);
#199922=CARTESIAN_POINT('Vertex',(8824.968069480001,-2538.4414072,768.10491));
#199923=VERTEX_POINT('',#199922);
#199924=EDGE_CURVE('',#199923,#199916,#199921,.T.);
#199925=CARTESIAN_POINT('Line Origine',(8828.403804039999,-2519.7546277,768.10491));
#199926=DIRECTION('Vector Direction',(-0.1808281344279896,-0.9835147105149434,0));
#199927=VECTOR('Line Direction',#199926,1.);
#199928=LINE('Line',#199925,#199927);
#199929=CARTESIAN_POINT('Vertex',(8831.83953859,-2501.0678482,768.10491));
#199930=VERTEX_POINT('',#199929);
#199931=EDGE_CURVE('',#199930,#199923,#199928,.T.);
#199932=CARTESIAN_POINT('Axis2P3D Location',(8831.83953859,-2501.0678482,772.10491));
#199933=DIRECTION('Axis2P3D Direction',(-0.9835147105149434,0.1808281344279896,6.911138328289602e-15));
#199934=AXIS2_PLACEMENT_3D('Circle Axis2P3D',#199932,#199933,$);
#199935=CIRCLE('generated circle',#199934,4.);
#199936=CARTESIAN_POINT('Vertex',(8832.56285113,-2497.13378935,772.10491));
#199937=VERTEX_POINT('',#199936);
#199938=EDGE_CURVE('',#199937,#199930,#199935,.T.);
#199939=CARTESIAN_POINT('Line Origine',(8832.56285113,-2497.13378935,780.32991));
#199940=DIRECTION('Vector Direction',(0,0,-1));
#199941=VECTOR('Line Direction',#199940,1.);
#199942=LINE('Line',#199939,#199941);
#199943=CARTESIAN_POINT('Vertex',(8832.56285113,-2497.13378935,788.5549099999999));
#199944=VERTEX_POINT('',#199943);
#199945=EDGE_CURVE('',#199944,#199937,#199942,.T.);
#199946=CARTESIAN_POINT('Axis2P3D Location',(8831.83953859,-2501.0678482,788.5549099999999));
#199947=DIRECTION('Axis2P3D Direction',(-0.9835147105149434,0.1808281344279896,6.911138328289602e-15));
#199948=AXIS2_PLACEMENT_3D('Circle Axis2P3D',#199946,#199947,$);
#199949=CIRCLE('generated circle',#199948,4.);
#199950=CARTESIAN_POINT('Vertex',(8831.83953859,-2501.0678482,792.5549099999999));
#199951=VERTEX_POINT('',#199950);
#199952=EDGE_CURVE('',#199951,#199944,#199949,.T.);
#199953=CARTESIAN_POINT('Line Origine',(8828.403804039999,-2519.7546277,792.5549099999999));
#199954=DIRECTION('Vector Direction',(-0.1808281344279896,-0.9835147105149434,0));
#199955=VECTOR('Line Direction',#199954,1.);
#199956=LINE('Line',#199953,#199955);
#199957=EDGE_CURVE('',#199909,#199951,#199956,.F.);
#199958=EDGE_LOOP('',(#199959,#199960,#199961,#199962,#199963,#199964,#199965,#199966));
#199959=ORIENTED_EDGE('',*,*,#199910,.F.);
#199960=ORIENTED_EDGE('',*,*,#199917,.F.);
#199961=ORIENTED_EDGE('',*,*,#199924,.F.);
#199962=ORIENTED_EDGE('',*,*,#199931,.F.);
#199963=ORIENTED_EDGE('',*,*,#199938,.F.);
#199964=ORIENTED_EDGE('',*,*,#199945,.F.);
#199965=ORIENTED_EDGE('',*,*,#199952,.F.);
#199966=ORIENTED_EDGE('',*,*,#199957,.F.);
#199967=FACE_OUTER_BOUND('',#199958,.T.);
#199968=ADVANCED_FACE('PartBody',(#199967),#199901,.F.);
#199969=CARTESIAN_POINT('Axis2P3D Location',(8830.86259081,-2520.20669803,792.5549099999999));
#199970=DIRECTION('Axis2P3D Direction',(-0.1808281344279896,-0.9835147105149434,0));
#199971=DIRECTION('Axis2P3D XDirection',(0,0,1));
#199972=AXIS2_PLACEMENT_3D('Cylinder Axis2P3D',#199969,#199970,#199971);
#199973=CYLINDRICAL_SURFACE('generated cylinder',#199972,2.5);
#199974=CARTESIAN_POINT('Axis2P3D Location',(8834.29832537,-2501.51991853,792.5549099999999));
#199975=DIRECTION('Axis2P3D Direction',(-0.1808281344279896,-0.9835147105149434,0));
#199976=AXIS2_PLACEMENT_3D('Circle Axis2P3D',#199974,#199975,$);
#199977=CIRCLE('generated circle',#199976,2.5);
#199978=EDGE_CURVE('',#199951,#199668,#199977,.F.);
#199979=CARTESIAN_POINT('Axis2P3D Location',(8827.426856259999,-2538.89347753,792.5549099999999));
#199980=DIRECTION('Axis2P3D Direction',(-0.1808281344279896,-0.9835147105149434,0));
#199981=AXIS2_PLACEMENT_3D('Circle Axis2P3D',#199979,#199980,$);
#199982=CIRCLE('generated circle',#199981,2.5);
#199983=EDGE_CURVE('',#199909,#199861,#199982,.F.);
#199984=EDGE_LOOP('',(#199985,#199986,#199987,#199988));
#199985=ORIENTED_EDGE('',*,*,#199957,.T.);
#199986=ORIENTED_EDGE('',*,*,#199978,.T.);
#199987=ORIENTED_EDGE('',*,*,#199889,.F.);
#199988=ORIENTED_EDGE('',*,*,#199983,.F.);
#199989=FACE_OUTER_BOUND('',#199984,.T.);
#199990=ADVANCED_FACE('PartBody',(#199989),#199973,.F.);
#199991=CARTESIAN_POINT('Axis2P3D Location',(8834.29832537,-2501.51991853,788.5549099999999));
#199992=DIRECTION('Axis2P3D Direction',(-0.9835147105149434,0.1808281344279896,6.911138328289602e-15));
#199993=DIRECTION('Axis2P3D XDirection',(0,1.39922261811e-13,1));
#199994=AXIS2_PLACEMENT_3D('Torus Axis2P3D',#199991,#199992,#199993);
#199995=TOROIDAL_SURFACE('homeo Torus',#199994,4.,2.5);
#199996=CARTESIAN_POINT('Axis2P3D Location',(8835.021637899999,-2497.58585969,788.5549099999999));
#199997=DIRECTION('Axis2P3D Direction',(-5.94616052394e-15,-7.056022955180001e-14,1));
#199998=AXIS2_PLACEMENT_3D('Circle Axis2P3D',#199996,#199997,$);
#199999=CIRCLE('generated circle',#199998,2.5);
#200000=EDGE_CURVE('',#199944,#199675,#199999,.F.);
#200001=EDGE_LOOP('',(#200002,#200003,#200004,#200005));
#200002=ORIENTED_EDGE('',*,*,#199952,.T.);
#200003=ORIENTED_EDGE('',*,*,#200000,.T.);
#200004=ORIENTED_EDGE('',*,*,#199676,.F.);
#200005=ORIENTED_EDGE('',*,*,#199978,.F.);
#200006=FACE_OUTER_BOUND('',#200001,.T.);
#200007=ADVANCED_FACE('PartBody',(#200006),#199995,.F.);
#200008=CARTESIAN_POINT('Axis2P3D Location',(8835.021637899999,-2497.58585969,780.32991));
#200009=DIRECTION('Axis2P3D Direction',(0,0,-1));
#200010=DIRECTION('Axis2P3D XDirection',(-0.9835147105149434,0.1808281344279896,0));
#200011=AXIS2_PLACEMENT_3D('Cylinder Axis2P3D',#200008,#200009,#200010);
#200012=CYLINDRICAL_SURFACE('generated cylinder',#200011,2.5);
#200013=CARTESIAN_POINT('Axis2P3D Location',(8835.021637899999,-2497.58585969,772.10491));
#200014=DIRECTION('Axis2P3D Direction',(0,0,-1));
#200015=AXIS2_PLACEMENT_3D('Circle Axis2P3D',#200013,#200014,$);
#200016=CIRCLE('generated circle',#200015,2.5);
#200017=EDGE_CURVE('',#199937,#199699,#200016,.T.);
#200018=EDGE_LOOP('',(#200019,#200020,#200021,#200022));
#200019=ORIENTED_EDGE('',*,*,#199945,.T.);
#200020=ORIENTED_EDGE('',*,*,#200017,.T.);
#200021=ORIENTED_EDGE('',*,*,#199700,.F.);
#200022=ORIENTED_EDGE('',*,*,#200000,.F.);
#200023=FACE_OUTER_BOUND('',#200018,.T.);
#200024=ADVANCED_FACE('PartBody',(#200023),#200012,.F.);
#200025=CARTESIAN_POINT('Axis2P3D Location',(8834.29832537,-2501.51991853,772.10491));
#200026=DIRECTION('Axis2P3D Direction',(-0.9835147105149434,0.1808281344279896,6.911138328289602e-15));
#200027=DIRECTION('Axis2P3D XDirection',(0.1808281344279896,0.9835147105149434,-1.04941696357994e-13));
#200028=AXIS2_PLACEMENT_3D('Torus Axis2P3D',#200025,#200026,#200027);
#200029=TOROIDAL_SURFACE('homeo Torus',#200028,4.,2.5);
#200030=CARTESIAN_POINT('Axis2P3D Location',(8834.29832537,-2501.51991853,768.10491));
#200031=DIRECTION('Axis2P3D Direction',(0.1808281344279896,0.9835147105149434,-1.382496717729921e-13));
#200032=AXIS2_PLACEMENT_3D('Circle Axis2P3D',#200030,#200031,$);
#200033=CIRCLE('generated circle',#200032,2.5);
#200034=EDGE_CURVE('',#199930,#199737,#200033,.F.);
#200035=EDGE_LOOP('',(#200036,#200037,#200038,#200039));
#200036=ORIENTED_EDGE('',*,*,#199938,.T.);
#200037=ORIENTED_EDGE('',*,*,#200034,.T.);
#200038=ORIENTED_EDGE('',*,*,#199738,.F.);
#200039=ORIENTED_EDGE('',*,*,#200017,.F.);
#200040=FACE_OUTER_BOUND('',#200035,.T.);
#200041=ADVANCED_FACE('PartBody',(#200040),#200029,.F.);
#200042=CARTESIAN_POINT('Axis2P3D Location',(8830.86259081,-2520.20669803,768.10491));
#200043=DIRECTION('Axis2P3D Direction',(-0.1808281344279896,-0.9835147105149434,-0));
#200044=DIRECTION('Axis2P3D XDirection',(-0.9835147105149434,0.1808281344279896,1.836970198719894e-16));
#200045=AXIS2_PLACEMENT_3D('Cylinder Axis2P3D',#200042,#200043,#200044);
#200046=CYLINDRICAL_SURFACE('generated cylinder',#200045,2.5);
#200047=CARTESIAN_POINT('Axis2P3D Location',(8827.426856259999,-2538.89347753,768.10491));
#200048=DIRECTION('Axis2P3D Direction',(-0.1808281344279896,-0.9835147105149434,-0));
#200049=AXIS2_PLACEMENT_3D('Circle Axis2P3D',#200047,#200048,$);
#200050=CIRCLE('generated circle',#200049,2.5);
#200051=EDGE_CURVE('',#199923,#199761,#200050,.T.);
#200052=EDGE_LOOP('',(#200053,#200054,#200055,#200056));
#200053=ORIENTED_EDGE('',*,*,#199931,.T.);
#200054=ORIENTED_EDGE('',*,*,#200051,.T.);
#200055=ORIENTED_EDGE('',*,*,#199762,.F.);
#200056=ORIENTED_EDGE('',*,*,#200034,.F.);
#200057=FACE_OUTER_BOUND('',#200052,.T.);
#200058=ADVANCED_FACE('PartBody',(#200057),#200046,.F.);
#200059=CARTESIAN_POINT('Axis2P3D Location',(8827.426856259999,-2538.89347753,772.10491));
#200060=DIRECTION('Axis2P3D Direction',(-0.9835147105149434,0.1808281344279896,6.911138328289602e-15));
#200061=DIRECTION('Axis2P3D XDirection',(0,-1.39922261811e-13,-1));
#200062=AXIS2_PLACEMENT_3D('Torus Axis2P3D',#200059,#200060,#200061);
#200063=TOROIDAL_SURFACE('homeo Torus',#200062,4.,2.5);
#200064=CARTESIAN_POINT('Axis2P3D Location',(8826.703543719999,-2542.82753637,772.10491));
#200065=DIRECTION('Axis2P3D Direction',(5.94616052394e-15,7.056022955180001e-14,-1));
#200066=AXIS2_PLACEMENT_3D('Circle Axis2P3D',#200064,#200065,$);
#200067=CIRCLE('generated circle',#200066,2.5);
#200068=EDGE_CURVE('',#199916,#199799,#200067,.F.);
#200069=EDGE_LOOP('',(#200070,#200071,#200072,#200073));
#200070=ORIENTED_EDGE('',*,*,#199924,.T.);
#200071=ORIENTED_EDGE('',*,*,#200068,.T.);
#200072=ORIENTED_EDGE('',*,*,#199800,.F.);
#200073=ORIENTED_EDGE('',*,*,#200051,.F.);
#200074=FACE_OUTER_BOUND('',#200069,.T.);
#200075=ADVANCED_FACE('PartBody',(#200074),#200063,.F.);
#200076=CARTESIAN_POINT('Axis2P3D Location',(8826.703543719999,-2542.82753637,780.32991));
#200077=DIRECTION('Axis2P3D Direction',(0,0,1));
#200078=DIRECTION('Axis2P3D XDirection',(-0.9835147105149434,0.1808281344279896,0));
#200079=AXIS2_PLACEMENT_3D('Cylinder Axis2P3D',#200076,#200077,#200078);
#200080=CYLINDRICAL_SURFACE('generated cylinder',#200079,2.5);
#200081=CARTESIAN_POINT('Axis2P3D Location',(8826.703543719999,-2542.82753637,788.5549099999999));
#200082=DIRECTION('Axis2P3D Direction',(0,0,1));
#200083=AXIS2_PLACEMENT_3D('Circle Axis2P3D',#200081,#200082,$);
#200084=CIRCLE('generated circle',#200083,2.5);
#200085=EDGE_CURVE('',#199907,#199823,#200084,.T.);
#200086=EDGE_LOOP('',(#200087,#200088,#200089,#200090));
#200087=ORIENTED_EDGE('',*,*,#199917,.T.);
#200088=ORIENTED_EDGE('',*,*,#200085,.T.);
#200089=ORIENTED_EDGE('',*,*,#199824,.F.);
#200090=ORIENTED_EDGE('',*,*,#200068,.F.);
#200091=FACE_OUTER_BOUND('',#200086,.T.);
#200092=ADVANCED_FACE('PartBody',(#200091),#200080,.F.);
#200093=CARTESIAN_POINT('Axis2P3D Location',(8827.426856259999,-2538.89347753,788.5549099999999));
#200094=DIRECTION('Axis2P3D Direction',(-0.9835147105149434,0.1808281344279896,6.911138328289602e-15));
#200095=DIRECTION('Axis2P3D XDirection',(-0.1808281344279896,-0.9835147105149434,-5.247084817919698e-14));
#200096=AXIS2_PLACEMENT_3D('Torus Axis2P3D',#200093,#200094,#200095);
#200097=TOROIDAL_SURFACE('homeo Torus',#200096,4.,2.5);
#200098=EDGE_LOOP('',(#200099,#200100,#200101,#200102));
#200099=ORIENTED_EDGE('',*,*,#199910,.T.);
#200100=ORIENTED_EDGE('',*,*,#199983,.T.);
#200101=ORIENTED_EDGE('',*,*,#199862,.F.);
#200102=ORIENTED_EDGE('',*,*,#200085,.F.);
#200103=FACE_OUTER_BOUND('',#200098,.T.);
#200104=ADVANCED_FACE('PartBody',(#200103),#200097,.F.);
#200105=CARTESIAN_POINT('Axis2P3D Location',(8862.980913040001,-2545.43041459,739.15491));
#200106=DIRECTION('Axis2P3D Direction',(-0.9835147105149434,0.1808281344279896,6.911138328289602e-15));
#200107=DIRECTION('Axis2P3D XDirection',(-6.76398862288e-15,1.430396972e-15,-1));
#200108=AXIS2_PLACEMENT_3D('Cylinder Axis2P3D',#200105,#200106,#200107);
#200109=CYLINDRICAL_SURFACE('generated cylinder',#200108,6.5);
#200110=CARTESIAN_POINT('Axis2P3D Location',(8850.877781020001,-2543.20514357,739.15491));
#200111=DIRECTION('Axis2P3D Direction',(-0.9835147105149434,0.1808281344279896,6.911138328289602e-15));
#200112=AXIS2_PLACEMENT_3D('Circle Axis2P3D',#200110,#200111,$);
#200113=CIRCLE('generated circle',#200112,6.5);
#200114=CARTESIAN_POINT('Vertex',(8849.70239814,-2549.59798919,739.15491));
#200115=VERTEX_POINT('',#200114);
#200116=CARTESIAN_POINT('Vertex',(8850.877781020001,-2543.20514357,732.65491));
#200117=VERTEX_POINT('',#200116);
#200118=EDGE_CURVE('',#200115,#200117,#200113,.F.);
#200119=CARTESIAN_POINT('Line Origine',(8862.980913040001,-2545.43041459,732.65491));
#200120=DIRECTION('Vector Direction',(-0.9835147105149434,0.1808281344279896,5.882889403449662e-15));
#200121=VECTOR('Line Direction',#200120,1.);
#200122=LINE('Line',#200119,#200121);
#200123=CARTESIAN_POINT('Vertex',(8827.426856259999,-2538.89347753,732.65491));
#200124=VERTEX_POINT('',#200123);
#200125=EDGE_CURVE('',#200124,#200117,#200122,.F.);
#200126=CARTESIAN_POINT('Axis2P3D Location',(8827.426856259999,-2538.89347753,739.15491));
#200127=DIRECTION('Axis2P3D Direction',(-0.9835147105149434,0.1808281344279896,6.911138328289602e-15));
#200128=AXIS2_PLACEMENT_3D('Circle Axis2P3D',#200126,#200127,$);
#200129=CIRCLE('generated circle',#200128,6.5);
#200130=CARTESIAN_POINT('Vertex',(8826.25147338,-2545.28632315,739.15491));
#200131=VERTEX_POINT('',#200130);
#200132=EDGE_CURVE('',#200124,#200131,#200129,.T.);
#200133=CARTESIAN_POINT('Line Origine',(8861.805530170001,-2551.82326021,739.15491));
#200134=DIRECTION('Vector Direction',(-0.9835147105149434,0.1808281344279896,5.882889403449662e-15));
#200135=VECTOR('Line Direction',#200134,1.);
#200136=LINE('Line',#200133,#200135);
#200137=EDGE_CURVE('',#200131,#200115,#200136,.F.);
#200138=EDGE_LOOP('',(#200139,#200140,#200141,#200142));
#200139=ORIENTED_EDGE('',*,*,#200118,.T.);
#200140=ORIENTED_EDGE('',*,*,#200125,.F.);
#200141=ORIENTED_EDGE('',*,*,#200132,.T.);
#200142=ORIENTED_EDGE('',*,*,#200137,.T.);
#200143=FACE_OUTER_BOUND('',#200138,.T.);
#200144=ADVANCED_FACE('PartBody',(#200143),#200109,.F.);
#200145=CARTESIAN_POINT('Line Origine',(8826.25147338,-2545.28632315,747.37991));
#200146=DIRECTION('Vector Direction',(0,0,1));
#200147=VECTOR('Line Direction',#200146,1.);
#200148=LINE('Line',#200145,#200147);
#200149=CARTESIAN_POINT('Vertex',(8826.25147338,-2545.28632315,755.60491));
#200150=VERTEX_POINT('',#200149);
#200151=EDGE_CURVE('',#200131,#200150,#200148,.T.);
#200152=CARTESIAN_POINT('Line Origine',(8837.97693576,-2547.44215617,755.60491));
#200153=DIRECTION('Vector Direction',(0.9835147105149434,-0.1808281344279896,-9.535886405099451e-15));
#200154=VECTOR('Line Direction',#200153,1.);
#200155=LINE('Line',#200152,#200154);
#200156=CARTESIAN_POINT('Vertex',(8849.70239814,-2549.59798919,755.60491));
#200157=VERTEX_POINT('',#200156);
#200158=EDGE_CURVE('',#200150,#200157,#200155,.T.);
#200159=CARTESIAN_POINT('Line Origine',(8849.70239814,-2549.59798919,747.37991));
#200160=DIRECTION('Vector Direction',(0,0,1));
#200161=VECTOR('Line Direction',#200160,1.);
#200162=LINE('Line',#200159,#200161);
#200163=EDGE_CURVE('',#200115,#200157,#200162,.T.);
#200164=EDGE_LOOP('',(#200165,#200166,#200167,#200168));
#200165=ORIENTED_EDGE('',*,*,#200137,.F.);
#200166=ORIENTED_EDGE('',*,*,#200151,.T.);
#200167=ORIENTED_EDGE('',*,*,#200158,.T.);
#200168=ORIENTED_EDGE('',*,*,#200163,.F.);
#200169=FACE_OUTER_BOUND('',#200164,.T.);
#200170=ADVANCED_FACE('PartBody',(#200169),#199817,.T.);
#200171=CARTESIAN_POINT('Axis2P3D Location',(8862.980913040001,-2545.43041459,755.60491));
#200172=DIRECTION('Axis2P3D Direction',(-0.9835147105149434,0.1808281344279896,6.911138328289602e-15));
#200173=DIRECTION('Axis2P3D XDirection',(-0.1808281344279896,-0.9835147105149434,-7.66282734539956e-14));
#200174=AXIS2_PLACEMENT_3D('Cylinder Axis2P3D',#200171,#200172,#200173);
#200175=CYLINDRICAL_SURFACE('generated cylinder',#200174,6.5);
#200176=CARTESIAN_POINT('Axis2P3D Location',(8850.877781020001,-2543.20514357,755.60491));
#200177=DIRECTION('Axis2P3D Direction',(-0.9835147105149434,0.1808281344279896,6.911138328289602e-15));
#200178=AXIS2_PLACEMENT_3D('Circle Axis2P3D',#200176,#200177,$);
#200179=CIRCLE('generated circle',#200178,6.5);
#200180=CARTESIAN_POINT('Vertex',(8850.877781020001,-2543.20514357,762.10491));
#200181=VERTEX_POINT('',#200180);
#200182=EDGE_CURVE('',#200181,#200157,#200179,.F.);
#200183=CARTESIAN_POINT('Axis2P3D Location',(8827.426856259999,-2538.89347753,755.60491));
#200184=DIRECTION('Axis2P3D Direction',(-0.9835147105149434,0.1808281344279896,6.911138328289602e-15));
#200185=AXIS2_PLACEMENT_3D('Circle Axis2P3D',#200183,#200184,$);
#200186=CIRCLE('generated circle',#200185,6.5);
#200187=CARTESIAN_POINT('Vertex',(8827.426856259999,-2538.89347753,762.10491));
#200188=VERTEX_POINT('',#200187);
#200189=EDGE_CURVE('',#200150,#200188,#200186,.T.);
#200190=CARTESIAN_POINT('Line Origine',(8862.980913040001,-2545.43041459,762.10491));
#200191=DIRECTION('Vector Direction',(-0.9835147105149434,0.1808281344279896,5.882889403449662e-15));
#200192=VECTOR('Line Direction',#200191,1.);
#200193=LINE('Line',#200190,#200192);
#200194=EDGE_CURVE('',#200188,#200181,#200193,.F.);
#200195=EDGE_LOOP('',(#200196,#200197,#200198,#200199));
#200196=ORIENTED_EDGE('',*,*,#200182,.T.);
#200197=ORIENTED_EDGE('',*,*,#200158,.F.);
#200198=ORIENTED_EDGE('',*,*,#200189,.T.);
#200199=ORIENTED_EDGE('',*,*,#200194,.T.);
#200200=FACE_OUTER_BOUND('',#200195,.T.);
#200201=ADVANCED_FACE('PartBody',(#200200),#200175,.F.);
#200202=CARTESIAN_POINT('Axis2P3D Location',(8829.18404887,-2500.57961223,762.10491));
#200203=DIRECTION('Axis2P3D Direction',(6.79720621228e-15,-1.24972825068e-15,1));
#200204=DIRECTION('Axis2P3D XDirection',(-0.1808281344279896,-0.9835147105149434,-1.799588940039897e-30));
#200205=AXIS2_PLACEMENT_3D('Plane Axis2P3D',#200202,#200203,#200204);
#200206=PLANE('',#200205);
#200207=CARTESIAN_POINT('Line Origine',(8854.31351557,-2524.51836407,762.10491));
#200208=DIRECTION('Vector Direction',(-0.1808281344279896,-0.9835147105149434,0));
#200209=VECTOR('Line Direction',#200208,1.);
#200210=LINE('Line',#200207,#200209);
#200211=CARTESIAN_POINT('Vertex',(8857.749250119999,-2505.83158457,762.10491));
#200212=VERTEX_POINT('',#200211);
#200213=EDGE_CURVE('',#200212,#200181,#200210,.T.);
#200214=CARTESIAN_POINT('Line Origine',(8830.86259081,-2520.20669803,762.10491));
#200215=DIRECTION('Vector Direction',(-0.1808281344279896,-0.9835147105149434,0));
#200216=VECTOR('Line Direction',#200215,1.);
#200217=LINE('Line',#200214,#200216);
#200218=CARTESIAN_POINT('Vertex',(8834.29832537,-2501.51991853,762.10491));
#200219=VERTEX_POINT('',#200218);
#200220=EDGE_CURVE('',#200188,#200219,#200217,.F.);
#200221=CARTESIAN_POINT('Line Origine',(8846.02378775,-2503.67575155,762.10491));
#200222=DIRECTION('Vector Direction',(0.9835147105149434,-0.1808281344279896,-9.535886405099451e-15));
#200223=VECTOR('Line Direction',#200222,1.);
#200224=LINE('Line',#200221,#200223);
#200225=EDGE_CURVE('',#200219,#200212,#200224,.T.);
#200226=EDGE_LOOP('',(#200227,#200228,#200229,#200230));
#200227=ORIENTED_EDGE('',*,*,#200213,.T.);
#200228=ORIENTED_EDGE('',*,*,#200194,.F.);
#200229=ORIENTED_EDGE('',*,*,#200220,.T.);
#200230=ORIENTED_EDGE('',*,*,#200225,.T.);
#200231=FACE_OUTER_BOUND('',#200226,.T.);
#200232=ADVANCED_FACE('PartBody',(#200231),#200206,.F.);
#200233=CARTESIAN_POINT('Axis2P3D Location',(8869.85238215,-2508.05685559,755.60491));
#200234=DIRECTION('Axis2P3D Direction',(-0.9835147105149434,0.1808281344279896,6.911138328289602e-15));
#200235=DIRECTION('Axis2P3D XDirection',(6.82628559415e-15,-1.09156702245e-15,1));
#200236=AXIS2_PLACEMENT_3D('Cylinder Axis2P3D',#200233,#200234,#200235);
#200237=CYLINDRICAL_SURFACE('generated cylinder',#200236,6.5);
#200238=CARTESIAN_POINT('Axis2P3D Location',(8857.749250119999,-2505.83158457,755.60491));
#200239=DIRECTION('Axis2P3D Direction',(-0.9835147105149434,0.1808281344279896,6.911138328289602e-15));
#200240=AXIS2_PLACEMENT_3D('Circle Axis2P3D',#200238,#200239,$);
#200241=CIRCLE('generated circle',#200240,6.5);
#200242=CARTESIAN_POINT('Vertex',(8858.924633000001,-2499.43873895,755.60491));
#200243=VERTEX_POINT('',#200242);
#200244=EDGE_CURVE('',#200243,#200212,#200241,.F.);
#200245=CARTESIAN_POINT('Axis2P3D Location',(8834.29832537,-2501.51991853,755.60491));
#200246=DIRECTION('Axis2P3D Direction',(-0.9835147105149434,0.1808281344279896,6.911138328289602e-15));
#200247=AXIS2_PLACEMENT_3D('Circle Axis2P3D',#200245,#200246,$);
#200248=CIRCLE('generated circle',#200247,6.5);
#200249=CARTESIAN_POINT('Vertex',(8835.473708240001,-2495.12707291,755.60491));
#200250=VERTEX_POINT('',#200249);
#200251=EDGE_CURVE('',#200219,#200250,#200248,.T.);
#200252=CARTESIAN_POINT('Line Origine',(8871.02776503,-2501.66400997,755.60491));
#200253=DIRECTION('Vector Direction',(-0.9835147105149434,0.1808281344279896,5.882889403449662e-15));
#200254=VECTOR('Line Direction',#200253,1.);
#200255=LINE('Line',#200252,#200254);
#200256=EDGE_CURVE('',#200250,#200243,#200255,.F.);
#200257=EDGE_LOOP('',(#200258,#200259,#200260,#200261));
#200258=ORIENTED_EDGE('',*,*,#200244,.T.);
#200259=ORIENTED_EDGE('',*,*,#200225,.F.);
#200260=ORIENTED_EDGE('',*,*,#200251,.T.);
#200261=ORIENTED_EDGE('',*,*,#200256,.T.);
#200262=FACE_OUTER_BOUND('',#200257,.T.);
#200263=ADVANCED_FACE('PartBody',(#200262),#200237,.F.);
#200264=CARTESIAN_POINT('Line Origine',(8835.473708240001,-2495.12707291,747.37991));
#200265=DIRECTION('Vector Direction',(0,0,-1));
#200266=VECTOR('Line Direction',#200265,1.);
#200267=LINE('Line',#200264,#200266);
#200268=CARTESIAN_POINT('Vertex',(8835.473708240001,-2495.12707291,739.15491));
#200269=VERTEX_POINT('',#200268);
#200270=EDGE_CURVE('',#200250,#200269,#200267,.T.);
#200271=CARTESIAN_POINT('Line Origine',(8847.199170620001,-2497.28290593,739.15491));
#200272=DIRECTION('Vector Direction',(0.9835147105149434,-0.1808281344279896,-9.535886405099451e-15));
#200273=VECTOR('Line Direction',#200272,1.);
#200274=LINE('Line',#200271,#200273);
#200275=CARTESIAN_POINT('Vertex',(8858.924633000001,-2499.43873895,739.15491));
#200276=VERTEX_POINT('',#200275);
#200277=EDGE_CURVE('',#200269,#200276,#200274,.T.);
#200278=CARTESIAN_POINT('Line Origine',(8858.924633000001,-2499.43873895,747.37991));
#200279=DIRECTION('Vector Direction',(0,0,-1));
#200280=VECTOR('Line Direction',#200279,1.);
#200281=LINE('Line',#200278,#200280);
#200282=EDGE_CURVE('',#200243,#200276,#200281,.T.);
#200283=EDGE_LOOP('',(#200284,#200285,#200286,#200287));
#200284=ORIENTED_EDGE('',*,*,#200256,.F.);
#200285=ORIENTED_EDGE('',*,*,#200270,.T.);
#200286=ORIENTED_EDGE('',*,*,#200277,.T.);
#200287=ORIENTED_EDGE('',*,*,#200282,.F.);
#200288=FACE_OUTER_BOUND('',#200283,.T.);
#200289=ADVANCED_FACE('PartBody',(#200288),#199693,.T.);
#200290=CARTESIAN_POINT('Axis2P3D Location',(8869.85238215,-2508.05685559,739.15491));
#200291=DIRECTION('Axis2P3D Direction',(-0.9835147105149434,0.1808281344279896,6.911138328289602e-15));
#200292=DIRECTION('Axis2P3D XDirection',(0.1808281344279896,0.9835147105149434,-1.992735905429886e-13));
#200293=AXIS2_PLACEMENT_3D('Cylinder Axis2P3D',#200290,#200291,#200292);
#200294=CYLINDRICAL_SURFACE('generated cylinder',#200293,6.5);
#200295=CARTESIAN_POINT('Axis2P3D Location',(8857.749250119999,-2505.83158457,739.15491));
#200296=DIRECTION('Axis2P3D Direction',(-0.9835147105149434,0.1808281344279896,6.911138328289602e-15));
#200297=AXIS2_PLACEMENT_3D('Circle Axis2P3D',#200295,#200296,$);
#200298=CIRCLE('generated circle',#200297,6.5);
#200299=CARTESIAN_POINT('Vertex',(8857.749250119999,-2505.83158457,732.65491));
#200300=VERTEX_POINT('',#200299);
#200301=EDGE_CURVE('',#200300,#200276,#200298,.F.);
#200302=CARTESIAN_POINT('Axis2P3D Location',(8834.29832537,-2501.51991853,739.15491));
#200303=DIRECTION('Axis2P3D Direction',(-0.9835147105149434,0.1808281344279896,6.911138328289602e-15));
#200304=AXIS2_PLACEMENT_3D('Circle Axis2P3D',#200302,#200303,$);
#200305=CIRCLE('generated circle',#200304,6.5);
#200306=CARTESIAN_POINT('Vertex',(8834.29832537,-2501.51991853,732.65491));
#200307=VERTEX_POINT('',#200306);
#200308=EDGE_CURVE('',#200269,#200307,#200305,.T.);
#200309=CARTESIAN_POINT('Line Origine',(8869.85238215,-2508.05685559,732.65491));
#200310=DIRECTION('Vector Direction',(-0.9835147105149434,0.1808281344279896,5.882889403449662e-15));
#200311=VECTOR('Line Direction',#200310,1.);
#200312=LINE('Line',#200309,#200311);
#200313=EDGE_CURVE('',#200307,#200300,#200312,.F.);
#200314=EDGE_LOOP('',(#200315,#200316,#200317,#200318));
#200315=ORIENTED_EDGE('',*,*,#200301,.T.);
#200316=ORIENTED_EDGE('',*,*,#200277,.F.);
#200317=ORIENTED_EDGE('',*,*,#200308,.T.);
#200318=ORIENTED_EDGE('',*,*,#200313,.T.);
#200319=FACE_OUTER_BOUND('',#200314,.T.);
#200320=ADVANCED_FACE('PartBody',(#200319),#200294,.F.);
#200321=CARTESIAN_POINT('Axis2P3D Location',(8822.312579760001,-2537.95317123,732.65491));
#200322=DIRECTION('Axis2P3D Direction',(-6.79720621228e-15,1.24972825068e-15,-1));
#200323=DIRECTION('Axis2P3D XDirection',(0.1808281344279896,0.9835147105149434,1.799588940039897e-30));
#200324=AXIS2_PLACEMENT_3D('Plane Axis2P3D',#200321,#200322,#200323);
#200325=PLANE('',#200324);
#200326=CARTESIAN_POINT('Line Origine',(8854.31351557,-2524.51836407,732.65491));
#200327=DIRECTION('Vector Direction',(0.1808281344279896,0.9835147105149434,0));
#200328=VECTOR('Line Direction',#200327,1.);
#200329=LINE('Line',#200326,#200328);
#200330=EDGE_CURVE('',#200117,#200300,#200329,.T.);
#200331=CARTESIAN_POINT('Line Origine',(8830.86259081,-2520.20669803,732.65491));
#200332=DIRECTION('Vector Direction',(0.1808281344279896,0.9835147105149434,0));
#200333=VECTOR('Line Direction',#200332,1.);
#200334=LINE('Line',#200331,#200333);
#200335=EDGE_CURVE('',#200307,#200124,#200334,.F.);
#200336=EDGE_LOOP('',(#200337,#200338,#200339,#200340));
#200337=ORIENTED_EDGE('',*,*,#200330,.T.);
#200338=ORIENTED_EDGE('',*,*,#200313,.F.);
#200339=ORIENTED_EDGE('',*,*,#200335,.T.);
#200340=ORIENTED_EDGE('',*,*,#200125,.T.);
#200341=FACE_OUTER_BOUND('',#200336,.T.);
#200342=ADVANCED_FACE('PartBody',(#200341),#200325,.F.);
#200343=CARTESIAN_POINT('Axis2P3D Location',(8824.968069480001,-2538.4414072,755.60491));
#200344=DIRECTION('Axis2P3D Direction',(-0.9835147105149434,0.1808281344279896,6.911138328289602e-15));
#200345=AXIS2_PLACEMENT_3D('Circle Axis2P3D',#200343,#200344,$);
#200346=CIRCLE('generated circle',#200345,4.);
#200347=CARTESIAN_POINT('Vertex',(8824.244756939999,-2542.37546604,755.60491));
#200348=VERTEX_POINT('',#200347);
#200349=CARTESIAN_POINT('Vertex',(8824.968069480001,-2538.4414072,759.60491));
#200350=VERTEX_POINT('',#200349);
#200351=EDGE_CURVE('',#200348,#200350,#200346,.T.);
#200352=CARTESIAN_POINT('Line Origine',(8824.244756939999,-2542.37546604,747.37991));
#200353=DIRECTION('Vector Direction',(0,0,1));
#200354=VECTOR('Line Direction',#200353,1.);
#200355=LINE('Line',#200352,#200354);
#200356=CARTESIAN_POINT('Vertex',(8824.244756939999,-2542.37546604,739.15491));
#200357=VERTEX_POINT('',#200356);
#200358=EDGE_CURVE('',#200357,#200348,#200355,.T.);
#200359=CARTESIAN_POINT('Axis2P3D Location',(8824.968069480001,-2538.4414072,739.15491));
#200360=DIRECTION('Axis2P3D Direction',(-0.9835147105149434,0.1808281344279896,6.911138328289602e-15));
#200361=AXIS2_PLACEMENT_3D('Circle Axis2P3D',#200359,#200360,$);
#200362=CIRCLE('generated circle',#200361,4.);
#200363=CARTESIAN_POINT('Vertex',(8824.968069480001,-2538.4414072,735.15491));
#200364=VERTEX_POINT('',#200363);
#200365=EDGE_CURVE('',#200364,#200357,#200362,.T.);
#200366=CARTESIAN_POINT('Line Origine',(8828.403804039999,-2519.7546277,735.15491));
#200367=DIRECTION('Vector Direction',(0.1808281344279896,0.9835147105149434,0));
#200368=VECTOR('Line Direction',#200367,1.);
#200369=LINE('Line',#200366,#200368);
#200370=CARTESIAN_POINT('Vertex',(8831.83953859,-2501.0678482,735.15491));
#200371=VERTEX_POINT('',#200370);
#200372=EDGE_CURVE('',#200371,#200364,#200369,.F.);
#200373=CARTESIAN_POINT('Axis2P3D Location',(8831.83953859,-2501.0678482,739.15491));
#200374=DIRECTION('Axis2P3D Direction',(-0.9835147105149434,0.1808281344279896,6.911138328289602e-15));
#200375=AXIS2_PLACEMENT_3D('Circle Axis2P3D',#200373,#200374,$);
#200376=CIRCLE('generated circle',#200375,4.00000000001);
#200377=CARTESIAN_POINT('Vertex',(8832.56285113,-2497.13378935,739.15491));
#200378=VERTEX_POINT('',#200377);
#200379=EDGE_CURVE('',#200378,#200371,#200376,.T.);
#200380=CARTESIAN_POINT('Line Origine',(8832.56285113,-2497.13378935,747.37991));
#200381=DIRECTION('Vector Direction',(0,0,-1));
#200382=VECTOR('Line Direction',#200381,1.);
#200383=LINE('Line',#200380,#200382);
#200384=CARTESIAN_POINT('Vertex',(8832.56285113,-2497.13378935,755.60491));
#200385=VERTEX_POINT('',#200384);
#200386=EDGE_CURVE('',#200385,#200378,#200383,.T.);
#200387=CARTESIAN_POINT('Axis2P3D Location',(8831.83953859,-2501.0678482,755.60491));
#200388=DIRECTION('Axis2P3D Direction',(-0.9835147105149434,0.1808281344279896,6.911138328289602e-15));
#200389=AXIS2_PLACEMENT_3D('Circle Axis2P3D',#200387,#200388,$);
#200390=CIRCLE('generated circle',#200389,4.);
#200391=CARTESIAN_POINT('Vertex',(8831.83953859,-2501.0678482,759.60491));
#200392=VERTEX_POINT('',#200391);
#200393=EDGE_CURVE('',#200392,#200385,#200390,.T.);
#200394=CARTESIAN_POINT('Line Origine',(8828.403804039999,-2519.7546277,759.60491));
#200395=DIRECTION('Vector Direction',(-0.1808281344279896,-0.9835147105149434,0));
#200396=VECTOR('Line Direction',#200395,1.);
#200397=LINE('Line',#200394,#200396);
#200398=EDGE_CURVE('',#200350,#200392,#200397,.F.);
#200399=EDGE_LOOP('',(#200400,#200401,#200402,#200403,#200404,#200405,#200406,#200407));
#200400=ORIENTED_EDGE('',*,*,#200351,.F.);
#200401=ORIENTED_EDGE('',*,*,#200358,.F.);
#200402=ORIENTED_EDGE('',*,*,#200365,.F.);
#200403=ORIENTED_EDGE('',*,*,#200372,.F.);
#200404=ORIENTED_EDGE('',*,*,#200379,.F.);
#200405=ORIENTED_EDGE('',*,*,#200386,.F.);
#200406=ORIENTED_EDGE('',*,*,#200393,.F.);
#200407=ORIENTED_EDGE('',*,*,#200398,.F.);
#200408=FACE_OUTER_BOUND('',#200399,.T.);
#200409=ADVANCED_FACE('PartBody',(#200408),#199901,.F.);
#200410=CARTESIAN_POINT('Axis2P3D Location',(8830.86259081,-2520.20669803,759.60491));
#200411=DIRECTION('Axis2P3D Direction',(-0.1808281344279896,-0.9835147105149434,0));
#200412=DIRECTION('Axis2P3D XDirection',(0,0,1));
#200413=AXIS2_PLACEMENT_3D('Cylinder Axis2P3D',#200410,#200411,#200412);
#200414=CYLINDRICAL_SURFACE('generated cylinder',#200413,2.5);
#200415=CARTESIAN_POINT('Axis2P3D Location',(8834.29832537,-2501.51991853,759.60491));
#200416=DIRECTION('Axis2P3D Direction',(-0.1808281344279896,-0.9835147105149434,0));
#200417=AXIS2_PLACEMENT_3D('Circle Axis2P3D',#200415,#200416,$);
#200418=CIRCLE('generated circle',#200417,2.5);
#200419=EDGE_CURVE('',#200392,#200219,#200418,.F.);
#200420=CARTESIAN_POINT('Axis2P3D Location',(8827.426856259999,-2538.89347753,759.60491));
#200421=DIRECTION('Axis2P3D Direction',(-0.1808281344279896,-0.9835147105149434,0));
#200422=AXIS2_PLACEMENT_3D('Circle Axis2P3D',#200420,#200421,$);
#200423=CIRCLE('generated circle',#200422,2.5);
#200424=EDGE_CURVE('',#200350,#200188,#200423,.F.);
#200425=EDGE_LOOP('',(#200426,#200427,#200428,#200429));
#200426=ORIENTED_EDGE('',*,*,#200398,.T.);
#200427=ORIENTED_EDGE('',*,*,#200419,.T.);
#200428=ORIENTED_EDGE('',*,*,#200220,.F.);
#200429=ORIENTED_EDGE('',*,*,#200424,.F.);
#200430=FACE_OUTER_BOUND('',#200425,.T.);
#200431=ADVANCED_FACE('PartBody',(#200430),#200414,.F.);
#200432=CARTESIAN_POINT('Axis2P3D Location',(8834.29832537,-2501.51991853,755.60491));
#200433=DIRECTION('Axis2P3D Direction',(-0.9835147105149434,0.1808281344279896,6.911138328289602e-15));
#200434=DIRECTION('Axis2P3D XDirection',(0,1.39922261811e-13,1));
#200435=AXIS2_PLACEMENT_3D('Torus Axis2P3D',#200432,#200433,#200434);
#200436=TOROIDAL_SURFACE('homeo Torus',#200435,4.,2.5);
#200437=CARTESIAN_POINT('Axis2P3D Location',(8835.021637899999,-2497.58585969,755.60491));
#200438=DIRECTION('Axis2P3D Direction',(-2.73400759047e-15,-5.30894987251e-14,1));
#200439=AXIS2_PLACEMENT_3D('Circle Axis2P3D',#200437,#200438,$);
#200440=CIRCLE('generated circle',#200439,2.5);
#200441=EDGE_CURVE('',#200385,#200250,#200440,.F.);
#200442=EDGE_LOOP('',(#200443,#200444,#200445,#200446));
#200443=ORIENTED_EDGE('',*,*,#200393,.T.);
#200444=ORIENTED_EDGE('',*,*,#200441,.T.);
#200445=ORIENTED_EDGE('',*,*,#200251,.F.);
#200446=ORIENTED_EDGE('',*,*,#200419,.F.);
#200447=FACE_OUTER_BOUND('',#200442,.T.);
#200448=ADVANCED_FACE('PartBody',(#200447),#200436,.F.);
#200449=CARTESIAN_POINT('Axis2P3D Location',(8835.021637899999,-2497.58585969,747.37991));
#200450=DIRECTION('Axis2P3D Direction',(0,0,-1));
#200451=DIRECTION('Axis2P3D XDirection',(-0.9835147105149434,0.1808281344279896,0));
#200452=AXIS2_PLACEMENT_3D('Cylinder Axis2P3D',#200449,#200450,#200451);
#200453=CYLINDRICAL_SURFACE('generated cylinder',#200452,2.5);
#200454=CARTESIAN_POINT('Axis2P3D Location',(8835.021637899999,-2497.58585969,739.15491));
#200455=DIRECTION('Axis2P3D Direction',(0,0,-1));
#200456=AXIS2_PLACEMENT_3D('Circle Axis2P3D',#200454,#200455,$);
#200457=CIRCLE('generated circle',#200456,2.5);
#200458=EDGE_CURVE('',#200378,#200269,#200457,.T.);
#200459=EDGE_LOOP('',(#200460,#200461,#200462,#200463));
#200460=ORIENTED_EDGE('',*,*,#200386,.T.);
#200461=ORIENTED_EDGE('',*,*,#200458,.T.);
#200462=ORIENTED_EDGE('',*,*,#200270,.F.);
#200463=ORIENTED_EDGE('',*,*,#200441,.F.);
#200464=FACE_OUTER_BOUND('',#200459,.T.);
#200465=ADVANCED_FACE('PartBody',(#200464),#200453,.F.);
#200466=CARTESIAN_POINT('Axis2P3D Location',(8834.29832537,-2501.51991853,739.15491));
#200467=DIRECTION('Axis2P3D Direction',(-0.9835147105149434,0.1808281344279896,6.911138328289602e-15));
#200468=DIRECTION('Axis2P3D XDirection',(0.1808281344279896,0.9835147105149434,-8.745141363199498e-14));
#200469=AXIS2_PLACEMENT_3D('Torus Axis2P3D',#200466,#200467,#200468);
#200470=TOROIDAL_SURFACE('homeo Torus',#200469,4.,2.5);
#200471=CARTESIAN_POINT('Axis2P3D Location',(8834.29832537,-2501.51991853,735.15491));
#200472=DIRECTION('Axis2P3D Direction',(0.1808281344279896,0.9835147105149434,-1.382496717729921e-13));
#200473=AXIS2_PLACEMENT_3D('Circle Axis2P3D',#200471,#200472,$);
#200474=CIRCLE('generated circle',#200473,2.5);
#200475=EDGE_CURVE('',#200371,#200307,#200474,.F.);
#200476=EDGE_LOOP('',(#200477,#200478,#200479,#200480));
#200477=ORIENTED_EDGE('',*,*,#200379,.T.);
#200478=ORIENTED_EDGE('',*,*,#200475,.T.);
#200479=ORIENTED_EDGE('',*,*,#200308,.F.);
#200480=ORIENTED_EDGE('',*,*,#200458,.F.);
#200481=FACE_OUTER_BOUND('',#200476,.T.);
#200482=ADVANCED_FACE('PartBody',(#200481),#200470,.F.);
#200483=CARTESIAN_POINT('Axis2P3D Location',(8830.86259081,-2520.20669803,735.15491));
#200484=DIRECTION('Axis2P3D Direction',(0.1808281344279896,0.9835147105149434,0));
#200485=DIRECTION('Axis2P3D XDirection',(0,0,-1));
#200486=AXIS2_PLACEMENT_3D('Cylinder Axis2P3D',#200483,#200484,#200485);
#200487=CYLINDRICAL_SURFACE('generated cylinder',#200486,2.5);
#200488=CARTESIAN_POINT('Axis2P3D Location',(8827.426856259999,-2538.89347753,735.15491));
#200489=DIRECTION('Axis2P3D Direction',(0.1808281344279896,0.9835147105149434,0));
#200490=AXIS2_PLACEMENT_3D('Circle Axis2P3D',#200488,#200489,$);
#200491=CIRCLE('generated circle',#200490,2.5);
#200492=EDGE_CURVE('',#200364,#200124,#200491,.F.);
#200493=EDGE_LOOP('',(#200494,#200495,#200496,#200497));
#200494=ORIENTED_EDGE('',*,*,#200372,.T.);
#200495=ORIENTED_EDGE('',*,*,#200492,.T.);
#200496=ORIENTED_EDGE('',*,*,#200335,.F.);
#200497=ORIENTED_EDGE('',*,*,#200475,.F.);
#200498=FACE_OUTER_BOUND('',#200493,.T.);
#200499=ADVANCED_FACE('PartBody',(#200498),#200487,.F.);
#200500=CARTESIAN_POINT('Axis2P3D Location',(8827.426856259999,-2538.89347753,739.15491));
#200501=DIRECTION('Axis2P3D Direction',(-0.9835147105149434,0.1808281344279896,6.911138328289602e-15));
#200502=DIRECTION('Axis2P3D XDirection',(0,-1.39922261811e-13,-1));
#200503=AXIS2_PLACEMENT_3D('Torus Axis2P3D',#200500,#200501,#200502);
#200504=TOROIDAL_SURFACE('homeo Torus',#200503,4.,2.5);
#200505=CARTESIAN_POINT('Axis2P3D Location',(8826.703543719999,-2542.82753637,739.15491));
#200506=DIRECTION('Axis2P3D Direction',(2.73400759047e-15,5.30894987251e-14,-1));
#200507=AXIS2_PLACEMENT_3D('Circle Axis2P3D',#200505,#200506,$);
#200508=CIRCLE('generated circle',#200507,2.5);
#200509=EDGE_CURVE('',#200357,#200131,#200508,.F.);
#200510=EDGE_LOOP('',(#200511,#200512,#200513,#200514));
#200511=ORIENTED_EDGE('',*,*,#200365,.T.);
#200512=ORIENTED_EDGE('',*,*,#200509,.T.);
#200513=ORIENTED_EDGE('',*,*,#200132,.F.);
#200514=ORIENTED_EDGE('',*,*,#200492,.F.);
#200515=FACE_OUTER_BOUND('',#200510,.T.);
#200516=ADVANCED_FACE('PartBody',(#200515),#200504,.F.);
#200517=CARTESIAN_POINT('Axis2P3D Location',(8826.703543719999,-2542.82753637,747.37991));
#200518=DIRECTION('Axis2P3D Direction',(0,0,1));
#200519=DIRECTION('Axis2P3D XDirection',(-0.9835147105149434,0.1808281344279896,0));
#200520=AXIS2_PLACEMENT_3D('Cylinder Axis2P3D',#200517,#200518,#200519);
#200521=CYLINDRICAL_SURFACE('generated cylinder',#200520,2.5);
#200522=CARTESIAN_POINT('Axis2P3D Location',(8826.703543719999,-2542.82753637,755.60491));
#200523=DIRECTION('Axis2P3D Direction',(0,0,1));
#200524=AXIS2_PLACEMENT_3D('Circle Axis2P3D',#200522,#200523,$);
#200525=CIRCLE('generated circle',#200524,2.5);
#200526=EDGE_CURVE('',#200348,#200150,#200525,.T.);
#200527=EDGE_LOOP('',(#200528,#200529,#200530,#200531));
#200528=ORIENTED_EDGE('',*,*,#200358,.T.);
#200529=ORIENTED_EDGE('',*,*,#200526,.T.);
#200530=ORIENTED_EDGE('',*,*,#200151,.F.);
#200531=ORIENTED_EDGE('',*,*,#200509,.F.);
#200532=FACE_OUTER_BOUND('',#200527,.T.);
#200533=ADVANCED_FACE('PartBody',(#200532),#200521,.F.);
#200534=CARTESIAN_POINT('Axis2P3D Location',(8827.426856259999,-2538.89347753,755.60491));
#200535=DIRECTION('Axis2P3D Direction',(-0.9835147105149434,0.1808281344279896,6.911138328289602e-15));
#200536=DIRECTION('Axis2P3D XDirection',(-0.1808281344279896,-0.9835147105149434,-3.498056545279799e-14));
#200537=AXIS2_PLACEMENT_3D('Torus Axis2P3D',#200534,#200535,#200536);
#200538=TOROIDAL_SURFACE('homeo Torus',#200537,4.,2.5);
#200539=EDGE_LOOP('',(#200540,#200541,#200542,#200543));
#200540=ORIENTED_EDGE('',*,*,#200351,.T.);
#200541=ORIENTED_EDGE('',*,*,#200424,.T.);
#200542=ORIENTED_EDGE('',*,*,#200189,.F.);
#200543=ORIENTED_EDGE('',*,*,#200526,.F.);
#200544=FACE_OUTER_BOUND('',#200539,.T.);
#200545=ADVANCED_FACE('PartBody',(#200544),#200538,.F.);
#200546=CARTESIAN_POINT('Axis2P3D Location',(8819.507104509999,-2602.98301971,798.5549099999999));
#200547=DIRECTION('Axis2P3D Direction',(6.82732014603e-15,-1.08594014918e-15,1));
#200548=DIRECTION('Axis2P3D XDirection',(-0.6538756984606315,0.7566019897955736,5.285843206767021e-15));
#200549=AXIS2_PLACEMENT_3D('Cylinder Axis2P3D',#200546,#200547,#200548);
#200550=CYLINDRICAL_SURFACE('generated cylinder',#200549,5.);
#200551=CARTESIAN_POINT('Line Origine',(8814.58953096,-2602.07887904,798.5549099999999));
#200552=DIRECTION('Vector Direction',(0,0,1));
#200553=VECTOR('Line Direction',#200552,1.);
#200554=LINE('Line',#200551,#200553);
#200555=CARTESIAN_POINT('Vertex',(8814.58953096,-2602.07887904,798.5549099999999));
#200556=VERTEX_POINT('',#200555);
#200557=EDGE_CURVE('',#200556,#198881,#200554,.F.);
#200558=CARTESIAN_POINT('Line Origine',(8816.237726019999,-2599.20000976,798.5549099999999));
#200559=DIRECTION('Vector Direction',(0,0,1));
#200560=VECTOR('Line Direction',#200559,1.);
#200561=LINE('Line',#200558,#200560);
#200562=CARTESIAN_POINT('Vertex',(8816.237726019999,-2599.20000976,798.5549099999999));
#200563=VERTEX_POINT('',#200562);
#200564=EDGE_CURVE('',#200563,#198863,#200561,.F.);
#200565=CARTESIAN_POINT('Axis2P3D Location',(8819.507104509999,-2602.98301971,798.5549099999999));
#200566=DIRECTION('Axis2P3D Direction',(6.82732014603e-15,-1.08594014918e-15,1));
#200567=AXIS2_PLACEMENT_3D('Circle Axis2P3D',#200565,#200566,$);
#200568=CIRCLE('generated circle',#200567,5.);
#200569=EDGE_CURVE('',#200556,#200563,#200568,.F.);
#200570=EDGE_LOOP('',(#200571,#200572,#200573,#200574));
#200571=ORIENTED_EDGE('',*,*,#200557,.T.);
#200572=ORIENTED_EDGE('',*,*,#198882,.T.);
#200573=ORIENTED_EDGE('',*,*,#200564,.F.);
#200574=ORIENTED_EDGE('',*,*,#200569,.F.);
#200575=FACE_OUTER_BOUND('',#200570,.T.);
#200576=ADVANCED_FACE('PartBody',(#200575),#200550,.F.);
#200577=CARTESIAN_POINT('Axis2P3D Location',(8818.3790579,-2609.11840586,765.60491));
#200578=DIRECTION('Axis2P3D Direction',(6.79720621228e-15,-1.24972825068e-15,1));
#200579=DIRECTION('Axis2P3D XDirection',(-0.6538756984600591,0.7566019897960684,5.390074840800487e-15));
#200580=AXIS2_PLACEMENT_3D('Cylinder Axis2P3D',#200577,#200578,#200579);
#200581=CYLINDRICAL_SURFACE('generated cylinder',#200580,5.);
#200582=CARTESIAN_POINT('Line Origine',(8815.109679409999,-2605.33539591,765.60491));
#200583=DIRECTION('Vector Direction',(0,0,1));
#200584=VECTOR('Line Direction',#200583,1.);
#200585=LINE('Line',#200582,#200584);
#200586=EDGE_CURVE('',#199185,#198995,#200585,.T.);
#200587=CARTESIAN_POINT('Line Origine',(8813.46148435,-2608.21426518,765.60491));
#200588=DIRECTION('Vector Direction',(0,0,1));
#200589=VECTOR('Line Direction',#200588,1.);
#200590=LINE('Line',#200587,#200589);
#200591=EDGE_CURVE('',#199203,#198977,#200590,.T.);
#200592=EDGE_LOOP('',(#200593,#200594,#200595,#200596));
#200593=ORIENTED_EDGE('',*,*,#200586,.T.);
#200594=ORIENTED_EDGE('',*,*,#198996,.F.);
#200595=ORIENTED_EDGE('',*,*,#200591,.F.);
#200596=ORIENTED_EDGE('',*,*,#199204,.T.);
#200597=FACE_OUTER_BOUND('',#200592,.T.);
#200598=ADVANCED_FACE('PartBody',(#200597),#200581,.F.);
#200599=CARTESIAN_POINT('Axis2P3D Location',(8809.84492166,-2627.88455939,765.60491));
#200600=DIRECTION('Axis2P3D Direction',(0.9835147105149434,-0.1808281344279896,-6.911138328289602e-15));
#200601=DIRECTION('Axis2P3D XDirection',(0.1808281344279896,0.9835147105149434,-4.00149694172977e-28));
#200602=AXIS2_PLACEMENT_3D('Plane Axis2P3D',#200599,#200600,#200601);
#200603=PLANE('',#200602);
#200604=CARTESIAN_POINT('Line Origine',(8812.98278704,-2610.81787469,763.85491));
#200605=DIRECTION('Vector Direction',(-0.03519528921479126,-0.1914253265569524,-0.9808759534057563));
#200606=VECTOR('Line Direction',#200605,1.);
#200607=LINE('Line',#200604,#200606);
#200608=EDGE_CURVE('',#198979,#199210,#200607,.T.);
#200609=EDGE_LOOP('',(#200610,#200611,#200612,#200613));
#200610=ORIENTED_EDGE('',*,*,#200591,.T.);
#200611=ORIENTED_EDGE('',*,*,#198980,.T.);
#200612=ORIENTED_EDGE('',*,*,#200608,.T.);
#200613=ORIENTED_EDGE('',*,*,#199211,.T.);
#200614=FACE_OUTER_BOUND('',#200609,.T.);
#200615=ADVANCED_FACE('PartBody',(#200614),#200603,.T.);
#200616=CARTESIAN_POINT('Axis2P3D Location',(8817.19676286,-2615.54884641,732.65491));
#200617=DIRECTION('Axis2P3D Direction',(6.79720621228e-15,-1.24972825068e-15,1));
#200618=DIRECTION('Axis2P3D XDirection',(-0.6538756984600591,0.7566019897960684,5.390074840800487e-15));
#200619=AXIS2_PLACEMENT_3D('Cylinder Axis2P3D',#200616,#200617,#200618);
#200620=CYLINDRICAL_SURFACE('generated cylinder',#200619,5.);
#200621=CARTESIAN_POINT('Line Origine',(8813.927384369999,-2611.76583646,732.65491));
#200622=DIRECTION('Vector Direction',(0,0,1));
#200623=VECTOR('Line Direction',#200622,1.);
#200624=LINE('Line',#200621,#200623);
#200625=CARTESIAN_POINT('Vertex',(8813.927384369999,-2611.76583646,729.15491));
#200626=VERTEX_POINT('',#200625);
#200627=EDGE_CURVE('',#200626,#199317,#200624,.T.);
#200628=CARTESIAN_POINT('Line Origine',(8812.27918931,-2614.64470574,732.65491));
#200629=DIRECTION('Vector Direction',(0,0,1));
#200630=VECTOR('Line Direction',#200629,1.);
#200631=LINE('Line',#200628,#200630);
#200632=CARTESIAN_POINT('Vertex',(8812.27918931,-2614.64470574,729.15491));
#200633=VERTEX_POINT('',#200632);
#200634=EDGE_CURVE('',#200633,#199301,#200631,.T.);
#200635=CARTESIAN_POINT('Axis2P3D Location',(8817.19676286,-2615.54884641,729.15491));
#200636=DIRECTION('Axis2P3D Direction',(6.79720621228e-15,-1.24972825068e-15,1));
#200637=AXIS2_PLACEMENT_3D('Circle Axis2P3D',#200635,#200636,$);
#200638=CIRCLE('generated circle',#200637,5.);
#200639=EDGE_CURVE('',#200626,#200633,#200638,.T.);
#200640=EDGE_LOOP('',(#200641,#200642,#200643,#200644));
#200641=ORIENTED_EDGE('',*,*,#200627,.T.);
#200642=ORIENTED_EDGE('',*,*,#199318,.F.);
#200643=ORIENTED_EDGE('',*,*,#200634,.F.);
#200644=ORIENTED_EDGE('',*,*,#200639,.F.);
#200645=FACE_OUTER_BOUND('',#200640,.T.);
#200646=ADVANCED_FACE('PartBody',(#200645),#200620,.F.);
#200647=CARTESIAN_POINT('Axis2P3D Location',(8839.99394108,-2441.78517717,838.017590161));
#200648=DIRECTION('Axis2P3D Direction',(-0.1770199513830736,-0.9628022032684,0.2041466487450848));
#200649=DIRECTION('Axis2P3D XDirection',(-0.03691545764219395,-0.2007812321429671,-0.9789403177958396));
#200650=AXIS2_PLACEMENT_3D('Plane Axis2P3D',#200647,#200648,#200649);
#200651=PLANE('',#200650);
#200652=CARTESIAN_POINT('Line Origine',(8851.55258349,-2448.99591992,814.032828616));
#200653=DIRECTION('Vector Direction',(0.9835147105149434,-0.1808281344279896,-8.920812752789487e-15));
#200654=VECTOR('Line Direction',#200653,1.);
#200655=LINE('Line',#200652,#200654);
#200656=CARTESIAN_POINT('Vertex',(8857.81953922,-2450.14815679,814.032828616));
#200657=VERTEX_POINT('',#200656);
#200658=EDGE_CURVE('',#199594,#200657,#200655,.T.);
#200659=CARTESIAN_POINT('Line Origine',(8856.082029990001,-2451.52820169,806.017590161));
#200660=DIRECTION('Vector Direction',(0.9835147105149434,-0.1808281344279896,-1.007443603679942e-14));
#200661=VECTOR('Line Direction',#200660,1.);
#200662=LINE('Line',#200659,#200661);
#200663=CARTESIAN_POINT('Vertex',(8867.18068374,-2453.56879023,806.017590161));
#200664=VERTEX_POINT('',#200663);
#200665=EDGE_CURVE('',#199601,#200664,#200662,.T.);
#200666=B_SPLINE_CURVE_WITH_KNOTS('',5,(#200667,#200668,#200669,#200670,#200671,#200672,#200673,#200674,#200675,#200676,#200677,#200678),.UNSPECIFIED.,.F.,.U.,(6,3,3,6),(0.,7.67164463542,14.4225270684,19.6178544845),.UNSPECIFIED.);
#200667=CARTESIAN_POINT('Control Point',(8867.18068374,-2453.56879023,806.017590161));
#200668=CARTESIAN_POINT('Control Point',(8867.02263231,-2453.31842039,807.06134172));
#200669=CARTESIAN_POINT('Control Point',(8866.722963959999,-2453.0476002,808.078742698));
#200670=CARTESIAN_POINT('Control Point',(8866.285227259999,-2452.76227347,809.044837764));
#200671=CARTESIAN_POINT('Control Point',(8865.222320839999,-2452.21183643,810.719155475));
#200672=CARTESIAN_POINT('Control Point',(8863.76518045,-2451.66014053,812.057561512));
#200673=CARTESIAN_POINT('Control Point',(8863.0076775,-2451.40647438,812.597061908));
#200674=CARTESIAN_POINT('Control Point',(8861.5593835,-2450.97445434,813.378720146));
#200675=CARTESIAN_POINT('Control Point',(8859.9716563,-2450.58611325,813.833472978));
#200676=CARTESIAN_POINT('Control Point',(8859.262269209999,-2450.42750544,813.966378801));
#200677=CARTESIAN_POINT('Control Point',(8858.54215723,-2450.28101669,814.032828616));
#200678=CARTESIAN_POINT('Control Point',(8857.81953922,-2450.14815679,814.032828616));
#200679=EDGE_CURVE('',#200657,#200664,#200666,.F.);
#200680=EDGE_LOOP('',(#200681,#200682,#200683,#200684));
#200681=ORIENTED_EDGE('',*,*,#200658,.F.);
#200682=ORIENTED_EDGE('',*,*,#199607,.T.);
#200683=ORIENTED_EDGE('',*,*,#200665,.T.);
#200684=ORIENTED_EDGE('',*,*,#200679,.F.);
#200685=FACE_OUTER_BOUND('',#200680,.T.);
#200686=ADVANCED_FACE('PartBody',(#200685),#200651,.T.);
#200687=CARTESIAN_POINT('Axis2P3D Location',(8863.650599709999,-2461.87789254,807.85491));
#200688=DIRECTION('Axis2P3D Direction',(-0.9835147105149434,0.1808281344279896,6.911138328289602e-15));
#200689=DIRECTION('Axis2P3D XDirection',(0.1770199513830736,0.9628022032684,-0.2041466487450848));
#200690=AXIS2_PLACEMENT_3D('Cylinder Axis2P3D',#200687,#200688,#200689);
#200691=CYLINDRICAL_SURFACE('generated cylinder',#200690,9.);
#200692=B_SPLINE_CURVE_WITH_KNOTS('',3,(#200693,#200694,#200695,#200696),.UNSPECIFIED.,.F.,.U.,(4,4),(0.,2.65162768959),.UNSPECIFIED.);
#200693=CARTESIAN_POINT('Control Point',(8867.250065550001,-2454.15714928,804.245103184));
#200694=CARTESIAN_POINT('Control Point',(8867.295395339999,-2453.91060292,804.817622529));
#200695=CARTESIAN_POINT('Control Point',(8867.271731909999,-2453.71301998,805.416319581));
#200696=CARTESIAN_POINT('Control Point',(8867.18068374,-2453.56879023,806.017590161));
#200697=CARTESIAN_POINT('Vertex',(8867.250065550001,-2454.15714928,804.245103184));
#200698=VERTEX_POINT('',#200697);
#200699=EDGE_CURVE('',#200664,#200698,#200692,.F.);
#200700=CARTESIAN_POINT('Axis2P3D Location',(8865.759255249999,-2462.26558806,807.85491));
#200701=DIRECTION('Axis2P3D Direction',(-0.9835147105149434,0.1808281344279896,6.911138328289602e-15));
#200702=AXIS2_PLACEMENT_3D('Circle Axis2P3D',#200700,#200701,$);
#200703=CIRCLE('generated circle',#200702,9.);
#200704=EDGE_CURVE('',#199521,#200698,#200703,.F.);
#200705=EDGE_LOOP('',(#200706,#200707,#200708,#200709,#200710));
#200706=ORIENTED_EDGE('',*,*,#200699,.F.);
#200707=ORIENTED_EDGE('',*,*,#200665,.F.);
#200708=ORIENTED_EDGE('',*,*,#199629,.T.);
#200709=ORIENTED_EDGE('',*,*,#199522,.T.);
#200710=ORIENTED_EDGE('',*,*,#200704,.T.);
#200711=FACE_OUTER_BOUND('',#200705,.T.);
#200712=ADVANCED_FACE('PartBody',(#200711),#200691,.F.);
#200713=CARTESIAN_POINT('Axis2P3D Location',(8851.58825999,-2484.03975675,814.72009323));
#200714=DIRECTION('Axis2P3D Direction',(-0.1719693007080267,-0.9353319799421453,0.3091611989100481));
#200715=DIRECTION('Axis2P3D XDirection',(0.9835147105149434,-0.1808281344279896,-7.201491797449586e-15));
#200716=AXIS2_PLACEMENT_3D('Cylinder Axis2P3D',#200713,#200714,#200715);
#200717=CYLINDRICAL_SURFACE('generated cylinder',#200716,10.);
#200718=CARTESIAN_POINT('Line Origine',(8861.42340709,-2485.84803809,814.72009323));
#200719=DIRECTION('Vector Direction',(-0.1719693007080267,-0.9353319799421453,0.3091611989100481));
#200720=VECTOR('Line Direction',#200719,1.);
#200721=LINE('Line',#200718,#200720);
#200722=CARTESIAN_POINT('Vertex',(8867.888806569999,-2450.68307045,803.09679392));
#200723=VERTEX_POINT('',#200722);
#200724=EDGE_CURVE('',#200723,#200698,#200721,.T.);
#200725=B_SPLINE_CURVE_WITH_KNOTS('',5,(#200726,#200727,#200728,#200729,#200730,#200731),.UNSPECIFIED.,.F.,.U.,(6,6),(0.,22.2801079743),.UNSPECIFIED.);
#200726=CARTESIAN_POINT('Control Point',(8858.42500651,-2446.85505208,812.944337874));
#200727=CARTESIAN_POINT('Control Point',(8861.523946380001,-2447.42482039,812.944337874));
#200728=CARTESIAN_POINT('Control Point',(8864.581524880001,-2448.24558545,811.72470877));
#200729=CARTESIAN_POINT('Control Point',(8866.919580940001,-2449.19651418,809.267298053));
#200730=CARTESIAN_POINT('Control Point',(8868.00512286,-2450.05043226,806.181320411));
#200731=CARTESIAN_POINT('Control Point',(8867.888806569999,-2450.68307045,803.09679392));
#200732=CARTESIAN_POINT('Vertex',(8858.42500651,-2446.85505208,812.944337874));
#200733=VERTEX_POINT('',#200732);
#200734=EDGE_CURVE('',#200723,#200733,#200725,.F.);
#200735=CARTESIAN_POINT('Line Origine',(8852.147310419999,-2480.99911088,824.230189723));
#200736=DIRECTION('Vector Direction',(-0.1719693007080267,-0.9353319799421453,0.3091611989100481));
#200737=VECTOR('Line Direction',#200736,1.);
#200738=LINE('Line',#200735,#200737);
#200739=EDGE_CURVE('',#200733,#200657,#200738,.T.);
#200740=EDGE_LOOP('',(#200741,#200742,#200743,#200744,#200745));
#200741=ORIENTED_EDGE('',*,*,#200679,.T.);
#200742=ORIENTED_EDGE('',*,*,#200699,.T.);
#200743=ORIENTED_EDGE('',*,*,#200724,.F.);
#200744=ORIENTED_EDGE('',*,*,#200734,.T.);
#200745=ORIENTED_EDGE('',*,*,#200739,.T.);
#200746=FACE_OUTER_BOUND('',#200740,.T.);
#200747=ADVANCED_FACE('PartBody',(#200746),#200717,.T.);
#200748=CARTESIAN_POINT('Axis2P3D Location',(8834.26208036,-2472.96046613,686.017590161));
#200749=DIRECTION('Axis2P3D Direction',(0.1770199513830736,0.9628022032684,-0.2041466487450848));
#200750=DIRECTION('Axis2P3D XDirection',(0.03691545764219395,0.2007812321429671,0.9789403177958396));
#200751=AXIS2_PLACEMENT_3D('Plane Axis2P3D',#200748,#200749,#200750);
#200752=PLANE('',#200751);
#200753=CARTESIAN_POINT('Axis2P3D Location',(8854.047443089999,-2470.66438922,714.002726793));
#200754=DIRECTION('Axis2P3D Direction',(0.1770199513830736,0.9628022032684,-0.2041466487450848));
#200755=AXIS2_PLACEMENT_3D('Circle Axis2P3D',#200753,#200754,$);
#200756=CIRCLE('generated circle',#200755,10.);
#200757=CARTESIAN_POINT('Vertex',(8863.882590200001,-2472.47267056,714.002726793));
#200758=VERTEX_POINT('',#200757);
#200759=CARTESIAN_POINT('Vertex',(8853.678288519999,-2472.67220154,704.213323615));
#200760=VERTEX_POINT('',#200759);
#200761=EDGE_CURVE('',#200758,#200760,#200756,.T.);
#200762=CARTESIAN_POINT('Line Origine',(8863.95828966,-2472.06094515,716.010158477));
#200763=DIRECTION('Vector Direction',(-0.03691545764239368,-0.2007812321429656,-0.9789403177958323));
#200764=VECTOR('Line Direction',#200763,1.);
#200765=LINE('Line',#200762,#200764);
#200766=EDGE_CURVE('',#199358,#200758,#200765,.T.);
#200767=CARTESIAN_POINT('Line Origine',(8847.263805570001,-2471.49284045,704.213323615));
#200768=DIRECTION('Vector Direction',(0.9835147105149434,-0.1808281344279896,-8.715642266299498e-15));
#200769=VECTOR('Line Direction',#200768,1.);
#200770=LINE('Line',#200767,#200769);
#200771=EDGE_CURVE('',#199495,#200760,#200770,.T.);
#200772=EDGE_LOOP('',(#200773,#200774,#200775,#200776,#200777));
#200773=ORIENTED_EDGE('',*,*,#200761,.F.);
#200774=ORIENTED_EDGE('',*,*,#200766,.F.);
#200775=ORIENTED_EDGE('',*,*,#199380,.F.);
#200776=ORIENTED_EDGE('',*,*,#199501,.T.);
#200777=ORIENTED_EDGE('',*,*,#200771,.T.);
#200778=FACE_OUTER_BOUND('',#200772,.T.);
#200779=ADVANCED_FACE('PartBody',(#200778),#200752,.F.);
#200780=CARTESIAN_POINT('Axis2P3D Location',(8845.544932749999,-2516.9090957,723.808169509));
#200781=DIRECTION('Axis2P3D Direction',(-0.1770199513830736,-0.9628022032684,0.2041466487450848));
#200782=DIRECTION('Axis2P3D XDirection',(-0.03691545764229381,-0.2007812321429664,-0.9789403177958361));
#200783=AXIS2_PLACEMENT_3D('Cylinder Axis2P3D',#200780,#200781,#200782);
#200784=CYLINDRICAL_SURFACE('generated cylinder',#200783,10.);
#200785=CARTESIAN_POINT('Axis2P3D Location',(8854.667012919999,-2467.29458151,713.288213522));
#200786=DIRECTION('Axis2P3D Direction',(-0.1770199513830736,-0.9628022032684,0.2041466487450848));
#200787=AXIS2_PLACEMENT_3D('Circle Axis2P3D',#200785,#200786,$);
#200788=CIRCLE('generated circle',#200787,10.);
#200789=CARTESIAN_POINT('Vertex',(8854.297858350001,-2469.30239383,703.498810345));
#200790=VERTEX_POINT('',#200789);
#200791=CARTESIAN_POINT('Vertex',(8864.502160030001,-2469.10286285,713.288213522));
#200792=VERTEX_POINT('',#200791);
#200793=EDGE_CURVE('',#200790,#200792,#200788,.T.);
#200794=CARTESIAN_POINT('Line Origine',(8855.38007985,-2518.71737705,723.808169509));
#200795=DIRECTION('Vector Direction',(-0.1770199513830736,-0.9628022032684,0.2041466487450848));
#200796=VECTOR('Line Direction',#200795,1.);
#200797=LINE('Line',#200794,#200796);
#200798=EDGE_CURVE('',#200758,#200792,#200797,.F.);
#200799=CARTESIAN_POINT('Line Origine',(8845.17577817,-2518.91690803,714.0187663310001));
#200800=DIRECTION('Vector Direction',(-0.1770199513830736,-0.9628022032684,0.2041466487450848));
#200801=VECTOR('Line Direction',#200800,1.);
#200802=LINE('Line',#200799,#200801);
#200803=EDGE_CURVE('',#200760,#200790,#200802,.F.);
#200804=EDGE_LOOP('',(#200805,#200806,#200807,#200808));
#200805=ORIENTED_EDGE('',*,*,#200793,.T.);
#200806=ORIENTED_EDGE('',*,*,#200798,.F.);
#200807=ORIENTED_EDGE('',*,*,#200761,.T.);
#200808=ORIENTED_EDGE('',*,*,#200803,.T.);
#200809=FACE_OUTER_BOUND('',#200804,.T.);
#200810=ADVANCED_FACE('PartBody',(#200809),#200784,.T.);
#200811=CARTESIAN_POINT('Axis2P3D Location',(8840.582054300001,-2571.55249503,795.0549099999999));
#200812=DIRECTION('Axis2P3D Direction',(6.79720621228e-15,-1.24972825068e-15,1));
#200813=AXIS2_PLACEMENT_3D('Circle Axis2P3D',#200811,#200812,$);
#200814=CIRCLE('generated circle',#200813,5.);
#200815=CARTESIAN_POINT('Vertex',(8843.851432789999,-2575.33550498,795.0549099999999));
#200816=VERTEX_POINT('',#200815);
#200817=CARTESIAN_POINT('Vertex',(8845.49962785,-2572.4566357,795.0549099999999));
#200818=VERTEX_POINT('',#200817);
#200819=EDGE_CURVE('',#200816,#200818,#200814,.T.);
#200820=CARTESIAN_POINT('Line Origine',(8830.70917425,-2586.69339672,795.0549099999999));
#200821=DIRECTION('Vector Direction',(-0.7566019897955736,-0.6538756984606315,6.544969978236312e-15));
#200822=VECTOR('Line Direction',#200821,1.);
#200823=LINE('Line',#200820,#200822);
#200824=EDGE_CURVE('',#200816,#198865,#200823,.T.);
#200825=CARTESIAN_POINT('Line Origine',(8846.69687233,-2565.944886,795.0549099999999));
#200826=DIRECTION('Vector Direction',(-0.1808281344279896,-0.9835147105149434,0));
#200827=VECTOR('Line Direction',#200826,1.);
#200828=LINE('Line',#200825,#200827);
#200829=EDGE_CURVE('',#198711,#200818,#200828,.T.);
#200830=EDGE_LOOP('',(#200831,#200832,#200833,#200834,#200835));
#200831=ORIENTED_EDGE('',*,*,#200819,.F.);
#200832=ORIENTED_EDGE('',*,*,#200824,.T.);
#200833=ORIENTED_EDGE('',*,*,#198905,.T.);
#200834=ORIENTED_EDGE('',*,*,#198719,.T.);
#200835=ORIENTED_EDGE('',*,*,#200829,.T.);
#200836=FACE_OUTER_BOUND('',#200830,.T.);
#200837=ADVANCED_FACE('PartBody',(#200836),#197806,.F.);
#200838=CARTESIAN_POINT('Axis2P3D Location',(8816.237726019999,-2599.20000976,798.5549099999999));
#200839=DIRECTION('Axis2P3D Direction',(-0.6538756984606315,0.7566019897955736,5.285843206767021e-15));
#200840=DIRECTION('Axis2P3D XDirection',(0.7566019897955736,0.6538756984606315,-4.455494133927489e-15));
#200841=AXIS2_PLACEMENT_3D('Plane Axis2P3D',#200838,#200839,#200840);
#200842=PLANE('',#200841);
#200843=CARTESIAN_POINT('Line Origine',(8843.851432789999,-2575.33550498,796.8049099999999));
#200844=DIRECTION('Vector Direction',(0,0,1));
#200845=VECTOR('Line Direction',#200844,1.);
#200846=LINE('Line',#200843,#200845);
#200847=CARTESIAN_POINT('Vertex',(8843.851432789999,-2575.33550498,798.5549099999999));
#200848=VERTEX_POINT('',#200847);
#200849=EDGE_CURVE('',#200816,#200848,#200846,.T.);
#200850=CARTESIAN_POINT('Line Origine',(8830.044579400001,-2587.26775737,798.5549099999999));
#200851=DIRECTION('Vector Direction',(0.7566019897955736,0.6538756984606315,-3.114963461248244e-15));
#200852=VECTOR('Line Direction',#200851,1.);
#200853=LINE('Line',#200850,#200852);
#200854=EDGE_CURVE('',#200563,#200848,#200853,.T.);
#200855=EDGE_LOOP('',(#200856,#200857,#200858,#200859,#200860));
#200856=ORIENTED_EDGE('',*,*,#200849,.T.);
#200857=ORIENTED_EDGE('',*,*,#200854,.F.);
#200858=ORIENTED_EDGE('',*,*,#200564,.T.);
#200859=ORIENTED_EDGE('',*,*,#198866,.T.);
#200860=ORIENTED_EDGE('',*,*,#200824,.F.);
#200861=FACE_OUTER_BOUND('',#200855,.T.);
#200862=ADVANCED_FACE('PartBody',(#200861),#200842,.F.);
#200863=CARTESIAN_POINT('Axis2P3D Location',(8840.582054300001,-2571.55249503,758.766658353));
#200864=DIRECTION('Axis2P3D Direction',(0,0,1));
#200865=DIRECTION('Axis2P3D XDirection',(0.6538756984606315,-0.7566019897955736,0));
#200866=AXIS2_PLACEMENT_3D('Cylinder Axis2P3D',#200863,#200864,#200865);
#200867=CYLINDRICAL_SURFACE('generated cylinder',#200866,5.);
#200868=CARTESIAN_POINT('Axis2P3D Location',(8840.582054300001,-2571.55249503,798.5549099999999));
#200869=DIRECTION('Axis2P3D Direction',(0,0,1));
#200870=AXIS2_PLACEMENT_3D('Circle Axis2P3D',#200868,#200869,$);
#200871=CIRCLE('generated circle',#200870,5.);
#200872=CARTESIAN_POINT('Vertex',(8845.49962785,-2572.4566357,798.5549099999999));
#200873=VERTEX_POINT('',#200872);
#200874=EDGE_CURVE('',#200873,#200848,#200871,.F.);
#200875=CARTESIAN_POINT('Line Origine',(8845.49962785,-2572.4566357,758.766658353));
#200876=DIRECTION('Vector Direction',(0,0,1));
#200877=VECTOR('Line Direction',#200876,1.);
#200878=LINE('Line',#200875,#200877);
#200879=EDGE_CURVE('',#200818,#200873,#200878,.T.);
#200880=EDGE_LOOP('',(#200881,#200882,#200883,#200884));
#200881=ORIENTED_EDGE('',*,*,#200874,.T.);
#200882=ORIENTED_EDGE('',*,*,#200849,.F.);
#200883=ORIENTED_EDGE('',*,*,#200819,.T.);
#200884=ORIENTED_EDGE('',*,*,#200879,.T.);
#200885=FACE_OUTER_BOUND('',#200880,.T.);
#200886=ADVANCED_FACE('PartBody',(#200885),#200867,.T.);
#200887=CARTESIAN_POINT('Line Origine',(8846.132849019999,-2569.01257907,765.60491));
#200888=DIRECTION('Vector Direction',(-0.1808281344279896,-0.9835147105149434,0));
#200889=VECTOR('Line Direction',#200888,1.);
#200890=LINE('Line',#200887,#200889);
#200891=CARTESIAN_POINT('Vertex',(8844.37158125,-2578.59202185,765.60491));
#200892=VERTEX_POINT('',#200891);
#200893=EDGE_CURVE('',#198780,#200892,#200890,.T.);
#200894=CARTESIAN_POINT('Line Origine',(8829.58112764,-2592.82878286,765.60491));
#200895=DIRECTION('Vector Direction',(-0.7566019897955736,-0.6538756984606315,6.544969978236312e-15));
#200896=VECTOR('Line Direction',#200895,1.);
#200897=LINE('Line',#200894,#200896);
#200898=CARTESIAN_POINT('Vertex',(8842.72338619,-2581.47089112,765.60491));
#200899=VERTEX_POINT('',#200898);
#200900=EDGE_CURVE('',#200899,#199003,#200897,.T.);
#200901=CARTESIAN_POINT('Axis2P3D Location',(8839.454007689999,-2577.68788117,765.60491));
#200902=DIRECTION('Axis2P3D Direction',(6.79720621228e-15,-1.24972825068e-15,1));
#200903=AXIS2_PLACEMENT_3D('Circle Axis2P3D',#200901,#200902,$);
#200904=CIRCLE('generated circle',#200903,5.);
#200905=EDGE_CURVE('',#200892,#200899,#200904,.F.);
#200906=EDGE_LOOP('',(#200907,#200908,#200909,#200910,#200911));
#200907=ORIENTED_EDGE('',*,*,#200893,.F.);
#200908=ORIENTED_EDGE('',*,*,#198793,.F.);
#200909=ORIENTED_EDGE('',*,*,#199009,.T.);
#200910=ORIENTED_EDGE('',*,*,#200900,.F.);
#200911=ORIENTED_EDGE('',*,*,#200905,.F.);
#200912=FACE_OUTER_BOUND('',#200906,.T.);
#200913=ADVANCED_FACE('PartBody',(#200912),#197939,.T.);
#200914=CARTESIAN_POINT('Axis2P3D Location',(8839.454007689999,-2577.68788117,762.10491));
#200915=DIRECTION('Axis2P3D Direction',(6.79720621228e-15,-1.24972825068e-15,1));
#200916=AXIS2_PLACEMENT_3D('Circle Axis2P3D',#200914,#200915,$);
#200917=CIRCLE('generated circle',#200916,5.);
#200918=CARTESIAN_POINT('Vertex',(8842.72338619,-2581.47089112,762.10491));
#200919=VERTEX_POINT('',#200918);
#200920=CARTESIAN_POINT('Vertex',(8844.37158125,-2578.59202185,762.10491));
#200921=VERTEX_POINT('',#200920);
#200922=EDGE_CURVE('',#200919,#200921,#200917,.T.);
#200923=CARTESIAN_POINT('Line Origine',(8829.58112764,-2592.82878286,762.10491));
#200924=DIRECTION('Vector Direction',(-0.7566019897955736,-0.6538756984606315,6.544969978236312e-15));
#200925=VECTOR('Line Direction',#200924,1.);
#200926=LINE('Line',#200923,#200925);
#200927=EDGE_CURVE('',#200919,#199187,#200926,.T.);
#200928=CARTESIAN_POINT('Line Origine',(8846.132849019999,-2569.01257907,762.10491));
#200929=DIRECTION('Vector Direction',(-0.1808281344279896,-0.9835147105149434,0));
#200930=VECTOR('Line Direction',#200929,1.);
#200931=LINE('Line',#200928,#200930);
#200932=EDGE_CURVE('',#199038,#200921,#200931,.T.);
#200933=EDGE_LOOP('',(#200934,#200935,#200936,#200937,#200938));
#200934=ORIENTED_EDGE('',*,*,#200922,.F.);
#200935=ORIENTED_EDGE('',*,*,#200927,.T.);
#200936=ORIENTED_EDGE('',*,*,#199227,.T.);
#200937=ORIENTED_EDGE('',*,*,#199046,.T.);
#200938=ORIENTED_EDGE('',*,*,#200932,.T.);
#200939=FACE_OUTER_BOUND('',#200933,.T.);
#200940=ADVANCED_FACE('PartBody',(#200939),#198390,.F.);
#200941=CARTESIAN_POINT('Axis2P3D Location',(8815.109679409999,-2605.33539591,765.60491));
#200942=DIRECTION('Axis2P3D Direction',(0.6538756984606315,-0.7566019897955736,-5.390074840796962e-15));
#200943=DIRECTION('Axis2P3D XDirection',(0.7566019897955736,0.6538756984606315,-4.325612812457562e-15));
#200944=AXIS2_PLACEMENT_3D('Plane Axis2P3D',#200941,#200942,#200943);
#200945=PLANE('',#200944);
#200946=CARTESIAN_POINT('Line Origine',(8842.72338619,-2581.47089112,763.85491));
#200947=DIRECTION('Vector Direction',(0,1.29927814539e-13,-1));
#200948=VECTOR('Line Direction',#200947,1.);
#200949=LINE('Line',#200946,#200948);
#200950=EDGE_CURVE('',#200899,#200919,#200949,.T.);
#200951=EDGE_LOOP('',(#200952,#200953,#200954,#200955,#200956,#200957));
#200952=ORIENTED_EDGE('',*,*,#200900,.T.);
#200953=ORIENTED_EDGE('',*,*,#199004,.F.);
#200954=ORIENTED_EDGE('',*,*,#200586,.F.);
#200955=ORIENTED_EDGE('',*,*,#199188,.T.);
#200956=ORIENTED_EDGE('',*,*,#200927,.F.);
#200957=ORIENTED_EDGE('',*,*,#200950,.F.);
#200958=FACE_OUTER_BOUND('',#200951,.T.);
#200959=ADVANCED_FACE('PartBody',(#200958),#200945,.T.);
#200960=CARTESIAN_POINT('Axis2P3D Location',(8839.454007689999,-2577.68788117,758.766658353));
#200961=DIRECTION('Axis2P3D Direction',(0,0,-1));
#200962=DIRECTION('Axis2P3D XDirection',(0.9835147105149434,-0.1808281344279896,0));
#200963=AXIS2_PLACEMENT_3D('Cylinder Axis2P3D',#200960,#200961,#200962);
#200964=CYLINDRICAL_SURFACE('generated cylinder',#200963,5.);
#200965=CARTESIAN_POINT('Line Origine',(8844.37158125,-2578.59202185,758.766658353));
#200966=DIRECTION('Vector Direction',(0,0,-1));
#200967=VECTOR('Line Direction',#200966,1.);
#200968=LINE('Line',#200965,#200967);
#200969=EDGE_CURVE('',#200892,#200921,#200968,.T.);
#200970=EDGE_LOOP('',(#200971,#200972,#200973,#200974));
#200971=ORIENTED_EDGE('',*,*,#200922,.T.);
#200972=ORIENTED_EDGE('',*,*,#200969,.F.);
#200973=ORIENTED_EDGE('',*,*,#200905,.T.);
#200974=ORIENTED_EDGE('',*,*,#200950,.T.);
#200975=FACE_OUTER_BOUND('',#200970,.T.);
#200976=ADVANCED_FACE('PartBody',(#200975),#200964,.T.);
#200977=CARTESIAN_POINT('Axis2P3D Location',(8838.271712649999,-2584.11832173,732.65491));
#200978=DIRECTION('Axis2P3D Direction',(-6.79720621228e-15,1.24972825068e-15,-1));
#200979=AXIS2_PLACEMENT_3D('Circle Axis2P3D',#200977,#200978,$);
#200980=CIRCLE('generated circle',#200979,5.);
#200981=CARTESIAN_POINT('Vertex',(8843.1892862,-2585.0224624,732.65491));
#200982=VERTEX_POINT('',#200981);
#200983=CARTESIAN_POINT('Vertex',(8841.541091139999,-2587.90133168,732.65491));
#200984=VERTEX_POINT('',#200983);
#200985=EDGE_CURVE('',#200982,#200984,#200980,.T.);
#200986=CARTESIAN_POINT('Line Origine',(8845.5417015,-2572.22779935,732.65491));
#200987=DIRECTION('Vector Direction',(-0.1808281344279896,-0.9835147105149434,0));
#200988=VECTOR('Line Direction',#200987,1.);
#200989=LINE('Line',#200986,#200988);
#200990=EDGE_CURVE('',#199102,#200982,#200989,.T.);
#200991=CARTESIAN_POINT('Line Origine',(8828.3988326,-2599.25922341,732.65491));
#200992=DIRECTION('Vector Direction',(-0.7566019897955736,-0.6538756984606315,6.544969978236312e-15));
#200993=VECTOR('Line Direction',#200992,1.);
#200994=LINE('Line',#200991,#200993);
#200995=EDGE_CURVE('',#200984,#199325,#200994,.T.);
#200996=EDGE_LOOP('',(#200997,#200998,#200999,#201000,#201001));
#200997=ORIENTED_EDGE('',*,*,#200985,.F.);
#200998=ORIENTED_EDGE('',*,*,#200990,.F.);
#200999=ORIENTED_EDGE('',*,*,#199115,.F.);
#201000=ORIENTED_EDGE('',*,*,#199331,.T.);
#201001=ORIENTED_EDGE('',*,*,#200995,.F.);
#201002=FACE_OUTER_BOUND('',#200996,.T.);
#201003=ADVANCED_FACE('PartBody',(#201002),#198262,.F.);
#201004=CARTESIAN_POINT('Axis2P3D Location',(8813.927384369999,-2611.76583646,732.65491));
#201005=DIRECTION('Axis2P3D Direction',(0.6538756984606315,-0.7566019897955736,-5.390074840796962e-15));
#201006=DIRECTION('Axis2P3D XDirection',(0.7566019897955736,0.6538756984606315,-4.325612812457562e-15));
#201007=AXIS2_PLACEMENT_3D('Plane Axis2P3D',#201004,#201005,#201006);
#201008=PLANE('',#201007);
#201009=CARTESIAN_POINT('Line Origine',(8827.734237750001,-2599.83358407,729.15491));
#201010=DIRECTION('Vector Direction',(0.7566019897955736,0.6538756984606315,3.457609441968052e-13));
#201011=VECTOR('Line Direction',#201010,1.);
#201012=LINE('Line',#201009,#201011);
#201013=CARTESIAN_POINT('Vertex',(8841.541091139999,-2587.90133168,729.15491));
#201014=VERTEX_POINT('',#201013);
#201015=EDGE_CURVE('',#200626,#201014,#201012,.T.);
#201016=CARTESIAN_POINT('Line Origine',(8841.541091139999,-2587.90133168,730.90491));
#201017=DIRECTION('Vector Direction',(0,0,-1));
#201018=VECTOR('Line Direction',#201017,1.);
#201019=LINE('Line',#201016,#201018);
#201020=EDGE_CURVE('',#200984,#201014,#201019,.T.);
#201021=EDGE_LOOP('',(#201022,#201023,#201024,#201025,#201026));
#201022=ORIENTED_EDGE('',*,*,#200995,.T.);
#201023=ORIENTED_EDGE('',*,*,#199326,.F.);
#201024=ORIENTED_EDGE('',*,*,#200627,.F.);
#201025=ORIENTED_EDGE('',*,*,#201015,.T.);
#201026=ORIENTED_EDGE('',*,*,#201020,.F.);
#201027=FACE_OUTER_BOUND('',#201021,.T.);
#201028=ADVANCED_FACE('PartBody',(#201027),#201008,.T.);
#201029=CARTESIAN_POINT('Axis2P3D Location',(9013.76630945,-1657.26300632,-6.306954836170001e-11));
#201030=DIRECTION('Axis2P3D Direction',(0.9835147105149434,-0.1808281344279896,-6.911138328289602e-15));
#201031=DIRECTION('Axis2P3D XDirection',(0.1808281344279896,0.9835147105149434,-1.665334536939904e-16));
#201032=AXIS2_PLACEMENT_3D('Plane Axis2P3D',#201029,#201030,#201031);
#201033=PLANE('',#201032);
#201034=CARTESIAN_POINT('Line Origine',(8850.548702300001,-2544.99498541,729.15491));
#201035=DIRECTION('Vector Direction',(-0.1808281344279896,-0.9835147105149434,-4.455469934339743e-13));
#201036=VECTOR('Line Direction',#201035,1.);
#201037=LINE('Line',#201034,#201036);
#201038=CARTESIAN_POINT('Vertex',(8843.1892862,-2585.0224624,729.15491));
#201039=VERTEX_POINT('',#201038);
#201040=EDGE_CURVE('',#201039,#197647,#201037,.F.);
#201041=CARTESIAN_POINT('Line Origine',(8866.1954833,-2459.89296665,758.192503721));
#201042=DIRECTION('Vector Direction',(-0.03691545764219395,-0.2007812321429671,-0.9789403177958396));
#201043=VECTOR('Line Direction',#201042,1.);
#201044=LINE('Line',#201041,#201043);
#201045=EDGE_CURVE('',#200792,#200723,#201044,.F.);
#201046=CARTESIAN_POINT('Line Origine',(8852.280738220001,-2535.57453312,798.5549099999999));
#201047=DIRECTION('Vector Direction',(0.1808281344279896,0.9835147105149434,-1.515812134679913e-15));
#201048=VECTOR('Line Direction',#201047,1.);
#201049=LINE('Line',#201046,#201048);
#201050=EDGE_CURVE('',#197585,#200873,#201049,.F.);
#201051=CARTESIAN_POINT('Line Origine',(8843.1892862,-2585.0224624,730.90491));
#201052=DIRECTION('Vector Direction',(0,0,-1));
#201053=VECTOR('Line Direction',#201052,1.);
#201054=LINE('Line',#201051,#201053);
#201055=EDGE_CURVE('',#200982,#201039,#201054,.T.);
#201056=EDGE_LOOP('',(#201057,#201058,#201059,#201060,#201061,#201062,#201063,#201064,#201065,#201066,#201067,#201068,#201069,#201070,#201071,#201072,#201073,#201074,#201075,#201076,#201077,#201078,#201079,#201080,#201081));
#201057=ORIENTED_EDGE('',*,*,#201040,.T.);
#201058=ORIENTED_EDGE('',*,*,#197648,.T.);
#201059=ORIENTED_EDGE('',*,*,#199397,.F.);
#201060=ORIENTED_EDGE('',*,*,#199361,.F.);
#201061=ORIENTED_EDGE('',*,*,#200766,.T.);
#201062=ORIENTED_EDGE('',*,*,#200798,.T.);
#201063=ORIENTED_EDGE('',*,*,#201045,.T.);
#201064=ORIENTED_EDGE('',*,*,#200724,.T.);
#201065=ORIENTED_EDGE('',*,*,#200704,.F.);
#201066=ORIENTED_EDGE('',*,*,#199532,.T.);
#201067=ORIENTED_EDGE('',*,*,#197591,.T.);
#201068=ORIENTED_EDGE('',*,*,#201050,.T.);
#201069=ORIENTED_EDGE('',*,*,#200879,.F.);
#201070=ORIENTED_EDGE('',*,*,#200829,.F.);
#201071=ORIENTED_EDGE('',*,*,#198712,.F.);
#201072=ORIENTED_EDGE('',*,*,#198762,.T.);
#201073=ORIENTED_EDGE('',*,*,#198781,.F.);
#201074=ORIENTED_EDGE('',*,*,#200893,.T.);
#201075=ORIENTED_EDGE('',*,*,#200969,.T.);
#201076=ORIENTED_EDGE('',*,*,#200932,.F.);
#201077=ORIENTED_EDGE('',*,*,#199039,.F.);
#201078=ORIENTED_EDGE('',*,*,#199084,.T.);
#201079=ORIENTED_EDGE('',*,*,#199103,.F.);
#201080=ORIENTED_EDGE('',*,*,#200990,.T.);
#201081=ORIENTED_EDGE('',*,*,#201055,.T.);
#201082=FACE_OUTER_BOUND('',#201056,.T.);
#201083=EDGE_LOOP('',(#201084,#201085,#201086,#201087,#201088,#201089,#201090,#201091));
#201084=ORIENTED_EDGE('',*,*,#198037,.F.);
#201085=ORIENTED_EDGE('',*,*,#197815,.F.);
#201086=ORIENTED_EDGE('',*,*,#197853,.F.);
#201087=ORIENTED_EDGE('',*,*,#197884,.F.);
#201088=ORIENTED_EDGE('',*,*,#197915,.F.);
#201089=ORIENTED_EDGE('',*,*,#197958,.T.);
#201090=ORIENTED_EDGE('',*,*,#197977,.F.);
#201091=ORIENTED_EDGE('',*,*,#198008,.F.);
#201092=FACE_BOUND('',#201083,.T.);
#201093=EDGE_LOOP('',(#201094,#201095,#201096,#201097,#201098,#201099,#201100,#201101));
#201094=ORIENTED_EDGE('',*,*,#198483,.F.);
#201095=ORIENTED_EDGE('',*,*,#198271,.F.);
#201096=ORIENTED_EDGE('',*,*,#198309,.F.);
#201097=ORIENTED_EDGE('',*,*,#198335,.F.);
#201098=ORIENTED_EDGE('',*,*,#198366,.F.);
#201099=ORIENTED_EDGE('',*,*,#198397,.F.);
#201100=ORIENTED_EDGE('',*,*,#198428,.F.);
#201101=ORIENTED_EDGE('',*,*,#198454,.F.);
#201102=FACE_BOUND('',#201093,.T.);
#201103=EDGE_LOOP('',(#201104,#201105,#201106,#201107,#201108,#201109,#201110,#201111));
#201104=ORIENTED_EDGE('',*,*,#199884,.F.);
#201105=ORIENTED_EDGE('',*,*,#199662,.F.);
#201106=ORIENTED_EDGE('',*,*,#199712,.T.);
#201107=ORIENTED_EDGE('',*,*,#199731,.F.);
#201108=ORIENTED_EDGE('',*,*,#199774,.T.);
#201109=ORIENTED_EDGE('',*,*,#199793,.F.);
#201110=ORIENTED_EDGE('',*,*,#199836,.T.);
#201111=ORIENTED_EDGE('',*,*,#199855,.F.);
#201112=FACE_BOUND('',#201103,.T.);
#201113=EDGE_LOOP('',(#201114,#201115,#201116,#201117,#201118,#201119,#201120,#201121));
#201114=ORIENTED_EDGE('',*,*,#200330,.F.);
#201115=ORIENTED_EDGE('',*,*,#200118,.F.);
#201116=ORIENTED_EDGE('',*,*,#200163,.T.);
#201117=ORIENTED_EDGE('',*,*,#200182,.F.);
#201118=ORIENTED_EDGE('',*,*,#200213,.F.);
#201119=ORIENTED_EDGE('',*,*,#200244,.F.);
#201120=ORIENTED_EDGE('',*,*,#200282,.T.);
#201121=ORIENTED_EDGE('',*,*,#200301,.F.);
#201122=FACE_BOUND('',#201113,.T.);
#201123=ADVANCED_FACE('PartBody',(#201082,#201092,#201102,#201112,#201122),#201033,.T.);
#201124=CARTESIAN_POINT('Axis2P3D Location',(8838.271712649999,-2584.11832173,758.766658353));
#201125=DIRECTION('Axis2P3D Direction',(0,0,-1));
#201126=DIRECTION('Axis2P3D XDirection',(0.9835147105149434,-0.1808281344279896,0));
#201127=AXIS2_PLACEMENT_3D('Cylinder Axis2P3D',#201124,#201125,#201126);
#201128=CYLINDRICAL_SURFACE('generated cylinder',#201127,5.);
#201129=CARTESIAN_POINT('Axis2P3D Location',(8838.271712649999,-2584.11832173,729.15491));
#201130=DIRECTION('Axis2P3D Direction',(0,0,-1));
#201131=AXIS2_PLACEMENT_3D('Circle Axis2P3D',#201129,#201130,$);
#201132=CIRCLE('generated circle',#201131,5.);
#201133=EDGE_CURVE('',#201014,#201039,#201132,.F.);
#201134=EDGE_LOOP('',(#201135,#201136,#201137,#201138));
#201135=ORIENTED_EDGE('',*,*,#201133,.T.);
#201136=ORIENTED_EDGE('',*,*,#201055,.F.);
#201137=ORIENTED_EDGE('',*,*,#200985,.T.);
#201138=ORIENTED_EDGE('',*,*,#201020,.T.);
#201139=FACE_OUTER_BOUND('',#201134,.T.);
#201140=ADVANCED_FACE('PartBody',(#201139),#201128,.T.);
#201141=CARTESIAN_POINT('Axis2P3D Location',(8810.97296827,-2621.74917325,798.5549099999999));
#201142=DIRECTION('Axis2P3D Direction',(-0.9835147105149434,0.1808281344279896,6.911138328289602e-15));
#201143=DIRECTION('Axis2P3D XDirection',(0.1808281344279896,0.9835147105149434,-1.665334536939904e-16));
#201144=AXIS2_PLACEMENT_3D('Plane Axis2P3D',#201141,#201142,#201143);
#201145=PLANE('',#201144);
#201146=CARTESIAN_POINT('Axis2P3D Location',(8814.52481916,-2602.43084311,796.5549099999999));
#201147=DIRECTION('Axis2P3D Direction',(-0.9835147105149434,0.1808281344279896,6.911138328289602e-15));
#201148=AXIS2_PLACEMENT_3D('Circle Axis2P3D',#201146,#201147,$);
#201149=CIRCLE('generated circle',#201148,2.);
#201150=CARTESIAN_POINT('Vertex',(8814.170079220001,-2604.36025497,796.944177846));
#201151=VERTEX_POINT('',#201150);
#201152=CARTESIAN_POINT('Vertex',(8814.52481916,-2602.43084311,798.5549099999999));
#201153=VERTEX_POINT('',#201152);
#201154=EDGE_CURVE('',#201151,#201153,#201149,.T.);
#201155=CARTESIAN_POINT('Line Origine',(8814.112635920001,-2604.67268604,795.3432605));
#201156=DIRECTION('Vector Direction',(0.03519528921429187,0.1914253265569558,0.9808759534057735));
#201157=VECTOR('Line Direction',#201156,1.);
#201158=LINE('Line',#201155,#201157);
#201159=EDGE_CURVE('',#198888,#201151,#201158,.T.);
#201160=CARTESIAN_POINT('Line Origine',(8814.557175059999,-2602.25486108,798.5549099999999));
#201161=DIRECTION('Vector Direction',(-0.1808281344270223,-0.9835147105151214,0));
#201162=VECTOR('Line Direction',#201161,1.);
#201163=LINE('Line',#201160,#201162);
#201164=EDGE_CURVE('',#200556,#201153,#201163,.T.);
#201165=EDGE_LOOP('',(#201166,#201167,#201168,#201169,#201170));
#201166=ORIENTED_EDGE('',*,*,#201154,.F.);
#201167=ORIENTED_EDGE('',*,*,#201159,.F.);
#201168=ORIENTED_EDGE('',*,*,#198889,.F.);
#201169=ORIENTED_EDGE('',*,*,#200557,.F.);
#201170=ORIENTED_EDGE('',*,*,#201164,.T.);
#201171=FACE_OUTER_BOUND('',#201165,.T.);
#201172=ADVANCED_FACE('PartBody',(#201171),#201145,.F.);
#201173=CARTESIAN_POINT('Axis2P3D Location',(8810.29381585,-2603.32259593,798.5549099999999));
#201174=DIRECTION('Axis2P3D Direction',(-6.82732014603e-15,1.08594014918e-15,-1));
#201175=DIRECTION('Axis2P3D XDirection',(0.1808281344279896,0.9835147105149434,-1.665334536939904e-16));
#201176=AXIS2_PLACEMENT_3D('Plane Axis2P3D',#201173,#201174,#201175);
#201177=PLANE('',#201176);
#201178=CARTESIAN_POINT('Line Origine',(8812.55778974,-2602.06918684,798.5549099999999));
#201179=DIRECTION('Vector Direction',(0.9835147105149434,-0.1808281344279896,0));
#201180=VECTOR('Line Direction',#201179,1.);
#201181=LINE('Line',#201178,#201180);
#201182=CARTESIAN_POINT('Vertex',(8810.590760319999,-2601.70753057,798.5549099999999));
#201183=VERTEX_POINT('',#201182);
#201184=EDGE_CURVE('',#201183,#201153,#201181,.T.);
#201185=CARTESIAN_POINT('Line Origine',(8820.543703830001,-2547.57399439,798.5549099999999));
#201186=DIRECTION('Vector Direction',(0.1808281344279896,0.9835147105149434,0));
#201187=VECTOR('Line Direction',#201186,1.);
#201188=LINE('Line',#201185,#201187);
#201189=EDGE_CURVE('',#197578,#201183,#201188,.F.);
#201190=EDGE_LOOP('',(#201191,#201192,#201193,#201194,#201195,#201196,#201197,#201198));
#201191=ORIENTED_EDGE('',*,*,#201184,.T.);
#201192=ORIENTED_EDGE('',*,*,#201164,.F.);
#201193=ORIENTED_EDGE('',*,*,#200569,.T.);
#201194=ORIENTED_EDGE('',*,*,#200854,.T.);
#201195=ORIENTED_EDGE('',*,*,#200874,.F.);
#201196=ORIENTED_EDGE('',*,*,#201050,.F.);
#201197=ORIENTED_EDGE('',*,*,#197586,.F.);
#201198=ORIENTED_EDGE('',*,*,#201189,.T.);
#201199=FACE_OUTER_BOUND('',#201190,.T.);
#201200=ADVANCED_FACE('PartBody',(#201199),#201177,.F.);
#201201=CARTESIAN_POINT('Axis2P3D Location',(8824.873360940001,-2604.33351674,796.5549099999999));
#201202=DIRECTION('Axis2P3D Direction',(0.9835147105149434,-0.1808281344279896,-8.145567553799532e-14));
#201203=DIRECTION('Axis2P3D XDirection',(8.01927968475e-14,-1.4294121442e-14,1));
#201204=AXIS2_PLACEMENT_3D('Cylinder Axis2P3D',#201201,#201202,#201203);
#201205=CYLINDRICAL_SURFACE('generated cylinder',#201204,2.);
#201206=CARTESIAN_POINT('Axis2P3D Location',(8810.590760319999,-2601.70753057,796.5549099999999));
#201207=DIRECTION('Axis2P3D Direction',(0.9835147105149434,-0.1808281344279896,-8.145567553799532e-14));
#201208=AXIS2_PLACEMENT_3D('Circle Axis2P3D',#201206,#201207,$);
#201209=CIRCLE('generated circle',#201208,2.);
#201210=CARTESIAN_POINT('Vertex',(8810.23602038,-2603.63694243,796.944177846));
#201211=VERTEX_POINT('',#201210);
#201212=EDGE_CURVE('',#201183,#201211,#201209,.T.);
#201213=CARTESIAN_POINT('Line Origine',(8824.518620999999,-2606.2629286,796.944177846));
#201214=DIRECTION('Vector Direction',(0.9835147105149434,-0.1808281344279896,-8.387778965039517e-14));
#201215=VECTOR('Line Direction',#201214,1.);
#201216=LINE('Line',#201213,#201215);
#201217=EDGE_CURVE('',#201211,#201151,#201216,.T.);
#201218=EDGE_LOOP('',(#201219,#201220,#201221,#201222));
#201219=ORIENTED_EDGE('',*,*,#201154,.T.);
#201220=ORIENTED_EDGE('',*,*,#201184,.F.);
#201221=ORIENTED_EDGE('',*,*,#201212,.T.);
#201222=ORIENTED_EDGE('',*,*,#201217,.T.);
#201223=FACE_OUTER_BOUND('',#201218,.T.);
#201224=ADVANCED_FACE('PartBody',(#201223),#201205,.T.);
#201225=CARTESIAN_POINT('Axis2P3D Location',(8808.66262662,-2634.31499995,732.65491));
#201226=DIRECTION('Axis2P3D Direction',(0.9835147105149434,-0.1808281344279896,-6.911138328289602e-15));
#201227=DIRECTION('Axis2P3D XDirection',(0.1808281344279896,0.9835147105149434,2.181200402939875e-28));
#201228=AXIS2_PLACEMENT_3D('Plane Axis2P3D',#201225,#201226,#201227);
#201229=PLANE('',#201228);
#201230=CARTESIAN_POINT('Line Origine',(8812.228679559999,-2614.9194256,729.15491));
#201231=DIRECTION('Vector Direction',(-0.1808281344279896,-0.9835147105149434,-4.070061694259766e-13));
#201232=VECTOR('Line Direction',#201231,1.);
#201233=LINE('Line',#201230,#201232);
#201234=CARTESIAN_POINT('Vertex',(8812.17816981,-2615.19414546,729.15491));
#201235=VERTEX_POINT('',#201234);
#201236=EDGE_CURVE('',#200633,#201235,#201233,.T.);
#201237=CARTESIAN_POINT('Line Origine',(8811.866905659999,-2616.88709479,732.755827346));
#201238=DIRECTION('Vector Direction',(-0.03519528921509089,-0.1914253265569504,-0.9808759534057461));
#201239=VECTOR('Line Direction',#201238,1.);
#201240=LINE('Line',#201237,#201239);
#201241=CARTESIAN_POINT('Vertex',(8811.823429870001,-2617.12355731,731.544177846));
#201242=VERTEX_POINT('',#201241);
#201243=EDGE_CURVE('',#199299,#201242,#201240,.T.);
#201244=CARTESIAN_POINT('Axis2P3D Location',(8812.17816981,-2615.19414546,731.15491));
#201245=DIRECTION('Axis2P3D Direction',(0.9835147105149434,-0.1808281344279896,-6.911138328289602e-15));
#201246=AXIS2_PLACEMENT_3D('Circle Axis2P3D',#201244,#201245,$);
#201247=CIRCLE('generated circle',#201246,2.);
#201248=EDGE_CURVE('',#201235,#201242,#201247,.F.);
#201249=EDGE_LOOP('',(#201250,#201251,#201252,#201253,#201254));
#201250=ORIENTED_EDGE('',*,*,#201236,.F.);
#201251=ORIENTED_EDGE('',*,*,#200634,.T.);
#201252=ORIENTED_EDGE('',*,*,#199302,.F.);
#201253=ORIENTED_EDGE('',*,*,#201243,.T.);
#201254=ORIENTED_EDGE('',*,*,#201248,.F.);
#201255=FACE_OUTER_BOUND('',#201249,.T.);
#201256=ADVANCED_FACE('PartBody',(#201255),#201229,.T.);
#201257=CARTESIAN_POINT('Axis2P3D Location',(8829.34291714,-2499.71553608,729.15491));
#201258=DIRECTION('Axis2P3D Direction',(-7.41165414532e-14,-4.41335345257e-13,1));
#201259=DIRECTION('Axis2P3D XDirection',(-0.1808281344279896,-0.9835147105149434,-4.474621602519742e-13));
#201260=AXIS2_PLACEMENT_3D('Plane Axis2P3D',#201257,#201258,#201259);
#201261=PLANE('',#201260);
#201262=CARTESIAN_POINT('Line Origine',(8810.21114039,-2614.83248919,729.15491));
#201263=DIRECTION('Vector Direction',(0.9835147105149434,-0.1808281344279896,0));
#201264=VECTOR('Line Direction',#201263,1.);
#201265=LINE('Line',#201262,#201264);
#201266=CARTESIAN_POINT('Vertex',(8808.244110969999,-2614.47083292,729.15491));
#201267=VERTEX_POINT('',#201266);
#201268=EDGE_CURVE('',#201267,#201235,#201265,.T.);
#201269=CARTESIAN_POINT('Line Origine',(8818.793514049999,-2557.0931845,729.15491));
#201270=DIRECTION('Vector Direction',(-0.1808281344279896,-0.9835147105149434,-4.472300651259743e-13));
#201271=VECTOR('Line Direction',#201270,1.);
#201272=LINE('Line',#201269,#201271);
#201273=EDGE_CURVE('',#201267,#197654,#201272,.F.);
#201274=EDGE_LOOP('',(#201275,#201276,#201277,#201278,#201279,#201280,#201281,#201282));
#201275=ORIENTED_EDGE('',*,*,#201268,.F.);
#201276=ORIENTED_EDGE('',*,*,#201273,.T.);
#201277=ORIENTED_EDGE('',*,*,#197655,.T.);
#201278=ORIENTED_EDGE('',*,*,#201040,.F.);
#201279=ORIENTED_EDGE('',*,*,#201133,.F.);
#201280=ORIENTED_EDGE('',*,*,#201015,.F.);
#201281=ORIENTED_EDGE('',*,*,#200639,.T.);
#201282=ORIENTED_EDGE('',*,*,#201236,.T.);
#201283=FACE_OUTER_BOUND('',#201274,.T.);
#201284=ADVANCED_FACE('PartBody',(#201283),#201261,.F.);
#201285=CARTESIAN_POINT('Axis2P3D Location',(8807.803640550001,-2616.86652838,729.15491));
#201286=DIRECTION('Axis2P3D Direction',(0.1773699687599856,0.9647059293649221,-0.1946339231229843));
#201287=DIRECTION('Axis2P3D XDirection',(0.03519528921469138,0.1914253265569531,0.9808759534057597));
#201288=AXIS2_PLACEMENT_3D('Plane Axis2P3D',#201285,#201286,#201287);
#201289=PLANE('',#201288);
#201290=CARTESIAN_POINT('Line Origine',(8809.85640045,-2616.76190105,731.544177846));
#201291=DIRECTION('Vector Direction',(0.9835147105149434,-0.1808281344279896,0));
#201292=VECTOR('Line Direction',#201291,1.);
#201293=LINE('Line',#201290,#201292);
#201294=CARTESIAN_POINT('Vertex',(8807.88937103,-2616.40024478,731.544177846));
#201295=VERTEX_POINT('',#201294);
#201296=EDGE_CURVE('',#201295,#201242,#201293,.T.);
#201297=CARTESIAN_POINT('Line Origine',(8809.062695709999,-2610.0185936,764.244177846));
#201298=DIRECTION('Vector Direction',(0.03519528921469138,0.1914253265569531,0.9808759534057597));
#201299=VECTOR('Line Direction',#201298,1.);
#201300=LINE('Line',#201297,#201299);
#201301=EDGE_CURVE('',#201211,#201295,#201300,.F.);
#201302=EDGE_LOOP('',(#201303,#201304,#201305,#201306,#201307,#201308,#201309,#201310,#201311,#201312,#201313,#201314));
#201303=ORIENTED_EDGE('',*,*,#201296,.T.);
#201304=ORIENTED_EDGE('',*,*,#201243,.F.);
#201305=ORIENTED_EDGE('',*,*,#199337,.T.);
#201306=ORIENTED_EDGE('',*,*,#199131,.F.);
#201307=ORIENTED_EDGE('',*,*,#199217,.F.);
#201308=ORIENTED_EDGE('',*,*,#200608,.F.);
#201309=ORIENTED_EDGE('',*,*,#199015,.T.);
#201310=ORIENTED_EDGE('',*,*,#198809,.F.);
#201311=ORIENTED_EDGE('',*,*,#198895,.F.);
#201312=ORIENTED_EDGE('',*,*,#201159,.T.);
#201313=ORIENTED_EDGE('',*,*,#201217,.F.);
#201314=ORIENTED_EDGE('',*,*,#201301,.T.);
#201315=FACE_OUTER_BOUND('',#201302,.T.);
#201316=ADVANCED_FACE('PartBody',(#201315),#201289,.F.);
#201317=CARTESIAN_POINT('Axis2P3D Location',(8822.5267116,-2617.09681909,731.15491));
#201318=DIRECTION('Axis2P3D Direction',(0.9835147105149434,-0.1808281344279896,-8.223111509679527e-14));
#201319=DIRECTION('Axis2P3D XDirection',(-0.1773699687599856,-0.9647059293649221,0.1946339231229843));
#201320=AXIS2_PLACEMENT_3D('Cylinder Axis2P3D',#201317,#201318,#201319);
#201321=CYLINDRICAL_SURFACE('generated cylinder',#201320,2.);
#201322=CARTESIAN_POINT('Axis2P3D Location',(8808.244110969999,-2614.47083292,731.15491));
#201323=DIRECTION('Axis2P3D Direction',(0.9835147105149434,-0.1808281344279896,-8.223111509679527e-14));
#201324=AXIS2_PLACEMENT_3D('Circle Axis2P3D',#201322,#201323,$);
#201325=CIRCLE('generated circle',#201324,2.);
#201326=EDGE_CURVE('',#201295,#201267,#201325,.T.);
#201327=EDGE_LOOP('',(#201328,#201329,#201330,#201331));
#201328=ORIENTED_EDGE('',*,*,#201248,.T.);
#201329=ORIENTED_EDGE('',*,*,#201296,.F.);
#201330=ORIENTED_EDGE('',*,*,#201326,.T.);
#201331=ORIENTED_EDGE('',*,*,#201268,.T.);
#201332=FACE_OUTER_BOUND('',#201327,.T.);
#201333=ADVANCED_FACE('PartBody',(#201332),#201321,.T.);
#201334=CARTESIAN_POINT('Axis2P3D Location',(8985.201108200001,-1652.01103398,-6.28688212601e-11));
#201335=DIRECTION('Axis2P3D Direction',(0.9835147105149434,-0.1808281344279896,-6.911138328289602e-15));
#201336=DIRECTION('Axis2P3D XDirection',(0.1808281344279896,0.9835147105149434,-1.665334536939904e-16));
#201337=AXIS2_PLACEMENT_3D('Plane Axis2P3D',#201334,#201335,#201336);
#201338=PLANE('',#201337);
#201339=CARTESIAN_POINT('Line Origine',(8836.75635177,-2459.39425512,759.509434119));
#201340=DIRECTION('Vector Direction',(-0.03691545764219395,-0.2007812321429671,-0.9789403177958396));
#201341=VECTOR('Line Direction',#201340,1.);
#201342=LINE('Line',#201339,#201341);
#201343=CARTESIAN_POINT('Vertex',(8834.68270444,-2470.67271385,704.519543588));
#201344=VERTEX_POINT('',#201343);
#201345=CARTESIAN_POINT('Vertex',(8838.8299991,-2448.11579639,814.499324649));
#201346=VERTEX_POINT('',#201345);
#201347=EDGE_CURVE('',#201344,#201346,#201342,.F.);
#201348=CARTESIAN_POINT('Line Origine',(8833.797604679999,-2475.48672487,705.540276832));
#201349=DIRECTION('Vector Direction',(-0.1770199513830736,-0.9628022032684,0.2041466487450848));
#201350=VECTOR('Line Direction',#201349,1.);
#201351=LINE('Line',#201348,#201350);
#201352=EDGE_CURVE('',#197719,#201344,#201351,.F.);
#201353=CARTESIAN_POINT('Line Origine',(8837.35037149,-2456.16341313,817.159354344));
#201354=DIRECTION('Vector Direction',(-0.1719693007080267,-0.9353319799421453,0.3091611989100481));
#201355=VECTOR('Line Direction',#201354,1.);
#201356=LINE('Line',#201353,#201355);
#201357=EDGE_CURVE('',#201346,#197750,#201356,.T.);
#201358=EDGE_LOOP('',(#201359,#201360,#201361,#201362,#201363,#201364,#201365,#201366,#201367,#201368,#201369,#201370,#201371,#201372));
#201359=ORIENTED_EDGE('',*,*,#201347,.F.);
#201360=ORIENTED_EDGE('',*,*,#201352,.F.);
#201361=ORIENTED_EDGE('',*,*,#197720,.F.);
#201362=ORIENTED_EDGE('',*,*,#197696,.F.);
#201363=ORIENTED_EDGE('',*,*,#197662,.F.);
#201364=ORIENTED_EDGE('',*,*,#201273,.F.);
#201365=ORIENTED_EDGE('',*,*,#201326,.F.);
#201366=ORIENTED_EDGE('',*,*,#201301,.F.);
#201367=ORIENTED_EDGE('',*,*,#201212,.F.);
#201368=ORIENTED_EDGE('',*,*,#201189,.F.);
#201369=ORIENTED_EDGE('',*,*,#197579,.F.);
#201370=ORIENTED_EDGE('',*,*,#197789,.F.);
#201371=ORIENTED_EDGE('',*,*,#197760,.F.);
#201372=ORIENTED_EDGE('',*,*,#201357,.F.);
#201373=FACE_OUTER_BOUND('',#201358,.T.);
#201374=ADVANCED_FACE('PartBody',(#201373),#201338,.F.);
#201375=CARTESIAN_POINT('Axis2P3D Location',(8839.69495236,-2443.41136108,812.944337874));
#201376=DIRECTION('Axis2P3D Direction',(0.05590504283649533,0.3040645870489747,0.9510096493139206));
#201377=DIRECTION('Axis2P3D XDirection',(-0.1719693007080267,-0.9353319799421453,0.3091611989100481));
#201378=AXIS2_PLACEMENT_3D('Plane Axis2P3D',#201375,#201376,#201377);
#201379=PLANE('',#201378);
#201380=CARTESIAN_POINT('Line Origine',(8839.82325421,-2446.4788227,813.917549586));
#201381=DIRECTION('Vector Direction',(-0.4963359956880549,-0.8180063245700905,0.2907167562210322));
#201382=VECTOR('Line Direction',#201381,1.);
#201383=LINE('Line',#201380,#201382);
#201384=CARTESIAN_POINT('Vertex',(8840.816509329999,-2444.84184901,813.3357745230001));
#201385=VERTEX_POINT('',#201384);
#201386=EDGE_CURVE('',#201346,#201385,#201383,.F.);
#201387=CARTESIAN_POINT('Line Origine',(8851.4301767,-2445.56898893,812.944337874));
#201388=DIRECTION('Vector Direction',(0.9835147105149434,-0.1808281344279896,-7.99252307402954e-15));
#201389=VECTOR('Line Direction',#201388,1.);
#201390=LINE('Line',#201387,#201389);
#201391=CARTESIAN_POINT('Vertex',(8844.435346890001,-2444.28292578,812.944337874));
#201392=VERTEX_POINT('',#201391);
#201393=EDGE_CURVE('',#201392,#200733,#201390,.T.);
#201394=CARTESIAN_POINT('Line Origine',(8842.625928109999,-2444.56238739,813.140056198));
#201395=DIRECTION('Vector Direction',(-0.9826832965184263,-0.1517737428910659,0.1062933192280461));
#201396=VECTOR('Line Direction',#201395,1.);
#201397=LINE('Line',#201394,#201396);
#201398=EDGE_CURVE('',#201385,#201392,#201397,.F.);
#201399=EDGE_LOOP('',(#201400,#201401,#201402,#201403,#201404,#201405,#201406,#201407,#201408));
#201400=ORIENTED_EDGE('',*,*,#201386,.F.);
#201401=ORIENTED_EDGE('',*,*,#201357,.T.);
#201402=ORIENTED_EDGE('',*,*,#197753,.T.);
#201403=ORIENTED_EDGE('',*,*,#199551,.F.);
#201404=ORIENTED_EDGE('',*,*,#199595,.F.);
#201405=ORIENTED_EDGE('',*,*,#200658,.T.);
#201406=ORIENTED_EDGE('',*,*,#200739,.F.);
#201407=ORIENTED_EDGE('',*,*,#201393,.F.);
#201408=ORIENTED_EDGE('',*,*,#201398,.F.);
#201409=FACE_OUTER_BOUND('',#201399,.T.);
#201410=ADVANCED_FACE('PartBody',(#201409),#201379,.T.);
#201411=CARTESIAN_POINT('Axis2P3D Location',(8835.5678042,-2465.85870284,703.498810345));
#201412=DIRECTION('Axis2P3D Direction',(0.03691545764219395,0.2007812321429671,0.9789403177958396));
#201413=DIRECTION('Axis2P3D XDirection',(-0.1770199513830736,-0.9628022032684,0.2041466487450848));
#201414=AXIS2_PLACEMENT_3D('Plane Axis2P3D',#201411,#201412,#201413);
#201415=PLANE('',#201414);
#201416=CARTESIAN_POINT('Line Origine',(8838.49624421,-2467.02352089,703.627284878));
#201417=DIRECTION('Vector Direction',(-0.9847459050488775,-0.1593748840039802,0.06982226606309132));
#201418=VECTOR('Line Direction',#201417,1.);
#201419=LINE('Line',#201416,#201418);
#201420=CARTESIAN_POINT('Vertex',(8840.308198729999,-2466.73026753,703.498810345));
#201421=VERTEX_POINT('',#201420);
#201422=CARTESIAN_POINT('Vertex',(8836.68428969,-2467.31677425,703.755759411));
#201423=VERTEX_POINT('',#201422);
#201424=EDGE_CURVE('',#201421,#201423,#201419,.T.);
#201425=CARTESIAN_POINT('Line Origine',(8847.30302854,-2468.01633068,703.498810345));
#201426=DIRECTION('Vector Direction',(0.9835147105149434,-0.1808281344279896,-7.99252307402954e-15));
#201427=VECTOR('Line Direction',#201426,1.);
#201428=LINE('Line',#201425,#201427);
#201429=EDGE_CURVE('',#201421,#200790,#201428,.T.);
#201430=CARTESIAN_POINT('Line Origine',(8835.68349707,-2468.99474405,704.1376514999999));
#201431=DIRECTION('Vector Direction',(-0.5027261842997109,-0.8428912612335153,0.1918350993838897));
#201432=VECTOR('Line Direction',#201431,1.);
#201433=LINE('Line',#201430,#201432);
#201434=EDGE_CURVE('',#201423,#201344,#201433,.T.);
#201435=EDGE_LOOP('',(#201436,#201437,#201438,#201439,#201440,#201441,#201442,#201443,#201444));
#201436=ORIENTED_EDGE('',*,*,#201424,.F.);
#201437=ORIENTED_EDGE('',*,*,#201429,.T.);
#201438=ORIENTED_EDGE('',*,*,#200803,.F.);
#201439=ORIENTED_EDGE('',*,*,#200771,.F.);
#201440=ORIENTED_EDGE('',*,*,#199496,.T.);
#201441=ORIENTED_EDGE('',*,*,#199421,.T.);
#201442=ORIENTED_EDGE('',*,*,#197727,.F.);
#201443=ORIENTED_EDGE('',*,*,#201352,.T.);
#201444=ORIENTED_EDGE('',*,*,#201434,.F.);
#201445=FACE_OUTER_BOUND('',#201435,.T.);
#201446=ADVANCED_FACE('PartBody',(#201445),#201415,.F.);
#201447=CARTESIAN_POINT('Axis2P3D Location',(8839.69495236,-2443.41136108,812.944337874));
#201448=DIRECTION('Axis2P3D Direction',(-0.1770199513830736,-0.9628022032684,0.2041466487450848));
#201449=DIRECTION('Axis2P3D XDirection',(-0.03691545764219395,-0.2007812321429671,-0.9789403177958396));
#201450=AXIS2_PLACEMENT_3D('Plane Axis2P3D',#201447,#201448,#201449);
#201451=PLANE('',#201450);
#201452=CARTESIAN_POINT('Line Origine',(8842.37177281,-2455.50659666,758.221574109));
#201453=DIRECTION('Vector Direction',(0.03691545764219395,0.2007812321429671,0.9789403177958396));
#201454=VECTOR('Line Direction',#201453,1.);
#201455=LINE('Line',#201452,#201454);
#201456=EDGE_CURVE('',#201421,#201392,#201455,.T.);
#201457=EDGE_LOOP('',(#201458,#201459,#201460,#201461,#201462,#201463));
#201458=ORIENTED_EDGE('',*,*,#201456,.T.);
#201459=ORIENTED_EDGE('',*,*,#201393,.T.);
#201460=ORIENTED_EDGE('',*,*,#200734,.F.);
#201461=ORIENTED_EDGE('',*,*,#201045,.F.);
#201462=ORIENTED_EDGE('',*,*,#200793,.F.);
#201463=ORIENTED_EDGE('',*,*,#201429,.F.);
#201464=FACE_OUTER_BOUND('',#201457,.T.);
#201465=ADVANCED_FACE('PartBody',(#201464),#201451,.F.);
#201466=CARTESIAN_POINT('Axis2P3D Location',(8839.93228293,-2442.12053261,843.730171406));
#201467=DIRECTION('Axis2P3D Direction',(0.8636571267615523,-0.4992206111087412,0.06982226606316379));
#201468=DIRECTION('Axis2P3D XDirection',(-0.03691545764219395,-0.2007812321429671,-0.9789403177958396));
#201469=AXIS2_PLACEMENT_3D('Plane Axis2P3D',#201466,#201467,#201468);
#201470=PLANE('',#201469);
#201471=CARTESIAN_POINT('Line Origine',(8838.84916071,-2455.54215464,761.164759943));
#201472=DIRECTION('Vector Direction',(-0.03691545764219395,-0.2007812321429671,-0.9789403177958396));
#201473=VECTOR('Line Direction',#201472,1.);
#201474=LINE('Line',#201471,#201473);
#201475=EDGE_CURVE('',#201423,#201385,#201474,.F.);
#201476=EDGE_LOOP('',(#201477,#201478,#201479,#201480));
#201477=ORIENTED_EDGE('',*,*,#201475,.F.);
#201478=ORIENTED_EDGE('',*,*,#201434,.T.);
#201479=ORIENTED_EDGE('',*,*,#201347,.T.);
#201480=ORIENTED_EDGE('',*,*,#201386,.T.);
#201481=FACE_OUTER_BOUND('',#201476,.T.);
#201482=ADVANCED_FACE('PartBody',(#201481),#201470,.F.);
#201483=CARTESIAN_POINT('Axis2P3D Location',(8839.478739800001,-2471.24165103,681.502854132));
#201484=DIRECTION('Axis2P3D Direction',(0.1700375002060183,-0.9665849901421041,0.1918350993840207));
#201485=DIRECTION('Axis2P3D XDirection',(0.03691545764219395,0.2007812321429671,0.9789403177958396));
#201486=AXIS2_PLACEMENT_3D('Plane Axis2P3D',#201483,#201484,#201485);
#201487=PLANE('',#201486);
#201488=EDGE_LOOP('',(#201489,#201490,#201491,#201492));
#201489=ORIENTED_EDGE('',*,*,#201456,.F.);
#201490=ORIENTED_EDGE('',*,*,#201424,.T.);
#201491=ORIENTED_EDGE('',*,*,#201475,.T.);
#201492=ORIENTED_EDGE('',*,*,#201398,.T.);
#201493=FACE_OUTER_BOUND('',#201488,.T.);
#201494=ADVANCED_FACE('PartBody',(#201493),#201487,.F.);
#201495=ADVANCED_BREP_SHAPE_REPRESENTATION('NONE',(#197522),#197182);

#201496=APPLICATION_CONTEXT('automotive_design');
#201497=APPLICATION_PROTOCOL_DEFINITION('international standard','automotive_design',2010,#201496);
#201498=PRODUCT_CONTEXT('',#201496,'mechanical');
#201499=PRODUCT_DEFINITION_CONTEXT('part definition',#201496,'design');
#201500=PRODUCT('part_019_V5311311820000','part_019_V5311311820000','',(#201498));
#201501=PRODUCT_DEFINITION_FORMATION('','',#201500);
#201502=PRODUCT_DEFINITION('design','',#201501,#201499);
#201503=PRODUCT_DEFINITION_SHAPE('','',#201502);
#201504=SHAPE_DEFINITION_REPRESENTATION(#201503,#201495);
ENDSEC;
END-ISO-10303-21;
