ISO-10303-21;
HEADER;
FILE_DESCRIPTION(('CATIA V5 STEP Exchange','CAx-IF Rec.Pracs.--- Model Styling and Organization---1.4--- 2014-01-23'),'2;1');

FILE_NAME('C:\\Users\\SA516207\\WORK\\01_ASSY\\3_Catia\\ECHELLE\\ECHELLE.stp','2026-09-22T12:18:05+00:00',('none'),('none'),'CATIA Version 5-6 Release 2017 SP2 HF26','CATIA V5 STEP AP203 WITH EXTENSIONS','none');

FILE_SCHEMA(('CONFIG_CONTROL_DESIGN','SHAPE_APPEARANCE_LAYER_MIM'));

ENDSEC;
DATA;
#46=(LENGTH_UNIT()NAMED_UNIT(*)SI_UNIT(.MILLI.,.METRE.));
#47=(NAMED_UNIT(*)PLANE_ANGLE_UNIT()SI_UNIT($,.RADIAN.));
#48=(NAMED_UNIT(*)SI_UNIT($,.STERADIAN.)SOLID_ANGLE_UNIT());
#22250=UNCERTAINTY_MEASURE_WITH_UNIT(LENGTH_MEASURE(0.005),#46,'distance_accuracy_value','CONFUSED CURVE UNCERTAINTY');
#22251=(GEOMETRIC_REPRESENTATION_CONTEXT(3)GLOBAL_UNCERTAINTY_ASSIGNED_CONTEXT((#22250))GLOBAL_UNIT_ASSIGNED_CONTEXT((#46,#47,#48))REPRESENTATION_CONTEXT(' ',' '));
#23243=MANIFOLD_SOLID_BREP('PartBody',#23245);
#23245=CLOSED_SHELL('Closed Shell',(#23285,#23316,#23347,#23378,#23409,#23447,#23478,#23509,#23540,#23571,#23602,#23643,#23757,#23829,#23857,#23894,#23918,#23982,#24052,#24155,#24225,#24346,#24370,#24412,#24492,#24512));
#23246=CARTESIAN_POINT('Axis2P3D Location',(9406.589999999998,-2764.44192047,276.467440145));
#23247=DIRECTION('Axis2P3D Direction',(1,0,0));
#23248=DIRECTION('Axis2P3D XDirection',(0,-0.50000000000019,0.866025403784329));
#23249=AXIS2_PLACEMENT_3D('Cylinder Axis2P3D',#23246,#23247,#23248);
#23250=CYLINDRICAL_SURFACE('generated cylinder',#23249,5.);
#23251=CARTESIAN_POINT('Line Origine',(9408.295,-2762.55427976,271.83744959));
#23252=DIRECTION('Vector Direction',(1,0,0));
#23253=VECTOR('Line Direction',#23252,1.);
#23254=LINE('Line',#23251,#23253);
#23255=CARTESIAN_POINT('Vertex',(9406.589999999998,-2762.55427976,271.83744959));
#23256=VERTEX_POINT('',#23255);
#23257=CARTESIAN_POINT('Vertex',(9410,-2762.55427976,271.83744959));
#23258=VERTEX_POINT('',#23257);
#23259=EDGE_CURVE('',#23256,#23258,#23254,.T.);
#23260=CARTESIAN_POINT('Axis2P3D Location',(9406.589999999998,-2764.44192047,276.467440145));
#23261=DIRECTION('Axis2P3D Direction',(1,0,0));
#23262=AXIS2_PLACEMENT_3D('Circle Axis2P3D',#23260,#23261,$);
#23263=CIRCLE('generated circle',#23262,5.);
#23264=CARTESIAN_POINT('Vertex',(9406.589999999998,-2764.61871152,271.47056663));
#23265=VERTEX_POINT('',#23264);
#23266=EDGE_CURVE('',#23256,#23265,#23263,.F.);
#23267=CARTESIAN_POINT('Line Origine',(9408.295,-2764.61871152,271.47056663));
#23268=DIRECTION('Vector Direction',(1,0,0));
#23269=VECTOR('Line Direction',#23268,1.);
#23270=LINE('Line',#23267,#23269);
#23271=CARTESIAN_POINT('Vertex',(9410,-2764.61871152,271.47056663));
#23272=VERTEX_POINT('',#23271);
#23273=EDGE_CURVE('',#23265,#23272,#23270,.T.);
#23274=CARTESIAN_POINT('Axis2P3D Location',(9410,-2764.44192047,276.467440145));
#23275=DIRECTION('Axis2P3D Direction',(1,0,0));
#23276=AXIS2_PLACEMENT_3D('Circle Axis2P3D',#23274,#23275,$);
#23277=CIRCLE('generated circle',#23276,5.);
#23278=EDGE_CURVE('',#23258,#23272,#23277,.F.);
#23279=EDGE_LOOP('',(#23280,#23281,#23282,#23283));
#23280=ORIENTED_EDGE('',*,*,#23259,.F.);
#23281=ORIENTED_EDGE('',*,*,#23266,.T.);
#23282=ORIENTED_EDGE('',*,*,#23273,.T.);
#23283=ORIENTED_EDGE('',*,*,#23278,.F.);
#23284=FACE_OUTER_BOUND('',#23279,.T.);
#23285=ADVANCED_FACE('PartBody',(#23284),#23250,.F.);
#23286=CARTESIAN_POINT('Axis2P3D Location',(9406.589999999998,-2733.85247004,283.5391375));
#23287=DIRECTION('Axis2P3D Direction',(0,-0.3775281421969279,0.9259981111478232));
#23288=DIRECTION('Axis2P3D XDirection',(1,0,0));
#23289=AXIS2_PLACEMENT_3D('Plane Axis2P3D',#23286,#23287,#23288);
#23290=PLANE('',#23289);
#23291=CARTESIAN_POINT('Line Origine',(9408.295,-2705.15066032,295.24082541));
#23292=DIRECTION('Vector Direction',(1,0,0));
#23293=VECTOR('Line Direction',#23292,1.);
#23294=LINE('Line',#23291,#23293);
#23295=CARTESIAN_POINT('Vertex',(9406.589999999998,-2705.15066032,295.24082541));
#23296=VERTEX_POINT('',#23295);
#23297=CARTESIAN_POINT('Vertex',(9410,-2705.15066032,295.24082541));
#23298=VERTEX_POINT('',#23297);
#23299=EDGE_CURVE('',#23296,#23298,#23294,.T.);
#23300=CARTESIAN_POINT('Line Origine',(9406.589999999998,-2733.85247004,283.5391375));
#23301=DIRECTION('Vector Direction',(0,-0.9259981111478232,-0.3775281421969279));
#23302=VECTOR('Line Direction',#23301,1.);
#23303=LINE('Line',#23300,#23302);
#23304=EDGE_CURVE('',#23296,#23256,#23303,.T.);
#23305=CARTESIAN_POINT('Line Origine',(9410,-2733.85247004,283.5391375));
#23306=DIRECTION('Vector Direction',(0,-0.9259981111478232,-0.3775281421969279));
#23307=VECTOR('Line Direction',#23306,1.);
#23308=LINE('Line',#23305,#23307);
#23309=EDGE_CURVE('',#23298,#23258,#23308,.T.);
#23310=EDGE_LOOP('',(#23311,#23312,#23313,#23314));
#23311=ORIENTED_EDGE('',*,*,#23299,.F.);
#23312=ORIENTED_EDGE('',*,*,#23304,.T.);
#23313=ORIENTED_EDGE('',*,*,#23259,.T.);
#23314=ORIENTED_EDGE('',*,*,#23309,.F.);
#23315=FACE_OUTER_BOUND('',#23310,.T.);
#23316=ADVANCED_FACE('PartBody',(#23315),#23290,.T.);
#23317=CARTESIAN_POINT('Axis2P3D Location',(9406.589999999998,-2699.67650225,281.813852799));
#23318=DIRECTION('Axis2P3D Direction',(1,0,0));
#23319=DIRECTION('Axis2P3D XDirection',(-0,-0.258819045102985,-0.9659258262889439));
#23320=AXIS2_PLACEMENT_3D('Cylinder Axis2P3D',#23317,#23318,#23319);
#23321=CYLINDRICAL_SURFACE('generated cylinder',#23320,14.5);
#23322=CARTESIAN_POINT('Line Origine',(9408.295,-2696.59723769,295.983119885));
#23323=DIRECTION('Vector Direction',(1,0,0));
#23324=VECTOR('Line Direction',#23323,1.);
#23325=LINE('Line',#23322,#23324);
#23326=CARTESIAN_POINT('Vertex',(9406.589999999998,-2696.59723769,295.983119885));
#23327=VERTEX_POINT('',#23326);
#23328=CARTESIAN_POINT('Vertex',(9410,-2696.59723769,295.983119885));
#23329=VERTEX_POINT('',#23328);
#23330=EDGE_CURVE('',#23327,#23329,#23325,.T.);
#23331=CARTESIAN_POINT('Axis2P3D Location',(9406.589999999998,-2699.67650225,281.813852799));
#23332=DIRECTION('Axis2P3D Direction',(1,0,0));
#23333=AXIS2_PLACEMENT_3D('Circle Axis2P3D',#23331,#23332,$);
#23334=CIRCLE('generated circle',#23333,14.5);
#23335=EDGE_CURVE('',#23327,#23296,#23334,.T.);
#23336=CARTESIAN_POINT('Axis2P3D Location',(9410,-2699.67650225,281.813852799));
#23337=DIRECTION('Axis2P3D Direction',(1,0,0));
#23338=AXIS2_PLACEMENT_3D('Circle Axis2P3D',#23336,#23337,$);
#23339=CIRCLE('generated circle',#23338,14.5);
#23340=EDGE_CURVE('',#23329,#23298,#23339,.T.);
#23341=EDGE_LOOP('',(#23342,#23343,#23344,#23345));
#23342=ORIENTED_EDGE('',*,*,#23330,.F.);
#23343=ORIENTED_EDGE('',*,*,#23335,.T.);
#23344=ORIENTED_EDGE('',*,*,#23299,.T.);
#23345=ORIENTED_EDGE('',*,*,#23340,.F.);
#23346=FACE_OUTER_BOUND('',#23341,.T.);
#23347=ADVANCED_FACE('PartBody',(#23346),#23321,.T.);
#23348=CARTESIAN_POINT('Axis2P3D Location',(9406.589999999998,-2682.4649998,292.911902505));
#23349=DIRECTION('Axis2P3D Direction',(0,0.2123630732969974,0.9771908335119882));
#23350=DIRECTION('Axis2P3D XDirection',(1,0,0));
#23351=AXIS2_PLACEMENT_3D('Plane Axis2P3D',#23348,#23349,#23350);
#23352=PLANE('',#23351);
#23353=CARTESIAN_POINT('Line Origine',(9408.295,-2668.33276191,289.840685125));
#23354=DIRECTION('Vector Direction',(1,0,0));
#23355=VECTOR('Line Direction',#23354,1.);
#23356=LINE('Line',#23353,#23355);
#23357=CARTESIAN_POINT('Vertex',(9406.589999999998,-2668.33276191,289.840685125));
#23358=VERTEX_POINT('',#23357);
#23359=CARTESIAN_POINT('Vertex',(9410,-2668.33276191,289.840685125));
#23360=VERTEX_POINT('',#23359);
#23361=EDGE_CURVE('',#23358,#23360,#23356,.T.);
#23362=CARTESIAN_POINT('Line Origine',(9406.589999999998,-2682.4649998,292.911902505));
#23363=DIRECTION('Vector Direction',(0,-0.9771908335119882,0.2123630732969974));
#23364=VECTOR('Line Direction',#23363,1.);
#23365=LINE('Line',#23362,#23364);
#23366=EDGE_CURVE('',#23358,#23327,#23365,.T.);
#23367=CARTESIAN_POINT('Line Origine',(9410,-2682.4649998,292.911902505));
#23368=DIRECTION('Vector Direction',(0,-0.9771908335119882,0.2123630732969974));
#23369=VECTOR('Line Direction',#23368,1.);
#23370=LINE('Line',#23367,#23369);
#23371=EDGE_CURVE('',#23360,#23329,#23370,.T.);
#23372=EDGE_LOOP('',(#23373,#23374,#23375,#23376));
#23373=ORIENTED_EDGE('',*,*,#23361,.F.);
#23374=ORIENTED_EDGE('',*,*,#23366,.T.);
#23375=ORIENTED_EDGE('',*,*,#23330,.T.);
#23376=ORIENTED_EDGE('',*,*,#23371,.F.);
#23377=FACE_OUTER_BOUND('',#23372,.T.);
#23378=ADVANCED_FACE('PartBody',(#23377),#23352,.T.);
#23379=CARTESIAN_POINT('Axis2P3D Location',(9406.589999999998,-2671.09348186,277.13720429));
#23380=DIRECTION('Axis2P3D Direction',(1,0,0));
#23381=DIRECTION('Axis2P3D XDirection',(-0,-0.7878967259330674,-0.6158073962400527));
#23382=AXIS2_PLACEMENT_3D('Cylinder Axis2P3D',#23379,#23380,#23381);
#23383=CYLINDRICAL_SURFACE('generated cylinder',#23382,13.);
#23384=CARTESIAN_POINT('Line Origine',(9408.295,-2658.09932486,276.747481638));
#23385=DIRECTION('Vector Direction',(1,0,0));
#23386=VECTOR('Line Direction',#23385,1.);
#23387=LINE('Line',#23384,#23386);
#23388=CARTESIAN_POINT('Vertex',(9406.589999999998,-2658.09932486,276.747481638));
#23389=VERTEX_POINT('',#23388);
#23390=CARTESIAN_POINT('Vertex',(9410,-2658.09932486,276.747481638));
#23391=VERTEX_POINT('',#23390);
#23392=EDGE_CURVE('',#23389,#23391,#23387,.T.);
#23393=CARTESIAN_POINT('Axis2P3D Location',(9406.589999999998,-2671.09348186,277.13720429));
#23394=DIRECTION('Axis2P3D Direction',(1,0,0));
#23395=AXIS2_PLACEMENT_3D('Circle Axis2P3D',#23393,#23394,$);
#23396=CIRCLE('generated circle',#23395,13.);
#23397=EDGE_CURVE('',#23389,#23358,#23396,.T.);
#23398=CARTESIAN_POINT('Axis2P3D Location',(9410,-2671.09348186,277.13720429));
#23399=DIRECTION('Axis2P3D Direction',(1,0,0));
#23400=AXIS2_PLACEMENT_3D('Circle Axis2P3D',#23398,#23399,$);
#23401=CIRCLE('generated circle',#23400,13.);
#23402=EDGE_CURVE('',#23391,#23360,#23401,.T.);
#23403=EDGE_LOOP('',(#23404,#23405,#23406,#23407));
#23404=ORIENTED_EDGE('',*,*,#23392,.F.);
#23405=ORIENTED_EDGE('',*,*,#23397,.T.);
#23406=ORIENTED_EDGE('',*,*,#23361,.T.);
#23407=ORIENTED_EDGE('',*,*,#23402,.F.);
#23408=FACE_OUTER_BOUND('',#23403,.T.);
#23409=ADVANCED_FACE('PartBody',(#23408),#23383,.T.);
#23410=B_SPLINE_CURVE_WITH_KNOTS('',5,(#23411,#23412,#23413,#23414,#23415,#23416),.UNSPECIFIED.,.F.,.U.,(6,6),(108.943984983,335.993429436),.UNSPECIFIED.);
#23411=CARTESIAN_POINT('Control Point',(9406.589999999998,-2658.09932486,276.747481638));
#23412=CARTESIAN_POINT('Control Point',(9406.589999999998,-2658.87687692,250.822292146));
#23413=CARTESIAN_POINT('Control Point',(9406.589999999998,-2659.414568,224.889885999));
#23414=CARTESIAN_POINT('Control Point',(9406.589999999998,-2659.71230732,198.95321115));
#23415=CARTESIAN_POINT('Control Point',(9406.589999999998,-2659.77006139,173.015229714));
#23416=CARTESIAN_POINT('Control Point',(9406.589999999998,-2659.58785254,147.078909363));
#23417=DIRECTION('Vector Direction',(1,0,0));
#23418=VECTOR('Extrusion Surface Vector',#23417,1.);
#23419=SURFACE_OF_LINEAR_EXTRUSION('generated tabulated cylinder',#23410,#23418);
#23420=CARTESIAN_POINT('Line Origine',(9408.295,-2659.58785254,147.078909363));
#23421=DIRECTION('Vector Direction',(1,0,0));
#23422=VECTOR('Line Direction',#23421,1.);
#23423=LINE('Line',#23420,#23422);
#23424=CARTESIAN_POINT('Vertex',(9406.589999999998,-2659.58785254,147.078909363));
#23425=VERTEX_POINT('',#23424);
#23426=CARTESIAN_POINT('Vertex',(9410,-2659.58785254,147.078909363));
#23427=VERTEX_POINT('',#23426);
#23428=EDGE_CURVE('',#23425,#23427,#23423,.T.);
#23429=B_SPLINE_CURVE_WITH_KNOTS('',3,(#23430,#23431,#23432,#23433),.UNSPECIFIED.,.F.,.U.,(4,4),(0.,261.471995779),.UNSPECIFIED.);
#23430=CARTESIAN_POINT('Control Point',(9406.589999999998,-2659.58785254,147.078909363));
#23431=CARTESIAN_POINT('Control Point',(9406.589999999998,-2659.89152953,190.305479745));
#23432=CARTESIAN_POINT('Control Point',(9406.589999999998,-2659.39522746,233.539415998));
#23433=CARTESIAN_POINT('Control Point',(9406.589999999998,-2658.09932486,276.747481638));
#23434=EDGE_CURVE('',#23425,#23389,#23429,.T.);
#23435=B_SPLINE_CURVE_WITH_KNOTS('',3,(#23436,#23437,#23438,#23439),.UNSPECIFIED.,.F.,.U.,(4,4),(0.,261.471995779),.UNSPECIFIED.);
#23436=CARTESIAN_POINT('Control Point',(9410,-2659.58785254,147.078909363));
#23437=CARTESIAN_POINT('Control Point',(9410,-2659.89152953,190.305479745));
#23438=CARTESIAN_POINT('Control Point',(9410,-2659.39522746,233.539415998));
#23439=CARTESIAN_POINT('Control Point',(9410,-2658.09932486,276.747481638));
#23440=EDGE_CURVE('',#23427,#23391,#23435,.T.);
#23441=EDGE_LOOP('',(#23442,#23443,#23444,#23445));
#23442=ORIENTED_EDGE('',*,*,#23428,.F.);
#23443=ORIENTED_EDGE('',*,*,#23434,.T.);
#23444=ORIENTED_EDGE('',*,*,#23392,.T.);
#23445=ORIENTED_EDGE('',*,*,#23440,.F.);
#23446=FACE_OUTER_BOUND('',#23441,.T.);
#23447=ADVANCED_FACE('PartBody',(#23446),#23419,.F.);
#23448=CARTESIAN_POINT('Axis2P3D Location',(9406.589999999998,-2672.58753175,146.98758351));
#23449=DIRECTION('Axis2P3D Direction',(1,0,0));
#23450=DIRECTION('Axis2P3D XDirection',(0,-0.7107381452531649,0.7034566716451632));
#23451=AXIS2_PLACEMENT_3D('Cylinder Axis2P3D',#23448,#23449,#23450);
#23452=CYLINDRICAL_SURFACE('generated cylinder',#23451,13.);
#23453=CARTESIAN_POINT('Line Origine',(9408.295,-2672.54498957,133.987653119));
#23454=DIRECTION('Vector Direction',(1,0,0));
#23455=VECTOR('Line Direction',#23454,1.);
#23456=LINE('Line',#23453,#23455);
#23457=CARTESIAN_POINT('Vertex',(9406.589999999998,-2672.54498957,133.987653119));
#23458=VERTEX_POINT('',#23457);
#23459=CARTESIAN_POINT('Vertex',(9410,-2672.54498957,133.987653119));
#23460=VERTEX_POINT('',#23459);
#23461=EDGE_CURVE('',#23458,#23460,#23456,.T.);
#23462=CARTESIAN_POINT('Axis2P3D Location',(9406.589999999998,-2672.58753175,146.98758351));
#23463=DIRECTION('Axis2P3D Direction',(1,0,0));
#23464=AXIS2_PLACEMENT_3D('Circle Axis2P3D',#23462,#23463,$);
#23465=CIRCLE('generated circle',#23464,13.);
#23466=EDGE_CURVE('',#23458,#23425,#23465,.T.);
#23467=CARTESIAN_POINT('Axis2P3D Location',(9410,-2672.58753175,146.98758351));
#23468=DIRECTION('Axis2P3D Direction',(1,0,0));
#23469=AXIS2_PLACEMENT_3D('Circle Axis2P3D',#23467,#23468,$);
#23470=CIRCLE('generated circle',#23469,13.);
#23471=EDGE_CURVE('',#23460,#23427,#23470,.T.);
#23472=EDGE_LOOP('',(#23473,#23474,#23475,#23476));
#23473=ORIENTED_EDGE('',*,*,#23461,.F.);
#23474=ORIENTED_EDGE('',*,*,#23466,.T.);
#23475=ORIENTED_EDGE('',*,*,#23428,.T.);
#23476=ORIENTED_EDGE('',*,*,#23471,.F.);
#23477=FACE_OUTER_BOUND('',#23472,.T.);
#23478=ADVANCED_FACE('PartBody',(#23477),#23452,.T.);
#23479=CARTESIAN_POINT('Axis2P3D Location',(9406.589999999998,-2693.38194663,133.919464334));
#23480=DIRECTION('Axis2P3D Direction',(0,-0.003272474949518419,0.9999946454395169));
#23481=DIRECTION('Axis2P3D XDirection',(1,0,0));
#23482=AXIS2_PLACEMENT_3D('Plane Axis2P3D',#23479,#23480,#23481);
#23483=PLANE('',#23482);
#23484=CARTESIAN_POINT('Line Origine',(9408.295,-2714.21890369,133.851275549));
#23485=DIRECTION('Vector Direction',(1,0,0));
#23486=VECTOR('Line Direction',#23485,1.);
#23487=LINE('Line',#23484,#23486);
#23488=CARTESIAN_POINT('Vertex',(9406.589999999998,-2714.21890369,133.851275549));
#23489=VERTEX_POINT('',#23488);
#23490=CARTESIAN_POINT('Vertex',(9410,-2714.21890369,133.851275549));
#23491=VERTEX_POINT('',#23490);
#23492=EDGE_CURVE('',#23489,#23491,#23487,.T.);
#23493=CARTESIAN_POINT('Line Origine',(9406.589999999998,-2693.38194663,133.919464334));
#23494=DIRECTION('Vector Direction',(0,0.9999946454395169,0.003272474949518419));
#23495=VECTOR('Line Direction',#23494,1.);
#23496=LINE('Line',#23493,#23495);
#23497=EDGE_CURVE('',#23489,#23458,#23496,.T.);
#23498=CARTESIAN_POINT('Line Origine',(9410,-2693.38194663,133.919464334));
#23499=DIRECTION('Vector Direction',(0,0.9999946454395169,0.003272474949518419));
#23500=VECTOR('Line Direction',#23499,1.);
#23501=LINE('Line',#23498,#23500);
#23502=EDGE_CURVE('',#23491,#23460,#23501,.T.);
#23503=EDGE_LOOP('',(#23504,#23505,#23506,#23507));
#23504=ORIENTED_EDGE('',*,*,#23492,.F.);
#23505=ORIENTED_EDGE('',*,*,#23497,.T.);
#23506=ORIENTED_EDGE('',*,*,#23461,.T.);
#23507=ORIENTED_EDGE('',*,*,#23502,.F.);
#23508=FACE_OUTER_BOUND('',#23503,.T.);
#23509=ADVANCED_FACE('PartBody',(#23508),#23483,.F.);
#23510=CARTESIAN_POINT('Axis2P3D Location',(9406.589999999998,-2714.23526607,138.851248776));
#23511=DIRECTION('Axis2P3D Direction',(1,0,0));
#23512=DIRECTION('Axis2P3D XDirection',(0,-0.258819045102985,0.9659258262889439));
#23513=AXIS2_PLACEMENT_3D('Cylinder Axis2P3D',#23510,#23511,#23512);
#23514=CYLINDRICAL_SURFACE('generated cylinder',#23513,5.);
#23515=CARTESIAN_POINT('Line Origine',(9408.295,-2715.26763208,133.958987498));
#23516=DIRECTION('Vector Direction',(1,0,0));
#23517=VECTOR('Line Direction',#23516,1.);
#23518=LINE('Line',#23515,#23517);
#23519=CARTESIAN_POINT('Vertex',(9406.589999999998,-2715.26763208,133.958987498));
#23520=VERTEX_POINT('',#23519);
#23521=CARTESIAN_POINT('Vertex',(9410,-2715.26763208,133.958987498));
#23522=VERTEX_POINT('',#23521);
#23523=EDGE_CURVE('',#23520,#23522,#23518,.T.);
#23524=CARTESIAN_POINT('Axis2P3D Location',(9406.589999999998,-2714.23526607,138.851248776));
#23525=DIRECTION('Axis2P3D Direction',(1,0,0));
#23526=AXIS2_PLACEMENT_3D('Circle Axis2P3D',#23524,#23525,$);
#23527=CIRCLE('generated circle',#23526,5.);
#23528=EDGE_CURVE('',#23520,#23489,#23527,.T.);
#23529=CARTESIAN_POINT('Axis2P3D Location',(9410,-2714.23526607,138.851248776));
#23530=DIRECTION('Axis2P3D Direction',(1,0,0));
#23531=AXIS2_PLACEMENT_3D('Circle Axis2P3D',#23529,#23530,$);
#23532=CIRCLE('generated circle',#23531,5.);
#23533=EDGE_CURVE('',#23522,#23491,#23532,.T.);
#23534=EDGE_LOOP('',(#23535,#23536,#23537,#23538));
#23535=ORIENTED_EDGE('',*,*,#23523,.F.);
#23536=ORIENTED_EDGE('',*,*,#23528,.T.);
#23537=ORIENTED_EDGE('',*,*,#23492,.T.);
#23538=ORIENTED_EDGE('',*,*,#23533,.F.);
#23539=FACE_OUTER_BOUND('',#23534,.T.);
#23540=ADVANCED_FACE('PartBody',(#23539),#23514,.T.);
#23541=CARTESIAN_POINT('Axis2P3D Location',(9406.589999999998,-2740.41494421,139.265578653));
#23542=DIRECTION('Axis2P3D Direction',(0,-0.206473203124086,-0.9784522555504076));
#23543=DIRECTION('Axis2P3D XDirection',(1,0,0));
#23544=AXIS2_PLACEMENT_3D('Plane Axis2P3D',#23541,#23542,#23543);
#23545=PLANE('',#23544);
#23546=CARTESIAN_POINT('Line Origine',(9408.295,-2765.56225634,144.572169809));
#23547=DIRECTION('Vector Direction',(1,0,0));
#23548=VECTOR('Line Direction',#23547,1.);
#23549=LINE('Line',#23546,#23548);
#23550=CARTESIAN_POINT('Vertex',(9406.589999999998,-2765.56225634,144.572169809));
#23551=VERTEX_POINT('',#23550);
#23552=CARTESIAN_POINT('Vertex',(9410,-2765.56225634,144.572169809));
#23553=VERTEX_POINT('',#23552);
#23554=EDGE_CURVE('',#23551,#23553,#23549,.T.);
#23555=CARTESIAN_POINT('Line Origine',(9406.589999999998,-2740.41494421,139.265578653));
#23556=DIRECTION('Vector Direction',(0,0.9784522555504076,-0.206473203124086));
#23557=VECTOR('Line Direction',#23556,1.);
#23558=LINE('Line',#23555,#23557);
#23559=EDGE_CURVE('',#23551,#23520,#23558,.T.);
#23560=CARTESIAN_POINT('Line Origine',(9410,-2740.41494421,139.265578653));
#23561=DIRECTION('Vector Direction',(0,0.9784522555504076,-0.206473203124086));
#23562=VECTOR('Line Direction',#23561,1.);
#23563=LINE('Line',#23560,#23562);
#23564=EDGE_CURVE('',#23553,#23522,#23563,.T.);
#23565=EDGE_LOOP('',(#23566,#23567,#23568,#23569));
#23566=ORIENTED_EDGE('',*,*,#23554,.F.);
#23567=ORIENTED_EDGE('',*,*,#23559,.T.);
#23568=ORIENTED_EDGE('',*,*,#23523,.T.);
#23569=ORIENTED_EDGE('',*,*,#23564,.F.);
#23570=FACE_OUTER_BOUND('',#23565,.T.);
#23571=ADVANCED_FACE('PartBody',(#23570),#23545,.T.);
#23572=CARTESIAN_POINT('Axis2P3D Location',(9406.589999999998,-2766.59462236,139.679908531));
#23573=DIRECTION('Axis2P3D Direction',(1,0,0));
#23574=DIRECTION('Axis2P3D XDirection',(-0,-0.258819045102985,-0.9659258262889439));
#23575=AXIS2_PLACEMENT_3D('Cylinder Axis2P3D',#23572,#23573,#23574);
#23576=CYLINDRICAL_SURFACE('generated cylinder',#23575,5.);
#23577=CARTESIAN_POINT('Line Origine',(9408.295,-2766.61098473,144.679881758));
#23578=DIRECTION('Vector Direction',(1,0,0));
#23579=VECTOR('Line Direction',#23578,1.);
#23580=LINE('Line',#23577,#23579);
#23581=CARTESIAN_POINT('Vertex',(9406.589999999998,-2766.61098473,144.679881758));
#23582=VERTEX_POINT('',#23581);
#23583=CARTESIAN_POINT('Vertex',(9410,-2766.61098473,144.679881758));
#23584=VERTEX_POINT('',#23583);
#23585=EDGE_CURVE('',#23582,#23584,#23580,.T.);
#23586=CARTESIAN_POINT('Axis2P3D Location',(9406.589999999998,-2766.59462236,139.679908531));
#23587=DIRECTION('Axis2P3D Direction',(1,0,0));
#23588=AXIS2_PLACEMENT_3D('Circle Axis2P3D',#23586,#23587,$);
#23589=CIRCLE('generated circle',#23588,5.);
#23590=EDGE_CURVE('',#23582,#23551,#23589,.F.);
#23591=CARTESIAN_POINT('Axis2P3D Location',(9410,-2766.59462236,139.679908531));
#23592=DIRECTION('Axis2P3D Direction',(1,0,0));
#23593=AXIS2_PLACEMENT_3D('Circle Axis2P3D',#23591,#23592,$);
#23594=CIRCLE('generated circle',#23593,5.);
#23595=EDGE_CURVE('',#23584,#23553,#23594,.F.);
#23596=EDGE_LOOP('',(#23597,#23598,#23599,#23600));
#23597=ORIENTED_EDGE('',*,*,#23585,.F.);
#23598=ORIENTED_EDGE('',*,*,#23590,.T.);
#23599=ORIENTED_EDGE('',*,*,#23554,.T.);
#23600=ORIENTED_EDGE('',*,*,#23595,.F.);
#23601=FACE_OUTER_BOUND('',#23596,.T.);
#23602=ADVANCED_FACE('PartBody',(#23601),#23576,.F.);
#23603=CARTESIAN_POINT('Axis2P3D Location',(9410,0.09,0));
#23604=DIRECTION('Axis2P3D Direction',(1,0,0));
#23605=DIRECTION('Axis2P3D XDirection',(0,1,0));
#23606=AXIS2_PLACEMENT_3D('Plane Axis2P3D',#23603,#23604,#23605);
#23607=PLANE('',#23606);
#23608=B_SPLINE_CURVE_WITH_KNOTS('',1,(#23609,#23610),.UNSPECIFIED.,.F.,.U.,(2,2),(-0.50159145818,0.50159145818),.UNSPECIFIED.);
#23609=CARTESIAN_POINT('Control Point',(9410,-2765.62126715,271.506037381));
#23610=CARTESIAN_POINT('Control Point',(9410,-2764.61871152,271.47056663));
#23611=CARTESIAN_POINT('Vertex',(9409.999981449999,-2765.62128315,271.506032567));
#23612=VERTEX_POINT('',#23611);
#23613=EDGE_CURVE('',#23612,#23272,#23608,.T.);
#23614=B_SPLINE_CURVE_WITH_KNOTS('',4,(#23615,#23616,#23617,#23618,#23619),.UNSPECIFIED.,.F.,.U.,(5,5),(60.0056288683,236.367887275),.UNSPECIFIED.);
#23615=CARTESIAN_POINT('Control Point',(9410,-2767.61581818,144.676593448));
#23616=CARTESIAN_POINT('Control Point',(9410,-2767.72532686,176.476502113));
#23617=CARTESIAN_POINT('Control Point',(9410,-2767.43830745,208.21766031));
#23618=CARTESIAN_POINT('Control Point',(9410,-2766.73487073,239.894880447));
#23619=CARTESIAN_POINT('Control Point',(9410,-2765.62126734,271.50603201));
#23620=CARTESIAN_POINT('Vertex',(9410,-2767.61581818,144.676593448));
#23621=VERTEX_POINT('',#23620);
#23622=EDGE_CURVE('',#23621,#23612,#23614,.T.);
#23623=B_SPLINE_CURVE_WITH_KNOTS('',1,(#23624,#23625),.UNSPECIFIED.,.F.,.U.,(2,2),(-0.502419416402,0.502419416402),.UNSPECIFIED.);
#23624=CARTESIAN_POINT('Control Point',(9410,-2767.61581818,144.676593448));
#23625=CARTESIAN_POINT('Control Point',(9410,-2766.61098473,144.679881758));
#23626=EDGE_CURVE('',#23621,#23584,#23623,.T.);
#23627=EDGE_LOOP('',(#23628,#23629,#23630,#23631,#23632,#23633,#23634,#23635,#23636,#23637,#23638,#23639,#23640,#23641));
#23628=ORIENTED_EDGE('',*,*,#23278,.T.);
#23629=ORIENTED_EDGE('',*,*,#23613,.F.);
#23630=ORIENTED_EDGE('',*,*,#23622,.F.);
#23631=ORIENTED_EDGE('',*,*,#23626,.T.);
#23632=ORIENTED_EDGE('',*,*,#23595,.T.);
#23633=ORIENTED_EDGE('',*,*,#23564,.T.);
#23634=ORIENTED_EDGE('',*,*,#23533,.T.);
#23635=ORIENTED_EDGE('',*,*,#23502,.T.);
#23636=ORIENTED_EDGE('',*,*,#23471,.T.);
#23637=ORIENTED_EDGE('',*,*,#23440,.T.);
#23638=ORIENTED_EDGE('',*,*,#23402,.T.);
#23639=ORIENTED_EDGE('',*,*,#23371,.T.);
#23640=ORIENTED_EDGE('',*,*,#23340,.T.);
#23641=ORIENTED_EDGE('',*,*,#23309,.T.);
#23642=FACE_OUTER_BOUND('',#23627,.T.);
#23643=ADVANCED_FACE('PartBody',(#23642),#23607,.T.);
#23644=B_SPLINE_SURFACE_WITH_KNOTS('',5,5,((#23645,#23646,#23647,#23648,#23649,#23650),(#23651,#23652,#23653,#23654,#23655,#23656),(#23657,#23658,#23659,#23660,#23661,#23662),(#23663,#23664,#23665,#23666,#23667,#23668),(#23669,#23670,#23671,#23672,#23673,#23674),(#23675,#23676,#23677,#23678,#23679,#23680),(#23681,#23682,#23683,#23684,#23685,#23686),(#23687,#23688,#23689,#23690,#23691,#23692),(#23693,#23694,#23695,#23696,#23697,#23698),(#23699,#23700,#23701,#23702,#23703,#23704),(#23705,#23706,#23707,#23708,#23709,#23710),(#23711,#23712,#23713,#23714,#23715,#23716)),.UNSPECIFIED.,.F.,.F.,.U.,(6,3,3,6),(6,6),(60.0056288682,131.534678552,201.423493582,236.367901098),(0.,6.91),.UNSPECIFIED.);
#23645=CARTESIAN_POINT('Control Point',(9413.08061653,-2771.09056574,144.66463259));
#23646=CARTESIAN_POINT('Control Point',(9412.07264038,-2770.96869658,144.665048873));
#23647=CARTESIAN_POINT('Control Point',(9411.107605239999,-2770.48247745,144.666724055));
#23648=CARTESIAN_POINT('Control Point',(9410.367291299999,-2769.64744742,144.669588863));
#23649=CARTESIAN_POINT('Control Point',(9410.000205159999,-2768.63111172,144.673088566));
#23650=CARTESIAN_POINT('Control Point',(9409.999991119999,-2767.61580175,144.676582341));
#23651=CARTESIAN_POINT('Control Point',(9413.079640529999,-2771.12613003,154.992974809));
#23652=CARTESIAN_POINT('Control Point',(9412.0718989,-2771.0040033,154.993085035));
#23653=CARTESIAN_POINT('Control Point',(9411.107185719999,-2770.51767646,154.993318778));
#23654=CARTESIAN_POINT('Control Point',(9410.367169919999,-2769.68272749,154.993755697));
#23655=CARTESIAN_POINT('Control Point',(9410.00022966,-2768.66657664,154.994202583));
#23656=CARTESIAN_POINT('Control Point',(9410.000018159999,-2767.65144768,154.994653788));
#23657=CARTESIAN_POINT('Control Point',(9413.07863885,-2771.12233635,165.316238465));
#23658=CARTESIAN_POINT('Control Point',(9412.071123549998,-2770.99994826,165.315755274));
#23659=CARTESIAN_POINT('Control Point',(9411.106727349999,-2770.5135111,165.314359791));
#23660=CARTESIAN_POINT('Control Point',(9410.366993899999,-2769.67866233,165.311914818));
#23661=CARTESIAN_POINT('Control Point',(9410.00019173,-2768.66272042,165.309127684));
#23662=CARTESIAN_POINT('Control Point',(9409.999975299999,-2767.64779827,165.306343016));
#23663=CARTESIAN_POINT('Control Point',(9413.077652259999,-2771.07895949,175.632536837));
#23664=CARTESIAN_POINT('Control Point',(9412.070377729999,-2770.95629949,175.631998834));
#23665=CARTESIAN_POINT('Control Point',(9411.106305469999,-2770.46975599,175.629312202));
#23666=CARTESIAN_POINT('Control Point',(9410.366877819999,-2769.63499592,175.62473153));
#23667=CARTESIAN_POINT('Control Point',(9410.00022421,-2768.61926018,175.618975103));
#23668=CARTESIAN_POINT('Control Point',(9410.000013859999,-2767.60454694,175.613217191));
#23669=CARTESIAN_POINT('Control Point',(9413.07574728,-2770.91374574,196.018845518));
#23670=CARTESIAN_POINT('Control Point',(9412.068912519999,-2770.79059087,196.01713004));
#23671=CARTESIAN_POINT('Control Point',(9411.105455809999,-2770.30386639,196.011165067));
#23672=CARTESIAN_POINT('Control Point',(9410.36658086,-2769.46934213,196.000885901));
#23673=CARTESIAN_POINT('Control Point',(9410.000199319999,-2768.45405642,195.988660566));
#23674=CARTESIAN_POINT('Control Point',(9409.99998384,-2767.43978895,195.97646508));
#23675=CARTESIAN_POINT('Control Point',(9413.073832459999,-2770.59083741,216.379581252));
#23676=CARTESIAN_POINT('Control Point',(9412.067457169998,-2770.46717968,216.377575577));
#23677=CARTESIAN_POINT('Control Point',(9411.10462038,-2769.98028958,216.368881917));
#23678=CARTESIAN_POINT('Control Point',(9410.36632501,-2769.14600318,216.354049518));
#23679=CARTESIAN_POINT('Control Point',(9410.000223219999,-2768.13119193,216.335718231));
#23680=CARTESIAN_POINT('Control Point',(9410.000013309998,-2767.11739944,216.317381408));
#23681=CARTESIAN_POINT('Control Point',(9413.072947139999,-2770.39245736,226.437393614));
#23682=CARTESIAN_POINT('Control Point',(9412.066768189999,-2770.26858451,226.434355049));
#23683=CARTESIAN_POINT('Control Point',(9411.104218959999,-2769.78163442,226.423787248));
#23684=CARTESIAN_POINT('Control Point',(9410.366168139999,-2768.94751002,226.405502439));
#23685=CARTESIAN_POINT('Control Point',(9410.00019397,-2767.93295422,226.383838315));
#23686=CARTESIAN_POINT('Control Point',(9409.9999818,-2766.91941041,226.362259635));
#23687=CARTESIAN_POINT('Control Point',(9413.07153967,-2770.03676111,241.512272132));
#23688=CARTESIAN_POINT('Control Point',(9412.06571058,-2769.91251523,241.509569575));
#23689=CARTESIAN_POINT('Control Point',(9411.1036147,-2769.42546005,241.497174488));
#23690=CARTESIAN_POINT('Control Point',(9410.36600846,-2768.59151543,241.476294948));
#23691=CARTESIAN_POINT('Control Point',(9410.0002341,-2767.57733957,241.450038833));
#23692=CARTESIAN_POINT('Control Point',(9410.000019309999,-2766.56418109,241.423700563));
#23693=CARTESIAN_POINT('Control Point',(9413.07025094,-2769.59367546,256.57569322));
#23694=CARTESIAN_POINT('Control Point',(9412.064696329999,-2769.46913623,256.571163089));
#23695=CARTESIAN_POINT('Control Point',(9411.10301567,-2768.98201907,256.555973798));
#23696=CARTESIAN_POINT('Control Point',(9410.36575881,-2768.14835106,256.52987972));
#23697=CARTESIAN_POINT('Control Point',(9410.000183419999,-2767.13457819,256.499113478));
#23698=CARTESIAN_POINT('Control Point',(9409.99998789,-2766.1218044,256.468651848));
#23699=CARTESIAN_POINT('Control Point',(9413.06975325,-2769.43634406,261.593353545));
#23700=CARTESIAN_POINT('Control Point',(9412.064313209999,-2769.31168321,261.588971375));
#23701=CARTESIAN_POINT('Control Point',(9411.102770099998,-2768.82454844,261.572946749));
#23702=CARTESIAN_POINT('Control Point',(9410.365751969999,-2767.99086502,261.548857376));
#23703=CARTESIAN_POINT('Control Point',(9410.000237599999,-2766.9772238,261.51651347));
#23704=CARTESIAN_POINT('Control Point',(9410.00003089,-2765.96459605,261.484232074));
#23705=CARTESIAN_POINT('Control Point',(9413.069401049999,-2769.26919473,266.613250938));
#23706=CARTESIAN_POINT('Control Point',(9412.064038959999,-2769.14445503,266.60777522));
#23707=CARTESIAN_POINT('Control Point',(9411.102633339999,-2768.65729819,266.590751492));
#23708=CARTESIAN_POINT('Control Point',(9410.365521779999,-2767.82389403,266.558669416));
#23709=CARTESIAN_POINT('Control Point',(9410.000095629999,-2766.81038356,266.525496742));
#23710=CARTESIAN_POINT('Control Point',(9409.999972169999,-2765.79781831,266.494180194));
#23711=CARTESIAN_POINT('Control Point',(9413.068917029999,-2769.09247907,271.627937504));
#23712=CARTESIAN_POINT('Control Point',(9412.063505009999,-2768.96776978,271.617492367));
#23713=CARTESIAN_POINT('Control Point',(9411.102199089999,-2768.48063713,271.598458122));
#23714=CARTESIAN_POINT('Control Point',(9410.36550774,-2767.64706048,271.573920795));
#23715=CARTESIAN_POINT('Control Point',(9410.000180539999,-2766.63364331,271.540464155));
#23716=CARTESIAN_POINT('Control Point',(9410.000010799999,-2765.62125474,271.506474054));
#23717=B_SPLINE_CURVE_WITH_KNOTS('',5,(#23718,#23719,#23720,#23721,#23722,#23723),.UNSPECIFIED.,.F.,.U.,(6,6),(0.,13.9843606235),.UNSPECIFIED.);
#23718=CARTESIAN_POINT('Control Point',(9413.068926009999,-2769.09582372,271.532985658));
#23719=CARTESIAN_POINT('Control Point',(9412.06370409,-2768.97003273,271.554017036));
#23720=CARTESIAN_POINT('Control Point',(9411.102530709999,-2768.48204282,271.564770613));
#23721=CARTESIAN_POINT('Control Point',(9410.36558231,-2767.64770851,271.563022451));
#23722=CARTESIAN_POINT('Control Point',(9410.000184439999,-2766.63376697,271.540752801));
#23723=CARTESIAN_POINT('Control Point',(9410.000010809999,-2765.62126834,271.506469968));
#23724=CARTESIAN_POINT('Vertex',(9413.068943759999,-2769.09586665,271.533246037));
#23725=VERTEX_POINT('',#23724);
#23726=EDGE_CURVE('',#23725,#23612,#23717,.T.);
#23727=B_SPLINE_CURVE_WITH_KNOTS('',5,(#23728,#23729,#23730,#23731,#23732,#23733,#23734,#23735,#23736,#23737,#23738,#23739),.UNSPECIFIED.,.F.,.U.,(6,3,3,6),(60.0120744143,131.534678552,201.423493582,236.235569476),.UNSPECIFIED.);
#23728=CARTESIAN_POINT('Control Point',(9413.080616089999,-2771.09058176,144.66928607));
#23729=CARTESIAN_POINT('Control Point',(9413.079640169999,-2771.12612866,154.996695762));
#23730=CARTESIAN_POINT('Control Point',(9413.078638579998,-2771.12232463,165.319027298));
#23731=CARTESIAN_POINT('Control Point',(9413.07765209,-2771.07894443,175.634395172));
#23732=CARTESIAN_POINT('Control Point',(9413.07574719,-2770.91373102,196.01977352));
#23733=CARTESIAN_POINT('Control Point',(9413.073832459999,-2770.59083741,216.379581252));
#23734=CARTESIAN_POINT('Control Point',(9413.072947139999,-2770.39245736,226.437393614));
#23735=CARTESIAN_POINT('Control Point',(9413.071541439998,-2770.03721011,241.49324302));
#23736=CARTESIAN_POINT('Control Point',(9413.070254189999,-2769.59479394,256.537663903));
#23737=CARTESIAN_POINT('Control Point',(9413.069758899999,-2769.43813105,261.536348984));
#23738=CARTESIAN_POINT('Control Point',(9413.0694064,-2769.27172581,266.537211361));
#23739=CARTESIAN_POINT('Control Point',(9413.068926169999,-2769.09582374,271.532985715));
#23740=CARTESIAN_POINT('Vertex',(9413.080645499998,-2771.09041841,144.669286635));
#23741=VERTEX_POINT('',#23740);
#23742=EDGE_CURVE('',#23741,#23725,#23727,.T.);
#23743=B_SPLINE_CURVE_WITH_KNOTS('',5,(#23744,#23745,#23746,#23747,#23748,#23749),.UNSPECIFIED.,.F.,.U.,(6,6),(0.,13.9991129918),.UNSPECIFIED.);
#23744=CARTESIAN_POINT('Control Point',(9413.080616089999,-2771.09058167,144.669259869));
#23745=CARTESIAN_POINT('Control Point',(9412.07265708,-2770.96871041,144.668505479));
#23746=CARTESIAN_POINT('Control Point',(9411.107627059999,-2770.48251568,144.668935922));
#23747=CARTESIAN_POINT('Control Point',(9410.36727171,-2769.64742725,144.670688811));
#23748=CARTESIAN_POINT('Control Point',(9410.000209909998,-2768.63111256,144.67343237));
#23749=CARTESIAN_POINT('Control Point',(9409.999991129998,-2767.61581815,144.67658229));
#23750=EDGE_CURVE('',#23741,#23621,#23743,.T.);
#23751=EDGE_LOOP('',(#23752,#23753,#23754,#23755));
#23752=ORIENTED_EDGE('',*,*,#23726,.F.);
#23753=ORIENTED_EDGE('',*,*,#23742,.F.);
#23754=ORIENTED_EDGE('',*,*,#23750,.T.);
#23755=ORIENTED_EDGE('',*,*,#23622,.T.);
#23756=FACE_OUTER_BOUND('',#23751,.T.);
#23757=ADVANCED_FACE('PartBody',(#23756),#23644,.F.);
#23758=B_SPLINE_SURFACE_WITH_KNOTS('',5,5,((#23759,#23760,#23761,#23762,#23763,#23764),(#23765,#23766,#23767,#23768,#23769,#23770),(#23771,#23772,#23773,#23774,#23775,#23776),(#23777,#23778,#23779,#23780,#23781,#23782),(#23783,#23784,#23785,#23786,#23787,#23788),(#23789,#23790,#23791,#23792,#23793,#23794)),.UNSPECIFIED.,.F.,.F.,.U.,(6,6),(6,6),(0.,12.1571467353),(-3.41000002487,1.4889251026E-023),.UNSPECIFIED.);
#23759=CARTESIAN_POINT('Control Point',(9413.068926029999,-2769.09582667,271.533304938));
#23760=CARTESIAN_POINT('Control Point',(9412.984956169999,-2769.77218735,271.556903031));
#23761=CARTESIAN_POINT('Control Point',(9412.900937619999,-2770.44860231,271.581041157));
#23762=CARTESIAN_POINT('Control Point',(9412.816941719999,-2771.12499189,271.604606194));
#23763=CARTESIAN_POINT('Control Point',(9412.732981769999,-2771.80134236,271.628535133));
#23764=CARTESIAN_POINT('Control Point',(9412.648938069999,-2772.47778543,271.652385922));
#23765=CARTESIAN_POINT('Control Point',(9412.063634909999,-2768.97004808,271.552799583));
#23766=CARTESIAN_POINT('Control Point',(9411.783847889999,-2769.62207969,271.578991622));
#23767=CARTESIAN_POINT('Control Point',(9411.50411767,-2770.2740097,271.602905739));
#23768=CARTESIAN_POINT('Control Point',(9411.224283199999,-2770.92604545,271.627686454));
#23769=CARTESIAN_POINT('Control Point',(9410.94440174,-2771.57813579,271.651156888));
#23770=CARTESIAN_POINT('Control Point',(9410.66465198,-2772.2300899,271.675087171));
#23771=CARTESIAN_POINT('Control Point',(9411.10249245,-2768.48195034,271.565097427));
#23772=CARTESIAN_POINT('Control Point',(9410.635516409999,-2769.03882327,271.591416624));
#23773=CARTESIAN_POINT('Control Point',(9410.168341159999,-2769.59604978,271.61195312));
#23774=CARTESIAN_POINT('Control Point',(9409.70127247,-2770.1531164,271.631308715));
#23775=CARTESIAN_POINT('Control Point',(9409.23415255,-2770.71025868,271.651664304));
#23776=CARTESIAN_POINT('Control Point',(9408.76699871,-2771.26741852,271.671135203));
#23777=CARTESIAN_POINT('Control Point',(9410.365493989999,-2767.64774173,271.562982321));
#23778=CARTESIAN_POINT('Control Point',(9409.754842819999,-2768.04255416,271.575286684));
#23779=CARTESIAN_POINT('Control Point',(9409.14414192,-2768.43721191,271.590957194));
#23780=CARTESIAN_POINT('Control Point',(9408.53339375,-2768.83204156,271.606445651));
#23781=CARTESIAN_POINT('Control Point',(9407.9227615,-2769.22667909,271.620942433));
#23782=CARTESIAN_POINT('Control Point',(9407.31199683,-2769.62148028,271.636020557));
#23783=CARTESIAN_POINT('Control Point',(9410.00024962,-2766.63364461,271.54184051));
#23784=CARTESIAN_POINT('Control Point',(9409.318170019998,-2766.83098968,271.548441555));
#23785=CARTESIAN_POINT('Control Point',(9408.636277509999,-2767.02824828,271.555526573));
#23786=CARTESIAN_POINT('Control Point',(9407.954352109999,-2767.22545644,271.562495064));
#23787=CARTESIAN_POINT('Control Point',(9407.27228379,-2767.42285132,271.569663778));
#23788=CARTESIAN_POINT('Control Point',(9406.590427559999,-2767.62002741,271.576716371));
#23789=CARTESIAN_POINT('Control Point',(9409.999981469999,-2765.62128315,271.506032567));
#23790=CARTESIAN_POINT('Control Point',(9409.318012919999,-2765.62125739,271.505845171));
#23791=CARTESIAN_POINT('Control Point',(9408.636001499999,-2765.6212636,271.506111551));
#23792=CARTESIAN_POINT('Control Point',(9407.953966859999,-2765.6212989,271.505852529));
#23793=CARTESIAN_POINT('Control Point',(9407.272036179998,-2765.62123413,271.506010875));
#23794=CARTESIAN_POINT('Control Point',(9406.589969679999,-2765.62129449,271.506038629));
#23795=B_SPLINE_CURVE_WITH_KNOTS('',5,(#23796,#23797,#23798,#23799,#23800,#23801),.UNSPECIFIED.,.F.,.U.,(6,6),(-3.41000002487,-3.03193875948E-005),.UNSPECIFIED.);
#23796=CARTESIAN_POINT('Control Point',(9409.999981469999,-2765.62128315,271.506032567));
#23797=CARTESIAN_POINT('Control Point',(9409.318018989999,-2765.62125739,271.505845173));
#23798=CARTESIAN_POINT('Control Point',(9408.636013629999,-2765.6212636,271.506111546));
#23799=CARTESIAN_POINT('Control Point',(9407.953985049999,-2765.6212989,271.505852536));
#23800=CARTESIAN_POINT('Control Point',(9407.272060439998,-2765.62123413,271.506010869));
#23801=CARTESIAN_POINT('Control Point',(9406.589999999998,-2765.62129449,271.506038627));
#23802=CARTESIAN_POINT('Vertex',(9406.589999999998,-2765.62126715,271.506037381));
#23803=VERTEX_POINT('',#23802);
#23804=EDGE_CURVE('',#23803,#23612,#23795,.F.);
#23805=B_SPLINE_CURVE_WITH_KNOTS('',5,(#23806,#23807,#23808,#23809,#23810,#23811),.UNSPECIFIED.,.F.,.U.,(6,6),(0.,13.9844545305),.UNSPECIFIED.);
#23806=CARTESIAN_POINT('Control Point',(9412.648938069999,-2772.4777854,271.652385921));
#23807=CARTESIAN_POINT('Control Point',(9410.664716109999,-2772.23009785,271.675086436));
#23808=CARTESIAN_POINT('Control Point',(9408.76713665,-2771.26749393,271.671135683));
#23809=CARTESIAN_POINT('Control Point',(9407.312035839999,-2769.62160543,271.636024362));
#23810=CARTESIAN_POINT('Control Point',(9406.590427589999,-2767.62008597,271.576718441));
#23811=CARTESIAN_POINT('Control Point',(9406.589969679999,-2765.62129449,271.506038629));
#23812=CARTESIAN_POINT('Vertex',(9412.648961229999,-2772.47776645,271.652373506));
#23813=VERTEX_POINT('',#23812);
#23814=EDGE_CURVE('',#23813,#23803,#23805,.T.);
#23815=B_SPLINE_CURVE_WITH_KNOTS('',5,(#23816,#23817,#23818,#23819,#23820,#23821),.UNSPECIFIED.,.F.,.U.,(6,6),(-3.40996459646,-2.21114552774E-005),.UNSPECIFIED.);
#23816=CARTESIAN_POINT('Control Point',(9413.068921669999,-2769.09586181,271.533306164));
#23817=CARTESIAN_POINT('Control Point',(9412.984953219999,-2769.77221108,271.556903881));
#23818=CARTESIAN_POINT('Control Point',(9412.900936099999,-2770.44861462,271.581041579));
#23819=CARTESIAN_POINT('Control Point',(9412.816941609999,-2771.12499278,271.604606233));
#23820=CARTESIAN_POINT('Control Point',(9412.73298307,-2771.80133184,271.62853476));
#23821=CARTESIAN_POINT('Control Point',(9412.648940789999,-2772.4777635,271.652385149));
#23822=EDGE_CURVE('',#23725,#23813,#23815,.T.);
#23823=EDGE_LOOP('',(#23824,#23825,#23826,#23827));
#23824=ORIENTED_EDGE('',*,*,#23726,.T.);
#23825=ORIENTED_EDGE('',*,*,#23804,.F.);
#23826=ORIENTED_EDGE('',*,*,#23814,.F.);
#23827=ORIENTED_EDGE('',*,*,#23822,.F.);
#23828=FACE_OUTER_BOUND('',#23823,.T.);
#23829=ADVANCED_FACE('PartBody',(#23828),#23758,.T.);
#23830=B_SPLINE_SURFACE_WITH_KNOTS('',5,1,((#23831,#23832),(#23833,#23834),(#23835,#23836),(#23837,#23838),(#23839,#23840),(#23841,#23842)),.UNSPECIFIED.,.F.,.F.,.U.,(6,6),(2,2),(0.,1.0031829169),(0.,3.41),.UNSPECIFIED.);
#23831=CARTESIAN_POINT('Control Point',(9406.589999999998,-2765.62126715,271.506037381));
#23832=CARTESIAN_POINT('Control Point',(9410,-2765.62126715,271.506037381));
#23833=CARTESIAN_POINT('Control Point',(9406.589999999998,-2765.42075602,271.498943231));
#23834=CARTESIAN_POINT('Control Point',(9410,-2765.42075602,271.498943231));
#23835=CARTESIAN_POINT('Control Point',(9406.589999999998,-2765.2202449,271.491849081));
#23836=CARTESIAN_POINT('Control Point',(9410,-2765.22024489,271.491849081));
#23837=CARTESIAN_POINT('Control Point',(9406.589999999998,-2765.01973377,271.484754931));
#23838=CARTESIAN_POINT('Control Point',(9410,-2765.01973377,271.484754931));
#23839=CARTESIAN_POINT('Control Point',(9406.589999999998,-2764.81922264,271.47766078));
#23840=CARTESIAN_POINT('Control Point',(9410,-2764.81922264,271.47766078));
#23841=CARTESIAN_POINT('Control Point',(9406.589999999998,-2764.61871152,271.47056663));
#23842=CARTESIAN_POINT('Control Point',(9410,-2764.61871152,271.47056663));
#23843=B_SPLINE_CURVE_WITH_KNOTS('',5,(#23844,#23845,#23846,#23847,#23848,#23849),.UNSPECIFIED.,.F.,.U.,(6,6),(0.,1.0031829169),.UNSPECIFIED.);
#23844=CARTESIAN_POINT('Control Point',(9406.589999999998,-2765.62126715,271.506037381));
#23845=CARTESIAN_POINT('Control Point',(9406.589999999998,-2765.42075602,271.498943231));
#23846=CARTESIAN_POINT('Control Point',(9406.589999999998,-2765.2202449,271.491849081));
#23847=CARTESIAN_POINT('Control Point',(9406.589999999998,-2765.01973377,271.484754931));
#23848=CARTESIAN_POINT('Control Point',(9406.589999999998,-2764.81922264,271.47766078));
#23849=CARTESIAN_POINT('Control Point',(9406.589999999998,-2764.61871152,271.47056663));
#23850=EDGE_CURVE('',#23803,#23265,#23843,.T.);
#23851=EDGE_LOOP('',(#23852,#23853,#23854,#23855));
#23852=ORIENTED_EDGE('',*,*,#23613,.T.);
#23853=ORIENTED_EDGE('',*,*,#23273,.F.);
#23854=ORIENTED_EDGE('',*,*,#23850,.F.);
#23855=ORIENTED_EDGE('',*,*,#23804,.T.);
#23856=FACE_OUTER_BOUND('',#23851,.T.);
#23857=ADVANCED_FACE('PartBody',(#23856),#23830,.F.);
#23858=CARTESIAN_POINT('Axis2P3D Location',(9406.589999999998,0.09,0));
#23859=DIRECTION('Axis2P3D Direction',(1,0,0));
#23860=DIRECTION('Axis2P3D XDirection',(0,1,0));
#23861=AXIS2_PLACEMENT_3D('Plane Axis2P3D',#23858,#23859,#23860);
#23862=PLANE('',#23861);
#23863=CARTESIAN_POINT('Line Origine',(9406.589999999998,-2767.11340146,144.678237603));
#23864=DIRECTION('Vector Direction',(0,0.9999946454395171,0.00327247494939842));
#23865=VECTOR('Line Direction',#23864,1.);
#23866=LINE('Line',#23863,#23865);
#23867=CARTESIAN_POINT('Vertex',(9406.589999999998,-2767.61581818,144.676593448));
#23868=VERTEX_POINT('',#23867);
#23869=EDGE_CURVE('',#23868,#23582,#23866,.T.);
#23870=B_SPLINE_CURVE_WITH_KNOTS('',5,(#23871,#23872,#23873,#23874,#23875,#23876),.UNSPECIFIED.,.F.,.U.,(6,6),(60.0056288683,236.367894767),.UNSPECIFIED.);
#23871=CARTESIAN_POINT('Control Point',(9406.589999999998,-2767.61581818,144.676593448));
#23872=CARTESIAN_POINT('Control Point',(9406.589999999998,-2767.70342513,170.11652146));
#23873=CARTESIAN_POINT('Control Point',(9406.589999999998,-2767.55345947,195.521316511));
#23874=CARTESIAN_POINT('Control Point',(9406.589999999998,-2767.15658844,220.888434275));
#23875=CARTESIAN_POINT('Control Point',(9406.589999999998,-2766.51214994,246.217115063));
#23876=CARTESIAN_POINT('Control Point',(9406.589999999998,-2765.62126715,271.506037381));
#23877=EDGE_CURVE('',#23868,#23803,#23870,.T.);
#23878=EDGE_LOOP('',(#23879,#23880,#23881,#23882,#23883,#23884,#23885,#23886,#23887,#23888,#23889,#23890,#23891,#23892));
#23879=ORIENTED_EDGE('',*,*,#23304,.F.);
#23880=ORIENTED_EDGE('',*,*,#23335,.F.);
#23881=ORIENTED_EDGE('',*,*,#23366,.F.);
#23882=ORIENTED_EDGE('',*,*,#23397,.F.);
#23883=ORIENTED_EDGE('',*,*,#23434,.F.);
#23884=ORIENTED_EDGE('',*,*,#23466,.F.);
#23885=ORIENTED_EDGE('',*,*,#23497,.F.);
#23886=ORIENTED_EDGE('',*,*,#23528,.F.);
#23887=ORIENTED_EDGE('',*,*,#23559,.F.);
#23888=ORIENTED_EDGE('',*,*,#23590,.F.);
#23889=ORIENTED_EDGE('',*,*,#23869,.F.);
#23890=ORIENTED_EDGE('',*,*,#23877,.T.);
#23891=ORIENTED_EDGE('',*,*,#23850,.T.);
#23892=ORIENTED_EDGE('',*,*,#23266,.F.);
#23893=FACE_OUTER_BOUND('',#23878,.T.);
#23894=ADVANCED_FACE('PartBody',(#23893),#23862,.F.);
#23895=B_SPLINE_SURFACE_WITH_KNOTS('',5,1,((#23896,#23897),(#23898,#23899),(#23900,#23901),(#23902,#23903),(#23904,#23905),(#23906,#23907)),.UNSPECIFIED.,.F.,.F.,.U.,(6,6),(2,2),(0.,1.00483883276),(-3.52606832621E-013,3.41),.UNSPECIFIED.);
#23896=CARTESIAN_POINT('Control Point',(9406.589999999998,-2767.61581818,144.676593448));
#23897=CARTESIAN_POINT('Control Point',(9410,-2767.61581818,144.676593448));
#23898=CARTESIAN_POINT('Control Point',(9406.589999999998,-2767.41485149,144.67725111));
#23899=CARTESIAN_POINT('Control Point',(9410,-2767.41485149,144.67725111));
#23900=CARTESIAN_POINT('Control Point',(9406.589999999998,-2767.2138848,144.677908772));
#23901=CARTESIAN_POINT('Control Point',(9410,-2767.2138848,144.677908772));
#23902=CARTESIAN_POINT('Control Point',(9406.589999999998,-2767.01291811,144.678566434));
#23903=CARTESIAN_POINT('Control Point',(9410,-2767.01291811,144.678566434));
#23904=CARTESIAN_POINT('Control Point',(9406.589999999998,-2766.81195142,144.679224096));
#23905=CARTESIAN_POINT('Control Point',(9410,-2766.81195142,144.679224096));
#23906=CARTESIAN_POINT('Control Point',(9406.589999999998,-2766.61098473,144.679881758));
#23907=CARTESIAN_POINT('Control Point',(9410,-2766.61098473,144.679881758));
#23908=B_SPLINE_CURVE_WITH_KNOTS('',1,(#23909,#23910),.UNSPECIFIED.,.F.,.U.,(2,2),(-3.52606832621E-013,3.40999999995),.UNSPECIFIED.);
#23909=CARTESIAN_POINT('Control Point',(9406.589999999998,-2767.61581818,144.676593448));
#23910=CARTESIAN_POINT('Control Point',(9410,-2767.61581818,144.676593448));
#23911=EDGE_CURVE('',#23621,#23868,#23908,.F.);
#23912=EDGE_LOOP('',(#23913,#23914,#23915,#23916));
#23913=ORIENTED_EDGE('',*,*,#23911,.T.);
#23914=ORIENTED_EDGE('',*,*,#23869,.T.);
#23915=ORIENTED_EDGE('',*,*,#23585,.T.);
#23916=ORIENTED_EDGE('',*,*,#23626,.F.);
#23917=FACE_OUTER_BOUND('',#23912,.T.);
#23918=ADVANCED_FACE('PartBody',(#23917),#23895,.T.);
#23919=B_SPLINE_SURFACE_WITH_KNOTS('',5,1,((#23920,#23921),(#23922,#23923),(#23924,#23925),(#23926,#23927),(#23928,#23929),(#23930,#23931),(#23932,#23933),(#23934,#23935),(#23936,#23937),(#23938,#23939),(#23940,#23941),(#23942,#23943),(#23944,#23945),(#23946,#23947),(#23948,#23949)),.UNSPECIFIED.,.F.,.F.,.U.,(6,3,3,3,6),(2,2),(0.,3.65247121491,7.30494242983,10.9574136447,12.1749040497),(-3.41000000076,1.21995302848E-009),.UNSPECIFIED.);
#23920=CARTESIAN_POINT('Control Point',(9413.08062413,-2771.09059751,144.669254815));
#23921=CARTESIAN_POINT('Control Point',(9412.672032209999,-2774.47600987,144.65760114));
#23922=CARTESIAN_POINT('Control Point',(9412.778180309999,-2771.05409421,144.669029304));
#23923=CARTESIAN_POINT('Control Point',(9412.074921709998,-2774.4039431,144.657497702));
#23924=CARTESIAN_POINT('Control Point',(9412.47970794,-2770.98468535,144.668910466));
#23925=CARTESIAN_POINT('Control Point',(9411.48565196,-2774.26691137,144.657611296));
#23926=CARTESIAN_POINT('Control Point',(9412.189953829999,-2770.8829329,144.668901855));
#23927=CARTESIAN_POINT('Control Point',(9410.91359457,-2774.06602418,144.657943618));
#23928=CARTESIAN_POINT('Control Point',(9411.637281469999,-2770.61804102,144.669105335));
#23929=CARTESIAN_POINT('Control Point',(9409.82246141,-2773.54305429,144.659034938));
#23930=CARTESIAN_POINT('Control Point',(9411.154507359999,-2770.24049475,144.669736927));
#23931=CARTESIAN_POINT('Control Point',(9408.86932738,-2772.79767232,144.660932439));
#23932=CARTESIAN_POINT('Control Point',(9410.934661399999,-2770.02606851,144.670156498));
#23933=CARTESIAN_POINT('Control Point',(9408.43528865,-2772.37433473,144.662071079));
#23934=CARTESIAN_POINT('Control Point',(9410.545184359999,-2769.55286421,144.671189575));
#23935=CARTESIAN_POINT('Control Point',(9407.666349699999,-2771.44009624,144.664691207));
#23936=CARTESIAN_POINT('Control Point',(9410.266586219999,-2769.0069775,144.672572488));
#23937=CARTESIAN_POINT('Control Point',(9407.11631736,-2770.36236157,144.667905258));
#23938=CARTESIAN_POINT('Control Point',(9410.157635179999,-2768.71985378,144.673341959));
#23939=CARTESIAN_POINT('Control Point',(9406.901216889999,-2769.79549804,144.669637934));
#23940=CARTESIAN_POINT('Control Point',(9410.055189139999,-2768.32432322,144.674455316));
#23941=CARTESIAN_POINT('Control Point',(9406.698959129999,-2769.01460855,144.672078241));
#23942=CARTESIAN_POINT('Control Point',(9410.011048209999,-2767.92027754,144.67566045));
#23943=CARTESIAN_POINT('Control Point',(9406.611812319999,-2768.21690756,144.67463896));
#23944=CARTESIAN_POINT('Control Point',(9410.003682729999,-2767.81890971,144.675966953));
#23945=CARTESIAN_POINT('Control Point',(9406.597270759999,-2768.01677863,144.675285559));
#23946=CARTESIAN_POINT('Control Point',(9410,-2767.71736394,144.676278137));
#23947=CARTESIAN_POINT('Control Point',(9406.589999999998,-2767.8162984,144.675937438));
#23948=CARTESIAN_POINT('Control Point',(9410,-2767.61581818,144.676593448));
#23949=CARTESIAN_POINT('Control Point',(9406.589999999998,-2767.61581818,144.676593448));
#23950=B_SPLINE_CURVE_WITH_KNOTS('',1,(#23951,#23952),.UNSPECIFIED.,.F.,.U.,(2,2),(-3.41000000076,-7.56019817738E-010),.UNSPECIFIED.);
#23951=CARTESIAN_POINT('Control Point',(9413.08062413,-2771.09059751,144.669254815));
#23952=CARTESIAN_POINT('Control Point',(9412.672032209999,-2774.47600987,144.65760114));
#23953=CARTESIAN_POINT('Vertex',(9412.672032209999,-2774.47600987,144.65760114));
#23954=VERTEX_POINT('',#23953);
#23955=EDGE_CURVE('',#23741,#23954,#23950,.T.);
#23956=B_SPLINE_CURVE_WITH_KNOTS('',5,(#23957,#23958,#23959,#23960,#23961,#23962,#23963,#23964,#23965,#23966,#23967,#23968,#23969,#23970,#23971,#23972,#23973,#23974),.UNSPECIFIED.,.F.,.U.,(6,3,3,3,3,6),(0.,2.73472270268,5.46944540535,7.50416474558,9.53888408581,10.9388908107),.UNSPECIFIED.);
#23957=CARTESIAN_POINT('Control Point',(9412.672032209999,-2774.47600987,144.65760114));
#23958=CARTESIAN_POINT('Control Point',(9412.283213899998,-2774.42908241,144.657533784));
#23959=CARTESIAN_POINT('Control Point',(9411.897720199999,-2774.35460865,144.657558455));
#23960=CARTESIAN_POINT('Control Point',(9411.46635981,-2774.24652007,144.65766706));
#23961=CARTESIAN_POINT('Control Point',(9410.51446945,-2773.90818289,144.658233338));
#23962=CARTESIAN_POINT('Control Point',(9409.487741049999,-2773.29128634,144.659668596));
#23963=CARTESIAN_POINT('Control Point',(9408.981241469999,-2772.90288029,144.660651764));
#23964=CARTESIAN_POINT('Control Point',(9408.187827869999,-2772.1169864,144.662772575));
#23965=CARTESIAN_POINT('Control Point',(9407.594327739998,-2771.24475307,144.665289488));
#23966=CARTESIAN_POINT('Control Point',(9407.383907919999,-2770.87023825,144.666395421));
#23967=CARTESIAN_POINT('Control Point',(9407.043373449998,-2770.14649725,144.668570164));
#23968=CARTESIAN_POINT('Control Point',(9406.837552069999,-2769.49315527,144.670591086));
#23969=CARTESIAN_POINT('Control Point',(9406.762040719999,-2769.18921587,144.671542732));
#23970=CARTESIAN_POINT('Control Point',(9406.665273459999,-2768.70624549,144.673068126));
#23971=CARTESIAN_POINT('Control Point',(9406.611815329999,-2768.21694908,144.674638826));
#23972=CARTESIAN_POINT('Control Point',(9406.59727176,-2768.0168064,144.675285469));
#23973=CARTESIAN_POINT('Control Point',(9406.589999999998,-2767.81631229,144.675937393));
#23974=CARTESIAN_POINT('Control Point',(9406.589999999998,-2767.61581818,144.676593448));
#23975=EDGE_CURVE('',#23954,#23868,#23956,.T.);
#23976=EDGE_LOOP('',(#23977,#23978,#23979,#23980));
#23977=ORIENTED_EDGE('',*,*,#23955,.T.);
#23978=ORIENTED_EDGE('',*,*,#23975,.T.);
#23979=ORIENTED_EDGE('',*,*,#23911,.F.);
#23980=ORIENTED_EDGE('',*,*,#23750,.F.);
#23981=FACE_OUTER_BOUND('',#23976,.T.);
#23982=ADVANCED_FACE('PartBody',(#23981),#23919,.F.);
#23983=B_SPLINE_SURFACE_WITH_KNOTS('',5,5,((#23984,#23985,#23986,#23987,#23988,#23989,#23990,#23991,#23992),(#23993,#23994,#23995,#23996,#23997,#23998,#23999,#24000,#24001),(#24002,#24003,#24004,#24005,#24006,#24007,#24008,#24009,#24010),(#24011,#24012,#24013,#24014,#24015,#24016,#24017,#24018,#24019),(#24020,#24021,#24022,#24023,#24024,#24025,#24026,#24027,#24028),(#24029,#24030,#24031,#24032,#24033,#24034,#24035,#24036,#24037)),.UNSPECIFIED.,.F.,.F.,.U.,(6,6),(6,3,6),(59.936443596,236.368294242),(0.,3.455,6.91),.UNSPECIFIED.);
#23984=CARTESIAN_POINT('Control Point',(9412.672042589998,-2774.47582263,144.602969454));
#23985=CARTESIAN_POINT('Control Point',(9411.676839329999,-2774.35571259,144.603384833));
#23986=CARTESIAN_POINT('Control Point',(9410.703403059999,-2774.05516609,144.60442422));
#23987=CARTESIAN_POINT('Control Point',(9409.795442819999,-2773.57925736,144.606070066));
#23988=CARTESIAN_POINT('Control Point',(9408.19344949,-2772.32023039,144.610424188));
#23989=CARTESIAN_POINT('Control Point',(9407.135436699999,-2770.57893113,144.616446164));
#23990=CARTESIAN_POINT('Control Point',(9406.771745729999,-2769.62049411,144.619760749));
#23991=CARTESIAN_POINT('Control Point',(9406.589999999998,-2768.6180651,144.623227472));
#23992=CARTESIAN_POINT('Control Point',(9406.589999999998,-2767.61564598,144.626694162));
#23993=CARTESIAN_POINT('Control Point',(9412.66719882,-2774.56342966,170.104234477));
#23994=CARTESIAN_POINT('Control Point',(9411.67256474,-2774.4426723,170.103754917));
#23995=CARTESIAN_POINT('Control Point',(9410.699803899999,-2774.14166478,170.102550927));
#23996=CARTESIAN_POINT('Control Point',(9409.792557789999,-2773.66550518,170.100642779));
#23997=CARTESIAN_POINT('Control Point',(9408.191920949999,-2772.40637564,170.095592789));
#23998=CARTESIAN_POINT('Control Point',(9407.134905539999,-2770.66562268,170.088606014));
#23999=CARTESIAN_POINT('Control Point',(9406.771568869999,-2769.70758452,170.084760049));
#24000=CARTESIAN_POINT('Control Point',(9406.589999999998,-2768.70561754,170.080737401));
#24001=CARTESIAN_POINT('Control Point',(9406.589999999998,-2767.70366042,170.076714793));
#24002=CARTESIAN_POINT('Control Point',(9412.662428919999,-2774.41281918,195.571988402));
#24003=CARTESIAN_POINT('Control Point',(9411.66835593,-2774.29143343,195.570572816));
#24004=CARTESIAN_POINT('Control Point',(9410.696260479999,-2773.98999333,195.567044341));
#24005=CARTESIAN_POINT('Control Point',(9409.789717649999,-2773.51362003,195.56146274));
#24006=CARTESIAN_POINT('Control Point',(9408.190416399999,-2772.25447691,195.546703122));
#24007=CARTESIAN_POINT('Control Point',(9407.134382749999,-2770.51438187,195.526297942));
#24008=CARTESIAN_POINT('Control Point',(9406.7713948,-2769.55680232,195.515067787));
#24009=CARTESIAN_POINT('Control Point',(9406.589999999998,-2768.55535912,195.503322701));
#24010=CARTESIAN_POINT('Control Point',(9406.589999999998,-2767.55392575,195.491577731));
#24011=CARTESIAN_POINT('Control Point',(9412.657744139999,-2774.01457649,221.002752084));
#24012=CARTESIAN_POINT('Control Point',(9411.664222769999,-2773.8925841,221.000375212));
#24013=CARTESIAN_POINT('Control Point',(9410.692781129999,-2773.59074394,220.994481571));
#24014=CARTESIAN_POINT('Control Point',(9409.786929049998,-2773.11419927,220.985171412));
#24015=CARTESIAN_POINT('Control Point',(9408.188939369998,-2771.85514378,220.960567283));
#24016=CARTESIAN_POINT('Control Point',(9407.133869559999,-2770.11583334,220.926570516));
#24017=CARTESIAN_POINT('Control Point',(9406.771223919999,-2769.15878023,220.907862754));
#24018=CARTESIAN_POINT('Control Point',(9406.589999999998,-2768.15793088,220.888298399));
#24019=CARTESIAN_POINT('Control Point',(9406.589999999998,-2767.15709132,220.868734235));
#24020=CARTESIAN_POINT('Control Point',(9412.653236209999,-2773.36805595,246.395180479));
#24021=CARTESIAN_POINT('Control Point',(9411.66024616,-2773.24549092,246.391828253));
#24022=CARTESIAN_POINT('Control Point',(9410.689433879999,-2772.94329159,246.383555083));
#24023=CARTESIAN_POINT('Control Point',(9409.784246509998,-2772.46662198,246.370502232));
#24024=CARTESIAN_POINT('Control Point',(9408.187518699999,-2771.20775542,246.336026278));
#24025=CARTESIAN_POINT('Control Point',(9407.133375969999,-2769.46934326,246.288412501));
#24026=CARTESIAN_POINT('Control Point',(9406.771059569999,-2768.51287537,246.262214901));
#24027=CARTESIAN_POINT('Control Point',(9406.589999999998,-2767.51267959,246.234819287));
#24028=CARTESIAN_POINT('Control Point',(9406.589999999998,-2766.51249359,246.207423941));
#24029=CARTESIAN_POINT('Control Point',(9412.64894786,-2772.47439655,271.747747856));
#24030=CARTESIAN_POINT('Control Point',(9411.656463669999,-2772.3512984,271.743411324));
#24031=CARTESIAN_POINT('Control Point',(9410.68625031,-2772.04878437,271.732754286));
#24032=CARTESIAN_POINT('Control Point',(9409.781695299998,-2771.57203769,271.715959338));
#24033=CARTESIAN_POINT('Control Point',(9408.186167739999,-2770.31346026,271.671621866));
#24034=CARTESIAN_POINT('Control Point',(9407.13290662,-2768.57605245,271.61041604));
#24035=CARTESIAN_POINT('Control Point',(9406.770903289998,-2767.62022352,271.576743866));
#24036=CARTESIAN_POINT('Control Point',(9406.589999999998,-2766.62073542,271.541533656));
#24037=CARTESIAN_POINT('Control Point',(9406.589999999998,-2765.62125706,271.506323789));
#24038=B_SPLINE_CURVE_WITH_KNOTS('',5,(#24039,#24040,#24041,#24042,#24043,#24044),.UNSPECIFIED.,.F.,.U.,(6,6),(60.0120381233,236.235569508),.UNSPECIFIED.);
#24039=CARTESIAN_POINT('Control Point',(9412.672032209999,-2774.47600987,144.65760114));
#24040=CARTESIAN_POINT('Control Point',(9412.667194289999,-2774.56310566,170.128698558));
#24041=CARTESIAN_POINT('Control Point',(9412.662430069999,-2774.41253409,195.566359506));
#24042=CARTESIAN_POINT('Control Point',(9412.65775085,-2774.01492124,220.967118971));
#24043=CARTESIAN_POINT('Control Point',(9412.653247939999,-2773.36961796,246.329634991));
#24044=CARTESIAN_POINT('Control Point',(9412.648963989999,-2772.47775653,271.652387503));
#24045=EDGE_CURVE('',#23954,#23813,#24038,.T.);
#24046=EDGE_LOOP('',(#24047,#24048,#24049,#24050));
#24047=ORIENTED_EDGE('',*,*,#23877,.F.);
#24048=ORIENTED_EDGE('',*,*,#23975,.F.);
#24049=ORIENTED_EDGE('',*,*,#24045,.T.);
#24050=ORIENTED_EDGE('',*,*,#23814,.T.);
#24051=FACE_OUTER_BOUND('',#24046,.T.);
#24052=ADVANCED_FACE('PartBody',(#24051),#23983,.T.);
#24053=B_SPLINE_SURFACE_WITH_KNOTS('',5,4,((#24054,#24055,#24056,#24057,#24058),(#24059,#24060,#24061,#24062,#24063),(#24064,#24065,#24066,#24067,#24068),(#24069,#24070,#24071,#24072,#24073),(#24074,#24075,#24076,#24077,#24078),(#24079,#24080,#24081,#24082,#24083)),.UNSPECIFIED.,.F.,.F.,.U.,(6,6),(5,5),(-912.014530574,-789.075888965),(-1147.22154549,-1118.867227),.UNSPECIFIED.);
#24054=CARTESIAN_POINT('Control Point',(9440.832840609999,-2777.86176483,145.134091163));
#24055=CARTESIAN_POINT('Control Point',(9433.800032929999,-2777.01919312,144.847579368));
#24056=CARTESIAN_POINT('Control Point',(9426.76759197,-2776.17428401,144.560355389));
#24057=CARTESIAN_POINT('Control Point',(9419.73551753,-2775.32703872,144.272419559));
#24058=CARTESIAN_POINT('Control Point',(9412.70380944,-2774.47745849,143.983772221));
#24059=CARTESIAN_POINT('Control Point',(9439.621504899998,-2777.82166835,170.774292655));
#24060=CARTESIAN_POINT('Control Point',(9432.589192559999,-2776.97597265,170.486846913));
#24061=CARTESIAN_POINT('Control Point',(9425.557247299999,-2776.12793759,170.198688756));
#24062=CARTESIAN_POINT('Control Point',(9418.525668949998,-2775.27756426,169.909818435));
#24063=CARTESIAN_POINT('Control Point',(9411.494457319999,-2774.42485374,169.620236224));
#24064=CARTESIAN_POINT('Control Point',(9438.447677729999,-2777.54265031,196.340173748));
#24065=CARTESIAN_POINT('Control Point',(9431.415842179998,-2776.69394253,196.051823709));
#24066=CARTESIAN_POINT('Control Point',(9424.3843738,-2775.84289521,195.762761284));
#24067=CARTESIAN_POINT('Control Point',(9417.35327265,-2774.98950786,195.472986427));
#24068=CARTESIAN_POINT('Control Point',(9410.322538439999,-2774.13378371,195.182499449));
#24069=CARTESIAN_POINT('Control Point',(9437.31256024,-2777.01702672,221.830232957));
#24070=CARTESIAN_POINT('Control Point',(9430.281188949999,-2776.16538835,221.541009302));
#24071=CARTESIAN_POINT('Control Point',(9423.250185039999,-2775.31140798,221.251072416));
#24072=CARTESIAN_POINT('Control Point',(9416.21954848,-2774.45508821,220.960422876));
#24073=CARTESIAN_POINT('Control Point',(9409.189279079999,-2773.59643005,220.669060686));
#24074=CARTESIAN_POINT('Control Point',(9436.215943239999,-2776.24556318,247.245256628));
#24075=CARTESIAN_POINT('Control Point',(9429.185013339998,-2775.39114243,246.955214108));
#24076=CARTESIAN_POINT('Control Point',(9422.154451159999,-2774.53437827,246.664457366));
#24077=CARTESIAN_POINT('Control Point',(9415.12425653,-2773.67527174,246.372986804));
#24078=CARTESIAN_POINT('Control Point',(9408.09442928,-2772.8138239,246.080802818));
#24079=CARTESIAN_POINT('Control Point',(9435.157396929999,-2775.23073448,272.586204289));
#24080=CARTESIAN_POINT('Control Point',(9428.126880439999,-2774.37371204,272.295403377));
#24081=CARTESIAN_POINT('Control Point',(9421.096732029999,-2773.51434252,272.003886933));
#24082=CARTESIAN_POINT('Control Point',(9414.06695149,-2772.6526274,271.711655523));
#24083=CARTESIAN_POINT('Control Point',(9407.03753858,-2771.78856811,271.418709684));
#24084=B_SPLINE_CURVE_WITH_KNOTS('',3,(#24085,#24086,#24087,#24088),.UNSPECIFIED.,.F.,.U.,(4,4),(0.,22.355746766),.UNSPECIFIED.);
#24085=CARTESIAN_POINT('Control Point',(9412.672032209999,-2774.47600987,144.65760114));
#24086=CARTESIAN_POINT('Control Point',(9415.981969159999,-2774.87549449,144.65817353));
#24087=CARTESIAN_POINT('Control Point',(9419.291996059999,-2775.27436804,144.658744735));
#24088=CARTESIAN_POINT('Control Point',(9422.60211299,-2775.67263049,144.65931475));
#24089=CARTESIAN_POINT('Vertex',(9422.60211299,-2775.67263049,144.65931475));
#24090=VERTEX_POINT('',#24089);
#24091=EDGE_CURVE('',#23954,#24090,#24084,.T.);
#24092=B_SPLINE_CURVE_WITH_KNOTS('',5,(#24093,#24094,#24095,#24096,#24097,#24098,#24099,#24100,#24101,#24102,#24103,#24104,#24105,#24106,#24107,#24108,#24109,#24110),.UNSPECIFIED.,.F.,.U.,(6,3,3,3,3,6),(0.,7.51627537533,14.9873603356,22.3444671207,24.7707304983,28.3571554609),.UNSPECIFIED.);
#24093=CARTESIAN_POINT('Control Point',(9422.60211299,-2775.67263049,144.65931475));
#24094=CARTESIAN_POINT('Control Point',(9423.657838719999,-2775.79965196,144.659496551));
#24095=CARTESIAN_POINT('Control Point',(9424.71245576,-2775.92689168,144.768398024));
#24096=CARTESIAN_POINT('Control Point',(9425.7549363,-2776.05303881,144.98592768));
#24097=CARTESIAN_POINT('Control Point',(9427.775517739999,-2776.2982692,145.631579868));
#24098=CARTESIAN_POINT('Control Point',(9429.632426389999,-2776.52493942,146.680981926));
#24099=CARTESIAN_POINT('Control Point',(9430.50221341,-2776.63142888,147.297828524));
#24100=CARTESIAN_POINT('Control Point',(9432.10119609,-2776.82773389,148.701309656));
#24101=CARTESIAN_POINT('Control Point',(9433.39381238,-2776.98727568,150.415374356));
#24102=CARTESIAN_POINT('Control Point',(9433.949626309999,-2777.05607002,151.333877962));
#24103=CARTESIAN_POINT('Control Point',(9434.561392459998,-2777.1319812,152.632377308));
#24104=CARTESIAN_POINT('Control Point',(9434.989976809999,-2777.18535758,154.00034224));
#24105=CARTESIAN_POINT('Control Point',(9435.084680149999,-2777.19716729,154.343199068));
#24106=CARTESIAN_POINT('Control Point',(9435.29054124,-2777.22287581,155.20131836));
#24107=CARTESIAN_POINT('Control Point',(9435.423931059999,-2777.23962828,156.076545564));
#24108=CARTESIAN_POINT('Control Point',(9435.477467789999,-2777.24639862,156.605329994));
#24109=CARTESIAN_POINT('Control Point',(9435.503995659999,-2777.24982007,157.133745274));
#24110=CARTESIAN_POINT('Control Point',(9435.503854709999,-2777.24993261,157.662403932));
#24111=CARTESIAN_POINT('Vertex',(9435.503854709999,-2777.24993261,157.662403932));
#24112=VERTEX_POINT('',#24111);
#24113=EDGE_CURVE('',#24090,#24112,#24092,.T.);
#24114=B_SPLINE_CURVE_WITH_KNOTS('',3,(#24115,#24116,#24117,#24118),.UNSPECIFIED.,.F.,.U.,(4,4),(0.,196.633338655),.UNSPECIFIED.);
#24115=CARTESIAN_POINT('Control Point',(9435.503854709999,-2777.24993261,157.662403932));
#24116=CARTESIAN_POINT('Control Point',(9435.494849979999,-2777.25712238,191.436063668));
#24117=CARTESIAN_POINT('Control Point',(9435.48639326,-2776.75407282,225.045225952));
#24118=CARTESIAN_POINT('Control Point',(9435.478247989999,-2775.72804551,258.59599377));
#24119=CARTESIAN_POINT('Vertex',(9435.478247989999,-2775.72804551,258.59599377));
#24120=VERTEX_POINT('',#24119);
#24121=EDGE_CURVE('',#24112,#24120,#24114,.T.);
#24122=B_SPLINE_CURVE_WITH_KNOTS('',5,(#24123,#24124,#24125,#24126,#24127,#24128,#24129,#24130,#24131,#24132,#24133,#24134,#24135,#24136,#24137),.UNSPECIFIED.,.F.,.U.,(6,3,3,3,6),(0.,7.27958379385,12.1538826988,22.025083812,28.0416176155),.UNSPECIFIED.);
#24123=CARTESIAN_POINT('Control Point',(9435.478247989999,-2775.72804551,258.59599377));
#24124=CARTESIAN_POINT('Control Point',(9435.47798987,-2775.69553073,259.659216898));
#24125=CARTESIAN_POINT('Control Point',(9435.369798969999,-2775.64929664,260.722774628));
#24126=CARTESIAN_POINT('Control Point',(9435.153151949999,-2775.58968169,261.772910237));
#24127=CARTESIAN_POINT('Control Point',(9434.615205489999,-2775.46937654,263.473745027));
#24128=CARTESIAN_POINT('Control Point',(9433.80477685,-2775.31852653,265.046282541));
#24129=CARTESIAN_POINT('Control Point',(9433.438778039999,-2775.25364324,265.651309328));
#24130=CARTESIAN_POINT('Control Point',(9432.211425559999,-2775.04481466,267.398394009));
#24131=CARTESIAN_POINT('Control Point',(9430.65371207,-2774.80348869,268.858364928));
#24132=CARTESIAN_POINT('Control Point',(9429.49109575,-2774.63199689,269.678326696));
#24133=CARTESIAN_POINT('Control Point',(9427.472385579998,-2774.34672501,270.722116252));
#24134=CARTESIAN_POINT('Control Point',(9425.300478199999,-2774.05813274,271.298398396));
#24135=CARTESIAN_POINT('Control Point',(9424.46286878,-2773.94931546,271.447622187));
#24136=CARTESIAN_POINT('Control Point',(9423.618757369999,-2773.84209096,271.526891726));
#24137=CARTESIAN_POINT('Control Point',(9422.774147249998,-2773.73719947,271.536539808));
#24138=CARTESIAN_POINT('Vertex',(9422.77414496,-2773.73720679,271.536543304));
#24139=VERTEX_POINT('',#24138);
#24140=EDGE_CURVE('',#24120,#24139,#24122,.T.);
#24141=B_SPLINE_CURVE_WITH_KNOTS('',3,(#24142,#24143,#24144,#24145),.UNSPECIFIED.,.F.,.U.,(4,4),(0.,22.8075821331),.UNSPECIFIED.);
#24142=CARTESIAN_POINT('Control Point',(9422.774147249998,-2773.73719947,271.536539808));
#24143=CARTESIAN_POINT('Control Point',(9419.398877119998,-2773.31802721,271.575095926));
#24144=CARTESIAN_POINT('Control Point',(9416.02384896,-2772.89821697,271.613711422));
#24145=CARTESIAN_POINT('Control Point',(9412.648963879999,-2772.47775657,271.652387487));
#24146=EDGE_CURVE('',#24139,#23813,#24141,.T.);
#24147=EDGE_LOOP('',(#24148,#24149,#24150,#24151,#24152,#24153));
#24148=ORIENTED_EDGE('',*,*,#24045,.F.);
#24149=ORIENTED_EDGE('',*,*,#24091,.T.);
#24150=ORIENTED_EDGE('',*,*,#24113,.T.);
#24151=ORIENTED_EDGE('',*,*,#24121,.T.);
#24152=ORIENTED_EDGE('',*,*,#24140,.T.);
#24153=ORIENTED_EDGE('',*,*,#24146,.T.);
#24154=FACE_OUTER_BOUND('',#24147,.T.);
#24155=ADVANCED_FACE('PartBody',(#24154),#24053,.T.);
#24156=B_SPLINE_SURFACE_WITH_KNOTS('',5,1,((#24157,#24158),(#24159,#24160),(#24161,#24162),(#24163,#24164),(#24165,#24166),(#24167,#24168),(#24169,#24170),(#24171,#24172),(#24173,#24174),(#24175,#24176),(#24177,#24178),(#24179,#24180),(#24181,#24182),(#24183,#24184),(#24185,#24186)),.UNSPECIFIED.,.F.,.F.,.U.,(6,3,3,3,6),(2,2),(0.,6.00897957163,12.0213520938,16.0289852294,20.0398902056),(-3.41000000001,8.81963999866E-015),.UNSPECIFIED.);
#24157=CARTESIAN_POINT('Control Point',(9423.009450359999,-2772.28707032,144.671906535));
#24158=CARTESIAN_POINT('Control Point',(9422.60211299,-2775.67263049,144.65931475));
#24159=CARTESIAN_POINT('Control Point',(9424.20291423,-2772.43066441,144.672224761));
#24160=CARTESIAN_POINT('Control Point',(9423.795727659999,-2775.81624231,144.659520296));
#24161=CARTESIAN_POINT('Control Point',(9425.394974129998,-2772.57453857,144.811379208));
#24162=CARTESIAN_POINT('Control Point',(9424.987925179999,-2775.96013311,144.798700056));
#24163=CARTESIAN_POINT('Control Point',(9426.570702569999,-2772.71692002,145.089226259));
#24164=CARTESIAN_POINT('Control Point',(9426.163776189998,-2776.10252992,145.076711689));
#24165=CARTESIAN_POINT('Control Point',(9428.838181789999,-2772.99244706,145.916800219));
#24166=CARTESIAN_POINT('Control Point',(9428.431464499999,-2776.37808434,145.90489319));
#24167=CARTESIAN_POINT('Control Point',(9430.869774559998,-2773.24092003,147.253448255));
#24168=CARTESIAN_POINT('Control Point',(9430.46318902,-2776.62657694,147.242678874));
#24169=CARTESIAN_POINT('Control Point',(9431.806207029998,-2773.35584632,148.04296242));
#24170=CARTESIAN_POINT('Control Point',(9431.399666039999,-2776.74151078,148.03289063));
#24171=CARTESIAN_POINT('Control Point',(9433.203171849998,-2773.52780711,149.532411678));
#24172=CARTESIAN_POINT('Control Point',(9432.796668269999,-2776.91347992,149.523692639));
#24173=CARTESIAN_POINT('Control Point',(9434.29061975,-2773.66231189,151.279223297));
#24174=CARTESIAN_POINT('Control Point',(9433.884090599999,-2777.04798533,151.272146533));
#24175=CARTESIAN_POINT('Control Point',(9434.671078149999,-2773.70947068,152.013250422));
#24176=CARTESIAN_POINT('Control Point',(9434.264528619999,-2777.09514308,152.006871617));
#24177=CARTESIAN_POINT('Control Point',(9435.316683579998,-2773.78965764,153.549164617));
#24178=CARTESIAN_POINT('Control Point',(9434.910072429999,-2777.1753252,153.544261926));
#24179=CARTESIAN_POINT('Control Point',(9435.710866969999,-2773.83889029,155.165733695));
#24180=CARTESIAN_POINT('Control Point',(9435.304155029999,-2777.22454759,155.16241458));
#24181=CARTESIAN_POINT('Control Point',(9435.844362059999,-2773.85564878,155.993264553));
#24182=CARTESIAN_POINT('Control Point',(9435.437589929999,-2777.24129956,155.990763307));
#24183=CARTESIAN_POINT('Control Point',(9435.910919049998,-2773.8641117,156.827948463));
#24184=CARTESIAN_POINT('Control Point',(9435.50407764,-2777.24975462,156.82627939));
#24185=CARTESIAN_POINT('Control Point',(9435.91077386,-2773.86429883,157.663233161));
#24186=CARTESIAN_POINT('Control Point',(9435.503854709999,-2777.24993261,157.662403932));
#24187=B_SPLINE_CURVE_WITH_KNOTS('',5,(#24188,#24189,#24190,#24191,#24192,#24193,#24194,#24195,#24196,#24197,#24198,#24199,#24200,#24201,#24202,#24203,#24204,#24205),.UNSPECIFIED.,.F.,.U.,(6,3,3,3,3,6),(0.,7.52000721445,14.9942034217,22.3530707151,24.779621783,28.3571506188),.UNSPECIFIED.);
#24188=CARTESIAN_POINT('Control Point',(9423.009450359999,-2772.28707032,144.671906535));
#24189=CARTESIAN_POINT('Control Point',(9424.065566809999,-2772.41413917,144.672188138));
#24190=CARTESIAN_POINT('Control Point',(9425.120583849999,-2772.54142734,144.781189342));
#24191=CARTESIAN_POINT('Control Point',(9426.163408839999,-2772.66761624,144.998795493));
#24192=CARTESIAN_POINT('Control Point',(9428.1847342,-2772.91293646,145.644653428));
#24193=CARTESIAN_POINT('Control Point',(9430.042018919999,-2773.13965156,146.694094427));
#24194=CARTESIAN_POINT('Control Point',(9430.91171212,-2773.2461282,147.3106412));
#24195=CARTESIAN_POINT('Control Point',(9432.511280469998,-2773.44250376,148.714513599));
#24196=CARTESIAN_POINT('Control Point',(9433.803092779999,-2773.60194437,150.427505647));
#24197=CARTESIAN_POINT('Control Point',(9434.35844011,-2773.67067956,151.344457705));
#24198=CARTESIAN_POINT('Control Point',(9434.970499569999,-2773.74662523,152.644289443));
#24199=CARTESIAN_POINT('Control Point',(9435.39835317,-2773.79990947,154.010776145));
#24200=CARTESIAN_POINT('Control Point',(9435.49298279,-2773.81170962,154.353580173));
#24201=CARTESIAN_POINT('Control Point',(9435.698170099999,-2773.83733313,155.209694898));
#24202=CARTESIAN_POINT('Control Point',(9435.831121149999,-2773.85402996,156.082936281));
#24203=CARTESIAN_POINT('Control Point',(9435.88442368,-2773.86077077,156.609836894));
#24204=CARTESIAN_POINT('Control Point',(9435.91086543,-2773.86418081,157.136415534));
#24205=CARTESIAN_POINT('Control Point',(9435.91077386,-2773.86429883,157.663233161));
#24206=CARTESIAN_POINT('Vertex',(9423.009486769999,-2772.28676314,144.671961416));
#24207=VERTEX_POINT('',#24206);
#24208=CARTESIAN_POINT('Vertex',(9435.910764159999,-2773.86436828,157.663235276));
#24209=VERTEX_POINT('',#24208);
#24210=EDGE_CURVE('',#24207,#24209,#24187,.T.);
#24211=B_SPLINE_CURVE_WITH_KNOTS('',1,(#24212,#24213),.UNSPECIFIED.,.F.,.U.,(2,2),(-3.40992988544,-1.65657932812E-013),.UNSPECIFIED.);
#24212=CARTESIAN_POINT('Control Point',(9435.91076549,-2773.86436844,157.663233144));
#24213=CARTESIAN_POINT('Control Point',(9435.503854709999,-2777.24993261,157.662403932));
#24214=EDGE_CURVE('',#24209,#24112,#24211,.T.);
#24215=B_SPLINE_CURVE_WITH_KNOTS('',1,(#24216,#24217),.UNSPECIFIED.,.F.,.U.,(2,2),(-3.41,8.81963999866E-015),.UNSPECIFIED.);
#24216=CARTESIAN_POINT('Control Point',(9423.009450359999,-2772.28707032,144.671906535));
#24217=CARTESIAN_POINT('Control Point',(9422.60211299,-2775.67263049,144.65931475));
#24218=EDGE_CURVE('',#24207,#24090,#24215,.T.);
#24219=EDGE_LOOP('',(#24220,#24221,#24222,#24223));
#24220=ORIENTED_EDGE('',*,*,#24210,.T.);
#24221=ORIENTED_EDGE('',*,*,#24214,.T.);
#24222=ORIENTED_EDGE('',*,*,#24113,.F.);
#24223=ORIENTED_EDGE('',*,*,#24218,.F.);
#24224=FACE_OUTER_BOUND('',#24219,.T.);
#24225=ADVANCED_FACE('PartBody',(#24224),#24156,.T.);
#24226=B_SPLINE_SURFACE_WITH_KNOTS('',5,5,((#24227,#24228,#24229,#24230,#24231,#24232),(#24233,#24234,#24235,#24236,#24237,#24238),(#24239,#24240,#24241,#24242,#24243,#24244),(#24245,#24246,#24247,#24248,#24249,#24250),(#24251,#24252,#24253,#24254,#24255,#24256),(#24257,#24258,#24259,#24260,#24261,#24262),(#24263,#24264,#24265,#24266,#24267,#24268),(#24269,#24270,#24271,#24272,#24273,#24274),(#24275,#24276,#24277,#24278,#24279,#24280),(#24281,#24282,#24283,#24284,#24285,#24286),(#24287,#24288,#24289,#24290,#24291,#24292),(#24293,#24294,#24295,#24296,#24297,#24298)),.UNSPECIFIED.,.F.,.F.,.U.,(6,3,3,6),(6,6),(-911.76649804,-890.440995064,-847.789989111,-789.075888965),(-1146.96368265,-1118.86722701),.UNSPECIFIED.);
#24227=CARTESIAN_POINT('Control Point',(9440.96998088,-2774.44440394,145.39595863));
#24228=CARTESIAN_POINT('Control Point',(9435.395595709999,-2773.77649494,145.168503858));
#24229=CARTESIAN_POINT('Control Point',(9429.821419039999,-2773.10726447,144.940628564));
#24230=CARTESIAN_POINT('Control Point',(9424.247446089999,-2772.43674907,144.712329466));
#24231=CARTESIAN_POINT('Control Point',(9418.67372447,-2771.76457719,144.483640272));
#24232=CARTESIAN_POINT('Control Point',(9413.10018614,-2771.09130159,144.254482158));
#24233=CARTESIAN_POINT('Control Point',(9440.760302459999,-2774.43754252,149.839040963));
#24234=CARTESIAN_POINT('Control Point',(9435.18598624,-2773.7692004,149.611456601));
#24235=CARTESIAN_POINT('Control Point',(9429.611873999998,-2773.09957644,149.38344376));
#24236=CARTESIAN_POINT('Control Point',(9424.03799565,-2772.42840171,149.155064716));
#24237=CARTESIAN_POINT('Control Point',(9418.464326939999,-2771.75593704,148.92621701));
#24238=CARTESIAN_POINT('Control Point',(9412.890871189999,-2771.08211797,148.696946548));
#24239=CARTESIAN_POINT('Control Point',(9440.5517807,-2774.42327487,154.279878014));
#24240=CARTESIAN_POINT('Control Point',(9434.97753079,-2773.75452031,154.05216287));
#24241=CARTESIAN_POINT('Control Point',(9429.40349581,-2773.08439212,153.824034818));
#24242=CARTESIAN_POINT('Control Point',(9423.829680499999,-2772.41282957,153.595524218));
#24243=CARTESIAN_POINT('Control Point',(9418.256081779999,-2771.73992369,153.366549806));
#24244=CARTESIAN_POINT('Control Point',(9412.682707389999,-2771.06557396,153.137163251));
#24245=CARTESIAN_POINT('Control Point',(9440.34442505,-2774.40153133,158.718469893));
#24246=CARTESIAN_POINT('Control Point',(9434.770251009999,-2773.7322801,158.490641842));
#24247=CARTESIAN_POINT('Control Point',(9429.196269439999,-2773.06182822,158.262391676));
#24248=CARTESIAN_POINT('Control Point',(9423.622502619999,-2772.3900172,158.033710475));
#24249=CARTESIAN_POINT('Control Point',(9418.04898876,-2771.71654417,157.804632133));
#24250=CARTESIAN_POINT('Control Point',(9412.47568403,-2771.04174838,157.575127818));
#24251=CARTESIAN_POINT('Control Point',(9439.725747279999,-2774.31471695,172.027453066));
#24252=CARTESIAN_POINT('Control Point',(9434.15177133,-2773.64422735,171.799245023));
#24253=CARTESIAN_POINT('Control Point',(9428.57798903,-2772.97255753,171.570583925));
#24254=CARTESIAN_POINT('Control Point',(9423.004435719999,-2772.29939356,171.341528474));
#24255=CARTESIAN_POINT('Control Point',(9417.43111881,-2771.62466779,171.112100477));
#24256=CARTESIAN_POINT('Control Point',(9411.858010909998,-2770.94862744,170.882234499));
#24257=CARTESIAN_POINT('Control Point',(9439.11735205,-2774.16239144,185.315974443));
#24258=CARTESIAN_POINT('Control Point',(9433.543570979999,-2773.49067454,185.087406454));
#24259=CARTESIAN_POINT('Control Point',(9427.970009839999,-2772.81757983,184.85839151));
#24260=CARTESIAN_POINT('Control Point',(9422.396663739999,-2772.14310799,184.628964354));
#24261=CARTESIAN_POINT('Control Point',(9416.823529429999,-2771.46725401,184.399160162));
#24262=CARTESIAN_POINT('Control Point',(9411.250610629999,-2770.79004617,184.168909988));
#24263=CARTESIAN_POINT('Control Point',(9438.716366189999,-2774.03140424,194.165919563));
#24264=CARTESIAN_POINT('Control Point',(9433.14271658,-2773.35887433,193.937095768));
#24265=CARTESIAN_POINT('Control Point',(9427.569283499999,-2772.6849805,193.707835071));
#24266=CARTESIAN_POINT('Control Point',(9421.996065289999,-2772.00968971,193.478187399));
#24267=CARTESIAN_POINT('Control Point',(9416.423058869999,-2771.33303811,193.248137794));
#24268=CARTESIAN_POINT('Control Point',(9410.850273159998,-2770.6549938,193.01764479));
#24269=CARTESIAN_POINT('Control Point',(9437.774311149999,-2773.65036924,215.17723039));
#24270=CARTESIAN_POINT('Control Point',(9432.200964889998,-2772.97591801,214.947866291));
#24271=CARTESIAN_POINT('Control Point',(9426.627852849999,-2772.29997362,214.71806412));
#24272=CARTESIAN_POINT('Control Point',(9421.05493857,-2771.62278578,214.487839976));
#24273=CARTESIAN_POINT('Control Point',(9415.482227159999,-2770.94430123,214.257213311));
#24274=CARTESIAN_POINT('Control Point',(9409.909745199999,-2770.26435263,214.026156313));
#24275=CARTESIAN_POINT('Control Point',(9436.858303229999,-2773.10296485,236.137416395));
#24276=CARTESIAN_POINT('Control Point',(9431.285258389998,-2772.42663862,235.907488866));
#24277=CARTESIAN_POINT('Control Point',(9425.71242643,-2771.74892553,235.67717451));
#24278=CARTESIAN_POINT('Control Point',(9420.139801109999,-2771.06991803,235.446425721));
#24279=CARTESIAN_POINT('Control Point',(9414.5673959,-2770.38953487,235.215218381));
#24280=CARTESIAN_POINT('Control Point',(9408.99521091,-2769.70771752,234.983626664));
#24281=CARTESIAN_POINT('Control Point',(9436.336474729998,-2772.73005292,248.26100149));
#24282=CARTESIAN_POINT('Control Point',(9430.763580739998,-2772.05269938,248.030880525));
#24283=CARTESIAN_POINT('Control Point',(9425.190910089999,-2771.37392292,247.800333925));
#24284=CARTESIAN_POINT('Control Point',(9419.61846152,-2770.69385873,247.569207814));
#24285=CARTESIAN_POINT('Control Point',(9414.046230759999,-2770.01239132,247.337676282));
#24286=CARTESIAN_POINT('Control Point',(9408.474208719999,-2769.32954873,247.105789397));
#24287=CARTESIAN_POINT('Control Point',(9435.82331754,-2772.30135558,260.367961086));
#24288=CARTESIAN_POINT('Control Point',(9430.25059254,-2771.6230344,260.137438938));
#24289=CARTESIAN_POINT('Control Point',(9424.678078039999,-2770.94338898,259.906479914));
#24290=CARTESIAN_POINT('Control Point',(9419.1057984,-2770.26222574,259.675099563));
#24291=CARTESIAN_POINT('Control Point',(9413.53372933,-2769.57970712,259.443321197));
#24292=CARTESIAN_POINT('Control Point',(9407.96186799,-2768.89584362,259.211157248));
#24293=CARTESIAN_POINT('Control Point',(9435.318871039999,-2771.81732096,272.457451666));
#24294=CARTESIAN_POINT('Control Point',(9429.74630628,-2771.13797763,272.226665083));
#24295=CARTESIAN_POINT('Control Point',(9424.173955909999,-2770.45725263,271.995473824));
#24296=CARTESIAN_POINT('Control Point',(9418.601824759999,-2769.77512728,271.763861189));
#24297=CARTESIAN_POINT('Control Point',(9413.02991211,-2769.09163018,271.531798447));
#24298=CARTESIAN_POINT('Control Point',(9407.458213709999,-2768.40677998,271.299300201));
#24299=B_SPLINE_CURVE_WITH_KNOTS('',3,(#24300,#24301,#24302,#24303),.UNSPECIFIED.,.F.,.U.,(4,4),(0.,22.8075821172),.UNSPECIFIED.);
#24300=CARTESIAN_POINT('Control Point',(9423.192826519999,-2770.35512736,271.418419841));
#24301=CARTESIAN_POINT('Control Point',(9419.81798955,-2769.93601495,271.456640325));
#24302=CARTESIAN_POINT('Control Point',(9416.44339511,-2769.51626227,271.494917454));
#24303=CARTESIAN_POINT('Control Point',(9413.068943759999,-2769.09586665,271.533246037));
#24304=CARTESIAN_POINT('Vertex',(9423.192826229999,-2770.35512807,271.418411136));
#24305=VERTEX_POINT('',#24304);
#24306=EDGE_CURVE('',#24305,#23725,#24299,.T.);
#24307=B_SPLINE_CURVE_WITH_KNOTS('',5,(#24308,#24309,#24310,#24311,#24312,#24313,#24314,#24315,#24316,#24317,#24318,#24319,#24320,#24321,#24322),.UNSPECIFIED.,.F.,.U.,(6,3,3,3,6),(0.,7.28008161049,12.1550250317,22.0292406064,28.0416272132),.UNSPECIFIED.);
#24308=CARTESIAN_POINT('Control Point',(9435.89421459,-2772.34509609,258.492669167));
#24309=CARTESIAN_POINT('Control Point',(9435.894046619998,-2772.31262795,259.554849974));
#24310=CARTESIAN_POINT('Control Point',(9435.785944719999,-2772.26644146,260.617354681));
#24311=CARTESIAN_POINT('Control Point',(9435.56938438,-2772.20687465,261.6664378));
#24312=CARTESIAN_POINT('Control Point',(9435.031563269999,-2772.08664673,263.365584252));
#24313=CARTESIAN_POINT('Control Point',(9434.221237119998,-2771.93587055,264.936506759));
#24314=CARTESIAN_POINT('Control Point',(9433.855262329998,-2771.87101385,265.540920815));
#24315=CARTESIAN_POINT('Control Point',(9432.627815029999,-2771.66223683,267.286412001));
#24316=CARTESIAN_POINT('Control Point',(9431.069881039999,-2771.42094299,268.744894564));
#24317=CARTESIAN_POINT('Control Point',(9429.90701119,-2771.24945504,269.563955389));
#24318=CARTESIAN_POINT('Control Point',(9427.888593849999,-2770.96428245,270.605999274));
#24319=CARTESIAN_POINT('Control Point',(9425.717087479999,-2770.67578085,271.181060129));
#24320=CARTESIAN_POINT('Control Point',(9424.880161879999,-2770.56706217,271.329853309));
#24321=CARTESIAN_POINT('Control Point',(9424.03674614,-2770.45993159,271.408862339));
#24322=CARTESIAN_POINT('Control Point',(9423.192826519999,-2770.35512736,271.418419841));
#24323=CARTESIAN_POINT('Vertex',(9435.894219129999,-2772.34509031,258.492639467));
#24324=VERTEX_POINT('',#24323);
#24325=EDGE_CURVE('',#24324,#24305,#24307,.T.);
#24326=B_SPLINE_CURVE_WITH_KNOTS('',3,(#24327,#24328,#24329,#24330),.UNSPECIFIED.,.F.,.U.,(4,4),(0.,196.63328097),.UNSPECIFIED.);
#24327=CARTESIAN_POINT('Control Point',(9435.910764159999,-2773.86436828,157.663235276));
#24328=CARTESIAN_POINT('Control Point',(9435.904884689999,-2773.87208777,191.402901279));
#24329=CARTESIAN_POINT('Control Point',(9435.899514749999,-2773.36958162,224.97706479));
#24330=CARTESIAN_POINT('Control Point',(9435.89421459,-2772.34509699,258.49263967));
#24331=EDGE_CURVE('',#24209,#24324,#24326,.T.);
#24332=B_SPLINE_CURVE_WITH_KNOTS('',3,(#24333,#24334,#24335,#24336),.UNSPECIFIED.,.F.,.U.,(4,4),(0.,22.3557467657),.UNSPECIFIED.);
#24333=CARTESIAN_POINT('Control Point',(9413.080645499998,-2771.09041841,144.669286635));
#24334=CARTESIAN_POINT('Control Point',(9416.39017474,-2771.4897635,144.670190584));
#24335=CARTESIAN_POINT('Control Point',(9419.69978397,-2771.88858227,144.671076125));
#24336=CARTESIAN_POINT('Control Point',(9423.009486769999,-2772.28676314,144.671961416));
#24337=EDGE_CURVE('',#23741,#24207,#24332,.T.);
#24338=EDGE_LOOP('',(#24339,#24340,#24341,#24342,#24343,#24344));
#24339=ORIENTED_EDGE('',*,*,#24306,.F.);
#24340=ORIENTED_EDGE('',*,*,#24325,.F.);
#24341=ORIENTED_EDGE('',*,*,#24331,.F.);
#24342=ORIENTED_EDGE('',*,*,#24210,.F.);
#24343=ORIENTED_EDGE('',*,*,#24337,.F.);
#24344=ORIENTED_EDGE('',*,*,#23742,.T.);
#24345=FACE_OUTER_BOUND('',#24338,.T.);
#24346=ADVANCED_FACE('PartBody',(#24345),#24226,.F.);
#24347=B_SPLINE_SURFACE_WITH_KNOTS('',5,1,((#24348,#24349),(#24350,#24351),(#24352,#24353),(#24354,#24355),(#24356,#24357),(#24358,#24359)),.UNSPECIFIED.,.F.,.F.,.U.,(6,6),(2,2),(0.,170.88294608),(-3.41,1.77390367687E-013),.UNSPECIFIED.);
#24348=CARTESIAN_POINT('Control Point',(9435.91077386,-2773.86429883,157.663233161));
#24349=CARTESIAN_POINT('Control Point',(9435.503854709999,-2777.24993261,157.662403932));
#24350=CARTESIAN_POINT('Control Point',(9435.90725606,-2773.86883305,177.902103412));
#24351=CARTESIAN_POINT('Control Point',(9435.4984532,-2777.25424541,177.921623527));
#24352=CARTESIAN_POINT('Control Point',(9435.903884399999,-2773.72131337,198.090826309));
#24353=CARTESIAN_POINT('Control Point',(9435.493224509999,-2777.10635341,198.131098919));
#24354=CARTESIAN_POINT('Control Point',(9435.900650619998,-2773.41870287,218.242498979));
#24355=CARTESIAN_POINT('Control Point',(9435.488165889999,-2776.80320814,218.303733083));
#24356=CARTESIAN_POINT('Control Point',(9435.897397119999,-2772.96021652,238.371343938));
#24357=CARTESIAN_POINT('Control Point',(9435.483138039999,-2776.34402609,238.453623908));
#24358=CARTESIAN_POINT('Control Point',(9435.894219129999,-2772.34509031,258.492639467));
#24359=CARTESIAN_POINT('Control Point',(9435.478247989999,-2775.72804551,258.59599377));
#24360=B_SPLINE_CURVE_WITH_KNOTS('',1,(#24361,#24362),.UNSPECIFIED.,.F.,.U.,(2,2),(-3.41,1.77390367687E-013),.UNSPECIFIED.);
#24361=CARTESIAN_POINT('Control Point',(9435.894219129999,-2772.34509031,258.492639467));
#24362=CARTESIAN_POINT('Control Point',(9435.478247989999,-2775.72804551,258.59599377));
#24363=EDGE_CURVE('',#24324,#24120,#24360,.T.);
#24364=EDGE_LOOP('',(#24365,#24366,#24367,#24368));
#24365=ORIENTED_EDGE('',*,*,#24331,.T.);
#24366=ORIENTED_EDGE('',*,*,#24363,.T.);
#24367=ORIENTED_EDGE('',*,*,#24121,.F.);
#24368=ORIENTED_EDGE('',*,*,#24214,.F.);
#24369=FACE_OUTER_BOUND('',#24364,.T.);
#24370=ADVANCED_FACE('PartBody',(#24369),#24347,.T.);
#24371=B_SPLINE_SURFACE_WITH_KNOTS('',5,1,((#24372,#24373),(#24374,#24375),(#24376,#24377),(#24378,#24379),(#24380,#24381),(#24382,#24383),(#24384,#24385),(#24386,#24387),(#24388,#24389),(#24390,#24391),(#24392,#24393),(#24394,#24395),(#24396,#24397),(#24398,#24399),(#24400,#24401)),.UNSPECIFIED.,.F.,.F.,.U.,(6,3,3,3,6),(2,2),(0.,5.94289558355,11.8819647225,17.8277774344,19.8103837337),(-3.41,1.77390367687E-013),.UNSPECIFIED.);
#24372=CARTESIAN_POINT('Control Point',(9435.894219129999,-2772.34509031,258.492639467));
#24373=CARTESIAN_POINT('Control Point',(9435.478247989999,-2775.72804551,258.59599377));
#24374=CARTESIAN_POINT('Control Point',(9435.894025449999,-2772.30760297,259.718881889));
#24375=CARTESIAN_POINT('Control Point',(9435.477949979999,-2775.6905061,259.823520515));
#24376=CARTESIAN_POINT('Control Point',(9435.74998117,-2772.25183176,260.945556905));
#24377=CARTESIAN_POINT('Control Point',(9435.333783239999,-2775.63467958,261.051493349));
#24378=CARTESIAN_POINT('Control Point',(9435.461293119999,-2772.17823651,262.153498343));
#24379=CARTESIAN_POINT('Control Point',(9435.04495616,-2775.56102651,262.260726005));
#24380=CARTESIAN_POINT('Control Point',(9434.60168711,-2771.99821583,264.471967222));
#24381=CARTESIAN_POINT('Control Point',(9434.18504484,-2775.38088806,264.581700461));
#24382=CARTESIAN_POINT('Control Point',(9433.24502746,-2771.76425457,266.502525697));
#24383=CARTESIAN_POINT('Control Point',(9432.8280416,-2775.14681053,266.614506982));
#24384=CARTESIAN_POINT('Control Point',(9432.449924709999,-2771.63521647,267.433055751));
#24385=CARTESIAN_POINT('Control Point',(9432.032759469999,-2775.01771548,267.546082556));
#24386=CARTESIAN_POINT('Control Point',(9430.667073299999,-2771.35985125,269.07877229));
#24387=CARTESIAN_POINT('Control Point',(9430.249543049998,-2774.74224185,269.193681394));
#24388=CARTESIAN_POINT('Control Point',(9428.576048859999,-2771.06116837,270.257242248));
#24389=CARTESIAN_POINT('Control Point',(9428.15815381,-2774.44346523,270.373571105));
#24390=CARTESIAN_POINT('Control Point',(9427.468715969999,-2770.90830878,270.720509777));
#24391=CARTESIAN_POINT('Control Point',(9427.05064123,-2774.29056327,270.837421948));
#24392=CARTESIAN_POINT('Control Point',(9425.93681417,-2770.70360555,271.160769088));
#24393=CARTESIAN_POINT('Control Point',(9425.51850762,-2774.08581066,271.278278028));
#24394=CARTESIAN_POINT('Control Point',(9424.37408134,-2770.5033185,271.35961417));
#24395=CARTESIAN_POINT('Control Point',(9423.955559239999,-2773.88548487,271.477469812));
#24396=CARTESIAN_POINT('Control Point',(9423.979825609998,-2770.45331204,271.394500243));
#24397=CARTESIAN_POINT('Control Point',(9423.5612504,-2773.83546934,271.512427355));
#24398=CARTESIAN_POINT('Control Point',(9423.5863799,-2770.4039321,271.414061134));
#24399=CARTESIAN_POINT('Control Point',(9423.167752959998,-2773.78608106,271.532043603));
#24400=CARTESIAN_POINT('Control Point',(9423.192824649999,-2770.35505813,271.418517781));
#24401=CARTESIAN_POINT('Control Point',(9422.774147249998,-2773.73719947,271.536539808));
#24402=B_SPLINE_CURVE_WITH_KNOTS('',1,(#24403,#24404),.UNSPECIFIED.,.F.,.U.,(2,2),(-3.40993451548,7.38780570915E-015),.UNSPECIFIED.);
#24403=CARTESIAN_POINT('Control Point',(9423.192816609999,-2770.35512308,271.418520048));
#24404=CARTESIAN_POINT('Control Point',(9422.774147249998,-2773.73719947,271.536539808));
#24405=EDGE_CURVE('',#24305,#24139,#24402,.T.);
#24406=EDGE_LOOP('',(#24407,#24408,#24409,#24410));
#24407=ORIENTED_EDGE('',*,*,#24325,.T.);
#24408=ORIENTED_EDGE('',*,*,#24405,.T.);
#24409=ORIENTED_EDGE('',*,*,#24140,.F.);
#24410=ORIENTED_EDGE('',*,*,#24363,.F.);
#24411=FACE_OUTER_BOUND('',#24406,.T.);
#24412=ADVANCED_FACE('PartBody',(#24411),#24371,.T.);
#24413=B_SPLINE_SURFACE_WITH_KNOTS('',5,5,((#24414,#24415,#24416,#24417,#24418,#24419),(#24420,#24421,#24422,#24423,#24424,#24425),(#24426,#24427,#24428,#24429,#24430,#24431),(#24432,#24433,#24434,#24435,#24436,#24437),(#24438,#24439,#24440,#24441,#24442,#24443),(#24444,#24445,#24446,#24447,#24448,#24449),(#24450,#24451,#24452,#24453,#24454,#24455),(#24456,#24457,#24458,#24459,#24460,#24461),(#24462,#24463,#24464,#24465,#24466,#24467),(#24468,#24469,#24470,#24471,#24472,#24473),(#24474,#24475,#24476,#24477,#24478,#24479),(#24480,#24481,#24482,#24483,#24484,#24485)),.UNSPECIFIED.,.F.,.F.,.U.,(6,3,3,6),(6,6),(0.,3.55716130489,10.6714839147,20.3994042788),(-3.41000002487,2.99239656666E-008),.UNSPECIFIED.);
#24414=CARTESIAN_POINT('Control Point',(9413.06894492,-2769.09586442,271.533311113));
#24415=CARTESIAN_POINT('Control Point',(9412.98494144,-2769.77226327,271.556927493));
#24416=CARTESIAN_POINT('Control Point',(9412.90094591,-2770.44863799,271.580839621));
#24417=CARTESIAN_POINT('Control Point',(9412.81696457,-2771.12497755,271.60486554));
#24418=CARTESIAN_POINT('Control Point',(9412.732948649998,-2771.80141152,271.628539859));
#24419=CARTESIAN_POINT('Control Point',(9412.648961229999,-2772.47776645,271.652373506));
#24420=CARTESIAN_POINT('Control Point',(9413.42198091,-2769.13989181,271.528014023));
#24421=CARTESIAN_POINT('Control Point',(9413.337968829999,-2769.81628782,271.550373217));
#24422=CARTESIAN_POINT('Control Point',(9413.25404751,-2770.49256198,271.577784134));
#24423=CARTESIAN_POINT('Control Point',(9413.170022339998,-2771.16898905,271.599295856));
#24424=CARTESIAN_POINT('Control Point',(9413.08605102,-2771.84535605,271.624613815));
#24425=CARTESIAN_POINT('Control Point',(9413.002059499999,-2772.52175097,271.648314074));
#24426=CARTESIAN_POINT('Control Point',(9413.77504714,-2769.18385576,271.52441857));
#24427=CARTESIAN_POINT('Control Point',(9413.691070449999,-2769.86019219,271.547902985));
#24428=CARTESIAN_POINT('Control Point',(9413.607077319999,-2770.53660019,271.571212821));
#24429=CARTESIAN_POINT('Control Point',(9413.52313903,-2771.21290568,271.596903204));
#24430=CARTESIAN_POINT('Control Point',(9413.439138289999,-2771.88932867,271.619997132));
#24431=CARTESIAN_POINT('Control Point',(9413.355160089999,-2772.56573018,271.644330516));
#24432=CARTESIAN_POINT('Control Point',(9414.12808275,-2769.2278658,271.51928088));
#24433=CARTESIAN_POINT('Control Point',(9414.044133829999,-2769.90416214,271.543513158));
#24434=CARTESIAN_POINT('Control Point',(9413.960170779999,-2770.58053586,271.567990793));
#24435=CARTESIAN_POINT('Control Point',(9413.876204029999,-2771.25690685,271.591872703));
#24436=CARTESIAN_POINT('Control Point',(9413.792240069999,-2771.93328015,271.616215175));
#24437=CARTESIAN_POINT('Control Point',(9413.708260359999,-2772.60970735,271.640274219));
#24438=CARTESIAN_POINT('Control Point',(9415.187238389999,-2769.35979106,271.50641787));
#24439=CARTESIAN_POINT('Control Point',(9415.10332823,-2770.03606563,271.530869315));
#24440=CARTESIAN_POINT('Control Point',(9415.019390059999,-2770.71244086,271.555280002));
#24441=CARTESIAN_POINT('Control Point',(9414.93545768,-2771.38880923,271.579825791));
#24442=CARTESIAN_POINT('Control Point',(9414.851521909999,-2772.06517809,271.603833979));
#24443=CARTESIAN_POINT('Control Point',(9414.76756561,-2772.74162179,271.628161021));
#24444=CARTESIAN_POINT('Control Point',(9416.246403859999,-2769.49165234,271.49394598));
#24445=CARTESIAN_POINT('Control Point',(9416.162526829999,-2770.16795193,271.518998451));
#24446=CARTESIAN_POINT('Control Point',(9416.07862565,-2770.84429995,271.54342827));
#24447=CARTESIAN_POINT('Control Point',(9415.99470908,-2771.52069939,271.567443826));
#24448=CARTESIAN_POINT('Control Point',(9415.910806009999,-2772.19706858,271.591834691));
#24449=CARTESIAN_POINT('Control Point',(9415.82688232,-2772.87349205,271.616020895));
#24450=CARTESIAN_POINT('Control Point',(9416.95253135,-2769.57951944,271.48612475));
#24451=CARTESIAN_POINT('Control Point',(9416.86865823,-2770.25585987,271.510764402));
#24452=CARTESIAN_POINT('Control Point',(9416.784780619999,-2770.93220518,271.535134761));
#24453=CARTESIAN_POINT('Control Point',(9416.70088993,-2771.60858612,271.559463132));
#24454=CARTESIAN_POINT('Control Point',(9416.616994799999,-2772.28498714,271.58363643));
#24455=CARTESIAN_POINT('Control Point',(9416.533100209999,-2772.961381,271.607939805));
#24456=CARTESIAN_POINT('Control Point',(9418.624218659999,-2769.78747789,271.467677611));
#24457=CARTESIAN_POINT('Control Point',(9418.540376269999,-2770.46387333,271.492241955));
#24458=CARTESIAN_POINT('Control Point',(9418.456553549999,-2771.14018448,271.516397196));
#24459=CARTESIAN_POINT('Control Point',(9418.372702049999,-2771.81659284,271.540441537));
#24460=CARTESIAN_POINT('Control Point',(9418.288840129999,-2772.49301731,271.564647748));
#24461=CARTESIAN_POINT('Control Point',(9418.204999289999,-2773.16938884,271.588814833));
#24462=CARTESIAN_POINT('Control Point',(9420.295976779998,-2769.99527653,271.4500524));
#24463=CARTESIAN_POINT('Control Point',(9420.21217601,-2770.67164409,271.473541621));
#24464=CARTESIAN_POINT('Control Point',(9420.128382699999,-2771.34802703,271.497592047));
#24465=CARTESIAN_POINT('Control Point',(9420.04457794,-2772.02440709,271.521634166));
#24466=CARTESIAN_POINT('Control Point',(9419.960759969999,-2772.70083874,271.545596751));
#24467=CARTESIAN_POINT('Control Point',(9419.876946639999,-2773.37725586,271.56969032));
#24468=CARTESIAN_POINT('Control Point',(9421.26158452,-2770.11525682,271.439792289));
#24469=CARTESIAN_POINT('Control Point',(9421.177833899999,-2770.79158346,271.463828089));
#24470=CARTESIAN_POINT('Control Point',(9421.094052929999,-2771.46794908,271.487600405));
#24471=CARTESIAN_POINT('Control Point',(9421.010261399999,-2772.14440255,271.511207356));
#24472=CARTESIAN_POINT('Control Point',(9420.926481009999,-2772.82077541,271.534973163));
#24473=CARTESIAN_POINT('Control Point',(9420.84266556,-2773.49727451,271.558641324));
#24474=CARTESIAN_POINT('Control Point',(9422.22720836,-2770.23519594,271.429497178));
#24475=CARTESIAN_POINT('Control Point',(9422.143497139999,-2770.91145808,271.453045355));
#24476=CARTESIAN_POINT('Control Point',(9422.059713959999,-2771.58794642,271.476666387));
#24477=CARTESIAN_POINT('Control Point',(9421.97594986,-2772.26434543,271.500317177));
#24478=CARTESIAN_POINT('Control Point',(9421.89221045,-2772.94071798,271.523972217));
#24479=CARTESIAN_POINT('Control Point',(9421.808400139998,-2773.61725222,271.547546912));
#24480=CARTESIAN_POINT('Control Point',(9423.19282624,-2770.35512805,271.418411135));
#24481=CARTESIAN_POINT('Control Point',(9423.10908294,-2771.03156921,271.442084287));
#24482=CARTESIAN_POINT('Control Point',(9423.02535595,-2771.70794964,271.465733417));
#24483=CARTESIAN_POINT('Control Point',(9422.941621709999,-2772.38436828,271.489329867));
#24484=CARTESIAN_POINT('Control Point',(9422.85786767,-2773.06082589,271.512928669));
#24485=CARTESIAN_POINT('Control Point',(9422.774144949999,-2773.73720682,271.536543305));
#24486=EDGE_LOOP('',(#24487,#24488,#24489,#24490));
#24487=ORIENTED_EDGE('',*,*,#24306,.T.);
#24488=ORIENTED_EDGE('',*,*,#23822,.T.);
#24489=ORIENTED_EDGE('',*,*,#24146,.F.);
#24490=ORIENTED_EDGE('',*,*,#24405,.F.);
#24491=FACE_OUTER_BOUND('',#24486,.T.);
#24492=ADVANCED_FACE('PartBody',(#24491),#24413,.F.);
#24493=B_SPLINE_SURFACE_WITH_KNOTS('',5,1,((#24494,#24495),(#24496,#24497),(#24498,#24499),(#24500,#24501),(#24502,#24503),(#24504,#24505)),.UNSPECIFIED.,.F.,.F.,.U.,(6,6),(2,2),(0.,19.995271056),(-3.41000000076,8.81963999866E-015),.UNSPECIFIED.);
#24494=CARTESIAN_POINT('Control Point',(9413.08062413,-2771.09059751,144.669254815));
#24495=CARTESIAN_POINT('Control Point',(9412.672032209999,-2774.47600987,144.65760114));
#24496=CARTESIAN_POINT('Control Point',(9415.066336009999,-2771.33025872,144.669786003));
#24497=CARTESIAN_POINT('Control Point',(9414.65799498,-2774.71570071,144.657944574));
#24498=CARTESIAN_POINT('Control Point',(9417.052074559999,-2771.56973661,144.670316769));
#24499=CARTESIAN_POINT('Control Point',(9416.643984439999,-2774.9552082,144.658287653));
#24500=CARTESIAN_POINT('Control Point',(9419.037839799999,-2771.80903117,144.670847113));
#24501=CARTESIAN_POINT('Control Point',(9418.630000589999,-2775.19453233,144.658630375));
#24502=CARTESIAN_POINT('Control Point',(9421.023631729999,-2772.04814241,144.671377035));
#24503=CARTESIAN_POINT('Control Point',(9420.616043439999,-2775.43367309,144.658972741));
#24504=CARTESIAN_POINT('Control Point',(9423.009450359999,-2772.28707032,144.671906535));
#24505=CARTESIAN_POINT('Control Point',(9422.60211299,-2775.67263049,144.65931475));
#24506=EDGE_LOOP('',(#24507,#24508,#24509,#24510));
#24507=ORIENTED_EDGE('',*,*,#24337,.T.);
#24508=ORIENTED_EDGE('',*,*,#24218,.T.);
#24509=ORIENTED_EDGE('',*,*,#24091,.F.);
#24510=ORIENTED_EDGE('',*,*,#23955,.F.);
#24511=FACE_OUTER_BOUND('',#24506,.T.);
#24512=ADVANCED_FACE('PartBody',(#24511),#24493,.T.);
#24513=ADVANCED_BREP_SHAPE_REPRESENTATION('NONE',(#23243),#22251);

#24514=APPLICATION_CONTEXT('automotive_design');
#24515=APPLICATION_PROTOCOL_DEFINITION('international standard','automotive_design',2010,#24514);
#24516=PRODUCT_CONTEXT('',#24514,'mechanical');
#24517=PRODUCT_DEFINITION_CONTEXT('part definition',#24514,'design');
#24518=PRODUCT('part_006_V5311429820400','part_006_V5311429820400','',(#24516));
#24519=PRODUCT_DEFINITION_FORMATION('','',#24518);
#24520=PRODUCT_DEFINITION('design','',#24519,#24517);
#24521=PRODUCT_DEFINITION_SHAPE('','',#24520);
#24522=SHAPE_DEFINITION_REPRESENTATION(#24521,#24513);
ENDSEC;
END-ISO-10303-21;
