ISO-10303-21;
HEADER;
FILE_DESCRIPTION(('CATIA V5 STEP Exchange','CAx-IF Rec.Pracs.--- Model Styling and Organization---1.4--- 2014-01-23'),'2;1');

FILE_NAME('C:\\Users\\SA516207\\WORK\\01_ASSY\\3_Catia\\ECHELLE\\ECHELLE.stp','2026-09-22T12:18:05+00:00',('none'),('none'),'CATIA Version 5-6 Release 2017 SP2 HF26','CATIA V5 STEP AP203 WITH EXTENSIONS','none');

FILE_SCHEMA(('CONFIG_CONTROL_DESIGN','SHAPE_APPEARANCE_LAYER_MIM'));

ENDSEC;
DATA;
#46=(LENGTH_UNIT()NAMED_UNIT(*)SI_UNIT(.MILLI.,.METRE.));
#47=(NAMED_UNIT(*)PLANE_ANGLE_UNIT()SI_UNIT($,.RADIAN.));
#48=(NAMED_UNIT(*)SI_UNIT($,.STERADIAN.)SOLID_ANGLE_UNIT());
#160429=UNCERTAINTY_MEASURE_WITH_UNIT(LENGTH_MEASURE(0.005),#46,'distance_accuracy_value','CONFUSED CURVE UNCERTAINTY');
#160430=(GEOMETRIC_REPRESENTATION_CONTEXT(3)GLOBAL_UNCERTAINTY_ASSIGNED_CONTEXT((#160429))GLOBAL_UNIT_ASSIGNED_CONTEXT((#46,#47,#48))REPRESENTATION_CONTEXT(' ',' '));
#160754=MANIFOLD_SOLID_BREP('PartBody',#160764);
#160764=CLOSED_SHELL('Closed Shell',(#160804,#160873,#160966,#161014,#161075,#161113,#161147,#161178,#161271,#161288,#161321,#161345,#161380,#161404,#161428,#161459,#161490,#161520,#161563,#161603,#161640,#161666,#161690,#161725,#161742,#161779,#161819,#161843,#161882,#161898,#161960,#161987,#162018,#162128,#162190,#162236,#162260,#162312,#162330,#162385,#162410,#162422,#162449,#162470,#162512,#162530,#162585,#162616,#162633,#162651,#162671,#162710,#162747,#162774,#162813,#162850,#162906,#162928,#162940,#162953,#162966));
#160765=CARTESIAN_POINT('Axis2P3D Location',(8933.97553249,-2238.85062099,1783.93525742));
#160766=DIRECTION('Axis2P3D Direction',(0.9835147105149434,-0.1808281344279896,0));
#160767=DIRECTION('Axis2P3D XDirection',(-0.08975662521645084,-0.4881815628187326,-0.8681143415205245));
#160768=AXIS2_PLACEMENT_3D('Cylinder Axis2P3D',#160765,#160766,#160767);
#160769=CYLINDRICAL_SURFACE('generated cylinder',#160768,50.);
#160770=CARTESIAN_POINT('Axis2P3D Location',(8887.7503411,-2230.35169868,1783.93525742));
#160771=DIRECTION('Axis2P3D Direction',(0.9835147105149434,-0.1808281344279896,0));
#160772=AXIS2_PLACEMENT_3D('Circle Axis2P3D',#160770,#160771,$);
#160773=CIRCLE('generated circle',#160772,50.);
#160774=CARTESIAN_POINT('Vertex',(8883.26250984,-2254.76077682,1740.52954034));
#160775=VERTEX_POINT('',#160774);
#160776=CARTESIAN_POINT('Vertex',(8884.645787150001,-2247.23720426,1736.97525906));
#160777=VERTEX_POINT('',#160776);
#160778=EDGE_CURVE('',#160775,#160777,#160773,.T.);
#160779=CARTESIAN_POINT('Line Origine',(8930.87097855,-2255.73612658,1736.97525906));
#160780=DIRECTION('Vector Direction',(0.9835147105149434,-0.1808281344279896,0));
#160781=VECTOR('Line Direction',#160780,1.);
#160782=LINE('Line',#160779,#160781);
#160783=CARTESIAN_POINT('Vertex',(8876.777669470001,-2245.79057919,1736.97525906));
#160784=VERTEX_POINT('',#160783);
#160785=EDGE_CURVE('',#160784,#160777,#160782,.T.);
#160786=CARTESIAN_POINT('Axis2P3D Location',(8879.882223410001,-2228.9050736,1783.93525742));
#160787=DIRECTION('Axis2P3D Direction',(0.9835147105149434,-0.1808281344279896,0));
#160788=AXIS2_PLACEMENT_3D('Circle Axis2P3D',#160786,#160787,$);
#160789=CIRCLE('generated circle',#160788,50.);
#160790=CARTESIAN_POINT('Vertex',(8875.394392149999,-2253.31415174,1740.52954034));
#160791=VERTEX_POINT('',#160790);
#160792=EDGE_CURVE('',#160791,#160784,#160789,.T.);
#160793=CARTESIAN_POINT('Line Origine',(8929.48770123,-2263.25969914,1740.52954034));
#160794=DIRECTION('Vector Direction',(0.9835147105149434,-0.1808281344279896,0));
#160795=VECTOR('Line Direction',#160794,1.);
#160796=LINE('Line',#160793,#160795);
#160797=EDGE_CURVE('',#160791,#160775,#160796,.T.);
#160798=EDGE_LOOP('',(#160799,#160800,#160801,#160802));
#160799=ORIENTED_EDGE('',*,*,#160778,.T.);
#160800=ORIENTED_EDGE('',*,*,#160785,.F.);
#160801=ORIENTED_EDGE('',*,*,#160792,.F.);
#160802=ORIENTED_EDGE('',*,*,#160797,.T.);
#160803=FACE_OUTER_BOUND('',#160798,.T.);
#160804=ADVANCED_FACE('PartBody',(#160803),#160769,.F.);
#160805=CARTESIAN_POINT('Axis2P3D Location',(8985.92497548,-1652.14412357,0));
#160806=DIRECTION('Axis2P3D Direction',(0.9835147105149434,-0.1808281344279896,0));
#160807=DIRECTION('Axis2P3D XDirection',(0.1808281344279896,0.9835147105149434,0));
#160808=AXIS2_PLACEMENT_3D('Plane Axis2P3D',#160805,#160806,#160807);
#160809=PLANE('',#160808);
#160810=CARTESIAN_POINT('Line Origine',(8896.58854214,-2138.04028491,1660.72029558));
#160811=DIRECTION('Vector Direction',(-0.06209061019518868,-0.3377075625149384,-0.9392009147918288));
#160812=VECTOR('Line Direction',#160811,1.);
#160813=LINE('Line',#160810,#160812);
#160814=CARTESIAN_POINT('Vertex',(8898.69963635,-2126.55815456,1692.65333033));
#160815=VERTEX_POINT('',#160814);
#160816=CARTESIAN_POINT('Vertex',(8894.477447929999,-2149.52241526,1628.78726083));
#160817=VERTEX_POINT('',#160816);
#160818=EDGE_CURVE('',#160815,#160817,#160813,.T.);
#160819=CARTESIAN_POINT('Line Origine',(8882.50209616,-2214.65572357,1652.99907954));
#160820=DIRECTION('Vector Direction',(0.169833777924068,0.9237169838563698,-0.3433706766911375));
#160821=VECTOR('Line Direction',#160820,1.);
#160822=LINE('Line',#160819,#160821);
#160823=CARTESIAN_POINT('Vertex',(8870.52674438,-2279.78903189,1677.21089825));
#160824=VERTEX_POINT('',#160823);
#160825=EDGE_CURVE('',#160824,#160817,#160822,.T.);
#160826=CARTESIAN_POINT('Axis2P3D Location',(8873.631298329999,-2262.9035263,1724.17089661));
#160827=DIRECTION('Axis2P3D Direction',(0.9835147105149434,-0.1808281344279896,0));
#160828=AXIS2_PLACEMENT_3D('Circle Axis2P3D',#160826,#160827,$);
#160829=CIRCLE('generated circle',#160828,50.0000000001);
#160830=CARTESIAN_POINT('Vertex',(8869.32241345,-2286.3393245,1680.2141352));
#160831=VERTEX_POINT('',#160830);
#160832=EDGE_CURVE('',#160831,#160824,#160829,.T.);
#160833=CARTESIAN_POINT('Line Origine',(8869.106618780001,-2287.51302033,1680.86105121));
#160834=DIRECTION('Vector Direction',(-0.1589723832310601,-0.864642429494327,0.4765723979501802));
#160835=VECTOR('Line Direction',#160834,1.);
#160836=LINE('Line',#160833,#160835);
#160837=CARTESIAN_POINT('Vertex',(8868.890824120001,-2288.68671616,1681.50796723));
#160838=VERTEX_POINT('',#160837);
#160839=EDGE_CURVE('',#160831,#160838,#160836,.T.);
#160840=B_SPLINE_CURVE_WITH_KNOTS('',5,(#160841,#160842,#160843,#160844,#160845,#160846,#160847,#160848,#160849),.UNSPECIFIED.,.F.,.U.,(6,3,6),(51.8067505541,128.518418139,171.668681608),.UNSPECIFIED.);
#160841=CARTESIAN_POINT('Control Point',(8874.969118090001,-2255.62719502,1741.87424368));
#160842=CARTESIAN_POINT('Control Point',(8874.17528068,-2259.94483491,1734.19656979));
#160843=CARTESIAN_POINT('Control Point',(8873.386500299999,-2264.23496992,1726.50289288));
#160844=CARTESIAN_POINT('Control Point',(8872.602780249999,-2268.49758203,1718.79338613));
#160845=CARTESIAN_POINT('Control Point',(8871.386144120001,-2275.11480194,1706.72295113));
#160846=CARTESIAN_POINT('Control Point',(8870.181857789999,-2281.66485192,1694.61449357));
#160847=CARTESIAN_POINT('Control Point',(8869.749913600001,-2284.01417363,1690.25052932));
#160848=CARTESIAN_POINT('Control Point',(8869.319568540001,-2286.3547978,1685.8816735));
#160849=CARTESIAN_POINT('Control Point',(8868.890824120001,-2288.68671616,1681.50796723));
#160850=CARTESIAN_POINT('Vertex',(8874.969118090001,-2255.62719502,1741.87424368));
#160851=VERTEX_POINT('',#160850);
#160852=EDGE_CURVE('',#160838,#160851,#160840,.F.);
#160853=CARTESIAN_POINT('Line Origine',(8875.18175512,-2254.47067338,1741.20189201));
#160854=DIRECTION('Vector Direction',(-0.1569794968480289,-0.8538032252941572,0.4963642715250914));
#160855=VECTOR('Line Direction',#160854,1.);
#160856=LINE('Line',#160853,#160855);
#160857=EDGE_CURVE('',#160791,#160851,#160856,.T.);
#160858=CARTESIAN_POINT('Line Origine',(8887.73865291,-2186.17436687,1714.81429469));
#160859=DIRECTION('Vector Direction',(-0.169833777924068,-0.9237169838563698,0.3433706766911375));
#160860=VECTOR('Line Direction',#160859,1.);
#160861=LINE('Line',#160858,#160860);
#160862=EDGE_CURVE('',#160815,#160784,#160861,.T.);
#160863=EDGE_LOOP('',(#160864,#160865,#160866,#160867,#160868,#160869,#160870,#160871));
#160864=ORIENTED_EDGE('',*,*,#160818,.T.);
#160865=ORIENTED_EDGE('',*,*,#160825,.F.);
#160866=ORIENTED_EDGE('',*,*,#160832,.F.);
#160867=ORIENTED_EDGE('',*,*,#160839,.T.);
#160868=ORIENTED_EDGE('',*,*,#160852,.T.);
#160869=ORIENTED_EDGE('',*,*,#160857,.F.);
#160870=ORIENTED_EDGE('',*,*,#160792,.T.);
#160871=ORIENTED_EDGE('',*,*,#160862,.F.);
#160872=FACE_OUTER_BOUND('',#160863,.T.);
#160873=ADVANCED_FACE('PartBody',(#160872),#160809,.F.);
#160874=CARTESIAN_POINT('Axis2P3D Location',(8903.72648935,-2099.21736554,1682.4900169));
#160875=DIRECTION('Axis2P3D Direction',(0.06209107888340992,0.3377101116850539,0.93919996720015));
#160876=DIRECTION('Axis2P3D XDirection',(-0.169833777924068,-0.9237169838563698,0.3433706766911375));
#160877=AXIS2_PLACEMENT_3D('Plane Axis2P3D',#160874,#160875,#160876);
#160878=PLANE('',#160877);
#160879=CARTESIAN_POINT('Line Origine',(8912.639862399999,-2125.23331032,1691.2553565));
#160880=DIRECTION('Vector Direction',(-0.9463402611035054,0.3189415063088333,-0.05211934159217275));
#160881=VECTOR('Line Direction',#160880,1.);
#160882=LINE('Line',#160879,#160881);
#160883=CARTESIAN_POINT('Vertex',(8920.44125018,-2127.86258276,1691.68501506));
#160884=VERTEX_POINT('',#160883);
#160885=CARTESIAN_POINT('Vertex',(8904.838474620001,-2122.60403787,1690.82569794));
#160886=VERTEX_POINT('',#160885);
#160887=EDGE_CURVE('',#160884,#160886,#160882,.T.);
#160888=CARTESIAN_POINT('Line Origine',(8901.769055479999,-2124.58109621,1691.73951413));
#160889=DIRECTION('Vector Direction',(0.8155405372452175,0.5253017431001401,-0.2427997339490648));
#160890=VECTOR('Line Direction',#160889,1.);
#160891=LINE('Line',#160888,#160890);
#160892=EDGE_CURVE('',#160815,#160886,#160891,.T.);
#160893=CARTESIAN_POINT('Line Origine',(8885.83291994,-2240.78045148,1734.57510879));
#160894=DIRECTION('Vector Direction',(-0.1698337779230968,-0.9237169838565265,0.3433706766911958));
#160895=VECTOR('Line Direction',#160894,1.);
#160896=LINE('Line',#160893,#160895);
#160897=CARTESIAN_POINT('Vertex',(8887.02005273,-2234.3236987,1732.17495852));
#160898=VERTEX_POINT('',#160897);
#160899=EDGE_CURVE('',#160898,#160777,#160896,.T.);
#160900=B_SPLINE_CURVE_WITH_KNOTS('',5,(#160901,#160902,#160903,#160904,#160905,#160906,#160907,#160908,#160909,#160910,#160911,#160912),.UNSPECIFIED.,.F.,.U.,(6,3,3,6),(11.3420270225,12.0518244797,18.080884431,19.9928050328),.UNSPECIFIED.);
#160901=CARTESIAN_POINT('Control Point',(8889.947807,-2229.46002304,1730.2325608));
#160902=CARTESIAN_POINT('Control Point',(8889.872494130001,-2229.52073215,1730.25936908));
#160903=CARTESIAN_POINT('Control Point',(8889.79810253,-2229.58245058,1730.28647938));
#160904=CARTESIAN_POINT('Control Point',(8889.72465172,-2229.6451626,1730.31388475));
#160905=CARTESIAN_POINT('Control Point',(8889.036417769999,-2230.24983321,1730.576807));
#160906=CARTESIAN_POINT('Control Point',(8888.43636005,-2230.94109012,1730.86503388));
#160907=CARTESIAN_POINT('Control Point',(8887.981434699999,-2231.61861685,1731.13872899));
#160908=CARTESIAN_POINT('Control Point',(8887.501619070001,-2232.57174046,1731.51316655));
#160909=CARTESIAN_POINT('Control Point',(8887.187688460001,-2233.58039519,1731.89660481));
#160910=CARTESIAN_POINT('Control Point',(8887.121880819999,-2233.82601384,1731.989273));
#160911=CARTESIAN_POINT('Control Point',(8887.06597347,-2234.07393819,1732.08211575));
#160912=CARTESIAN_POINT('Control Point',(8887.02005273,-2234.3236987,1732.17495852));
#160913=CARTESIAN_POINT('Vertex',(8889.94780708,-2229.46002263,1730.23256064));
#160914=VERTEX_POINT('',#160913);
#160915=EDGE_CURVE('',#160914,#160898,#160900,.T.);
#160916=CARTESIAN_POINT('Line Origine',(8898.312144379999,-2183.96683202,1713.32150681));
#160917=DIRECTION('Vector Direction',(-0.169833777924068,-0.9237169838563698,0.3433706766911375));
#160918=VECTOR('Line Direction',#160917,1.);
#160919=LINE('Line',#160916,#160918);
#160920=CARTESIAN_POINT('Vertex',(8906.676481689999,-2138.47364141,1696.41045297));
#160921=VERTEX_POINT('',#160920);
#160922=EDGE_CURVE('',#160921,#160914,#160919,.T.);
#160923=B_SPLINE_CURVE_WITH_KNOTS('',5,(#160924,#160925,#160926,#160927,#160928,#160929,#160930,#160931,#160932,#160933,#160934,#160935,#160936,#160937,#160938),.UNSPECIFIED.,.F.,.U.,(6,3,3,3,6),(0.,6.94695372264,13.8954639585,20.8439742318,21.9319094864),.UNSPECIFIED.);
#160924=CARTESIAN_POINT('Control Point',(8918.38247382,-2132.13099526,1693.35592409));
#160925=CARTESIAN_POINT('Control Point',(8917.452744079999,-2131.81765194,1693.30471957));
#160926=CARTESIAN_POINT('Control Point',(8916.480498839999,-2131.62302431,1693.29901263));
#160927=CARTESIAN_POINT('Control Point',(8915.48873596,-2131.55492002,1693.34009027));
#160928=CARTESIAN_POINT('Control Point',(8913.51669395,-2131.67525749,1693.51373316));
#160929=CARTESIAN_POINT('Control Point',(8911.66274991,-2132.29035355,1693.85746991));
#160930=CARTESIAN_POINT('Control Point',(8910.78890972,-2132.71715249,1694.06870501));
#160931=CARTESIAN_POINT('Control Point',(8909.192429049999,-2133.78733897,1694.55905852));
#160932=CARTESIAN_POINT('Control Point',(8907.96805695,-2135.22834326,1695.15814745));
#160933=CARTESIAN_POINT('Control Point',(8907.466403550001,-2136.02604097,1695.47814191));
#160934=CARTESIAN_POINT('Control Point',(8907.028894159999,-2137.01430618,1695.86241852));
#160935=CARTESIAN_POINT('Control Point',(8906.764582809999,-2138.04904277,1696.25195472));
#160936=CARTESIAN_POINT('Control Point',(8906.7319756,-2138.18999479,1696.30479282));
#160937=CARTESIAN_POINT('Control Point',(8906.702611860001,-2138.33152083,1696.35762289));
#160938=CARTESIAN_POINT('Control Point',(8906.676481689999,-2138.47364141,1696.41045297));
#160939=CARTESIAN_POINT('Vertex',(8918.38247382,-2132.13099526,1693.35592409));
#160940=VERTEX_POINT('',#160939);
#160941=EDGE_CURVE('',#160940,#160921,#160923,.T.);
#160942=CARTESIAN_POINT('Line Origine',(8918.61897053,-2132.21070086,1693.36894906));
#160943=DIRECTION('Vector Direction',(0.9463402611037924,-0.3189415063079301,0.05211934159248856));
#160944=VECTOR('Line Direction',#160943,1.);
#160945=LINE('Line',#160942,#160944);
#160946=CARTESIAN_POINT('Vertex',(8918.855467249999,-2132.29040646,1693.38197403));
#160947=VERTEX_POINT('',#160946);
#160948=EDGE_CURVE('',#160940,#160947,#160945,.T.);
#160949=CARTESIAN_POINT('Line Origine',(8919.64835872,-2130.07649461,1692.53349455));
#160950=DIRECTION('Vector Direction',(0.3171565865121096,0.8855647404973059,-0.3393917942731172));
#160951=VECTOR('Line Direction',#160950,1.);
#160952=LINE('Line',#160949,#160951);
#160953=EDGE_CURVE('',#160947,#160884,#160952,.T.);
#160954=EDGE_LOOP('',(#160955,#160956,#160957,#160958,#160959,#160960,#160961,#160962,#160963,#160964));
#160955=ORIENTED_EDGE('',*,*,#160887,.T.);
#160956=ORIENTED_EDGE('',*,*,#160892,.F.);
#160957=ORIENTED_EDGE('',*,*,#160862,.T.);
#160958=ORIENTED_EDGE('',*,*,#160785,.T.);
#160959=ORIENTED_EDGE('',*,*,#160899,.F.);
#160960=ORIENTED_EDGE('',*,*,#160915,.F.);
#160961=ORIENTED_EDGE('',*,*,#160922,.F.);
#160962=ORIENTED_EDGE('',*,*,#160941,.F.);
#160963=ORIENTED_EDGE('',*,*,#160948,.T.);
#160964=ORIENTED_EDGE('',*,*,#160953,.T.);
#160965=FACE_OUTER_BOUND('',#160954,.T.);
#160966=ADVANCED_FACE('PartBody',(#160965),#160878,.T.);
#160967=CARTESIAN_POINT('Axis2P3D Location',(8873.19928203,-2309.49414346,1728.17532958));
#160968=DIRECTION('Axis2P3D Direction',(0.9835147105149434,-0.1808281344279896,-6.938893903909601e-18));
#160969=DIRECTION('Axis2P3D XDirection',(0.1698339492749548,0.9237179158267539,-0.3433680847929085));
#160970=AXIS2_PLACEMENT_3D('Plane Axis2P3D',#160967,#160968,#160969);
#160971=PLANE('',#160970);
#160972=CARTESIAN_POINT('Line Origine',(8882.014576670001,-2261.54821969,1729.34443528));
#160973=DIRECTION('Vector Direction',(-0.08902829845228181,-0.4842202318629011,-0.8704049225098222));
#160974=VECTOR('Line Direction',#160973,1.);
#160975=LINE('Line',#160972,#160974);
#160976=CARTESIAN_POINT('Vertex',(8883.184017310001,-2255.18769357,1740.77773128));
#160977=VERTEX_POINT('',#160976);
#160978=CARTESIAN_POINT('Vertex',(8880.845136030001,-2267.9087458,1717.91113928));
#160979=VERTEX_POINT('',#160978);
#160980=EDGE_CURVE('',#160977,#160979,#160975,.T.);
#160981=CARTESIAN_POINT('Line Origine',(8881.123430739999,-2266.39511548,1717.0406174));
#160982=DIRECTION('Vector Direction',(-0.1573936983340558,-0.8560560453933037,0.4923365422861747));
#160983=VECTOR('Line Direction',#160982,1.);
#160984=LINE('Line',#160981,#160983);
#160985=CARTESIAN_POINT('Vertex',(8881.40172546,-2264.88148517,1716.17009552));
#160986=VERTEX_POINT('',#160985);
#160987=EDGE_CURVE('',#160979,#160986,#160984,.F.);
#160988=CARTESIAN_POINT('Line Origine',(8883.41301783,-2253.94217175,1712.10369058));
#160989=DIRECTION('Vector Direction',(0.1698339492749548,0.9237179158267539,-0.3433680847929085));
#160990=VECTOR('Line Direction',#160989,1.);
#160991=LINE('Line',#160988,#160990);
#160992=CARTESIAN_POINT('Vertex',(8885.4243102,-2243.00285834,1708.03728564));
#160993=VERTEX_POINT('',#160992);
#160994=EDGE_CURVE('',#160993,#160986,#160991,.F.);
#160995=CARTESIAN_POINT('Line Origine',(8886.222181470001,-2238.66327852,1720.10612208));
#160996=DIRECTION('Vector Direction',(0.06209061019508907,0.3377075625149406,0.9392009147918345));
#160997=VECTOR('Line Direction',#160996,1.);
#160998=LINE('Line',#160995,#160997);
#160999=EDGE_CURVE('',#160993,#160898,#160998,.T.);
#161000=CARTESIAN_POINT('Line Origine',(8883.22326357,-2254.97423519,1740.65363581));
#161001=DIRECTION('Vector Direction',(0.1569794968409333,0.8538032252956372,-0.4963642715247892));
#161002=VECTOR('Line Direction',#161001,1.);
#161003=LINE('Line',#161000,#161002);
#161004=EDGE_CURVE('',#160977,#160775,#161003,.T.);
#161005=EDGE_LOOP('',(#161006,#161007,#161008,#161009,#161010,#161011,#161012));
#161006=ORIENTED_EDGE('',*,*,#160980,.T.);
#161007=ORIENTED_EDGE('',*,*,#160987,.T.);
#161008=ORIENTED_EDGE('',*,*,#160994,.F.);
#161009=ORIENTED_EDGE('',*,*,#160999,.T.);
#161010=ORIENTED_EDGE('',*,*,#160899,.T.);
#161011=ORIENTED_EDGE('',*,*,#160778,.F.);
#161012=ORIENTED_EDGE('',*,*,#161004,.F.);
#161013=FACE_OUTER_BOUND('',#161005,.T.);
#161014=ADVANCED_FACE('PartBody',(#161013),#160971,.T.);
#161015=B_SPLINE_SURFACE_WITH_KNOTS('',5,1,((#161016,#161017),(#161018,#161019),(#161020,#161021),(#161022,#161023),(#161024,#161025),(#161026,#161027),(#161028,#161029),(#161030,#161031),(#161032,#161033)),.UNSPECIFIED.,.F.,.F.,.U.,(6,3,6),(2,2),(123.941113925,186.644660232,221.884333385),(0.,7.07184993897),.UNSPECIFIED.);
#161016=CARTESIAN_POINT('Control Point',(8877.22858818,-2299.05468845,1686.21826278));
#161017=CARTESIAN_POINT('Control Point',(8871.57087799,-2295.10561969,1684.66752944));
#161018=CARTESIAN_POINT('Control Point',(8877.993446140001,-2294.89470024,1694.02152424));
#161019=CARTESIAN_POINT('Control Point',(8872.33496344,-2290.94981193,1692.46241417));
#161020=CARTESIAN_POINT('Control Point',(8878.76338731,-2290.70706542,1701.80946464));
#161021=CARTESIAN_POINT('Control Point',(8873.10412616,-2286.76638943,1700.24197636));
#161022=CARTESIAN_POINT('Control Point',(8879.538403910001,-2286.49182642,1709.58186153));
#161023=CARTESIAN_POINT('Control Point',(8873.878358440001,-2282.55539416,1708.0059935));
#161024=CARTESIAN_POINT('Control Point',(8880.756905050001,-2279.86451973,1721.69781765));
#161025=CARTESIAN_POINT('Control Point',(8875.09562541,-2275.93476462,1720.108858));
#161026=CARTESIAN_POINT('Control Point',(8881.9878169,-2273.16971408,1733.77545078));
#161027=CARTESIAN_POINT('Control Point',(8876.32528888,-2269.24671197,1732.1733952));
#161028=CARTESIAN_POINT('Control Point',(8882.432304780001,-2270.75218946,1738.11598877));
#161029=CARTESIAN_POINT('Control Point',(8876.76932576,-2266.83162688,1736.50922072));
#161030=CARTESIAN_POINT('Control Point',(8882.878398979999,-2268.32592848,1742.45151287));
#161031=CARTESIAN_POINT('Control Point',(8877.21496711,-2264.40781523,1740.84003175));
#161032=CARTESIAN_POINT('Control Point',(8883.32609774,-2265.89094067,1746.78198094));
#161033=CARTESIAN_POINT('Control Point',(8877.6622112,-2261.97528656,1745.16578609));
#161034=B_SPLINE_CURVE_WITH_KNOTS('',2,(#161035,#161036,#161037),.UNSPECIFIED.,.F.,.U.,(3,3),(-5.67407359153,1.34777496819),.UNSPECIFIED.);
#161035=CARTESIAN_POINT('Control Point',(8877.22859836,-2299.05463312,1686.21836658));
#161036=CARTESIAN_POINT('Control Point',(8874.41973953,-2297.09408734,1685.44843017));
#161037=CARTESIAN_POINT('Control Point',(8871.61088072,-2295.13354151,1684.67849387));
#161038=CARTESIAN_POINT('Vertex',(8871.61088104,-2295.13354112,1684.67849372));
#161039=VERTEX_POINT('',#161038);
#161040=CARTESIAN_POINT('Vertex',(8877.228615669999,-2299.05464372,1686.21837053));
#161041=VERTEX_POINT('',#161040);
#161042=EDGE_CURVE('',#161039,#161041,#161034,.F.);
#161043=B_SPLINE_CURVE_WITH_KNOTS('',5,(#161044,#161045,#161046,#161047,#161048,#161049,#161050,#161051,#161052),.UNSPECIFIED.,.F.,.U.,(6,3,6),(123.941280731,186.644660232,221.884333385),.UNSPECIFIED.);
#161044=CARTESIAN_POINT('Control Point',(8877.22859836,-2299.05463312,1686.21836658));
#161045=CARTESIAN_POINT('Control Point',(8877.993454330001,-2294.89465568,1694.02160711));
#161046=CARTESIAN_POINT('Control Point',(8878.763393499999,-2290.70703178,1701.80952667));
#161047=CARTESIAN_POINT('Control Point',(8879.538408070001,-2286.49180384,1709.5819028));
#161048=CARTESIAN_POINT('Control Point',(8880.75690715,-2279.86450833,1721.69783822));
#161049=CARTESIAN_POINT('Control Point',(8881.9878169,-2273.16971408,1733.77545078));
#161050=CARTESIAN_POINT('Control Point',(8882.432304780001,-2270.75218946,1738.11598877));
#161051=CARTESIAN_POINT('Control Point',(8882.878398979999,-2268.32592848,1742.45151287));
#161052=CARTESIAN_POINT('Control Point',(8883.32609774,-2265.89094067,1746.78198094));
#161053=CARTESIAN_POINT('Vertex',(8883.32610952,-2265.89094274,1746.78198089));
#161054=VERTEX_POINT('',#161053);
#161055=EDGE_CURVE('',#161041,#161054,#161043,.T.);
#161056=B_SPLINE_CURVE_WITH_KNOTS('',2,(#161057,#161058,#161059),.UNSPECIFIED.,.F.,.U.,(3,3),(-5.67407359205,1.34659022129),.UNSPECIFIED.);
#161057=CARTESIAN_POINT('Control Point',(8883.32609774,-2265.89094067,1746.78198094));
#161058=CARTESIAN_POINT('Control Point',(8880.514646,-2263.94731761,1745.97967345));
#161059=CARTESIAN_POINT('Control Point',(8877.70319427,-2262.00369448,1745.17736608));
#161060=CARTESIAN_POINT('Vertex',(8877.703198769999,-2262.00369523,1745.17736614));
#161061=VERTEX_POINT('',#161060);
#161062=EDGE_CURVE('',#161054,#161061,#161056,.T.);
#161063=B_SPLINE_CURVE_WITH_KNOTS('',3,(#161064,#161065,#161066,#161067),.UNSPECIFIED.,.F.,.U.,(4,4),(51.8066538498,171.668588952),.UNSPECIFIED.);
#161064=CARTESIAN_POINT('Control Point',(8877.70319427,-2262.00369448,1745.17736608));
#161065=CARTESIAN_POINT('Control Point',(8875.631098780001,-2273.27155272,1725.13924901));
#161066=CARTESIAN_POINT('Control Point',(8873.60034614,-2284.31473656,1704.97136333));
#161067=CARTESIAN_POINT('Control Point',(8871.61087443,-2295.13353711,1684.67849215));
#161068=EDGE_CURVE('',#161039,#161061,#161063,.F.);
#161069=EDGE_LOOP('',(#161070,#161071,#161072,#161073));
#161070=ORIENTED_EDGE('',*,*,#161042,.T.);
#161071=ORIENTED_EDGE('',*,*,#161055,.T.);
#161072=ORIENTED_EDGE('',*,*,#161062,.T.);
#161073=ORIENTED_EDGE('',*,*,#161068,.F.);
#161074=FACE_OUTER_BOUND('',#161069,.T.);
#161075=ADVANCED_FACE('PartBody',(#161074),#161015,.T.);
#161076=B_SPLINE_SURFACE_WITH_KNOTS('',5,1,((#161077,#161078),(#161079,#161080),(#161081,#161082),(#161083,#161084),(#161085,#161086),(#161087,#161088),(#161089,#161090),(#161091,#161092),(#161093,#161094)),.UNSPECIFIED.,.F.,.F.,.U.,(6,3,6),(2,2),(51.8066538498,128.518418139,171.668681608),(0.,7.68154039388),.UNSPECIFIED.);
#161077=CARTESIAN_POINT('Control Point',(8874.969123090001,-2255.62716781,1741.87429207));
#161078=CARTESIAN_POINT('Control Point',(8877.703194289999,-2262.00369433,1745.17736635));
#161079=CARTESIAN_POINT('Control Point',(8874.175284659999,-2259.94481328,1734.19660858));
#161080=CARTESIAN_POINT('Control Point',(8876.90750856,-2266.3305577,1737.48271908));
#161081=CARTESIAN_POINT('Control Point',(8873.386503260001,-2264.2349538,1726.50292203));
#161082=CARTESIAN_POINT('Control Point',(8876.11689687,-2270.62984628,1729.77206625));
#161083=CARTESIAN_POINT('Control Point',(8872.60278221,-2268.49757135,1718.79340561));
#161084=CARTESIAN_POINT('Control Point',(8875.33136224,-2274.9015426,1722.0455803));
#161085=CARTESIAN_POINT('Control Point',(8871.38614509,-2275.11479665,1706.7229609));
#161086=CARTESIAN_POINT('Control Point',(8874.11191718,-2281.53284614,1709.9486147));
#161087=CARTESIAN_POINT('Control Point',(8870.181857789999,-2281.66485192,1694.61449357));
#161088=CARTESIAN_POINT('Control Point',(8872.90486207,-2288.09680943,1697.81362165));
#161089=CARTESIAN_POINT('Control Point',(8869.749913600001,-2284.01417363,1690.25052932));
#161090=CARTESIAN_POINT('Control Point',(8872.471926640001,-2290.45111589,1693.44010767));
#161091=CARTESIAN_POINT('Control Point',(8869.319568540001,-2286.3547978,1685.8816735));
#161092=CARTESIAN_POINT('Control Point',(8872.040595459999,-2292.79670262,1689.06170164));
#161093=CARTESIAN_POINT('Control Point',(8868.890824120001,-2288.68671616,1681.50796723));
#161094=CARTESIAN_POINT('Control Point',(8871.610869960001,-2295.13356138,1684.67844463));
#161095=B_SPLINE_CURVE_WITH_KNOTS('',3,(#161096,#161097,#161098,#161099),.UNSPECIFIED.,.F.,.U.,(4,4),(0.,10.8651568323),.UNSPECIFIED.);
#161096=CARTESIAN_POINT('Control Point',(8877.703194289999,-2262.00369433,1745.17736635));
#161097=CARTESIAN_POINT('Control Point',(8876.79183543,-2259.87819421,1744.07632536));
#161098=CARTESIAN_POINT('Control Point',(8875.88047695,-2257.75269514,1742.97528467));
#161099=CARTESIAN_POINT('Control Point',(8874.969118090001,-2255.62719502,1741.87424368));
#161100=EDGE_CURVE('',#161061,#160851,#161095,.T.);
#161101=B_SPLINE_CURVE_WITH_KNOTS('',3,(#161102,#161103,#161104,#161105),.UNSPECIFIED.,.F.,.U.,(4,4),(0.,10.8510206204),.UNSPECIFIED.);
#161102=CARTESIAN_POINT('Control Point',(8871.610874579999,-2295.13353629,1684.67849169));
#161103=CARTESIAN_POINT('Control Point',(8870.705243459999,-2292.98709049,1683.62287684));
#161104=CARTESIAN_POINT('Control Point',(8869.796455240001,-2290.83316197,1682.56358209));
#161105=CARTESIAN_POINT('Control Point',(8868.890824120001,-2288.68671616,1681.50796723));
#161106=EDGE_CURVE('',#160838,#161039,#161101,.F.);
#161107=EDGE_LOOP('',(#161108,#161109,#161110,#161111));
#161108=ORIENTED_EDGE('',*,*,#161100,.T.);
#161109=ORIENTED_EDGE('',*,*,#160852,.F.);
#161110=ORIENTED_EDGE('',*,*,#161106,.T.);
#161111=ORIENTED_EDGE('',*,*,#161068,.T.);
#161112=FACE_OUTER_BOUND('',#161107,.T.);
#161113=ADVANCED_FACE('PartBody',(#161112),#161076,.T.);
#161114=CARTESIAN_POINT('Axis2P3D Location',(8889.55912136,-2259.2246283,1735.79650205));
#161115=DIRECTION('Axis2P3D Direction',(-0.08902829845218263,-0.4842202318629055,-0.8704049225098301));
#161116=DIRECTION('Axis2P3D XDirection',(-0.1386590892929912,-0.8593404867529454,0.4922474832679687));
#161117=AXIS2_PLACEMENT_3D('Cylinder Axis2P3D',#161114,#161115,#161116);
#161118=CYLINDRICAL_SURFACE('generated cylinder',#161117,7.);
#161119=B_SPLINE_CURVE_WITH_KNOTS('',5,(#161120,#161121,#161122,#161123,#161124,#161125),.UNSPECIFIED.,.F.,.U.,(6,6),(0.,15.7383317665),.UNSPECIFIED.);
#161120=CARTESIAN_POINT('Control Point',(8889.100893749999,-2262.45317118,1744.25168996));
#161121=CARTESIAN_POINT('Control Point',(8886.90559996,-2262.08691252,1744.27270267));
#161122=CARTESIAN_POINT('Control Point',(8884.829967670001,-2260.964321,1743.85602167));
#161123=CARTESIAN_POINT('Control Point',(8883.35230887,-2259.14979365,1742.98840658));
#161124=CARTESIAN_POINT('Control Point',(8882.834622349999,-2257.08803434,1741.88250722));
#161125=CARTESIAN_POINT('Control Point',(8883.184017310001,-2255.18769357,1740.77773128));
#161126=CARTESIAN_POINT('Vertex',(8889.100893749999,-2262.45317118,1744.25168996));
#161127=VERTEX_POINT('',#161126);
#161128=EDGE_CURVE('',#161127,#160977,#161119,.T.);
#161129=CARTESIAN_POINT('Line Origine',(8888.58850774,-2265.24001171,1739.24223443));
#161130=DIRECTION('Vector Direction',(-0.08902829845218263,-0.4842202318629055,-0.8704049225098301));
#161131=VECTOR('Line Direction',#161130,1.);
#161132=LINE('Line',#161129,#161131);
#161133=CARTESIAN_POINT('Vertex',(8886.75912538,-2275.18992615,1721.35687166));
#161134=VERTEX_POINT('',#161133);
#161135=EDGE_CURVE('',#161127,#161134,#161132,.T.);
#161136=CARTESIAN_POINT('Axis2P3D Location',(8887.729739,-2269.17454274,1717.91113928));
#161137=DIRECTION('Axis2P3D Direction',(-0.08902829845218263,-0.4842202318629055,-0.8704049225098301));
#161138=AXIS2_PLACEMENT_3D('Circle Axis2P3D',#161136,#161137,$);
#161139=CIRCLE('generated circle',#161138,7.);
#161140=EDGE_CURVE('',#161134,#160979,#161139,.T.);
#161141=EDGE_LOOP('',(#161142,#161143,#161144,#161145));
#161142=ORIENTED_EDGE('',*,*,#161128,.F.);
#161143=ORIENTED_EDGE('',*,*,#161135,.T.);
#161144=ORIENTED_EDGE('',*,*,#161140,.T.);
#161145=ORIENTED_EDGE('',*,*,#160980,.F.);
#161146=FACE_OUTER_BOUND('',#161141,.T.);
#161147=ADVANCED_FACE('PartBody',(#161146),#161118,.F.);
#161148=CARTESIAN_POINT('Axis2P3D Location',(8927.72460741,-2272.84907369,1724.17089661));
#161149=DIRECTION('Axis2P3D Direction',(0.9835147105149434,-0.1808281344279896,0));
#161150=DIRECTION('Axis2P3D XDirection',(-0.08617769764119743,-0.4687159640099861,-0.8791352282279739));
#161151=AXIS2_PLACEMENT_3D('Cylinder Axis2P3D',#161148,#161149,#161150);
#161152=CYLINDRICAL_SURFACE('generated cylinder',#161151,50.);
#161153=CARTESIAN_POINT('Line Origine',(8923.41572252,-2296.2848719,1680.2141352));
#161154=DIRECTION('Vector Direction',(0.9835147105149434,-0.1808281344279896,0));
#161155=VECTOR('Line Direction',#161154,1.);
#161156=LINE('Line',#161153,#161155);
#161157=CARTESIAN_POINT('Vertex',(8877.19053113,-2287.78594958,1680.2141352));
#161158=VERTEX_POINT('',#161157);
#161159=EDGE_CURVE('',#160831,#161158,#161156,.T.);
#161160=CARTESIAN_POINT('Line Origine',(8924.620053459999,-2289.73457928,1677.21089825));
#161161=DIRECTION('Vector Direction',(0.9835147105149434,-0.1808281344279896,0));
#161162=VECTOR('Line Direction',#161161,1.);
#161163=LINE('Line',#161160,#161162);
#161164=CARTESIAN_POINT('Vertex',(8878.394862069999,-2281.23565696,1677.21089825));
#161165=VERTEX_POINT('',#161164);
#161166=EDGE_CURVE('',#160824,#161165,#161163,.T.);
#161167=CARTESIAN_POINT('Axis2P3D Location',(8881.49941601,-2264.35015138,1724.17089661));
#161168=DIRECTION('Axis2P3D Direction',(0.9835147105149434,-0.1808281344279896,0));
#161169=AXIS2_PLACEMENT_3D('Circle Axis2P3D',#161167,#161168,$);
#161170=CIRCLE('generated circle',#161169,50.);
#161171=EDGE_CURVE('',#161165,#161158,#161170,.F.);
#161172=EDGE_LOOP('',(#161173,#161174,#161175,#161176));
#161173=ORIENTED_EDGE('',*,*,#161159,.F.);
#161174=ORIENTED_EDGE('',*,*,#160832,.T.);
#161175=ORIENTED_EDGE('',*,*,#161166,.T.);
#161176=ORIENTED_EDGE('',*,*,#161171,.T.);
#161177=FACE_OUTER_BOUND('',#161172,.T.);
#161178=ADVANCED_FACE('PartBody',(#161177),#161152,.T.);
#161179=CARTESIAN_POINT('Axis2P3D Location',(8870.52674438,-2279.78903189,1677.21089825));
#161180=DIRECTION('Axis2P3D Direction',(-0.06209107888340992,-0.3377101116850539,-0.93919996720015));
#161181=DIRECTION('Axis2P3D XDirection',(0.169833777924068,0.9237169838563698,-0.3433706766911375));
#161182=AXIS2_PLACEMENT_3D('Plane Axis2P3D',#161179,#161180,#161181);
#161183=PLANE('',#161182);
#161184=CARTESIAN_POINT('Line Origine',(8914.396953150001,-2155.1750192,1629.50288899));
#161185=DIRECTION('Vector Direction',(0.9463402611035104,-0.3189415063088349,0.05211934159207304));
#161186=VECTOR('Line Direction',#161185,1.);
#161187=LINE('Line',#161184,#161186);
#161188=CARTESIAN_POINT('Vertex',(8914.160285399999,-2155.09525596,1629.4898546));
#161189=VERTEX_POINT('',#161188);
#161190=CARTESIAN_POINT('Vertex',(8914.633620910001,-2155.25478245,1629.51592337));
#161191=VERTEX_POINT('',#161190);
#161192=EDGE_CURVE('',#161189,#161191,#161187,.T.);
#161193=B_SPLINE_CURVE_WITH_KNOTS('',5,(#161194,#161195,#161196,#161197,#161198,#161199,#161200,#161201,#161202,#161203,#161204,#161205,#161206,#161207,#161208),.UNSPECIFIED.,.F.,.U.,(6,3,3,3,6),(0.,6.9469537057,13.8954639392,20.8439742077,21.9319094622),.UNSPECIFIED.);
#161194=CARTESIAN_POINT('Control Point',(8914.160285399999,-2155.09525596,1629.4898546));
#161195=CARTESIAN_POINT('Control Point',(8913.230555669999,-2154.78191264,1629.43865007));
#161196=CARTESIAN_POINT('Control Point',(8912.25831042,-2154.58728501,1629.43294313));
#161197=CARTESIAN_POINT('Control Point',(8911.266547540001,-2154.51918072,1629.47402077));
#161198=CARTESIAN_POINT('Control Point',(8909.294505530001,-2154.63951819,1629.64766366));
#161199=CARTESIAN_POINT('Control Point',(8907.440561490001,-2155.25461425,1629.99140041));
#161200=CARTESIAN_POINT('Control Point',(8906.5667213,-2155.68141319,1630.20263551));
#161201=CARTESIAN_POINT('Control Point',(8904.97024063,-2156.75159967,1630.69298902));
#161202=CARTESIAN_POINT('Control Point',(8903.745868530001,-2158.19260396,1631.29207795));
#161203=CARTESIAN_POINT('Control Point',(8903.24421513,-2158.99030167,1631.61207241));
#161204=CARTESIAN_POINT('Control Point',(8902.80670574,-2159.97856688,1631.99634903));
#161205=CARTESIAN_POINT('Control Point',(8902.54239439,-2161.01330347,1632.38588523));
#161206=CARTESIAN_POINT('Control Point',(8902.509787180001,-2161.15425549,1632.43872332));
#161207=CARTESIAN_POINT('Control Point',(8902.48042344,-2161.29578153,1632.4915534));
#161208=CARTESIAN_POINT('Control Point',(8902.454293270001,-2161.43790211,1632.54438347));
#161209=CARTESIAN_POINT('Vertex',(8902.454293270001,-2161.43790211,1632.54438347));
#161210=VERTEX_POINT('',#161209);
#161211=EDGE_CURVE('',#161189,#161210,#161193,.T.);
#161212=CARTESIAN_POINT('Line Origine',(8894.089955969999,-2206.93109272,1649.45543731));
#161213=DIRECTION('Vector Direction',(-0.169833777924068,-0.9237169838563698,0.3433706766911375));
#161214=VECTOR('Line Direction',#161213,1.);
#161215=LINE('Line',#161212,#161214);
#161216=CARTESIAN_POINT('Vertex',(8885.725618660001,-2252.42428333,1666.36649115));
#161217=VERTEX_POINT('',#161216);
#161218=EDGE_CURVE('',#161210,#161217,#161215,.T.);
#161219=B_SPLINE_CURVE_WITH_KNOTS('',5,(#161220,#161221,#161222,#161223,#161224,#161225,#161226,#161227,#161228,#161229,#161230,#161231),.UNSPECIFIED.,.F.,.U.,(6,3,3,6),(11.3420270512,12.0518245099,18.080884441,19.9928050429),.UNSPECIFIED.);
#161220=CARTESIAN_POINT('Control Point',(8885.72561858,-2252.42428374,1666.3664913));
#161221=CARTESIAN_POINT('Control Point',(8885.65030571,-2252.48499285,1666.39329958));
#161222=CARTESIAN_POINT('Control Point',(8885.57591412,-2252.54671128,1666.42040988));
#161223=CARTESIAN_POINT('Control Point',(8885.502463299999,-2252.6094233,1666.44781525));
#161224=CARTESIAN_POINT('Control Point',(8884.81422935,-2253.21409391,1666.7107375));
#161225=CARTESIAN_POINT('Control Point',(8884.214171629999,-2253.90535082,1666.99896438));
#161226=CARTESIAN_POINT('Control Point',(8883.75924628,-2254.58287756,1667.27265949));
#161227=CARTESIAN_POINT('Control Point',(8883.27943065,-2255.53600116,1667.64709706));
#161228=CARTESIAN_POINT('Control Point',(8882.96550004,-2256.54465589,1668.03053531));
#161229=CARTESIAN_POINT('Control Point',(8882.8996924,-2256.79027454,1668.12320351));
#161230=CARTESIAN_POINT('Control Point',(8882.843785049999,-2257.03819889,1668.21604626));
#161231=CARTESIAN_POINT('Control Point',(8882.79786431,-2257.2879594,1668.30888902));
#161232=CARTESIAN_POINT('Vertex',(8882.79786431,-2257.2879594,1668.30888902));
#161233=VERTEX_POINT('',#161232);
#161234=EDGE_CURVE('',#161217,#161233,#161219,.T.);
#161235=CARTESIAN_POINT('Line Origine',(8880.596363189999,-2269.26180818,1672.75989363));
#161236=DIRECTION('Vector Direction',(-0.169833777924068,-0.9237169838563698,0.3433706766911375));
#161237=VECTOR('Line Direction',#161236,1.);
#161238=LINE('Line',#161235,#161237);
#161239=EDGE_CURVE('',#161233,#161165,#161238,.T.);
#161240=CARTESIAN_POINT('Line Origine',(8897.546867069999,-2147.54535692,1627.87344464));
#161241=DIRECTION('Vector Direction',(0.8155405372459807,0.5253017430989877,-0.2427997339489943));
#161242=VECTOR('Line Direction',#161241,1.);
#161243=LINE('Line',#161240,#161242);
#161244=CARTESIAN_POINT('Vertex',(8900.6162862,-2145.56829857,1626.95962844));
#161245=VERTEX_POINT('',#161244);
#161246=EDGE_CURVE('',#161245,#160817,#161243,.F.);
#161247=CARTESIAN_POINT('Line Origine',(8908.417818370001,-2148.19761968,1627.38929496));
#161248=DIRECTION('Vector Direction',(-0.9463402611035054,0.3189415063088333,-0.05211934159217275));
#161249=VECTOR('Line Direction',#161248,1.);
#161250=LINE('Line',#161247,#161249);
#161251=CARTESIAN_POINT('Vertex',(8916.219350539999,-2150.82694079,1627.81896147));
#161252=VERTEX_POINT('',#161251);
#161253=EDGE_CURVE('',#161252,#161245,#161250,.T.);
#161254=CARTESIAN_POINT('Line Origine',(8915.42648573,-2153.04086162,1628.66744242));
#161255=DIRECTION('Vector Direction',(0.3171459274850653,0.8855683328711823,-0.3393923813160699));
#161256=VECTOR('Line Direction',#161255,1.);
#161257=LINE('Line',#161254,#161256);
#161258=EDGE_CURVE('',#161191,#161252,#161257,.T.);
#161259=EDGE_LOOP('',(#161260,#161261,#161262,#161263,#161264,#161265,#161266,#161267,#161268,#161269));
#161260=ORIENTED_EDGE('',*,*,#161192,.F.);
#161261=ORIENTED_EDGE('',*,*,#161211,.T.);
#161262=ORIENTED_EDGE('',*,*,#161218,.T.);
#161263=ORIENTED_EDGE('',*,*,#161234,.T.);
#161264=ORIENTED_EDGE('',*,*,#161239,.T.);
#161265=ORIENTED_EDGE('',*,*,#161166,.F.);
#161266=ORIENTED_EDGE('',*,*,#160825,.T.);
#161267=ORIENTED_EDGE('',*,*,#161246,.F.);
#161268=ORIENTED_EDGE('',*,*,#161253,.F.);
#161269=ORIENTED_EDGE('',*,*,#161258,.F.);
#161270=FACE_OUTER_BOUND('',#161259,.T.);
#161271=ADVANCED_FACE('PartBody',(#161270),#161183,.T.);
#161272=CARTESIAN_POINT('Axis2P3D Location',(8903.47674581,-2100.57570751,1764.91329944));
#161273=DIRECTION('Axis2P3D Direction',(0.5753591839939634,-0.7810320022679502,0.2427979011999845));
#161274=DIRECTION('Axis2P3D XDirection',(-0.06209061019518868,-0.3377075625149384,-0.9392009147918288));
#161275=AXIS2_PLACEMENT_3D('Plane Axis2P3D',#161272,#161273,#161274);
#161276=PLANE('',#161275);
#161277=CARTESIAN_POINT('Line Origine',(8904.28468984,-2125.61604418,1682.44898568));
#161278=DIRECTION('Vector Direction',(-0.06209061019518868,-0.3377075625149384,-0.9392009147918288));
#161279=VECTOR('Line Direction',#161278,1.);
#161280=LINE('Line',#161277,#161279);
#161281=EDGE_CURVE('',#160886,#161245,#161280,.T.);
#161282=EDGE_LOOP('',(#161283,#161284,#161285,#161286));
#161283=ORIENTED_EDGE('',*,*,#160818,.F.);
#161284=ORIENTED_EDGE('',*,*,#160892,.T.);
#161285=ORIENTED_EDGE('',*,*,#161281,.T.);
#161286=ORIENTED_EDGE('',*,*,#161246,.T.);
#161287=FACE_OUTER_BOUND('',#161282,.T.);
#161288=ADVANCED_FACE('PartBody',(#161287),#161276,.F.);
#161289=CARTESIAN_POINT('Axis2P3D Location',(8935.204311150001,-2152.29819632,1641.72100435));
#161290=DIRECTION('Axis2P3D Direction',(-0.3171512502990748,-0.8855675172102089,0.33938953563108));
#161291=DIRECTION('Axis2P3D XDirection',(-0.9463402350949567,0.3189416477689854,-0.05211894817459761));
#161292=AXIS2_PLACEMENT_3D('Plane Axis2P3D',#161289,#161290,#161291);
#161293=PLANE('',#161292);
#161294=CARTESIAN_POINT('Line Origine',(8948.92137654,-2142.68217993,1679.63029398));
#161295=DIRECTION('Vector Direction',(-0.8304781565308574,0.4321382421229258,0.3515146813719396));
#161296=VECTOR('Line Direction',#161295,1.);
#161297=LINE('Line',#161294,#161296);
#161298=CARTESIAN_POINT('Vertex',(8977.40157618,-2157.50181523,1667.57554188));
#161299=VERTEX_POINT('',#161298);
#161300=EDGE_CURVE('',#161299,#160884,#161297,.T.);
#161301=CARTESIAN_POINT('Line Origine',(8977.16009601,-2158.81521313,1663.92284159));
#161302=DIRECTION('Vector Direction',(0.06209061019518868,0.3377075625149384,0.9392009147918288));
#161303=VECTOR('Line Direction',#161302,1.);
#161304=LINE('Line',#161301,#161303);
#161305=CARTESIAN_POINT('Vertex',(8976.91861585,-2160.12861104,1660.2701413));
#161306=VERTEX_POINT('',#161305);
#161307=EDGE_CURVE('',#161306,#161299,#161304,.T.);
#161308=CARTESIAN_POINT('Line Origine',(8946.568976459999,-2155.47777488,1644.04454778));
#161309=DIRECTION('Vector Direction',(-0.8739362264405116,0.1339236407069251,-0.4672257811537389));
#161310=VECTOR('Line Direction',#161309,1.);
#161311=LINE('Line',#161308,#161310);
#161312=EDGE_CURVE('',#161306,#161252,#161311,.T.);
#161313=EDGE_LOOP('',(#161314,#161315,#161316,#161317,#161318,#161319));
#161314=ORIENTED_EDGE('',*,*,#161253,.T.);
#161315=ORIENTED_EDGE('',*,*,#161281,.F.);
#161316=ORIENTED_EDGE('',*,*,#160887,.F.);
#161317=ORIENTED_EDGE('',*,*,#161300,.F.);
#161318=ORIENTED_EDGE('',*,*,#161307,.F.);
#161319=ORIENTED_EDGE('',*,*,#161312,.T.);
#161320=FACE_OUTER_BOUND('',#161313,.T.);
#161321=ADVANCED_FACE('PartBody',(#161320),#161293,.F.);
#161322=CARTESIAN_POINT('Axis2P3D Location',(8895.57053182,-2237.58910887,1727.61962472));
#161323=DIRECTION('Axis2P3D Direction',(0.06209061019508907,0.3377075625149406,0.9392009147918345));
#161324=DIRECTION('Axis2P3D XDirection',(0.1698339492749548,0.9237179158267539,-0.3433680847929085));
#161325=AXIS2_PLACEMENT_3D('Cylinder Axis2P3D',#161322,#161323,#161324);
#161326=CYLINDRICAL_SURFACE('generated cylinder',#161325,9.);
#161327=CARTESIAN_POINT('Line Origine',(8889.64665475,-2231.09797432,1725.67724151));
#161328=DIRECTION('Vector Direction',(0.06209061019508907,0.3377075625149406,0.9392009147918345));
#161329=VECTOR('Line Direction',#161328,1.);
#161330=LINE('Line',#161327,#161329);
#161331=CARTESIAN_POINT('Vertex',(8888.352065520001,-2238.13917699,1706.09490243));
#161332=VERTEX_POINT('',#161331);
#161333=EDGE_CURVE('',#160914,#161332,#161330,.F.);
#161334=CARTESIAN_POINT('Axis2P3D Location',(8894.275942599999,-2244.63031155,1708.03728564));
#161335=DIRECTION('Axis2P3D Direction',(0.06209061019508907,0.3377075625149406,0.9392009147918345));
#161336=AXIS2_PLACEMENT_3D('Circle Axis2P3D',#161334,#161335,$);
#161337=CIRCLE('generated circle',#161336,9.);
#161338=EDGE_CURVE('',#161332,#160993,#161337,.T.);
#161339=EDGE_LOOP('',(#161340,#161341,#161342,#161343));
#161340=ORIENTED_EDGE('',*,*,#161333,.F.);
#161341=ORIENTED_EDGE('',*,*,#160915,.T.);
#161342=ORIENTED_EDGE('',*,*,#160999,.F.);
#161343=ORIENTED_EDGE('',*,*,#161338,.F.);
#161344=FACE_OUTER_BOUND('',#161339,.T.);
#161345=ADVANCED_FACE('PartBody',(#161344),#161326,.F.);
#161346=CARTESIAN_POINT('Axis2P3D Location',(8884.14137386,-2261.04090743,1745.01837882));
#161347=DIRECTION('Axis2P3D Direction',(-0.9835147105149434,0.1808281344279896,-8.443246102269514e-14));
#161348=DIRECTION('Axis2P3D XDirection',(0.1698339492749548,0.9237179158267539,-0.3433680847929085));
#161349=AXIS2_PLACEMENT_3D('Plane Axis2P3D',#161346,#161347,#161348);
#161350=PLANE('',#161349);
#161351=B_SPLINE_CURVE_WITH_KNOTS('',5,(#161352,#161353,#161354,#161355,#161356,#161357),.UNSPECIFIED.,.F.,.U.,(6,6),(0.,0.424913392489),.UNSPECIFIED.);
#161352=CARTESIAN_POINT('Control Point',(8888.352065520001,-2238.13917699,1706.09490243));
#161353=CARTESIAN_POINT('Control Point',(8888.34833438,-2238.15947046,1706.03846413));
#161354=CARTESIAN_POINT('Control Point',(8888.34429834,-2238.18142231,1705.98264232));
#161355=CARTESIAN_POINT('Control Point',(8888.33995302,-2238.20505625,1705.92739323));
#161356=CARTESIAN_POINT('Control Point',(8888.33531812,-2238.23026522,1705.87296303));
#161357=CARTESIAN_POINT('Control Point',(8888.330391330001,-2238.25706179,1705.81930256));
#161358=CARTESIAN_POINT('Vertex',(8888.330391330001,-2238.25706179,1705.81930256));
#161359=VERTEX_POINT('',#161358);
#161360=EDGE_CURVE('',#161332,#161359,#161351,.T.);
#161361=CARTESIAN_POINT('Line Origine',(8896.69626058,-2192.75553902,1688.90529618));
#161362=DIRECTION('Vector Direction',(0.1698339492749548,0.9237179158267539,-0.3433680847929085));
#161363=VECTOR('Line Direction',#161362,1.);
#161364=LINE('Line',#161361,#161363);
#161365=CARTESIAN_POINT('Vertex',(8905.062129829999,-2147.25401625,1671.99128979));
#161366=VERTEX_POINT('',#161365);
#161367=EDGE_CURVE('',#161359,#161366,#161364,.T.);
#161368=CARTESIAN_POINT('Line Origine',(8905.869305759999,-2142.86382883,1684.20087138));
#161369=DIRECTION('Vector Direction',(0.06209061019508907,0.3377075625149406,0.9392009147918345));
#161370=VECTOR('Line Direction',#161369,1.);
#161371=LINE('Line',#161368,#161370);
#161372=EDGE_CURVE('',#161366,#160921,#161371,.T.);
#161373=EDGE_LOOP('',(#161374,#161375,#161376,#161377,#161378));
#161374=ORIENTED_EDGE('',*,*,#161333,.T.);
#161375=ORIENTED_EDGE('',*,*,#161360,.T.);
#161376=ORIENTED_EDGE('',*,*,#161367,.T.);
#161377=ORIENTED_EDGE('',*,*,#161372,.T.);
#161378=ORIENTED_EDGE('',*,*,#160922,.T.);
#161379=FACE_OUTER_BOUND('',#161373,.T.);
#161380=ADVANCED_FACE('PartBody',(#161379),#161350,.F.);
#161381=CARTESIAN_POINT('Axis2P3D Location',(8914.99604604,-2142.99498474,1688.36223451));
#161382=DIRECTION('Axis2P3D Direction',(0.06209061019508907,0.3377075625149406,0.9392009147918345));
#161383=DIRECTION('Axis2P3D XDirection',(0.3171512502990748,0.8855675172102089,-0.33938953563108));
#161384=AXIS2_PLACEMENT_3D('Cylinder Axis2P3D',#161381,#161382,#161383);
#161385=CYLINDRICAL_SURFACE('generated cylinder',#161384,9.);
#161386=CARTESIAN_POINT('Axis2P3D Location',(8913.91376223,-2148.88146946,1671.99128979));
#161387=DIRECTION('Axis2P3D Direction',(0.06209061019508907,0.3377075625149406,0.9392009147918345));
#161388=AXIS2_PLACEMENT_3D('Circle Axis2P3D',#161386,#161387,$);
#161389=CIRCLE('generated circle',#161388,9.);
#161390=CARTESIAN_POINT('Vertex',(8916.76812348,-2140.9113618,1668.93678397));
#161391=VERTEX_POINT('',#161390);
#161392=EDGE_CURVE('',#161366,#161391,#161389,.F.);
#161393=CARTESIAN_POINT('Line Origine',(8917.85040729,-2135.02487708,1685.30772868));
#161394=DIRECTION('Vector Direction',(0.06209061019508907,0.3377075625149406,0.9392009147918345));
#161395=VECTOR('Line Direction',#161394,1.);
#161396=LINE('Line',#161393,#161395);
#161397=EDGE_CURVE('',#161391,#160940,#161396,.T.);
#161398=EDGE_LOOP('',(#161399,#161400,#161401,#161402));
#161399=ORIENTED_EDGE('',*,*,#160941,.T.);
#161400=ORIENTED_EDGE('',*,*,#161372,.F.);
#161401=ORIENTED_EDGE('',*,*,#161392,.T.);
#161402=ORIENTED_EDGE('',*,*,#161397,.T.);
#161403=FACE_OUTER_BOUND('',#161398,.T.);
#161404=ADVANCED_FACE('PartBody',(#161403),#161385,.F.);
#161405=CARTESIAN_POINT('Axis2P3D Location',(8933.618554889999,-2156.72603391,1643.41795202));
#161406=DIRECTION('Axis2P3D Direction',(-0.3171512502990748,-0.8855675172102089,0.33938953563108));
#161407=DIRECTION('Axis2P3D XDirection',(-0.9463402350949567,0.3189416477689854,-0.05211894817459761));
#161408=AXIS2_PLACEMENT_3D('Plane Axis2P3D',#161405,#161406,#161407);
#161409=PLANE('',#161408);
#161410=CARTESIAN_POINT('Line Origine',(8943.24362988,-2149.83430656,1670.39490177));
#161411=DIRECTION('Vector Direction',(-0.9463402350949567,0.3189416477689854,-0.05211894817459761));
#161412=VECTOR('Line Direction',#161411,1.);
#161413=LINE('Line',#161410,#161412);
#161414=CARTESIAN_POINT('Vertex',(8969.71913627,-2158.75725131,1671.85301958));
#161415=VERTEX_POINT('',#161414);
#161416=EDGE_CURVE('',#161391,#161415,#161413,.F.);
#161417=CARTESIAN_POINT('Line Origine',(8944.28726481,-2145.52380966,1682.61751244));
#161418=DIRECTION('Vector Direction',(-0.8304781565308574,0.4321382421229258,0.3515146813719396));
#161419=VECTOR('Line Direction',#161418,1.);
#161420=LINE('Line',#161417,#161419);
#161421=EDGE_CURVE('',#161415,#160947,#161420,.T.);
#161422=EDGE_LOOP('',(#161423,#161424,#161425,#161426));
#161423=ORIENTED_EDGE('',*,*,#160948,.F.);
#161424=ORIENTED_EDGE('',*,*,#161397,.F.);
#161425=ORIENTED_EDGE('',*,*,#161416,.T.);
#161426=ORIENTED_EDGE('',*,*,#161421,.T.);
#161427=FACE_OUTER_BOUND('',#161422,.T.);
#161428=ADVANCED_FACE('PartBody',(#161427),#161409,.T.);
#161429=CARTESIAN_POINT('Axis2P3D Location',(8886.77714993,-2257.76528584,1711.6614209));
#161430=DIRECTION('Axis2P3D Direction',(-0.1573936983340558,-0.8560560453933037,0.4923365422861747));
#161431=DIRECTION('Axis2P3D XDirection',(-0.9835147105149434,0.1808281344279896,0));
#161432=AXIS2_PLACEMENT_3D('Cylinder Axis2P3D',#161429,#161430,#161431);
#161433=CYLINDRICAL_SURFACE('generated cylinder',#161432,4.);
#161434=CARTESIAN_POINT('Line Origine',(8886.421036739999,-2259.70216677,1708.17980121));
#161435=DIRECTION('Vector Direction',(-0.1573936983340558,-0.8560560453933037,0.4923365422861747));
#161436=VECTOR('Line Direction',#161435,1.);
#161437=LINE('Line',#161434,#161436);
#161438=CARTESIAN_POINT('Vertex',(8884.423081680001,-2270.56893927,1714.42951959));
#161439=VERTEX_POINT('',#161438);
#161440=CARTESIAN_POINT('Vertex',(8884.979671110001,-2267.54167863,1712.68847583));
#161441=VERTEX_POINT('',#161440);
#161442=EDGE_CURVE('',#161439,#161441,#161437,.F.);
#161443=CARTESIAN_POINT('Axis2P3D Location',(8885.335784299999,-2265.6047977,1716.17009552));
#161444=DIRECTION('Axis2P3D Direction',(-0.1573936983340558,-0.8560560453933037,0.4923365422861747));
#161445=AXIS2_PLACEMENT_3D('Circle Axis2P3D',#161443,#161444,$);
#161446=CIRCLE('generated circle',#161445,4.);
#161447=EDGE_CURVE('',#161441,#160986,#161446,.F.);
#161448=CARTESIAN_POINT('Axis2P3D Location',(8884.77919487,-2268.63205834,1717.91113928));
#161449=DIRECTION('Axis2P3D Direction',(-0.1573936983340558,-0.8560560453933037,0.4923365422861747));
#161450=AXIS2_PLACEMENT_3D('Circle Axis2P3D',#161448,#161449,$);
#161451=CIRCLE('generated circle',#161450,4.);
#161452=EDGE_CURVE('',#161439,#160979,#161451,.F.);
#161453=EDGE_LOOP('',(#161454,#161455,#161456,#161457));
#161454=ORIENTED_EDGE('',*,*,#161442,.T.);
#161455=ORIENTED_EDGE('',*,*,#161447,.T.);
#161456=ORIENTED_EDGE('',*,*,#160987,.F.);
#161457=ORIENTED_EDGE('',*,*,#161452,.F.);
#161458=FACE_OUTER_BOUND('',#161453,.T.);
#161459=ADVANCED_FACE('PartBody',(#161458),#161433,.F.);
#161460=CARTESIAN_POINT('Axis2P3D Location',(8887.847617859999,-2251.94306712,1711.09170288));
#161461=DIRECTION('Axis2P3D Direction',(0.1698339492749548,0.9237179158267539,-0.3433680847929085));
#161462=DIRECTION('Axis2P3D XDirection',(-0.06209061019488984,-0.3377075625149447,-0.9392009147918463));
#161463=AXIS2_PLACEMENT_3D('Cylinder Axis2P3D',#161460,#161461,#161462);
#161464=CYLINDRICAL_SURFACE('generated cylinder',#161463,4.);
#161465=CARTESIAN_POINT('Axis2P3D Location',(8885.335784299999,-2265.6047977,1716.17009552));
#161466=DIRECTION('Axis2P3D Direction',(0.1698339492749548,0.9237179158267539,-0.3433680847929085));
#161467=AXIS2_PLACEMENT_3D('Circle Axis2P3D',#161465,#161466,$);
#161468=CIRCLE('generated circle',#161467,4.);
#161469=CARTESIAN_POINT('Vertex',(8885.08742186,-2266.95562795,1712.41329186));
#161470=VERTEX_POINT('',#161469);
#161471=EDGE_CURVE('',#160986,#161470,#161468,.F.);
#161472=CARTESIAN_POINT('Line Origine',(8887.59925542,-2253.29389737,1707.33489922));
#161473=DIRECTION('Vector Direction',(0.1698339492749548,0.9237179158267539,-0.3433680847929085));
#161474=VECTOR('Line Direction',#161473,1.);
#161475=LINE('Line',#161472,#161474);
#161476=CARTESIAN_POINT('Vertex',(8889.110006610001,-2245.07700113,1704.28048198));
#161477=VERTEX_POINT('',#161476);
#161478=EDGE_CURVE('',#161477,#161470,#161475,.F.);
#161479=CARTESIAN_POINT('Axis2P3D Location',(8889.35836905,-2243.72617088,1708.03728564));
#161480=DIRECTION('Axis2P3D Direction',(0.1698339492749548,0.9237179158267539,-0.3433680847929085));
#161481=AXIS2_PLACEMENT_3D('Circle Axis2P3D',#161479,#161480,$);
#161482=CIRCLE('generated circle',#161481,4.);
#161483=EDGE_CURVE('',#160993,#161477,#161482,.F.);
#161484=EDGE_LOOP('',(#161485,#161486,#161487,#161488));
#161485=ORIENTED_EDGE('',*,*,#161471,.T.);
#161486=ORIENTED_EDGE('',*,*,#161478,.F.);
#161487=ORIENTED_EDGE('',*,*,#161483,.F.);
#161488=ORIENTED_EDGE('',*,*,#160994,.T.);
#161489=FACE_OUTER_BOUND('',#161484,.T.);
#161490=ADVANCED_FACE('PartBody',(#161489),#161464,.F.);
#161491=B_SPLINE_CURVE_WITH_KNOTS('',5,(#161492,#161493,#161494,#161495,#161496,#161497),.UNSPECIFIED.,.F.,.U.,(6,6),(1.33226762955E-014,6.28318530718),.UNSPECIFIED.);
#161492=CARTESIAN_POINT('Control Point',(8893.33780376,-2265.78367654,1715.45113196));
#161493=CARTESIAN_POINT('Control Point',(8893.2259275,-2266.39216563,1714.35734887));
#161494=CARTESIAN_POINT('Control Point',(8892.71973194,-2267.23958097,1713.43546974));
#161495=CARTESIAN_POINT('Control Point',(8891.835343569999,-2268.20190818,1712.9198712));
#161496=CARTESIAN_POINT('Control Point',(8890.783839559999,-2269.04946842,1712.93361125));
#161497=CARTESIAN_POINT('Control Point',(8889.77708213,-2269.6581953,1713.37523074));
#161498=CARTESIAN_POINT('Axis1P Location',(8887.729739,-2269.17454274,1717.91113928));
#161499=DIRECTION('Axis1P Direction',(0.08902829845218263,0.4842202318629055,0.8704049225098301));
#161500=AXIS1_PLACEMENT('Revolution Surface Axis1P',#161498,#161499);
#161501=SURFACE_OF_REVOLUTION('homeo Torus',#161491,#161500);
#161502=CARTESIAN_POINT('Axis2P3D Location',(8887.37362581,-2271.11142367,1714.42951959));
#161503=DIRECTION('Axis2P3D Direction',(-0.08902829845218263,-0.4842202318629055,-0.8704049225098301));
#161504=AXIS2_PLACEMENT_3D('Circle Axis2P3D',#161502,#161503,$);
#161505=CIRCLE('generated circle',#161504,3.);
#161506=CARTESIAN_POINT('Vertex',(8886.957648539999,-2273.68944513,1715.90626204));
#161507=VERTEX_POINT('',#161506);
#161508=EDGE_CURVE('',#161507,#161439,#161505,.T.);
#161509=CARTESIAN_POINT('Axis2P3D Location',(8887.31376173,-2271.7525642,1719.38788173));
#161510=DIRECTION('Axis2P3D Direction',(0.986330380263723,-0.1645135097239538,-0.00936408495936737));
#161511=AXIS2_PLACEMENT_3D('Circle Axis2P3D',#161509,#161510,$);
#161512=CIRCLE('generated circle',#161511,4.);
#161513=EDGE_CURVE('',#161507,#161134,#161512,.F.);
#161514=EDGE_LOOP('',(#161515,#161516,#161517,#161518));
#161515=ORIENTED_EDGE('',*,*,#161508,.T.);
#161516=ORIENTED_EDGE('',*,*,#161452,.T.);
#161517=ORIENTED_EDGE('',*,*,#161140,.F.);
#161518=ORIENTED_EDGE('',*,*,#161513,.F.);
#161519=FACE_OUTER_BOUND('',#161514,.T.);
#161520=ADVANCED_FACE('PartBody',(#161519),#161501,.T.);
#161521=CARTESIAN_POINT('Axis2P3D Location',(8979.896301270001,-2287.19473127,1718.50891583));
#161522=DIRECTION('Axis2P3D Direction',(0.9863303802637251,-0.1645135097239541,-0.009364084959147392));
#161523=DIRECTION('Axis2P3D XDirection',(-0.1386590892929912,-0.8593404867529454,0.4922474832679687));
#161524=AXIS2_PLACEMENT_3D('Cylinder Axis2P3D',#161521,#161522,#161523);
#161525=CYLINDRICAL_SURFACE('generated cylinder',#161524,4.);
#161526=B_SPLINE_CURVE_WITH_KNOTS('',4,(#161527,#161528,#161529,#161530,#161531),.UNSPECIFIED.,.F.,.U.,(5,5),(0.,4.08836633258),.UNSPECIFIED.);
#161527=CARTESIAN_POINT('Control Point',(8938.94082132,-2284.3314422,1718.06543089));
#161528=CARTESIAN_POINT('Control Point',(8938.92276374,-2284.47976492,1718.77254467));
#161529=CARTESIAN_POINT('Control Point',(8938.93305109,-2284.46004946,1719.51618419));
#161530=CARTESIAN_POINT('Control Point',(8938.97319062,-2284.25958505,1720.23148174));
#161531=CARTESIAN_POINT('Control Point',(8939.0374321,-2283.90960861,1720.86054861));
#161532=CARTESIAN_POINT('Vertex',(8938.94082132,-2284.3314422,1718.06543089));
#161533=VERTEX_POINT('',#161532);
#161534=CARTESIAN_POINT('Vertex',(8939.0374321,-2283.90960862,1720.86054861));
#161535=VERTEX_POINT('',#161534);
#161536=EDGE_CURVE('',#161533,#161535,#161526,.T.);
#161537=B_SPLINE_CURVE_WITH_KNOTS('',4,(#161538,#161539,#161540,#161541,#161542),.UNSPECIFIED.,.F.,.U.,(5,5),(0.,4.87708792803),.UNSPECIFIED.);
#161538=CARTESIAN_POINT('Control Point',(8939.74025588,-2282.49324167,1715.40515122));
#161539=CARTESIAN_POINT('Control Point',(8939.34509028,-2283.14497498,1715.80813996));
#161540=CARTESIAN_POINT('Control Point',(8939.06795499,-2283.74366195,1716.42425109));
#161541=CARTESIAN_POINT('Control Point',(8938.96236252,-2284.15450535,1717.22190194));
#161542=CARTESIAN_POINT('Control Point',(8938.94082131,-2284.33144223,1718.06543108));
#161543=CARTESIAN_POINT('Vertex',(8939.74025588,-2282.49324167,1715.40515122));
#161544=VERTEX_POINT('',#161543);
#161545=EDGE_CURVE('',#161544,#161533,#161537,.T.);
#161546=CARTESIAN_POINT('Line Origine',(8979.54018808,-2289.1316122,1715.02729614));
#161547=DIRECTION('Vector Direction',(0.9863303802637251,-0.1645135097239541,-0.009364084959147392));
#161548=VECTOR('Line Direction',#161547,1.);
#161549=LINE('Line',#161546,#161548);
#161550=EDGE_CURVE('',#161544,#161507,#161549,.F.);
#161551=CARTESIAN_POINT('Line Origine',(8979.341664920001,-2290.63209322,1720.47790577));
#161552=DIRECTION('Vector Direction',(0.9863303802637251,-0.1645135097239541,-0.009364084959147392));
#161553=VECTOR('Line Direction',#161552,1.);
#161554=LINE('Line',#161551,#161553);
#161555=EDGE_CURVE('',#161535,#161134,#161554,.F.);
#161556=EDGE_LOOP('',(#161557,#161558,#161559,#161560,#161561));
#161557=ORIENTED_EDGE('',*,*,#161536,.F.);
#161558=ORIENTED_EDGE('',*,*,#161545,.F.);
#161559=ORIENTED_EDGE('',*,*,#161550,.T.);
#161560=ORIENTED_EDGE('',*,*,#161513,.T.);
#161561=ORIENTED_EDGE('',*,*,#161555,.F.);
#161562=FACE_OUTER_BOUND('',#161556,.T.);
#161563=ADVANCED_FACE('PartBody',(#161562),#161525,.F.);
#161564=CARTESIAN_POINT('Axis2P3D Location',(8872.665427399999,-2312.39775074,1722.86626053));
#161565=DIRECTION('Axis2P3D Direction',(-0.9835147105149434,0.1808281344279896,-8.548717289609507e-14));
#161566=DIRECTION('Axis2P3D XDirection',(0.1698339492749548,0.9237179158267539,-0.3433680847929085));
#161567=AXIS2_PLACEMENT_3D('Plane Axis2P3D',#161564,#161565,#161566);
#161568=PLANE('',#161567);
#161569=CARTESIAN_POINT('Line Origine',(8877.15082504,-2288.00190893,1680.33316737));
#161570=DIRECTION('Vector Direction',(0.1589723832249985,0.8646424294949919,-0.4765723979509955));
#161571=VECTOR('Line Direction',#161570,1.);
#161572=LINE('Line',#161569,#161571);
#161573=CARTESIAN_POINT('Vertex',(8877.111118950001,-2288.21786827,1680.45219953));
#161574=VERTEX_POINT('',#161573);
#161575=EDGE_CURVE('',#161574,#161158,#161572,.T.);
#161576=CARTESIAN_POINT('Line Origine',(8883.657825800001,-2252.61067408,1681.31692065));
#161577=DIRECTION('Vector Direction',(-0.06209061019508907,-0.3377075625149406,-0.9392009147918345));
#161578=VECTOR('Line Direction',#161577,1.);
#161579=LINE('Line',#161576,#161578);
#161580=CARTESIAN_POINT('Vertex',(8884.517787299999,-2247.93338875,1694.32495229));
#161581=VERTEX_POINT('',#161580);
#161582=EDGE_CURVE('',#161581,#161233,#161579,.T.);
#161583=CARTESIAN_POINT('Line Origine',(8882.004519030001,-2261.60292262,1699.40624559));
#161584=DIRECTION('Vector Direction',(0.1698339492749548,0.9237179158267539,-0.3433680847929085));
#161585=VECTOR('Line Direction',#161584,1.);
#161586=LINE('Line',#161583,#161585);
#161587=CARTESIAN_POINT('Vertex',(8879.491250769999,-2275.27245648,1704.48753891));
#161588=VERTEX_POINT('',#161587);
#161589=EDGE_CURVE('',#161588,#161581,#161586,.T.);
#161590=CARTESIAN_POINT('Line Origine',(8878.30118486,-2281.74516238,1692.46986922));
#161591=DIRECTION('Vector Direction',(0.08685535191127379,0.4724016899368574,0.8770933765507353));
#161592=VECTOR('Line Direction',#161591,1.);
#161593=LINE('Line',#161590,#161592);
#161594=EDGE_CURVE('',#161574,#161588,#161593,.T.);
#161595=EDGE_LOOP('',(#161596,#161597,#161598,#161599,#161600,#161601));
#161596=ORIENTED_EDGE('',*,*,#161575,.T.);
#161597=ORIENTED_EDGE('',*,*,#161171,.F.);
#161598=ORIENTED_EDGE('',*,*,#161239,.F.);
#161599=ORIENTED_EDGE('',*,*,#161582,.F.);
#161600=ORIENTED_EDGE('',*,*,#161589,.F.);
#161601=ORIENTED_EDGE('',*,*,#161594,.F.);
#161602=FACE_OUTER_BOUND('',#161595,.T.);
#161603=ADVANCED_FACE('PartBody',(#161602),#161568,.F.);
#161604=CARTESIAN_POINT('Axis2P3D Location',(8884.49629193,-2286.76109126,1685.50711707));
#161605=DIRECTION('Axis2P3D Direction',(0.08685535191137303,0.4724016899368533,0.8770933765507277));
#161606=DIRECTION('Axis2P3D XDirection',(-0.9835147105149434,0.1808281344279896,-7.256001355319583e-14));
#161607=AXIS2_PLACEMENT_3D('Cylinder Axis2P3D',#161604,#161605,#161606);
#161608=CYLINDRICAL_SURFACE('generated cylinder',#161607,7.);
#161609=B_SPLINE_CURVE_WITH_KNOTS('',5,(#161610,#161611,#161612,#161613,#161614,#161615),.UNSPECIFIED.,.F.,.U.,(6,6),(0.,15.7400669329),.UNSPECIFIED.);
#161610=CARTESIAN_POINT('Control Point',(8883.01526853,-2295.55940059,1683.78762199));
#161611=CARTESIAN_POINT('Control Point',(8880.819593259999,-2295.19390154,1683.80798632));
#161612=CARTESIAN_POINT('Control Point',(8878.74520867,-2294.0623196,1683.40801963));
#161613=CARTESIAN_POINT('Control Point',(8877.27064972,-2292.22870498,1682.57496192));
#161614=CARTESIAN_POINT('Control Point',(8876.75724934,-2290.14254642,1681.51304093));
#161615=CARTESIAN_POINT('Control Point',(8877.111118950001,-2288.21786827,1680.45219953));
#161616=CARTESIAN_POINT('Vertex',(8883.01526853,-2295.55940059,1683.78762199));
#161617=VERTEX_POINT('',#161616);
#161618=EDGE_CURVE('',#161617,#161574,#161609,.T.);
#161619=B_SPLINE_CURVE_WITH_KNOTS('',5,(#161620,#161621,#161622,#161623,#161624,#161625),.UNSPECIFIED.,.F.,.U.,(6,6),(17.9005403509,30.0339189718),.UNSPECIFIED.);
#161620=CARTESIAN_POINT('Control Point',(8879.491250769999,-2275.27245648,1704.48753891));
#161621=CARTESIAN_POINT('Control Point',(8879.126250679999,-2277.2576728,1705.42823308));
#161622=CARTESIAN_POINT('Control Point',(8879.62557774,-2279.40394324,1706.36991167));
#161623=CARTESIAN_POINT('Control Point',(8881.08560561,-2281.29034785,1707.11150708));
#161624=CARTESIAN_POINT('Control Point',(8883.1581604,-2282.4497743,1707.46828151));
#161625=CARTESIAN_POINT('Control Point',(8885.35848289,-2282.81478094,1707.4501569));
#161626=CARTESIAN_POINT('Vertex',(8885.35848289,-2282.81478094,1707.4501569));
#161627=VERTEX_POINT('',#161626);
#161628=EDGE_CURVE('',#161627,#161588,#161619,.F.);
#161629=CARTESIAN_POINT('Line Origine',(8883.51843276,-2292.82271678,1688.86873684));
#161630=DIRECTION('Vector Direction',(0.08685535191137303,0.4724016899368533,0.8770933765507277));
#161631=VECTOR('Line Direction',#161630,1.);
#161632=LINE('Line',#161629,#161631);
#161633=EDGE_CURVE('',#161617,#161627,#161632,.T.);
#161634=EDGE_LOOP('',(#161635,#161636,#161637,#161638));
#161635=ORIENTED_EDGE('',*,*,#161618,.T.);
#161636=ORIENTED_EDGE('',*,*,#161594,.T.);
#161637=ORIENTED_EDGE('',*,*,#161628,.F.);
#161638=ORIENTED_EDGE('',*,*,#161633,.F.);
#161639=FACE_OUTER_BOUND('',#161634,.T.);
#161640=ADVANCED_FACE('PartBody',(#161639),#161608,.F.);
#161641=CARTESIAN_POINT('Line Origine',(8942.586091630001,-2154.63357113,1657.25774985));
#161642=DIRECTION('Vector Direction',(-0.9463402350949567,0.3189416477689854,-0.05211894817459761));
#161643=VECTOR('Line Direction',#161642,1.);
#161644=LINE('Line',#161641,#161643);
#161645=CARTESIAN_POINT('Vertex',(8969.27332832,-2163.62787458,1658.72752853));
#161646=VERTEX_POINT('',#161645);
#161647=CARTESIAN_POINT('Vertex',(8915.89885494,-2145.63926768,1655.78797116));
#161648=VERTEX_POINT('',#161647);
#161649=EDGE_CURVE('',#161646,#161648,#161644,.T.);
#161650=CARTESIAN_POINT('Line Origine',(8915.02957017,-2150.36726182,1642.63891288));
#161651=DIRECTION('Vector Direction',(0.06209061019518868,0.3377075625149384,0.9392009147918288));
#161652=VECTOR('Line Direction',#161651,1.);
#161653=LINE('Line',#161650,#161652);
#161654=EDGE_CURVE('',#161189,#161648,#161653,.T.);
#161655=CARTESIAN_POINT('Line Origine',(8941.95347441,-2159.44132849,1644.12172584));
#161656=DIRECTION('Vector Direction',(0.8739362264405116,-0.1339236407069251,0.4672257811537389));
#161657=VECTOR('Line Direction',#161656,1.);
#161658=LINE('Line',#161655,#161657);
#161659=EDGE_CURVE('',#161191,#161646,#161658,.T.);
#161660=EDGE_LOOP('',(#161661,#161662,#161663,#161664));
#161661=ORIENTED_EDGE('',*,*,#161649,.T.);
#161662=ORIENTED_EDGE('',*,*,#161654,.F.);
#161663=ORIENTED_EDGE('',*,*,#161192,.T.);
#161664=ORIENTED_EDGE('',*,*,#161659,.T.);
#161665=FACE_OUTER_BOUND('',#161660,.T.);
#161666=ADVANCED_FACE('PartBody',(#161665),#161409,.T.);
#161667=CARTESIAN_POINT('Axis2P3D Location',(8911.74059087,-2160.70123415,1639.11925777));
#161668=DIRECTION('Axis2P3D Direction',(0.06209061019508907,0.3377075625149406,0.9392009147918345));
#161669=DIRECTION('Axis2P3D XDirection',(0.3171512502990748,0.8855675172102089,-0.33938953563108));
#161670=AXIS2_PLACEMENT_3D('Cylinder Axis2P3D',#161667,#161668,#161669);
#161671=CYLINDRICAL_SURFACE('generated cylinder',#161670,9.);
#161672=CARTESIAN_POINT('Axis2P3D Location',(8913.04449369,-2153.60937533,1658.84247698));
#161673=DIRECTION('Axis2P3D Direction',(0.06209061019508907,0.3377075625149406,0.9392009147918345));
#161674=AXIS2_PLACEMENT_3D('Circle Axis2P3D',#161672,#161673,$);
#161675=CIRCLE('generated circle',#161674,9.);
#161676=CARTESIAN_POINT('Vertex',(8904.192861289999,-2151.98192212,1658.84247698));
#161677=VERTEX_POINT('',#161676);
#161678=EDGE_CURVE('',#161648,#161677,#161675,.T.);
#161679=CARTESIAN_POINT('Line Origine',(8902.88895848,-2159.07378094,1639.11925777));
#161680=DIRECTION('Vector Direction',(0.06209061019508907,0.3377075625149406,0.9392009147918345));
#161681=VECTOR('Line Direction',#161680,1.);
#161682=LINE('Line',#161679,#161681);
#161683=EDGE_CURVE('',#161210,#161677,#161682,.T.);
#161684=EDGE_LOOP('',(#161685,#161686,#161687,#161688));
#161685=ORIENTED_EDGE('',*,*,#161211,.F.);
#161686=ORIENTED_EDGE('',*,*,#161654,.T.);
#161687=ORIENTED_EDGE('',*,*,#161678,.T.);
#161688=ORIENTED_EDGE('',*,*,#161683,.F.);
#161689=FACE_OUTER_BOUND('',#161684,.T.);
#161690=ADVANCED_FACE('PartBody',(#161689),#161671,.F.);
#161691=CARTESIAN_POINT('Axis2P3D Location',(8914.53269174,-2095.74412824,1642.19648098));
#161692=DIRECTION('Axis2P3D Direction',(0.9835147105149434,-0.1808281344279896,8.457123890079513e-14));
#161693=DIRECTION('Axis2P3D XDirection',(-0.1698339492749548,-0.9237179158267539,0.3433680847929085));
#161694=AXIS2_PLACEMENT_3D('Plane Axis2P3D',#161691,#161692,#161693);
#161695=PLANE('',#161694);
#161696=CARTESIAN_POINT('Line Origine',(8895.82699204,-2197.48344489,1675.75648337));
#161697=DIRECTION('Vector Direction',(-0.1698339492749548,-0.9237179158267539,0.3433680847929085));
#161698=VECTOR('Line Direction',#161697,1.);
#161699=LINE('Line',#161696,#161698);
#161700=CARTESIAN_POINT('Vertex',(8887.46112279,-2242.98496767,1692.67048976));
#161701=VERTEX_POINT('',#161700);
#161702=EDGE_CURVE('',#161677,#161701,#161699,.T.);
#161703=B_SPLINE_CURVE_WITH_KNOTS('',5,(#161704,#161705,#161706,#161707,#161708,#161709),.UNSPECIFIED.,.F.,.U.,(6,6),(0.,0.424913392491),.UNSPECIFIED.);
#161704=CARTESIAN_POINT('Control Point',(8887.445542609999,-2243.06970741,1692.38256908));
#161705=CARTESIAN_POINT('Control Point',(8887.44927375,-2243.04941394,1692.43900738));
#161706=CARTESIAN_POINT('Control Point',(8887.45269998,-2243.03077888,1692.49606212));
#161707=CARTESIAN_POINT('Control Point',(8887.45582307,-2243.01379257,1692.55378229));
#161708=CARTESIAN_POINT('Control Point',(8887.45862935,-2242.99852935,1692.61190957));
#161709=CARTESIAN_POINT('Control Point',(8887.46112279,-2242.98496767,1692.67048976));
#161710=CARTESIAN_POINT('Vertex',(8887.445542609999,-2243.06970741,1692.38256908));
#161711=VERTEX_POINT('',#161710);
#161712=EDGE_CURVE('',#161711,#161701,#161703,.T.);
#161713=CARTESIAN_POINT('Line Origine',(8886.5855722,-2247.74704127,1679.37440246));
#161714=DIRECTION('Vector Direction',(-0.06209061019508907,-0.3377075625149406,-0.9392009147918345));
#161715=VECTOR('Line Direction',#161714,1.);
#161716=LINE('Line',#161713,#161715);
#161717=EDGE_CURVE('',#161711,#161217,#161716,.T.);
#161718=EDGE_LOOP('',(#161719,#161720,#161721,#161722,#161723));
#161719=ORIENTED_EDGE('',*,*,#161218,.F.);
#161720=ORIENTED_EDGE('',*,*,#161683,.T.);
#161721=ORIENTED_EDGE('',*,*,#161702,.T.);
#161722=ORIENTED_EDGE('',*,*,#161712,.F.);
#161723=ORIENTED_EDGE('',*,*,#161717,.T.);
#161724=FACE_OUTER_BOUND('',#161718,.T.);
#161725=ADVANCED_FACE('PartBody',(#161724),#161695,.T.);
#161726=CARTESIAN_POINT('Axis2P3D Location',(8892.074830469999,-2256.60204464,1674.74261321));
#161727=DIRECTION('Axis2P3D Direction',(-0.06209061019508907,-0.3377075625149406,-0.9392009147918345));
#161728=DIRECTION('Axis2P3D XDirection',(-0.9835147105149434,0.1808281344279896,-6.378875679479633e-14));
#161729=AXIS2_PLACEMENT_3D('Cylinder Axis2P3D',#161726,#161727,#161728);
#161730=CYLINDRICAL_SURFACE('generated cylinder',#161729,9.);
#161731=CARTESIAN_POINT('Axis2P3D Location',(8893.36941969,-2249.56084196,1694.32495229));
#161732=DIRECTION('Axis2P3D Direction',(-0.06209061019508907,-0.3377075625149406,-0.9392009147918345));
#161733=AXIS2_PLACEMENT_3D('Circle Axis2P3D',#161731,#161732,$);
#161734=CIRCLE('generated circle',#161733,9.);
#161735=EDGE_CURVE('',#161581,#161711,#161734,.T.);
#161736=EDGE_LOOP('',(#161737,#161738,#161739,#161740));
#161737=ORIENTED_EDGE('',*,*,#161234,.F.);
#161738=ORIENTED_EDGE('',*,*,#161717,.F.);
#161739=ORIENTED_EDGE('',*,*,#161735,.F.);
#161740=ORIENTED_EDGE('',*,*,#161582,.T.);
#161741=FACE_OUTER_BOUND('',#161736,.T.);
#161742=ADVANCED_FACE('PartBody',(#161741),#161730,.F.);
#161743=CARTESIAN_POINT('Axis2P3D Location',(8894.275942599999,-2244.63031155,1708.03728564));
#161744=DIRECTION('Axis2P3D Direction',(0.06209061019508907,0.3377075625149406,0.9392009147918345));
#161745=DIRECTION('Axis2P3D XDirection',(0.1698339493119857,0.9237179158199222,-0.3433680847929711));
#161746=AXIS2_PLACEMENT_3D('Torus Axis2P3D',#161743,#161744,#161745);
#161747=TOROIDAL_SURFACE('homeo Torus',#161746,5.,4.);
#161748=B_SPLINE_CURVE_WITH_KNOTS('',5,(#161749,#161750,#161751,#161752,#161753,#161754,#161755,#161756,#161757,#161758,#161759,#161760,#161761,#161762,#161763),.UNSPECIFIED.,.F.,.U.,(6,3,3,3,6),(0.,2.0618171235,3.76585436877,4.66177816172,9.17653278278),.UNSPECIFIED.);
#161749=CARTESIAN_POINT('Control Point',(8889.94531796,-2243.1889685,1703.54638145));
#161750=CARTESIAN_POINT('Control Point',(8889.994838979999,-2242.91962624,1703.44626048));
#161751=CARTESIAN_POINT('Control Point',(8890.033660929999,-2242.64307508,1703.3494269));
#161752=CARTESIAN_POINT('Control Point',(8890.05411857,-2242.35355544,1703.25752705));
#161753=CARTESIAN_POINT('Control Point',(8889.986562980001,-2241.81547407,1703.14109977));
#161754=CARTESIAN_POINT('Control Point',(8889.776497299999,-2241.31440273,1703.14419526));
#161755=CARTESIAN_POINT('Control Point',(8889.6612902,-2241.10135351,1703.172691));
#161756=CARTESIAN_POINT('Control Point',(8889.47659948,-2240.79071958,1703.24873337));
#161757=CARTESIAN_POINT('Control Point',(8889.2887823,-2240.49856473,1703.37055238));
#161758=CARTESIAN_POINT('Control Point',(8889.22441913,-2240.39967238,1703.41772154));
#161759=CARTESIAN_POINT('Control Point',(8888.84280018,-2239.8143822,1703.73130057));
#161760=CARTESIAN_POINT('Control Point',(8888.51737098,-2239.29163999,1704.2122817));
#161761=CARTESIAN_POINT('Control Point',(8888.34218426,-2238.88950602,1704.70131649));
#161762=CARTESIAN_POINT('Control Point',(8888.27804356,-2238.54177854,1705.24915387));
#161763=CARTESIAN_POINT('Control Point',(8888.330391330001,-2238.25706179,1705.81930256));
#161764=CARTESIAN_POINT('Vertex',(8889.94531796,-2243.1889685,1703.54638145));
#161765=VERTEX_POINT('',#161764);
#161766=EDGE_CURVE('',#161765,#161359,#161748,.T.);
#161767=CARTESIAN_POINT('Axis2P3D Location',(8894.02758016,-2245.9811418,1704.28048198));
#161768=DIRECTION('Axis2P3D Direction',(0.06209061019508907,0.3377075625149406,0.9392009147918345));
#161769=AXIS2_PLACEMENT_3D('Circle Axis2P3D',#161767,#161768,$);
#161770=CIRCLE('generated circle',#161769,5.);
#161771=EDGE_CURVE('',#161765,#161477,#161770,.T.);
#161772=EDGE_LOOP('',(#161773,#161774,#161775,#161776,#161777));
#161773=ORIENTED_EDGE('',*,*,#161766,.T.);
#161774=ORIENTED_EDGE('',*,*,#161360,.F.);
#161775=ORIENTED_EDGE('',*,*,#161338,.T.);
#161776=ORIENTED_EDGE('',*,*,#161483,.T.);
#161777=ORIENTED_EDGE('',*,*,#161771,.F.);
#161778=FACE_OUTER_BOUND('',#161772,.T.);
#161779=ADVANCED_FACE('PartBody',(#161778),#161747,.F.);
#161780=CARTESIAN_POINT('Axis2P3D Location',(8898.41890318,-2205.5066282,1693.37630898));
#161781=DIRECTION('Axis2P3D Direction',(0.1698339492749548,0.9237179158267539,-0.3433680847929085));
#161782=DIRECTION('Axis2P3D XDirection',(-0.06209061019488984,-0.3377075625149447,-0.9392009147918463));
#161783=AXIS2_PLACEMENT_3D('Cylinder Axis2P3D',#161780,#161781,#161782);
#161784=CYLINDRICAL_SURFACE('generated cylinder',#161783,4.);
#161785=CARTESIAN_POINT('Line Origine',(8896.694354970001,-2206.48131121,1689.9012656));
#161786=DIRECTION('Vector Direction',(0.1698339492749548,0.9237179158267539,-0.3433680847929085));
#161787=VECTOR('Line Direction',#161786,1.);
#161788=LINE('Line',#161785,#161787);
#161789=CARTESIAN_POINT('Vertex',(8886.117069469999,-2264.01061062,1711.28628479));
#161790=VERTEX_POINT('',#161789);
#161791=EDGE_CURVE('',#161790,#161765,#161788,.T.);
#161792=CARTESIAN_POINT('Axis2P3D Location',(8887.841617669999,-2263.03592761,1714.76132817));
#161793=DIRECTION('Axis2P3D Direction',(0.1698339492749548,0.9237179158267539,-0.3433680847929085));
#161794=AXIS2_PLACEMENT_3D('Circle Axis2P3D',#161792,#161793,$);
#161795=CIRCLE('generated circle',#161794,4.);
#161796=CARTESIAN_POINT('Vertex',(8887.59325523,-2264.38675786,1711.00452452));
#161797=VERTEX_POINT('',#161796);
#161798=EDGE_CURVE('',#161797,#161790,#161795,.T.);
#161799=CARTESIAN_POINT('Line Origine',(8898.17054073,-2206.85745845,1689.61950532));
#161800=DIRECTION('Vector Direction',(0.1698339492749548,0.9237179158267539,-0.3433680847929085));
#161801=VECTOR('Line Direction',#161800,1.);
#161802=LINE('Line',#161799,#161801);
#161803=CARTESIAN_POINT('Vertex',(8908.74782624,-2149.32815904,1668.23448613));
#161804=VERTEX_POINT('',#161803);
#161805=EDGE_CURVE('',#161797,#161804,#161802,.T.);
#161806=CARTESIAN_POINT('Axis2P3D Location',(8908.996188679999,-2147.97732879,1671.99128979));
#161807=DIRECTION('Axis2P3D Direction',(0.1698339492749548,0.9237179158267539,-0.3433680847929085));
#161808=AXIS2_PLACEMENT_3D('Circle Axis2P3D',#161806,#161807,$);
#161809=CIRCLE('generated circle',#161808,4.);
#161810=EDGE_CURVE('',#161804,#161366,#161809,.T.);
#161811=EDGE_LOOP('',(#161812,#161813,#161814,#161815,#161816,#161817));
#161812=ORIENTED_EDGE('',*,*,#161766,.F.);
#161813=ORIENTED_EDGE('',*,*,#161791,.F.);
#161814=ORIENTED_EDGE('',*,*,#161798,.F.);
#161815=ORIENTED_EDGE('',*,*,#161805,.T.);
#161816=ORIENTED_EDGE('',*,*,#161810,.T.);
#161817=ORIENTED_EDGE('',*,*,#161367,.F.);
#161818=FACE_OUTER_BOUND('',#161811,.T.);
#161819=ADVANCED_FACE('PartBody',(#161818),#161784,.F.);
#161820=CARTESIAN_POINT('Axis2P3D Location',(8913.91376223,-2148.88146946,1671.99128979));
#161821=DIRECTION('Axis2P3D Direction',(0.06209061019508907,0.3377075625149406,0.9392009147918345));
#161822=DIRECTION('Axis2P3D XDirection',(0.3171512502990748,0.8855675172102089,-0.33938953563108));
#161823=AXIS2_PLACEMENT_3D('Torus Axis2P3D',#161820,#161821,#161822);
#161824=TOROIDAL_SURFACE('homeo Torus',#161823,5.,4.);
#161825=CARTESIAN_POINT('Axis2P3D Location',(8913.665399789999,-2150.23229971,1668.23448613));
#161826=DIRECTION('Axis2P3D Direction',(0.06209061019508907,0.3377075625149406,0.9392009147918345));
#161827=AXIS2_PLACEMENT_3D('Circle Axis2P3D',#161825,#161826,$);
#161828=CIRCLE('generated circle',#161827,5.);
#161829=CARTESIAN_POINT('Vertex',(8915.25115604,-2145.80446212,1666.53753845));
#161830=VERTEX_POINT('',#161829);
#161831=EDGE_CURVE('',#161804,#161830,#161828,.F.);
#161832=CARTESIAN_POINT('Axis2P3D Location',(8915.499518479999,-2144.45363187,1670.29434211));
#161833=DIRECTION('Axis2P3D Direction',(0.9463402350949567,-0.3189416477689854,0.05211894817459761));
#161834=AXIS2_PLACEMENT_3D('Circle Axis2P3D',#161832,#161833,$);
#161835=CIRCLE('generated circle',#161834,4.);
#161836=EDGE_CURVE('',#161830,#161391,#161835,.T.);
#161837=EDGE_LOOP('',(#161838,#161839,#161840,#161841));
#161838=ORIENTED_EDGE('',*,*,#161831,.T.);
#161839=ORIENTED_EDGE('',*,*,#161836,.T.);
#161840=ORIENTED_EDGE('',*,*,#161392,.F.);
#161841=ORIENTED_EDGE('',*,*,#161810,.F.);
#161842=FACE_OUTER_BOUND('',#161837,.T.);
#161843=ADVANCED_FACE('PartBody',(#161842),#161824,.F.);
#161844=CARTESIAN_POINT('Axis2P3D Location',(8963.602013629999,-2160.6654429,1672.9435494));
#161845=DIRECTION('Axis2P3D Direction',(-0.9463402350949567,0.3189416477689854,-0.05211894817459761));
#161846=DIRECTION('Axis2P3D XDirection',(0.3171512502990748,0.8855675172102089,-0.33938953563108));
#161847=AXIS2_PLACEMENT_3D('Cylinder Axis2P3D',#161844,#161845,#161846);
#161848=CYLINDRICAL_SURFACE('generated cylinder',#161847,4.);
#161849=B_SPLINE_CURVE_WITH_KNOTS('',5,(#161850,#161851,#161852,#161853,#161854,#161855,#161856,#161857,#161858),.UNSPECIFIED.,.F.,.U.,(6,3,6),(0.57222468696,5.35723385773,13.4133903715),.UNSPECIFIED.);
#161850=CARTESIAN_POINT('Control Point',(8976.10496377,-2164.55402186,1669.63318266));
#161851=CARTESIAN_POINT('Control Point',(8975.84254593,-2163.93007419,1669.64907557));
#161852=CARTESIAN_POINT('Control Point',(8975.46509161,-2163.35534063,1669.7349535));
#161853=CARTESIAN_POINT('Control Point',(8975.0545889,-2162.83371123,1669.84857691));
#161854=CARTESIAN_POINT('Control Point',(8973.8536171,-2161.51860593,1670.22213757));
#161855=CARTESIAN_POINT('Control Point',(8972.480624600001,-2160.4260764,1670.72945184));
#161856=CARTESIAN_POINT('Control Point',(8971.588300650001,-2159.80666789,1671.07685872));
#161857=CARTESIAN_POINT('Control Point',(8970.665310480001,-2159.24959184,1671.45253448));
#161858=CARTESIAN_POINT('Control Point',(8969.71913627,-2158.75725131,1671.85301958));
#161859=CARTESIAN_POINT('Vertex',(8976.104963899999,-2164.55402122,1669.63318429));
#161860=VERTEX_POINT('',#161859);
#161861=EDGE_CURVE('',#161860,#161415,#161849,.T.);
#161862=CARTESIAN_POINT('Line Origine',(8963.35365119,-2162.01627315,1669.18674574));
#161863=DIRECTION('Vector Direction',(-0.9463402350949567,0.3189416477689854,-0.05211894817459761));
#161864=VECTOR('Line Direction',#161863,1.);
#161865=LINE('Line',#161862,#161864);
#161866=CARTESIAN_POINT('Vertex',(8975.80029128,-2166.21111953,1669.87223471));
#161867=VERTEX_POINT('',#161866);
#161868=EDGE_CURVE('',#161830,#161867,#161865,.F.);
#161869=B_SPLINE_CURVE_WITH_KNOTS('',3,(#161870,#161871,#161872,#161873),.UNSPECIFIED.,.F.,.U.,(4,4),(6.51351336249,8.93785167888),.UNSPECIFIED.);
#161870=CARTESIAN_POINT('Control Point',(8976.10496377,-2164.55402186,1669.63318266));
#161871=CARTESIAN_POINT('Control Point',(8976.00187756,-2165.11470226,1669.59376458));
#161872=CARTESIAN_POINT('Control Point',(8975.897338139999,-2165.68328677,1669.67602662));
#161873=CARTESIAN_POINT('Control Point',(8975.80029128,-2166.21111953,1669.87223471));
#161874=EDGE_CURVE('',#161860,#161867,#161869,.T.);
#161875=EDGE_LOOP('',(#161876,#161877,#161878,#161879,#161880));
#161876=ORIENTED_EDGE('',*,*,#161861,.T.);
#161877=ORIENTED_EDGE('',*,*,#161416,.F.);
#161878=ORIENTED_EDGE('',*,*,#161836,.F.);
#161879=ORIENTED_EDGE('',*,*,#161868,.T.);
#161880=ORIENTED_EDGE('',*,*,#161874,.F.);
#161881=FACE_OUTER_BOUND('',#161875,.T.);
#161882=ADVANCED_FACE('PartBody',(#161881),#161848,.F.);
#161883=CARTESIAN_POINT('Axis2P3D Location',(8885.335784299999,-2265.6047977,1716.17009552));
#161884=DIRECTION('Axis2P3D Direction',(-0.08902829845238103,-0.4842202318628968,-0.8704049225098145));
#161885=DIRECTION('Axis2P3D XDirection',(-0.9894620323097504,0.1431794690179639,0.02155287148369456));
#161886=AXIS2_PLACEMENT_3D('Sphere Axis2P3D',#161883,#161884,#161885);
#161887=SPHERICAL_SURFACE('',#161886,4.);
#161888=CARTESIAN_POINT('Axis2P3D Location',(8885.335784299999,-2265.6047977,1716.17009552));
#161889=DIRECTION('Axis2P3D Direction',(-0.9835147105145878,0.1808281344299242,-9.441891712916045e-13));
#161890=AXIS2_PLACEMENT_3D('Circle Axis2P3D',#161888,#161889,$);
#161891=CIRCLE('generated circle',#161890,4.);
#161892=EDGE_CURVE('',#161441,#161470,#161891,.F.);
#161893=EDGE_LOOP('',(#161894,#161895,#161896));
#161894=ORIENTED_EDGE('',*,*,#161892,.T.);
#161895=ORIENTED_EDGE('',*,*,#161471,.F.);
#161896=ORIENTED_EDGE('',*,*,#161447,.F.);
#161897=FACE_OUTER_BOUND('',#161893,.T.);
#161898=ADVANCED_FACE('PartBody',(#161897),#161887,.F.);
#161899=CARTESIAN_POINT('Axis2P3D Location',(8879.208715070001,-2276.80915328,1718.43439591));
#161900=DIRECTION('Axis2P3D Direction',(-0.08902829845218263,-0.4842202318629055,-0.8704049225098301));
#161901=DIRECTION('Axis2P3D XDirection',(0.1573936983340558,0.8560560453933037,-0.4923365422861747));
#161902=AXIS2_PLACEMENT_3D('Plane Axis2P3D',#161899,#161900,#161901);
#161903=PLANE('',#161902);
#161904=B_SPLINE_CURVE_WITH_KNOTS('',5,(#161905,#161906,#161907,#161908,#161909,#161910,#161911,#161912,#161913),.UNSPECIFIED.,.F.,.U.,(6,3,6),(1.84977770731,6.55418857552,6.8762491533),.UNSPECIFIED.);
#161905=CARTESIAN_POINT('Control Point',(8941.9399338,-2280.1809078,1713.89377142));
#161906=CARTESIAN_POINT('Control Point',(8941.432114269999,-2280.53236729,1714.14123567));
#161907=CARTESIAN_POINT('Control Point',(8940.96362789,-2280.92670973,1714.40853325));
#161908=CARTESIAN_POINT('Control Point',(8940.54025611,-2281.3599287,1714.69284399));
#161909=CARTESIAN_POINT('Control Point',(8940.14133873,-2281.85900657,1715.01129179));
#161910=CARTESIAN_POINT('Control Point',(8939.803646910001,-2282.39033432,1715.34141834));
#161911=CARTESIAN_POINT('Control Point',(8939.78226253,-2282.42450862,1715.36261733));
#161912=CARTESIAN_POINT('Control Point',(8939.76113182,-2282.45881168,1715.383862));
#161913=CARTESIAN_POINT('Control Point',(8939.74025588,-2282.49324167,1715.40515122));
#161914=CARTESIAN_POINT('Vertex',(8941.93993525,-2280.18090804,1713.8937714));
#161915=VERTEX_POINT('',#161914);
#161916=EDGE_CURVE('',#161915,#161544,#161904,.T.);
#161917=B_SPLINE_CURVE_WITH_KNOTS('',5,(#161918,#161919,#161920,#161921,#161922,#161923),.UNSPECIFIED.,.F.,.U.,(6,6),(56.3620829945,128.980397834),.UNSPECIFIED.);
#161918=CARTESIAN_POINT('Control Point',(8941.93993525,-2280.18090804,1713.8937714));
#161919=CARTESIAN_POINT('Control Point',(8931.85826755,-2278.5562957,1714.02116448));
#161920=CARTESIAN_POINT('Control Point',(8921.78524023,-2276.92982197,1714.14663825));
#161921=CARTESIAN_POINT('Control Point',(8911.69727223,-2275.29829126,1714.27082694));
#161922=CARTESIAN_POINT('Control Point',(8901.56033086,-2273.65647143,1714.39430081));
#161923=CARTESIAN_POINT('Control Point',(8891.423704459999,-2272.01262295,1714.5166139));
#161924=CARTESIAN_POINT('Vertex',(8891.423704459999,-2272.01262295,1714.5166139));
#161925=VERTEX_POINT('',#161924);
#161926=EDGE_CURVE('',#161915,#161925,#161917,.T.);
#161927=B_SPLINE_CURVE_WITH_KNOTS('',5,(#161928,#161929,#161930,#161931,#161932,#161933,#161934,#161935,#161936,#161937,#161938,#161939,#161940,#161941,#161942),.UNSPECIFIED.,.F.,.U.,(6,3,3,3,6),(0.,1.78083683994,3.86706604889,6.59222816109,8.68557554591),.UNSPECIFIED.);
#161928=CARTESIAN_POINT('Control Point',(8886.599078949999,-2267.83942151,1712.68847583));
#161929=CARTESIAN_POINT('Control Point',(8886.62960817,-2268.08306127,1712.8208939));
#161930=CARTESIAN_POINT('Control Point',(8886.68551628,-2268.32762637,1712.9512309));
#161931=CARTESIAN_POINT('Control Point',(8886.764343070001,-2268.57026374,1713.07815126));
#161932=CARTESIAN_POINT('Control Point',(8886.98171518,-2269.08847248,1713.34420546));
#161933=CARTESIAN_POINT('Control Point',(8887.292159500001,-2269.58029336,1713.5860599));
#161934=CARTESIAN_POINT('Control Point',(8887.48429794,-2269.83531961,1713.70828245));
#161935=CARTESIAN_POINT('Control Point',(8887.97898299,-2270.39471705,1713.96888597));
#161936=CARTESIAN_POINT('Control Point',(8888.58047126,-2270.87856884,1714.176538));
#161937=CARTESIAN_POINT('Control Point',(8888.95037472,-2271.12449911,1714.27551784));
#161938=CARTESIAN_POINT('Control Point',(8889.646583969999,-2271.50420875,1714.4155455));
#161939=CARTESIAN_POINT('Control Point',(8890.400552970001,-2271.77979217,1714.49173819));
#161940=CARTESIAN_POINT('Control Point',(8890.73656121,-2271.87888522,1714.51249705));
#161941=CARTESIAN_POINT('Control Point',(8891.07846517,-2271.95663578,1714.52077971));
#161942=CARTESIAN_POINT('Control Point',(8891.423704459999,-2272.01262295,1714.5166139));
#161943=CARTESIAN_POINT('Vertex',(8886.599078949999,-2267.83942151,1712.68847583));
#161944=VERTEX_POINT('',#161943);
#161945=EDGE_CURVE('',#161944,#161925,#161927,.T.);
#161946=CARTESIAN_POINT('Line Origine',(8885.789375030001,-2267.69055007,1712.68847583));
#161947=DIRECTION('Vector Direction',(0.9835147105149434,-0.1808281344279896,0));
#161948=VECTOR('Line Direction',#161947,1.);
#161949=LINE('Line',#161946,#161948);
#161950=EDGE_CURVE('',#161441,#161944,#161949,.T.);
#161951=EDGE_LOOP('',(#161952,#161953,#161954,#161955,#161956,#161957,#161958));
#161952=ORIENTED_EDGE('',*,*,#161916,.F.);
#161953=ORIENTED_EDGE('',*,*,#161926,.T.);
#161954=ORIENTED_EDGE('',*,*,#161945,.F.);
#161955=ORIENTED_EDGE('',*,*,#161950,.F.);
#161956=ORIENTED_EDGE('',*,*,#161442,.F.);
#161957=ORIENTED_EDGE('',*,*,#161508,.F.);
#161958=ORIENTED_EDGE('',*,*,#161550,.F.);
#161959=FACE_OUTER_BOUND('',#161951,.T.);
#161960=ADVANCED_FACE('PartBody',(#161959),#161903,.F.);
#161961=CARTESIAN_POINT('Axis2P3D Location',(86.5318684681,470.642280506,1309.7307266));
#161962=DIRECTION('Axis2P3D Direction',(0.06209061019508907,0.3377075625149406,0.9392009147918345));
#161963=DIRECTION('Axis2P3D XDirection',(-0.9835147105149434,0.1808281344279896,-1.540756846609911e-17));
#161964=AXIS2_PLACEMENT_3D('Plane Axis2P3D',#161961,#161962,#161963);
#161965=PLANE('',#161964);
#161966=CARTESIAN_POINT('Line Origine',(8979.50483407,-2284.31512886,1712.41329186));
#161967=DIRECTION('Vector Direction',(-0.9835147105149434,0.1808281344279896,0));
#161968=VECTOR('Line Direction',#161967,1.);
#161969=LINE('Line',#161966,#161968);
#161970=CARTESIAN_POINT('Vertex',(8886.431443420001,-2267.20273855,1712.41329186));
#161971=VERTEX_POINT('',#161970);
#161972=EDGE_CURVE('',#161470,#161971,#161969,.F.);
#161973=B_SPLINE_CURVE_WITH_KNOTS('',4,(#161974,#161975,#161976,#161977,#161978),.UNSPECIFIED.,.F.,.U.,(5,5),(0.,4.33442264202),.UNSPECIFIED.);
#161974=CARTESIAN_POINT('Control Point',(8886.431443420001,-2267.20273855,1712.41329186));
#161975=CARTESIAN_POINT('Control Point',(8886.13188872,-2266.43817712,1712.15818282));
#161976=CARTESIAN_POINT('Control Point',(8885.973725440001,-2265.6267293,1711.8768675));
#161977=CARTESIAN_POINT('Control Point',(8885.9710352,-2264.80488334,1711.58153499));
#161978=CARTESIAN_POINT('Control Point',(8886.117069469999,-2264.01061062,1711.28628479));
#161979=EDGE_CURVE('',#161971,#161790,#161973,.T.);
#161980=EDGE_LOOP('',(#161981,#161982,#161983,#161984,#161985));
#161981=ORIENTED_EDGE('',*,*,#161771,.T.);
#161982=ORIENTED_EDGE('',*,*,#161478,.T.);
#161983=ORIENTED_EDGE('',*,*,#161972,.T.);
#161984=ORIENTED_EDGE('',*,*,#161979,.T.);
#161985=ORIENTED_EDGE('',*,*,#161791,.T.);
#161986=FACE_OUTER_BOUND('',#161980,.T.);
#161987=ADVANCED_FACE('PartBody',(#161986),#161965,.T.);
#161988=CARTESIAN_POINT('Axis2P3D Location',(8886.136353809999,-2261.25054226,1699.00638477));
#161989=DIRECTION('Axis2P3D Direction',(0.1698339492749548,0.9237179158267539,-0.3433680847929085));
#161990=DIRECTION('Axis2P3D XDirection',(-0.9835147105149434,0.1808281344279896,-7.924976879749544e-14));
#161991=AXIS2_PLACEMENT_3D('Cylinder Axis2P3D',#161988,#161989,#161990);
#161992=CYLINDRICAL_SURFACE('generated cylinder',#161991,4.);
#161993=CARTESIAN_POINT('Axis2P3D Location',(8888.45184614,-2248.65670129,1694.32495229));
#161994=DIRECTION('Axis2P3D Direction',(0.1698339492749548,0.9237179158267539,-0.3433680847929085));
#161995=AXIS2_PLACEMENT_3D('Circle Axis2P3D',#161993,#161994,$);
#161996=CIRCLE('generated circle',#161995,4.);
#161997=CARTESIAN_POINT('Vertex',(8888.70020858,-2247.30587104,1698.08175595));
#161998=VERTEX_POINT('',#161997);
#161999=EDGE_CURVE('',#161581,#161998,#161996,.T.);
#162000=CARTESIAN_POINT('Line Origine',(8886.384716250001,-2259.89971201,1702.76318842));
#162001=DIRECTION('Vector Direction',(0.1698339492749548,0.9237179158267539,-0.3433680847929085));
#162002=VECTOR('Line Direction',#162001,1.);
#162003=LINE('Line',#162000,#162002);
#162004=CARTESIAN_POINT('Vertex',(8883.673672049999,-2274.64493873,1708.24434254));
#162005=VERTEX_POINT('',#162004);
#162006=EDGE_CURVE('',#162005,#161998,#162003,.T.);
#162007=CARTESIAN_POINT('Axis2P3D Location',(8883.42530961,-2275.99576903,1704.4875389));
#162008=DIRECTION('Axis2P3D Direction',(0.1698339492749548,0.9237179158267539,-0.3433680847929085));
#162009=AXIS2_PLACEMENT_3D('Circle Axis2P3D',#162007,#162008,$);
#162010=CIRCLE('generated circle',#162009,4.);
#162011=EDGE_CURVE('',#161588,#162005,#162010,.T.);
#162012=EDGE_LOOP('',(#162013,#162014,#162015,#162016));
#162013=ORIENTED_EDGE('',*,*,#161589,.T.);
#162014=ORIENTED_EDGE('',*,*,#161999,.T.);
#162015=ORIENTED_EDGE('',*,*,#162006,.F.);
#162016=ORIENTED_EDGE('',*,*,#162011,.F.);
#162017=FACE_OUTER_BOUND('',#162012,.T.);
#162018=ADVANCED_FACE('PartBody',(#162017),#161992,.F.);
#162019=B_SPLINE_SURFACE_WITH_KNOTS('',5,5,((#162020,#162021,#162022,#162023,#162024,#162025,#162026,#162027,#162028),(#162029,#162030,#162031,#162032,#162033,#162034,#162035,#162036,#162037),(#162038,#162039,#162040,#162041,#162042,#162043,#162044,#162045,#162046),(#162047,#162048,#162049,#162050,#162051,#162052,#162053,#162054,#162055),(#162056,#162057,#162058,#162059,#162060,#162061,#162062,#162063,#162064),(#162065,#162066,#162067,#162068,#162069,#162070,#162071,#162072,#162073),(#162074,#162075,#162076,#162077,#162078,#162079,#162080,#162081,#162082),(#162083,#162084,#162085,#162086,#162087,#162088,#162089,#162090,#162091),(#162092,#162093,#162094,#162095,#162096,#162097,#162098,#162099,#162100)),.UNSPECIFIED.,.F.,.F.,.U.,(6,3,6),(6,3,6),(17.9005403509,21.9367222922,30.0339189718),(0.,2.,4.),.UNSPECIFIED.);
#162020=CARTESIAN_POINT('Control Point',(8883.673672049999,-2274.64493873,1708.24434254));
#162021=CARTESIAN_POINT('Control Point',(8883.05571158,-2274.53132122,1708.2443425));
#162022=CARTESIAN_POINT('Control Point',(8882.430082909999,-2274.45935554,1708.12849921));
#162023=CARTESIAN_POINT('Control Point',(8881.828592350001,-2274.43495431,1707.89663855));
#162024=CARTESIAN_POINT('Control Point',(8880.73876572,-2274.48390445,1707.2259138));
#162025=CARTESIAN_POINT('Control Point',(8879.970391520001,-2274.71375338,1706.22753487));
#162026=CARTESIAN_POINT('Control Point',(8879.69058584,-2274.87038174,1705.66778314));
#162027=CARTESIAN_POINT('Control Point',(8879.53026342,-2275.06026923,1705.07765653));
#162028=CARTESIAN_POINT('Control Point',(8879.491250630001,-2275.2724571,1704.48753925));
#162029=CARTESIAN_POINT('Control Point',(8883.619251,-2274.94093199,1708.35437033));
#162030=CARTESIAN_POINT('Control Point',(8882.996378719999,-2274.88905868,1708.37689625));
#162031=CARTESIAN_POINT('Control Point',(8882.3659931,-2274.87799883,1708.28591397));
#162032=CARTESIAN_POINT('Control Point',(8881.759510379999,-2274.91036382,1708.08009997));
#162033=CARTESIAN_POINT('Control Point',(8880.658401090001,-2275.05838962,1707.46050193));
#162034=CARTESIAN_POINT('Control Point',(8879.87556378,-2275.35045515,1706.50475167));
#162035=CARTESIAN_POINT('Control Point',(8879.58757408,-2275.52695889,1705.96255165));
#162036=CARTESIAN_POINT('Control Point',(8879.418238009999,-2275.72459358,1705.38463125));
#162037=CARTESIAN_POINT('Control Point',(8879.36983274,-2275.93284314,1704.80046311));
#162038=CARTESIAN_POINT('Control Point',(8883.60596406,-2275.24447467,1708.46439328));
#162039=CARTESIAN_POINT('Control Point',(8882.986882699999,-2275.25436436,1708.50887659));
#162040=CARTESIAN_POINT('Control Point',(8882.360441029999,-2275.30423955,1708.44215723));
#162041=CARTESIAN_POINT('Control Point',(8881.757212500001,-2275.39357193,1708.26184957));
#162042=CARTESIAN_POINT('Control Point',(8880.65950625,-2275.64172099,1707.69262721));
#162043=CARTESIAN_POINT('Control Point',(8879.871982410001,-2275.99856296,1706.77970583));
#162044=CARTESIAN_POINT('Control Point',(8879.57914297,-2276.19665941,1706.25546945));
#162045=CARTESIAN_POINT('Control Point',(8879.402374990001,-2276.40415734,1705.69051598));
#162046=CARTESIAN_POINT('Control Point',(8879.3443943,-2276.61084563,1705.11337309));
#162047=CARTESIAN_POINT('Control Point',(8883.63505585,-2275.54875545,1708.57187996));
#162048=CARTESIAN_POINT('Control Point',(8883.028139890001,-2275.61901705,1708.63726702));
#162049=CARTESIAN_POINT('Control Point',(8882.414011270001,-2275.72846554,1708.59367475));
#162050=CARTESIAN_POINT('Control Point',(8881.82202521,-2275.87366639,1708.4377632));
#162051=CARTESIAN_POINT('Control Point',(8880.74219239,-2276.22070328,1707.9170247));
#162052=CARTESIAN_POINT('Control Point',(8879.960297310001,-2276.64342823,1707.04613189));
#162053=CARTESIAN_POINT('Control Point',(8879.6664397,-2276.86436459,1706.53984105));
#162054=CARTESIAN_POINT('Control Point',(8879.484546219999,-2277.08365826,1705.9882943));
#162055=CARTESIAN_POINT('Control Point',(8879.417711300001,-2277.29126761,1705.41906962));
#162056=CARTESIAN_POINT('Control Point',(8883.848116900001,-2276.44426591,1708.87979232));
#162057=CARTESIAN_POINT('Control Point',(8883.3009367,-2276.68834178,1709.00372871));
#162058=CARTESIAN_POINT('Control Point',(8882.74696215,-2276.96934247,1709.02498276));
#162059=CARTESIAN_POINT('Control Point',(8882.21102026,-2277.27587941,1708.9376812));
#162060=CARTESIAN_POINT('Control Point',(8881.22591438,-2277.91026791,1708.55403349));
#162061=CARTESIAN_POINT('Control Point',(8880.492134030001,-2278.5293259,1707.80397251));
#162062=CARTESIAN_POINT('Control Point',(8880.207658859999,-2278.82051976,1707.35004786));
#162063=CARTESIAN_POINT('Control Point',(8880.01910188,-2279.07939374,1706.83871551));
#162064=CARTESIAN_POINT('Control Point',(8879.930425349999,-2279.29609365,1706.29478479));
#162065=CARTESIAN_POINT('Control Point',(8884.41608447,-2277.22164863,1709.12176671));
#162066=CARTESIAN_POINT('Control Point',(8883.991209420001,-2277.60779872,1709.2887025));
#162067=CARTESIAN_POINT('Control Point',(8883.55985824,-2278.02915453,1709.35773959));
#162068=CARTESIAN_POINT('Control Point',(8883.140305700001,-2278.46878992,1709.32146454));
#162069=CARTESIAN_POINT('Control Point',(8882.3623687,-2279.34447913,1709.04146076));
#162070=CARTESIAN_POINT('Control Point',(8881.76576583,-2280.13993467,1708.38731419));
#162071=CARTESIAN_POINT('Control Point',(8881.527639399999,-2280.49929302,1707.97670143));
#162072=CARTESIAN_POINT('Control Point',(8881.36037948,-2280.80391931,1707.50107272));
#162073=CARTESIAN_POINT('Control Point',(8881.267921909999,-2281.04343056,1706.98297197));
#162074=CARTESIAN_POINT('Control Point',(8884.932720049999,-2277.63339565,1709.23566339));
#162075=CARTESIAN_POINT('Control Point',(8884.610632669999,-2278.09253398,1709.42204898));
#162076=CARTESIAN_POINT('Control Point',(8884.28221607,-2278.58608543,1709.51274116));
#162077=CARTESIAN_POINT('Control Point',(8883.96103805,-2279.09454009,1709.49971603));
#162078=CARTESIAN_POINT('Control Point',(8883.36131,-2280.0962476,1709.26738687));
#162079=CARTESIAN_POINT('Control Point',(8882.89178158,-2280.98716249,1708.65860089));
#162080=CARTESIAN_POINT('Control Point',(8882.70086696,-2281.38476901,1708.26893122));
#162081=CARTESIAN_POINT('Control Point',(8882.56217834,-2281.71693078,1707.81120249));
#162082=CARTESIAN_POINT('Control Point',(8882.47916676,-2281.97284257,1707.30689793));
#162083=CARTESIAN_POINT('Control Point',(8885.53622292,-2277.8962717,1709.29028788));
#162084=CARTESIAN_POINT('Control Point',(8885.330087230001,-2278.40282312,1709.48605572));
#162085=CARTESIAN_POINT('Control Point',(8885.117693480001,-2278.94340641,1709.5871912));
#162086=CARTESIAN_POINT('Control Point',(8884.907704810001,-2279.49676347,1709.58536975));
#162087=CARTESIAN_POINT('Control Point',(8884.51089646,-2280.58067014,1709.37598218));
#162088=CARTESIAN_POINT('Control Point',(8884.19049897,-2281.5335158,1708.78893667));
#162089=CARTESIAN_POINT('Control Point',(8884.056958499999,-2281.95574791,1708.409273));
#162090=CARTESIAN_POINT('Control Point',(8883.95591499,-2282.30533767,1707.96005348));
#162091=CARTESIAN_POINT('Control Point',(8883.89010013,-2282.57119416,1707.46225234));
#162092=CARTESIAN_POINT('Control Point',(8886.165622,-2278.00016468,1709.28603498));
#162093=CARTESIAN_POINT('Control Point',(8886.08000238,-2278.52684504,1709.48107324));
#162094=CARTESIAN_POINT('Control Point',(8885.98812029,-2279.08758715,1709.5813966));
#162095=CARTESIAN_POINT('Control Point',(8885.89357163,-2279.66026676,1709.57870375));
#162096=CARTESIAN_POINT('Control Point',(8885.707411060001,-2280.77941071,1709.36753131));
#162097=CARTESIAN_POINT('Control Point',(8885.541892880001,-2281.75804424,1708.77879292));
#162098=CARTESIAN_POINT('Control Point',(8885.467996679999,-2282.19014475,1708.39834957));
#162099=CARTESIAN_POINT('Control Point',(8885.40619564,-2282.54612853,1707.94846627));
#162100=CARTESIAN_POINT('Control Point',(8885.35848289,-2282.81478094,1707.4501569));
#162101=B_SPLINE_CURVE_WITH_KNOTS('',5,(#162102,#162103,#162104,#162105,#162106,#162107,#162108,#162109,#162110),.UNSPECIFIED.,.F.,.U.,(6,3,6),(17.9005403509,21.9367222922,30.0339189718),.UNSPECIFIED.);
#162102=CARTESIAN_POINT('Control Point',(8883.673672049999,-2274.64493873,1708.24434254));
#162103=CARTESIAN_POINT('Control Point',(8883.619251,-2274.94093199,1708.35437033));
#162104=CARTESIAN_POINT('Control Point',(8883.60596406,-2275.24447467,1708.46439328));
#162105=CARTESIAN_POINT('Control Point',(8883.63505585,-2275.54875545,1708.57187996));
#162106=CARTESIAN_POINT('Control Point',(8883.848116900001,-2276.44426591,1708.87979232));
#162107=CARTESIAN_POINT('Control Point',(8884.41608447,-2277.22164863,1709.12176671));
#162108=CARTESIAN_POINT('Control Point',(8884.932720049999,-2277.63339565,1709.23566339));
#162109=CARTESIAN_POINT('Control Point',(8885.53622292,-2277.8962717,1709.29028788));
#162110=CARTESIAN_POINT('Control Point',(8886.165622,-2278.00016468,1709.28603498));
#162111=CARTESIAN_POINT('Vertex',(8886.165622,-2278.00016468,1709.28603498));
#162112=VERTEX_POINT('',#162111);
#162113=EDGE_CURVE('',#162112,#162005,#162101,.F.);
#162114=B_SPLINE_CURVE_WITH_KNOTS('',5,(#162115,#162116,#162117,#162118,#162119,#162120),.UNSPECIFIED.,.F.,.U.,(6,6),(0.,4.),.UNSPECIFIED.);
#162115=CARTESIAN_POINT('Control Point',(8886.165622,-2278.00016468,1709.28603498));
#162116=CARTESIAN_POINT('Control Point',(8885.994382749999,-2279.05352541,1709.67611151));
#162117=CARTESIAN_POINT('Control Point',(8885.79805471,-2280.24340629,1709.68823826));
#162118=CARTESIAN_POINT('Control Point',(8885.60562894,-2281.39123355,1709.25055625));
#162119=CARTESIAN_POINT('Control Point',(8885.453908379999,-2282.27747612,1708.44677565));
#162120=CARTESIAN_POINT('Control Point',(8885.35848289,-2282.81478094,1707.4501569));
#162121=EDGE_CURVE('',#161627,#162112,#162114,.F.);
#162122=EDGE_LOOP('',(#162123,#162124,#162125,#162126));
#162123=ORIENTED_EDGE('',*,*,#161628,.T.);
#162124=ORIENTED_EDGE('',*,*,#162011,.T.);
#162125=ORIENTED_EDGE('',*,*,#162113,.F.);
#162126=ORIENTED_EDGE('',*,*,#162121,.F.);
#162127=FACE_OUTER_BOUND('',#162122,.T.);
#162128=ADVANCED_FACE('PartBody',(#162127),#162019,.T.);
#162129=CARTESIAN_POINT('Axis2P3D Location',(8977.623983920001,-2294.48874238,1704.90956126));
#162130=DIRECTION('Axis2P3D Direction',(-0.9866267554270974,0.1628594495870161,0.006666720004080659));
#162131=DIRECTION('Axis2P3D XDirection',(-0.1396941667870545,-0.8659465026193378,0.4802313966901873));
#162132=AXIS2_PLACEMENT_3D('Cylinder Axis2P3D',#162129,#162130,#162131);
#162133=CYLINDRICAL_SURFACE('generated cylinder',#162132,4.);
#162134=B_SPLINE_CURVE_WITH_KNOTS('',4,(#162135,#162136,#162137,#162138,#162139),.UNSPECIFIED.,.F.,.U.,(5,5),(0.183560933181,4.10628033946),.UNSPECIFIED.);
#162135=CARTESIAN_POINT('Control Point',(8938.003393929999,-2289.43893554,1708.895703));
#162136=CARTESIAN_POINT('Control Point',(8937.89505759,-2290.07467557,1708.6408189));
#162137=CARTESIAN_POINT('Control Point',(8937.79497352,-2290.65245242,1708.23657154));
#162138=CARTESIAN_POINT('Control Point',(8937.71220503,-2291.11912259,1707.7050215));
#162139=CARTESIAN_POINT('Control Point',(8937.651893390001,-2291.44669367,1707.09680593));
#162140=CARTESIAN_POINT('Vertex',(8938.003393929999,-2289.43893554,1708.895703));
#162141=VERTEX_POINT('',#162140);
#162142=CARTESIAN_POINT('Vertex',(8937.651893390001,-2291.44669367,1707.09680593));
#162143=VERTEX_POINT('',#162142);
#162144=EDGE_CURVE('',#162141,#162143,#162134,.T.);
#162145=CARTESIAN_POINT('Line Origine',(8977.06520725,-2297.95252839,1706.83048685));
#162146=DIRECTION('Vector Direction',(-0.9866267554270974,0.1628594495870161,0.006666720004080659));
#162147=VECTOR('Line Direction',#162146,1.);
#162148=LINE('Line',#162145,#162147);
#162149=EDGE_CURVE('',#162143,#161627,#162148,.T.);
#162150=CARTESIAN_POINT('Line Origine',(8977.87234636,-2293.13791213,1708.66636492));
#162151=DIRECTION('Vector Direction',(-0.9866267554270974,0.1628594495870161,0.006666720004080659));
#162152=VECTOR('Line Direction',#162151,1.);
#162153=LINE('Line',#162150,#162152);
#162154=CARTESIAN_POINT('Vertex',(8886.41914907,-2278.04201361,1709.28432187));
#162155=VERTEX_POINT('',#162154);
#162156=EDGE_CURVE('',#162155,#162112,#162153,.T.);
#162157=B_SPLINE_CURVE_WITH_KNOTS('',5,(#162158,#162159,#162160,#162161,#162162,#162163,#162164,#162165,#162166,#162167,#162168,#162169,#162170,#162171,#162172),.UNSPECIFIED.,.F.,.U.,(6,3,3,3,6),(0.,0.947754694476,1.65409732523,2.69255740029,6.07949571224),.UNSPECIFIED.);
#162158=CARTESIAN_POINT('Control Point',(8889.69665998,-2281.44837023,1709.22861264));
#162159=CARTESIAN_POINT('Control Point',(8889.53835705,-2281.42218503,1709.22970339));
#162160=CARTESIAN_POINT('Control Point',(8889.384372799999,-2281.37034542,1709.24094351));
#162161=CARTESIAN_POINT('Control Point',(8889.24468312,-2281.29510106,1709.2619446));
#162162=CARTESIAN_POINT('Control Point',(8889.023260440001,-2281.14369711,1709.30396893));
#162163=CARTESIAN_POINT('Control Point',(8888.831618669999,-2280.96571759,1709.34967678));
#162164=CARTESIAN_POINT('Control Point',(8888.754057980001,-2280.88639927,1709.36888543));
#162165=CARTESIAN_POINT('Control Point',(8888.570884250001,-2280.68443995,1709.41425769));
#162166=CARTESIAN_POINT('Control Point',(8888.403606690001,-2280.47060352,1709.45249663));
#162167=CARTESIAN_POINT('Control Point',(8888.307226159999,-2280.34071492,1709.47168354));
#162168=CARTESIAN_POINT('Control Point',(8887.904454379999,-2279.78068275,1709.53655731));
#162169=CARTESIAN_POINT('Control Point',(8887.511872769999,-2279.20582015,1709.52665838));
#162170=CARTESIAN_POINT('Control Point',(8887.173117570001,-2278.78644545,1709.46967977));
#162171=CARTESIAN_POINT('Control Point',(8886.80364063,-2278.40286157,1709.38865287));
#162172=CARTESIAN_POINT('Control Point',(8886.41914907,-2278.04201361,1709.28432187));
#162173=CARTESIAN_POINT('Vertex',(8889.69665998,-2281.44837023,1709.22861264));
#162174=VERTEX_POINT('',#162173);
#162175=EDGE_CURVE('',#162174,#162155,#162157,.T.);
#162176=B_SPLINE_CURVE_WITH_KNOTS('',3,(#162177,#162178,#162179,#162180),.UNSPECIFIED.,.F.,.U.,(4,4),(59.3346825513,128.5806284),.UNSPECIFIED.);
#162177=CARTESIAN_POINT('Control Point',(8938.003393929999,-2289.43893554,1708.895703));
#162178=CARTESIAN_POINT('Control Point',(8921.901152169999,-2286.77539715,1709.00669363));
#162179=CARTESIAN_POINT('Control Point',(8905.79890752,-2284.11187538,1709.11766339));
#162180=CARTESIAN_POINT('Control Point',(8889.69665998,-2281.44837023,1709.22861264));
#162181=EDGE_CURVE('',#162141,#162174,#162176,.T.);
#162182=EDGE_LOOP('',(#162183,#162184,#162185,#162186,#162187,#162188));
#162183=ORIENTED_EDGE('',*,*,#162144,.T.);
#162184=ORIENTED_EDGE('',*,*,#162149,.T.);
#162185=ORIENTED_EDGE('',*,*,#162121,.T.);
#162186=ORIENTED_EDGE('',*,*,#162156,.F.);
#162187=ORIENTED_EDGE('',*,*,#162175,.F.);
#162188=ORIENTED_EDGE('',*,*,#162181,.F.);
#162189=FACE_OUTER_BOUND('',#162182,.T.);
#162190=ADVANCED_FACE('PartBody',(#162189),#162133,.F.);
#162191=CARTESIAN_POINT('Axis2P3D Location',(8962.732744970001,-2165.39334874,1659.79473659));
#162192=DIRECTION('Axis2P3D Direction',(-0.9463402350949567,0.3189416477689854,-0.05211894817459761));
#162193=DIRECTION('Axis2P3D XDirection',(0.06209061019508907,0.3377075625149406,0.9392009147918345));
#162194=AXIS2_PLACEMENT_3D('Cylinder Axis2P3D',#162191,#162192,#162193);
#162195=CYLINDRICAL_SURFACE('generated cylinder',#162194,4.);
#162196=B_SPLINE_CURVE_WITH_KNOTS('',5,(#162197,#162198,#162199,#162200,#162201,#162202,#162203,#162204,#162205),.UNSPECIFIED.,.F.,.U.,(6,3,6),(0.592875187783,5.09319538479,12.9693662706),.UNSPECIFIED.);
#162197=CARTESIAN_POINT('Control Point',(8975.678505940001,-2166.87350355,1663.38538115));
#162198=CARTESIAN_POINT('Control Point',(8975.439428019999,-2166.40703426,1663.02339039));
#162199=CARTESIAN_POINT('Control Point',(8975.082965649999,-2166.01052448,1662.64655939));
#162200=CARTESIAN_POINT('Control Point',(8974.687757170001,-2165.67251975,1662.28410922));
#162201=CARTESIAN_POINT('Control Point',(8973.49555541,-2164.84712941,1661.29658469));
#162202=CARTESIAN_POINT('Control Point',(8972.110615600001,-2164.28203591,1660.36392001));
#162203=CARTESIAN_POINT('Control Point',(8971.19554794,-2163.99508484,1659.79476852));
#162204=CARTESIAN_POINT('Control Point',(8970.24676985,-2163.77704661,1659.24795206));
#162205=CARTESIAN_POINT('Control Point',(8969.27332832,-2163.62787458,1658.72752853));
#162206=CARTESIAN_POINT('Vertex',(8975.678505850001,-2166.87350412,1663.38537939));
#162207=VERTEX_POINT('',#162206);
#162208=EDGE_CURVE('',#162207,#161646,#162196,.T.);
#162209=B_SPLINE_CURVE_WITH_KNOTS('',3,(#162210,#162211,#162212,#162213),.UNSPECIFIED.,.F.,.U.,(4,4),(6.62096586021,8.93785169463),.UNSPECIFIED.);
#162210=CARTESIAN_POINT('Control Point',(8975.678505940001,-2166.87350355,1663.38538115));
#162211=CARTESIAN_POINT('Control Point',(8975.606342360001,-2167.26599736,1663.75818129));
#162212=CARTESIAN_POINT('Control Point',(8975.52049313,-2167.73292696,1664.04951755));
#162213=CARTESIAN_POINT('Control Point',(8975.42774762,-2168.2373649,1664.23702922));
#162214=CARTESIAN_POINT('Vertex',(8975.42774762,-2168.2373649,1664.23702922));
#162215=VERTEX_POINT('',#162214);
#162216=EDGE_CURVE('',#162207,#162215,#162209,.T.);
#162217=CARTESIAN_POINT('Line Origine',(8962.98110741,-2164.04251849,1663.55154025));
#162218=DIRECTION('Vector Direction',(-0.9463402350949567,0.3189416477689854,-0.05211894817459761));
#162219=VECTOR('Line Direction',#162218,1.);
#162220=LINE('Line',#162217,#162219);
#162221=CARTESIAN_POINT('Vertex',(8914.87861238,-2147.8307075,1660.90233296));
#162222=VERTEX_POINT('',#162221);
#162223=EDGE_CURVE('',#162215,#162222,#162220,.T.);
#162224=CARTESIAN_POINT('Axis2P3D Location',(8914.630249940001,-2149.18153775,1657.1455293));
#162225=DIRECTION('Axis2P3D Direction',(-0.9463402350949567,0.3189416477689854,-0.05211894817459761));
#162226=AXIS2_PLACEMENT_3D('Circle Axis2P3D',#162224,#162225,$);
#162227=CIRCLE('generated circle',#162226,4.);
#162228=EDGE_CURVE('',#162222,#161648,#162227,.T.);
#162229=EDGE_LOOP('',(#162230,#162231,#162232,#162233,#162234));
#162230=ORIENTED_EDGE('',*,*,#162208,.F.);
#162231=ORIENTED_EDGE('',*,*,#162216,.T.);
#162232=ORIENTED_EDGE('',*,*,#162223,.T.);
#162233=ORIENTED_EDGE('',*,*,#162228,.T.);
#162234=ORIENTED_EDGE('',*,*,#161649,.F.);
#162235=FACE_OUTER_BOUND('',#162229,.T.);
#162236=ADVANCED_FACE('PartBody',(#162235),#162195,.F.);
#162237=CARTESIAN_POINT('Axis2P3D Location',(8913.04449369,-2153.60937533,1658.84247698));
#162238=DIRECTION('Axis2P3D Direction',(0.06209061019508907,0.3377075625149406,0.9392009147918345));
#162239=DIRECTION('Axis2P3D XDirection',(0.3171512502999743,0.8855675172099281,-0.3393895356309724));
#162240=AXIS2_PLACEMENT_3D('Torus Axis2P3D',#162237,#162238,#162239);
#162241=TOROIDAL_SURFACE('homeo Torus',#162240,5.,4.);
#162242=CARTESIAN_POINT('Axis2P3D Location',(8913.29285613,-2152.25854508,1662.59928064));
#162243=DIRECTION('Axis2P3D Direction',(0.06209061019508907,0.3377075625149406,0.9392009147918345));
#162244=AXIS2_PLACEMENT_3D('Circle Axis2P3D',#162242,#162243,$);
#162245=CIRCLE('generated circle',#162244,5.);
#162246=CARTESIAN_POINT('Vertex',(8908.37528258,-2151.35440441,1662.59928064));
#162247=VERTEX_POINT('',#162246);
#162248=EDGE_CURVE('',#162222,#162247,#162245,.T.);
#162249=CARTESIAN_POINT('Axis2P3D Location',(8908.12692013,-2152.70523466,1658.84247698));
#162250=DIRECTION('Axis2P3D Direction',(0.1698339492749548,0.9237179158267539,-0.3433680847929085));
#162251=AXIS2_PLACEMENT_3D('Circle Axis2P3D',#162249,#162250,$);
#162252=CIRCLE('generated circle',#162251,4.);
#162253=EDGE_CURVE('',#162247,#161677,#162252,.F.);
#162254=EDGE_LOOP('',(#162255,#162256,#162257,#162258));
#162255=ORIENTED_EDGE('',*,*,#162248,.T.);
#162256=ORIENTED_EDGE('',*,*,#162253,.T.);
#162257=ORIENTED_EDGE('',*,*,#161678,.F.);
#162258=ORIENTED_EDGE('',*,*,#162228,.F.);
#162259=FACE_OUTER_BOUND('',#162254,.T.);
#162260=ADVANCED_FACE('PartBody',(#162259),#162241,.F.);
#162261=CARTESIAN_POINT('Axis2P3D Location',(8896.96845661,-2213.39553075,1681.40251439));
#162262=DIRECTION('Axis2P3D Direction',(-0.1698339492749548,-0.9237179158267539,0.3433680847929085));
#162263=DIRECTION('Axis2P3D XDirection',(0.06209061019488984,0.3377075625149447,0.9392009147918463));
#162264=AXIS2_PLACEMENT_3D('Cylinder Axis2P3D',#162261,#162262,#162263);
#162265=CYLINDRICAL_SURFACE('generated cylinder',#162264,4.);
#162266=CARTESIAN_POINT('Line Origine',(8895.70337893,-2211.8711778,1684.87755777));
#162267=DIRECTION('Vector Direction',(-0.1698339492749548,-0.9237179158267539,0.3433680847929085));
#162268=VECTOR('Line Direction',#162267,1.);
#162269=LINE('Line',#162266,#162268);
#162270=CARTESIAN_POINT('Vertex',(8884.544915410001,-2272.56147389,1707.43759518));
#162271=VERTEX_POINT('',#162270);
#162272=CARTESIAN_POINT('Vertex',(8889.535519929999,-2245.41783841,1697.34765542));
#162273=VERTEX_POINT('',#162272);
#162274=EDGE_CURVE('',#162271,#162273,#162269,.F.);
#162275=B_SPLINE_CURVE_WITH_KNOTS('',5,(#162276,#162277,#162278,#162279,#162280,#162281,#162282,#162283,#162284,#162285,#162286,#162287,#162288,#162289,#162290),.UNSPECIFIED.,.F.,.U.,(6,3,3,3,6),(0.,2.06181712741,3.76585436115,4.6617781541,9.17653277517),.UNSPECIFIED.);
#162276=CARTESIAN_POINT('Control Point',(8889.535519929999,-2245.41783841,1697.34765542));
#162277=CARTESIAN_POINT('Control Point',(8889.585040960001,-2245.14849615,1697.24753444));
#162278=CARTESIAN_POINT('Control Point',(8889.6232597,-2244.87522588,1697.14157586));
#162279=CARTESIAN_POINT('Control Point',(8889.642135759999,-2244.5943052,1697.02576297));
#162280=CARTESIAN_POINT('Control Point',(8889.566115760001,-2244.10226696,1696.78128285));
#162281=CARTESIAN_POINT('Control Point',(8889.336294410001,-2243.70864096,1696.48556292));
#162282=CARTESIAN_POINT('Control Point',(8889.209717780001,-2243.55743147,1696.34207546));
#162283=CARTESIAN_POINT('Control Point',(8889.00455539,-2243.35814292,1696.10845376));
#162284=CARTESIAN_POINT('Control Point',(8888.791726289999,-2243.20202603,1695.85193696));
#162285=CARTESIAN_POINT('Control Point',(8888.71821078,-2243.15291289,1695.76066476));
#162286=CARTESIAN_POINT('Control Point',(8888.27841606,-2242.88403818,1695.19425805));
#162287=CARTESIAN_POINT('Control Point',(8887.87747594,-2242.77199323,1694.53304814));
#162288=CARTESIAN_POINT('Control Point',(8887.62973968,-2242.76445536,1693.92466689));
#162289=CARTESIAN_POINT('Control Point',(8887.487615870001,-2242.84087316,1693.29291111));
#162290=CARTESIAN_POINT('Control Point',(8887.46112279,-2242.98496767,1692.67048976));
#162291=EDGE_CURVE('',#162273,#161701,#162275,.T.);
#162292=CARTESIAN_POINT('Line Origine',(8897.21681905,-2212.0447005,1685.15931805));
#162293=DIRECTION('Vector Direction',(-0.1698339492749548,-0.9237179158267539,0.3433680847929085));
#162294=VECTOR('Line Direction',#162293,1.);
#162295=LINE('Line',#162292,#162294);
#162296=CARTESIAN_POINT('Vertex',(8886.05835553,-2272.73499659,1707.71935545));
#162297=VERTEX_POINT('',#162296);
#162298=EDGE_CURVE('',#162247,#162297,#162295,.T.);
#162299=CARTESIAN_POINT('Axis2P3D Location',(8885.809993090001,-2274.08582684,1703.96255179));
#162300=DIRECTION('Axis2P3D Direction',(-0.1698339492749548,-0.9237179158267539,0.3433680847929085));
#162301=AXIS2_PLACEMENT_3D('Circle Axis2P3D',#162299,#162300,$);
#162302=CIRCLE('generated circle',#162301,4.);
#162303=EDGE_CURVE('',#162297,#162271,#162302,.T.);
#162304=EDGE_LOOP('',(#162305,#162306,#162307,#162308,#162309,#162310));
#162305=ORIENTED_EDGE('',*,*,#162274,.T.);
#162306=ORIENTED_EDGE('',*,*,#162291,.T.);
#162307=ORIENTED_EDGE('',*,*,#161702,.F.);
#162308=ORIENTED_EDGE('',*,*,#162253,.F.);
#162309=ORIENTED_EDGE('',*,*,#162298,.T.);
#162310=ORIENTED_EDGE('',*,*,#162303,.T.);
#162311=FACE_OUTER_BOUND('',#162304,.T.);
#162312=ADVANCED_FACE('PartBody',(#162311),#162265,.F.);
#162313=CARTESIAN_POINT('Axis2P3D Location',(8893.36941969,-2249.56084196,1694.32495229));
#162314=DIRECTION('Axis2P3D Direction',(0.06209061019508907,0.3377075625149406,0.9392009147918345));
#162315=DIRECTION('Axis2P3D XDirection',(0.1698339492749548,0.9237179158267539,-0.3433680847929085));
#162316=AXIS2_PLACEMENT_3D('Torus Axis2P3D',#162313,#162314,#162315);
#162317=TOROIDAL_SURFACE('homeo Torus',#162316,5.,4.);
#162318=CARTESIAN_POINT('Axis2P3D Location',(8893.617782130001,-2248.21001171,1698.08175595));
#162319=DIRECTION('Axis2P3D Direction',(0.06209061019508907,0.3377075625149406,0.9392009147918345));
#162320=AXIS2_PLACEMENT_3D('Circle Axis2P3D',#162318,#162319,$);
#162321=CIRCLE('generated circle',#162320,5.);
#162322=EDGE_CURVE('',#161998,#162273,#162321,.F.);
#162323=EDGE_LOOP('',(#162324,#162325,#162326,#162327,#162328));
#162324=ORIENTED_EDGE('',*,*,#161712,.T.);
#162325=ORIENTED_EDGE('',*,*,#162291,.F.);
#162326=ORIENTED_EDGE('',*,*,#162322,.F.);
#162327=ORIENTED_EDGE('',*,*,#161999,.F.);
#162328=ORIENTED_EDGE('',*,*,#161735,.T.);
#162329=FACE_OUTER_BOUND('',#162323,.T.);
#162330=ADVANCED_FACE('PartBody',(#162329),#162317,.F.);
#162331=CARTESIAN_POINT('Axis2P3D Location',(8826.636607119999,-2185.28269375,1686.59099932));
#162332=DIRECTION('Axis2P3D Direction',(0.06209061019508907,0.3377075625149406,0.9392009147918345));
#162333=DIRECTION('Axis2P3D XDirection',(-0.1698339492739836,-0.9237179158269108,0.3433680847929669));
#162334=AXIS2_PLACEMENT_3D('Plane Axis2P3D',#162331,#162332,#162333);
#162335=PLANE('',#162334);
#162336=CARTESIAN_POINT('Axis2P3D Location',(8892.51082879,-2265.29089854,1711.00452452));
#162337=DIRECTION('Axis2P3D Direction',(0.06209061019508907,0.3377075625149406,0.9392009147918345));
#162338=AXIS2_PLACEMENT_3D('Circle Axis2P3D',#162336,#162337,$);
#162339=CIRCLE('generated circle',#162338,5.);
#162340=CARTESIAN_POINT('Vertex',(8891.756450950001,-2269.92603226,1712.721047));
#162341=VERTEX_POINT('',#162340);
#162342=EDGE_CURVE('',#162341,#161797,#162339,.F.);
#162343=CARTESIAN_POINT('Line Origine',(8918.37171209,-2274.32373635,1712.54278922));
#162344=DIRECTION('Vector Direction',(-0.9866008916906943,0.1630184560529495,0.006607836350847953));
#162345=VECTOR('Line Direction',#162344,1.);
#162346=LINE('Line',#162343,#162345);
#162347=CARTESIAN_POINT('Vertex',(8944.98697322,-2278.72144044,1712.36453143));
#162348=VERTEX_POINT('',#162347);
#162349=EDGE_CURVE('',#162348,#162341,#162346,.T.);
#162350=CARTESIAN_POINT('Line Origine',(8948.06745296,-2277.02092338,1711.54942752));
#162351=DIRECTION('Vector Direction',(0.8528798572591475,0.4708152204600815,-0.225674494050039));
#162352=VECTOR('Line Direction',#162351,1.);
#162353=LINE('Line',#162350,#162352);
#162354=CARTESIAN_POINT('Vertex',(8951.147932690001,-2275.32040633,1710.73432362));
#162355=VERTEX_POINT('',#162354);
#162356=EDGE_CURVE('',#162348,#162355,#162353,.T.);
#162357=B_SPLINE_CURVE_WITH_KNOTS('',5,(#162358,#162359,#162360,#162361,#162362,#162363,#162364,#162365,#162366),.UNSPECIFIED.,.F.,.U.,(6,3,6),(0.,9.57178968486,15.9610210797),.UNSPECIFIED.);
#162358=CARTESIAN_POINT('Control Point',(8951.147932690001,-2275.32040633,1710.73432362));
#162359=CARTESIAN_POINT('Control Point',(8952.302438180001,-2274.68308472,1710.4288381));
#162360=CARTESIAN_POINT('Control Point',(8953.365928470001,-2273.90266881,1710.07791732));
#162361=CARTESIAN_POINT('Control Point',(8954.313137229999,-2272.99427024,1709.68866532));
#162362=CARTESIAN_POINT('Control Point',(8955.66461534,-2271.3018231,1708.99076747));
#162363=CARTESIAN_POINT('Control Point',(8956.598147320001,-2269.37988945,1708.23798381));
#162364=CARTESIAN_POINT('Control Point',(8956.90079865,-2268.58091493,1707.93068903));
#162365=CARTESIAN_POINT('Control Point',(8957.12958341,-2267.76011745,1707.6204307));
#162366=CARTESIAN_POINT('Control Point',(8957.283040910001,-2266.92547017,1707.31017231));
#162367=CARTESIAN_POINT('Vertex',(8957.283040910001,-2266.92547017,1707.31017231));
#162368=VERTEX_POINT('',#162367);
#162369=EDGE_CURVE('',#162355,#162368,#162357,.T.);
#162370=CARTESIAN_POINT('Line Origine',(8966.5416661,-2216.56829485,1688.59120351));
#162371=DIRECTION('Vector Direction',(-0.1698339492739836,-0.9237179158269108,0.3433680847929669));
#162372=VECTOR('Line Direction',#162371,1.);
#162373=LINE('Line',#162370,#162372);
#162374=EDGE_CURVE('',#161867,#162368,#162373,.T.);
#162375=EDGE_LOOP('',(#162376,#162377,#162378,#162379,#162380,#162381,#162382,#162383));
#162376=ORIENTED_EDGE('',*,*,#161868,.F.);
#162377=ORIENTED_EDGE('',*,*,#161831,.F.);
#162378=ORIENTED_EDGE('',*,*,#161805,.F.);
#162379=ORIENTED_EDGE('',*,*,#162342,.F.);
#162380=ORIENTED_EDGE('',*,*,#162349,.F.);
#162381=ORIENTED_EDGE('',*,*,#162356,.T.);
#162382=ORIENTED_EDGE('',*,*,#162369,.T.);
#162383=ORIENTED_EDGE('',*,*,#162374,.F.);
#162384=FACE_OUTER_BOUND('',#162375,.T.);
#162385=ADVANCED_FACE('PartBody',(#162384),#162335,.T.);
#162386=CARTESIAN_POINT('Axis2P3D Location',(8892.759191229999,-2263.94006829,1714.76132817));
#162387=DIRECTION('Axis2P3D Direction',(0.06209061019508907,0.3377075625149406,0.9392009147918345));
#162388=DIRECTION('Axis2P3D XDirection',(-0.9835147105149434,0.1808281344279896,-4.547473508869739e-14));
#162389=AXIS2_PLACEMENT_3D('Torus Axis2P3D',#162386,#162387,#162388);
#162390=TOROIDAL_SURFACE('homeo Torus',#162389,5.,4.);
#162391=B_SPLINE_CURVE_WITH_KNOTS('',3,(#162392,#162393,#162394,#162395),.UNSPECIFIED.,.F.,.U.,(4,4),(0.,0.906847290403),.UNSPECIFIED.);
#162392=CARTESIAN_POINT('Control Point',(8886.599078949999,-2267.83942151,1712.68847583));
#162393=CARTESIAN_POINT('Control Point',(8886.57316853,-2267.63264226,1712.57609143));
#162394=CARTESIAN_POINT('Control Point',(8886.51500714,-2267.41602047,1712.48445703));
#162395=CARTESIAN_POINT('Control Point',(8886.431443420001,-2267.20273855,1712.41329186));
#162396=EDGE_CURVE('',#161944,#161971,#162391,.T.);
#162397=CARTESIAN_POINT('Axis2P3D Location',(8892.00481339,-2268.57520201,1716.47785066));
#162398=DIRECTION('Axis2P3D Direction',(-0.9866008916906941,0.1630184560529495,0.006607836350877952));
#162399=AXIS2_PLACEMENT_3D('Circle Axis2P3D',#162397,#162398,$);
#162400=CIRCLE('generated circle',#162399,4.);
#162401=EDGE_CURVE('',#162341,#161925,#162400,.T.);
#162402=EDGE_LOOP('',(#162403,#162404,#162405,#162406,#162407,#162408));
#162403=ORIENTED_EDGE('',*,*,#161979,.F.);
#162404=ORIENTED_EDGE('',*,*,#162396,.F.);
#162405=ORIENTED_EDGE('',*,*,#161945,.T.);
#162406=ORIENTED_EDGE('',*,*,#162401,.F.);
#162407=ORIENTED_EDGE('',*,*,#162342,.T.);
#162408=ORIENTED_EDGE('',*,*,#161798,.T.);
#162409=FACE_OUTER_BOUND('',#162402,.T.);
#162410=ADVANCED_FACE('PartBody',(#162409),#162390,.F.);
#162411=CARTESIAN_POINT('Axis2P3D Location',(8980.64399223,-2283.12807951,1716.17009552));
#162412=DIRECTION('Axis2P3D Direction',(0.9835147105149434,-0.1808281344279896,1.882868860829892e-13));
#162413=DIRECTION('Axis2P3D XDirection',(-0.08902829845198421,-0.4842202318629141,-0.8704049225098456));
#162414=AXIS2_PLACEMENT_3D('Cylinder Axis2P3D',#162411,#162412,#162413);
#162415=CYLINDRICAL_SURFACE('generated cylinder',#162414,4.);
#162416=EDGE_LOOP('',(#162417,#162418,#162419,#162420));
#162417=ORIENTED_EDGE('',*,*,#162396,.T.);
#162418=ORIENTED_EDGE('',*,*,#161972,.F.);
#162419=ORIENTED_EDGE('',*,*,#161892,.F.);
#162420=ORIENTED_EDGE('',*,*,#161950,.T.);
#162421=FACE_OUTER_BOUND('',#162416,.T.);
#162422=ADVANCED_FACE('PartBody',(#162421),#162415,.F.);
#162423=CARTESIAN_POINT('Axis2P3D Location',(8942.23582948,-2276.87499452,1716.14142452));
#162424=DIRECTION('Axis2P3D Direction',(-0.9866008916906939,0.1630184560529494,0.00660783635089795));
#162425=DIRECTION('Axis2P3D XDirection',(-0.06209061019508907,-0.3377075625149406,-0.9392009147918345));
#162426=AXIS2_PLACEMENT_3D('Cylinder Axis2P3D',#162423,#162424,#162425);
#162427=CYLINDRICAL_SURFACE('generated cylinder',#162426,4.);
#162428=B_SPLINE_CURVE_WITH_KNOTS('',3,(#162429,#162430,#162431,#162432),.UNSPECIFIED.,.F.,.U.,(4,4),(0.592674668659,2.5017385532),.UNSPECIFIED.);
#162429=CARTESIAN_POINT('Control Point',(8941.939935730001,-2280.18090492,1713.89376631));
#162430=CARTESIAN_POINT('Control Point',(8942.24818146,-2280.03215391,1713.6015718));
#162431=CARTESIAN_POINT('Control Point',(8942.595486210001,-2279.86822327,1713.35972058));
#162432=CARTESIAN_POINT('Control Point',(8942.96762885,-2279.71016415,1713.16223445));
#162433=CARTESIAN_POINT('Vertex',(8942.96762885,-2279.71016415,1713.16223445));
#162434=VERTEX_POINT('',#162433);
#162435=EDGE_CURVE('',#161915,#162434,#162428,.T.);
#162436=B_SPLINE_CURVE_WITH_KNOTS('',3,(#162437,#162438,#162439,#162440),.UNSPECIFIED.,.F.,.U.,(4,4),(0.,3.38248440552),.UNSPECIFIED.);
#162437=CARTESIAN_POINT('Control Point',(8942.96762885,-2279.71016415,1713.16223445));
#162438=CARTESIAN_POINT('Control Point',(8943.62699217,-2279.43011459,1712.81232799));
#162439=CARTESIAN_POINT('Control Point',(8944.30700689,-2279.09680222,1712.5444525));
#162440=CARTESIAN_POINT('Control Point',(8944.98697322,-2278.72144044,1712.36453143));
#162441=EDGE_CURVE('',#162434,#162348,#162436,.T.);
#162442=EDGE_LOOP('',(#162443,#162444,#162445,#162446,#162447));
#162443=ORIENTED_EDGE('',*,*,#162435,.T.);
#162444=ORIENTED_EDGE('',*,*,#162441,.T.);
#162445=ORIENTED_EDGE('',*,*,#162349,.T.);
#162446=ORIENTED_EDGE('',*,*,#162401,.T.);
#162447=ORIENTED_EDGE('',*,*,#161926,.F.);
#162448=FACE_OUTER_BOUND('',#162442,.T.);
#162449=ADVANCED_FACE('PartBody',(#162448),#162427,.F.);
#162450=CARTESIAN_POINT('Axis2P3D Location',(86.122277411,468.414536294,1303.53158211));
#162451=DIRECTION('Axis2P3D Direction',(0.06209061019508907,0.3377075625149406,0.9392009147918345));
#162452=DIRECTION('Axis2P3D XDirection',(-0.9835147105149434,0.1808281344279896,-2.986299358839828e-17));
#162453=AXIS2_PLACEMENT_3D('Plane Axis2P3D',#162450,#162451,#162452);
#162454=PLANE('',#162453);
#162455=B_SPLINE_CURVE_WITH_KNOTS('',4,(#162456,#162457,#162458,#162459,#162460),.UNSPECIFIED.,.F.,.U.,(5,5),(0.,7.96997583657),.UNSPECIFIED.);
#162456=CARTESIAN_POINT('Control Point',(8884.544915410001,-2272.56147389,1707.43759518));
#162457=CARTESIAN_POINT('Control Point',(8884.276393,-2274.02195314,1707.98049031));
#162458=CARTESIAN_POINT('Control Point',(8884.51157074,-2275.57847608,1708.52462015));
#162459=CARTESIAN_POINT('Control Point',(8885.28819096,-2276.98060169,1708.9774387));
#162460=CARTESIAN_POINT('Control Point',(8886.41914907,-2278.04201361,1709.28432187));
#162461=EDGE_CURVE('',#162271,#162155,#162455,.T.);
#162462=EDGE_LOOP('',(#162463,#162464,#162465,#162466,#162467,#162468));
#162463=ORIENTED_EDGE('',*,*,#162274,.F.);
#162464=ORIENTED_EDGE('',*,*,#162461,.T.);
#162465=ORIENTED_EDGE('',*,*,#162156,.T.);
#162466=ORIENTED_EDGE('',*,*,#162113,.T.);
#162467=ORIENTED_EDGE('',*,*,#162006,.T.);
#162468=ORIENTED_EDGE('',*,*,#162322,.T.);
#162469=FACE_OUTER_BOUND('',#162462,.T.);
#162470=ADVANCED_FACE('PartBody',(#162469),#162454,.F.);
#162471=CARTESIAN_POINT('Axis2P3D Location',(8940.205236129999,-2287.91928424,1705.34056296));
#162472=DIRECTION('Axis2P3D Direction',(-0.9866188772473427,0.1629079028940566,0.006648776868982309));
#162473=DIRECTION('Axis2P3D XDirection',(-0.1507579091940655,-0.9270461786744024,0.3433037072631491));
#162474=AXIS2_PLACEMENT_3D('Cylinder Axis2P3D',#162471,#162472,#162473);
#162475=CYLINDRICAL_SURFACE('generated cylinder',#162474,4.);
#162476=B_SPLINE_CURVE_WITH_KNOTS('',4,(#162477,#162478,#162479,#162480,#162481),.UNSPECIFIED.,.F.,.U.,(5,5),(0.,4.55762771484),.UNSPECIFIED.);
#162477=CARTESIAN_POINT('Control Point',(8938.925971479999,-2286.31621624,1709.10766122));
#162478=CARTESIAN_POINT('Control Point',(8938.579165519999,-2286.99294146,1709.37391801));
#162479=CARTESIAN_POINT('Control Point',(8938.3140951,-2287.78415341,1709.46331307));
#162480=CARTESIAN_POINT('Control Point',(8938.148548220001,-2288.59124237,1709.30980662));
#162481=CARTESIAN_POINT('Control Point',(8938.02588261,-2289.3077457,1708.96238727));
#162482=CARTESIAN_POINT('Vertex',(8938.925971479999,-2286.31621624,1709.10766122));
#162483=VERTEX_POINT('',#162482);
#162484=CARTESIAN_POINT('Vertex',(8938.02588264,-2289.30774551,1708.96238736));
#162485=VERTEX_POINT('',#162484);
#162486=EDGE_CURVE('',#162483,#162485,#162476,.T.);
#162487=B_SPLINE_CURVE_WITH_KNOTS('',3,(#162488,#162489,#162490,#162491),.UNSPECIFIED.,.F.,.U.,(4,4),(0.,0.210543441025),.UNSPECIFIED.);
#162488=CARTESIAN_POINT('Control Point',(8938.02588264,-2289.30774551,1708.96238736));
#162489=CARTESIAN_POINT('Control Point',(8938.01832712,-2289.35187814,1708.94098826));
#162490=CARTESIAN_POINT('Control Point',(8938.010828640001,-2289.39562125,1708.91875349));
#162491=CARTESIAN_POINT('Control Point',(8938.003393929999,-2289.43893554,1708.895703));
#162492=EDGE_CURVE('',#162485,#162141,#162487,.T.);
#162493=CARTESIAN_POINT('Axis2P3D Location',(8889.9737771,-2279.62519841,1705.67907033));
#162494=DIRECTION('Axis2P3D Direction',(-0.9866188772473427,0.1629079028940566,0.006648776868982309));
#162495=AXIS2_PLACEMENT_3D('Circle Axis2P3D',#162493,#162494,$);
#162496=CIRCLE('generated circle',#162495,4.);
#162497=CARTESIAN_POINT('Vertex',(8890.222139539999,-2278.27436816,1709.43587399));
#162498=VERTEX_POINT('',#162497);
#162499=EDGE_CURVE('',#162498,#162174,#162496,.F.);
#162500=CARTESIAN_POINT('Line Origine',(8940.45359857,-2286.56845399,1709.09736662));
#162501=DIRECTION('Vector Direction',(-0.9866188772473427,0.1629079028940566,0.006648776868982309));
#162502=VECTOR('Line Direction',#162501,1.);
#162503=LINE('Line',#162500,#162502);
#162504=EDGE_CURVE('',#162498,#162483,#162503,.F.);
#162505=EDGE_LOOP('',(#162506,#162507,#162508,#162509,#162510));
#162506=ORIENTED_EDGE('',*,*,#162486,.T.);
#162507=ORIENTED_EDGE('',*,*,#162492,.T.);
#162508=ORIENTED_EDGE('',*,*,#162181,.T.);
#162509=ORIENTED_EDGE('',*,*,#162499,.F.);
#162510=ORIENTED_EDGE('',*,*,#162504,.T.);
#162511=FACE_OUTER_BOUND('',#162505,.T.);
#162512=ADVANCED_FACE('PartBody',(#162511),#162475,.F.);
#162513=CARTESIAN_POINT('Axis2P3D Location',(8890.72756664,-2274.98996751,1703.96255179));
#162514=DIRECTION('Axis2P3D Direction',(0.06209061019508907,0.3377075625149406,0.9392009147918345));
#162515=DIRECTION('Axis2P3D XDirection',(-0.9835147105149434,0.1808281344279896,-1.263187085799927e-13));
#162516=AXIS2_PLACEMENT_3D('Torus Axis2P3D',#162513,#162514,#162515);
#162517=TOROIDAL_SURFACE('homeo Torus',#162516,5.,4.);
#162518=CARTESIAN_POINT('Axis2P3D Location',(8890.97592909,-2273.63913726,1707.71935545));
#162519=DIRECTION('Axis2P3D Direction',(0.06209061019508907,0.3377075625149406,0.9392009147918345));
#162520=AXIS2_PLACEMENT_3D('Circle Axis2P3D',#162518,#162519,$);
#162521=CIRCLE('generated circle',#162520,5.);
#162522=EDGE_CURVE('',#162297,#162498,#162521,.T.);
#162523=EDGE_LOOP('',(#162524,#162525,#162526,#162527,#162528));
#162524=ORIENTED_EDGE('',*,*,#162175,.T.);
#162525=ORIENTED_EDGE('',*,*,#162461,.F.);
#162526=ORIENTED_EDGE('',*,*,#162303,.F.);
#162527=ORIENTED_EDGE('',*,*,#162522,.T.);
#162528=ORIENTED_EDGE('',*,*,#162499,.T.);
#162529=FACE_OUTER_BOUND('',#162523,.T.);
#162530=ADVANCED_FACE('PartBody',(#162529),#162517,.F.);
#162531=CARTESIAN_POINT('Axis2P3D Location',(72.8700526014,396.336382695,1330.64417952));
#162532=DIRECTION('Axis2P3D Direction',(0.06209061019508907,0.3377075625149406,0.9392009147918345));
#162533=DIRECTION('Axis2P3D XDirection',(-0.9835147105149434,0.1808281344279896,-8.459126675249514e-14));
#162534=AXIS2_PLACEMENT_3D('Plane Axis2P3D',#162531,#162532,#162533);
#162535=PLANE('',#162534);
#162536=CARTESIAN_POINT('Line Origine',(8966.088568720001,-2219.03266764,1683.11886048));
#162537=DIRECTION('Vector Direction',(-0.1698339492749548,-0.9237179158267539,0.3433680847929085));
#162538=VECTOR('Line Direction',#162537,1.);
#162539=LINE('Line',#162536,#162538);
#162540=CARTESIAN_POINT('Vertex',(8956.749389819999,-2269.82797038,1702.00069174));
#162541=VERTEX_POINT('',#162540);
#162542=EDGE_CURVE('',#162215,#162541,#162539,.T.);
#162543=B_SPLINE_CURVE_WITH_KNOTS('',5,(#162544,#162545,#162546,#162547,#162548,#162549,#162550,#162551,#162552),.UNSPECIFIED.,.F.,.U.,(6,3,6),(0.,9.57178978,15.9610211438),.UNSPECIFIED.);
#162544=CARTESIAN_POINT('Control Point',(8950.614281599999,-2278.22290654,1705.42484305));
#162545=CARTESIAN_POINT('Control Point',(8951.7687871,-2277.58558493,1705.11935753));
#162546=CARTESIAN_POINT('Control Point',(8952.832277400001,-2276.80516901,1704.76843675));
#162547=CARTESIAN_POINT('Control Point',(8953.77948612,-2275.89677046,1704.37918476));
#162548=CARTESIAN_POINT('Control Point',(8955.130964239999,-2274.20432332,1703.68128691));
#162549=CARTESIAN_POINT('Control Point',(8956.06449622,-2272.28238966,1702.92850325));
#162550=CARTESIAN_POINT('Control Point',(8956.36714756,-2271.48341513,1702.62120846));
#162551=CARTESIAN_POINT('Control Point',(8956.59593232,-2270.66261765,1702.31095013));
#162552=CARTESIAN_POINT('Control Point',(8956.749389819999,-2269.82797038,1702.00069174));
#162553=CARTESIAN_POINT('Vertex',(8950.614281599999,-2278.22290654,1705.42484305));
#162554=VERTEX_POINT('',#162553);
#162555=EDGE_CURVE('',#162554,#162541,#162543,.T.);
#162556=CARTESIAN_POINT('Line Origine',(8946.511236599999,-2280.48791024,1706.5105207));
#162557=DIRECTION('Vector Direction',(0.8528798572591475,0.4708152204600815,-0.225674494050039));
#162558=VECTOR('Line Direction',#162557,1.);
#162559=LINE('Line',#162556,#162558);
#162560=CARTESIAN_POINT('Vertex',(8942.4081916,-2282.75291395,1707.59619836));
#162561=VERTEX_POINT('',#162560);
#162562=EDGE_CURVE('',#162561,#162554,#162559,.T.);
#162563=B_SPLINE_CURVE_WITH_KNOTS('',5,(#162564,#162565,#162566,#162567,#162568,#162569,#162570,#162571,#162572),.UNSPECIFIED.,.F.,.U.,(6,3,6),(0.,6.7747292699,7.46666318577),.UNSPECIFIED.);
#162564=CARTESIAN_POINT('Control Point',(8942.4081916,-2282.75291395,1707.59619836));
#162565=CARTESIAN_POINT('Control Point',(8941.59105474,-2283.20399796,1707.81241515));
#162566=CARTESIAN_POINT('Control Point',(8940.839776590001,-2283.75862491,1708.06150886));
#162567=CARTESIAN_POINT('Control Point',(8940.173047169999,-2284.40561909,1708.33822544));
#162568=CARTESIAN_POINT('Control Point',(8939.54798644,-2285.20291076,1708.66622962));
#162569=CARTESIAN_POINT('Control Point',(8939.0558408,-2286.07131867,1709.01101797));
#162570=CARTESIAN_POINT('Control Point',(8939.01138579,-2286.15238544,1709.043106));
#162571=CARTESIAN_POINT('Control Point',(8938.968092839999,-2286.23402449,1709.07532297));
#162572=CARTESIAN_POINT('Control Point',(8938.925971479999,-2286.31621624,1709.10766122));
#162573=EDGE_CURVE('',#162561,#162483,#162563,.T.);
#162574=EDGE_LOOP('',(#162575,#162576,#162577,#162578,#162579,#162580,#162581,#162582,#162583));
#162575=ORIENTED_EDGE('',*,*,#162542,.T.);
#162576=ORIENTED_EDGE('',*,*,#162555,.F.);
#162577=ORIENTED_EDGE('',*,*,#162562,.F.);
#162578=ORIENTED_EDGE('',*,*,#162573,.T.);
#162579=ORIENTED_EDGE('',*,*,#162504,.F.);
#162580=ORIENTED_EDGE('',*,*,#162522,.F.);
#162581=ORIENTED_EDGE('',*,*,#162298,.F.);
#162582=ORIENTED_EDGE('',*,*,#162248,.F.);
#162583=ORIENTED_EDGE('',*,*,#162223,.F.);
#162584=FACE_OUTER_BOUND('',#162574,.T.);
#162585=ADVANCED_FACE('PartBody',(#162584),#162535,.F.);
#162586=CARTESIAN_POINT('Axis2P3D Location',(8956.61222465,-2270.57400454,1700.63598765));
#162587=DIRECTION('Axis2P3D Direction',(0.9835147105149434,-0.1808281344279896,-5.967448757359657e-16));
#162588=DIRECTION('Axis2P3D XDirection',(0.1580540362219532,0.8596475884247455,-0.4858239859758562));
#162589=AXIS2_PLACEMENT_3D('Plane Axis2P3D',#162586,#162587,#162588);
#162590=PLANE('',#162589);
#162591=CARTESIAN_POINT('Line Origine',(8976.75327001,-2161.02791837,1668.60436307));
#162592=DIRECTION('Vector Direction',(0.1738131384479337,0.9453605164106392,-0.2758305402138947));
#162593=VECTOR('Line Direction',#162592,1.);
#162594=LINE('Line',#162591,#162593);
#162595=EDGE_CURVE('',#161860,#161299,#162594,.T.);
#162596=CARTESIAN_POINT('Line Origine',(8957.01621537,-2268.37672027,1704.65543202));
#162597=DIRECTION('Vector Direction',(0.08785064504443096,0.4778150369281683,0.874056665583308));
#162598=VECTOR('Line Direction',#162597,1.);
#162599=LINE('Line',#162596,#162598);
#162600=EDGE_CURVE('',#162541,#162368,#162599,.T.);
#162601=CARTESIAN_POINT('Line Origine',(8976.29856067,-2163.50105853,1661.82776125));
#162602=DIRECTION('Vector Direction',(0.1646380467970292,0.8954576755841589,-0.4135817510290734));
#162603=VECTOR('Line Direction',#162602,1.);
#162604=LINE('Line',#162601,#162603);
#162605=EDGE_CURVE('',#162207,#161306,#162604,.T.);
#162606=EDGE_LOOP('',(#162607,#162608,#162609,#162610,#162611,#162612,#162613,#162614));
#162607=ORIENTED_EDGE('',*,*,#161307,.T.);
#162608=ORIENTED_EDGE('',*,*,#162595,.F.);
#162609=ORIENTED_EDGE('',*,*,#161874,.T.);
#162610=ORIENTED_EDGE('',*,*,#162374,.T.);
#162611=ORIENTED_EDGE('',*,*,#162600,.F.);
#162612=ORIENTED_EDGE('',*,*,#162542,.F.);
#162613=ORIENTED_EDGE('',*,*,#162216,.F.);
#162614=ORIENTED_EDGE('',*,*,#162605,.T.);
#162615=FACE_OUTER_BOUND('',#162606,.T.);
#162616=ADVANCED_FACE('PartBody',(#162615),#162590,.T.);
#162617=CARTESIAN_POINT('Axis2P3D Location',(8943.82653341,-2268.2232388,1700.63598765));
#162618=DIRECTION('Axis2P3D Direction',(0.08785064504433172,0.4778150369281725,0.8740566655833155));
#162619=DIRECTION('Axis2P3D XDirection',(0.5221071243760019,-0.7693539740050028,0.3681013628860013));
#162620=AXIS2_PLACEMENT_3D('Cylinder Axis2P3D',#162617,#162618,#162619);
#162621=CYLINDRICAL_SURFACE('generated cylinder',#162620,13.);
#162622=CARTESIAN_POINT('Line Origine',(8950.613926030001,-2278.22484046,1705.42130536));
#162623=DIRECTION('Vector Direction',(0.08785064504433172,0.4778150369281725,0.8740566655833155));
#162624=VECTOR('Line Direction',#162623,1.);
#162625=LINE('Line',#162622,#162624);
#162626=EDGE_CURVE('',#162554,#162355,#162625,.T.);
#162627=EDGE_LOOP('',(#162628,#162629,#162630,#162631));
#162628=ORIENTED_EDGE('',*,*,#162555,.T.);
#162629=ORIENTED_EDGE('',*,*,#162600,.T.);
#162630=ORIENTED_EDGE('',*,*,#162369,.F.);
#162631=ORIENTED_EDGE('',*,*,#162626,.F.);
#162632=FACE_OUTER_BOUND('',#162627,.T.);
#162633=ADVANCED_FACE('PartBody',(#162632),#162621,.T.);
#162634=CARTESIAN_POINT('Axis2P3D Location',(8942.494591029999,-2282.28299196,1708.45581643));
#162635=DIRECTION('Axis2P3D Direction',(0.5221071243760019,-0.7693539740050028,0.3681013628860013));
#162636=DIRECTION('Axis2P3D XDirection',(0.8483433354728729,0.4240132700379364,-0.3170588777979525));
#162637=AXIS2_PLACEMENT_3D('Plane Axis2P3D',#162634,#162635,#162636);
#162638=PLANE('',#162637);
#162639=CARTESIAN_POINT('Line Origine',(8942.68791022,-2281.23153905,1710.3792164));
#162640=DIRECTION('Vector Direction',(0.08785064504453018,0.4778150369281641,0.8740566655833002));
#162641=VECTOR('Line Direction',#162640,1.);
#162642=LINE('Line',#162639,#162641);
#162643=EDGE_CURVE('',#162561,#162434,#162642,.T.);
#162644=EDGE_LOOP('',(#162645,#162646,#162647,#162648,#162649));
#162645=ORIENTED_EDGE('',*,*,#162562,.T.);
#162646=ORIENTED_EDGE('',*,*,#162626,.T.);
#162647=ORIENTED_EDGE('',*,*,#162356,.F.);
#162648=ORIENTED_EDGE('',*,*,#162441,.F.);
#162649=ORIENTED_EDGE('',*,*,#162643,.F.);
#162650=FACE_OUTER_BOUND('',#162644,.T.);
#162651=ADVANCED_FACE('PartBody',(#162650),#162638,.T.);
#162652=CARTESIAN_POINT('Axis2P3D Location',(8947.193555149999,-2289.20717773,1711.7687287));
#162653=DIRECTION('Axis2P3D Direction',(0.08785064504433172,0.4778150369281725,0.8740566655833155));
#162654=DIRECTION('Axis2P3D XDirection',(-0.5221071243760019,0.7693539740050028,-0.3681013628860013));
#162655=AXIS2_PLACEMENT_3D('Cylinder Axis2P3D',#162652,#162653,#162654);
#162656=CYLINDRICAL_SURFACE('generated cylinder',#162655,9.);
#162657=CARTESIAN_POINT('Line Origine',(8938.316346740001,-2287.7279266,1711.85231602));
#162658=DIRECTION('Vector Direction',(0.08785064504433172,0.4778150369281725,0.8740566655833155));
#162659=VECTOR('Line Direction',#162658,1.);
#162660=LINE('Line',#162657,#162659);
#162661=EDGE_CURVE('',#162485,#161533,#162660,.T.);
#162662=EDGE_LOOP('',(#162663,#162664,#162665,#162666,#162667,#162668,#162669));
#162663=ORIENTED_EDGE('',*,*,#162643,.T.);
#162664=ORIENTED_EDGE('',*,*,#162435,.F.);
#162665=ORIENTED_EDGE('',*,*,#161916,.T.);
#162666=ORIENTED_EDGE('',*,*,#161545,.T.);
#162667=ORIENTED_EDGE('',*,*,#162661,.F.);
#162668=ORIENTED_EDGE('',*,*,#162486,.F.);
#162669=ORIENTED_EDGE('',*,*,#162573,.F.);
#162670=FACE_OUTER_BOUND('',#162662,.T.);
#162671=ADVANCED_FACE('PartBody',(#162670),#162656,.F.);
#162672=CARTESIAN_POINT('Axis2P3D Location',(8860.952064900001,-2331.86520993,1705.30702868));
#162673=DIRECTION('Axis2P3D Direction',(-0.08617769764119743,-0.4687159640099861,-0.8791352282279739));
#162674=DIRECTION('Axis2P3D XDirection',(0.1589723832300854,0.8646424294944645,-0.476572397950256));
#162675=AXIS2_PLACEMENT_3D('Plane Axis2P3D',#162672,#162673,#162674);
#162676=PLANE('',#162675);
#162677=B_SPLINE_CURVE_WITH_KNOTS('',5,(#162678,#162679,#162680,#162681,#162682,#162683),.UNSPECIFIED.,.F.,.U.,(6,6),(77.4793473831,141.341188427),.UNSPECIFIED.);
#162678=CARTESIAN_POINT('Control Point',(8921.771240669999,-2306.46759576,1685.80431374));
#162679=CARTESIAN_POINT('Control Point',(8912.86271567,-2304.98500537,1685.88712511));
#162680=CARTESIAN_POINT('Control Point',(8903.95419067,-2303.50241497,1685.96993647));
#162681=CARTESIAN_POINT('Control Point',(8895.045665670001,-2302.01982456,1686.05274783));
#162682=CARTESIAN_POINT('Control Point',(8886.13714067,-2300.53723414,1686.13555918));
#162683=CARTESIAN_POINT('Control Point',(8877.228615669999,-2299.05464372,1686.21837053));
#162684=CARTESIAN_POINT('Vertex',(8921.771240669999,-2306.46759576,1685.80431374));
#162685=VERTEX_POINT('',#162684);
#162686=EDGE_CURVE('',#162685,#161041,#162677,.T.);
#162687=CARTESIAN_POINT('Line Origine',(8902.74364289,-2298.84344813,1683.6046463));
#162688=DIRECTION('Vector Direction',(0.9863851774425262,-0.1641967940050876,-0.009148473103604881));
#162689=VECTOR('Line Direction',#162688,1.);
#162690=LINE('Line',#162687,#162689);
#162691=CARTESIAN_POINT('Vertex',(8922.47201725,-2302.12749568,1683.42167062));
#162692=VERTEX_POINT('',#162691);
#162693=EDGE_CURVE('',#161617,#162692,#162690,.T.);
#162694=CARTESIAN_POINT('Line Origine',(8922.12162896,-2304.29754572,1684.61299218));
#162695=DIRECTION('Vector Direction',(0.1401425790750098,0.8679411276330607,-0.4764853161360333));
#162696=VECTOR('Line Direction',#162695,1.);
#162697=LINE('Line',#162694,#162696);
#162698=EDGE_CURVE('',#162685,#162692,#162697,.T.);
#162699=EDGE_LOOP('',(#162700,#162701,#162702,#162703,#162704,#162705,#162706,#162707,#162708));
#162700=ORIENTED_EDGE('',*,*,#162686,.T.);
#162701=ORIENTED_EDGE('',*,*,#161042,.F.);
#162702=ORIENTED_EDGE('',*,*,#161106,.F.);
#162703=ORIENTED_EDGE('',*,*,#160839,.F.);
#162704=ORIENTED_EDGE('',*,*,#161159,.T.);
#162705=ORIENTED_EDGE('',*,*,#161575,.F.);
#162706=ORIENTED_EDGE('',*,*,#161618,.F.);
#162707=ORIENTED_EDGE('',*,*,#162693,.T.);
#162708=ORIENTED_EDGE('',*,*,#162698,.F.);
#162709=FACE_OUTER_BOUND('',#162699,.T.);
#162710=ADVANCED_FACE('PartBody',(#162709),#162676,.T.);
#162711=CARTESIAN_POINT('Axis2P3D Location',(8910.28229135,-2293.49791886,1695.43654159));
#162712=DIRECTION('Axis2P3D Direction',(0.1396941667870545,0.8659465026193378,-0.4802313966901873));
#162713=DIRECTION('Axis2P3D XDirection',(0.9865516600726306,-0.1632800208319389,-0.007446932593917212));
#162714=AXIS2_PLACEMENT_3D('Plane Axis2P3D',#162711,#162712,#162713);
#162715=PLANE('',#162714);
#162716=CARTESIAN_POINT('Line Origine',(8937.037386939999,-2294.78426733,1700.89978668));
#162717=DIRECTION('Vector Direction',(0.08697388704414509,0.4723819498952449,0.8770922621854548));
#162718=VECTOR('Line Direction',#162717,1.);
#162719=LINE('Line',#162716,#162718);
#162720=CARTESIAN_POINT('Vertex',(8936.422880489999,-2298.121841,1694.70276743));
#162721=VERTEX_POINT('',#162720);
#162722=EDGE_CURVE('',#162721,#162143,#162719,.T.);
#162723=B_SPLINE_CURVE_WITH_KNOTS('',5,(#162724,#162725,#162726,#162727,#162728,#162729,#162730,#162731,#162732,#162733,#162734,#162735,#162736,#162737,#162738),.UNSPECIFIED.,.F.,.U.,(6,3,3,3,6),(0.,8.34219966524,16.6857343833,25.029332934,28.8749656323),.UNSPECIFIED.);
#162724=CARTESIAN_POINT('Control Point',(8922.47201725,-2302.12749568,1683.42167062));
#162725=CARTESIAN_POINT('Control Point',(8923.63572015,-2302.32120934,1683.41087757));
#162726=CARTESIAN_POINT('Control Point',(8924.811035950001,-2302.45169842,1683.51746827));
#162727=CARTESIAN_POINT('Control Point',(8925.978042320001,-2302.51563302,1683.74165195));
#162728=CARTESIAN_POINT('Control Point',(8928.25471515,-2302.50815161,1684.41740205));
#162729=CARTESIAN_POINT('Control Point',(8930.34164214,-2302.2347926,1685.51738387));
#162730=CARTESIAN_POINT('Control Point',(8931.319049850001,-2302.03281098,1686.1659117));
#162731=CARTESIAN_POINT('Control Point',(8933.10732538,-2301.50534514,1687.63722089));
#162732=CARTESIAN_POINT('Control Point',(8934.5079683,-2300.75284777,1689.40154558));
#162733=CARTESIAN_POINT('Control Point',(8935.097709580001,-2300.32580832,1690.34312653));
#162734=CARTESIAN_POINT('Control Point',(8935.78261292,-2299.63868073,1691.78137638));
#162735=CARTESIAN_POINT('Control Point',(8936.19699332,-2298.87760866,1693.27426965));
#162736=CARTESIAN_POINT('Control Point',(8936.300226249999,-2298.63098273,1693.74901141));
#162737=CARTESIAN_POINT('Control Point',(8936.37557934,-2298.37874809,1694.22575678));
#162738=CARTESIAN_POINT('Control Point',(8936.422880489999,-2298.121841,1694.70276743));
#162739=EDGE_CURVE('',#162692,#162721,#162723,.T.);
#162740=EDGE_LOOP('',(#162741,#162742,#162743,#162744,#162745));
#162741=ORIENTED_EDGE('',*,*,#162693,.F.);
#162742=ORIENTED_EDGE('',*,*,#161633,.T.);
#162743=ORIENTED_EDGE('',*,*,#162149,.F.);
#162744=ORIENTED_EDGE('',*,*,#162722,.F.);
#162745=ORIENTED_EDGE('',*,*,#162739,.F.);
#162746=FACE_OUTER_BOUND('',#162740,.T.);
#162747=ADVANCED_FACE('PartBody',(#162746),#162715,.T.);
#162748=CARTESIAN_POINT('Axis2P3D Location',(8923.65274424,-2295.66000973,1694.64501083));
#162749=DIRECTION('Axis2P3D Direction',(0.1401425790750098,0.8679411276330607,-0.4764853161360333));
#162750=DIRECTION('Axis2P3D XDirection',(0.9863564888006509,-0.1643612479849418,-0.009287473374606713));
#162751=AXIS2_PLACEMENT_3D('Cylinder Axis2P3D',#162748,#162749,#162750);
#162752=CYLINDRICAL_SURFACE('generated cylinder',#162751,13.);
#162753=CARTESIAN_POINT('Line Origine',(8936.475378589999,-2297.79670596,1694.52427367));
#162754=DIRECTION('Vector Direction',(0.1401425790750098,0.8679411276330607,-0.4764853161360333));
#162755=VECTOR('Line Direction',#162754,1.);
#162756=LINE('Line',#162753,#162755);
#162757=CARTESIAN_POINT('Vertex',(8935.717812479999,-2302.48851902,1697.10000141));
#162758=VERTEX_POINT('',#162757);
#162759=EDGE_CURVE('',#162758,#162721,#162756,.T.);
#162760=B_SPLINE_CURVE_WITH_KNOTS('',5,(#162761,#162762,#162763,#162764,#162765,#162766),.UNSPECIFIED.,.F.,.U.,(6,6),(0.,28.8767034635),.UNSPECIFIED.);
#162761=CARTESIAN_POINT('Control Point',(8935.717812479999,-2302.48851902,1697.10000141));
#162762=CARTESIAN_POINT('Control Point',(8935.362843090001,-2304.41634197,1693.51808212));
#162763=CARTESIAN_POINT('Control Point',(8933.4317913,-2306.07756531,1689.94442795));
#162764=CARTESIAN_POINT('Control Point',(8929.96928488,-2307.05976054,1687.13525442));
#162765=CARTESIAN_POINT('Control Point',(8925.79944954,-2307.1379855,1685.76686854));
#162766=CARTESIAN_POINT('Control Point',(8921.771240669999,-2306.46759576,1685.80431374));
#162767=EDGE_CURVE('',#162758,#162685,#162760,.T.);
#162768=EDGE_LOOP('',(#162769,#162770,#162771,#162772));
#162769=ORIENTED_EDGE('',*,*,#162739,.T.);
#162770=ORIENTED_EDGE('',*,*,#162759,.F.);
#162771=ORIENTED_EDGE('',*,*,#162767,.T.);
#162772=ORIENTED_EDGE('',*,*,#162698,.T.);
#162773=FACE_OUTER_BOUND('',#162768,.T.);
#162774=ADVANCED_FACE('PartBody',(#162773),#162752,.T.);
#162775=CARTESIAN_POINT('Axis2P3D Location',(8865.375080190001,-2307.80866246,1772.2102922));
#162776=DIRECTION('Axis2P3D Direction',(-0.08975662521645084,-0.4881815628187326,-0.8681143415205245));
#162777=DIRECTION('Axis2P3D XDirection',(0.1569794968469195,0.8538032252945622,-0.4963642715247455));
#162778=AXIS2_PLACEMENT_3D('Plane Axis2P3D',#162775,#162776,#162777);
#162779=PLANE('',#162778);
#162780=CARTESIAN_POINT('Line Origine',(8928.210291380001,-2271.17968445,1745.11539571));
#162781=DIRECTION('Vector Direction',(0.1381503869949927,0.8571038489759544,-0.4962735764109736));
#162782=VECTOR('Line Direction',#162781,1.);
#162783=LINE('Line',#162780,#162782);
#162784=CARTESIAN_POINT('Vertex',(8927.864728009999,-2273.32360677,1746.35675286));
#162785=VERTEX_POINT('',#162784);
#162786=CARTESIAN_POINT('Vertex',(8928.555854759999,-2269.03576214,1743.87403855));
#162787=VERTEX_POINT('',#162786);
#162788=EDGE_CURVE('',#162785,#162787,#162783,.T.);
#162789=CARTESIAN_POINT('Line Origine',(8908.828374250001,-2265.74446666,1744.06286426));
#162790=DIRECTION('Vector Direction',(0.9863225305034107,-0.1645561826860685,-0.00944079239989393));
#162791=VECTOR('Line Direction',#162790,1.);
#162792=LINE('Line',#162789,#162791);
#162793=EDGE_CURVE('',#161127,#162787,#162792,.T.);
#162794=B_SPLINE_CURVE_WITH_KNOTS('',5,(#162795,#162796,#162797,#162798,#162799,#162800),.UNSPECIFIED.,.F.,.U.,(6,6),(77.4794686905,141.340491716),.UNSPECIFIED.);
#162795=CARTESIAN_POINT('Control Point',(8927.864728009999,-2273.32360677,1746.35675286));
#162796=CARTESIAN_POINT('Control Point',(8918.957004309999,-2271.83707398,1746.44179848));
#162797=CARTESIAN_POINT('Control Point',(8910.049280609999,-2270.35054118,1746.52684408));
#162798=CARTESIAN_POINT('Control Point',(8901.141556910001,-2268.86400838,1746.61188969));
#162799=CARTESIAN_POINT('Control Point',(8892.23383322,-2267.37747557,1746.69693529));
#162800=CARTESIAN_POINT('Control Point',(8883.32610952,-2265.89094274,1746.78198089));
#162801=EDGE_CURVE('',#162785,#161054,#162794,.T.);
#162802=EDGE_LOOP('',(#162803,#162804,#162805,#162806,#162807,#162808,#162809,#162810,#162811));
#162803=ORIENTED_EDGE('',*,*,#162788,.T.);
#162804=ORIENTED_EDGE('',*,*,#162793,.F.);
#162805=ORIENTED_EDGE('',*,*,#161128,.T.);
#162806=ORIENTED_EDGE('',*,*,#161004,.T.);
#162807=ORIENTED_EDGE('',*,*,#160797,.F.);
#162808=ORIENTED_EDGE('',*,*,#160857,.T.);
#162809=ORIENTED_EDGE('',*,*,#161100,.F.);
#162810=ORIENTED_EDGE('',*,*,#161062,.F.);
#162811=ORIENTED_EDGE('',*,*,#162801,.F.);
#162812=FACE_OUTER_BOUND('',#162802,.T.);
#162813=ADVANCED_FACE('PartBody',(#162812),#162779,.F.);
#162814=CARTESIAN_POINT('Axis2P3D Location',(8913.98123958,-2273.38444183,1732.17687484));
#162815=DIRECTION('Axis2P3D Direction',(0.1386590892929912,0.8593404867529454,-0.4922474832679687));
#162816=DIRECTION('Axis2P3D XDirection',(0.9865139544331387,-0.163503028840023,-0.007548328876641061));
#162817=AXIS2_PLACEMENT_3D('Plane Axis2P3D',#162814,#162815,#162816);
#162818=PLANE('',#162817);
#162819=CARTESIAN_POINT('Line Origine',(8939.628615719999,-2280.68894308,1726.64954981));
#162820=DIRECTION('Vector Direction',(0.08888751297355396,0.4842437088837492,0.8704062502325493));
#162821=VECTOR('Line Direction',#162820,1.);
#162822=LINE('Line',#162819,#162821);
#162823=CARTESIAN_POINT('Vertex',(8940.219799349999,-2277.46827754,1732.43855102));
#162824=VERTEX_POINT('',#162823);
#162825=EDGE_CURVE('',#161535,#162824,#162822,.T.);
#162826=B_SPLINE_CURVE_WITH_KNOTS('',5,(#162827,#162828,#162829,#162830,#162831,#162832,#162833,#162834,#162835,#162836,#162837,#162838,#162839,#162840,#162841),.UNSPECIFIED.,.F.,.U.,(6,3,3,3,6),(0.,8.34218526314,16.6857091993,25.0293086642,28.8744385662),.UNSPECIFIED.);
#162827=CARTESIAN_POINT('Control Point',(8928.555854759999,-2269.03576214,1743.87403855));
#162828=CARTESIAN_POINT('Control Point',(8929.71948174,-2269.22989946,1743.86290065));
#162829=CARTESIAN_POINT('Control Point',(8930.87118186,-2269.48883909,1743.73527456));
#162830=CARTESIAN_POINT('Control Point',(8931.9910292,-2269.80927055,1743.49132671));
#162831=CARTESIAN_POINT('Control Point',(8934.127939350001,-2270.56194665,1742.77928035));
#162832=CARTESIAN_POINT('Control Point',(8935.99047518,-2271.5090158,1741.6505852));
#162833=CARTESIAN_POINT('Control Point',(8936.836072960001,-2272.02392593,1740.98987426));
#162834=CARTESIAN_POINT('Control Point',(8938.326139029999,-2273.11837315,1739.4989746));
#162835=CARTESIAN_POINT('Control Point',(8939.37061337,-2274.30300999,1737.72510968));
#162836=CARTESIAN_POINT('Control Point',(8939.770579,-2274.90812482,1736.78139576));
#162837=CARTESIAN_POINT('Control Point',(8940.166002,-2275.79529904,1735.34399739));
#162838=CARTESIAN_POINT('Control Point',(8940.28049816,-2276.66523924,1733.85755221));
#162839=CARTESIAN_POINT('Control Point',(8940.288426630001,-2276.93695461,1733.38543875));
#162840=CARTESIAN_POINT('Control Point',(8940.26813491,-2277.20495381,1732.91186357));
#162841=CARTESIAN_POINT('Control Point',(8940.219799349999,-2277.46827754,1732.43855102));
#162842=EDGE_CURVE('',#162824,#162787,#162826,.F.);
#162843=EDGE_LOOP('',(#162844,#162845,#162846,#162847,#162848));
#162844=ORIENTED_EDGE('',*,*,#162825,.F.);
#162845=ORIENTED_EDGE('',*,*,#161555,.T.);
#162846=ORIENTED_EDGE('',*,*,#161135,.F.);
#162847=ORIENTED_EDGE('',*,*,#162793,.T.);
#162848=ORIENTED_EDGE('',*,*,#162842,.F.);
#162849=FACE_OUTER_BOUND('',#162843,.T.);
#162850=ADVANCED_FACE('PartBody',(#162849),#162818,.T.);
#162851=B_SPLINE_SURFACE_WITH_KNOTS('',5,1,((#162852,#162853),(#162854,#162855),(#162856,#162857),(#162858,#162859),(#162860,#162861),(#162862,#162863),(#162864,#162865),(#162866,#162867),(#162868,#162869),(#162870,#162871),(#162872,#162873),(#162874,#162875),(#162876,#162877),(#162878,#162879),(#162880,#162881)),.UNSPECIFIED.,.F.,.F.,.U.,(6,3,3,3,6),(2,2),(0.,13.2283537744,24.042423628,33.1619638841,202.995161698),(0.,268.232443308),.UNSPECIFIED.);
#162852=CARTESIAN_POINT('Control Point',(8780.49133891,-2216.57204952,1801.42999608));
#162853=CARTESIAN_POINT('Control Point',(9045.013106300001,-2260.94600725,1798.68402449));
#162854=CARTESIAN_POINT('Control Point',(8780.22650705,-2218.01265147,1799.19815076));
#162855=CARTESIAN_POINT('Control Point',(9044.753731139999,-2262.35653972,1796.48956174));
#162856=CARTESIAN_POINT('Control Point',(8779.9666213,-2219.42633446,1796.9494215));
#162857=CARTESIAN_POINT('Control Point',(9044.49891396,-2263.74229989,1794.2768409));
#162858=CARTESIAN_POINT('Control Point',(8779.6906896,-2220.92727265,1794.51410606));
#162859=CARTESIAN_POINT('Control Point',(9044.22880966,-2265.21122205,1791.88576235));
#162860=CARTESIAN_POINT('Control Point',(8779.23879549,-2223.38532127,1790.3594598));
#162861=CARTESIAN_POINT('Control Point',(9043.786495779999,-2267.61672315,1787.80943385));
#162862=CARTESIAN_POINT('Control Point',(8778.79732736,-2225.78667656,1786.21638371));
#162863=CARTESIAN_POINT('Control Point',(9043.34483489,-2270.01866057,1783.65386342));
#162864=CARTESIAN_POINT('Control Point',(8778.6773916,-2226.43906949,1785.10227837));
#162865=CARTESIAN_POINT('Control Point',(9043.225270479999,-2270.66889657,1782.53985017));
#162866=CARTESIAN_POINT('Control Point',(8778.31046646,-2228.43494975,1781.66662108));
#162867=CARTESIAN_POINT('Control Point',(9042.85971017,-2272.65696556,1779.10778123));
#162868=CARTESIAN_POINT('Control Point',(8777.944604550001,-2230.42504383,1778.22783854));
#162869=CARTESIAN_POINT('Control Point',(9042.495124999999,-2274.63973523,1775.67196949));
#162870=CARTESIAN_POINT('Control Point',(8777.7774121,-2231.33448179,1776.65392482));
#162871=CARTESIAN_POINT('Control Point',(9042.328535160001,-2275.54572153,1774.09960908));
#162872=CARTESIAN_POINT('Control Point',(8774.50113135,-2249.15569295,1745.7549483));
#162873=CARTESIAN_POINT('Control Point',(9039.06385653,-2293.30043988,1743.22924088));
#162874=CARTESIAN_POINT('Control Point',(8771.307069070001,-2266.52968555,1714.58227951));
#162875=CARTESIAN_POINT('Control Point',(9035.882136190001,-2310.60407702,1712.1037379));
#162876=CARTESIAN_POINT('Control Point',(8768.35209667,-2282.60280825,1684.78278641));
#162877=CARTESIAN_POINT('Control Point',(9032.935510130001,-2326.62936307,1682.32506424));
#162878=CARTESIAN_POINT('Control Point',(8765.47076711,-2298.27542098,1654.75019037));
#162879=CARTESIAN_POINT('Control Point',(9030.063463050001,-2342.24905939,1652.32867381));
#162880=CARTESIAN_POINT('Control Point',(8762.66429732,-2313.54082198,1624.50511472));
#162881=CARTESIAN_POINT('Control Point',(9027.26594257,-2357.46346609,1622.12126457));
#162882=B_SPLINE_CURVE_WITH_KNOTS('',3,(#162883,#162884,#162885,#162886),.UNSPECIFIED.,.F.,.U.,(4,4),(18.4545904341,79.6973719793),.UNSPECIFIED.);
#162883=CARTESIAN_POINT('Control Point',(8939.52460501,-2281.781358,1734.93587718));
#162884=CARTESIAN_POINT('Control Point',(8938.24150142,-2288.77161761,1722.3738236));
#162885=CARTESIAN_POINT('Control Point',(8936.97254216,-2295.674138,1709.7612078));
#162886=CARTESIAN_POINT('Control Point',(8935.717812430001,-2302.48851933,1697.10000158));
#162887=CARTESIAN_POINT('Vertex',(8939.524605070001,-2281.78135769,1734.93587701));
#162888=VERTEX_POINT('',#162887);
#162889=EDGE_CURVE('',#162888,#162758,#162882,.T.);
#162890=B_SPLINE_CURVE_WITH_KNOTS('',5,(#162891,#162892,#162893,#162894,#162895,#162896),.UNSPECIFIED.,.F.,.U.,(6,6),(0.,28.8763053805),.UNSPECIFIED.);
#162891=CARTESIAN_POINT('Control Point',(8939.52460501,-2281.781358,1734.93587718));
#162892=CARTESIAN_POINT('Control Point',(8939.887596500001,-2279.80380546,1738.4896967));
#162893=CARTESIAN_POINT('Control Point',(8938.675273209999,-2277.55574653,1742.05833945));
#162894=CARTESIAN_POINT('Control Point',(8935.780803850001,-2275.44882696,1744.89151213));
#162895=CARTESIAN_POINT('Control Point',(8931.892570620001,-2273.99577851,1746.31829743));
#162896=CARTESIAN_POINT('Control Point',(8927.864728009999,-2273.32360677,1746.35675286));
#162897=EDGE_CURVE('',#162785,#162888,#162890,.F.);
#162898=EDGE_LOOP('',(#162899,#162900,#162901,#162902,#162903,#162904));
#162899=ORIENTED_EDGE('',*,*,#162801,.T.);
#162900=ORIENTED_EDGE('',*,*,#161055,.F.);
#162901=ORIENTED_EDGE('',*,*,#162686,.F.);
#162902=ORIENTED_EDGE('',*,*,#162767,.F.);
#162903=ORIENTED_EDGE('',*,*,#162889,.F.);
#162904=ORIENTED_EDGE('',*,*,#162897,.F.);
#162905=FACE_OUTER_BOUND('',#162898,.T.);
#162906=ADVANCED_FACE('PartBody',(#162905),#162851,.T.);
#162907=CARTESIAN_POINT('Axis2P3D Location',(8927.599573670001,-2354.15364602,1749.24197769));
#162908=DIRECTION('Axis2P3D Direction',(0.9863564888006515,-0.1643612479849419,-0.009287473374546719));
#162909=DIRECTION('Axis2P3D XDirection',(0.1392233499310765,0.8629473742044744,-0.4857352037762671));
#162910=AXIS2_PLACEMENT_3D('Plane Axis2P3D',#162907,#162908,#162909);
#162911=PLANE('',#162910);
#162912=CARTESIAN_POINT('Line Origine',(8939.872202209999,-2279.62481762,1733.68721401));
#162913=DIRECTION('Vector Direction',(0.1381503869949927,0.8571038489759544,-0.4962735764109736));
#162914=VECTOR('Line Direction',#162913,1.);
#162915=LINE('Line',#162912,#162914);
#162916=EDGE_CURVE('',#162888,#162824,#162915,.T.);
#162917=EDGE_LOOP('',(#162918,#162919,#162920,#162921,#162922,#162923,#162924,#162925,#162926));
#162918=ORIENTED_EDGE('',*,*,#162889,.T.);
#162919=ORIENTED_EDGE('',*,*,#162759,.T.);
#162920=ORIENTED_EDGE('',*,*,#162722,.T.);
#162921=ORIENTED_EDGE('',*,*,#162144,.F.);
#162922=ORIENTED_EDGE('',*,*,#162492,.F.);
#162923=ORIENTED_EDGE('',*,*,#162661,.T.);
#162924=ORIENTED_EDGE('',*,*,#161536,.T.);
#162925=ORIENTED_EDGE('',*,*,#162825,.T.);
#162926=ORIENTED_EDGE('',*,*,#162916,.F.);
#162927=FACE_OUTER_BOUND('',#162917,.T.);
#162928=ADVANCED_FACE('PartBody',(#162927),#162911,.T.);
#162929=CARTESIAN_POINT('Axis2P3D Location',(8927.44978185,-2275.00513914,1732.37027418));
#162930=DIRECTION('Axis2P3D Direction',(0.1381503869949927,0.8571038489759544,-0.4962735764109736));
#162931=DIRECTION('Axis2P3D XDirection',(0.08975662521635164,0.4881815628187369,0.8681143415205321));
#162932=AXIS2_PLACEMENT_3D('Cylinder Axis2P3D',#162929,#162930,#162931);
#162933=CYLINDRICAL_SURFACE('generated cylinder',#162932,13.);
#162934=EDGE_LOOP('',(#162935,#162936,#162937,#162938));
#162935=ORIENTED_EDGE('',*,*,#162842,.T.);
#162936=ORIENTED_EDGE('',*,*,#162788,.F.);
#162937=ORIENTED_EDGE('',*,*,#162897,.T.);
#162938=ORIENTED_EDGE('',*,*,#162916,.T.);
#162939=FACE_OUTER_BOUND('',#162934,.T.);
#162940=ADVANCED_FACE('PartBody',(#162939),#162933,.T.);
#162941=CARTESIAN_POINT('Axis2P3D Location',(8906.46229781,-2149.33175156,1622.60262365));
#162942=DIRECTION('Axis2P3D Direction',(-0.3683076927631001,0.4447860507271209,0.8164035843442219));
#162943=DIRECTION('Axis2P3D XDirection',(0.8739362264405116,-0.1339236407069251,0.4672257811537389));
#162944=AXIS2_PLACEMENT_3D('Plane Axis2P3D',#162941,#162942,#162943);
#162945=PLANE('',#162944);
#162946=EDGE_LOOP('',(#162947,#162948,#162949,#162950,#162951));
#162947=ORIENTED_EDGE('',*,*,#162208,.T.);
#162948=ORIENTED_EDGE('',*,*,#161659,.F.);
#162949=ORIENTED_EDGE('',*,*,#161258,.T.);
#162950=ORIENTED_EDGE('',*,*,#161312,.F.);
#162951=ORIENTED_EDGE('',*,*,#162605,.F.);
#162952=FACE_OUTER_BOUND('',#162946,.T.);
#162953=ADVANCED_FACE('PartBody',(#162952),#162945,.F.);
#162954=CARTESIAN_POINT('Axis2P3D Location',(8981.987718820001,-2159.88820867,1665.63437527));
#162955=DIRECTION('Axis2P3D Direction',(-0.4579531809678862,-0.1703722752009577,-0.8724976629677832));
#162956=DIRECTION('Axis2P3D XDirection',(-0.8304781565308574,0.4321382421229258,0.3515146813719396));
#162957=AXIS2_PLACEMENT_3D('Plane Axis2P3D',#162954,#162955,#162956);
#162958=PLANE('',#162957);
#162959=EDGE_LOOP('',(#162960,#162961,#162962,#162963,#162964));
#162960=ORIENTED_EDGE('',*,*,#162595,.T.);
#162961=ORIENTED_EDGE('',*,*,#161300,.T.);
#162962=ORIENTED_EDGE('',*,*,#160953,.F.);
#162963=ORIENTED_EDGE('',*,*,#161421,.F.);
#162964=ORIENTED_EDGE('',*,*,#161861,.F.);
#162965=FACE_OUTER_BOUND('',#162959,.T.);
#162966=ADVANCED_FACE('PartBody',(#162965),#162958,.F.);
#162967=ADVANCED_BREP_SHAPE_REPRESENTATION('NONE',(#160754),#160430);

#162968=APPLICATION_CONTEXT('automotive_design');
#162969=APPLICATION_PROTOCOL_DEFINITION('international standard','automotive_design',2010,#162968);
#162970=PRODUCT_CONTEXT('',#162968,'mechanical');
#162971=PRODUCT_DEFINITION_CONTEXT('part definition',#162968,'design');
#162972=PRODUCT('part_034_V5311316420000','part_034_V5311316420000','',(#162970));
#162973=PRODUCT_DEFINITION_FORMATION('','',#162972);
#162974=PRODUCT_DEFINITION('design','',#162973,#162971);
#162975=PRODUCT_DEFINITION_SHAPE('','',#162974);
#162976=SHAPE_DEFINITION_REPRESENTATION(#162975,#162967);
ENDSEC;
END-ISO-10303-21;
