ISO-10303-21;
HEADER;
FILE_DESCRIPTION(('CATIA V5 STEP Exchange','CAx-IF Rec.Pracs.--- Model Styling and Organization---1.4--- 2014-01-23'),'2;1');

FILE_NAME('C:\\Users\\SA516207\\WORK\\01_ASSY\\3_Catia\\ECHELLE\\ECHELLE.stp','2026-09-22T12:18:05+00:00',('none'),('none'),'CATIA Version 5-6 Release 2017 SP2 HF26','CATIA V5 STEP AP203 WITH EXTENSIONS','none');

FILE_SCHEMA(('CONFIG_CONTROL_DESIGN','SHAPE_APPEARANCE_LAYER_MIM'));

ENDSEC;
DATA;
#46=(LENGTH_UNIT()NAMED_UNIT(*)SI_UNIT(.MILLI.,.METRE.));
#47=(NAMED_UNIT(*)PLANE_ANGLE_UNIT()SI_UNIT($,.RADIAN.));
#48=(NAMED_UNIT(*)SI_UNIT($,.STERADIAN.)SOLID_ANGLE_UNIT());
#187589=UNCERTAINTY_MEASURE_WITH_UNIT(LENGTH_MEASURE(0.005),#46,'distance_accuracy_value','CONFUSED CURVE UNCERTAINTY');
#187590=(GEOMETRIC_REPRESENTATION_CONTEXT(3)GLOBAL_UNCERTAINTY_ASSIGNED_CONTEXT((#187589))GLOBAL_UNIT_ASSIGNED_CONTEXT((#46,#47,#48))REPRESENTATION_CONTEXT(' ',' '));
#187914=MANIFOLD_SOLID_BREP('PartBody',#187916);
#187916=CLOSED_SHELL('Closed Shell',(#187956,#187996,#188063,#188174,#188285,#188323,#188354,#188366,#188491,#188533,#188575,#188628,#188670,#188707,#188753,#188780,#188804,#188828,#188846,#188875,#188925,#189052,#189095,#189117,#189145,#189196,#189227,#189244,#189262,#189282,#189309,#189335,#189352,#189379,#189405,#189422,#189461,#189512,#189551,#189583,#189600,#189617,#189635,#189659,#189692,#189738,#189775,#189808,#189826,#189843,#189932,#189975,#190012,#190046,#190079,#190111,#190150,#190167,#190184,#190202,#190219,#190235,#190247,#190285,#190322,#190349,#190387,#190424,#190462,#190486,#190498));
#187917=CARTESIAN_POINT('Axis2P3D Location',(8842.30303838,-2676.68761334,240.31594913));
#187918=DIRECTION('Axis2P3D Direction',(0.9835147105149434,-0.1808281344279896,0));
#187919=DIRECTION('Axis2P3D XDirection',(0.03901550460059965,0.2122032770739981,0.9764463936129913));
#187920=AXIS2_PLACEMENT_3D('Cylinder Axis2P3D',#187917,#187918,#187919);
#187921=CYLINDRICAL_SURFACE('generated cylinder',#187920,50.);
#187922=CARTESIAN_POINT('Line Origine',(8844.253813609999,-2666.07744948,289.13826881));
#187923=DIRECTION('Vector Direction',(0.9835147105149434,-0.1808281344279896,0));
#187924=VECTOR('Line Direction',#187923,1.);
#187925=LINE('Line',#187922,#187924);
#187926=CARTESIAN_POINT('Vertex',(8803.138964649999,-2658.51811015,289.13826881));
#187927=VERTEX_POINT('',#187926);
#187928=CARTESIAN_POINT('Vertex',(8811.00708234,-2659.96473523,289.13826881));
#187929=VERTEX_POINT('',#187928);
#187930=EDGE_CURVE('',#187927,#187929,#187925,.T.);
#187931=CARTESIAN_POINT('Axis2P3D Location',(8801.18818942,-2669.128274,240.31594913));
#187932=DIRECTION('Axis2P3D Direction',(0.9835147105149434,-0.1808281344279896,0));
#187933=AXIS2_PLACEMENT_3D('Circle Axis2P3D',#187931,#187932,$);
#187934=CIRCLE('generated circle',#187933,50.);
#187935=CARTESIAN_POINT('Vertex',(8801.702696079999,-2666.32989933,290.234927305));
#187936=VERTEX_POINT('',#187935);
#187937=EDGE_CURVE('',#187927,#187936,#187934,.T.);
#187938=CARTESIAN_POINT('Line Origine',(8842.817545039999,-2673.88923866,290.234927305));
#187939=DIRECTION('Vector Direction',(0.9835147105149434,-0.1808281344279896,0));
#187940=VECTOR('Line Direction',#187939,1.);
#187941=LINE('Line',#187938,#187940);
#187942=CARTESIAN_POINT('Vertex',(8809.57081377,-2667.7765244,290.234927305));
#187943=VERTEX_POINT('',#187942);
#187944=EDGE_CURVE('',#187936,#187943,#187941,.T.);
#187945=CARTESIAN_POINT('Axis2P3D Location',(8809.05630711,-2670.57489908,240.31594913));
#187946=DIRECTION('Axis2P3D Direction',(0.9835147105149434,-0.1808281344279896,0));
#187947=AXIS2_PLACEMENT_3D('Circle Axis2P3D',#187945,#187946,$);
#187948=CIRCLE('generated circle',#187947,50.);
#187949=EDGE_CURVE('',#187929,#187943,#187948,.T.);
#187950=EDGE_LOOP('',(#187951,#187952,#187953,#187954));
#187951=ORIENTED_EDGE('',*,*,#187930,.F.);
#187952=ORIENTED_EDGE('',*,*,#187937,.T.);
#187953=ORIENTED_EDGE('',*,*,#187944,.T.);
#187954=ORIENTED_EDGE('',*,*,#187949,.F.);
#187955=FACE_OUTER_BOUND('',#187950,.T.);
#187956=ADVANCED_FACE('PartBody',(#187955),#187921,.T.);
#187957=CARTESIAN_POINT('Axis2P3D Location',(8841.9063126,-2678.84538398,171.160675538));
#187958=DIRECTION('Axis2P3D Direction',(0.9835147105149434,-0.1808281344279896,0));
#187959=DIRECTION('Axis2P3D XDirection',(0.03901589027561212,0.2122053747400659,0.9764459223313033));
#187960=AXIS2_PLACEMENT_3D('Cylinder Axis2P3D',#187957,#187958,#187959);
#187961=CYLINDRICAL_SURFACE('generated cylinder',#187960,50.);
#187962=CARTESIAN_POINT('Axis2P3D Location',(8808.659581329999,-2672.73266972,171.160675538));
#187963=DIRECTION('Axis2P3D Direction',(0.9835147105149434,-0.1808281344279896,0));
#187964=AXIS2_PLACEMENT_3D('Circle Axis2P3D',#187962,#187963,$);
#187965=CIRCLE('generated circle',#187964,50.);
#187966=CARTESIAN_POINT('Vertex',(8808.99269277,-2670.92089411,221.126729074));
#187967=VERTEX_POINT('',#187966);
#187968=CARTESIAN_POINT('Vertex',(8810.61037584,-2662.12240098,219.982971655));
#187969=VERTEX_POINT('',#187968);
#187970=EDGE_CURVE('',#187967,#187969,#187965,.F.);
#187971=CARTESIAN_POINT('Line Origine',(8842.239424040001,-2677.03360837,221.126729074));
#187972=DIRECTION('Vector Direction',(0.9835147105149434,-0.1808281344279896,0));
#187973=VECTOR('Line Direction',#187972,1.);
#187974=LINE('Line',#187971,#187973);
#187975=CARTESIAN_POINT('Vertex',(8801.124575080001,-2669.47426904,221.126729074));
#187976=VERTEX_POINT('',#187975);
#187977=EDGE_CURVE('',#187976,#187967,#187974,.T.);
#187978=CARTESIAN_POINT('Axis2P3D Location',(8800.79146364,-2671.28604464,171.160675538));
#187979=DIRECTION('Axis2P3D Direction',(0.9835147105149434,-0.1808281344279896,0));
#187980=AXIS2_PLACEMENT_3D('Circle Axis2P3D',#187978,#187979,$);
#187981=CIRCLE('generated circle',#187980,50.);
#187982=CARTESIAN_POINT('Vertex',(8802.74225816,-2660.67577591,219.982971655));
#187983=VERTEX_POINT('',#187982);
#187984=EDGE_CURVE('',#187976,#187983,#187981,.F.);
#187985=CARTESIAN_POINT('Line Origine',(8843.85710711,-2668.23511524,219.982971655));
#187986=DIRECTION('Vector Direction',(0.9835147105149434,-0.1808281344279896,0));
#187987=VECTOR('Line Direction',#187986,1.);
#187988=LINE('Line',#187985,#187987);
#187989=EDGE_CURVE('',#187983,#187969,#187988,.T.);
#187990=EDGE_LOOP('',(#187991,#187992,#187993,#187994));
#187991=ORIENTED_EDGE('',*,*,#187970,.F.);
#187992=ORIENTED_EDGE('',*,*,#187977,.F.);
#187993=ORIENTED_EDGE('',*,*,#187984,.T.);
#187994=ORIENTED_EDGE('',*,*,#187989,.T.);
#187995=FACE_OUTER_BOUND('',#187990,.T.);
#187996=ADVANCED_FACE('PartBody',(#187995),#187961,.F.);
#187997=B_SPLINE_SURFACE_WITH_KNOTS('',5,1,((#187998,#187999),(#188000,#188001),(#188002,#188003),(#188004,#188005),(#188006,#188007),(#188008,#188009),(#188010,#188011),(#188012,#188013),(#188014,#188015)),.UNSPECIFIED.,.F.,.F.,.U.,(6,3,6),(2,2),(72.4840806017,121.593887348,170.703951769),(0.,11.0375958362),.UNSPECIFIED.);
#187998=CARTESIAN_POINT('Control Point',(8806.620016229999,-2683.48463909,221.546326543));
#187999=CARTESIAN_POINT('Control Point',(8800.197422249999,-2674.51700455,221.265837413));
#188000=CARTESIAN_POINT('Control Point',(8806.66610063,-2683.23431561,228.495914457));
#188001=CARTESIAN_POINT('Control Point',(8800.24362883,-2674.26568936,228.19995558));
#188002=CARTESIAN_POINT('Control Point',(8806.71534536,-2682.96679872,235.444844551));
#188003=CARTESIAN_POINT('Control Point',(8800.2929874,-2673.99723072,235.133408368));
#188004=CARTESIAN_POINT('Control Point',(8806.76775026,-2682.68208934,242.39302221));
#188005=CARTESIAN_POINT('Control Point',(8800.345497750001,-2673.71162967,242.066101956));
#188006=CARTESIAN_POINT('Control Point',(8806.878879989999,-2682.07828785,256.287751083));
#188007=CARTESIAN_POINT('Control Point',(8800.456821600001,-2673.10614511,255.929850309));
#188008=CARTESIAN_POINT('Control Point',(8807.002649280001,-2681.40572289,270.179192833));
#188009=CARTESIAN_POINT('Control Point',(8800.58075132,-2672.43209789,269.79028822));
#188010=CARTESIAN_POINT('Control Point',(8807.067694359999,-2681.05224664,277.124119802));
#188011=CARTESIAN_POINT('Control Point',(8800.645868170001,-2672.07793075,276.719707718));
#188012=CARTESIAN_POINT('Control Point',(8807.135898549999,-2680.68158387,284.068106949));
#188013=CARTESIAN_POINT('Control Point',(8800.714135669999,-2671.70662741,283.648182404));
#188014=CARTESIAN_POINT('Control Point',(8807.207260949999,-2680.29373954,291.011063413));
#188015=CARTESIAN_POINT('Control Point',(8800.785552900001,-2671.31819288,290.575621804));
#188016=B_SPLINE_CURVE_WITH_KNOTS('',2,(#188017,#188018,#188019),.UNSPECIFIED.,.F.,.U.,(3,3),(0.,15.614632177),.UNSPECIFIED.);
#188017=CARTESIAN_POINT('Control Point',(8800.785022669999,-2671.32107678,290.524182699));
#188018=CARTESIAN_POINT('Control Point',(8803.99588536,-2675.80880216,290.742663268));
#188019=CARTESIAN_POINT('Control Point',(8807.20674793,-2680.29652777,290.961143853));
#188020=CARTESIAN_POINT('Vertex',(8807.20674786,-2680.29652813,290.961143873));
#188021=VERTEX_POINT('',#188020);
#188022=CARTESIAN_POINT('Vertex',(8800.785022669999,-2671.32107678,290.524182699));
#188023=VERTEX_POINT('',#188022);
#188024=EDGE_CURVE('',#188021,#188023,#188016,.F.);
#188025=B_SPLINE_CURVE_WITH_KNOTS('',5,(#188026,#188027,#188028,#188029,#188030,#188031,#188032,#188033,#188034),.UNSPECIFIED.,.F.,.U.,(6,3,6),(72.5546990371,121.593887348,170.631019289),.UNSPECIFIED.);
#188026=CARTESIAN_POINT('Control Point',(8800.19775453,-2674.51519728,221.315692673));
#188027=CARTESIAN_POINT('Control Point',(8800.24391277,-2674.26414501,228.239835963));
#188028=CARTESIAN_POINT('Control Point',(8800.29321394,-2673.99599856,235.163315382));
#188029=CARTESIAN_POINT('Control Point',(8800.34565784,-2673.71075897,242.086037558));
#188030=CARTESIAN_POINT('Control Point',(8800.456828030001,-2673.10611012,255.929521303));
#188031=CARTESIAN_POINT('Control Point',(8800.58056728,-2672.43309887,269.769704275));
#188032=CARTESIAN_POINT('Control Point',(8800.645578080001,-2672.07950854,276.688835441));
#188033=CARTESIAN_POINT('Control Point',(8800.713730179999,-2671.70883285,283.607024975));
#188034=CARTESIAN_POINT('Control Point',(8800.785022669999,-2671.32107678,290.524182699));
#188035=CARTESIAN_POINT('Vertex',(8800.19775453,-2674.51519728,221.315692673));
#188036=VERTEX_POINT('',#188035);
#188037=EDGE_CURVE('',#188036,#188023,#188025,.T.);
#188038=B_SPLINE_CURVE_WITH_KNOTS('',3,(#188039,#188040,#188041,#188042),.UNSPECIFIED.,.F.,.U.,(4,4),(0.,15.6069087809),.UNSPECIFIED.);
#188039=CARTESIAN_POINT('Control Point',(8806.620359230001,-2683.48277598,221.598040313));
#188040=CARTESIAN_POINT('Control Point',(8804.47949089,-2680.49358278,221.503924423));
#188041=CARTESIAN_POINT('Control Point',(8802.33862296,-2677.5043903,221.409808556));
#188042=CARTESIAN_POINT('Control Point',(8800.19775453,-2674.51519728,221.315692673));
#188043=CARTESIAN_POINT('Vertex',(8806.620358820001,-2683.4827782,221.598040395));
#188044=VERTEX_POINT('',#188043);
#188045=EDGE_CURVE('',#188036,#188044,#188038,.F.);
#188046=B_SPLINE_CURVE_WITH_KNOTS('',5,(#188047,#188048,#188049,#188050,#188051,#188052,#188053,#188054,#188055),.UNSPECIFIED.,.F.,.U.,(6,3,6),(72.5571685029,121.593887348,170.633331946),.UNSPECIFIED.);
#188047=CARTESIAN_POINT('Control Point',(8806.620359230001,-2683.48277598,221.598040313));
#188048=CARTESIAN_POINT('Control Point',(8806.666393830001,-2683.23272285,228.537281559));
#188049=CARTESIAN_POINT('Control Point',(8806.71557936,-2682.96552744,235.47586652));
#188050=CARTESIAN_POINT('Control Point',(8806.76791565,-2682.68119069,242.41370105));
#188051=CARTESIAN_POINT('Control Point',(8806.878892180001,-2682.07822155,256.288097787));
#188052=CARTESIAN_POINT('Control Point',(8807.002471309999,-2681.40669,270.159217012));
#188053=CARTESIAN_POINT('Control Point',(8807.06741378,-2681.05377142,277.094159573));
#188054=CARTESIAN_POINT('Control Point',(8807.13550629,-2680.6837157,284.028165377));
#188055=CARTESIAN_POINT('Control Point',(8807.20674793,-2680.29652777,290.961143852));
#188056=EDGE_CURVE('',#188044,#188021,#188046,.T.);
#188057=EDGE_LOOP('',(#188058,#188059,#188060,#188061));
#188058=ORIENTED_EDGE('',*,*,#188024,.T.);
#188059=ORIENTED_EDGE('',*,*,#188037,.F.);
#188060=ORIENTED_EDGE('',*,*,#188045,.T.);
#188061=ORIENTED_EDGE('',*,*,#188056,.T.);
#188062=FACE_OUTER_BOUND('',#188057,.T.);
#188063=ADVANCED_FACE('PartBody',(#188062),#187997,.T.);
#188064=CARTESIAN_POINT('Axis2P3D Location',(8803.138964649999,-2658.51811015,289.13826881));
#188065=DIRECTION('Axis2P3D Direction',(-0.03901550460059965,-0.2122032770739981,-0.9764463936129913));
#188066=DIRECTION('Axis2P3D XDirection',(0.1765689797259175,0.9603493921475511,-0.2157601455328992));
#188067=AXIS2_PLACEMENT_3D('Plane Axis2P3D',#188064,#188065,#188066);
#188068=PLANE('',#188067);
#188069=CARTESIAN_POINT('Line Origine',(8812.995211379999,-2649.15140595,286.708855601));
#188070=DIRECTION('Vector Direction',(-0.1765689797259175,-0.9603493921475511,0.2157601455328992));
#188071=VECTOR('Line Direction',#188070,1.);
#188072=LINE('Line',#188069,#188071);
#188073=CARTESIAN_POINT('Vertex',(8814.98334042,-2638.33807667,284.279442392));
#188074=VERTEX_POINT('',#188073);
#188075=EDGE_CURVE('',#188074,#187929,#188072,.T.);
#188076=B_SPLINE_CURVE_WITH_KNOTS('',5,(#188077,#188078,#188079,#188080,#188081,#188082,#188083,#188084,#188085,#188086,#188087,#188088),.UNSPECIFIED.,.F.,.U.,(6,3,3,6),(11.3420270458,12.0518245047,18.0808844252,19.9928050279),.UNSPECIFIED.);
#188077=CARTESIAN_POINT('Control Point',(8817.949194749999,-2633.26717683,283.058918793));
#188078=CARTESIAN_POINT('Control Point',(8817.873356030001,-2633.33074597,283.075764024));
#188079=CARTESIAN_POINT('Control Point',(8817.798432670001,-2633.39535665,283.092799032));
#188080=CARTESIAN_POINT('Control Point',(8817.7244443,-2633.46099242,283.110019452));
#188081=CARTESIAN_POINT('Control Point',(8817.03105315,-2634.09371281,283.275229081));
#188082=CARTESIAN_POINT('Control Point',(8816.42534186,-2634.81571912,283.456339113));
#188083=CARTESIAN_POINT('Control Point',(8815.965047989999,-2635.52244496,283.628317971));
#188084=CARTESIAN_POINT('Control Point',(8815.477887790001,-2636.51551533,283.863599284));
#188085=CARTESIAN_POINT('Control Point',(8815.15643605,-2637.56507707,284.10453626));
#188086=CARTESIAN_POINT('Control Point',(8815.08881073,-2637.820582,284.162765181));
#188087=CARTESIAN_POINT('Control Point',(8815.031082269999,-2638.07841125,284.221103782));
#188088=CARTESIAN_POINT('Control Point',(8814.98334042,-2638.33807667,284.279442392));
#188089=CARTESIAN_POINT('Vertex',(8817.949194749999,-2633.26717683,283.058918793));
#188090=VERTEX_POINT('',#188089);
#188091=EDGE_CURVE('',#188090,#188074,#188076,.T.);
#188092=CARTESIAN_POINT('Line Origine',(8826.93606896,-2584.38804075,272.077322302));
#188093=DIRECTION('Vector Direction',(-0.1765689797259175,-0.9603493921475511,0.2157601455328992));
#188094=VECTOR('Line Direction',#188093,1.);
#188095=LINE('Line',#188092,#188094);
#188096=CARTESIAN_POINT('Vertex',(8835.922943170001,-2535.50890467,261.095725812));
#188097=VERTEX_POINT('',#188096);
#188098=EDGE_CURVE('',#188097,#188090,#188095,.T.);
#188099=B_SPLINE_CURVE_WITH_KNOTS('',5,(#188100,#188101,#188102,#188103,#188104,#188105,#188106,#188107,#188108),.UNSPECIFIED.,.F.,.U.,(6,3,6),(17.7511992265,19.454323068,21.5337150291),.UNSPECIFIED.);
#188100=CARTESIAN_POINT('Control Point',(8836.77629319,-2533.04929079,260.527100631));
#188101=CARTESIAN_POINT('Control Point',(8836.666260620001,-2533.25770725,260.576790642));
#188102=CARTESIAN_POINT('Control Point',(8836.56338892,-2533.46978219,260.626989599));
#188103=CARTESIAN_POINT('Control Point',(8836.46784247,-2533.68520453,260.677623323));
#188104=CARTESIAN_POINT('Control Point',(8836.27222685,-2534.17036166,260.79087478));
#188105=CARTESIAN_POINT('Control Point',(8836.114037130001,-2534.66881733,260.905520886));
#188106=CARTESIAN_POINT('Control Point',(8836.03860335,-2534.94625587,260.968828464));
#188107=CARTESIAN_POINT('Control Point',(8835.974866889999,-2535.22649431,261.032277133));
#188108=CARTESIAN_POINT('Control Point',(8835.922943170001,-2535.50890467,261.095725812));
#188109=CARTESIAN_POINT('Vertex',(8836.77629319,-2533.04929079,260.527100631));
#188110=VERTEX_POINT('',#188109);
#188111=EDGE_CURVE('',#188110,#188097,#188099,.T.);
#188112=B_SPLINE_CURVE_WITH_KNOTS('',5,(#188113,#188114,#188115,#188116,#188117,#188118,#188119,#188120,#188121,#188122,#188123,#188124),.UNSPECIFIED.,.F.,.U.,(6,3,3,6),(0.,6.93663331728,13.8834695414,18.2108133391),.UNSPECIFIED.);
#188113=CARTESIAN_POINT('Control Point',(8847.564044520001,-2528.46572039,259.099947815));
#188114=CARTESIAN_POINT('Control Point',(8846.6272111,-2528.17584579,259.074384391));
#188115=CARTESIAN_POINT('Control Point',(8845.651009110001,-2528.01067782,259.077495499));
#188116=CARTESIAN_POINT('Control Point',(8844.658634060001,-2527.97745194,259.109926745));
#188117=CARTESIAN_POINT('Control Point',(8842.690863399999,-2528.17656774,259.231824467));
#188118=CARTESIAN_POINT('Control Point',(8840.853915559999,-2528.88426438,259.45902075));
#188119=CARTESIAN_POINT('Control Point',(8839.991090400001,-2529.36003796,259.596892398));
#188120=CARTESIAN_POINT('Control Point',(8838.717818659999,-2530.30970095,259.854150696));
#188121=CARTESIAN_POINT('Control Point',(8837.69514736,-2531.50319433,260.154385554));
#188122=CARTESIAN_POINT('Control Point',(8837.34363456,-2531.99316983,260.274913272));
#188123=CARTESIAN_POINT('Control Point',(8837.036520039999,-2532.5102584,260.39955925));
#188124=CARTESIAN_POINT('Control Point',(8836.77629319,-2533.04929079,260.527100631));
#188125=CARTESIAN_POINT('Vertex',(8847.564044520001,-2528.46572039,259.099947815));
#188126=VERTEX_POINT('',#188125);
#188127=EDGE_CURVE('',#188126,#188110,#188112,.T.);
#188128=CARTESIAN_POINT('Line Origine',(8847.819349429999,-2528.54471673,259.106914333));
#188129=DIRECTION('Vector Direction',(0.9549895968151824,-0.2954924808220564,0.02605885170920497));
#188130=VECTOR('Line Direction',#188129,1.);
#188131=LINE('Line',#188128,#188130);
#188132=CARTESIAN_POINT('Vertex',(8848.074654329999,-2528.62371306,259.113880852));
#188133=VERTEX_POINT('',#188132);
#188134=EDGE_CURVE('',#188126,#188133,#188131,.T.);
#188135=CARTESIAN_POINT('Line Origine',(8848.8110411,-2526.29114938,258.57753993));
#188136=DIRECTION('Vector Direction',(0.2940662467099069,0.9314782399777051,-0.2141806036829322));
#188137=VECTOR('Line Direction',#188136,1.);
#188138=LINE('Line',#188135,#188137);
#188139=CARTESIAN_POINT('Vertex',(8849.54742786,-2523.9585857,258.041199009));
#188140=VERTEX_POINT('',#188139);
#188141=EDGE_CURVE('',#188133,#188140,#188138,.T.);
#188142=CARTESIAN_POINT('Line Origine',(8844.071436779999,-2522.26420684,257.89177535));
#188143=DIRECTION('Vector Direction',(-0.9549895968151798,0.2954924808220556,-0.02605885170930491));
#188144=VECTOR('Line Direction',#188143,1.);
#188145=LINE('Line',#188142,#188144);
#188146=CARTESIAN_POINT('Vertex',(8838.595445700001,-2520.56982797,257.742351692));
#188147=VERTEX_POINT('',#188146);
#188148=EDGE_CURVE('',#188140,#188147,#188145,.T.);
#188149=CARTESIAN_POINT('Line Origine',(8833.28978078,-2521.97823385,258.260425742));
#188150=DIRECTION('Vector Direction',(0.9622504260383468,0.255432482067092,-0.09395937789313386));
#188151=VECTOR('Line Direction',#188150,1.);
#188152=LINE('Line',#188149,#188151);
#188153=CARTESIAN_POINT('Vertex',(8827.984115859999,-2523.38663974,258.778499792));
#188154=VERTEX_POINT('',#188153);
#188155=EDGE_CURVE('',#188154,#188147,#188152,.T.);
#188156=CARTESIAN_POINT('Line Origine',(8815.56154026,-2590.95237494,273.958384301));
#188157=DIRECTION('Vector Direction',(0.1765689797259175,0.9603493921475511,-0.2157601455328992));
#188158=VECTOR('Line Direction',#188157,1.);
#188159=LINE('Line',#188156,#188158);
#188160=EDGE_CURVE('',#188154,#187927,#188159,.F.);
#188161=EDGE_LOOP('',(#188162,#188163,#188164,#188165,#188166,#188167,#188168,#188169,#188170,#188171,#188172));
#188162=ORIENTED_EDGE('',*,*,#188075,.F.);
#188163=ORIENTED_EDGE('',*,*,#188091,.F.);
#188164=ORIENTED_EDGE('',*,*,#188098,.F.);
#188165=ORIENTED_EDGE('',*,*,#188111,.F.);
#188166=ORIENTED_EDGE('',*,*,#188127,.F.);
#188167=ORIENTED_EDGE('',*,*,#188134,.T.);
#188168=ORIENTED_EDGE('',*,*,#188141,.T.);
#188169=ORIENTED_EDGE('',*,*,#188148,.T.);
#188170=ORIENTED_EDGE('',*,*,#188155,.F.);
#188171=ORIENTED_EDGE('',*,*,#188160,.T.);
#188172=ORIENTED_EDGE('',*,*,#187930,.T.);
#188173=FACE_OUTER_BOUND('',#188161,.T.);
#188174=ADVANCED_FACE('PartBody',(#188173),#188068,.F.);
#188175=CARTESIAN_POINT('Axis2P3D Location',(8827.50935654,-2525.96883069,189.71826625));
#188176=DIRECTION('Axis2P3D Direction',(0.03901589027551227,0.2122053747400667,0.976445922331307));
#188177=DIRECTION('Axis2P3D XDirection',(-0.1765688945050197,-0.9603489286351072,0.2157622783590241));
#188178=AXIS2_PLACEMENT_3D('Plane Axis2P3D',#188175,#188176,#188177);
#188179=PLANE('',#188178);
#188180=B_SPLINE_CURVE_WITH_KNOTS('',5,(#188181,#188182,#188183,#188184,#188185,#188186,#188187,#188188,#188189,#188190,#188191,#188192),.UNSPECIFIED.,.F.,.U.,(6,3,3,6),(11.3420270346,12.0518244936,18.0808844399,19.9928050424),.UNSPECIFIED.);
#188181=CARTESIAN_POINT('Control Point',(8815.296186600001,-2647.6967486,216.660696479));
#188182=CARTESIAN_POINT('Control Point',(8815.22034788,-2647.7603177,216.677541877));
#188183=CARTESIAN_POINT('Control Point',(8815.145424529999,-2647.82492835,216.694577053));
#188184=CARTESIAN_POINT('Control Point',(8815.071436169999,-2647.89056408,216.711797644));
#188185=CARTESIAN_POINT('Control Point',(8814.37804508,-2648.52328411,216.877008906));
#188186=CARTESIAN_POINT('Control Point',(8813.77233387,-2649.24529004,217.058120729));
#188187=CARTESIAN_POINT('Control Point',(8813.312040070001,-2649.9520155,217.230101285));
#188188=CARTESIAN_POINT('Control Point',(8812.824879960001,-2650.94508537,217.465384924));
#188189=CARTESIAN_POINT('Control Point',(8812.503428309999,-2651.99464659,217.706324282));
#188190=CARTESIAN_POINT('Control Point',(8812.435803009999,-2652.2501514,217.764553779));
#188191=CARTESIAN_POINT('Control Point',(8812.37807458,-2652.50798053,217.822892957));
#188192=CARTESIAN_POINT('Control Point',(8812.33033275,-2652.76764582,217.881232144));
#188193=CARTESIAN_POINT('Vertex',(8815.29618659,-2647.6967486,216.660696479));
#188194=VERTEX_POINT('',#188193);
#188195=CARTESIAN_POINT('Vertex',(8812.33033275,-2652.76764582,217.881232144));
#188196=VERTEX_POINT('',#188195);
#188197=EDGE_CURVE('',#188194,#188196,#188180,.T.);
#188198=CARTESIAN_POINT('Line Origine',(8811.4703543,-2657.4450234,218.932101899));
#188199=DIRECTION('Vector Direction',(-0.1765688945050197,-0.9603489286351072,0.2157622783590241));
#188200=VECTOR('Line Direction',#188199,1.);
#188201=LINE('Line',#188198,#188200);
#188202=EDGE_CURVE('',#188196,#187969,#188201,.T.);
#188203=CARTESIAN_POINT('Line Origine',(8814.38537405,-2597.34948104,205.755407847));
#188204=DIRECTION('Vector Direction',(-0.1765688945050197,-0.9603489286351072,0.2157622783590241));
#188205=VECTOR('Line Direction',#188204,1.);
#188206=LINE('Line',#188203,#188205);
#188207=CARTESIAN_POINT('Vertex',(8826.02848995,-2534.02318618,191.527844039));
#188208=VERTEX_POINT('',#188207);
#188209=EDGE_CURVE('',#187983,#188208,#188206,.F.);
#188210=CARTESIAN_POINT('Line Origine',(8831.33415472,-2532.61478112,191.009764802));
#188211=DIRECTION('Vector Direction',(0.9622503755287735,0.2554323271329399,-0.09396031635847787));
#188212=VECTOR('Line Direction',#188211,1.);
#188213=LINE('Line',#188210,#188212);
#188214=CARTESIAN_POINT('Vertex',(8836.639819489999,-2531.20637606,190.491685565));
#188215=VERTEX_POINT('',#188214);
#188216=EDGE_CURVE('',#188215,#188208,#188213,.F.);
#188217=CARTESIAN_POINT('Line Origine',(8842.34069402,-2532.970338,190.647247186));
#188218=DIRECTION('Vector Direction',(-0.9549896026346963,0.295492439009906,-0.02605911256359171));
#188219=VECTOR('Line Direction',#188218,1.);
#188220=LINE('Line',#188217,#188219);
#188221=CARTESIAN_POINT('Vertex',(8848.04156854,-2534.73429995,190.802808807));
#188222=VERTEX_POINT('',#188221);
#188223=EDGE_CURVE('',#188222,#188215,#188220,.T.);
#188224=CARTESIAN_POINT('Line Origine',(8847.30521104,-2537.06687179,191.339155893));
#188225=DIRECTION('Vector Direction',(0.2940545211260293,0.9314813817820928,-0.2141830385410213));
#188226=VECTOR('Line Direction',#188225,1.);
#188227=LINE('Line',#188224,#188226);
#188228=CARTESIAN_POINT('Vertex',(8846.568853549999,-2539.39944363,191.875502979));
#188229=VERTEX_POINT('',#188228);
#188230=EDGE_CURVE('',#188229,#188222,#188227,.T.);
#188231=CARTESIAN_POINT('Line Origine',(8846.296322329999,-2539.31511714,191.86806633));
#188232=DIRECTION('Vector Direction',(0.9549896026346963,-0.295492439009906,0.02605911256359171));
#188233=VECTOR('Line Direction',#188232,1.);
#188234=LINE('Line',#188231,#188233);
#188235=CARTESIAN_POINT('Vertex',(8846.0237911,-2539.23079066,191.860629682));
#188236=VERTEX_POINT('',#188235);
#188237=EDGE_CURVE('',#188236,#188229,#188234,.T.);
#188238=B_SPLINE_CURVE_WITH_KNOTS('',5,(#188239,#188240,#188241,#188242,#188243,#188244,#188245,#188246,#188247,#188248,#188249,#188250),.UNSPECIFIED.,.F.,.U.,(6,3,3,6),(0.,6.9366324718,13.8834684339,19.5097445404),.UNSPECIFIED.);
#188239=CARTESIAN_POINT('Control Point',(8846.0237911,-2539.23079066,191.860629682));
#188240=CARTESIAN_POINT('Control Point',(8845.086957789999,-2538.94091613,191.835066006));
#188241=CARTESIAN_POINT('Control Point',(8844.110755920001,-2538.77574816,191.838177141));
#188242=CARTESIAN_POINT('Control Point',(8843.11838098,-2538.74252221,191.870608701));
#188243=CARTESIAN_POINT('Control Point',(8841.15061053,-2538.9416377,191.992507613));
#188244=CARTESIAN_POINT('Control Point',(8839.3136629,-2539.64933375,192.219706116));
#188245=CARTESIAN_POINT('Control Point',(8838.450837799999,-2540.12510701,192.35757912));
#188246=CARTESIAN_POINT('Control Point',(8837.030868669999,-2541.18418283,192.64447974));
#188247=CARTESIAN_POINT('Control Point',(8835.92257128,-2542.54651039,192.984830835));
#188248=CARTESIAN_POINT('Control Point',(8835.498040709999,-2543.20797038,193.145545116));
#188249=CARTESIAN_POINT('Control Point',(8835.1518851,-2543.91031585,193.312013169));
#188250=CARTESIAN_POINT('Control Point',(8834.888364099999,-2544.64171782,193.481494071));
#188251=CARTESIAN_POINT('Vertex',(8834.888364099999,-2544.64171782,193.481494071));
#188252=VERTEX_POINT('',#188251);
#188253=EDGE_CURVE('',#188236,#188252,#188238,.T.);
#188254=B_SPLINE_CURVE_WITH_KNOTS('',5,(#188255,#188256,#188257,#188258,#188259,#188260,#188261,#188262,#188263),.UNSPECIFIED.,.F.,.U.,(6,3,6),(16.7280035996,19.4543230021,21.5337149647),.UNSPECIFIED.);
#188255=CARTESIAN_POINT('Control Point',(8834.888364099999,-2544.64171782,193.481494071));
#188256=CARTESIAN_POINT('Control Point',(8834.685279269999,-2544.96020905,193.558824608));
#188257=CARTESIAN_POINT('Control Point',(8834.499726329999,-2545.2894806,193.637797447));
#188258=CARTESIAN_POINT('Control Point',(8834.332482620001,-2545.62831346,193.718116606));
#188259=CARTESIAN_POINT('Control Point',(8834.071089180001,-2546.24013806,193.861525436));
#188260=CARTESIAN_POINT('Control Point',(8833.87010815,-2546.87342897,194.007185513));
#188261=CARTESIAN_POINT('Control Point',(8833.7946744,-2547.15086738,194.070493716));
#188262=CARTESIAN_POINT('Control Point',(8833.730937959999,-2547.43110568,194.133943012));
#188263=CARTESIAN_POINT('Control Point',(8833.679014269999,-2547.7135159,194.197392319));
#188264=CARTESIAN_POINT('Vertex',(8833.679014269999,-2547.7135159,194.197392319));
#188265=VERTEX_POINT('',#188264);
#188266=EDGE_CURVE('',#188252,#188265,#188254,.T.);
#188267=CARTESIAN_POINT('Line Origine',(8824.48760043,-2597.70513225,205.429044399));
#188268=DIRECTION('Vector Direction',(-0.1765688945050197,-0.9603489286351072,0.2157622783590241));
#188269=VECTOR('Line Direction',#188268,1.);
#188270=LINE('Line',#188267,#188269);
#188271=EDGE_CURVE('',#188194,#188265,#188270,.F.);
#188272=EDGE_LOOP('',(#188273,#188274,#188275,#188276,#188277,#188278,#188279,#188280,#188281,#188282,#188283));
#188273=ORIENTED_EDGE('',*,*,#188197,.T.);
#188274=ORIENTED_EDGE('',*,*,#188202,.T.);
#188275=ORIENTED_EDGE('',*,*,#187989,.F.);
#188276=ORIENTED_EDGE('',*,*,#188209,.T.);
#188277=ORIENTED_EDGE('',*,*,#188216,.F.);
#188278=ORIENTED_EDGE('',*,*,#188223,.F.);
#188279=ORIENTED_EDGE('',*,*,#188230,.F.);
#188280=ORIENTED_EDGE('',*,*,#188237,.F.);
#188281=ORIENTED_EDGE('',*,*,#188253,.T.);
#188282=ORIENTED_EDGE('',*,*,#188266,.T.);
#188283=ORIENTED_EDGE('',*,*,#188271,.F.);
#188284=FACE_OUTER_BOUND('',#188272,.T.);
#188285=ADVANCED_FACE('PartBody',(#188284),#188179,.F.);
#188286=CARTESIAN_POINT('Axis2P3D Location',(8890.032849540001,-2539.78702972,239.411351563));
#188287=DIRECTION('Axis2P3D Direction',(-0.2958206643318662,-0.9421504695305739,0.1576154412409287));
#188288=DIRECTION('Axis2P3D XDirection',(0.955243494902894,-0.2917660044629676,0.04881049155069458));
#188289=AXIS2_PLACEMENT_3D('Plane Axis2P3D',#188286,#188287,#188288);
#188290=PLANE('',#188289);
#188291=CARTESIAN_POINT('Line Origine',(8907.94550536,-2547.48021991,227.04448576));
#188292=DIRECTION('Vector Direction',(0.02871077951399733,0.1561564194179855,0.9873149770029082));
#188293=VECTOR('Line Direction',#188292,1.);
#188294=LINE('Line',#188291,#188293);
#188295=CARTESIAN_POINT('Vertex',(8907.84640274,-2548.01923383,223.636514975));
#188296=VERTEX_POINT('',#188295);
#188297=CARTESIAN_POINT('Vertex',(8908.04460797,-2546.94120599,230.452456545));
#188298=VERTEX_POINT('',#188297);
#188299=EDGE_CURVE('',#188296,#188298,#188294,.T.);
#188300=CARTESIAN_POINT('Line Origine',(8877.94398564,-2541.37676689,207.219661891));
#188301=DIRECTION('Vector Direction',(-0.8604201723350202,0.1911321259640045,-0.4723829351950111));
#188302=VECTOR('Line Direction',#188301,1.);
#188303=LINE('Line',#188300,#188302);
#188304=EDGE_CURVE('',#188296,#188222,#188303,.T.);
#188305=CARTESIAN_POINT('Line Origine',(8837.6176326,-2525.88810201,224.117018628));
#188306=DIRECTION('Vector Direction',(0.02871077951389741,0.1561564194179859,0.9873149770029109));
#188307=VECTOR('Line Direction',#188306,1.);
#188308=LINE('Line',#188305,#188307);
#188309=EDGE_CURVE('',#188147,#188215,#188308,.F.);
#188310=CARTESIAN_POINT('Line Origine',(8878.79601792,-2535.44989585,244.246827777));
#188311=DIRECTION('Vector Direction',(-0.8522488271409716,0.3348351348009889,0.4019419972329866));
#188312=VECTOR('Line Direction',#188311,1.);
#188313=LINE('Line',#188310,#188312);
#188314=EDGE_CURVE('',#188298,#188140,#188313,.T.);
#188315=EDGE_LOOP('',(#188316,#188317,#188318,#188319,#188320,#188321));
#188316=ORIENTED_EDGE('',*,*,#188299,.F.);
#188317=ORIENTED_EDGE('',*,*,#188304,.T.);
#188318=ORIENTED_EDGE('',*,*,#188223,.T.);
#188319=ORIENTED_EDGE('',*,*,#188309,.F.);
#188320=ORIENTED_EDGE('',*,*,#188148,.F.);
#188321=ORIENTED_EDGE('',*,*,#188314,.F.);
#188322=FACE_OUTER_BOUND('',#188315,.T.);
#188323=ADVANCED_FACE('PartBody',(#188322),#188290,.F.);
#188324=CARTESIAN_POINT('Axis2P3D Location',(8988.09657596,-1652.54339209,0));
#188325=DIRECTION('Axis2P3D Direction',(0.9835147105149434,-0.1808281344279896,0));
#188326=DIRECTION('Axis2P3D XDirection',(0.1808281344279896,0.9835147105149434,0));
#188327=AXIS2_PLACEMENT_3D('Plane Axis2P3D',#188324,#188325,#188326);
#188328=PLANE('',#188327);
#188329=CARTESIAN_POINT('Line Origine',(8827.006302899999,-2528.70491296,225.153171915));
#188330=DIRECTION('Vector Direction',(0.02871077951389741,0.1561564194179859,0.9873149770029109));
#188331=VECTOR('Line Direction',#188330,1.);
#188332=LINE('Line',#188329,#188331);
#188333=EDGE_CURVE('',#188154,#188208,#188332,.F.);
#188334=CARTESIAN_POINT('Line Origine',(8800.661164810001,-2671.99473316,221.221210874));
#188335=DIRECTION('Vector Direction',(0.1807053649110538,0.9828469735722924,-0.03684287763121096));
#188336=VECTOR('Line Direction',#188335,1.);
#188337=LINE('Line',#188334,#188336);
#188338=EDGE_CURVE('',#188036,#187976,#188337,.T.);
#188339=CARTESIAN_POINT('Line Origine',(8801.243859370001,-2668.82548806,290.379555002));
#188340=DIRECTION('Vector Direction',(0.1805351139199158,0.9819209873855421,-0.05690559879067347));
#188341=VECTOR('Line Direction',#188340,1.);
#188342=LINE('Line',#188339,#188341);
#188343=EDGE_CURVE('',#187936,#188023,#188342,.F.);
#188344=EDGE_LOOP('',(#188345,#188346,#188347,#188348,#188349,#188350,#188351,#188352));
#188345=ORIENTED_EDGE('',*,*,#188333,.T.);
#188346=ORIENTED_EDGE('',*,*,#188209,.F.);
#188347=ORIENTED_EDGE('',*,*,#187984,.F.);
#188348=ORIENTED_EDGE('',*,*,#188338,.F.);
#188349=ORIENTED_EDGE('',*,*,#188037,.T.);
#188350=ORIENTED_EDGE('',*,*,#188343,.F.);
#188351=ORIENTED_EDGE('',*,*,#187937,.F.);
#188352=ORIENTED_EDGE('',*,*,#188160,.F.);
#188353=FACE_OUTER_BOUND('',#188344,.T.);
#188354=ADVANCED_FACE('PartBody',(#188353),#188328,.F.);
#188355=CARTESIAN_POINT('Axis2P3D Location',(8836.02680827,-2534.54051182,169.411270216));
#188356=DIRECTION('Axis2P3D Direction',(0.2669498083760707,-0.9530458409172522,0.1429735112470378));
#188357=DIRECTION('Axis2P3D XDirection',(0.02871077951389741,0.1561564194179859,0.9873149770029109));
#188358=AXIS2_PLACEMENT_3D('Plane Axis2P3D',#188355,#188356,#188357);
#188359=PLANE('',#188358);
#188360=EDGE_LOOP('',(#188361,#188362,#188363,#188364));
#188361=ORIENTED_EDGE('',*,*,#188333,.F.);
#188362=ORIENTED_EDGE('',*,*,#188155,.T.);
#188363=ORIENTED_EDGE('',*,*,#188309,.T.);
#188364=ORIENTED_EDGE('',*,*,#188216,.T.);
#188365=FACE_OUTER_BOUND('',#188360,.T.);
#188366=ADVANCED_FACE('PartBody',(#188365),#188359,.F.);
#188367=CARTESIAN_POINT('Axis2P3D Location',(1.37926227749,7.50173496986,30.7204063816));
#188368=DIRECTION('Axis2P3D Direction',(-0.03901515655488039,-0.2122013840728933,-0.9764468189085092));
#188369=DIRECTION('Axis2P3D XDirection',(0.9835147105149434,-0.1808281344279896,-1.658475049529904e-17));
#188370=AXIS2_PLACEMENT_3D('Plane Axis2P3D',#188367,#188368,#188369);
#188371=PLANE('',#188370);
#188372=CARTESIAN_POINT('Line Origine',(8868.16533623,-2681.34359788,260.77661633));
#188373=DIRECTION('Vector Direction',(-0.1408595072729714,-0.9662649535278037,0.2156168796609562));
#188374=VECTOR('Line Direction',#188373,1.);
#188375=LINE('Line',#188372,#188374);
#188376=CARTESIAN_POINT('Vertex',(8868.25886527,-2680.70200942,260.633449281));
#188377=VERTEX_POINT('',#188376);
#188378=CARTESIAN_POINT('Vertex',(8868.071807189999,-2681.98518635,260.91978338));
#188379=VERTEX_POINT('',#188378);
#188380=EDGE_CURVE('',#188377,#188379,#188375,.T.);
#188381=B_SPLINE_CURVE_WITH_KNOTS('',5,(#188382,#188383,#188384,#188385,#188386,#188387,#188388,#188389,#188390),.UNSPECIFIED.,.F.,.U.,(6,3,6),(0.,6.05698333866,10.1011617182),.UNSPECIFIED.);
#188382=CARTESIAN_POINT('Control Point',(8871.76677233,-2674.85287438,259.222152662));
#188383=CARTESIAN_POINT('Control Point',(8871.086934860001,-2675.35580617,259.358613537));
#188384=CARTESIAN_POINT('Control Point',(8870.46841333,-2675.93763365,259.509770065));
#188385=CARTESIAN_POINT('Control Point',(8869.92336293,-2676.58855012,259.673005377));
#188386=CARTESIAN_POINT('Control Point',(8869.15288188,-2677.76837861,259.960191194));
#188387=CARTESIAN_POINT('Control Point',(8868.630912529999,-2679.06779828,260.263436966));
#188388=CARTESIAN_POINT('Control Point',(8868.46366007,-2679.60317465,260.38646772));
#188389=CARTESIAN_POINT('Control Point',(8868.339427499999,-2680.14937042,260.510130831));
#188390=CARTESIAN_POINT('Control Point',(8868.25886527,-2680.70200942,260.633449281));
#188391=CARTESIAN_POINT('Vertex',(8871.76677233,-2674.85287438,259.222152662));
#188392=VERTEX_POINT('',#188391);
#188393=EDGE_CURVE('',#188392,#188377,#188381,.T.);
#188394=CARTESIAN_POINT('Line Origine',(8877.112704130001,-2670.89804816,258.149086577));
#188395=DIRECTION('Vector Direction',(-0.7936585896920955,-0.5871346513260706,0.1593077029530192));
#188396=VECTOR('Line Direction',#188395,1.);
#188397=LINE('Line',#188394,#188396);
#188398=CARTESIAN_POINT('Vertex',(8882.45863594,-2666.94322193,257.076020493));
#188399=VERTEX_POINT('',#188398);
#188400=EDGE_CURVE('',#188399,#188392,#188397,.T.);
#188401=B_SPLINE_CURVE_WITH_KNOTS('',5,(#188402,#188403,#188404,#188405,#188406,#188407,#188408,#188409,#188410),.UNSPECIFIED.,.F.,.U.,(6,3,6),(0.,8.3374886758,13.9056737637),.UNSPECIFIED.);
#188402=CARTESIAN_POINT('Control Point',(8882.45863594,-2666.94322193,257.076020493));
#188403=CARTESIAN_POINT('Control Point',(8883.394437950001,-2666.25093208,256.888180946));
#188404=CARTESIAN_POINT('Control Point',(8884.24980783,-2665.45514932,256.681064092));
#188405=CARTESIAN_POINT('Control Point',(8885.00954786,-2664.56813902,256.457942684));
#188406=CARTESIAN_POINT('Control Point',(8886.096964099999,-2662.96246583,256.06554877));
#188407=CARTESIAN_POINT('Control Point',(8886.861681120001,-2661.19291015,255.650433773));
#188408=CARTESIAN_POINT('Control Point',(8887.11367703,-2660.46306884,255.481755878));
#188409=CARTESIAN_POINT('Control Point',(8887.30969491,-2659.71730736,255.31185488));
#188410=CARTESIAN_POINT('Control Point',(8887.448736030001,-2658.96107002,255.14195385));
#188411=CARTESIAN_POINT('Vertex',(8887.448736030001,-2658.96107002,255.14195385));
#188412=VERTEX_POINT('',#188411);
#188413=EDGE_CURVE('',#188399,#188412,#188401,.T.);
#188414=CARTESIAN_POINT('Line Origine',(8896.54442991,-2609.49006951,244.027488126));
#188415=DIRECTION('Vector Direction',(0.1765690566310395,0.9603498104322149,-0.2157582208010483));
#188416=VECTOR('Line Direction',#188415,1.);
#188417=LINE('Line',#188414,#188416);
#188418=CARTESIAN_POINT('Vertex',(8905.640123790001,-2560.019069,232.913022403));
#188419=VERTEX_POINT('',#188418);
#188420=EDGE_CURVE('',#188412,#188419,#188417,.T.);
#188421=B_SPLINE_CURVE_WITH_KNOTS('',5,(#188422,#188423,#188424,#188425,#188426,#188427,#188428,#188429,#188430,#188431,#188432,#188433),.UNSPECIFIED.,.F.,.U.,(6,3,3,6),(0.,0.993935709039,1.9904118713,2.05727304554),.UNSPECIFIED.);
#188422=CARTESIAN_POINT('Control Point',(8905.393255069999,-2558.67545108,232.630891358));
#188423=CARTESIAN_POINT('Control Point',(8905.351920560001,-2558.80638337,232.66099713));
#188424=CARTESIAN_POINT('Control Point',(8905.32610464,-2558.94211703,232.691526271));
#188425=CARTESIAN_POINT('Control Point',(8905.316537799999,-2559.08038528,232.721956977));
#188426=CARTESIAN_POINT('Control Point',(8905.33035489,-2559.35704264,232.781528064));
#188427=CARTESIAN_POINT('Control Point',(8905.408139040001,-2559.62321305,232.836264243));
#188428=CARTESIAN_POINT('Control Point',(8905.462610729999,-2559.7512572,232.861914308));
#188429=CARTESIAN_POINT('Control Point',(8905.53589814,-2559.87965886,232.886890263));
#188430=CARTESIAN_POINT('Control Point',(8905.623306019999,-2559.99716677,232.908934585));
#188431=CARTESIAN_POINT('Control Point',(8905.62885739,-2560.00451187,232.91030901));
#188432=CARTESIAN_POINT('Control Point',(8905.6344635,-2560.01181279,232.911671647));
#188433=CARTESIAN_POINT('Control Point',(8905.640123790001,-2560.019069,232.913022403));
#188434=CARTESIAN_POINT('Vertex',(8905.393255069999,-2558.67545108,232.630891358));
#188435=VERTEX_POINT('',#188434);
#188436=EDGE_CURVE('',#188435,#188419,#188421,.T.);
#188437=CARTESIAN_POINT('Line Origine',(8905.56101664,-2558.14404509,232.508703105));
#188438=DIRECTION('Vector Direction',(0.2940624042028593,0.9314798677775544,-0.2141787999768976));
#188439=VECTOR('Line Direction',#188438,1.);
#188440=LINE('Line',#188437,#188439);
#188441=CARTESIAN_POINT('Vertex',(8905.7287782,-2557.6126391,232.386514853));
#188442=VERTEX_POINT('',#188441);
#188443=EDGE_CURVE('',#188435,#188442,#188440,.T.);
#188444=CARTESIAN_POINT('Line Origine',(8875.40160603,-2548.22881695,231.55898317));
#188445=DIRECTION('Vector Direction',(0.9549895915635565,-0.2954925185541721,0.02605861630601518));
#188446=VECTOR('Line Direction',#188445,1.);
#188447=LINE('Line',#188444,#188446);
#188448=CARTESIAN_POINT('Vertex',(8845.07443386,-2538.84499479,230.731451488));
#188449=VERTEX_POINT('',#188448);
#188450=EDGE_CURVE('',#188449,#188442,#188447,.T.);
#188451=CARTESIAN_POINT('Axis2P3D Location',(8843.604121840001,-2543.50239413,231.802345488));
#188452=DIRECTION('Axis2P3D Direction',(-0.03901515655488039,-0.2122013840728933,-0.9764468189085092));
#188453=AXIS2_PLACEMENT_3D('Circle Axis2P3D',#188451,#188452,$);
#188454=CIRCLE('generated circle',#188453,5.00000000028);
#188455=CARTESIAN_POINT('Vertex',(8838.686548289999,-2542.59825346,231.802345488));
#188456=VERTEX_POINT('',#188455);
#188457=EDGE_CURVE('',#188456,#188449,#188454,.T.);
#188458=CARTESIAN_POINT('Line Origine',(8827.05174323,-2605.87934608,246.019473254));
#188459=DIRECTION('Vector Direction',(0.1765690566310395,0.9603498104322149,-0.2157582208010483));
#188460=VECTOR('Line Direction',#188459,1.);
#188461=LINE('Line',#188458,#188460);
#188462=CARTESIAN_POINT('Vertex',(8815.41693818,-2669.16043871,260.23660102));
#188463=VERTEX_POINT('',#188462);
#188464=EDGE_CURVE('',#188463,#188456,#188461,.T.);
#188465=CARTESIAN_POINT('Axis2P3D Location',(8820.33451173,-2670.06457938,260.23660102));
#188466=DIRECTION('Axis2P3D Direction',(-0.03901515655488039,-0.2122013840728933,-0.9764468189085092));
#188467=AXIS2_PLACEMENT_3D('Circle Axis2P3D',#188465,#188466,$);
#188468=CIRCLE('generated circle',#188467,5.00000000021);
#188469=CARTESIAN_POINT('Vertex',(8819.6361234,-2674.89677246,261.314638011));
#188470=VERTEX_POINT('',#188469);
#188471=EDGE_CURVE('',#188470,#188463,#188468,.T.);
#188472=CARTESIAN_POINT('Line Origine',(8843.85396529,-2678.4409794,261.117210695));
#188473=DIRECTION('Vector Direction',(0.9894281008757742,-0.1447997703499669,-0.008065959580618159));
#188474=VECTOR('Line Direction',#188473,1.);
#188475=LINE('Line',#188472,#188474);
#188476=EDGE_CURVE('',#188379,#188470,#188475,.F.);
#188477=EDGE_LOOP('',(#188478,#188479,#188480,#188481,#188482,#188483,#188484,#188485,#188486,#188487,#188488,#188489));
#188478=ORIENTED_EDGE('',*,*,#188380,.F.);
#188479=ORIENTED_EDGE('',*,*,#188393,.F.);
#188480=ORIENTED_EDGE('',*,*,#188400,.F.);
#188481=ORIENTED_EDGE('',*,*,#188413,.T.);
#188482=ORIENTED_EDGE('',*,*,#188420,.T.);
#188483=ORIENTED_EDGE('',*,*,#188436,.F.);
#188484=ORIENTED_EDGE('',*,*,#188443,.T.);
#188485=ORIENTED_EDGE('',*,*,#188450,.F.);
#188486=ORIENTED_EDGE('',*,*,#188457,.F.);
#188487=ORIENTED_EDGE('',*,*,#188464,.F.);
#188488=ORIENTED_EDGE('',*,*,#188471,.F.);
#188489=ORIENTED_EDGE('',*,*,#188476,.F.);
#188490=FACE_OUTER_BOUND('',#188477,.T.);
#188491=ADVANCED_FACE('PartBody',(#188490),#188371,.F.);
#188492=CARTESIAN_POINT('Axis2P3D Location',(8803.54283065,-2711.62263328,263.794200427));
#188493=DIRECTION('Axis2P3D Direction',(0.9835147105149434,-0.1808281344279896,5.426215032859688e-14));
#188494=DIRECTION('Axis2P3D XDirection',(0.1765690566310395,0.9603498104322149,-0.2157582208010483));
#188495=AXIS2_PLACEMENT_3D('Plane Axis2P3D',#188492,#188493,#188494);
#188496=PLANE('',#188495);
#188497=CARTESIAN_POINT('Line Origine',(8825.92008806,-2589.91390741,246.691566714));
#188498=DIRECTION('Vector Direction',(0.1765690566310395,0.9603498104322149,-0.2157582208010483));
#188499=VECTOR('Line Direction',#188498,1.);
#188500=LINE('Line',#188497,#188499);
#188501=CARTESIAN_POINT('Vertex',(8816.93162605,-2638.80167944,257.675000664));
#188502=VERTEX_POINT('',#188501);
#188503=CARTESIAN_POINT('Vertex',(8834.90855007,-2541.02613538,235.708132764));
#188504=VERTEX_POINT('',#188503);
#188505=EDGE_CURVE('',#188502,#188504,#188500,.T.);
#188506=CARTESIAN_POINT('Line Origine',(8835.415746619999,-2538.26752003,248.401929288));
#188507=DIRECTION('Vector Direction',(0.03901515655488039,0.2122013840728933,0.9764468189085092));
#188508=VECTOR('Line Direction',#188507,1.);
#188509=LINE('Line',#188506,#188508);
#188510=EDGE_CURVE('',#188504,#188097,#188509,.T.);
#188511=CARTESIAN_POINT('Line Origine',(8817.447847719999,-2635.99397695,270.511518347));
#188512=DIRECTION('Vector Direction',(0.03901515655488039,0.2122013840728933,0.9764468189085092));
#188513=VECTOR('Line Direction',#188512,1.);
#188514=LINE('Line',#188511,#188513);
#188515=CARTESIAN_POINT('Vertex',(8816.94649844,-2638.72078928,257.964063766));
#188516=VERTEX_POINT('',#188515);
#188517=EDGE_CURVE('',#188516,#188090,#188514,.T.);
#188518=B_SPLINE_CURVE_WITH_KNOTS('',5,(#188519,#188520,#188521,#188522,#188523,#188524),.UNSPECIFIED.,.F.,.U.,(6,6),(0.,0.42491339249),.UNSPECIFIED.);
#188519=CARTESIAN_POINT('Control Point',(8816.94649844,-2638.72078928,257.964063766));
#188520=CARTESIAN_POINT('Control Point',(8816.94415395,-2638.73354085,257.905387292));
#188521=CARTESIAN_POINT('Control Point',(8816.941492460001,-2638.74801658,257.847098198));
#188522=CARTESIAN_POINT('Control Point',(8816.938510690001,-2638.76423424,257.789149922));
#188523=CARTESIAN_POINT('Control Point',(8816.935222259999,-2638.78211984,257.731800876));
#188524=CARTESIAN_POINT('Control Point',(8816.93162605,-2638.80167944,257.675000664));
#188525=EDGE_CURVE('',#188516,#188502,#188518,.T.);
#188526=EDGE_LOOP('',(#188527,#188528,#188529,#188530,#188531));
#188527=ORIENTED_EDGE('',*,*,#188505,.T.);
#188528=ORIENTED_EDGE('',*,*,#188510,.T.);
#188529=ORIENTED_EDGE('',*,*,#188098,.T.);
#188530=ORIENTED_EDGE('',*,*,#188517,.F.);
#188531=ORIENTED_EDGE('',*,*,#188525,.T.);
#188532=FACE_OUTER_BOUND('',#188526,.T.);
#188533=ADVANCED_FACE('PartBody',(#188532),#188496,.T.);
#188534=CARTESIAN_POINT('Axis2P3D Location',(8844.364917389999,-2539.36446714,250.843058457));
#188535=DIRECTION('Axis2P3D Direction',(0.03901515655488039,0.2122013840728933,0.9764468189085092));
#188536=DIRECTION('Axis2P3D XDirection',(0.2940624042010323,0.9314798677781023,-0.2141787999770235));
#188537=AXIS2_PLACEMENT_3D('Cylinder Axis2P3D',#188534,#188535,#188536);
#188538=CYLINDRICAL_SURFACE('generated cylinder',#188537,9.);
#188539=B_SPLINE_CURVE_WITH_KNOTS('',3,(#188540,#188541,#188542,#188543),.UNSPECIFIED.,.F.,.U.,(4,4),(0.,0.807334868688),.UNSPECIFIED.);
#188540=CARTESIAN_POINT('Control Point',(8835.590339460001,-2538.8405131,235.755643229));
#188541=CARTESIAN_POINT('Control Point',(8835.5845446,-2538.87739225,235.569004237));
#188542=CARTESIAN_POINT('Control Point',(8835.60871742,-2538.84820298,235.372314745));
#188543=CARTESIAN_POINT('Control Point',(8835.6536234,-2538.77864671,235.189938275));
#188544=CARTESIAN_POINT('Vertex',(8835.590339460001,-2538.8405131,235.755643229));
#188545=VERTEX_POINT('',#188544);
#188546=CARTESIAN_POINT('Vertex',(8835.6536234,-2538.77864671,235.189938275));
#188547=VERTEX_POINT('',#188546);
#188548=EDGE_CURVE('',#188545,#188547,#188539,.T.);
#188549=B_SPLINE_CURVE_WITH_KNOTS('',5,(#188550,#188551,#188552,#188553,#188554,#188555,#188556,#188557,#188558,#188559,#188560,#188561),.UNSPECIFIED.,.F.,.U.,(6,3,3,6),(0.,7.5553965355,22.6054436077,36.4731899114),.UNSPECIFIED.);
#188550=CARTESIAN_POINT('Control Point',(8836.776213900001,-2533.04943705,260.527140905));
#188551=CARTESIAN_POINT('Control Point',(8836.62641119,-2533.47722495,259.5595475));
#188552=CARTESIAN_POINT('Control Point',(8836.536627359999,-2533.81203234,258.541554269));
#188553=CARTESIAN_POINT('Control Point',(8836.46055254,-2534.10180003,257.572474189));
#188554=CARTESIAN_POINT('Control Point',(8836.26294887,-2534.93943226,254.493127644));
#188555=CARTESIAN_POINT('Control Point',(8836.13213036,-2535.63511565,251.373728376));
#188556=CARTESIAN_POINT('Control Point',(8836.05676261,-2536.03877807,249.52851659));
#188557=CARTESIAN_POINT('Control Point',(8835.908128569999,-2536.88153539,245.529419812));
#188558=CARTESIAN_POINT('Control Point',(8835.773625690001,-2537.69305113,241.523373365));
#188559=CARTESIAN_POINT('Control Point',(8835.71103975,-2538.07830142,239.601371063));
#188560=CARTESIAN_POINT('Control Point',(8835.65004887,-2538.46051539,237.678746002));
#188561=CARTESIAN_POINT('Control Point',(8835.590339460001,-2538.8405131,235.755643229));
#188562=EDGE_CURVE('',#188110,#188545,#188549,.T.);
#188563=CARTESIAN_POINT('Axis2P3D Location',(8843.76018247,-2542.65358859,235.708132764));
#188564=DIRECTION('Axis2P3D Direction',(0.03901515655488039,0.2122013840728933,0.9764468189085092));
#188565=AXIS2_PLACEMENT_3D('Circle Axis2P3D',#188563,#188564,$);
#188566=CIRCLE('generated circle',#188565,9.);
#188567=EDGE_CURVE('',#188504,#188547,#188566,.F.);
#188568=EDGE_LOOP('',(#188569,#188570,#188571,#188572,#188573));
#188569=ORIENTED_EDGE('',*,*,#188548,.F.);
#188570=ORIENTED_EDGE('',*,*,#188562,.F.);
#188571=ORIENTED_EDGE('',*,*,#188111,.T.);
#188572=ORIENTED_EDGE('',*,*,#188510,.F.);
#188573=ORIENTED_EDGE('',*,*,#188567,.T.);
#188574=FACE_OUTER_BOUND('',#188568,.T.);
#188575=ADVANCED_FACE('PartBody',(#188574),#188538,.F.);
#188576=CARTESIAN_POINT('Axis2P3D Location',(8820.49057236,-2669.21577384,264.142388296));
#188577=DIRECTION('Axis2P3D Direction',(-0.03901515655488039,-0.2122013840728933,-0.9764468189085092));
#188578=DIRECTION('Axis2P3D XDirection',(-0.1396776673489945,-0.9664386163149621,0.2156073981549915));
#188579=AXIS2_PLACEMENT_3D('Torus Axis2P3D',#188576,#188577,#188578);
#188580=TOROIDAL_SURFACE('homeo Torus',#188579,4.99999999999,4.);
#188581=B_SPLINE_CURVE_WITH_KNOTS('',4,(#188582,#188583,#188584,#188585,#188586),.UNSPECIFIED.,.F.,.U.,(5,5),(0.,8.28967735469),.UNSPECIFIED.);
#188582=CARTESIAN_POINT('Control Point',(8813.93382978,-2668.82194332,260.529535066));
#188583=CARTESIAN_POINT('Control Point',(8813.64346012,-2670.40124865,260.884351721));
#188584=CARTESIAN_POINT('Control Point',(8813.898419609999,-2672.08529185,261.240140697));
#188585=CARTESIAN_POINT('Control Point',(8814.74139218,-2673.57831124,261.530921586));
#188586=CARTESIAN_POINT('Control Point',(8815.95578984,-2674.67163957,261.720000875));
#188587=CARTESIAN_POINT('Vertex',(8813.93382978,-2668.82194332,260.529535066));
#188588=VERTEX_POINT('',#188587);
#188589=CARTESIAN_POINT('Vertex',(8815.955790169999,-2674.67163922,261.720000786));
#188590=VERTEX_POINT('',#188589);
#188591=EDGE_CURVE('',#188588,#188590,#188581,.T.);
#188592=B_SPLINE_CURVE_WITH_KNOTS('',5,(#188593,#188594,#188595,#188596,#188597,#188598,#188599,#188600,#188601,#188602,#188603,#188604,#188605,#188606,#188607),.UNSPECIFIED.,.F.,.U.,(6,3,3,3,6),(0.,1.06046562718,1.8409146666,2.99319019341,5.572321399),.UNSPECIFIED.);
#188593=CARTESIAN_POINT('Control Point',(8819.305844750001,-2677.23961332,262.858886086));
#188594=CARTESIAN_POINT('Control Point',(8819.13019654,-2677.21418016,262.860686172));
#188595=CARTESIAN_POINT('Control Point',(8818.957055299999,-2677.16980677,262.842138751));
#188596=CARTESIAN_POINT('Control Point',(8818.79519178,-2677.10792919,262.803373888));
#188597=CARTESIAN_POINT('Control Point',(8818.534496169999,-2676.9826026,262.719011241));
#188598=CARTESIAN_POINT('Control Point',(8818.301022019999,-2676.83248918,262.616059626));
#188599=CARTESIAN_POINT('Control Point',(8818.205715149999,-2676.76519289,262.570634487));
#188600=CARTESIAN_POINT('Control Point',(8817.97819779,-2676.59211763,262.457001825));
#188601=CARTESIAN_POINT('Control Point',(8817.76505926,-2676.40432662,262.343721226));
#188602=CARTESIAN_POINT('Control Point',(8817.64058402,-2676.28838012,262.278402027));
#188603=CARTESIAN_POINT('Control Point',(8817.24166935,-2675.90385665,262.077598723));
#188604=CARTESIAN_POINT('Control Point',(8816.8430909,-2675.49811014,261.917023972));
#188605=CARTESIAN_POINT('Control Point',(8816.55517365,-2675.21821108,261.831862073));
#188606=CARTESIAN_POINT('Control Point',(8816.25797167,-2674.94369545,261.767049994));
#188607=CARTESIAN_POINT('Control Point',(8815.95578932,-2674.6716391,261.720000793));
#188608=CARTESIAN_POINT('Vertex',(8819.305844750001,-2677.23961332,262.858886086));
#188609=VERTEX_POINT('',#188608);
#188610=EDGE_CURVE('',#188609,#188590,#188592,.T.);
#188611=CARTESIAN_POINT('Axis2P3D Location',(8819.79218402,-2674.04796692,265.220425286));
#188612=DIRECTION('Axis2P3D Direction',(0.9894281008757742,-0.1447997703499669,-0.00806595958060816));
#188613=AXIS2_PLACEMENT_3D('Circle Axis2P3D',#188611,#188612,$);
#188614=CIRCLE('generated circle',#188613,4.);
#188615=EDGE_CURVE('',#188470,#188609,#188614,.F.);
#188616=CARTESIAN_POINT('Axis2P3D Location',(8815.572998809999,-2668.31163317,264.142388296));
#188617=DIRECTION('Axis2P3D Direction',(-0.1765690566310395,-0.9603498104322149,0.2157582208010483));
#188618=AXIS2_PLACEMENT_3D('Circle Axis2P3D',#188616,#188617,$);
#188619=CIRCLE('generated circle',#188618,4.);
#188620=EDGE_CURVE('',#188463,#188588,#188619,.F.);
#188621=EDGE_LOOP('',(#188622,#188623,#188624,#188625,#188626));
#188622=ORIENTED_EDGE('',*,*,#188591,.T.);
#188623=ORIENTED_EDGE('',*,*,#188610,.F.);
#188624=ORIENTED_EDGE('',*,*,#188615,.F.);
#188625=ORIENTED_EDGE('',*,*,#188471,.T.);
#188626=ORIENTED_EDGE('',*,*,#188620,.T.);
#188627=FACE_OUTER_BOUND('',#188621,.T.);
#188628=ADVANCED_FACE('PartBody',(#188627),#188580,.F.);
#188629=CARTESIAN_POINT('Axis2P3D Location',(8827.207803859999,-2605.03054055,249.92526053));
#188630=DIRECTION('Axis2P3D Direction',(0.1765690566310395,0.9603498104322149,-0.2157582208010483));
#188631=DIRECTION('Axis2P3D XDirection',(-0.03901515655478054,-0.2122013840728941,-0.9764468189085128));
#188632=AXIS2_PLACEMENT_3D('Cylinder Axis2P3D',#188629,#188630,#188631);
#188633=CYLINDRICAL_SURFACE('generated cylinder',#188632,4.);
#188634=B_SPLINE_CURVE_WITH_KNOTS('',5,(#188635,#188636,#188637,#188638,#188639,#188640,#188641,#188642,#188643,#188644,#188645,#188646,#188647,#188648,#188649),.UNSPECIFIED.,.F.,.U.,(6,3,3,3,6),(0.,2.06181711012,3.76585435543,4.66177814838,9.1765327688),.UNSPECIFIED.);
#188635=CARTESIAN_POINT('Control Point',(8818.608352429999,-2643.39746055,254.817511064));
#188636=CARTESIAN_POINT('Control Point',(8818.659837310001,-2643.11743698,254.75459921));
#188637=CARTESIAN_POINT('Control Point',(8818.70053609,-2642.83067796,254.695629693));
#188638=CARTESIAN_POINT('Control Point',(8818.722736399999,-2642.53167682,254.642801327));
#188639=CARTESIAN_POINT('Control Point',(8818.65714845,-2641.98289918,254.595977056));
#188640=CARTESIAN_POINT('Control Point',(8818.446280869999,-2641.48618466,254.659373472));
#188641=CARTESIAN_POINT('Control Point',(8818.330089069999,-2641.27849261,254.712647112));
#188642=CARTESIAN_POINT('Control Point',(8818.14313993,-2640.98014316,254.824111254));
#188643=CARTESIAN_POINT('Control Point',(8817.951995949999,-2640.70608205,254.978461712));
#188644=CARTESIAN_POINT('Control Point',(8817.88636464,-2640.61408715,255.036571224));
#188645=CARTESIAN_POINT('Control Point',(8817.496415109999,-2640.07410707,255.41457976));
#188646=CARTESIAN_POINT('Control Point',(8817.158721469999,-2639.61806788,255.951698777));
#188647=CARTESIAN_POINT('Control Point',(8816.97122458,-2639.28289123,256.48467097));
#188648=CARTESIAN_POINT('Control Point',(8816.893415889999,-2639.00950247,257.071491741));
#188649=CARTESIAN_POINT('Control Point',(8816.93162605,-2638.80167944,257.675000664));
#188650=CARTESIAN_POINT('Vertex',(8818.608352429999,-2643.39746055,254.817511064));
#188651=VERTEX_POINT('',#188650);
#188652=EDGE_CURVE('',#188651,#188502,#188634,.T.);
#188653=B_SPLINE_CURVE_WITH_KNOTS('',1,(#188654,#188655),.UNSPECIFIED.,.F.,.U.,(2,2),(-11.8060649391,14.6681244573),.UNSPECIFIED.);
#188654=CARTESIAN_POINT('Control Point',(8818.608352429999,-2643.39746055,254.817511064));
#188655=CARTESIAN_POINT('Control Point',(8813.93382978,-2668.82194332,260.529535066));
#188656=EDGE_CURVE('',#188651,#188588,#188653,.T.);
#188657=CARTESIAN_POINT('Axis2P3D Location',(8838.842608909999,-2541.74944792,235.708132764));
#188658=DIRECTION('Axis2P3D Direction',(0.1765690566310395,0.9603498104322149,-0.2157582208010483));
#188659=AXIS2_PLACEMENT_3D('Circle Axis2P3D',#188657,#188658,$);
#188660=CIRCLE('generated circle',#188659,4.);
#188661=EDGE_CURVE('',#188456,#188504,#188660,.T.);
#188662=EDGE_LOOP('',(#188663,#188664,#188665,#188666,#188667,#188668));
#188663=ORIENTED_EDGE('',*,*,#188652,.F.);
#188664=ORIENTED_EDGE('',*,*,#188656,.T.);
#188665=ORIENTED_EDGE('',*,*,#188620,.F.);
#188666=ORIENTED_EDGE('',*,*,#188464,.T.);
#188667=ORIENTED_EDGE('',*,*,#188661,.T.);
#188668=ORIENTED_EDGE('',*,*,#188505,.F.);
#188669=FACE_OUTER_BOUND('',#188662,.T.);
#188670=ADVANCED_FACE('PartBody',(#188669),#188633,.F.);
#188671=CARTESIAN_POINT('Axis2P3D Location',(8843.76018247,-2542.65358859,235.708132764));
#188672=DIRECTION('Axis2P3D Direction',(-0.03901515655488039,-0.2122013840728933,-0.9764468189085092));
#188673=DIRECTION('Axis2P3D XDirection',(-0.9835147105149434,0.1808281344279896,-1.894780628689891e-14));
#188674=AXIS2_PLACEMENT_3D('Torus Axis2P3D',#188671,#188672,#188673);
#188675=TOROIDAL_SURFACE('homeo Torus',#188674,5.,4.);
#188676=B_SPLINE_CURVE_WITH_KNOTS('',5,(#188677,#188678,#188679,#188680,#188681,#188682,#188683,#188684,#188685,#188686,#188687,#188688,#188689,#188690,#188691),.UNSPECIFIED.,.F.,.U.,(6,3,3,3,6),(0.,3.75658324484,7.11816336705,9.5019869541,13.6303409904),.UNSPECIFIED.);
#188677=CARTESIAN_POINT('Control Point',(8835.6536234,-2538.77864671,235.189938275));
#188678=CARTESIAN_POINT('Control Point',(8835.78832564,-2538.57000223,234.642872664));
#188679=CARTESIAN_POINT('Control Point',(8836.01711237,-2538.37435342,234.105741313));
#188680=CARTESIAN_POINT('Control Point',(8836.342831800001,-2538.1832993,233.594827515));
#188681=CARTESIAN_POINT('Control Point',(8837.144335159999,-2537.78758053,232.729040819));
#188682=CARTESIAN_POINT('Control Point',(8838.23713184,-2537.29694018,232.103148777));
#188683=CARTESIAN_POINT('Control Point',(8838.80348826,-2537.0382782,231.874142095));
#188684=CARTESIAN_POINT('Control Point',(8839.80300636,-2536.61471083,231.571455211));
#188685=CARTESIAN_POINT('Control Point',(8840.84070008,-2536.27577235,231.380352625));
#188686=CARTESIAN_POINT('Control Point',(8841.275754480001,-2536.15614968,231.31565585));
#188687=CARTESIAN_POINT('Control Point',(8842.46959932,-2535.89655334,231.171809702));
#188688=CARTESIAN_POINT('Control Point',(8843.669852950001,-2535.83322102,231.104374446));
#188689=CARTESIAN_POINT('Control Point',(8844.424834359999,-2535.88151875,231.083680996));
#188690=CARTESIAN_POINT('Control Point',(8845.16175942,-2536.01770456,231.082979313));
#188691=CARTESIAN_POINT('Control Point',(8845.870698680001,-2536.2389575,231.101383118));
#188692=CARTESIAN_POINT('Vertex',(8845.870698680001,-2536.2389575,231.101383118));
#188693=VERTEX_POINT('',#188692);
#188694=EDGE_CURVE('',#188547,#188693,#188676,.T.);
#188695=CARTESIAN_POINT('Axis2P3D Location',(8845.230494490001,-2537.99618926,234.637238764));
#188696=DIRECTION('Axis2P3D Direction',(-0.9549895915636444,0.29549251855389,-0.0260586163059903));
#188697=AXIS2_PLACEMENT_3D('Circle Axis2P3D',#188695,#188696,$);
#188698=CIRCLE('generated circle',#188697,4.);
#188699=EDGE_CURVE('',#188449,#188693,#188698,.F.);
#188700=EDGE_LOOP('',(#188701,#188702,#188703,#188704,#188705));
#188701=ORIENTED_EDGE('',*,*,#188694,.F.);
#188702=ORIENTED_EDGE('',*,*,#188567,.F.);
#188703=ORIENTED_EDGE('',*,*,#188661,.F.);
#188704=ORIENTED_EDGE('',*,*,#188457,.T.);
#188705=ORIENTED_EDGE('',*,*,#188699,.T.);
#188706=FACE_OUTER_BOUND('',#188700,.T.);
#188707=ADVANCED_FACE('PartBody',(#188706),#188675,.F.);
#188708=CARTESIAN_POINT('Axis2P3D Location',(8888.90300923,-2551.50932227,235.828922228));
#188709=DIRECTION('Axis2P3D Direction',(0.9549895915636444,-0.29549251855389,0.0260586163059903));
#188710=DIRECTION('Axis2P3D XDirection',(-0.03901515655488039,-0.2122013840728933,-0.9764468189085092));
#188711=AXIS2_PLACEMENT_3D('Cylinder Axis2P3D',#188708,#188709,#188710);
#188712=CYLINDRICAL_SURFACE('generated cylinder',#188711,4.);
#188713=B_SPLINE_CURVE_WITH_KNOTS('',4,(#188714,#188715,#188716,#188717,#188718),.UNSPECIFIED.,.F.,.U.,(5,5),(0.,1.24121894402),.UNSPECIFIED.);
#188714=CARTESIAN_POINT('Control Point',(8905.7287782,-2557.6126391,232.386514853));
#188715=CARTESIAN_POINT('Control Point',(8905.79330096,-2557.40825511,232.339520044));
#188716=CARTESIAN_POINT('Control Point',(8905.819871780001,-2557.18874523,232.307458909));
#188717=CARTESIAN_POINT('Control Point',(8905.812162439999,-2556.96836369,232.291551099));
#188718=CARTESIAN_POINT('Control Point',(8905.786963639999,-2556.75041914,232.2884351));
#188719=CARTESIAN_POINT('Vertex',(8905.786963639999,-2556.75041914,232.2884351));
#188720=VERTEX_POINT('',#188719);
#188721=EDGE_CURVE('',#188442,#188720,#188713,.T.);
#188722=B_SPLINE_CURVE_WITH_KNOTS('',5,(#188723,#188724,#188725,#188726,#188727,#188728),.UNSPECIFIED.,.F.,.U.,(6,6),(0.,3.79562286915),.UNSPECIFIED.);
#188723=CARTESIAN_POINT('Control Point',(8905.786963639999,-2556.75041914,232.2884351));
#188724=CARTESIAN_POINT('Control Point',(8905.725317689999,-2556.21724307,232.280812169));
#188725=CARTESIAN_POINT('Control Point',(8905.519316039999,-2555.69868938,232.34641853));
#188726=CARTESIAN_POINT('Control Point',(8905.25522571,-2555.24396126,232.445656255));
#188727=CARTESIAN_POINT('Control Point',(8904.951061580001,-2554.81479727,232.566784738));
#188728=CARTESIAN_POINT('Control Point',(8904.618370419999,-2554.41666228,232.704408348));
#188729=CARTESIAN_POINT('Vertex',(8904.618328070001,-2554.41669022,232.704386794));
#188730=VERTEX_POINT('',#188729);
#188731=EDGE_CURVE('',#188720,#188730,#188722,.T.);
#188732=CARTESIAN_POINT('Line Origine',(8889.54319631,-2549.75214865,232.293034589));
#188733=DIRECTION('Vector Direction',(0.9549895915636444,-0.29549251855389,0.0260586163059903));
#188734=VECTOR('Line Direction',#188733,1.);
#188735=LINE('Line',#188732,#188734);
#188736=CARTESIAN_POINT('Vertex',(8845.91823823,-2536.25373061,231.102648794));
#188737=VERTEX_POINT('',#188736);
#188738=EDGE_CURVE('',#188730,#188737,#188735,.F.);
#188739=B_SPLINE_CURVE_WITH_KNOTS('',3,(#188740,#188741,#188742,#188743),.UNSPECIFIED.,.F.,.U.,(4,4),(0.,0.0668197592539),.UNSPECIFIED.);
#188740=CARTESIAN_POINT('Control Point',(8845.870698680001,-2536.2389575,231.101383118));
#188741=CARTESIAN_POINT('Control Point',(8845.886539560001,-2536.24390128,231.101794341));
#188742=CARTESIAN_POINT('Control Point',(8845.90238612,-2536.24882565,231.10221624));
#188743=CARTESIAN_POINT('Control Point',(8845.91823823,-2536.25373061,231.102648794));
#188744=EDGE_CURVE('',#188693,#188737,#188739,.T.);
#188745=EDGE_LOOP('',(#188746,#188747,#188748,#188749,#188750,#188751));
#188746=ORIENTED_EDGE('',*,*,#188721,.T.);
#188747=ORIENTED_EDGE('',*,*,#188731,.T.);
#188748=ORIENTED_EDGE('',*,*,#188738,.T.);
#188749=ORIENTED_EDGE('',*,*,#188744,.F.);
#188750=ORIENTED_EDGE('',*,*,#188699,.F.);
#188751=ORIENTED_EDGE('',*,*,#188450,.T.);
#188752=FACE_OUTER_BOUND('',#188745,.T.);
#188753=ADVANCED_FACE('PartBody',(#188752),#188712,.F.);
#188754=CARTESIAN_POINT('Axis2P3D Location',(8865.152640079999,-2680.68633066,264.850640352));
#188755=DIRECTION('Axis2P3D Direction',(0.9894281008757739,-0.1447997703499669,-0.008065959580628158));
#188756=DIRECTION('Axis2P3D XDirection',(-0.139677667349975,-0.9664386163148271,0.2156073981549614));
#188757=AXIS2_PLACEMENT_3D('Cylinder Axis2P3D',#188754,#188755,#188756);
#188758=CYLINDRICAL_SURFACE('generated cylinder',#188757,4.);
#188759=B_SPLINE_CURVE_WITH_KNOTS('',3,(#188760,#188761,#188762,#188763),.UNSPECIFIED.,.F.,.U.,(4,4),(0.,69.2181452789),.UNSPECIFIED.);
#188760=CARTESIAN_POINT('Control Point',(8819.305844750001,-2677.23961332,262.858886086));
#188761=CARTESIAN_POINT('Control Point',(8835.45150293,-2679.57744013,262.693421467));
#188762=CARTESIAN_POINT('Control Point',(8851.5970843,-2681.9159426,262.52999854));
#188763=CARTESIAN_POINT('Control Point',(8867.74258192,-2684.25514563,262.368360861));
#188764=CARTESIAN_POINT('Vertex',(8867.74258215,-2684.25514412,262.368361719));
#188765=VERTEX_POINT('',#188764);
#188766=EDGE_CURVE('',#188609,#188765,#188759,.T.);
#188767=B_SPLINE_CURVE_WITH_KNOTS('',4,(#188768,#188769,#188770,#188771,#188772),.UNSPECIFIED.,.F.,.U.,(5,5),(0.,3.91411092032),.UNSPECIFIED.);
#188768=CARTESIAN_POINT('Control Point',(8868.071807189999,-2681.98518635,260.91978338));
#188769=CARTESIAN_POINT('Control Point',(8867.974343170001,-2682.65376787,261.068973786));
#188770=CARTESIAN_POINT('Control Point',(8867.88207091,-2683.28873985,261.374224776));
#188771=CARTESIAN_POINT('Control Point',(8867.803109709999,-2683.83439708,261.822392156));
#188772=CARTESIAN_POINT('Control Point',(8867.74258192,-2684.25514563,262.368360861));
#188773=EDGE_CURVE('',#188379,#188765,#188767,.T.);
#188774=EDGE_LOOP('',(#188775,#188776,#188777,#188778));
#188775=ORIENTED_EDGE('',*,*,#188766,.T.);
#188776=ORIENTED_EDGE('',*,*,#188773,.F.);
#188777=ORIENTED_EDGE('',*,*,#188476,.T.);
#188778=ORIENTED_EDGE('',*,*,#188615,.T.);
#188779=FACE_OUTER_BOUND('',#188774,.T.);
#188780=ADVANCED_FACE('PartBody',(#188779),#188758,.F.);
#188781=CARTESIAN_POINT('Axis2P3D Location',(8844.747501960001,-2538.05264908,253.608602235));
#188782=DIRECTION('Axis2P3D Direction',(0.02202304610730449,0.1582297830420323,0.9871566852322011));
#188783=DIRECTION('Axis2P3D XDirection',(0.2958206643318662,0.9421504695305739,-0.1576154412409287));
#188784=AXIS2_PLACEMENT_3D('Cylinder Axis2P3D',#188781,#188782,#188783);
#188785=CYLINDRICAL_SURFACE('generated cylinder',#188784,9.);
#188786=CARTESIAN_POINT('Axis2P3D Location',(8844.35218828,-2540.89287368,235.889139735));
#188787=DIRECTION('Axis2P3D Direction',(0.02202304610730449,0.1582297830420323,0.9871566852322011));
#188788=AXIS2_PLACEMENT_3D('Circle Axis2P3D',#188786,#188787,$);
#188789=CIRCLE('generated circle',#188788,9.);
#188790=CARTESIAN_POINT('Vertex',(8847.01457426,-2532.41351946,234.470600764));
#188791=VERTEX_POINT('',#188790);
#188792=EDGE_CURVE('',#188545,#188791,#188789,.F.);
#188793=CARTESIAN_POINT('Line Origine',(8847.409887940001,-2529.57329485,252.190063264));
#188794=DIRECTION('Vector Direction',(0.02202304610730449,0.1582297830420323,0.9871566852322011));
#188795=VECTOR('Line Direction',#188794,1.);
#188796=LINE('Line',#188793,#188795);
#188797=EDGE_CURVE('',#188791,#188126,#188796,.T.);
#188798=EDGE_LOOP('',(#188799,#188800,#188801,#188802));
#188799=ORIENTED_EDGE('',*,*,#188127,.T.);
#188800=ORIENTED_EDGE('',*,*,#188562,.T.);
#188801=ORIENTED_EDGE('',*,*,#188792,.T.);
#188802=ORIENTED_EDGE('',*,*,#188797,.T.);
#188803=FACE_OUTER_BOUND('',#188798,.T.);
#188804=ADVANCED_FACE('PartBody',(#188803),#188785,.F.);
#188805=CARTESIAN_POINT('Axis2P3D Location',(8837.200190699999,-2530.21848175,229.17136327));
#188806=DIRECTION('Axis2P3D Direction',(-0.2958206643318662,-0.9421504695305739,0.1576154412409287));
#188807=DIRECTION('Axis2P3D XDirection',(0.9549895915635565,-0.2954925185541721,0.02605861630601518));
#188808=AXIS2_PLACEMENT_3D('Plane Axis2P3D',#188805,#188806,#188807);
#188809=PLANE('',#188808);
#188810=CARTESIAN_POINT('Line Origine',(8872.21264702,-2540.21029761,235.158175702));
#188811=DIRECTION('Vector Direction',(0.9549895915635565,-0.2954925185541721,0.02605861630601518));
#188812=VECTOR('Line Direction',#188811,1.);
#188813=LINE('Line',#188810,#188812);
#188814=CARTESIAN_POINT('Vertex',(8897.41071978,-2548.00707576,235.845750641));
#188815=VERTEX_POINT('',#188814);
#188816=EDGE_CURVE('',#188791,#188815,#188813,.T.);
#188817=CARTESIAN_POINT('Line Origine',(8872.742672120001,-2538.31538854,247.479822792));
#188818=DIRECTION('Vector Direction',(0.8522488271409716,-0.3348351348009889,-0.4019419972329866));
#188819=VECTOR('Line Direction',#188818,1.);
#188820=LINE('Line',#188817,#188819);
#188821=EDGE_CURVE('',#188133,#188815,#188820,.T.);
#188822=EDGE_LOOP('',(#188823,#188824,#188825,#188826));
#188823=ORIENTED_EDGE('',*,*,#188134,.F.);
#188824=ORIENTED_EDGE('',*,*,#188797,.F.);
#188825=ORIENTED_EDGE('',*,*,#188816,.T.);
#188826=ORIENTED_EDGE('',*,*,#188821,.F.);
#188827=FACE_OUTER_BOUND('',#188822,.T.);
#188828=ADVANCED_FACE('PartBody',(#188827),#188809,.T.);
#188829=CARTESIAN_POINT('Axis2P3D Location',(8844.35218828,-2540.89287368,235.889139735));
#188830=DIRECTION('Axis2P3D Direction',(-0.02202304610730449,-0.1582297830420323,-0.9871566852322011));
#188831=DIRECTION('Axis2P3D XDirection',(-0.9836915978129013,0.179732400450982,-0.006863280587979311));
#188832=AXIS2_PLACEMENT_3D('Torus Axis2P3D',#188829,#188830,#188831);
#188833=TOROIDAL_SURFACE('homeo Torus',#188832,5.,4.);
#188834=CARTESIAN_POINT('Axis2P3D Location',(8845.8312916,-2536.18212134,235.101062529));
#188835=DIRECTION('Axis2P3D Direction',(-0.9549895915632717,0.2954925185550841,-0.02605861630610741));
#188836=AXIS2_PLACEMENT_3D('Circle Axis2P3D',#188834,#188835,$);
#188837=CIRCLE('generated circle',#188836,4.);
#188838=EDGE_CURVE('',#188737,#188791,#188837,.F.);
#188839=EDGE_LOOP('',(#188840,#188841,#188842,#188843,#188844));
#188840=ORIENTED_EDGE('',*,*,#188548,.T.);
#188841=ORIENTED_EDGE('',*,*,#188694,.T.);
#188842=ORIENTED_EDGE('',*,*,#188744,.T.);
#188843=ORIENTED_EDGE('',*,*,#188838,.T.);
#188844=ORIENTED_EDGE('',*,*,#188792,.F.);
#188845=FACE_OUTER_BOUND('',#188839,.T.);
#188846=ADVANCED_FACE('PartBody',(#188845),#188833,.F.);
#188847=CARTESIAN_POINT('Axis2P3D Location',(8889.52688388,-2549.70239499,236.293375706));
#188848=DIRECTION('Axis2P3D Direction',(0.9549895915635565,-0.2954925185541721,0.02605861630601518));
#188849=DIRECTION('Axis2P3D XDirection',(-0.02202304610730449,-0.1582297830420323,-0.9871566852322011));
#188850=AXIS2_PLACEMENT_3D('Cylinder Axis2P3D',#188847,#188848,#188849);
#188851=CYLINDRICAL_SURFACE('generated cylinder',#188850,4.);
#188852=B_SPLINE_CURVE_WITH_KNOTS('',5,(#188853,#188854,#188855,#188856,#188857,#188858,#188859,#188860,#188861,#188862,#188863,#188864,#188865,#188866,#188867),.UNSPECIFIED.,.F.,.U.,(6,3,3,3,6),(5.25563629359E-005,1.8754676916,4.27097569304,7.21416630037,14.916632753),.UNSPECIFIED.);
#188853=CARTESIAN_POINT('Control Point',(8904.618412919999,-2554.41668138,232.70438848));
#188854=CARTESIAN_POINT('Control Point',(8904.59101133,-2554.15293051,232.699071046));
#188855=CARTESIAN_POINT('Control Point',(8904.528312779999,-2553.89248648,232.711639111));
#188856=CARTESIAN_POINT('Control Point',(8904.43892033,-2553.64064023,232.738172438));
#188857=CARTESIAN_POINT('Control Point',(8904.194345280001,-2553.09287416,232.820953112));
#188858=CARTESIAN_POINT('Control Point',(8903.87356425,-2552.59332211,232.945310313));
#188859=CARTESIAN_POINT('Control Point',(8903.678248779999,-2552.32734875,233.023781508));
#188860=CARTESIAN_POINT('Control Point',(8903.215231210001,-2551.76118897,233.214447047));
#188861=CARTESIAN_POINT('Control Point',(8902.70328706,-2551.24948936,233.433500769));
#188862=CARTESIAN_POINT('Control Point',(8902.4108182,-2550.98195182,233.56043137));
#188863=CARTESIAN_POINT('Control Point',(8901.32013195,-2550.05969108,234.039226068));
#188864=CARTESIAN_POINT('Control Point',(8900.13361569,-2549.29243935,234.577108689));
#188865=CARTESIAN_POINT('Control Point',(8899.248588320001,-2548.80138072,234.98417362));
#188866=CARTESIAN_POINT('Control Point',(8898.339068679999,-2548.37180941,235.407917936));
#188867=CARTESIAN_POINT('Control Point',(8897.41071978,-2548.00707576,235.845750641));
#188868=EDGE_CURVE('',#188730,#188815,#188852,.T.);
#188869=EDGE_LOOP('',(#188870,#188871,#188872,#188873));
#188870=ORIENTED_EDGE('',*,*,#188868,.T.);
#188871=ORIENTED_EDGE('',*,*,#188816,.F.);
#188872=ORIENTED_EDGE('',*,*,#188838,.F.);
#188873=ORIENTED_EDGE('',*,*,#188738,.F.);
#188874=FACE_OUTER_BOUND('',#188869,.T.);
#188875=ADVANCED_FACE('PartBody',(#188874),#188851,.F.);
#188876=CARTESIAN_POINT('Axis2P3D Location',(8821.202636329999,-2615.57187923,242.214834682));
#188877=DIRECTION('Axis2P3D Direction',(-0.9835147105149434,0.1808281344279896,-5.351274978689692e-14));
#188878=DIRECTION('Axis2P3D XDirection',(0.1765690566310395,0.9603498104322149,-0.2157582208010483));
#188879=AXIS2_PLACEMENT_3D('Plane Axis2P3D',#188876,#188877,#188878);
#188880=PLANE('',#188879);
#188881=B_SPLINE_CURVE_WITH_KNOTS('',5,(#188882,#188883,#188884,#188885,#188886,#188887),.UNSPECIFIED.,.F.,.U.,(6,6),(0.,0.42491339249),.UNSPECIFIED.);
#188882=CARTESIAN_POINT('Control Point',(8816.376892460001,-2641.81884627,243.707921515));
#188883=CARTESIAN_POINT('Control Point',(8816.379236950001,-2641.8060947,243.76659799));
#188884=CARTESIAN_POINT('Control Point',(8816.38126444,-2641.7950673,243.825661805));
#188885=CARTESIAN_POINT('Control Point',(8816.382975500001,-2641.78576089,243.885162808));
#188886=CARTESIAN_POINT('Control Point',(8816.3843628,-2641.77821546,243.94483494));
#188887=CARTESIAN_POINT('Control Point',(8816.38542916,-2641.7724156,244.004726504));
#188888=CARTESIAN_POINT('Vertex',(8816.376892460001,-2641.81884627,243.707921515));
#188889=VERTEX_POINT('',#188888);
#188890=CARTESIAN_POINT('Vertex',(8816.38542916,-2641.7724156,244.004726504));
#188891=VERTEX_POINT('',#188890);
#188892=EDGE_CURVE('',#188889,#188891,#188881,.T.);
#188893=CARTESIAN_POINT('Line Origine',(8815.83653957,-2644.75779722,230.184308949));
#188894=DIRECTION('Vector Direction',(-0.03901515655488039,-0.2122013840728933,-0.9764468189085092));
#188895=VECTOR('Line Direction',#188894,1.);
#188896=LINE('Line',#188893,#188895);
#188897=EDGE_CURVE('',#188889,#188194,#188896,.T.);
#188898=CARTESIAN_POINT('Line Origine',(8834.225227880001,-2544.74268885,207.867683127));
#188899=DIRECTION('Vector Direction',(-0.03901515655488039,-0.2122013840728933,-0.9764468189085092));
#188900=VECTOR('Line Direction',#188899,1.);
#188901=LINE('Line',#188898,#188900);
#188902=CARTESIAN_POINT('Vertex',(8834.771441479999,-2541.77186179,221.537973935));
#188903=VERTEX_POINT('',#188902);
#188904=EDGE_CURVE('',#188903,#188265,#188901,.T.);
#188905=CARTESIAN_POINT('Line Origine',(8828.52700029,-2575.73504894,229.168356898));
#188906=DIRECTION('Vector Direction',(0.1765690566310395,0.9603498104322149,-0.2157582208010483));
#188907=VECTOR('Line Direction',#188906,1.);
#188908=LINE('Line',#188905,#188907);
#188909=CARTESIAN_POINT('Vertex',(8822.2825591,-2609.69823609,236.798739861));
#188910=VERTEX_POINT('',#188909);
#188911=EDGE_CURVE('',#188910,#188903,#188908,.T.);
#188912=CARTESIAN_POINT('Line Origine',(8819.33399413,-2625.73532585,240.401733182));
#188913=DIRECTION('Vector Direction',(0.1765690566310395,0.9603498104322149,-0.2157582208010483));
#188914=VECTOR('Line Direction',#188913,1.);
#188915=LINE('Line',#188912,#188914);
#188916=EDGE_CURVE('',#188891,#188910,#188915,.T.);
#188917=EDGE_LOOP('',(#188918,#188919,#188920,#188921,#188922,#188923));
#188918=ORIENTED_EDGE('',*,*,#188892,.F.);
#188919=ORIENTED_EDGE('',*,*,#188897,.T.);
#188920=ORIENTED_EDGE('',*,*,#188271,.T.);
#188921=ORIENTED_EDGE('',*,*,#188904,.F.);
#188922=ORIENTED_EDGE('',*,*,#188911,.F.);
#188923=ORIENTED_EDGE('',*,*,#188916,.F.);
#188924=FACE_OUTER_BOUND('',#188917,.T.);
#188925=ADVANCED_FACE('PartBody',(#188924),#188880,.F.);
#188926=CARTESIAN_POINT('Axis2P3D Location',(1.14517133816,6.22852666542,24.8617254682));
#188927=DIRECTION('Axis2P3D Direction',(-0.03901515655488039,-0.2122013840728933,-0.9764468189085092));
#188928=DIRECTION('Axis2P3D XDirection',(0.9835147105149434,-0.1808281344279896,-4.023041467489769e-18));
#188929=AXIS2_PLACEMENT_3D('Plane Axis2P3D',#188926,#188927,#188928);
#188930=PLANE('',#188929);
#188931=CARTESIAN_POINT('Line Origine',(8844.653125299999,-2672.30139857,253.606297902));
#188932=DIRECTION('Vector Direction',(-0.989344740879873,0.1453753037169813,0.007937553938868983));
#188933=VECTOR('Line Direction',#188932,1.);
#188934=LINE('Line',#188931,#188933);
#188935=CARTESIAN_POINT('Vertex',(8870.603225049999,-2676.11453213,253.398099175));
#188936=VERTEX_POINT('',#188935);
#188937=CARTESIAN_POINT('Vertex',(8818.70302554,-2668.48826501,253.81449663));
#188938=VERTEX_POINT('',#188937);
#188939=EDGE_CURVE('',#188936,#188938,#188934,.T.);
#188940=CARTESIAN_POINT('Axis2P3D Location',(8819.12382622,-2665.58920838,253.16766014));
#188941=DIRECTION('Axis2P3D Direction',(-0.03901515655488039,-0.2122013840728933,-0.9764468189085092));
#188942=AXIS2_PLACEMENT_3D('Circle Axis2P3D',#188940,#188941,$);
#188943=CIRCLE('generated circle',#188942,3.0000000001);
#188944=CARTESIAN_POINT('Vertex',(8816.17328209,-2665.04672398,253.16766014));
#188945=VERTEX_POINT('',#188944);
#188946=EDGE_CURVE('',#188938,#188945,#188943,.T.);
#188947=CARTESIAN_POINT('Line Origine',(8821.27244131,-2637.31266522,246.936752289));
#188948=DIRECTION('Vector Direction',(0.1765690566310395,0.9603498104322149,-0.2157582208010483));
#188949=VECTOR('Line Direction',#188948,1.);
#188950=LINE('Line',#188947,#188949);
#188951=CARTESIAN_POINT('Vertex',(8826.371600529999,-2609.57860646,240.705844438));
#188952=VERTEX_POINT('',#188951);
#188953=EDGE_CURVE('',#188945,#188952,#188950,.T.);
#188954=CARTESIAN_POINT('Axis2P3D Location',(8829.323222700001,-2610.11522749,240.704527137));
#188955=DIRECTION('Axis2P3D Direction',(-0.03901515655488039,-0.2122013840728933,-0.9764468189085092));
#188956=AXIS2_PLACEMENT_3D('Circle Axis2P3D',#188954,#188955,$);
#188957=CIRCLE('generated circle',#188956,2.99999999975);
#188958=CARTESIAN_POINT('Vertex',(8826.372671990001,-2609.57277885,240.704535171));
#188959=VERTEX_POINT('',#188958);
#188960=EDGE_CURVE('',#188952,#188959,#188957,.T.);
#188961=CARTESIAN_POINT('Line Origine',(8832.61711976,-2575.60955594,233.074144174));
#188962=DIRECTION('Vector Direction',(0.1765690566310395,0.9603498104322149,-0.2157582208010483));
#188963=VECTOR('Line Direction',#188962,1.);
#188964=LINE('Line',#188961,#188963);
#188965=CARTESIAN_POINT('Vertex',(8838.861560949999,-2541.64636879,225.44376121));
#188966=VERTEX_POINT('',#188965);
#188967=EDGE_CURVE('',#188959,#188966,#188964,.T.);
#188968=CARTESIAN_POINT('Axis2P3D Location',(8843.779134500001,-2542.55050946,225.44376121));
#188969=DIRECTION('Axis2P3D Direction',(-0.03901515655488039,-0.2122013840728933,-0.9764468189085092));
#188970=AXIS2_PLACEMENT_3D('Circle Axis2P3D',#188968,#188969,$);
#188971=CIRCLE('generated circle',#188970,4.99999999956);
#188972=CARTESIAN_POINT('Vertex',(8845.24944652,-2537.89311012,224.37286721));
#188973=VERTEX_POINT('',#188972);
#188974=EDGE_CURVE('',#188966,#188973,#188971,.T.);
#188975=CARTESIAN_POINT('Line Origine',(8875.612639049999,-2547.28807768,225.201381773));
#188976=DIRECTION('Vector Direction',(0.9549895915635565,-0.2954925185541721,0.02605861630601518));
#188977=VECTOR('Line Direction',#188976,1.);
#188978=LINE('Line',#188975,#188977);
#188979=CARTESIAN_POINT('Vertex',(8905.97583159,-2556.68304524,226.029896336));
#188980=VERTEX_POINT('',#188979);
#188981=EDGE_CURVE('',#188973,#188980,#188978,.T.);
#188982=CARTESIAN_POINT('Line Origine',(8905.910991860001,-2556.88843328,226.077122009));
#188983=DIRECTION('Vector Direction',(-0.2940624042200958,-0.9314798677723034,0.2141787999760698));
#188984=VECTOR('Line Direction',#188983,1.);
#188985=LINE('Line',#188982,#188984);
#188986=CARTESIAN_POINT('Vertex',(8905.84615213,-2557.09382131,226.124347681));
#188987=VERTEX_POINT('',#188986);
#188988=EDGE_CURVE('',#188980,#188987,#188985,.T.);
#188989=B_SPLINE_CURVE_WITH_KNOTS('',5,(#188990,#188991,#188992,#188993,#188994,#188995,#188996,#188997,#188998),.UNSPECIFIED.,.F.,.U.,(6,3,6),(1.16810761021,2.18909085388,3.03460437708),.UNSPECIFIED.);
#188990=CARTESIAN_POINT('Control Point',(8905.94749602,-2558.3472876,226.392701602));
#188991=CARTESIAN_POINT('Control Point',(8905.8845287,-2558.22140552,226.367860851));
#188992=CARTESIAN_POINT('Control Point',(8905.834398020001,-2558.08872057,226.341028798));
#188993=CARTESIAN_POINT('Control Point',(8905.798335760001,-2557.95109538,226.312561011));
#188994=CARTESIAN_POINT('Control Point',(8905.759454159999,-2557.6945486,226.258361837));
#188995=CARTESIAN_POINT('Control Point',(8905.770374399999,-2557.43597671,226.201732672));
#188996=CARTESIAN_POINT('Control Point',(8905.785617060001,-2557.31961099,226.17583504));
#188997=CARTESIAN_POINT('Control Point',(8905.810990010001,-2557.20520178,226.149957826));
#188998=CARTESIAN_POINT('Control Point',(8905.84615213,-2557.09382131,226.124347681));
#188999=CARTESIAN_POINT('Vertex',(8905.94749602,-2558.3472876,226.392701602));
#189000=VERTEX_POINT('',#188999);
#189001=EDGE_CURVE('',#189000,#188987,#188989,.T.);
#189002=CARTESIAN_POINT('Line Origine',(8896.67161293,-2608.79832775,237.727349189));
#189003=DIRECTION('Vector Direction',(0.1765690566310395,0.9603498104322149,-0.2157582208010483));
#189004=VECTOR('Line Direction',#189003,1.);
#189005=LINE('Line',#189002,#189004);
#189006=CARTESIAN_POINT('Vertex',(8887.39572984,-2659.24936791,249.061996776));
#189007=VERTEX_POINT('',#189006);
#189008=EDGE_CURVE('',#189007,#189000,#189005,.T.);
#189009=B_SPLINE_CURVE_WITH_KNOTS('',5,(#189010,#189011,#189012,#189013,#189014,#189015,#189016,#189017,#189018),.UNSPECIFIED.,.F.,.U.,(6,3,6),(0.,8.33748864014,13.9056737168),.UNSPECIFIED.);
#189010=CARTESIAN_POINT('Control Point',(8882.40562974,-2667.23151982,250.996063419));
#189011=CARTESIAN_POINT('Control Point',(8883.341431749999,-2666.53922997,250.808223873));
#189012=CARTESIAN_POINT('Control Point',(8884.19680163,-2665.74344721,250.60110702));
#189013=CARTESIAN_POINT('Control Point',(8884.956541670001,-2664.8564369,250.377985609));
#189014=CARTESIAN_POINT('Control Point',(8886.04395791,-2663.25076371,249.985591696));
#189015=CARTESIAN_POINT('Control Point',(8886.80867493,-2661.48120804,249.5704767));
#189016=CARTESIAN_POINT('Control Point',(8887.060670839999,-2660.75136673,249.401798803));
#189017=CARTESIAN_POINT('Control Point',(8887.256688719999,-2660.00560524,249.231897806));
#189018=CARTESIAN_POINT('Control Point',(8887.39572984,-2659.24936791,249.061996776));
#189019=CARTESIAN_POINT('Vertex',(8882.40562974,-2667.23151982,250.996063419));
#189020=VERTEX_POINT('',#189019);
#189021=EDGE_CURVE('',#189020,#189007,#189009,.T.);
#189022=CARTESIAN_POINT('Line Origine',(8877.05969794,-2671.18634605,252.069129504));
#189023=DIRECTION('Vector Direction',(-0.7936585896920955,-0.5871346513260706,0.1593077029530192));
#189024=VECTOR('Line Direction',#189023,1.);
#189025=LINE('Line',#189022,#189024);
#189026=CARTESIAN_POINT('Vertex',(8871.713766139999,-2675.14117227,253.142195588));
#189027=VERTEX_POINT('',#189026);
#189028=EDGE_CURVE('',#189020,#189027,#189025,.T.);
#189029=B_SPLINE_CURVE_WITH_KNOTS('',5,(#189030,#189031,#189032,#189033,#189034,#189035),.UNSPECIFIED.,.F.,.U.,(6,6),(0.,2.12191905674),.UNSPECIFIED.);
#189030=CARTESIAN_POINT('Control Point',(8871.713766139999,-2675.14117227,253.142195588));
#189031=CARTESIAN_POINT('Control Point',(8871.475601370001,-2675.31736238,253.190001388));
#189032=CARTESIAN_POINT('Control Point',(8871.24496179,-2675.50323523,253.23961076));
#189033=CARTESIAN_POINT('Control Point',(8871.022370320001,-2675.69836854,253.290911045));
#189034=CARTESIAN_POINT('Control Point',(8870.80831099,-2675.90229913,253.343782243));
#189035=CARTESIAN_POINT('Control Point',(8870.603225049999,-2676.11453213,253.398099175));
#189036=EDGE_CURVE('',#189027,#188936,#189029,.T.);
#189037=EDGE_LOOP('',(#189038,#189039,#189040,#189041,#189042,#189043,#189044,#189045,#189046,#189047,#189048,#189049,#189050));
#189038=ORIENTED_EDGE('',*,*,#188939,.T.);
#189039=ORIENTED_EDGE('',*,*,#188946,.T.);
#189040=ORIENTED_EDGE('',*,*,#188953,.T.);
#189041=ORIENTED_EDGE('',*,*,#188960,.T.);
#189042=ORIENTED_EDGE('',*,*,#188967,.T.);
#189043=ORIENTED_EDGE('',*,*,#188974,.T.);
#189044=ORIENTED_EDGE('',*,*,#188981,.T.);
#189045=ORIENTED_EDGE('',*,*,#188988,.T.);
#189046=ORIENTED_EDGE('',*,*,#189001,.F.);
#189047=ORIENTED_EDGE('',*,*,#189008,.F.);
#189048=ORIENTED_EDGE('',*,*,#189021,.F.);
#189049=ORIENTED_EDGE('',*,*,#189028,.T.);
#189050=ORIENTED_EDGE('',*,*,#189036,.T.);
#189051=FACE_OUTER_BOUND('',#189037,.T.);
#189052=ADVANCED_FACE('PartBody',(#189051),#188930,.T.);
#189053=CARTESIAN_POINT('Axis2P3D Location',(8842.901293479999,-2547.3250406,203.473707785));
#189054=DIRECTION('Axis2P3D Direction',(-0.03901515655488039,-0.2122013840728933,-0.9764468189085092));
#189055=DIRECTION('Axis2P3D XDirection',(-0.9835147105149434,0.1808281344279896,-6.42437492092963e-14));
#189056=AXIS2_PLACEMENT_3D('Cylinder Axis2P3D',#189053,#189054,#189055);
#189057=CYLINDRICAL_SURFACE('generated cylinder',#189056,9.);
#189058=B_SPLINE_CURVE_WITH_KNOTS('',5,(#189059,#189060,#189061,#189062,#189063,#189064,#189065,#189066,#189067,#189068,#189069,#189070),.UNSPECIFIED.,.F.,.U.,(6,3,3,6),(0.,9.05915812185,19.2711020058,40.262470594),.UNSPECIFIED.);
#189059=CARTESIAN_POINT('Control Point',(8838.929579879999,-2535.91284513,219.804021389));
#189060=CARTESIAN_POINT('Control Point',(8838.25380348,-2536.50758755,218.892443294));
#189061=CARTESIAN_POINT('Control Point',(8837.724239810001,-2537.12182657,217.885194726));
#189062=CARTESIAN_POINT('Control Point',(8837.326651179999,-2537.69651195,216.786449765));
#189063=CARTESIAN_POINT('Control Point',(8836.657105910001,-2538.80986822,214.385346347));
#189064=CARTESIAN_POINT('Control Point',(8836.24833911,-2539.7477874,211.852895586));
#189065=CARTESIAN_POINT('Control Point',(8836.070162579999,-2540.20522043,210.494418698));
#189066=CARTESIAN_POINT('Control Point',(8835.608981470001,-2541.51862476,206.305881537));
#189067=CARTESIAN_POINT('Control Point',(8835.328315819999,-2542.62728694,202.039561706));
#189068=CARTESIAN_POINT('Control Point',(8835.166171479999,-2543.3097584,199.260797765));
#189069=CARTESIAN_POINT('Control Point',(8835.020523859999,-2543.98616803,196.373818289));
#189070=CARTESIAN_POINT('Control Point',(8834.88836261,-2544.64171561,193.481493639));
#189071=CARTESIAN_POINT('Vertex',(8838.929579879999,-2535.91284513,219.804021389));
#189072=VERTEX_POINT('',#189071);
#189073=EDGE_CURVE('',#189072,#188252,#189058,.T.);
#189074=B_SPLINE_CURVE_WITH_KNOTS('',4,(#189075,#189076,#189077,#189078,#189079),.UNSPECIFIED.,.F.,.U.,(5,5),(0.,0.609494617152),.UNSPECIFIED.);
#189075=CARTESIAN_POINT('Control Point',(8838.929579879999,-2535.91284513,219.804021389));
#189076=CARTESIAN_POINT('Control Point',(8838.99055699,-2535.85917994,219.886275512));
#189077=CARTESIAN_POINT('Control Point',(8839.085982279999,-2535.78986012,219.943499314));
#189078=CARTESIAN_POINT('Control Point',(8839.18208651,-2535.72484448,219.989922853));
#189079=CARTESIAN_POINT('Control Point',(8839.284679689999,-2535.6596541,220.029337112));
#189080=CARTESIAN_POINT('Vertex',(8839.284679689999,-2535.6596541,220.029337112));
#189081=VERTEX_POINT('',#189080);
#189082=EDGE_CURVE('',#189072,#189081,#189074,.T.);
#189083=CARTESIAN_POINT('Axis2P3D Location',(8843.62307388,-2543.399315,221.537973935));
#189084=DIRECTION('Axis2P3D Direction',(-0.03901515655488039,-0.2122013840728933,-0.9764468189085092));
#189085=AXIS2_PLACEMENT_3D('Circle Axis2P3D',#189083,#189084,$);
#189086=CIRCLE('generated circle',#189085,9.);
#189087=EDGE_CURVE('',#188903,#189081,#189086,.T.);
#189088=EDGE_LOOP('',(#189089,#189090,#189091,#189092,#189093));
#189089=ORIENTED_EDGE('',*,*,#189073,.F.);
#189090=ORIENTED_EDGE('',*,*,#189082,.T.);
#189091=ORIENTED_EDGE('',*,*,#189087,.F.);
#189092=ORIENTED_EDGE('',*,*,#188904,.T.);
#189093=ORIENTED_EDGE('',*,*,#188266,.F.);
#189094=FACE_OUTER_BOUND('',#189088,.T.);
#189095=ADVANCED_FACE('PartBody',(#189094),#189057,.F.);
#189096=CARTESIAN_POINT('Axis2P3D Location',(8832.637628189999,-2575.49801167,228.952598677));
#189097=DIRECTION('Axis2P3D Direction',(0.1765690566310395,0.9603498104322149,-0.2157582208010483));
#189098=DIRECTION('Axis2P3D XDirection',(-0.9835147105149434,0.1808281344279896,-6.120714059429647e-14));
#189099=AXIS2_PLACEMENT_3D('Cylinder Axis2P3D',#189096,#189097,#189098);
#189100=CYLINDRICAL_SURFACE('generated cylinder',#189099,4.);
#189101=CARTESIAN_POINT('Axis2P3D Location',(8826.216617939999,-2610.42154863,236.798739861));
#189102=DIRECTION('Axis2P3D Direction',(0.1765690566310395,0.9603498104322149,-0.2157582208010483));
#189103=AXIS2_PLACEMENT_3D('Circle Axis2P3D',#189101,#189102,$);
#189104=CIRCLE('generated circle',#189103,4.);
#189105=EDGE_CURVE('',#188910,#188959,#189104,.T.);
#189106=CARTESIAN_POINT('Axis2P3D Location',(8838.70550032,-2542.49517433,221.537973935));
#189107=DIRECTION('Axis2P3D Direction',(0.1765690566310395,0.9603498104322149,-0.2157582208010483));
#189108=AXIS2_PLACEMENT_3D('Circle Axis2P3D',#189106,#189107,$);
#189109=CIRCLE('generated circle',#189108,4.);
#189110=EDGE_CURVE('',#188903,#188966,#189109,.T.);
#189111=EDGE_LOOP('',(#189112,#189113,#189114,#189115));
#189112=ORIENTED_EDGE('',*,*,#189105,.F.);
#189113=ORIENTED_EDGE('',*,*,#188911,.T.);
#189114=ORIENTED_EDGE('',*,*,#189110,.T.);
#189115=ORIENTED_EDGE('',*,*,#188967,.F.);
#189116=FACE_OUTER_BOUND('',#189111,.T.);
#189117=ADVANCED_FACE('PartBody',(#189116),#189100,.F.);
#189118=CARTESIAN_POINT('Axis2P3D Location',(8843.62307388,-2543.399315,221.537973935));
#189119=DIRECTION('Axis2P3D Direction',(-0.03901515655488039,-0.2122013840728933,-0.9764468189085092));
#189120=DIRECTION('Axis2P3D XDirection',(-0.9835147105334946,0.180828134327091,2.250430952701132e-11));
#189121=AXIS2_PLACEMENT_3D('Torus Axis2P3D',#189118,#189119,#189120);
#189122=TOROIDAL_SURFACE('homeo Torus',#189121,5.,4.);
#189123=B_SPLINE_CURVE_WITH_KNOTS('',5,(#189124,#189125,#189126,#189127,#189128,#189129),.UNSPECIFIED.,.F.,.U.,(6,6),(0.,7.13643663899),.UNSPECIFIED.);
#189124=CARTESIAN_POINT('Control Point',(8839.284679689999,-2535.6596541,220.029337112));
#189125=CARTESIAN_POINT('Control Point',(8840.51688517,-2534.87667859,220.502725947));
#189126=CARTESIAN_POINT('Control Point',(8841.86849445,-2534.47433408,221.108913045));
#189127=CARTESIAN_POINT('Control Point',(8843.256808550001,-2534.48967116,221.723964846));
#189128=CARTESIAN_POINT('Control Point',(8844.69258968,-2534.83507268,222.173242603));
#189129=CARTESIAN_POINT('Control Point',(8846.06217076,-2535.43221635,222.493738859));
#189130=CARTESIAN_POINT('Vertex',(8846.06217076,-2535.43221635,222.493738859));
#189131=VERTEX_POINT('',#189130);
#189132=EDGE_CURVE('',#189081,#189131,#189123,.T.);
#189133=CARTESIAN_POINT('Axis2P3D Location',(8845.0933859,-2538.74191566,220.467079935));
#189134=DIRECTION('Axis2P3D Direction',(-0.954989591493856,0.2954925187749554,-0.02605861635679607));
#189135=AXIS2_PLACEMENT_3D('Circle Axis2P3D',#189133,#189134,$);
#189136=CIRCLE('generated circle',#189135,4.);
#189137=EDGE_CURVE('',#189131,#188973,#189136,.F.);
#189138=EDGE_LOOP('',(#189139,#189140,#189141,#189142,#189143));
#189139=ORIENTED_EDGE('',*,*,#189132,.T.);
#189140=ORIENTED_EDGE('',*,*,#189137,.T.);
#189141=ORIENTED_EDGE('',*,*,#188974,.F.);
#189142=ORIENTED_EDGE('',*,*,#189110,.F.);
#189143=ORIENTED_EDGE('',*,*,#189087,.T.);
#189144=FACE_OUTER_BOUND('',#189138,.T.);
#189145=ADVANCED_FACE('PartBody',(#189144),#189122,.F.);
#189146=CARTESIAN_POINT('Axis2P3D Location',(8888.765900640001,-2552.25504867,221.658763399));
#189147=DIRECTION('Axis2P3D Direction',(0.9549895915635513,-0.2954925185541706,0.02605861630621504));
#189148=DIRECTION('Axis2P3D XDirection',(0.2940624042010323,0.9314798677781023,-0.2141787999770235));
#189149=AXIS2_PLACEMENT_3D('Cylinder Axis2P3D',#189146,#189147,#189148);
#189150=CYLINDRICAL_SURFACE('generated cylinder',#189149,4.);
#189151=B_SPLINE_CURVE_WITH_KNOTS('',5,(#189152,#189153,#189154,#189155,#189156,#189157,#189158,#189159,#189160,#189161,#189162,#189163),.UNSPECIFIED.,.F.,.U.,(6,3,3,6),(0.,1.53315210537,3.39003086297,5.21930040771),.UNSPECIFIED.);
#189152=CARTESIAN_POINT('Control Point',(8906.062905459999,-2556.16432534,225.875942719));
#189153=CARTESIAN_POINT('Control Point',(8906.069721190001,-2555.96050505,225.802308883));
#189154=CARTESIAN_POINT('Control Point',(8906.049790859999,-2555.75985525,225.717424538));
#189155=CARTESIAN_POINT('Control Point',(8906.006337299999,-2555.56626147,225.624253709));
#189156=CARTESIAN_POINT('Control Point',(8905.87113808,-2555.15865594,225.407747701));
#189157=CARTESIAN_POINT('Control Point',(8905.66457639,-2554.79202179,225.173474767));
#189158=CARTESIAN_POINT('Control Point',(8905.535945760001,-2554.60298757,225.042388791));
#189159=CARTESIAN_POINT('Control Point',(8905.25691091,-2554.24895801,224.779143993));
#189160=CARTESIAN_POINT('Control Point',(8904.939175629999,-2553.93246145,224.512034711));
#189161=CARTESIAN_POINT('Control Point',(8904.774131059999,-2553.78369104,224.379178162));
#189162=CARTESIAN_POINT('Control Point',(8904.602832250001,-2553.64236455,224.246215461));
#189163=CARTESIAN_POINT('Control Point',(8904.42620631,-2553.50791028,224.113364083));
#189164=CARTESIAN_POINT('Vertex',(8906.062905459999,-2556.16432534,225.875942719));
#189165=VERTEX_POINT('',#189164);
#189166=CARTESIAN_POINT('Vertex',(8904.42620631,-2553.50791028,224.113364083));
#189167=VERTEX_POINT('',#189166);
#189168=EDGE_CURVE('',#189165,#189167,#189151,.T.);
#189169=B_SPLINE_CURVE_WITH_KNOTS('',3,(#189170,#189171,#189172,#189173),.UNSPECIFIED.,.F.,.U.,(4,4),(0.,0.777979408387),.UNSPECIFIED.);
#189170=CARTESIAN_POINT('Control Point',(8905.97583159,-2556.68304524,226.029896336));
#189171=CARTESIAN_POINT('Control Point',(8906.029754249999,-2556.51223838,225.990622047));
#189172=CARTESIAN_POINT('Control Point',(8906.057141200001,-2556.33670223,225.938217045));
#189173=CARTESIAN_POINT('Control Point',(8906.062905459999,-2556.16432534,225.875942719));
#189174=EDGE_CURVE('',#188980,#189165,#189169,.T.);
#189175=B_SPLINE_CURVE_WITH_KNOTS('',3,(#189176,#189177,#189178,#189179),.UNSPECIFIED.,.F.,.U.,(4,4),(0.,0.34626673137),.UNSPECIFIED.);
#189176=CARTESIAN_POINT('Control Point',(8846.33137958,-2535.53223095,222.528141781));
#189177=CARTESIAN_POINT('Control Point',(8846.238784589999,-2535.50358024,222.525615159));
#189178=CARTESIAN_POINT('Control Point',(8846.14814992,-2535.46970367,222.51385888));
#189179=CARTESIAN_POINT('Control Point',(8846.06217076,-2535.43221635,222.493738859));
#189180=CARTESIAN_POINT('Vertex',(8846.33137958,-2535.53223095,222.528141781));
#189181=VERTEX_POINT('',#189180);
#189182=EDGE_CURVE('',#189181,#189131,#189175,.T.);
#189183=CARTESIAN_POINT('Line Origine',(8889.72929501,-2548.96039754,223.712332307));
#189184=DIRECTION('Vector Direction',(0.9549895915635513,-0.2954925185541706,0.02605861630621504));
#189185=VECTOR('Line Direction',#189184,1.);
#189186=LINE('Line',#189183,#189185);
#189187=EDGE_CURVE('',#189181,#189167,#189186,.T.);
#189188=EDGE_LOOP('',(#189189,#189190,#189191,#189192,#189193,#189194));
#189189=ORIENTED_EDGE('',*,*,#189168,.F.);
#189190=ORIENTED_EDGE('',*,*,#189174,.F.);
#189191=ORIENTED_EDGE('',*,*,#188981,.F.);
#189192=ORIENTED_EDGE('',*,*,#189137,.F.);
#189193=ORIENTED_EDGE('',*,*,#189182,.F.);
#189194=ORIENTED_EDGE('',*,*,#189187,.T.);
#189195=FACE_OUTER_BOUND('',#189188,.T.);
#189196=ADVANCED_FACE('PartBody',(#189195),#189150,.F.);
#189197=CARTESIAN_POINT('Axis2P3D Location',(8837.02763567,-2531.15699948,223.237488669));
#189198=DIRECTION('Axis2P3D Direction',(0.2958206643318662,0.9421504695305739,-0.1576154412409287));
#189199=DIRECTION('Axis2P3D XDirection',(0.9549895915635565,-0.2954925185541721,0.02605861630601518));
#189200=AXIS2_PLACEMENT_3D('Plane Axis2P3D',#189197,#189198,#189199);
#189201=PLANE('',#189200);
#189202=CARTESIAN_POINT('Line Origine',(8872.99784113,-2545.27032944,206.385393759));
#189203=DIRECTION('Vector Direction',(0.8604201723350202,-0.1911321259640045,0.4723829351950111));
#189204=VECTOR('Line Direction',#189203,1.);
#189205=LINE('Line',#189202,#189204);
#189206=CARTESIAN_POINT('Vertex',(8899.42682925,-2551.14121537,220.895284836));
#189207=VERTEX_POINT('',#189206);
#189208=EDGE_CURVE('',#188229,#189207,#189205,.T.);
#189209=CARTESIAN_POINT('Line Origine',(8873.03311823,-2542.97448328,220.175084748));
#189210=DIRECTION('Vector Direction',(0.9549895915635565,-0.2954925185541721,0.02605861630601518));
#189211=VECTOR('Line Direction',#189210,1.);
#189212=LINE('Line',#189209,#189211);
#189213=CARTESIAN_POINT('Vertex',(8846.6394072,-2534.80775119,219.454884659));
#189214=VERTEX_POINT('',#189213);
#189215=EDGE_CURVE('',#189214,#189207,#189212,.T.);
#189216=CARTESIAN_POINT('Line Origine',(8846.33159915,-2537.01927092,205.657757171));
#189217=DIRECTION('Vector Direction',(-0.02202304610730449,-0.1582297830420323,-0.9871566852322011));
#189218=VECTOR('Line Direction',#189217,1.);
#189219=LINE('Line',#189216,#189218);
#189220=EDGE_CURVE('',#189214,#188236,#189219,.T.);
#189221=EDGE_LOOP('',(#189222,#189223,#189224,#189225));
#189222=ORIENTED_EDGE('',*,*,#189208,.T.);
#189223=ORIENTED_EDGE('',*,*,#189215,.F.);
#189224=ORIENTED_EDGE('',*,*,#189220,.T.);
#189225=ORIENTED_EDGE('',*,*,#188237,.T.);
#189226=FACE_OUTER_BOUND('',#189221,.T.);
#189227=ADVANCED_FACE('PartBody',(#189226),#189201,.F.);
#189228=CARTESIAN_POINT('Axis2P3D Location',(8843.57069602,-2546.20644491,202.660382788));
#189229=DIRECTION('Axis2P3D Direction',(-0.02202304610730449,-0.1582297830420323,-0.9871566852322011));
#189230=DIRECTION('Axis2P3D XDirection',(-0.9836915978127243,0.1797324004519496,-0.006863280587978077));
#189231=AXIS2_PLACEMENT_3D('Cylinder Axis2P3D',#189228,#189229,#189230);
#189232=CYLINDRICAL_SURFACE('generated cylinder',#189231,9.);
#189233=CARTESIAN_POINT('Axis2P3D Location',(8843.977021230001,-2543.28710542,220.87342363));
#189234=DIRECTION('Axis2P3D Direction',(-0.02202304610730449,-0.1582297830420323,-0.9871566852322011));
#189235=AXIS2_PLACEMENT_3D('Circle Axis2P3D',#189233,#189234,$);
#189236=CIRCLE('generated circle',#189235,9.);
#189237=EDGE_CURVE('',#189072,#189214,#189236,.T.);
#189238=EDGE_LOOP('',(#189239,#189240,#189241,#189242));
#189239=ORIENTED_EDGE('',*,*,#189073,.T.);
#189240=ORIENTED_EDGE('',*,*,#188253,.F.);
#189241=ORIENTED_EDGE('',*,*,#189220,.F.);
#189242=ORIENTED_EDGE('',*,*,#189237,.F.);
#189243=FACE_OUTER_BOUND('',#189238,.T.);
#189244=ADVANCED_FACE('PartBody',(#189243),#189232,.F.);
#189245=CARTESIAN_POINT('Axis2P3D Location',(8843.977021230001,-2543.28710542,220.87342363));
#189246=DIRECTION('Axis2P3D Direction',(-0.02202304610730449,-0.1582297830420323,-0.9871566852322011));
#189247=DIRECTION('Axis2P3D XDirection',(-0.9836915978187886,0.1797324004189614,-0.006863280582728525));
#189248=AXIS2_PLACEMENT_3D('Torus Axis2P3D',#189245,#189246,#189247);
#189249=TOROIDAL_SURFACE('homeo Torus',#189248,5.,4.);
#189250=CARTESIAN_POINT('Axis2P3D Location',(8845.456124550001,-2538.57635307,220.085346424));
#189251=DIRECTION('Axis2P3D Direction',(-0.9549895915394851,0.2954925186308407,-0.02605861631878595));
#189252=AXIS2_PLACEMENT_3D('Circle Axis2P3D',#189250,#189251,$);
#189253=CIRCLE('generated circle',#189252,4.);
#189254=EDGE_CURVE('',#189214,#189181,#189253,.F.);
#189255=EDGE_LOOP('',(#189256,#189257,#189258,#189259,#189260));
#189256=ORIENTED_EDGE('',*,*,#189182,.T.);
#189257=ORIENTED_EDGE('',*,*,#189132,.F.);
#189258=ORIENTED_EDGE('',*,*,#189082,.F.);
#189259=ORIENTED_EDGE('',*,*,#189237,.T.);
#189260=ORIENTED_EDGE('',*,*,#189254,.T.);
#189261=FACE_OUTER_BOUND('',#189255,.T.);
#189262=ADVANCED_FACE('PartBody',(#189261),#189249,.F.);
#189263=CARTESIAN_POINT('Axis2P3D Location',(8889.15171683,-2552.09662672,221.277659601));
#189264=DIRECTION('Axis2P3D Direction',(0.9549895915635539,-0.2954925185541714,0.02605861630611511));
#189265=DIRECTION('Axis2P3D XDirection',(0.2958206643318662,0.9421504695305739,-0.1576154412409287));
#189266=AXIS2_PLACEMENT_3D('Cylinder Axis2P3D',#189263,#189264,#189265);
#189267=CYLINDRICAL_SURFACE('generated cylinder',#189266,4.);
#189268=B_SPLINE_CURVE_WITH_KNOTS('',5,(#189269,#189270,#189271,#189272,#189273,#189274),.UNSPECIFIED.,.F.,.U.,(6,6),(1.41760633657E-005,9.12831089905),.UNSPECIFIED.);
#189269=CARTESIAN_POINT('Control Point',(8904.42620631,-2553.50791028,224.11336408));
#189270=CARTESIAN_POINT('Control Point',(8903.62153135,-2552.7455623,223.451669493));
#189271=CARTESIAN_POINT('Control Point',(8902.63703921,-2552.18580333,222.782654389));
#189272=CARTESIAN_POINT('Control Point',(8901.616991639999,-2551.73371872,222.137653356));
#189273=CARTESIAN_POINT('Control Point',(8900.537576709999,-2551.38795473,221.505101022));
#189274=CARTESIAN_POINT('Control Point',(8899.42682925,-2551.14121537,220.895284836));
#189275=EDGE_CURVE('',#189167,#189207,#189268,.T.);
#189276=EDGE_LOOP('',(#189277,#189278,#189279,#189280));
#189277=ORIENTED_EDGE('',*,*,#189275,.F.);
#189278=ORIENTED_EDGE('',*,*,#189187,.F.);
#189279=ORIENTED_EDGE('',*,*,#189254,.F.);
#189280=ORIENTED_EDGE('',*,*,#189215,.T.);
#189281=FACE_OUTER_BOUND('',#189276,.T.);
#189282=ADVANCED_FACE('PartBody',(#189281),#189267,.F.);
#189283=CARTESIAN_POINT('Axis2P3D Location',(8911.313764840001,-2542.33640187,223.108449077));
#189284=DIRECTION('Axis2P3D Direction',(-0.3992157128389723,0.3233047452749777,0.8579632021859406));
#189285=DIRECTION('Axis2P3D XDirection',(-0.8684204725007699,0.1667911796429558,-0.4669331700948763));
#189286=AXIS2_PLACEMENT_3D('Plane Axis2P3D',#189283,#189284,#189285);
#189287=PLANE('',#189286);
#189288=CARTESIAN_POINT('Line Origine',(8907.29702236,-2551.0072848,224.50686673));
#189289=DIRECTION('Vector Direction',(0.1738355790190708,0.9454825695003852,-0.2753977164721122));
#189290=VECTOR('Line Direction',#189289,1.);
#189291=LINE('Line',#189288,#189290);
#189292=CARTESIAN_POINT('Vertex',(8906.747641989999,-2553.99533577,225.377218485));
#189293=VERTEX_POINT('',#189292);
#189294=EDGE_CURVE('',#189293,#188296,#189291,.T.);
#189295=CARTESIAN_POINT('Line Origine',(8906.40527372,-2555.07983056,225.626580602));
#189296=DIRECTION('Vector Direction',(-0.2940624042010323,-0.9314798677781023,0.2141787999770235));
#189297=VECTOR('Line Direction',#189296,1.);
#189298=LINE('Line',#189295,#189297);
#189299=EDGE_CURVE('',#189293,#189165,#189298,.T.);
#189300=EDGE_LOOP('',(#189301,#189302,#189303,#189304,#189305,#189306,#189307));
#189301=ORIENTED_EDGE('',*,*,#189294,.F.);
#189302=ORIENTED_EDGE('',*,*,#189299,.T.);
#189303=ORIENTED_EDGE('',*,*,#189168,.T.);
#189304=ORIENTED_EDGE('',*,*,#189275,.T.);
#189305=ORIENTED_EDGE('',*,*,#189208,.F.);
#189306=ORIENTED_EDGE('',*,*,#188230,.T.);
#189307=ORIENTED_EDGE('',*,*,#188304,.F.);
#189308=FACE_OUTER_BOUND('',#189300,.T.);
#189309=ADVANCED_FACE('PartBody',(#189308),#189287,.F.);
#189310=CARTESIAN_POINT('Axis2P3D Location',(8909.87030925,-2550.45537623,220.834054084));
#189311=DIRECTION('Axis2P3D Direction',(-0.2940624042010323,-0.9314798677781023,0.2141787999770235));
#189312=DIRECTION('Axis2P3D XDirection',(0.03901515655478054,0.2122013840728941,0.9764468189085128));
#189313=AXIS2_PLACEMENT_3D('Cylinder Axis2P3D',#189310,#189311,#189312);
#189314=CYLINDRICAL_SURFACE('generated cylinder',#189313,4.);
#189315=B_SPLINE_CURVE_WITH_KNOTS('',3,(#189316,#189317,#189318,#189319),.UNSPECIFIED.,.F.,.U.,(4,4),(0.00519540275684,4.7293540741),.UNSPECIFIED.);
#189316=CARTESIAN_POINT('Control Point',(8906.747641989999,-2553.99533577,225.377218485));
#189317=CARTESIAN_POINT('Control Point',(8906.554076959999,-2555.04812577,225.683872431));
#189318=CARTESIAN_POINT('Control Point',(8906.360036829999,-2556.10349985,225.981410865));
#189319=CARTESIAN_POINT('Control Point',(8906.165614879999,-2557.16095061,226.271012043));
#189320=CARTESIAN_POINT('Vertex',(8906.165614879999,-2557.16095061,226.271012043));
#189321=VERTEX_POINT('',#189320);
#189322=EDGE_CURVE('',#189293,#189321,#189315,.T.);
#189323=CARTESIAN_POINT('Axis2P3D Location',(8907.370778820001,-2558.37295511,222.654573883));
#189324=DIRECTION('Axis2P3D Direction',(-0.2940624042010323,-0.9314798677781023,0.2141787999770235));
#189325=AXIS2_PLACEMENT_3D('Circle Axis2P3D',#189323,#189324,$);
#189326=CIRCLE('generated circle',#189325,4.);
#189327=EDGE_CURVE('',#189321,#188987,#189326,.T.);
#189328=EDGE_LOOP('',(#189329,#189330,#189331,#189332,#189333));
#189329=ORIENTED_EDGE('',*,*,#189322,.T.);
#189330=ORIENTED_EDGE('',*,*,#189327,.T.);
#189331=ORIENTED_EDGE('',*,*,#188988,.F.);
#189332=ORIENTED_EDGE('',*,*,#189174,.T.);
#189333=ORIENTED_EDGE('',*,*,#189299,.F.);
#189334=FACE_OUTER_BOUND('',#189328,.T.);
#189335=ADVANCED_FACE('PartBody',(#189334),#189314,.F.);
#189336=CARTESIAN_POINT('Axis2P3D Location',(8907.370778820001,-2558.37295511,222.654573883));
#189337=DIRECTION('Axis2P3D Direction',(-0.2940624042010323,-0.9314798677781023,0.2141787999770235));
#189338=DIRECTION('Axis2P3D XDirection',(0.7194282886298776,-0.0681860380448884,0.6912116909708824));
#189339=AXIS2_PLACEMENT_3D('Sphere Axis2P3D',#189336,#189337,#189338);
#189340=SPHERICAL_SURFACE('',#189339,4.);
#189341=B_SPLINE_CURVE_WITH_KNOTS('',3,(#189342,#189343,#189344,#189345),.UNSPECIFIED.,.F.,.U.,(4,4),(0.,1.72205175553),.UNSPECIFIED.);
#189342=CARTESIAN_POINT('Control Point',(8906.165614879999,-2557.16095061,226.271012043));
#189343=CARTESIAN_POINT('Control Point',(8906.09474413,-2557.54641288,226.376577553));
#189344=CARTESIAN_POINT('Control Point',(8906.02074679,-2557.94884515,226.417856943));
#189345=CARTESIAN_POINT('Control Point',(8905.947494370001,-2558.34728765,226.3927021));
#189346=EDGE_CURVE('',#189321,#189000,#189341,.T.);
#189347=EDGE_LOOP('',(#189348,#189349,#189350));
#189348=ORIENTED_EDGE('',*,*,#189346,.T.);
#189349=ORIENTED_EDGE('',*,*,#189001,.T.);
#189350=ORIENTED_EDGE('',*,*,#189327,.F.);
#189351=FACE_OUTER_BOUND('',#189347,.T.);
#189352=ADVANCED_FACE('PartBody',(#189351),#189340,.F.);
#189353=CARTESIAN_POINT('Axis2P3D Location',(8911.55605277,-2541.22272128,228.284586106));
#189354=DIRECTION('Axis2P3D Direction',(0.4462528249449528,0.0643574105984932,0.8925897937629056));
#189355=DIRECTION('Axis2P3D XDirection',(-0.8452134160459257,0.3580549952519685,0.3967504274869652));
#189356=AXIS2_PLACEMENT_3D('Plane Axis2P3D',#189353,#189354,#189355);
#189357=PLANE('',#189356);
#189358=CARTESIAN_POINT('Line Origine',(8906.330699149999,-2555.02806814,231.892408214));
#189359=DIRECTION('Vector Direction',(-0.2940624042010323,-0.9314798677781023,0.2141787999770235));
#189360=VECTOR('Line Direction',#189359,1.);
#189361=LINE('Line',#189358,#189360);
#189362=CARTESIAN_POINT('Vertex',(8906.874434650001,-2553.30571714,231.496381329));
#189363=VERTEX_POINT('',#189362);
#189364=EDGE_CURVE('',#189363,#188720,#189361,.T.);
#189365=CARTESIAN_POINT('Line Origine',(8907.45952131,-2550.12346156,230.974418937));
#189366=DIRECTION('Vector Direction',(0.1785201704839482,0.9709618160347184,-0.1592598522319538));
#189367=VECTOR('Line Direction',#189366,1.);
#189368=LINE('Line',#189365,#189367);
#189369=EDGE_CURVE('',#189363,#188298,#189368,.T.);
#189370=EDGE_LOOP('',(#189371,#189372,#189373,#189374,#189375,#189376,#189377));
#189371=ORIENTED_EDGE('',*,*,#188314,.T.);
#189372=ORIENTED_EDGE('',*,*,#188141,.F.);
#189373=ORIENTED_EDGE('',*,*,#188821,.T.);
#189374=ORIENTED_EDGE('',*,*,#188868,.F.);
#189375=ORIENTED_EDGE('',*,*,#188731,.F.);
#189376=ORIENTED_EDGE('',*,*,#189364,.F.);
#189377=ORIENTED_EDGE('',*,*,#189369,.T.);
#189378=FACE_OUTER_BOUND('',#189370,.T.);
#189379=ADVANCED_FACE('PartBody',(#189378),#189357,.T.);
#189380=CARTESIAN_POINT('Axis2P3D Location',(8909.929693710001,-2549.02461703,234.141562256));
#189381=DIRECTION('Axis2P3D Direction',(-0.2940624042010323,-0.9314798677781023,0.2141787999770235));
#189382=DIRECTION('Axis2P3D XDirection',(-0.44625282494495,-0.06435741059859279,-0.8925897937628998));
#189383=AXIS2_PLACEMENT_3D('Cylinder Axis2P3D',#189380,#189381,#189382);
#189384=CYLINDRICAL_SURFACE('generated cylinder',#189383,4.);
#189385=B_SPLINE_CURVE_WITH_KNOTS('',3,(#189386,#189387,#189388,#189389),.UNSPECIFIED.,.F.,.U.,(4,4),(0.,8.10055318819),.UNSPECIFIED.);
#189386=CARTESIAN_POINT('Control Point',(8906.874434650001,-2553.30571714,231.496381329));
#189387=CARTESIAN_POINT('Control Point',(8906.53358275,-2555.15959269,231.800459142));
#189388=CARTESIAN_POINT('Control Point',(8906.193487639999,-2557.00935213,232.130823553));
#189389=CARTESIAN_POINT('Control Point',(8905.854138070001,-2558.85505654,232.482554969));
#189390=CARTESIAN_POINT('Vertex',(8905.854138070001,-2558.85505654,232.482554969));
#189391=VERTEX_POINT('',#189390);
#189392=EDGE_CURVE('',#189363,#189391,#189385,.T.);
#189393=CARTESIAN_POINT('Axis2P3D Location',(8906.98906966,-2558.3394157,236.283350256));
#189394=DIRECTION('Axis2P3D Direction',(-0.2940624042010323,-0.9314798677781023,0.2141787999770235));
#189395=AXIS2_PLACEMENT_3D('Circle Axis2P3D',#189393,#189394,$);
#189396=CIRCLE('generated circle',#189395,4.);
#189397=EDGE_CURVE('',#188435,#189391,#189396,.T.);
#189398=EDGE_LOOP('',(#189399,#189400,#189401,#189402,#189403));
#189399=ORIENTED_EDGE('',*,*,#189392,.F.);
#189400=ORIENTED_EDGE('',*,*,#189364,.T.);
#189401=ORIENTED_EDGE('',*,*,#188721,.F.);
#189402=ORIENTED_EDGE('',*,*,#188443,.F.);
#189403=ORIENTED_EDGE('',*,*,#189397,.T.);
#189404=FACE_OUTER_BOUND('',#189398,.T.);
#189405=ADVANCED_FACE('PartBody',(#189404),#189384,.F.);
#189406=CARTESIAN_POINT('Axis2P3D Location',(8906.98906966,-2558.3394157,236.283350256));
#189407=DIRECTION('Axis2P3D Direction',(-0.2940624042010323,-0.9314798677781023,0.2141787999770235));
#189408=DIRECTION('Axis2P3D XDirection',(-0.92358985627426,0.2192583505220617,-0.3144957123930885));
#189409=AXIS2_PLACEMENT_3D('Sphere Axis2P3D',#189406,#189407,#189408);
#189410=SPHERICAL_SURFACE('',#189409,4.);
#189411=B_SPLINE_CURVE_WITH_KNOTS('',3,(#189412,#189413,#189414,#189415),.UNSPECIFIED.,.F.,.U.,(4,4),(0.,1.78902176691),.UNSPECIFIED.);
#189412=CARTESIAN_POINT('Control Point',(8905.854138070001,-2558.85505654,232.482554969));
#189413=CARTESIAN_POINT('Control Point',(8905.77919211,-2559.26268369,232.560235486));
#189414=CARTESIAN_POINT('Control Point',(8905.70657495,-2559.65762155,232.706293233));
#189415=CARTESIAN_POINT('Control Point',(8905.64012303,-2560.019068,232.913022208));
#189416=EDGE_CURVE('',#189391,#188419,#189411,.T.);
#189417=EDGE_LOOP('',(#189418,#189419,#189420));
#189418=ORIENTED_EDGE('',*,*,#189416,.F.);
#189419=ORIENTED_EDGE('',*,*,#189397,.F.);
#189420=ORIENTED_EDGE('',*,*,#188436,.T.);
#189421=FACE_OUTER_BOUND('',#189417,.T.);
#189422=ADVANCED_FACE('PartBody',(#189421),#189410,.F.);
#189423=CARTESIAN_POINT('Axis2P3D Location',(8866.10537204,-2676.32535036,249.52714628));
#189424=DIRECTION('Axis2P3D Direction',(-0.9893447408798739,0.1453753037169815,0.007937553938738989));
#189425=DIRECTION('Axis2P3D XDirection',(-0.140266892929973,-0.9663522099458144,0.2156121635729586));
#189426=AXIS2_PLACEMENT_3D('Cylinder Axis2P3D',#189423,#189424,#189425);
#189427=CYLINDRICAL_SURFACE('generated cylinder',#189426,4.);
#189428=B_SPLINE_CURVE_WITH_KNOTS('',5,(#189429,#189430,#189431,#189432,#189433,#189434,#189435,#189436,#189437),.UNSPECIFIED.,.F.,.U.,(6,3,6),(1.48225220642,44.7061149136,74.3834695169),.UNSPECIFIED.);
#189429=CARTESIAN_POINT('Control Point',(8869.283344179999,-2677.8865949,253.351206553));
#189430=CARTESIAN_POINT('Control Point',(8863.219593989999,-2677.12027382,253.365025803));
#189431=CARTESIAN_POINT('Control Point',(8857.168824300001,-2676.3388758,253.378153919));
#189432=CARTESIAN_POINT('Control Point',(8851.224872500001,-2675.56261069,253.390704125));
#189433=CARTESIAN_POINT('Control Point',(8841.003618000001,-2674.21451293,253.411763563));
#189434=CARTESIAN_POINT('Control Point',(8830.78463514,-2672.84931199,253.432128347));
#189435=CARTESIAN_POINT('Control Point',(8826.624903620001,-2672.29117957,253.440322285));
#189436=CARTESIAN_POINT('Control Point',(8822.465456899999,-2671.73095787,253.448431312));
#189437=CARTESIAN_POINT('Control Point',(8818.306262030001,-2671.16887157,253.456464577));
#189438=CARTESIAN_POINT('Vertex',(8869.28334274,-2677.88659573,253.351206327));
#189439=VERTEX_POINT('',#189438);
#189440=CARTESIAN_POINT('Vertex',(8818.306262030001,-2671.16887157,253.456464577));
#189441=VERTEX_POINT('',#189440);
#189442=EDGE_CURVE('',#189439,#189441,#189428,.T.);
#189443=CARTESIAN_POINT('Axis2P3D Location',(8818.54696492,-2669.33707055,249.908709355));
#189444=DIRECTION('Axis2P3D Direction',(-0.9893447408798739,0.1453753037169815,0.007937553938738989));
#189445=AXIS2_PLACEMENT_3D('Circle Axis2P3D',#189443,#189444,$);
#189446=CIRCLE('generated circle',#189445,4.);
#189447=EDGE_CURVE('',#189441,#188938,#189446,.T.);
#189448=B_SPLINE_CURVE_WITH_KNOTS('',4,(#189449,#189450,#189451,#189452,#189453),.UNSPECIFIED.,.F.,.U.,(5,5),(0.,3.15906470995),.UNSPECIFIED.);
#189449=CARTESIAN_POINT('Control Point',(8870.603223440001,-2676.11453189,253.398099188));
#189450=CARTESIAN_POINT('Control Point',(8870.221569560001,-2676.50948544,253.499179937));
#189451=CARTESIAN_POINT('Control Point',(8869.86514691,-2676.94545428,253.537537007));
#189452=CARTESIAN_POINT('Control Point',(8869.548979249999,-2677.41588053,253.491463547));
#189453=CARTESIAN_POINT('Control Point',(8869.283344179999,-2677.8865949,253.351206553));
#189454=EDGE_CURVE('',#188936,#189439,#189448,.T.);
#189455=EDGE_LOOP('',(#189456,#189457,#189458,#189459));
#189456=ORIENTED_EDGE('',*,*,#189442,.T.);
#189457=ORIENTED_EDGE('',*,*,#189447,.T.);
#189458=ORIENTED_EDGE('',*,*,#188939,.F.);
#189459=ORIENTED_EDGE('',*,*,#189454,.T.);
#189460=FACE_OUTER_BOUND('',#189455,.T.);
#189461=ADVANCED_FACE('PartBody',(#189460),#189427,.F.);
#189462=B_SPLINE_CURVE_WITH_KNOTS('',5,(#189463,#189464,#189465,#189466,#189467,#189468),.UNSPECIFIED.,.F.,.U.,(6,6),(-6.28318530718,1.95399252334E-013),.UNSPECIFIED.);
#189463=CARTESIAN_POINT('Control Point',(8821.55282605,-2663.89133591,252.701624829));
#189464=CARTESIAN_POINT('Control Point',(8822.57028312,-2663.18013275,252.506412415));
#189465=CARTESIAN_POINT('Control Point',(8823.56949168,-2662.57268186,251.830547428));
#189466=CARTESIAN_POINT('Control Point',(8824.335128819999,-2662.2212275,250.706119612));
#189467=CARTESIAN_POINT('Control Point',(8824.68445975,-2662.20965136,249.401496401));
#189468=CARTESIAN_POINT('Control Point',(8824.635431860001,-2662.47631149,248.17445714));
#189469=CARTESIAN_POINT('Axis1P Location',(8818.96776559,-2666.43801392,249.261872864));
#189470=DIRECTION('Axis1P Direction',(0.03901515655488039,0.2122013840728933,0.9764468189085092));
#189471=AXIS1_PLACEMENT('Revolution Surface Axis1P',#189469,#189470);
#189472=SURFACE_OF_REVOLUTION('homeo Torus',#189462,#189471);
#189473=B_SPLINE_CURVE_WITH_KNOTS('',5,(#189474,#189475,#189476,#189477,#189478,#189479),.UNSPECIFIED.,.F.,.U.,(6,6),(0.,6.77657973196),.UNSPECIFIED.);
#189474=CARTESIAN_POINT('Control Point',(8814.742109979999,-2667.22062394,253.325909021));
#189475=CARTESIAN_POINT('Control Point',(8814.689495750001,-2668.31885962,253.369834346));
#189476=CARTESIAN_POINT('Control Point',(8815.125020359999,-2669.49386425,253.413247951));
#189477=CARTESIAN_POINT('Control Point',(8815.99457194,-2670.43882456,253.44437041));
#189478=CARTESIAN_POINT('Control Point',(8817.123875400001,-2671.00908023,253.458748294));
#189479=CARTESIAN_POINT('Control Point',(8818.306262030001,-2671.16887157,253.456464577));
#189480=CARTESIAN_POINT('Vertex',(8814.742109979999,-2667.22062394,253.325909021));
#189481=VERTEX_POINT('',#189480);
#189482=EDGE_CURVE('',#189481,#189441,#189473,.T.);
#189483=B_SPLINE_CURVE_WITH_KNOTS('',3,(#189484,#189485,#189486,#189487),.UNSPECIFIED.,.F.,.U.,(4,4),(0.,0.889714603205),.UNSPECIFIED.);
#189484=CARTESIAN_POINT('Control Point',(8814.742109979999,-2667.22062394,253.325909021));
#189485=CARTESIAN_POINT('Control Point',(8814.753623070001,-2666.98030695,253.31629724));
#189486=CARTESIAN_POINT('Control Point',(8814.735576929999,-2666.73371136,253.284485089));
#189487=CARTESIAN_POINT('Control Point',(8814.68635389,-2666.49669003,253.23494239));
#189488=CARTESIAN_POINT('Vertex',(8814.68635389,-2666.49669003,253.23494239));
#189489=VERTEX_POINT('',#189488);
#189490=EDGE_CURVE('',#189481,#189489,#189483,.T.);
#189491=B_SPLINE_CURVE_WITH_KNOTS('',3,(#189492,#189493,#189494,#189495),.UNSPECIFIED.,.F.,.U.,(4,4),(0.,2.05241568992),.UNSPECIFIED.);
#189492=CARTESIAN_POINT('Control Point',(8814.666764600001,-2664.83554942,252.874726094));
#189493=CARTESIAN_POINT('Control Point',(8814.566118909999,-2665.382956,252.997709894));
#189494=CARTESIAN_POINT('Control Point',(8814.57280498,-2665.94992334,253.120656064));
#189495=CARTESIAN_POINT('Control Point',(8814.68635389,-2666.49669003,253.23494239));
#189496=CARTESIAN_POINT('Vertex',(8814.666764600001,-2664.83554942,252.874726094));
#189497=VERTEX_POINT('',#189496);
#189498=EDGE_CURVE('',#189497,#189489,#189491,.T.);
#189499=CARTESIAN_POINT('Axis2P3D Location',(8816.017221460001,-2665.89552951,249.261872864));
#189500=DIRECTION('Axis2P3D Direction',(-0.1765690566709794,-0.9603498104248881,0.2157582208009748));
#189501=AXIS2_PLACEMENT_3D('Circle Axis2P3D',#189499,#189500,$);
#189502=CIRCLE('generated circle',#189501,4.);
#189503=EDGE_CURVE('',#189497,#188945,#189502,.F.);
#189504=EDGE_LOOP('',(#189505,#189506,#189507,#189508,#189509,#189510));
#189505=ORIENTED_EDGE('',*,*,#189482,.F.);
#189506=ORIENTED_EDGE('',*,*,#189490,.T.);
#189507=ORIENTED_EDGE('',*,*,#189498,.F.);
#189508=ORIENTED_EDGE('',*,*,#189503,.T.);
#189509=ORIENTED_EDGE('',*,*,#188946,.F.);
#189510=ORIENTED_EDGE('',*,*,#189447,.F.);
#189511=FACE_OUTER_BOUND('',#189504,.T.);
#189512=ADVANCED_FACE('PartBody',(#189511),#189472,.T.);
#189513=CARTESIAN_POINT('Axis2P3D Location',(8821.9708037,-2633.51430889,241.986904438));
#189514=DIRECTION('Axis2P3D Direction',(0.1765690566310395,0.9603498104322149,-0.2157582208010483));
#189515=DIRECTION('Axis2P3D XDirection',(-0.9835147105149434,0.1808281344279896,1.693110681059903e-15));
#189516=AXIS2_PLACEMENT_3D('Cylinder Axis2P3D',#189513,#189514,#189515);
#189517=CYLINDRICAL_SURFACE('generated cylinder',#189516,4.);
#189518=CARTESIAN_POINT('Line Origine',(8820.62034684,-2632.4543288,245.599757668));
#189519=DIRECTION('Vector Direction',(0.1765690566310395,0.9603498104322149,-0.2157582208010483));
#189520=VECTOR('Line Direction',#189519,1.);
#189521=LINE('Line',#189518,#189520);
#189522=CARTESIAN_POINT('Vertex',(8818.350867700001,-2644.79790648,248.372943364));
#189523=VERTEX_POINT('',#189522);
#189524=EDGE_CURVE('',#189497,#189523,#189521,.T.);
#189525=B_SPLINE_CURVE_WITH_KNOTS('',5,(#189526,#189527,#189528,#189529,#189530,#189531,#189532,#189533,#189534,#189535,#189536,#189537,#189538,#189539,#189540),.UNSPECIFIED.,.F.,.U.,(6,3,3,3,6),(0.,2.06181711801,3.76585435434,4.66177814728,9.17653276803),.UNSPECIFIED.);
#189526=CARTESIAN_POINT('Control Point',(8818.350867700001,-2644.79790647,248.372943364));
#189527=CARTESIAN_POINT('Control Point',(8818.40235258,-2644.5178829,248.310031509));
#189528=CARTESIAN_POINT('Control Point',(8818.442672290001,-2644.2331856,248.241574965));
#189529=CARTESIAN_POINT('Control Point',(8818.463879229999,-2643.93958733,248.163885261));
#189530=CARTESIAN_POINT('Control Point',(8818.392971879999,-2643.41974166,247.983930197));
#189531=CARTESIAN_POINT('Control Point',(8818.16969126,-2642.99054102,247.736660871));
#189532=CARTESIAN_POINT('Control Point',(8818.04635515,-2642.8217065,247.611131128));
#189533=CARTESIAN_POINT('Control Point',(8817.846542310001,-2642.59332202,247.400650749));
#189534=CARTESIAN_POINT('Control Point',(8817.63968196,-2642.40474143,247.161661776));
#189535=CARTESIAN_POINT('Control Point',(8817.568299680001,-2642.34402572,247.075839752));
#189536=CARTESIAN_POINT('Control Point',(8817.141794839999,-2642.00286807,246.538964858));
#189537=CARTESIAN_POINT('Control Point',(8816.756653689999,-2641.8048934,245.888597343));
#189538=CARTESIAN_POINT('Control Point',(8816.52356924,-2641.71766505,245.280632966));
#189539=CARTESIAN_POINT('Control Point',(8816.396759310001,-2641.71079148,244.641081392));
#189540=CARTESIAN_POINT('Control Point',(8816.38542916,-2641.7724156,244.004726503));
#189541=EDGE_CURVE('',#189523,#188891,#189525,.T.);
#189542=EDGE_LOOP('',(#189543,#189544,#189545,#189546,#189547,#189548,#189549));
#189543=ORIENTED_EDGE('',*,*,#189524,.T.);
#189544=ORIENTED_EDGE('',*,*,#189541,.T.);
#189545=ORIENTED_EDGE('',*,*,#188916,.T.);
#189546=ORIENTED_EDGE('',*,*,#189105,.T.);
#189547=ORIENTED_EDGE('',*,*,#188960,.F.);
#189548=ORIENTED_EDGE('',*,*,#188953,.F.);
#189549=ORIENTED_EDGE('',*,*,#189503,.F.);
#189550=FACE_OUTER_BOUND('',#189542,.T.);
#189551=ADVANCED_FACE('PartBody',(#189550),#189517,.F.);
#189552=CARTESIAN_POINT('Axis2P3D Location',(8877.16482951,-2682.00039844,260.688380719));
#189553=DIRECTION('Axis2P3D Direction',(-0.008708070385447011,-0.04736273672998374,-0.9988397973046572));
#189554=DIRECTION('Axis2P3D XDirection',(-0.989482956531654,0.1446386971679494,0.001768053996749381));
#189555=AXIS2_PLACEMENT_3D('Cylinder Axis2P3D',#189552,#189553,#189554);
#189556=CYLINDRICAL_SURFACE('generated cylinder',#189555,9.);
#189557=B_SPLINE_CURVE_WITH_KNOTS('',3,(#189558,#189559,#189560,#189561),.UNSPECIFIED.,.F.,.U.,(4,4),(0.954357382963,5.70393720197),.UNSPECIFIED.);
#189558=CARTESIAN_POINT('Control Point',(8869.28334317,-2677.88659496,253.351206556));
#189559=CARTESIAN_POINT('Control Point',(8868.72894624,-2678.85823966,253.393770649));
#189560=CARTESIAN_POINT('Control Point',(8868.35824802,-2679.93418258,253.439130798));
#189561=CARTESIAN_POINT('Control Point',(8868.196536719999,-2681.04101112,253.484192063));
#189562=CARTESIAN_POINT('Vertex',(8868.196536719999,-2681.04101112,253.484192063));
#189563=VERTEX_POINT('',#189562);
#189564=EDGE_CURVE('',#189439,#189563,#189557,.T.);
#189565=CARTESIAN_POINT('Line Origine',(8871.77698696,-2674.79731755,260.393799033));
#189566=DIRECTION('Vector Direction',(-0.008708070385467009,-0.04736273672998373,-0.998839797304657));
#189567=VECTOR('Line Direction',#189566,1.);
#189568=LINE('Line',#189565,#189567);
#189569=EDGE_CURVE('',#189027,#188392,#189568,.F.);
#189570=CARTESIAN_POINT('Line Origine',(8868.259482900001,-2680.69865016,260.704293205));
#189571=DIRECTION('Vector Direction',(-0.008708070385467009,-0.04736273672998373,-0.998839797304657));
#189572=VECTOR('Line Direction',#189571,1.);
#189573=LINE('Line',#189570,#189572);
#189574=EDGE_CURVE('',#189563,#188377,#189573,.F.);
#189575=EDGE_LOOP('',(#189576,#189577,#189578,#189579,#189580,#189581));
#189576=ORIENTED_EDGE('',*,*,#189564,.F.);
#189577=ORIENTED_EDGE('',*,*,#189454,.F.);
#189578=ORIENTED_EDGE('',*,*,#189036,.F.);
#189579=ORIENTED_EDGE('',*,*,#189569,.T.);
#189580=ORIENTED_EDGE('',*,*,#188393,.T.);
#189581=ORIENTED_EDGE('',*,*,#189574,.F.);
#189582=FACE_OUTER_BOUND('',#189575,.T.);
#189583=ADVANCED_FACE('PartBody',(#189582),#189556,.F.);
#189584=CARTESIAN_POINT('Axis2P3D Location',(8882.483444539999,-2666.80828923,259.921636397));
#189585=DIRECTION('Axis2P3D Direction',(-0.5986491720412135,0.8003423210822854,-0.03273129846171167));
#189586=DIRECTION('Axis2P3D XDirection',(-0.800964005636233,-0.5976695912071739,0.03532310039351028));
#189587=AXIS2_PLACEMENT_3D('Plane Axis2P3D',#189584,#189585,#189586);
#189588=PLANE('',#189587);
#189589=CARTESIAN_POINT('Line Origine',(8882.43213284,-2667.08737088,254.036041956));
#189590=DIRECTION('Vector Direction',(0.008708070385367016,0.04736273672998377,0.9988397973046579));
#189591=VECTOR('Line Direction',#189590,1.);
#189592=LINE('Line',#189589,#189591);
#189593=EDGE_CURVE('',#189020,#188399,#189592,.T.);
#189594=EDGE_LOOP('',(#189595,#189596,#189597,#189598));
#189595=ORIENTED_EDGE('',*,*,#189593,.T.);
#189596=ORIENTED_EDGE('',*,*,#188400,.T.);
#189597=ORIENTED_EDGE('',*,*,#189569,.F.);
#189598=ORIENTED_EDGE('',*,*,#189028,.F.);
#189599=FACE_OUTER_BOUND('',#189594,.T.);
#189600=ADVANCED_FACE('PartBody',(#189599),#189588,.F.);
#189601=CARTESIAN_POINT('Axis2P3D Location',(8874.70100531,-2656.40383905,259.496129517));
#189602=DIRECTION('Axis2P3D Direction',(-0.008708070385447011,-0.04736273672998374,-0.9988397973046572));
#189603=DIRECTION('Axis2P3D XDirection',(0.9835147105149434,-0.1808281344279896,-1.927126283959889e-16));
#189604=AXIS2_PLACEMENT_3D('Cylinder Axis2P3D',#189601,#189602,#189603);
#189605=CYLINDRICAL_SURFACE('generated cylinder',#189604,13.);
#189606=CARTESIAN_POINT('Line Origine',(8887.48669654,-2658.7546048,259.496129517));
#189607=DIRECTION('Vector Direction',(-0.008708070385467009,-0.04736273672998373,-0.998839797304657));
#189608=VECTOR('Line Direction',#189607,1.);
#189609=LINE('Line',#189606,#189608);
#189610=EDGE_CURVE('',#189007,#188412,#189609,.F.);
#189611=EDGE_LOOP('',(#189612,#189613,#189614,#189615));
#189612=ORIENTED_EDGE('',*,*,#189021,.T.);
#189613=ORIENTED_EDGE('',*,*,#189610,.T.);
#189614=ORIENTED_EDGE('',*,*,#188413,.F.);
#189615=ORIENTED_EDGE('',*,*,#189593,.F.);
#189616=FACE_OUTER_BOUND('',#189611,.T.);
#189617=ADVANCED_FACE('PartBody',(#189616),#189605,.T.);
#189618=CARTESIAN_POINT('Axis2P3D Location',(8887.48669654,-2658.7546048,259.496129517));
#189619=DIRECTION('Axis2P3D Direction',(0.9835147105149434,-0.1808281344279896,-2.289834988289869e-16));
#189620=DIRECTION('Axis2P3D XDirection',(0.180618337138982,0.9823736340969018,-0.04815661242649519));
#189621=AXIS2_PLACEMENT_3D('Plane Axis2P3D',#189618,#189619,#189620);
#189622=PLANE('',#189621);
#189623=EDGE_LOOP('',(#189624,#189625,#189626,#189627,#189628,#189629,#189630,#189631,#189632,#189633));
#189624=ORIENTED_EDGE('',*,*,#189610,.F.);
#189625=ORIENTED_EDGE('',*,*,#189008,.T.);
#189626=ORIENTED_EDGE('',*,*,#189346,.F.);
#189627=ORIENTED_EDGE('',*,*,#189322,.F.);
#189628=ORIENTED_EDGE('',*,*,#189294,.T.);
#189629=ORIENTED_EDGE('',*,*,#188299,.T.);
#189630=ORIENTED_EDGE('',*,*,#189369,.F.);
#189631=ORIENTED_EDGE('',*,*,#189392,.T.);
#189632=ORIENTED_EDGE('',*,*,#189416,.T.);
#189633=ORIENTED_EDGE('',*,*,#188420,.F.);
#189634=FACE_OUTER_BOUND('',#189623,.T.);
#189635=ADVANCED_FACE('PartBody',(#189634),#189622,.T.);
#189636=CARTESIAN_POINT('Axis2P3D Location',(8823.411651070001,-2642.26795457,273.684811835));
#189637=DIRECTION('Axis2P3D Direction',(0.03901515655488039,0.2122013840728933,0.9764468189085092));
#189638=DIRECTION('Axis2P3D XDirection',(0.1765690566310395,0.9603498104322149,-0.2157582208010483));
#189639=AXIS2_PLACEMENT_3D('Cylinder Axis2P3D',#189636,#189637,#189638);
#189640=CYLINDRICAL_SURFACE('generated cylinder',#189639,9.);
#189641=CARTESIAN_POINT('Line Origine',(8814.56001868,-2640.64050136,273.684811835));
#189642=DIRECTION('Vector Direction',(0.03901515655488039,0.2122013840728933,0.9764468189085092));
#189643=VECTOR('Line Direction',#189642,1.);
#189644=LINE('Line',#189641,#189643);
#189645=CARTESIAN_POINT('Vertex',(8813.9806436,-2643.79169192,259.184576575));
#189646=VERTEX_POINT('',#189645);
#189647=EDGE_CURVE('',#189646,#188074,#189644,.T.);
#189648=CARTESIAN_POINT('Axis2P3D Location',(8822.832275999999,-2645.41914513,259.184576575));
#189649=DIRECTION('Axis2P3D Direction',(0.03901515655488039,0.2122013840728933,0.9764468189085092));
#189650=AXIS2_PLACEMENT_3D('Circle Axis2P3D',#189648,#189649,$);
#189651=CIRCLE('generated circle',#189650,9.);
#189652=EDGE_CURVE('',#188516,#189646,#189651,.T.);
#189653=EDGE_LOOP('',(#189654,#189655,#189656,#189657));
#189654=ORIENTED_EDGE('',*,*,#188517,.T.);
#189655=ORIENTED_EDGE('',*,*,#188091,.T.);
#189656=ORIENTED_EDGE('',*,*,#189647,.F.);
#189657=ORIENTED_EDGE('',*,*,#189652,.F.);
#189658=FACE_OUTER_BOUND('',#189653,.T.);
#189659=ADVANCED_FACE('PartBody',(#189658),#189640,.F.);
#189660=CARTESIAN_POINT('Axis2P3D Location',(8806.495516790001,-2684.50290286,261.879048668));
#189661=DIRECTION('Axis2P3D Direction',(0.9835147105149434,-0.1808281344279896,-5.55111512312968e-17));
#189662=DIRECTION('Axis2P3D XDirection',(0.1765690566310395,0.9603498104322149,-0.2157582208010483));
#189663=AXIS2_PLACEMENT_3D('Plane Axis2P3D',#189660,#189661,#189662);
#189664=PLANE('',#189663);
#189665=CARTESIAN_POINT('Line Origine',(8809.361954309999,-2668.91250003,277.618332359));
#189666=DIRECTION('Vector Direction',(-0.009365618799519106,-0.05093910796339514,-0.9986578455429046));
#189667=VECTOR('Line Direction',#189666,1.);
#189668=LINE('Line',#189665,#189667);
#189669=CARTESIAN_POINT('Vertex',(8809.480542179999,-2668.26750683,290.263381375));
#189670=VERTEX_POINT('',#189669);
#189671=CARTESIAN_POINT('Vertex',(8809.24336644,-2669.55749322,264.973283343));
#189672=VERTEX_POINT('',#189671);
#189673=EDGE_CURVE('',#189670,#189672,#189668,.T.);
#189674=CARTESIAN_POINT('Line Origine',(8811.612005020001,-2656.67459257,262.078929959));
#189675=DIRECTION('Vector Direction',(0.1765690566310395,0.9603498104322149,-0.2157582208010483));
#189676=VECTOR('Line Direction',#189675,1.);
#189677=LINE('Line',#189674,#189676);
#189678=EDGE_CURVE('',#189646,#189672,#189677,.F.);
#189679=CARTESIAN_POINT('Line Origine',(8809.525677969999,-2668.02201562,290.24915434));
#189680=DIRECTION('Vector Direction',(0.1805351139189484,0.9819209873857194,-0.05690559879068374));
#189681=VECTOR('Line Direction',#189680,1.);
#189682=LINE('Line',#189679,#189681);
#189683=EDGE_CURVE('',#189670,#187943,#189682,.T.);
#189684=EDGE_LOOP('',(#189685,#189686,#189687,#189688,#189689,#189690));
#189685=ORIENTED_EDGE('',*,*,#189673,.T.);
#189686=ORIENTED_EDGE('',*,*,#189678,.F.);
#189687=ORIENTED_EDGE('',*,*,#189647,.T.);
#189688=ORIENTED_EDGE('',*,*,#188075,.T.);
#189689=ORIENTED_EDGE('',*,*,#187949,.T.);
#189690=ORIENTED_EDGE('',*,*,#189683,.F.);
#189691=FACE_OUTER_BOUND('',#189684,.T.);
#189692=ADVANCED_FACE('PartBody',(#189691),#189664,.T.);
#189693=CARTESIAN_POINT('Axis2P3D Location',(1.24624295559,6.77824987556,31.1901854819));
#189694=DIRECTION('Axis2P3D Direction',(-0.03901515655488039,-0.2122013840728933,-0.9764468189085092));
#189695=DIRECTION('Axis2P3D XDirection',(0.9835147105149434,-0.1808281344279896,-6.055132651689651e-17));
#189696=AXIS2_PLACEMENT_3D('Plane Axis2P3D',#189693,#189694,#189695);
#189697=PLANE('',#189696);
#189698=CARTESIAN_POINT('Axis2P3D Location',(8822.67621537,-2646.26795066,255.278789299));
#189699=DIRECTION('Axis2P3D Direction',(-0.03901515655488039,-0.2122013840728933,-0.9764468189085092));
#189700=AXIS2_PLACEMENT_3D('Circle Axis2P3D',#189698,#189699,$);
#189701=CIRCLE('generated circle',#189700,4.99999999948);
#189702=CARTESIAN_POINT('Vertex',(8817.758641820001,-2645.36380999,255.278789299));
#189703=VERTEX_POINT('',#189702);
#189704=EDGE_CURVE('',#188651,#189703,#189701,.F.);
#189705=CARTESIAN_POINT('Line Origine',(8815.390003230001,-2658.24671064,258.173142683));
#189706=DIRECTION('Vector Direction',(0.1765690566310395,0.9603498104322149,-0.2157582208010483));
#189707=VECTOR('Line Direction',#189706,1.);
#189708=LINE('Line',#189705,#189707);
#189709=CARTESIAN_POINT('Vertex',(8813.02136465,-2671.1296113,261.067496067));
#189710=VERTEX_POINT('',#189709);
#189711=EDGE_CURVE('',#189703,#189710,#189708,.F.);
#189712=B_SPLINE_CURVE_WITH_KNOTS('',5,(#189713,#189714,#189715,#189716,#189717,#189718,#189719,#189720,#189721),.UNSPECIFIED.,.F.,.U.,(6,3,6),(17.8566648569,21.9380022786,30.1249010522),.UNSPECIFIED.);
#189713=CARTESIAN_POINT('Control Point',(8815.5423854,-2674.61090994,261.723321206));
#189714=CARTESIAN_POINT('Control Point',(8815.22435017,-2674.56419034,261.725875601));
#189715=CARTESIAN_POINT('Control Point',(8814.912493649999,-2674.47529582,261.719017666));
#189716=CARTESIAN_POINT('Control Point',(8814.6144456,-2674.34535523,261.702687865));
#189717=CARTESIAN_POINT('Control Point',(8813.781947879999,-2673.84089729,261.626322574));
#189718=CARTESIAN_POINT('Control Point',(8813.194545959999,-2673.03888554,261.475499794));
#189719=CARTESIAN_POINT('Control Point',(8812.96044347,-2672.41131181,261.348469353));
#189720=CARTESIAN_POINT('Control Point',(8812.906395350001,-2671.7549233,261.207982588));
#189721=CARTESIAN_POINT('Control Point',(8813.02136465,-2671.1296113,261.067496067));
#189722=CARTESIAN_POINT('Vertex',(8815.5423854,-2674.61090994,261.723321206));
#189723=VERTEX_POINT('',#189722);
#189724=EDGE_CURVE('',#189710,#189723,#189712,.F.);
#189725=CARTESIAN_POINT('Line Origine',(8815.74908677,-2674.64127418,261.72166095));
#189726=DIRECTION('Vector Direction',(0.9893502926310512,-0.1453370501280075,-0.007946089034400411));
#189727=VECTOR('Line Direction',#189726,1.);
#189728=LINE('Line',#189725,#189727);
#189729=EDGE_CURVE('',#189723,#188590,#189728,.T.);
#189730=EDGE_LOOP('',(#189731,#189732,#189733,#189734,#189735,#189736));
#189731=ORIENTED_EDGE('',*,*,#188591,.F.);
#189732=ORIENTED_EDGE('',*,*,#188656,.F.);
#189733=ORIENTED_EDGE('',*,*,#189704,.T.);
#189734=ORIENTED_EDGE('',*,*,#189711,.T.);
#189735=ORIENTED_EDGE('',*,*,#189724,.T.);
#189736=ORIENTED_EDGE('',*,*,#189729,.T.);
#189737=FACE_OUTER_BOUND('',#189730,.T.);
#189738=ADVANCED_FACE('PartBody',(#189737),#189697,.F.);
#189739=CARTESIAN_POINT('Axis2P3D Location',(8816.275795269999,-2670.01927311,280.735984664));
#189740=DIRECTION('Axis2P3D Direction',(-0.009365618799549101,-0.05093910796339512,-0.9986578455429042));
#189741=DIRECTION('Axis2P3D XDirection',(-0.1447398876950554,-0.9881150727503782,0.05175874721761981));
#189742=AXIS2_PLACEMENT_3D('Cylinder Axis2P3D',#189739,#189740,#189741);
#189743=CYLINDRICAL_SURFACE('generated cylinder',#189742,7.);
#189744=B_SPLINE_CURVE_WITH_KNOTS('',5,(#189745,#189746,#189747,#189748,#189749,#189750),.UNSPECIFIED.,.F.,.U.,(6,6),(0.,15.9097262857),.UNSPECIFIED.);
#189745=CARTESIAN_POINT('Control Point',(8815.3523014,-2676.44828472,290.66146289));
#189746=CARTESIAN_POINT('Control Point',(8813.12612284,-2676.12194868,290.66611389));
#189747=CARTESIAN_POINT('Control Point',(8811.02789114,-2674.9049899,290.61951931));
#189748=CARTESIAN_POINT('Control Point',(8809.55403447,-2672.85145218,290.519592241));
#189749=CARTESIAN_POINT('Control Point',(8809.074342669999,-2670.47680457,290.391417554));
#189750=CARTESIAN_POINT('Control Point',(8809.480542179999,-2668.26750683,290.263381375));
#189751=CARTESIAN_POINT('Vertex',(8815.3523014,-2676.44828472,290.66146289));
#189752=VERTEX_POINT('',#189751);
#189753=EDGE_CURVE('',#189752,#189670,#189744,.T.);
#189754=CARTESIAN_POINT('Line Origine',(8815.26261605,-2676.93607861,281.098295895));
#189755=DIRECTION('Vector Direction',(-0.009365618799529104,-0.05093910796339512,-0.9986578455429044));
#189756=VECTOR('Line Direction',#189755,1.);
#189757=LINE('Line',#189754,#189756);
#189758=CARTESIAN_POINT('Vertex',(8815.119484450001,-2677.71456389,265.836143449));
#189759=VERTEX_POINT('',#189758);
#189760=EDGE_CURVE('',#189752,#189759,#189757,.T.);
#189761=B_SPLINE_CURVE_WITH_KNOTS('',5,(#189762,#189763,#189764,#189765,#189766,#189767),.UNSPECIFIED.,.F.,.U.,(6,6),(17.8566648569,30.1249010522),.UNSPECIFIED.);
#189762=CARTESIAN_POINT('Control Point',(8815.119484450001,-2677.71456389,265.836143449));
#189763=CARTESIAN_POINT('Control Point',(8812.888761149999,-2677.38727659,265.846245648));
#189764=CARTESIAN_POINT('Control Point',(8810.78420301,-2676.16775933,265.744724501));
#189765=CARTESIAN_POINT('Control Point',(8809.31723814,-2674.11413413,265.52722924));
#189766=CARTESIAN_POINT('Control Point',(8808.83936159,-2671.75485434,265.250264179));
#189767=CARTESIAN_POINT('Control Point',(8809.24336644,-2669.55749322,264.973283343));
#189768=EDGE_CURVE('',#189672,#189759,#189761,.F.);
#189769=EDGE_LOOP('',(#189770,#189771,#189772,#189773));
#189770=ORIENTED_EDGE('',*,*,#189753,.F.);
#189771=ORIENTED_EDGE('',*,*,#189760,.T.);
#189772=ORIENTED_EDGE('',*,*,#189768,.F.);
#189773=ORIENTED_EDGE('',*,*,#189673,.F.);
#189774=FACE_OUTER_BOUND('',#189769,.T.);
#189775=ADVANCED_FACE('PartBody',(#189774),#189743,.F.);
#189776=CARTESIAN_POINT('Axis2P3D Location',(8848.26315965,-2678.54590945,265.367560855));
#189777=DIRECTION('Axis2P3D Direction',(0.9893502926310515,-0.1453370501280075,-0.007946089034360412));
#189778=DIRECTION('Axis2P3D XDirection',(-0.1447398876950554,-0.9881150727503782,0.05175874721761981));
#189779=AXIS2_PLACEMENT_3D('Cylinder Axis2P3D',#189776,#189777,#189778);
#189780=CYLINDRICAL_SURFACE('generated cylinder',#189779,4.);
#189781=B_SPLINE_CURVE_WITH_KNOTS('',4,(#189782,#189783,#189784,#189785,#189786),.UNSPECIFIED.,.F.,.U.,(5,5),(3.19152833446,7.94928251215),.UNSPECIFIED.);
#189782=CARTESIAN_POINT('Control Point',(8867.74258197,-2684.25514529,262.368360522));
#189783=CARTESIAN_POINT('Control Point',(8867.65726652,-2684.84603561,262.960772504));
#189784=CARTESIAN_POINT('Control Point',(8867.596193920001,-2685.27313819,263.721658973));
#189785=CARTESIAN_POINT('Control Point',(8867.569876760001,-2685.4636056,264.574887772));
#189786=CARTESIAN_POINT('Control Point',(8867.577642570001,-2685.42074644,265.414819204));
#189787=CARTESIAN_POINT('Vertex',(8867.577642570001,-2685.42074644,265.414819204));
#189788=VERTEX_POINT('',#189787);
#189789=EDGE_CURVE('',#188765,#189788,#189781,.T.);
#189790=CARTESIAN_POINT('Axis2P3D Location',(8815.698444,-2673.76210361,265.62910839));
#189791=DIRECTION('Axis2P3D Direction',(0.9893502926310515,-0.1453370501280075,-0.007946089034360412));
#189792=AXIS2_PLACEMENT_3D('Circle Axis2P3D',#189790,#189791,$);
#189793=CIRCLE('generated circle',#189792,4.);
#189794=EDGE_CURVE('',#189759,#189723,#189793,.T.);
#189795=CARTESIAN_POINT('Line Origine',(8847.6842001,-2682.49836974,265.574595844));
#189796=DIRECTION('Vector Direction',(0.9893502926310515,-0.1453370501280075,-0.007946089034360412));
#189797=VECTOR('Line Direction',#189796,1.);
#189798=LINE('Line',#189795,#189797);
#189799=EDGE_CURVE('',#189759,#189788,#189798,.T.);
#189800=EDGE_LOOP('',(#189801,#189802,#189803,#189804,#189805,#189806));
#189801=ORIENTED_EDGE('',*,*,#189789,.F.);
#189802=ORIENTED_EDGE('',*,*,#188766,.F.);
#189803=ORIENTED_EDGE('',*,*,#188610,.T.);
#189804=ORIENTED_EDGE('',*,*,#189729,.F.);
#189805=ORIENTED_EDGE('',*,*,#189794,.F.);
#189806=ORIENTED_EDGE('',*,*,#189799,.T.);
#189807=FACE_OUTER_BOUND('',#189800,.T.);
#189808=ADVANCED_FACE('PartBody',(#189807),#189780,.F.);
#189809=CARTESIAN_POINT('Axis2P3D Location',(8822.832275999999,-2645.41914513,259.184576575));
#189810=DIRECTION('Axis2P3D Direction',(-0.03901515655488039,-0.2122013840728933,-0.9764468189085092));
#189811=DIRECTION('Axis2P3D XDirection',(-0.9835147105149434,0.1808281344279896,-4.421154800289746e-14));
#189812=AXIS2_PLACEMENT_3D('Torus Axis2P3D',#189809,#189810,#189811);
#189813=TOROIDAL_SURFACE('homeo Torus',#189812,5.,4.);
#189814=CARTESIAN_POINT('Axis2P3D Location',(8817.91470245,-2644.51500445,259.184576574));
#189815=DIRECTION('Axis2P3D Direction',(-0.1765690567319429,-0.9603498104136894,0.2157582208009302));
#189816=AXIS2_PLACEMENT_3D('Circle Axis2P3D',#189814,#189815,$);
#189817=CIRCLE('generated circle',#189816,4.);
#189818=EDGE_CURVE('',#189646,#189703,#189817,.T.);
#189819=EDGE_LOOP('',(#189820,#189821,#189822,#189823,#189824));
#189820=ORIENTED_EDGE('',*,*,#188652,.T.);
#189821=ORIENTED_EDGE('',*,*,#188525,.F.);
#189822=ORIENTED_EDGE('',*,*,#189652,.T.);
#189823=ORIENTED_EDGE('',*,*,#189818,.T.);
#189824=ORIENTED_EDGE('',*,*,#189704,.F.);
#189825=FACE_OUTER_BOUND('',#189819,.T.);
#189826=ADVANCED_FACE('PartBody',(#189825),#189813,.F.);
#189827=CARTESIAN_POINT('Axis2P3D Location',(8815.75547822,-2656.25891143,261.823036484));
#189828=DIRECTION('Axis2P3D Direction',(0.1765690566310395,0.9603498104322149,-0.2157582208010483));
#189829=DIRECTION('Axis2P3D XDirection',(-0.03901515655478054,-0.2122013840728941,-0.9764468189085128));
#189830=AXIS2_PLACEMENT_3D('Cylinder Axis2P3D',#189827,#189828,#189829);
#189831=CYLINDRICAL_SURFACE('generated cylinder',#189830,4.);
#189832=CARTESIAN_POINT('Axis2P3D Location',(8813.177425280001,-2670.28080576,264.973283343));
#189833=DIRECTION('Axis2P3D Direction',(0.1765690566310395,0.9603498104322149,-0.2157582208010483));
#189834=AXIS2_PLACEMENT_3D('Circle Axis2P3D',#189832,#189833,$);
#189835=CIRCLE('generated circle',#189834,4.);
#189836=EDGE_CURVE('',#189672,#189710,#189835,.F.);
#189837=EDGE_LOOP('',(#189838,#189839,#189840,#189841));
#189838=ORIENTED_EDGE('',*,*,#189678,.T.);
#189839=ORIENTED_EDGE('',*,*,#189836,.T.);
#189840=ORIENTED_EDGE('',*,*,#189711,.F.);
#189841=ORIENTED_EDGE('',*,*,#189818,.F.);
#189842=FACE_OUTER_BOUND('',#189837,.T.);
#189843=ADVANCED_FACE('PartBody',(#189842),#189831,.F.);
#189844=B_SPLINE_SURFACE_WITH_KNOTS('',5,5,((#189845,#189846,#189847,#189848,#189849,#189850,#189851,#189852,#189853),(#189854,#189855,#189856,#189857,#189858,#189859,#189860,#189861,#189862),(#189863,#189864,#189865,#189866,#189867,#189868,#189869,#189870,#189871),(#189872,#189873,#189874,#189875,#189876,#189877,#189878,#189879,#189880),(#189881,#189882,#189883,#189884,#189885,#189886,#189887,#189888,#189889),(#189890,#189891,#189892,#189893,#189894,#189895,#189896,#189897,#189898),(#189899,#189900,#189901,#189902,#189903,#189904,#189905,#189906,#189907),(#189908,#189909,#189910,#189911,#189912,#189913,#189914,#189915,#189916),(#189917,#189918,#189919,#189920,#189921,#189922,#189923,#189924,#189925)),.UNSPECIFIED.,.F.,.F.,.U.,(6,3,6),(6,3,6),(17.8566648569,21.9380022786,30.1249010522),(0.,2.,4.),.UNSPECIFIED.);
#189845=CARTESIAN_POINT('Control Point',(8815.5423854,-2674.61090994,261.723321206));
#189846=CARTESIAN_POINT('Control Point',(8815.463563339999,-2675.154102,261.844516581));
#189847=CARTESIAN_POINT('Control Point',(8815.38859233,-2675.6763494,262.062110461));
#189848=CARTESIAN_POINT('Control Point',(8815.32072225,-2676.15526134,262.371204898));
#189849=CARTESIAN_POINT('Control Point',(8815.204989760001,-2676.98544607,263.14594251));
#189850=CARTESIAN_POINT('Control Point',(8815.136799260001,-2677.5050783,264.159920479));
#189851=CARTESIAN_POINT('Control Point',(8815.11649346,-2677.67329213,264.708367447));
#189852=CARTESIAN_POINT('Control Point',(8815.110846400001,-2677.7427035,265.274812649));
#189853=CARTESIAN_POINT('Control Point',(8815.11948834,-2677.71456564,265.836143501));
#189854=CARTESIAN_POINT('Control Point',(8815.22435017,-2674.56419034,261.725875601));
#189855=CARTESIAN_POINT('Control Point',(8815.085151449999,-2675.09825627,261.847499901));
#189856=CARTESIAN_POINT('Control Point',(8814.94979972,-2675.61139684,262.065433505));
#189857=CARTESIAN_POINT('Control Point',(8814.82402835,-2676.0816179,262.374765173));
#189858=CARTESIAN_POINT('Control Point',(8814.6024,-2676.89603557,263.149777379));
#189859=CARTESIAN_POINT('Control Point',(8814.45568607,-2677.40429424,264.163690526));
#189860=CARTESIAN_POINT('Control Point',(8814.40486423,-2677.56821301,264.712034948));
#189861=CARTESIAN_POINT('Control Point',(8814.378751779999,-2677.63491176,265.278334369));
#189862=CARTESIAN_POINT('Control Point',(8814.37738158,-2677.60568571,265.839504279));
#189863=CARTESIAN_POINT('Control Point',(8814.912493649999,-2674.47529582,261.719017666));
#189864=CARTESIAN_POINT('Control Point',(8814.71400303,-2674.9931569,261.83948935));
#189865=CARTESIAN_POINT('Control Point',(8814.51936848,-2675.49004041,262.056510028));
#189866=CARTESIAN_POINT('Control Point',(8814.33676758,-2675.94456289,262.365204237));
#189867=CARTESIAN_POINT('Control Point',(8814.01125143,-2676.72993607,263.139478774));
#189868=CARTESIAN_POINT('Control Point',(8813.78761128,-2677.21582649,264.15356665));
#189869=CARTESIAN_POINT('Control Point',(8813.706934149999,-2677.37072534,264.702186985));
#189870=CARTESIAN_POINT('Control Point',(8813.660850869999,-2677.43093537,265.268878559));
#189871=CARTESIAN_POINT('Control Point',(8813.649781849999,-2677.39790904,265.83048138));
#189872=CARTESIAN_POINT('Control Point',(8814.6144456,-2674.34535523,261.702687865));
#189873=CARTESIAN_POINT('Control Point',(8814.358806140001,-2674.84010922,261.820422559));
#189874=CARTESIAN_POINT('Control Point',(8814.107045029999,-2675.31376174,262.035275936));
#189875=CARTESIAN_POINT('Control Point',(8813.869743220001,-2675.74575117,262.342456775));
#189876=CARTESIAN_POINT('Control Point',(8813.444454639999,-2676.48913704,263.114979036));
#189877=CARTESIAN_POINT('Control Point',(8813.147536640001,-2676.94196052,264.129478059));
#189878=CARTESIAN_POINT('Control Point',(8813.038666160001,-2677.08324927,264.678750744));
#189879=CARTESIAN_POINT('Control Point',(8812.97406364,-2677.13331129,265.246369884));
#189880=CARTESIAN_POINT('Control Point',(8812.95449272,-2677.09386665,265.808996478));
#189881=CARTESIAN_POINT('Control Point',(8813.781947879999,-2673.84089729,261.626322574));
#189882=CARTESIAN_POINT('Control Point',(8813.363962920001,-2674.24640541,261.731147934));
#189883=CARTESIAN_POINT('Control Point',(8812.9499617,-2674.63022984,261.935769148));
#189884=CARTESIAN_POINT('Control Point',(8812.55762985,-2674.97496026,262.235804239));
#189885=CARTESIAN_POINT('Control Point',(8811.85080676,-2675.55546037,263.000066237));
#189886=CARTESIAN_POINT('Control Point',(8811.35049388,-2675.87943521,264.016559701));
#189887=CARTESIAN_POINT('Control Point',(8811.16477417,-2675.96751087,264.568952415));
#189888=CARTESIAN_POINT('Control Point',(8811.05166157,-2675.97770449,265.14100288));
#189889=CARTESIAN_POINT('Control Point',(8811.012728379999,-2675.91283543,265.708523761));
#189890=CARTESIAN_POINT('Control Point',(8813.194545959999,-2673.03888554,261.475499794));
#189891=CARTESIAN_POINT('Control Point',(8812.651889479999,-2673.30044215,261.554025317));
#189892=CARTESIAN_POINT('Control Point',(8812.11342946,-2673.5391471,261.737717229));
#189893=CARTESIAN_POINT('Control Point',(8811.60334116,-2673.74297485,262.023122246));
#189894=CARTESIAN_POINT('Control Point',(8810.68722989,-2674.06127562,262.770567178));
#189895=CARTESIAN_POINT('Control Point',(8810.048193860001,-2674.18063601,263.791530164));
#189896=CARTESIAN_POINT('Control Point',(8809.81533166,-2674.18541083,264.350604108));
#189897=CARTESIAN_POINT('Control Point',(8809.67994475,-2674.13489812,264.932107559));
#189898=CARTESIAN_POINT('Control Point',(8809.64356024,-2674.03364331,265.510088193));
#189899=CARTESIAN_POINT('Control Point',(8812.96044347,-2672.41131181,261.348469353));
#189900=CARTESIAN_POINT('Control Point',(8812.359225169999,-2672.55679312,261.404111205));
#189901=CARTESIAN_POINT('Control Point',(8811.762385690001,-2672.67842207,261.569520166));
#189902=CARTESIAN_POINT('Control Point',(8811.197995889999,-2672.76891273,261.842133726));
#189903=CARTESIAN_POINT('Control Point',(8810.189095219999,-2672.87785163,262.574958417));
#189904=CARTESIAN_POINT('Control Point',(8809.498957010001,-2672.83830762,263.600167864));
#189905=CARTESIAN_POINT('Control Point',(8809.253518310001,-2672.78022094,264.165340361));
#189906=CARTESIAN_POINT('Control Point',(8809.11973278,-2672.68642555,264.755442676));
#189907=CARTESIAN_POINT('Control Point',(8809.098535970001,-2672.56270985,265.342955913));
#189908=CARTESIAN_POINT('Control Point',(8812.906395350001,-2671.7549233,261.207982588));
#189909=CARTESIAN_POINT('Control Point',(8812.278897480001,-2671.77126291,261.236605977));
#189910=CARTESIAN_POINT('Control Point',(8811.65598702,-2671.76260546,261.380256407));
#189911=CARTESIAN_POINT('Control Point',(8811.06854432,-2671.72781174,261.637616948));
#189912=CARTESIAN_POINT('Control Point',(8810.025036090001,-2671.60889794,262.353200444));
#189913=CARTESIAN_POINT('Control Point',(8809.329417090001,-2671.40637152,263.384247891));
#189914=CARTESIAN_POINT('Control Point',(8809.0900927,-2671.28790542,263.957279019));
#189915=CARTESIAN_POINT('Control Point',(8808.971614620001,-2671.15819135,264.558387153));
#189916=CARTESIAN_POINT('Control Point',(8808.973763960001,-2671.02384688,265.158119535));
#189917=CARTESIAN_POINT('Control Point',(8813.02136465,-2671.1296113,261.067496067));
#189918=CARTESIAN_POINT('Control Point',(8812.40340413,-2671.01599363,261.067496067));
#189919=CARTESIAN_POINT('Control Point',(8811.790246050001,-2670.87620074,261.187933334));
#189920=CARTESIAN_POINT('Control Point',(8811.21371545,-2670.71604328,261.4289889));
#189921=CARTESIAN_POINT('Control Point',(8810.196092869999,-2670.37227897,262.126312666));
#189922=CARTESIAN_POINT('Control Point',(8809.535195070001,-2670.01756963,263.164284464));
#189923=CARTESIAN_POINT('Control Point',(8809.31564719,-2669.84645923,263.746234362));
#189924=CARTESIAN_POINT('Control Point',(8809.218852489999,-2669.69082329,264.359763712));
#189925=CARTESIAN_POINT('Control Point',(8809.24336644,-2669.55749322,264.973283343));
#189926=EDGE_LOOP('',(#189927,#189928,#189929,#189930));
#189927=ORIENTED_EDGE('',*,*,#189768,.T.);
#189928=ORIENTED_EDGE('',*,*,#189794,.T.);
#189929=ORIENTED_EDGE('',*,*,#189724,.F.);
#189930=ORIENTED_EDGE('',*,*,#189836,.F.);
#189931=FACE_OUTER_BOUND('',#189926,.T.);
#189932=ADVANCED_FACE('PartBody',(#189931),#189844,.T.);
#189933=CARTESIAN_POINT('Axis2P3D Location',(8815.731526129999,-2672.9795243,213.534765788));
#189934=DIRECTION('Axis2P3D Direction',(0.007283553753240015,0.03961486570580008,0.999188476845002));
#189935=DIRECTION('Axis2P3D XDirection',(-0.9835147105149434,0.1808281344279896,-5.169822903109703e-14));
#189936=AXIS2_PLACEMENT_3D('Cylinder Axis2P3D',#189933,#189934,#189935);
#189937=CYLINDRICAL_SURFACE('generated cylinder',#189936,7.);
#189938=B_SPLINE_CURVE_WITH_KNOTS('',5,(#189939,#189940,#189941,#189942,#189943,#189944),.UNSPECIFIED.,.F.,.U.,(6,6),(0.,15.9202813961),.UNSPECIFIED.);
#189939=CARTESIAN_POINT('Control Point',(8814.780400809999,-2679.60028881,221.402859823));
#189940=CARTESIAN_POINT('Control Point',(8812.55238316,-2679.27619791,221.405961893));
#189941=CARTESIAN_POINT('Control Point',(8810.451670279999,-2678.05934252,221.375843515));
#189942=CARTESIAN_POINT('Control Point',(8808.97576684,-2676.00327732,221.311129788));
#189943=CARTESIAN_POINT('Control Point',(8808.49554643,-2673.62484691,221.228089107));
#189944=CARTESIAN_POINT('Control Point',(8808.90239874,-2671.4119986,221.145138555));
#189945=CARTESIAN_POINT('Vertex',(8814.780400809999,-2679.60028881,221.402859823));
#189946=VERTEX_POINT('',#189945);
#189947=CARTESIAN_POINT('Vertex',(8808.90239874,-2671.41199861,221.145138555));
#189948=VERTEX_POINT('',#189947);
#189949=EDGE_CURVE('',#189946,#189948,#189938,.T.);
#189950=CARTESIAN_POINT('Line Origine',(8808.846923159999,-2671.71372736,213.534765788));
#189951=DIRECTION('Vector Direction',(0.007283553753240015,0.03961486570580008,0.999188476845002));
#189952=VECTOR('Line Direction',#189951,1.);
#189953=LINE('Line',#189950,#189952);
#189954=CARTESIAN_POINT('Vertex',(8809.10898384,-2670.28839307,249.485350759));
#189955=VERTEX_POINT('',#189954);
#189956=EDGE_CURVE('',#189948,#189955,#189953,.T.);
#189957=CARTESIAN_POINT('Axis2P3D Location',(8815.993586819999,-2671.55419001,249.485350759));
#189958=DIRECTION('Axis2P3D Direction',(0.007283553753240015,0.03961486570580008,0.999188476845002));
#189959=AXIS2_PLACEMENT_3D('Circle Axis2P3D',#189957,#189958,$);
#189960=CIRCLE('generated circle',#189959,7.);
#189961=CARTESIAN_POINT('Vertex',(8814.987161110001,-2678.47573041,249.767105658));
#189962=VERTEX_POINT('',#189961);
#189963=EDGE_CURVE('',#189955,#189962,#189960,.T.);
#189964=CARTESIAN_POINT('Line Origine',(8814.72510043,-2679.9010647,213.816520688));
#189965=DIRECTION('Vector Direction',(0.007283553753240015,0.03961486570580008,0.999188476845002));
#189966=VECTOR('Line Direction',#189965,1.);
#189967=LINE('Line',#189964,#189966);
#189968=EDGE_CURVE('',#189946,#189962,#189967,.T.);
#189969=EDGE_LOOP('',(#189970,#189971,#189972,#189973));
#189970=ORIENTED_EDGE('',*,*,#189949,.T.);
#189971=ORIENTED_EDGE('',*,*,#189956,.T.);
#189972=ORIENTED_EDGE('',*,*,#189963,.T.);
#189973=ORIENTED_EDGE('',*,*,#189968,.F.);
#189974=FACE_OUTER_BOUND('',#189969,.T.);
#189975=ADVANCED_FACE('PartBody',(#189974),#189937,.F.);
#189976=B_SPLINE_CURVE_WITH_KNOTS('',5,(#189977,#189978,#189979,#189980,#189981,#189982),.UNSPECIFIED.,.F.,.U.,(6,6),(-6.28318530718,-2.48689957516E-014),.UNSPECIFIED.);
#189977=CARTESIAN_POINT('Control Point',(8818.460072149999,-2669.64880589,253.395077278));
#189978=CARTESIAN_POINT('Control Point',(8819.48102739,-2668.9170558,253.35862333));
#189979=CARTESIAN_POINT('Control Point',(8820.49935125,-2668.20411587,252.830474673));
#189980=CARTESIAN_POINT('Control Point',(8821.299279180001,-2667.66495359,251.808967127));
#189981=CARTESIAN_POINT('Control Point',(8821.6898922,-2667.42825096,250.537904123));
#189982=CARTESIAN_POINT('Control Point',(8821.68073942,-2667.47803247,249.282286852));
#189983=CARTESIAN_POINT('Axis1P Location',(8815.993586819999,-2671.55419001,249.485350759));
#189984=DIRECTION('Axis1P Direction',(0.007283553753240015,0.03961486570580008,0.999188476845002));
#189985=AXIS1_PLACEMENT('Revolution Surface Axis1P',#189983,#189984);
#189986=SURFACE_OF_REVOLUTION('homeo Torus',#189976,#189985);
#189987=CARTESIAN_POINT('Axis2P3D Location',(8816.02272103,-2671.39573055,253.482104666));
#189988=DIRECTION('Axis2P3D Direction',(-0.007283553753240015,-0.03961486570580008,-0.999188476845002));
#189989=AXIS2_PLACEMENT_3D('Circle Axis2P3D',#189987,#189988,$);
#189990=CIRCLE('generated circle',#189989,3.);
#189991=CARTESIAN_POINT('Vertex',(8813.072176899999,-2670.85324615,253.482104666));
#189992=VERTEX_POINT('',#189991);
#189993=CARTESIAN_POINT('Vertex',(8815.59139573,-2674.36210501,253.602856766));
#189994=VERTEX_POINT('',#189993);
#189995=EDGE_CURVE('',#189992,#189994,#189990,.F.);
#189996=CARTESIAN_POINT('Axis2P3D Location',(8815.562261520001,-2674.52056447,249.606102859));
#189997=DIRECTION('Axis2P3D Direction',(0.9895835842968891,-0.1439515918519838,-0.001506284635069831));
#189998=AXIS2_PLACEMENT_3D('Circle Axis2P3D',#189996,#189997,$);
#189999=CIRCLE('generated circle',#189998,4.);
#190000=EDGE_CURVE('',#189994,#189962,#189999,.T.);
#190001=CARTESIAN_POINT('Axis2P3D Location',(8813.04304269,-2671.01170561,249.485350759));
#190002=DIRECTION('Axis2P3D Direction',(-0.1806813882100086,-0.9827165655540472,0.04027887461390193));
#190003=AXIS2_PLACEMENT_3D('Circle Axis2P3D',#190001,#190002,$);
#190004=CIRCLE('generated circle',#190003,4.);
#190005=EDGE_CURVE('',#189992,#189955,#190004,.T.);
#190006=EDGE_LOOP('',(#190007,#190008,#190009,#190010));
#190007=ORIENTED_EDGE('',*,*,#189995,.T.);
#190008=ORIENTED_EDGE('',*,*,#190000,.T.);
#190009=ORIENTED_EDGE('',*,*,#189963,.F.);
#190010=ORIENTED_EDGE('',*,*,#190005,.F.);
#190011=FACE_OUTER_BOUND('',#190006,.T.);
#190012=ADVANCED_FACE('PartBody',(#190011),#189986,.T.);
#190013=CARTESIAN_POINT('Axis2P3D Location',(8858.033042950001,-2680.69865462,249.541456389));
#190014=DIRECTION('Axis2P3D Direction',(0.9895835842968891,-0.1439515918519838,-0.001506284635059831));
#190015=DIRECTION('Axis2P3D XDirection',(0.007283553753240015,0.03961486570580008,0.999188476845002));
#190016=AXIS2_PLACEMENT_3D('Cylinder Axis2P3D',#190013,#190014,#190015);
#190017=CYLINDRICAL_SURFACE('generated cylinder',#190016,4.);
#190018=B_SPLINE_CURVE_WITH_KNOTS('',5,(#190019,#190020,#190021,#190022,#190023,#190024),.UNSPECIFIED.,.F.,.U.,(6,6),(0.,8.88569309373),.UNSPECIFIED.);
#190019=CARTESIAN_POINT('Control Point',(8867.44919437,-2686.10721634,249.687251105));
#190020=CARTESIAN_POINT('Control Point',(8867.458707100001,-2686.05748761,250.942857492));
#190021=CARTESIAN_POINT('Control Point',(8867.5393079,-2685.52121328,252.179868777));
#190022=CARTESIAN_POINT('Control Point',(8867.690339790001,-2684.49963948,253.132543014));
#190023=CARTESIAN_POINT('Control Point',(8867.875758480001,-2683.23656905,253.57357774));
#190024=CARTESIAN_POINT('Control Point',(8868.057279840001,-2681.99415111,253.522996352));
#190025=CARTESIAN_POINT('Vertex',(8867.44919437,-2686.10721634,249.687251106));
#190026=VERTEX_POINT('',#190025);
#190027=CARTESIAN_POINT('Vertex',(8868.057279840001,-2681.99415111,253.522996352));
#190028=VERTEX_POINT('',#190027);
#190029=EDGE_CURVE('',#190026,#190028,#190018,.T.);
#190030=CARTESIAN_POINT('Line Origine',(8857.457942540001,-2684.65382056,249.702459188));
#190031=DIRECTION('Vector Direction',(0.9895835842968891,-0.1439515918519838,-0.001506284635059831));
#190032=VECTOR('Line Direction',#190031,1.);
#190033=LINE('Line',#190030,#190032);
#190034=EDGE_CURVE('',#189962,#190026,#190033,.T.);
#190035=CARTESIAN_POINT('Line Origine',(8858.06217716,-2680.54019516,253.538210296));
#190036=DIRECTION('Vector Direction',(0.9895835842968891,-0.1439515918519838,-0.001506284635059831));
#190037=VECTOR('Line Direction',#190036,1.);
#190038=LINE('Line',#190035,#190037);
#190039=EDGE_CURVE('',#189994,#190028,#190038,.T.);
#190040=EDGE_LOOP('',(#190041,#190042,#190043,#190044));
#190041=ORIENTED_EDGE('',*,*,#190029,.F.);
#190042=ORIENTED_EDGE('',*,*,#190034,.F.);
#190043=ORIENTED_EDGE('',*,*,#190000,.F.);
#190044=ORIENTED_EDGE('',*,*,#190039,.T.);
#190045=FACE_OUTER_BOUND('',#190040,.T.);
#190046=ADVANCED_FACE('PartBody',(#190045),#190017,.F.);
#190047=CARTESIAN_POINT('Axis2P3D Location',(8807.64445071,-2678.25391176,253.815084397));
#190048=DIRECTION('Axis2P3D Direction',(-0.007283553753240015,-0.03961486570580008,-0.999188476845002));
#190049=DIRECTION('Axis2P3D XDirection',(0.1806813882100086,0.9827165655540472,-0.04027887461390193));
#190050=AXIS2_PLACEMENT_3D('Plane Axis2P3D',#190047,#190048,#190049);
#190051=PLANE('',#190050);
#190052=CARTESIAN_POINT('Line Origine',(8813.422505029999,-2668.94782986,253.404006844));
#190053=DIRECTION('Vector Direction',(0.1806813882100086,0.9827165655540472,-0.04027887461390193));
#190054=VECTOR('Line Direction',#190053,1.);
#190055=LINE('Line',#190052,#190054);
#190056=CARTESIAN_POINT('Vertex',(8813.77283317,-2667.04241357,253.325909021));
#190057=VERTEX_POINT('',#190056);
#190058=EDGE_CURVE('',#190057,#189992,#190055,.F.);
#190059=CARTESIAN_POINT('Line Origine',(8814.257471569999,-2667.13151876,253.325909021));
#190060=DIRECTION('Vector Direction',(0.9835147105149434,-0.1808281344279896,2.883920162339834e-14));
#190061=VECTOR('Line Direction',#190060,1.);
#190062=LINE('Line',#190059,#190061);
#190063=EDGE_CURVE('',#190057,#189481,#190062,.T.);
#190064=CARTESIAN_POINT('Line Origine',(8868.126908280001,-2681.51758111,253.503594207));
#190065=DIRECTION('Vector Direction',(0.1444512843480416,0.9886928873512846,-0.04025171985371158));
#190066=VECTOR('Line Direction',#190065,1.);
#190067=LINE('Line',#190064,#190066);
#190068=EDGE_CURVE('',#190028,#189563,#190067,.T.);
#190069=EDGE_LOOP('',(#190070,#190071,#190072,#190073,#190074,#190075,#190076,#190077));
#190070=ORIENTED_EDGE('',*,*,#190039,.F.);
#190071=ORIENTED_EDGE('',*,*,#189995,.F.);
#190072=ORIENTED_EDGE('',*,*,#190058,.F.);
#190073=ORIENTED_EDGE('',*,*,#190063,.T.);
#190074=ORIENTED_EDGE('',*,*,#189482,.T.);
#190075=ORIENTED_EDGE('',*,*,#189442,.F.);
#190076=ORIENTED_EDGE('',*,*,#189564,.T.);
#190077=ORIENTED_EDGE('',*,*,#190068,.F.);
#190078=FACE_OUTER_BOUND('',#190069,.T.);
#190079=ADVANCED_FACE('PartBody',(#190078),#190051,.T.);
#190080=CARTESIAN_POINT('Axis2P3D Location',(0.9887429223,5.3777207407,24.7456364771));
#190081=DIRECTION('Axis2P3D Direction',(0.03901515655488039,0.2122013840728933,0.9764468189085092));
#190082=DIRECTION('Axis2P3D XDirection',(-0.9835147105149434,0.1808281344279896,-1.860392264249893e-18));
#190083=AXIS2_PLACEMENT_3D('Plane Axis2P3D',#190080,#190081,#190082);
#190084=PLANE('',#190083);
#190085=CARTESIAN_POINT('Line Origine',(8814.29305674,-2666.42437876,253.23494239));
#190086=DIRECTION('Vector Direction',(0.9835147105149434,-0.1808281344279896,7.107391644159591e-14));
#190087=VECTOR('Line Direction',#190086,1.);
#190088=LINE('Line',#190085,#190087);
#190089=CARTESIAN_POINT('Vertex',(8813.899759579999,-2666.3520675,253.23494239));
#190090=VERTEX_POINT('',#190089);
#190091=EDGE_CURVE('',#190090,#189489,#190088,.T.);
#190092=CARTESIAN_POINT('Line Origine',(8815.70045833,-2656.55816171,251.034581994));
#190093=DIRECTION('Vector Direction',(0.1765690566310395,0.9603498104322149,-0.2157582208010483));
#190094=VECTOR('Line Direction',#190093,1.);
#190095=LINE('Line',#190092,#190094);
#190096=CARTESIAN_POINT('Vertex',(8817.501157090001,-2646.76425591,248.834221599));
#190097=VERTEX_POINT('',#190096);
#190098=EDGE_CURVE('',#190097,#190090,#190095,.F.);
#190099=CARTESIAN_POINT('Axis2P3D Location',(8822.41873064,-2647.66839658,248.834221599));
#190100=DIRECTION('Axis2P3D Direction',(0.03901515655488039,0.2122013840728933,0.9764468189085092));
#190101=AXIS2_PLACEMENT_3D('Circle Axis2P3D',#190099,#190100,$);
#190102=CIRCLE('generated circle',#190101,4.99999999978);
#190103=EDGE_CURVE('',#189523,#190097,#190102,.T.);
#190104=EDGE_LOOP('',(#190105,#190106,#190107,#190108,#190109));
#190105=ORIENTED_EDGE('',*,*,#189524,.F.);
#190106=ORIENTED_EDGE('',*,*,#189498,.T.);
#190107=ORIENTED_EDGE('',*,*,#190091,.F.);
#190108=ORIENTED_EDGE('',*,*,#190098,.F.);
#190109=ORIENTED_EDGE('',*,*,#190103,.F.);
#190110=FACE_OUTER_BOUND('',#190104,.T.);
#190111=ADVANCED_FACE('PartBody',(#190110),#190084,.F.);
#190112=CARTESIAN_POINT('Axis2P3D Location',(8801.02289219,-2714.26822019,263.957765912));
#190113=DIRECTION('Axis2P3D Direction',(-0.9835147105149434,0.1808281344279896,-5.39707167845969e-14));
#190114=DIRECTION('Axis2P3D XDirection',(0.1765690566310395,0.9603498104322149,-0.2157582208010483));
#190115=AXIS2_PLACEMENT_3D('Plane Axis2P3D',#190112,#190113,#190114);
#190116=PLANE('',#190115);
#190117=CARTESIAN_POINT('Line Origine',(8808.947545749999,-2671.16644636,221.135933814));
#190118=DIRECTION('Vector Direction',(0.1807053649110538,0.9828469735722924,-0.03684287763121096));
#190119=VECTOR('Line Direction',#190118,1.);
#190120=LINE('Line',#190117,#190119);
#190121=EDGE_CURVE('',#189948,#187967,#190120,.T.);
#190122=CARTESIAN_POINT('Line Origine',(8812.87068518,-2649.82869737,231.404833233));
#190123=DIRECTION('Vector Direction',(-0.03901515655488039,-0.2122013840728933,-0.9764468189085092));
#190124=VECTOR('Line Direction',#190123,1.);
#190125=LINE('Line',#190122,#190124);
#190126=CARTESIAN_POINT('Vertex',(8813.411037620001,-2646.88974891,244.928434323));
#190127=VERTEX_POINT('',#190126);
#190128=EDGE_CURVE('',#190127,#188196,#190125,.T.);
#190129=CARTESIAN_POINT('Line Origine',(8811.61033886,-2656.6836547,247.128794719));
#190130=DIRECTION('Vector Direction',(0.1765690566310395,0.9603498104322149,-0.2157582208010483));
#190131=VECTOR('Line Direction',#190130,1.);
#190132=LINE('Line',#190129,#190131);
#190133=CARTESIAN_POINT('Vertex',(8809.809640109999,-2666.4775605,249.329155114));
#190134=VERTEX_POINT('',#190133);
#190135=EDGE_CURVE('',#190127,#190134,#190132,.F.);
#190136=CARTESIAN_POINT('Line Origine',(8809.459311979999,-2668.38297679,249.407252936));
#190137=DIRECTION('Vector Direction',(0.1806813882100086,0.9827165655540472,-0.04027887461390193));
#190138=VECTOR('Line Direction',#190137,1.);
#190139=LINE('Line',#190136,#190138);
#190140=EDGE_CURVE('',#190134,#189955,#190139,.F.);
#190141=EDGE_LOOP('',(#190142,#190143,#190144,#190145,#190146,#190147,#190148));
#190142=ORIENTED_EDGE('',*,*,#190121,.T.);
#190143=ORIENTED_EDGE('',*,*,#187970,.T.);
#190144=ORIENTED_EDGE('',*,*,#188202,.F.);
#190145=ORIENTED_EDGE('',*,*,#190128,.F.);
#190146=ORIENTED_EDGE('',*,*,#190135,.T.);
#190147=ORIENTED_EDGE('',*,*,#190140,.T.);
#190148=ORIENTED_EDGE('',*,*,#189956,.F.);
#190149=FACE_OUTER_BOUND('',#190141,.T.);
#190150=ADVANCED_FACE('PartBody',(#190149),#190116,.F.);
#190151=CARTESIAN_POINT('Axis2P3D Location',(8820.85422286,-2656.17767209,209.678704161));
#190152=DIRECTION('Axis2P3D Direction',(-0.03901515655488039,-0.2122013840728933,-0.9764468189085092));
#190153=DIRECTION('Axis2P3D XDirection',(-0.9835147105149434,0.1808281344279896,-5.496576030599684e-14));
#190154=AXIS2_PLACEMENT_3D('Cylinder Axis2P3D',#190151,#190152,#190153);
#190155=CYLINDRICAL_SURFACE('generated cylinder',#190154,9.);
#190156=CARTESIAN_POINT('Axis2P3D Location',(8822.262670010001,-2648.51720212,244.928434323));
#190157=DIRECTION('Axis2P3D Direction',(-0.03901515655488039,-0.2122013840728933,-0.9764468189085092));
#190158=AXIS2_PLACEMENT_3D('Circle Axis2P3D',#190156,#190157,$);
#190159=CIRCLE('generated circle',#190158,9.);
#190160=EDGE_CURVE('',#188889,#190127,#190159,.F.);
#190161=EDGE_LOOP('',(#190162,#190163,#190164,#190165));
#190162=ORIENTED_EDGE('',*,*,#188197,.F.);
#190163=ORIENTED_EDGE('',*,*,#188897,.F.);
#190164=ORIENTED_EDGE('',*,*,#190160,.T.);
#190165=ORIENTED_EDGE('',*,*,#190128,.T.);
#190166=FACE_OUTER_BOUND('',#190161,.T.);
#190167=ADVANCED_FACE('PartBody',(#190166),#190155,.F.);
#190168=CARTESIAN_POINT('Axis2P3D Location',(8814.887361880001,-2660.98055052,249.074201041));
#190169=DIRECTION('Axis2P3D Direction',(0.1806813882100086,0.9827165655540472,-0.04027887461390193));
#190170=DIRECTION('Axis2P3D XDirection',(-0.9835147105149434,0.1808281344279896,-5.684341886079673e-14));
#190171=AXIS2_PLACEMENT_3D('Cylinder Axis2P3D',#190168,#190169,#190170);
#190172=CYLINDRICAL_SURFACE('generated cylinder',#190171,4.);
#190173=CARTESIAN_POINT('Axis2P3D Location',(8813.74369895,-2667.20087304,249.329155114));
#190174=DIRECTION('Axis2P3D Direction',(0.1806813882100086,0.9827165655540472,-0.04027887461390193));
#190175=AXIS2_PLACEMENT_3D('Circle Axis2P3D',#190173,#190174,$);
#190176=CIRCLE('generated circle',#190175,4.);
#190177=EDGE_CURVE('',#190134,#190057,#190176,.T.);
#190178=EDGE_LOOP('',(#190179,#190180,#190181,#190182));
#190179=ORIENTED_EDGE('',*,*,#190177,.T.);
#190180=ORIENTED_EDGE('',*,*,#190058,.T.);
#190181=ORIENTED_EDGE('',*,*,#190005,.T.);
#190182=ORIENTED_EDGE('',*,*,#190140,.F.);
#190183=FACE_OUTER_BOUND('',#190178,.T.);
#190184=ADVANCED_FACE('PartBody',(#190183),#190172,.F.);
#190185=CARTESIAN_POINT('Axis2P3D Location',(8822.262670010001,-2648.51720212,244.928434323));
#190186=DIRECTION('Axis2P3D Direction',(0.03901515655488039,0.2122013840728933,0.9764468189085092));
#190187=DIRECTION('Axis2P3D XDirection',(0.1765690566310395,0.9603498104322149,-0.2157582208010483));
#190188=AXIS2_PLACEMENT_3D('Torus Axis2P3D',#190185,#190186,#190187);
#190189=TOROIDAL_SURFACE('homeo Torus',#190188,5.,4.);
#190190=CARTESIAN_POINT('Axis2P3D Location',(8817.34509646,-2647.61306145,244.928434323));
#190191=DIRECTION('Axis2P3D Direction',(0.1765690566310395,0.9603498104322149,-0.2157582208010483));
#190192=AXIS2_PLACEMENT_3D('Circle Axis2P3D',#190190,#190191,$);
#190193=CIRCLE('generated circle',#190192,4.);
#190194=EDGE_CURVE('',#190097,#190127,#190193,.F.);
#190195=EDGE_LOOP('',(#190196,#190197,#190198,#190199,#190200));
#190196=ORIENTED_EDGE('',*,*,#188892,.T.);
#190197=ORIENTED_EDGE('',*,*,#189541,.F.);
#190198=ORIENTED_EDGE('',*,*,#190103,.T.);
#190199=ORIENTED_EDGE('',*,*,#190194,.T.);
#190200=ORIENTED_EDGE('',*,*,#190160,.F.);
#190201=FACE_OUTER_BOUND('',#190195,.T.);
#190202=ADVANCED_FACE('PartBody',(#190201),#190189,.F.);
#190203=CARTESIAN_POINT('Axis2P3D Location',(8816.099921110001,-2654.38550465,246.449973954));
#190204=DIRECTION('Axis2P3D Direction',(0.1765690566310395,0.9603498104322149,-0.2157582208010483));
#190205=DIRECTION('Axis2P3D XDirection',(-0.9835147105149434,0.1808281344279896,-5.684341886079673e-14));
#190206=AXIS2_PLACEMENT_3D('Cylinder Axis2P3D',#190203,#190204,#190205);
#190207=CYLINDRICAL_SURFACE('generated cylinder',#190206,4.);
#190208=CARTESIAN_POINT('Axis2P3D Location',(8813.74369895,-2667.20087304,249.329155114));
#190209=DIRECTION('Axis2P3D Direction',(0.1765690566310395,0.9603498104322149,-0.2157582208010483));
#190210=AXIS2_PLACEMENT_3D('Circle Axis2P3D',#190208,#190209,$);
#190211=CIRCLE('generated circle',#190210,4.);
#190212=EDGE_CURVE('',#190090,#190134,#190211,.F.);
#190213=EDGE_LOOP('',(#190214,#190215,#190216,#190217));
#190214=ORIENTED_EDGE('',*,*,#190098,.T.);
#190215=ORIENTED_EDGE('',*,*,#190212,.T.);
#190216=ORIENTED_EDGE('',*,*,#190135,.F.);
#190217=ORIENTED_EDGE('',*,*,#190194,.F.);
#190218=FACE_OUTER_BOUND('',#190213,.T.);
#190219=ADVANCED_FACE('PartBody',(#190218),#190207,.F.);
#190220=CARTESIAN_POINT('Axis2P3D Location',(8813.74369895,-2667.20087304,249.329155114));
#190221=DIRECTION('Axis2P3D Direction',(0.03901515655392,0.2122013840731088,0.9764468189085006));
#190222=DIRECTION('Axis2P3D XDirection',(-0.9740902250390255,0.2259306022720059,-0.01017823365960027));
#190223=AXIS2_PLACEMENT_3D('Sphere Axis2P3D',#190220,#190221,#190222);
#190224=SPHERICAL_SURFACE('',#190223,4.);
#190225=CARTESIAN_POINT('Axis2P3D Location',(8813.74369895,-2667.20087304,249.329155114));
#190226=DIRECTION('Axis2P3D Direction',(-0.9835147105156875,0.1808281344239425,-3.694961003828826e-13));
#190227=AXIS2_PLACEMENT_3D('Circle Axis2P3D',#190225,#190226,$);
#190228=CIRCLE('generated circle',#190227,4.);
#190229=EDGE_CURVE('',#190090,#190057,#190228,.F.);
#190230=EDGE_LOOP('',(#190231,#190232,#190233));
#190231=ORIENTED_EDGE('',*,*,#190229,.T.);
#190232=ORIENTED_EDGE('',*,*,#190177,.F.);
#190233=ORIENTED_EDGE('',*,*,#190212,.F.);
#190234=FACE_OUTER_BOUND('',#190230,.T.);
#190235=ADVANCED_FACE('PartBody',(#190234),#190224,.F.);
#190236=CARTESIAN_POINT('Axis2P3D Location',(8858.901312460001,-2675.50351144,249.329155114));
#190237=DIRECTION('Axis2P3D Direction',(0.9835147105149434,-0.1808281344279896,2.595102951969851e-13));
#190238=DIRECTION('Axis2P3D XDirection',(0.03901515655468069,0.212201384072895,0.9764468189085167));
#190239=AXIS2_PLACEMENT_3D('Cylinder Axis2P3D',#190236,#190237,#190238);
#190240=CYLINDRICAL_SURFACE('generated cylinder',#190239,4.);
#190241=EDGE_LOOP('',(#190242,#190243,#190244,#190245));
#190242=ORIENTED_EDGE('',*,*,#189490,.F.);
#190243=ORIENTED_EDGE('',*,*,#190063,.F.);
#190244=ORIENTED_EDGE('',*,*,#190229,.F.);
#190245=ORIENTED_EDGE('',*,*,#190091,.T.);
#190246=FACE_OUTER_BOUND('',#190241,.T.);
#190247=ADVANCED_FACE('PartBody',(#190246),#190240,.F.);
#190248=CARTESIAN_POINT('Axis2P3D Location',(8795.14449244,-2701.99962393,222.345970423));
#190249=DIRECTION('Axis2P3D Direction',(-0.006662228829012905,-0.0362355121280158,-0.9993210707114357));
#190250=DIRECTION('Axis2P3D XDirection',(0.1807053649110538,0.9828469735722924,-0.03684287763121096));
#190251=AXIS2_PLACEMENT_3D('Plane Axis2P3D',#190248,#190249,#190250);
#190252=PLANE('',#190251);
#190253=B_SPLINE_CURVE_WITH_KNOTS('',5,(#190254,#190255,#190256,#190257,#190258,#190259),.UNSPECIFIED.,.F.,.U.,(6,6),(39.8796691368,107.088920787),.UNSPECIFIED.);
#190254=CARTESIAN_POINT('Control Point',(8853.652722999999,-2690.30386435,221.531820614));
#190255=CARTESIAN_POINT('Control Point',(8844.246250149999,-2688.9396472,221.545064574));
#190256=CARTESIAN_POINT('Control Point',(8834.83977731,-2687.57543001,221.558308531));
#190257=CARTESIAN_POINT('Control Point',(8825.43330447,-2686.21121278,221.571552488));
#190258=CARTESIAN_POINT('Control Point',(8816.02683164,-2684.84699551,221.584796442));
#190259=CARTESIAN_POINT('Control Point',(8806.620358820001,-2683.4827782,221.598040395));
#190260=CARTESIAN_POINT('Vertex',(8853.652722999999,-2690.30386435,221.531820614));
#190261=VERTEX_POINT('',#190260);
#190262=EDGE_CURVE('',#190261,#188044,#190253,.T.);
#190263=CARTESIAN_POINT('Line Origine',(8834.57774968,-2682.48004185,221.375295967));
#190264=DIRECTION('Vector Direction',(0.9895845127082472,-0.143946496582036,-0.001377798874640344));
#190265=VECTOR('Line Direction',#190264,1.);
#190266=LINE('Line',#190263,#190265);
#190267=CARTESIAN_POINT('Vertex',(8854.37509854,-2685.35979489,221.347732111));
#190268=VERTEX_POINT('',#190267);
#190269=EDGE_CURVE('',#189946,#190268,#190266,.T.);
#190270=CARTESIAN_POINT('Line Origine',(8854.01391077,-2687.83182962,221.439776363));
#190271=DIRECTION('Vector Direction',(-0.1444764438639926,-0.9888230322099495,0.03681804095189812));
#190272=VECTOR('Line Direction',#190271,1.);
#190273=LINE('Line',#190270,#190272);
#190274=EDGE_CURVE('',#190268,#190261,#190273,.T.);
#190275=EDGE_LOOP('',(#190276,#190277,#190278,#190279,#190280,#190281,#190282,#190283));
#190276=ORIENTED_EDGE('',*,*,#190262,.T.);
#190277=ORIENTED_EDGE('',*,*,#188045,.F.);
#190278=ORIENTED_EDGE('',*,*,#188338,.T.);
#190279=ORIENTED_EDGE('',*,*,#187977,.T.);
#190280=ORIENTED_EDGE('',*,*,#190121,.F.);
#190281=ORIENTED_EDGE('',*,*,#189949,.F.);
#190282=ORIENTED_EDGE('',*,*,#190269,.T.);
#190283=ORIENTED_EDGE('',*,*,#190274,.T.);
#190284=FACE_OUTER_BOUND('',#190275,.T.);
#190285=ADVANCED_FACE('PartBody',(#190284),#190252,.T.);
#190286=CARTESIAN_POINT('Axis2P3D Location',(8837.149218959999,-2682.22168657,236.907268307));
#190287=DIRECTION('Axis2P3D Direction',(-0.1437751005379433,-0.98879148540961,0.04025069995368413));
#190288=DIRECTION('Axis2P3D XDirection',(0.9896103882160965,-0.143656126612014,0.00584780485480057));
#190289=AXIS2_PLACEMENT_3D('Plane Axis2P3D',#190286,#190287,#190288);
#190290=PLANE('',#190289);
#190291=B_SPLINE_CURVE_WITH_KNOTS('',5,(#190292,#190293,#190294,#190295,#190296,#190297,#190298,#190299,#190300,#190301,#190302,#190303,#190304,#190305,#190306),.UNSPECIFIED.,.F.,.U.,(6,3,3,3,6),(0.,8.3422308505,16.6857910071,25.0293899993,28.8710069579),.UNSPECIFIED.);
#190292=CARTESIAN_POINT('Control Point',(8854.37509854,-2685.35979489,221.347732111));
#190293=CARTESIAN_POINT('Control Point',(8855.542580269999,-2685.52961859,221.346106626));
#190294=CARTESIAN_POINT('Control Point',(8856.71101938,-2685.69413798,221.478205622));
#190295=CARTESIAN_POINT('Control Point',(8857.86042666,-2685.85044427,221.74408464));
#190296=CARTESIAN_POINT('Control Point',(8860.081068130001,-2686.14117533,222.534146984));
#190297=CARTESIAN_POINT('Control Point',(8862.072897620001,-2686.37904924,223.805374273));
#190298=CARTESIAN_POINT('Control Point',(8862.99362952,-2686.482513,224.552547221));
#190299=CARTESIAN_POINT('Control Point',(8864.652291480001,-2686.65484809,226.243718215));
#190300=CARTESIAN_POINT('Control Point',(8865.895721479999,-2686.7533736,228.264877921));
#190301=CARTESIAN_POINT('Control Point',(8866.401182039999,-2686.78302042,229.342079443));
#190302=CARTESIAN_POINT('Control Point',(8866.956646119999,-2686.79691058,230.984968379));
#190303=CARTESIAN_POINT('Control Point',(8867.236145389999,-2686.76824461,232.687540232));
#190304=CARTESIAN_POINT('Control Point',(8867.296412969999,-2686.75499473,233.228309565));
#190305=CARTESIAN_POINT('Control Point',(8867.32861047,-2686.73758089,233.77110406));
#190306=CARTESIAN_POINT('Control Point',(8867.332723179999,-2686.7160813,234.313949591));
#190307=CARTESIAN_POINT('Vertex',(8867.332723179999,-2686.7160813,234.313949591));
#190308=VERTEX_POINT('',#190307);
#190309=EDGE_CURVE('',#190268,#190308,#190291,.T.);
#190310=CARTESIAN_POINT('Line Origine',(8867.390958780001,-2686.41164882,242.000600348));
#190311=DIRECTION('Vector Direction',(-0.007570047306563072,-0.03957318869081606,-0.9991879988874054));
#190312=VECTOR('Line Direction',#190311,1.);
#190313=LINE('Line',#190310,#190312);
#190314=EDGE_CURVE('',#190026,#190308,#190313,.T.);
#190315=EDGE_LOOP('',(#190316,#190317,#190318,#190319,#190320));
#190316=ORIENTED_EDGE('',*,*,#190309,.F.);
#190317=ORIENTED_EDGE('',*,*,#190269,.F.);
#190318=ORIENTED_EDGE('',*,*,#189968,.T.);
#190319=ORIENTED_EDGE('',*,*,#190034,.T.);
#190320=ORIENTED_EDGE('',*,*,#190314,.T.);
#190321=FACE_OUTER_BOUND('',#190315,.T.);
#190322=ADVANCED_FACE('PartBody',(#190321),#190290,.F.);
#190323=CARTESIAN_POINT('Axis2P3D Location',(8854.40420965,-2685.2822591,234.353558654));
#190324=DIRECTION('Axis2P3D Direction',(-0.1444764438639926,-0.9888230322099495,0.03681804095189812));
#190325=DIRECTION('Axis2P3D XDirection',(-0.006662228829062904,-0.03623551212801579,-0.9993210707114355));
#190326=AXIS2_PLACEMENT_3D('Cylinder Axis2P3D',#190323,#190324,#190325);
#190327=CYLINDRICAL_SURFACE('generated cylinder',#190326,13.);
#190328=B_SPLINE_CURVE_WITH_KNOTS('',5,(#190329,#190330,#190331,#190332,#190333,#190334),.UNSPECIFIED.,.F.,.U.,(6,6),(0.,28.8730862893),.UNSPECIFIED.);
#190329=CARTESIAN_POINT('Control Point',(8866.60459302,-2691.69953637,234.499504586));
#190330=CARTESIAN_POINT('Control Point',(8866.57463008,-2691.85464622,230.419915872));
#190331=CARTESIAN_POINT('Control Point',(8864.9641001,-2691.77394171,226.339161963));
#190332=CARTESIAN_POINT('Control Point',(8861.74891394,-2691.42101045,223.118084604));
#190333=CARTESIAN_POINT('Control Point',(8857.693742580001,-2690.88993187,221.526131011));
#190334=CARTESIAN_POINT('Control Point',(8853.652722999999,-2690.30386435,221.531820614));
#190335=CARTESIAN_POINT('Vertex',(8866.60459302,-2691.69953637,234.499504586));
#190336=VERTEX_POINT('',#190335);
#190337=EDGE_CURVE('',#190336,#190261,#190328,.T.);
#190338=CARTESIAN_POINT('Line Origine',(8867.26748808,-2687.16256216,234.330573952));
#190339=DIRECTION('Vector Direction',(-0.1444764438639926,-0.9888230322099495,0.03681804095189812));
#190340=VECTOR('Line Direction',#190339,1.);
#190341=LINE('Line',#190338,#190340);
#190342=EDGE_CURVE('',#190308,#190336,#190341,.T.);
#190343=EDGE_LOOP('',(#190344,#190345,#190346,#190347));
#190344=ORIENTED_EDGE('',*,*,#190337,.T.);
#190345=ORIENTED_EDGE('',*,*,#190274,.F.);
#190346=ORIENTED_EDGE('',*,*,#190309,.T.);
#190347=ORIENTED_EDGE('',*,*,#190342,.T.);
#190348=FACE_OUTER_BOUND('',#190343,.T.);
#190349=ADVANCED_FACE('PartBody',(#190348),#190327,.T.);
#190350=CARTESIAN_POINT('Axis2P3D Location',(8795.609894880001,-2699.46832458,292.155409662));
#190351=DIRECTION('Axis2P3D Direction',(-0.01029013326779919,-0.05596749352129562,-0.9983795635059217));
#190352=DIRECTION('Axis2P3D XDirection',(0.1805351139199158,0.9819209873855421,-0.05690559879067347));
#190353=AXIS2_PLACEMENT_3D('Plane Axis2P3D',#190350,#190351,#190352);
#190354=PLANE('',#190353);
#190355=CARTESIAN_POINT('Line Origine',(8854.58971591,-2684.73114516,290.721372684));
#190356=DIRECTION('Vector Direction',(-0.1443053732590706,-0.9878978068554832,0.05686723537052782));
#190357=VECTOR('Line Direction',#190356,1.);
#190358=LINE('Line',#190355,#190357);
#190359=CARTESIAN_POINT('Vertex',(8854.951682000001,-2682.25316735,290.578730655));
#190360=VERTEX_POINT('',#190359);
#190361=CARTESIAN_POINT('Vertex',(8854.227749809999,-2687.20912297,290.864014713));
#190362=VERTEX_POINT('',#190361);
#190363=EDGE_CURVE('',#190360,#190362,#190358,.T.);
#190364=CARTESIAN_POINT('Line Origine',(8835.151991700001,-2679.35072604,290.620096772));
#190365=DIRECTION('Vector Direction',(0.9894236550371094,-0.145039849040016,-0.002067134116780229));
#190366=VECTOR('Line Direction',#190365,1.);
#190367=LINE('Line',#190364,#190366);
#190368=EDGE_CURVE('',#189752,#190360,#190367,.T.);
#190369=B_SPLINE_CURVE_WITH_KNOTS('',5,(#190370,#190371,#190372,#190373,#190374,#190375),.UNSPECIFIED.,.F.,.U.,(6,6),(39.8690116976,107.082050132),.UNSPECIFIED.);
#190370=CARTESIAN_POINT('Control Point',(8854.227749809999,-2687.20912297,290.864014713));
#190371=CARTESIAN_POINT('Control Point',(8844.823549410001,-2685.82660407,290.883440549));
#190372=CARTESIAN_POINT('Control Point',(8835.41934902,-2684.44408514,290.902866383));
#190373=CARTESIAN_POINT('Control Point',(8826.01514863,-2683.06156617,290.922292215));
#190374=CARTESIAN_POINT('Control Point',(8816.610948240001,-2681.67904717,290.941718045));
#190375=CARTESIAN_POINT('Control Point',(8807.20674786,-2680.29652813,290.961143873));
#190376=EDGE_CURVE('',#190362,#188021,#190369,.T.);
#190377=EDGE_LOOP('',(#190378,#190379,#190380,#190381,#190382,#190383,#190384,#190385));
#190378=ORIENTED_EDGE('',*,*,#190363,.F.);
#190379=ORIENTED_EDGE('',*,*,#190368,.F.);
#190380=ORIENTED_EDGE('',*,*,#189753,.T.);
#190381=ORIENTED_EDGE('',*,*,#189683,.T.);
#190382=ORIENTED_EDGE('',*,*,#187944,.F.);
#190383=ORIENTED_EDGE('',*,*,#188343,.T.);
#190384=ORIENTED_EDGE('',*,*,#188024,.F.);
#190385=ORIENTED_EDGE('',*,*,#190376,.F.);
#190386=FACE_OUTER_BOUND('',#190377,.T.);
#190387=ADVANCED_FACE('PartBody',(#190386),#190354,.F.);
#190388=CARTESIAN_POINT('Axis2P3D Location',(8838.006064310001,-2680.50527967,276.559986386));
#190389=DIRECTION('Axis2P3D Direction',(-0.1447398876950554,-0.9881150727503782,0.05175874721761981));
#190390=DIRECTION('Axis2P3D XDirection',(0.9894697392593776,-0.1445417267300552,0.00757128284200289));
#190391=AXIS2_PLACEMENT_3D('Plane Axis2P3D',#190388,#190389,#190390);
#190392=PLANE('',#190391);
#190393=B_SPLINE_CURVE_WITH_KNOTS('',5,(#190394,#190395,#190396,#190397,#190398,#190399,#190400,#190401,#190402,#190403,#190404,#190405,#190406,#190407,#190408),.UNSPECIFIED.,.F.,.U.,(6,3,3,3,6),(0.,8.34216398062,16.6856694488,25.0292672292,28.8727984762),.UNSPECIFIED.);
#190394=CARTESIAN_POINT('Control Point',(8854.951682000001,-2682.25316735,290.578730655));
#190395=CARTESIAN_POINT('Control Point',(8856.1189646,-2682.42427958,290.576291932));
#190396=CARTESIAN_POINT('Control Point',(8857.284968780001,-2682.60220543,290.440200959));
#190397=CARTESIAN_POINT('Control Point',(8858.42970827,-2682.78401657,290.170471532));
#190398=CARTESIAN_POINT('Control Point',(8860.63671235,-2683.14906632,289.373125237));
#190399=CARTESIAN_POINT('Control Point',(8862.60690406,-2683.50457576,288.095681193));
#190400=CARTESIAN_POINT('Control Point',(8863.51496703,-2683.67687328,287.345723914));
#190401=CARTESIAN_POINT('Control Point',(8865.14504136,-2684.00448641,285.649726618));
#190402=CARTESIAN_POINT('Control Point',(8866.354446969999,-2684.28767946,283.625371421));
#190403=CARTESIAN_POINT('Control Point',(8866.84180552,-2684.41555406,282.54701087));
#190404=CARTESIAN_POINT('Control Point',(8867.369785929999,-2684.57901653,280.902846123));
#190405=CARTESIAN_POINT('Control Point',(8867.620771280001,-2684.70497973,279.199973522));
#190406=CARTESIAN_POINT('Control Point',(8867.67198693,-2684.74081757,278.65902234));
#190407=CARTESIAN_POINT('Control Point',(8867.695076059999,-2684.77263631,278.116144767));
#190408=CARTESIAN_POINT('Control Point',(8867.6900572,-2684.80033518,277.573316771));
#190409=CARTESIAN_POINT('Vertex',(8867.6900572,-2684.80033518,277.573316771));
#190410=VERTEX_POINT('',#190409);
#190411=EDGE_CURVE('',#190410,#190360,#190393,.F.);
#190412=CARTESIAN_POINT('Line Origine',(8867.63384988,-2685.11054081,271.494067988));
#190413=DIRECTION('Vector Direction',(0.009233359268464171,0.05095849415162302,0.9986580881114511));
#190414=VECTOR('Line Direction',#190413,1.);
#190415=LINE('Line',#190412,#190414);
#190416=EDGE_CURVE('',#189788,#190410,#190415,.T.);
#190417=EDGE_LOOP('',(#190418,#190419,#190420,#190421,#190422));
#190418=ORIENTED_EDGE('',*,*,#190411,.F.);
#190419=ORIENTED_EDGE('',*,*,#190416,.F.);
#190420=ORIENTED_EDGE('',*,*,#189799,.F.);
#190421=ORIENTED_EDGE('',*,*,#189760,.F.);
#190422=ORIENTED_EDGE('',*,*,#190368,.T.);
#190423=FACE_OUTER_BOUND('',#190417,.T.);
#190424=ADVANCED_FACE('PartBody',(#190423),#190392,.F.);
#190425=B_SPLINE_SURFACE_WITH_KNOTS('',5,1,((#190426,#190427),(#190428,#190429),(#190430,#190431),(#190432,#190433),(#190434,#190435),(#190436,#190437)),.UNSPECIFIED.,.F.,.F.,.U.,(6,6),(2,2),(0.,201.667940005),(0.,163.042715444),.UNSPECIFIED.);
#190426=CARTESIAN_POINT('Control Point',(8756.76228298,-2667.7926942,364.295699348));
#190427=CARTESIAN_POINT('Control Point',(8918.01838849,-2691.81735117,363.863344361));
#190428=CARTESIAN_POINT('Control Point',(8756.186103030001,-2670.93591977,324.056481384));
#190429=CARTESIAN_POINT('Control Point',(8917.469173130001,-2694.79509099,323.676013554));
#190430=CARTESIAN_POINT('Control Point',(8755.71581587,-2673.50397398,283.770090702));
#190431=CARTESIAN_POINT('Control Point',(8917.02697823,-2697.19002943,283.445680852));
#190432=CARTESIAN_POINT('Control Point',(8755.35157074,-2675.49630431,243.443337772));
#190433=CARTESIAN_POINT('Control Point',(8916.691802519999,-2699.00185571,243.179648304));
#190434=CARTESIAN_POINT('Control Point',(8755.093616800001,-2676.91134743,203.094508936));
#190435=CARTESIAN_POINT('Control Point',(8916.46393704,-2700.22906357,202.896678108));
#190436=CARTESIAN_POINT('Control Point',(8754.941784189999,-2677.75025393,162.732465526));
#190437=CARTESIAN_POINT('Control Point',(8916.34302964,-2700.87357726,162.605919117));
#190438=B_SPLINE_CURVE_WITH_KNOTS('',3,(#190439,#190440,#190441,#190442),.UNSPECIFIED.,.F.,.U.,(4,4),(18.4507662466,79.8426898196),.UNSPECIFIED.);
#190439=CARTESIAN_POINT('Control Point',(8866.60459298,-2691.69953662,234.499504597));
#190440=CARTESIAN_POINT('Control Point',(8866.710775670001,-2691.14985813,248.956756424));
#190441=CARTESIAN_POINT('Control Point',(8866.830155690001,-2690.5098571,263.410833369));
#190442=CARTESIAN_POINT('Control Point',(8866.96272338,-2689.77957783,277.859941319));
#190443=CARTESIAN_POINT('Vertex',(8866.962723430001,-2689.77957759,277.859941307));
#190444=VERTEX_POINT('',#190443);
#190445=EDGE_CURVE('',#190336,#190444,#190438,.T.);
#190446=B_SPLINE_CURVE_WITH_KNOTS('',5,(#190447,#190448,#190449,#190450,#190451,#190452),.UNSPECIFIED.,.F.,.U.,(6,6),(0.,28.8746284795),.UNSPECIFIED.);
#190447=CARTESIAN_POINT('Control Point',(8866.96272338,-2689.77957783,277.859941319));
#190448=CARTESIAN_POINT('Control Point',(8867.000133699999,-2689.57349453,281.937449745));
#190449=CARTESIAN_POINT('Control Point',(8865.45717272,-2689.12946839,286.021345763));
#190450=CARTESIAN_POINT('Control Point',(8862.295609790001,-2688.48470855,289.251025092));
#190451=CARTESIAN_POINT('Control Point',(8858.26778131,-2687.80305118,290.8556694));
#190452=CARTESIAN_POINT('Control Point',(8854.227749809999,-2687.20912297,290.864014713));
#190453=EDGE_CURVE('',#190362,#190444,#190446,.F.);
#190454=EDGE_LOOP('',(#190455,#190456,#190457,#190458,#190459,#190460));
#190455=ORIENTED_EDGE('',*,*,#190376,.T.);
#190456=ORIENTED_EDGE('',*,*,#188056,.F.);
#190457=ORIENTED_EDGE('',*,*,#190262,.F.);
#190458=ORIENTED_EDGE('',*,*,#190337,.F.);
#190459=ORIENTED_EDGE('',*,*,#190445,.T.);
#190460=ORIENTED_EDGE('',*,*,#190453,.F.);
#190461=FACE_OUTER_BOUND('',#190454,.T.);
#190462=ADVANCED_FACE('PartBody',(#190461),#190425,.T.);
#190463=CARTESIAN_POINT('Axis2P3D Location',(8864.5709023,-2705.94750374,261.933694784));
#190464=DIRECTION('Axis2P3D Direction',(0.989482956531654,-0.1446386971679494,-0.001768053996749381));
#190465=DIRECTION('Axis2P3D XDirection',(0.1443871470860131,0.9883503520770894,-0.04812414472440436));
#190466=AXIS2_PLACEMENT_3D('Plane Axis2P3D',#190463,#190464,#190465);
#190467=PLANE('',#190466);
#190468=CARTESIAN_POINT('Line Origine',(8867.32639031,-2687.28995638,277.716629039));
#190469=DIRECTION('Vector Direction',(-0.144305373258928,-0.9878978068555071,0.05686723537047163));
#190470=VECTOR('Line Direction',#190469,1.);
#190471=LINE('Line',#190468,#190470);
#190472=EDGE_CURVE('',#190410,#190444,#190471,.T.);
#190473=EDGE_LOOP('',(#190474,#190475,#190476,#190477,#190478,#190479,#190480,#190481,#190482,#190483,#190484));
#190474=ORIENTED_EDGE('',*,*,#190445,.F.);
#190475=ORIENTED_EDGE('',*,*,#190342,.F.);
#190476=ORIENTED_EDGE('',*,*,#190314,.F.);
#190477=ORIENTED_EDGE('',*,*,#190029,.T.);
#190478=ORIENTED_EDGE('',*,*,#190068,.T.);
#190479=ORIENTED_EDGE('',*,*,#189574,.T.);
#190480=ORIENTED_EDGE('',*,*,#188380,.T.);
#190481=ORIENTED_EDGE('',*,*,#188773,.T.);
#190482=ORIENTED_EDGE('',*,*,#189789,.T.);
#190483=ORIENTED_EDGE('',*,*,#190416,.T.);
#190484=ORIENTED_EDGE('',*,*,#190472,.T.);
#190485=FACE_OUTER_BOUND('',#190473,.T.);
#190486=ADVANCED_FACE('PartBody',(#190485),#190467,.T.);
#190487=CARTESIAN_POINT('Axis2P3D Location',(8854.768922380001,-2683.31611015,277.619101263));
#190488=DIRECTION('Axis2P3D Direction',(-0.1443053732590706,-0.9878978068554832,0.05686723537052782));
#190489=DIRECTION('Axis2P3D XDirection',(0.989482956531654,-0.1446386971679494,-0.001768053996739381));
#190490=AXIS2_PLACEMENT_3D('Cylinder Axis2P3D',#190487,#190488,#190489);
#190491=CYLINDRICAL_SURFACE('generated cylinder',#190490,13.);
#190492=EDGE_LOOP('',(#190493,#190494,#190495,#190496));
#190493=ORIENTED_EDGE('',*,*,#190453,.T.);
#190494=ORIENTED_EDGE('',*,*,#190472,.F.);
#190495=ORIENTED_EDGE('',*,*,#190411,.T.);
#190496=ORIENTED_EDGE('',*,*,#190363,.T.);
#190497=FACE_OUTER_BOUND('',#190492,.T.);
#190498=ADVANCED_FACE('PartBody',(#190497),#190491,.T.);
#190499=ADVANCED_BREP_SHAPE_REPRESENTATION('NONE',(#187914),#187590);

#190500=APPLICATION_CONTEXT('automotive_design');
#190501=APPLICATION_PROTOCOL_DEFINITION('international standard','automotive_design',2010,#190500);
#190502=PRODUCT_CONTEXT('',#190500,'mechanical');
#190503=PRODUCT_DEFINITION_CONTEXT('part definition',#190500,'design');
#190504=PRODUCT('part_024_V5311315420000','part_024_V5311315420000','',(#190502));
#190505=PRODUCT_DEFINITION_FORMATION('','',#190504);
#190506=PRODUCT_DEFINITION('design','',#190505,#190503);
#190507=PRODUCT_DEFINITION_SHAPE('','',#190506);
#190508=SHAPE_DEFINITION_REPRESENTATION(#190507,#190499);
ENDSEC;
END-ISO-10303-21;
