ISO-10303-21;
HEADER;
FILE_DESCRIPTION(('CATIA V5 STEP Exchange','CAx-IF Rec.Pracs.--- Model Styling and Organization---1.4--- 2014-01-23'),'2;1');

FILE_NAME('C:\\Users\\SA516207\\WORK\\01_ASSY\\3_Catia\\ECHELLE\\ECHELLE.stp','2026-09-22T12:18:05+00:00',('none'),('none'),'CATIA Version 5-6 Release 2017 SP2 HF26','CATIA V5 STEP AP203 WITH EXTENSIONS','none');

FILE_SCHEMA(('CONFIG_CONTROL_DESIGN','SHAPE_APPEARANCE_LAYER_MIM'));

ENDSEC;
DATA;
#46=(LENGTH_UNIT()NAMED_UNIT(*)SI_UNIT(.MILLI.,.METRE.));
#47=(NAMED_UNIT(*)PLANE_ANGLE_UNIT()SI_UNIT($,.RADIAN.));
#48=(NAMED_UNIT(*)SI_UNIT($,.STERADIAN.)SOLID_ANGLE_UNIT());
#73096=UNCERTAINTY_MEASURE_WITH_UNIT(LENGTH_MEASURE(0.005),#46,'distance_accuracy_value','CONFUSED CURVE UNCERTAINTY');
#73097=(GEOMETRIC_REPRESENTATION_CONTEXT(3)GLOBAL_UNCERTAINTY_ASSIGNED_CONTEXT((#73096))GLOBAL_UNIT_ASSIGNED_CONTEXT((#46,#47,#48))REPRESENTATION_CONTEXT(' ',' '));
#73343=MANIFOLD_SOLID_BREP('PartBody',#73345);
#73345=CLOSED_SHELL('Closed Shell',(#73385,#73416,#73447,#73478,#73509,#73549,#73580,#73611,#73656,#73875,#73983,#74011,#74051,#74075,#74173,#74303,#74408,#74475,#74559,#74589,#74637,#74717,#74833));
#73346=CARTESIAN_POINT('Axis2P3D Location',(9404.75,-2583.85156128,1176.25238682));
#73347=DIRECTION('Axis2P3D Direction',(1,0,0));
#73348=DIRECTION('Axis2P3D XDirection',(-0,-0.5612494793750429,-0.8276466769710632));
#73349=AXIS2_PLACEMENT_3D('Cylinder Axis2P3D',#73346,#73347,#73348);
#73350=CYLINDRICAL_SURFACE('generated cylinder',#73349,13.1);
#73351=CARTESIAN_POINT('Axis2P3D Location',(9401.34,-2583.85156128,1176.25238682));
#73352=DIRECTION('Axis2P3D Direction',(1,0,0));
#73353=AXIS2_PLACEMENT_3D('Circle Axis2P3D',#73351,#73352,$);
#73354=CIRCLE('generated circle',#73353,13.1);
#73355=CARTESIAN_POINT('Vertex',(9401.34,-2575.99915542,1186.73807813));
#73356=VERTEX_POINT('',#73355);
#73357=CARTESIAN_POINT('Vertex',(9401.34,-2577.01538773,1187.4272126));
#73358=VERTEX_POINT('',#73357);
#73359=EDGE_CURVE('',#73356,#73358,#73354,.T.);
#73360=CARTESIAN_POINT('Line Origine',(9403.045,-2577.01538773,1187.4272126));
#73361=DIRECTION('Vector Direction',(1,0,0));
#73362=VECTOR('Line Direction',#73361,1.);
#73363=LINE('Line',#73360,#73362);
#73364=CARTESIAN_POINT('Vertex',(9404.75,-2577.01538773,1187.4272126));
#73365=VERTEX_POINT('',#73364);
#73366=EDGE_CURVE('',#73365,#73358,#73363,.F.);
#73367=CARTESIAN_POINT('Axis2P3D Location',(9404.75,-2583.85156128,1176.25238682));
#73368=DIRECTION('Axis2P3D Direction',(1,0,0));
#73369=AXIS2_PLACEMENT_3D('Circle Axis2P3D',#73367,#73368,$);
#73370=CIRCLE('generated circle',#73369,13.1);
#73371=CARTESIAN_POINT('Vertex',(9404.75,-2575.99915542,1186.73807813));
#73372=VERTEX_POINT('',#73371);
#73373=EDGE_CURVE('',#73372,#73365,#73370,.T.);
#73374=CARTESIAN_POINT('Line Origine',(9403.045,-2575.99915542,1186.73807813));
#73375=DIRECTION('Vector Direction',(1,0,0));
#73376=VECTOR('Line Direction',#73375,1.);
#73377=LINE('Line',#73374,#73376);
#73378=EDGE_CURVE('',#73356,#73372,#73377,.T.);
#73379=EDGE_LOOP('',(#73380,#73381,#73382,#73383));
#73380=ORIENTED_EDGE('',*,*,#73359,.T.);
#73381=ORIENTED_EDGE('',*,*,#73366,.F.);
#73382=ORIENTED_EDGE('',*,*,#73373,.F.);
#73383=ORIENTED_EDGE('',*,*,#73378,.F.);
#73384=FACE_OUTER_BOUND('',#73379,.T.);
#73385=ADVANCED_FACE('PartBody',(#73384),#73350,.T.);
#73386=CARTESIAN_POINT('Axis2P3D Location',(9404.75,-2558.38963328,1173.55085844));
#73387=DIRECTION('Axis2P3D Direction',(0,-0.5994202945647223,-0.8004344510726293));
#73388=DIRECTION('Axis2P3D XDirection',(1,0,0));
#73389=AXIS2_PLACEMENT_3D('Plane Axis2P3D',#73386,#73387,#73388);
#73390=PLANE('',#73389);
#73391=CARTESIAN_POINT('Line Origine',(9401.34,-2558.38963328,1173.55085844));
#73392=DIRECTION('Vector Direction',(0,-0.8004344510726293,0.5994202945647223));
#73393=VECTOR('Line Direction',#73392,1.);
#73394=LINE('Line',#73391,#73393);
#73395=CARTESIAN_POINT('Vertex',(9401.34,-2540.78011114,1160.36363876));
#73396=VERTEX_POINT('',#73395);
#73397=EDGE_CURVE('',#73396,#73356,#73394,.T.);
#73398=CARTESIAN_POINT('Line Origine',(9404.75,-2558.38963328,1173.55085844));
#73399=DIRECTION('Vector Direction',(0,-0.8004344510726293,0.5994202945647223));
#73400=VECTOR('Line Direction',#73399,1.);
#73401=LINE('Line',#73398,#73400);
#73402=CARTESIAN_POINT('Vertex',(9404.75,-2540.78011114,1160.36363876));
#73403=VERTEX_POINT('',#73402);
#73404=EDGE_CURVE('',#73403,#73372,#73401,.T.);
#73405=CARTESIAN_POINT('Line Origine',(9403.045,-2540.78011114,1160.36363876));
#73406=DIRECTION('Vector Direction',(1,0,0));
#73407=VECTOR('Line Direction',#73406,1.);
#73408=LINE('Line',#73405,#73407);
#73409=EDGE_CURVE('',#73396,#73403,#73408,.T.);
#73410=EDGE_LOOP('',(#73411,#73412,#73413,#73414));
#73411=ORIENTED_EDGE('',*,*,#73397,.T.);
#73412=ORIENTED_EDGE('',*,*,#73378,.T.);
#73413=ORIENTED_EDGE('',*,*,#73404,.F.);
#73414=ORIENTED_EDGE('',*,*,#73409,.F.);
#73415=FACE_OUTER_BOUND('',#73410,.T.);
#73416=ADVANCED_FACE('PartBody',(#73415),#73390,.F.);
#73417=CARTESIAN_POINT('Axis2P3D Location',(9404.75,-2528.79170525,1176.37232778));
#73418=DIRECTION('Axis2P3D Direction',(1,0,0));
#73419=DIRECTION('Axis2P3D XDirection',(0,0.4654120048108624,0.8850941564477385));
#73420=AXIS2_PLACEMENT_3D('Cylinder Axis2P3D',#73417,#73418,#73419);
#73421=CYLINDRICAL_SURFACE('generated cylinder',#73420,20.);
#73422=CARTESIAN_POINT('Axis2P3D Location',(9401.34,-2528.79170525,1176.37232778));
#73423=DIRECTION('Axis2P3D Direction',(1,0,0));
#73424=AXIS2_PLACEMENT_3D('Circle Axis2P3D',#73422,#73423,$);
#73425=CIRCLE('generated circle',#73424,20.);
#73426=CARTESIAN_POINT('Vertex',(9401.34,-2535.18590548,1157.42201899));
#73427=VERTEX_POINT('',#73426);
#73428=EDGE_CURVE('',#73427,#73396,#73425,.F.);
#73429=CARTESIAN_POINT('Axis2P3D Location',(9404.75,-2528.79170525,1176.37232778));
#73430=DIRECTION('Axis2P3D Direction',(1,0,0));
#73431=AXIS2_PLACEMENT_3D('Circle Axis2P3D',#73429,#73430,$);
#73432=CIRCLE('generated circle',#73431,20.);
#73433=CARTESIAN_POINT('Vertex',(9404.75,-2535.18590548,1157.42201899));
#73434=VERTEX_POINT('',#73433);
#73435=EDGE_CURVE('',#73434,#73403,#73432,.F.);
#73436=CARTESIAN_POINT('Line Origine',(9403.045,-2535.18590548,1157.42201899));
#73437=DIRECTION('Vector Direction',(1,0,0));
#73438=VECTOR('Line Direction',#73437,1.);
#73439=LINE('Line',#73436,#73438);
#73440=EDGE_CURVE('',#73427,#73434,#73439,.T.);
#73441=EDGE_LOOP('',(#73442,#73443,#73444,#73445));
#73442=ORIENTED_EDGE('',*,*,#73428,.T.);
#73443=ORIENTED_EDGE('',*,*,#73409,.T.);
#73444=ORIENTED_EDGE('',*,*,#73435,.F.);
#73445=ORIENTED_EDGE('',*,*,#73440,.F.);
#73446=FACE_OUTER_BOUND('',#73441,.T.);
#73447=ADVANCED_FACE('PartBody',(#73446),#73421,.F.);
#73448=CARTESIAN_POINT('Axis2P3D Location',(9404.75,-2524.0962478,1153.68015427));
#73449=DIRECTION('Axis2P3D Direction',(0,-0.3197100115768601,-0.9475154397145853));
#73450=DIRECTION('Axis2P3D XDirection',(1,0,0));
#73451=AXIS2_PLACEMENT_3D('Plane Axis2P3D',#73448,#73449,#73450);
#73452=PLANE('',#73451);
#73453=CARTESIAN_POINT('Line Origine',(9401.34,-2524.0962478,1153.68015427));
#73454=DIRECTION('Vector Direction',(0,-0.9475154397145853,0.3197100115768601));
#73455=VECTOR('Line Direction',#73454,1.);
#73456=LINE('Line',#73453,#73455);
#73457=CARTESIAN_POINT('Vertex',(9401.34,-2513.00659011,1149.93828956));
#73458=VERTEX_POINT('',#73457);
#73459=EDGE_CURVE('',#73458,#73427,#73456,.T.);
#73460=CARTESIAN_POINT('Line Origine',(9404.75,-2524.0962478,1153.68015427));
#73461=DIRECTION('Vector Direction',(0,-0.9475154397145853,0.3197100115768601));
#73462=VECTOR('Line Direction',#73461,1.);
#73463=LINE('Line',#73460,#73462);
#73464=CARTESIAN_POINT('Vertex',(9404.75,-2513.00659011,1149.93828956));
#73465=VERTEX_POINT('',#73464);
#73466=EDGE_CURVE('',#73465,#73434,#73463,.T.);
#73467=CARTESIAN_POINT('Line Origine',(9403.045,-2513.00659011,1149.93828956));
#73468=DIRECTION('Vector Direction',(1,0,0));
#73469=VECTOR('Line Direction',#73468,1.);
#73470=LINE('Line',#73467,#73469);
#73471=EDGE_CURVE('',#73458,#73465,#73470,.T.);
#73472=EDGE_LOOP('',(#73473,#73474,#73475,#73476));
#73473=ORIENTED_EDGE('',*,*,#73459,.T.);
#73474=ORIENTED_EDGE('',*,*,#73440,.T.);
#73475=ORIENTED_EDGE('',*,*,#73466,.F.);
#73476=ORIENTED_EDGE('',*,*,#73471,.F.);
#73477=FACE_OUTER_BOUND('',#73472,.T.);
#73478=ADVANCED_FACE('PartBody',(#73477),#73452,.F.);
#73479=CARTESIAN_POINT('Axis2P3D Location',(9404.75,-2517.16282026,1137.62058885));
#73480=DIRECTION('Axis2P3D Direction',(1,0,0));
#73481=DIRECTION('Axis2P3D XDirection',(-0,-0.8949465596845235,-0.4461733467037624));
#73482=AXIS2_PLACEMENT_3D('Cylinder Axis2P3D',#73479,#73480,#73481);
#73483=CYLINDRICAL_SURFACE('generated cylinder',#73482,13.);
#73484=CARTESIAN_POINT('Axis2P3D Location',(9401.34,-2517.16282026,1137.62058885));
#73485=DIRECTION('Axis2P3D Direction',(1,0,0));
#73486=AXIS2_PLACEMENT_3D('Circle Axis2P3D',#73484,#73485,$);
#73487=CIRCLE('generated circle',#73486,13.);
#73488=CARTESIAN_POINT('Vertex',(9401.34,-2504.82440917,1133.52624986));
#73489=VERTEX_POINT('',#73488);
#73490=EDGE_CURVE('',#73489,#73458,#73487,.T.);
#73491=CARTESIAN_POINT('Axis2P3D Location',(9404.75,-2517.16282026,1137.62058885));
#73492=DIRECTION('Axis2P3D Direction',(1,0,0));
#73493=AXIS2_PLACEMENT_3D('Circle Axis2P3D',#73491,#73492,$);
#73494=CIRCLE('generated circle',#73493,13.);
#73495=CARTESIAN_POINT('Vertex',(9404.75,-2504.82440917,1133.52624986));
#73496=VERTEX_POINT('',#73495);
#73497=EDGE_CURVE('',#73496,#73465,#73494,.T.);
#73498=CARTESIAN_POINT('Line Origine',(9403.045,-2504.82440917,1133.52624986));
#73499=DIRECTION('Vector Direction',(1,0,0));
#73500=VECTOR('Line Direction',#73499,1.);
#73501=LINE('Line',#73498,#73500);
#73502=EDGE_CURVE('',#73489,#73496,#73501,.T.);
#73503=EDGE_LOOP('',(#73504,#73505,#73506,#73507));
#73504=ORIENTED_EDGE('',*,*,#73490,.T.);
#73505=ORIENTED_EDGE('',*,*,#73471,.T.);
#73506=ORIENTED_EDGE('',*,*,#73497,.F.);
#73507=ORIENTED_EDGE('',*,*,#73502,.F.);
#73508=FACE_OUTER_BOUND('',#73503,.T.);
#73509=ADVANCED_FACE('PartBody',(#73508),#73483,.T.);
#73510=B_SPLINE_CURVE_WITH_KNOTS('',5,(#73511,#73512,#73513,#73514,#73515,#73516),.UNSPECIFIED.,.F.,.U.,(6,6),(1356.51841824,2316.30652818),.UNSPECIFIED.);
#73511=CARTESIAN_POINT('Control Point',(9404.75,-2504.82440917,1133.52624986));
#73512=CARTESIAN_POINT('Control Point',(9404.75,-2539.80147177,1028.12184197));
#73513=CARTESIAN_POINT('Control Point',(9404.75,-2570.0206348,921.139134461));
#73514=CARTESIAN_POINT('Control Point',(9404.75,-2595.38771721,812.8588910320001));
#73515=CARTESIAN_POINT('Control Point',(9404.75,-2615.83383382,703.5793618180001));
#73516=CARTESIAN_POINT('Control Point',(9404.75,-2631.31425377,593.606898903));
#73517=DIRECTION('Vector Direction',(1,0,0));
#73518=VECTOR('Extrusion Surface Vector',#73517,1.);
#73519=SURFACE_OF_LINEAR_EXTRUSION('generated tabulated cylinder',#73510,#73518);
#73520=B_SPLINE_CURVE_WITH_KNOTS('',4,(#73521,#73522,#73523,#73524,#73525),.UNSPECIFIED.,.F.,.U.,(5,5),(0.,1108.84738149),.UNSPECIFIED.);
#73521=CARTESIAN_POINT('Control Point',(9401.34,-2631.31425377,593.606898904));
#73522=CARTESIAN_POINT('Control Point',(9401.34,-2611.96365291,731.0730169640001));
#73523=CARTESIAN_POINT('Control Point',(9401.34,-2584.33741239,867.382471848));
#73524=CARTESIAN_POINT('Control Point',(9401.34,-2548.54595427,1001.77008651));
#73525=CARTESIAN_POINT('Control Point',(9401.34,-2504.82440917,1133.52624986));
#73526=CARTESIAN_POINT('Vertex',(9401.34,-2631.31425377,593.606898904));
#73527=VERTEX_POINT('',#73526);
#73528=EDGE_CURVE('',#73527,#73489,#73520,.T.);
#73529=B_SPLINE_CURVE_WITH_KNOTS('',4,(#73530,#73531,#73532,#73533,#73534),.UNSPECIFIED.,.F.,.U.,(5,5),(0.,1108.84738149),.UNSPECIFIED.);
#73530=CARTESIAN_POINT('Control Point',(9404.75,-2631.31425377,593.606898904));
#73531=CARTESIAN_POINT('Control Point',(9404.75,-2611.96365291,731.0730169640001));
#73532=CARTESIAN_POINT('Control Point',(9404.75,-2584.33741239,867.382471848));
#73533=CARTESIAN_POINT('Control Point',(9404.75,-2548.54595427,1001.77008651));
#73534=CARTESIAN_POINT('Control Point',(9404.75,-2504.82440917,1133.52624986));
#73535=CARTESIAN_POINT('Vertex',(9404.75,-2631.31425377,593.606898904));
#73536=VERTEX_POINT('',#73535);
#73537=EDGE_CURVE('',#73536,#73496,#73529,.T.);
#73538=CARTESIAN_POINT('Line Origine',(9403.045,-2631.31425377,593.606898904));
#73539=DIRECTION('Vector Direction',(1,0,0));
#73540=VECTOR('Line Direction',#73539,1.);
#73541=LINE('Line',#73538,#73540);
#73542=EDGE_CURVE('',#73527,#73536,#73541,.T.);
#73543=EDGE_LOOP('',(#73544,#73545,#73546,#73547));
#73544=ORIENTED_EDGE('',*,*,#73528,.T.);
#73545=ORIENTED_EDGE('',*,*,#73502,.T.);
#73546=ORIENTED_EDGE('',*,*,#73537,.F.);
#73547=ORIENTED_EDGE('',*,*,#73542,.F.);
#73548=FACE_OUTER_BOUND('',#73543,.T.);
#73549=ADVANCED_FACE('PartBody',(#73548),#73519,.F.);
#73550=CARTESIAN_POINT('Axis2P3D Location',(9404.75,-2644.18733829,595.41899576));
#73551=DIRECTION('Axis2P3D Direction',(1,0,0));
#73552=DIRECTION('Axis2P3D XDirection',(0,-0.6032299728567586,0.7975673011396809));
#73553=AXIS2_PLACEMENT_3D('Cylinder Axis2P3D',#73550,#73551,#73552);
#73554=CYLINDRICAL_SURFACE('generated cylinder',#73553,13.);
#73555=CARTESIAN_POINT('Axis2P3D Location',(9401.34,-2644.18733829,595.41899576));
#73556=DIRECTION('Axis2P3D Direction',(1,0,0));
#73557=AXIS2_PLACEMENT_3D('Circle Axis2P3D',#73555,#73556,$);
#73558=CIRCLE('generated circle',#73557,13.);
#73559=CARTESIAN_POINT('Vertex',(9401.34,-2645.94808264,582.5387869370001));
#73560=VERTEX_POINT('',#73559);
#73561=EDGE_CURVE('',#73560,#73527,#73558,.T.);
#73562=CARTESIAN_POINT('Axis2P3D Location',(9404.75,-2644.18733829,595.41899576));
#73563=DIRECTION('Axis2P3D Direction',(1,0,0));
#73564=AXIS2_PLACEMENT_3D('Circle Axis2P3D',#73562,#73563,$);
#73565=CIRCLE('generated circle',#73564,13.);
#73566=CARTESIAN_POINT('Vertex',(9404.75,-2645.94808264,582.5387869370001));
#73567=VERTEX_POINT('',#73566);
#73568=EDGE_CURVE('',#73567,#73536,#73565,.T.);
#73569=CARTESIAN_POINT('Line Origine',(9403.045,-2645.94808264,582.5387869370001));
#73570=DIRECTION('Vector Direction',(1,0,0));
#73571=VECTOR('Line Direction',#73570,1.);
#73572=LINE('Line',#73569,#73571);
#73573=EDGE_CURVE('',#73560,#73567,#73572,.T.);
#73574=EDGE_LOOP('',(#73575,#73576,#73577,#73578));
#73575=ORIENTED_EDGE('',*,*,#73561,.T.);
#73576=ORIENTED_EDGE('',*,*,#73542,.T.);
#73577=ORIENTED_EDGE('',*,*,#73568,.F.);
#73578=ORIENTED_EDGE('',*,*,#73573,.F.);
#73579=FACE_OUTER_BOUND('',#73574,.T.);
#73580=ADVANCED_FACE('PartBody',(#73579),#73554,.T.);
#73581=CARTESIAN_POINT('Axis2P3D Location',(9404.75,-2685.27240512,587.914482282));
#73582=DIRECTION('Axis2P3D Direction',(0,0.1354418730649979,0.9907852941079843));
#73583=DIRECTION('Axis2P3D XDirection',(1,0,0));
#73584=AXIS2_PLACEMENT_3D('Plane Axis2P3D',#73581,#73582,#73583);
#73585=PLANE('',#73584);
#73586=CARTESIAN_POINT('Line Origine',(9401.34,-2685.27240512,587.914482282));
#73587=DIRECTION('Vector Direction',(0,0.9907852941079843,-0.1354418730649979));
#73588=VECTOR('Line Direction',#73587,1.);
#73589=LINE('Line',#73586,#73588);
#73590=CARTESIAN_POINT('Vertex',(9401.34,-2724.59672759,593.290177627));
#73591=VERTEX_POINT('',#73590);
#73592=EDGE_CURVE('',#73591,#73560,#73589,.T.);
#73593=CARTESIAN_POINT('Line Origine',(9404.75,-2685.27240512,587.914482282));
#73594=DIRECTION('Vector Direction',(0,0.9907852941079843,-0.1354418730649979));
#73595=VECTOR('Line Direction',#73594,1.);
#73596=LINE('Line',#73593,#73595);
#73597=CARTESIAN_POINT('Vertex',(9404.75,-2724.59672759,593.290177627));
#73598=VERTEX_POINT('',#73597);
#73599=EDGE_CURVE('',#73598,#73567,#73596,.T.);
#73600=CARTESIAN_POINT('Line Origine',(9403.045,-2724.59672759,593.290177627));
#73601=DIRECTION('Vector Direction',(1,0,0));
#73602=VECTOR('Line Direction',#73601,1.);
#73603=LINE('Line',#73600,#73602);
#73604=EDGE_CURVE('',#73591,#73598,#73603,.T.);
#73605=EDGE_LOOP('',(#73606,#73607,#73608,#73609));
#73606=ORIENTED_EDGE('',*,*,#73592,.T.);
#73607=ORIENTED_EDGE('',*,*,#73573,.T.);
#73608=ORIENTED_EDGE('',*,*,#73599,.F.);
#73609=ORIENTED_EDGE('',*,*,#73604,.F.);
#73610=FACE_OUTER_BOUND('',#73605,.T.);
#73611=ADVANCED_FACE('PartBody',(#73610),#73585,.F.);
#73612=CARTESIAN_POINT('Axis2P3D Location',(9401.34,0,0.114));
#73613=DIRECTION('Axis2P3D Direction',(1,0,0));
#73614=DIRECTION('Axis2P3D XDirection',(0,1,0));
#73615=AXIS2_PLACEMENT_3D('Plane Axis2P3D',#73612,#73613,#73614);
#73616=PLANE('',#73615);
#73617=B_SPLINE_CURVE_WITH_KNOTS('',1,(#73618,#73619),.UNSPECIFIED.,.F.,.U.,(2,2),(-6.67112650033,6.67112650033),.UNSPECIFIED.);
#73618=CARTESIAN_POINT('Control Point',(9401.34,-2737.81603566,595.097277364));
#73619=CARTESIAN_POINT('Control Point',(9401.34,-2724.59672759,593.290177627));
#73620=CARTESIAN_POINT('Vertex',(9401.340015059999,-2737.81605179,595.097283599));
#73621=VERTEX_POINT('',#73620);
#73622=EDGE_CURVE('',#73621,#73591,#73617,.T.);
#73623=B_SPLINE_CURVE_WITH_KNOTS('',5,(#73624,#73625,#73626,#73627,#73628,#73629,#73630,#73631,#73632,#73633,#73634,#73635),.UNSPECIFIED.,.F.,.U.,(6,3,3,6),(191.711913924,510.131047687,895.856098788,1063.44067818),.UNSPECIFIED.);
#73624=CARTESIAN_POINT('Control Point',(9401.34,-2737.81603512,595.097281319));
#73625=CARTESIAN_POINT('Control Point',(9401.34,-2731.68532125,639.9127851650001));
#73626=CARTESIAN_POINT('Control Point',(9401.34,-2724.7775227,684.5595956550001));
#73627=CARTESIAN_POINT('Control Point',(9401.34,-2717.09607879,729.0283936630001));
#73628=CARTESIAN_POINT('Control Point',(9401.34,-2698.40430083,826.950927964));
#73629=CARTESIAN_POINT('Control Point',(9401.34,-2675.96125101,923.9160078450001));
#73630=CARTESIAN_POINT('Control Point',(9401.34,-2662.55336893,976.705979875));
#73631=CARTESIAN_POINT('Control Point',(9401.34,-2641.70616856,1052.00465804));
#73632=CARTESIAN_POINT('Control Point',(9401.34,-2618.55940761,1126.60792307));
#73633=CARTESIAN_POINT('Control Point',(9401.34,-2611.33795002,1149.13830281));
#73634=CARTESIAN_POINT('Control Point',(9401.34,-2603.90571724,1171.60202581));
#73635=CARTESIAN_POINT('Control Point',(9401.34,-2596.262741,1193.99761842));
#73636=CARTESIAN_POINT('Vertex',(9401.340016189999,-2596.26275481,1193.99762737));
#73637=VERTEX_POINT('',#73636);
#73638=EDGE_CURVE('',#73621,#73637,#73623,.T.);
#73639=B_SPLINE_CURVE_WITH_KNOTS('',1,(#73640,#73641),.UNSPECIFIED.,.F.,.U.,(2,2),(-10.1689581673,10.1689581673),.UNSPECIFIED.);
#73640=CARTESIAN_POINT('Control Point',(9401.34,-2596.262741,1193.99761842));
#73641=CARTESIAN_POINT('Control Point',(9401.34,-2577.01538773,1187.4272126));
#73642=EDGE_CURVE('',#73637,#73358,#73639,.T.);
#73643=EDGE_LOOP('',(#73644,#73645,#73646,#73647,#73648,#73649,#73650,#73651,#73652,#73653,#73654));
#73644=ORIENTED_EDGE('',*,*,#73359,.F.);
#73645=ORIENTED_EDGE('',*,*,#73397,.F.);
#73646=ORIENTED_EDGE('',*,*,#73428,.F.);
#73647=ORIENTED_EDGE('',*,*,#73459,.F.);
#73648=ORIENTED_EDGE('',*,*,#73490,.F.);
#73649=ORIENTED_EDGE('',*,*,#73528,.F.);
#73650=ORIENTED_EDGE('',*,*,#73561,.F.);
#73651=ORIENTED_EDGE('',*,*,#73592,.F.);
#73652=ORIENTED_EDGE('',*,*,#73622,.F.);
#73653=ORIENTED_EDGE('',*,*,#73638,.T.);
#73654=ORIENTED_EDGE('',*,*,#73642,.T.);
#73655=FACE_OUTER_BOUND('',#73643,.T.);
#73656=ADVANCED_FACE('PartBody',(#73655),#73616,.F.);
#73657=B_SPLINE_SURFACE_WITH_KNOTS('',5,5,((#73658,#73659,#73660,#73661,#73662,#73663),(#73664,#73665,#73666,#73667,#73668,#73669),(#73670,#73671,#73672,#73673,#73674,#73675),(#73676,#73677,#73678,#73679,#73680,#73681),(#73682,#73683,#73684,#73685,#73686,#73687),(#73688,#73689,#73690,#73691,#73692,#73693),(#73694,#73695,#73696,#73697,#73698,#73699),(#73700,#73701,#73702,#73703,#73704,#73705),(#73706,#73707,#73708,#73709,#73710,#73711),(#73712,#73713,#73714,#73715,#73716,#73717),(#73718,#73719,#73720,#73721,#73722,#73723),(#73724,#73725,#73726,#73727,#73728,#73729),(#73730,#73731,#73732,#73733,#73734,#73735),(#73736,#73737,#73738,#73739,#73740,#73741),(#73742,#73743,#73744,#73745,#73746,#73747),(#73748,#73749,#73750,#73751,#73752,#73753),(#73754,#73755,#73756,#73757,#73758,#73759),(#73760,#73761,#73762,#73763,#73764,#73765),(#73766,#73767,#73768,#73769,#73770,#73771),(#73772,#73773,#73774,#73775,#73776,#73777),(#73778,#73779,#73780,#73781,#73782,#73783),(#73784,#73785,#73786,#73787,#73788,#73789),(#73790,#73791,#73792,#73793,#73794,#73795),(#73796,#73797,#73798,#73799,#73800,#73801),(#73802,#73803,#73804,#73805,#73806,#73807),(#73808,#73809,#73810,#73811,#73812,#73813),(#73814,#73815,#73816,#73817,#73818,#73819)),.UNSPECIFIED.,.F.,.F.,.U.,(6,3,3,3,3,3,3,3,6),(6,6),(191.711906398,247.784251997,359.928943195,510.131047687,696.363016788,832.0303495,895.856098788,968.410627737,1063.63863002),(0.,6.91),.UNSPECIFIED.);
#73658=CARTESIAN_POINT('Control Point',(9397.386251959999,-2741.25442319,595.568032796));
#73659=CARTESIAN_POINT('Control Point',(9398.567478159999,-2741.40460511,595.605795894));
#73660=CARTESIAN_POINT('Control Point',(9399.81612519,-2741.06269073,595.56417545));
#73661=CARTESIAN_POINT('Control Point',(9400.83656048,-2740.17635081,595.4272846580001));
#73662=CARTESIAN_POINT('Control Point',(9401.339628039999,-2738.9948301,595.2608467580001));
#73663=CARTESIAN_POINT('Control Point',(9401.33998042,-2737.81607518,595.096971672));
#73664=CARTESIAN_POINT('Control Point',(9397.385845639999,-2740.17374827,603.467352795));
#73665=CARTESIAN_POINT('Control Point',(9398.566823589999,-2740.32459593,603.500957116));
#73666=CARTESIAN_POINT('Control Point',(9399.81535692,-2739.98323451,603.455401006));
#73667=CARTESIAN_POINT('Control Point',(9400.836784039999,-2739.09548175,603.329424911));
#73668=CARTESIAN_POINT('Control Point',(9401.339823279999,-2737.91455809,603.158379662));
#73669=CARTESIAN_POINT('Control Point',(9401.34002706,-2736.73638556,602.989538016));
#73670=CARTESIAN_POINT('Control Point',(9397.38558676,-2739.06871876,611.36330552));
#73671=CARTESIAN_POINT('Control Point',(9398.566259989999,-2739.22029556,611.392084593));
#73672=CARTESIAN_POINT('Control Point',(9399.815037209999,-2738.87886283,611.347744113));
#73673=CARTESIAN_POINT('Control Point',(9400.83658748,-2737.99139059,611.219659902));
#73674=CARTESIAN_POINT('Control Point',(9401.33991191,-2736.81033962,611.0492484600001));
#73675=CARTESIAN_POINT('Control Point',(9401.339995279999,-2735.63276223,610.875622527));
#73676=CARTESIAN_POINT('Control Point',(9397.385264249999,-2737.93971538,619.252933296));
#73677=CARTESIAN_POINT('Control Point',(9398.565960559999,-2738.0914135,619.2816600790001));
#73678=CARTESIAN_POINT('Control Point',(9399.81473554,-2737.75037209,619.234922392));
#73679=CARTESIAN_POINT('Control Point',(9400.836454299999,-2736.86308689,619.105521589));
#73680=CARTESIAN_POINT('Control Point',(9401.339805449999,-2735.68243729,618.931810655));
#73681=CARTESIAN_POINT('Control Point',(9401.339992339999,-2734.50499437,618.756907476));
#73682=CARTESIAN_POINT('Control Point',(9397.384372839999,-2734.48036275,642.9064976330001));
#73683=CARTESIAN_POINT('Control Point',(9398.56492875,-2734.63277416,642.9321547870001));
#73684=CARTESIAN_POINT('Control Point',(9399.813946979999,-2734.29239786,642.882150531));
#73685=CARTESIAN_POINT('Control Point',(9400.836101999999,-2733.40580365,642.7479361540001));
#73686=CARTESIAN_POINT('Control Point',(9401.33973313,-2732.22600154,642.56737751));
#73687=CARTESIAN_POINT('Control Point',(9401.340008559999,-2731.0494743,642.3851060840001));
#73688=CARTESIAN_POINT('Control Point',(9397.383548620001,-2730.80446166,666.511108881));
#73689=CARTESIAN_POINT('Control Point',(9398.564202919999,-2730.95704893,666.53749515));
#73690=CARTESIAN_POINT('Control Point',(9399.81342085,-2730.61736333,666.484057131));
#73691=CARTESIAN_POINT('Control Point',(9400.835810709999,-2729.73184543,666.342552035));
#73692=CARTESIAN_POINT('Control Point',(9401.339598679999,-2728.55319501,666.153564368));
#73693=CARTESIAN_POINT('Control Point',(9401.340003399999,-2727.37760488,665.9645267870001));
#73694=CARTESIAN_POINT('Control Point',(9397.383068159999,-2728.25766292,682.225968018));
#73695=CARTESIAN_POINT('Control Point',(9398.56374268,-2728.41041682,682.2522931670001));
#73696=CARTESIAN_POINT('Control Point',(9399.813114729999,-2728.07112157,682.1971061200001));
#73697=CARTESIAN_POINT('Control Point',(9400.83569937,-2727.18625143,682.051535926));
#73698=CARTESIAN_POINT('Control Point',(9401.33959636,-2726.00839748,681.857090524));
#73699=CARTESIAN_POINT('Control Point',(9401.34001464,-2724.8336267,681.662431014));
#73700=CARTESIAN_POINT('Control Point',(9397.382008589999,-2722.07531216,718.93582058));
#73701=CARTESIAN_POINT('Control Point',(9398.5628007,-2722.22823913,718.963267026));
#73702=CARTESIAN_POINT('Control Point',(9399.81248484,-2721.88989035,718.903735633));
#73703=CARTESIAN_POINT('Control Point',(9400.835432959999,-2721.00670377,718.74781268));
#73704=CARTESIAN_POINT('Control Point',(9401.339529839999,-2719.8308843,718.5400390780001));
#73705=CARTESIAN_POINT('Control Point',(9401.34000437,-2718.65807622,718.3326132540001));
#73706=CARTESIAN_POINT('Control Point',(9397.38118565,-2715.36831426,755.521062582));
#73707=CARTESIAN_POINT('Control Point',(9398.56208774,-2715.52124794,755.550081193));
#73708=CARTESIAN_POINT('Control Point',(9399.81203076,-2715.18380789,755.486575193));
#73709=CARTESIAN_POINT('Control Point',(9400.835268679999,-2714.30245515,755.32046289));
#73710=CARTESIAN_POINT('Control Point',(9401.33951267,-2713.12894829,755.0992006900001));
#73711=CARTESIAN_POINT('Control Point',(9401.34000206,-2711.95843787,754.878412949));
#73712=CARTESIAN_POINT('Control Point',(9397.380791809999,-2711.35670516,776.425530964));
#73713=CARTESIAN_POINT('Control Point',(9398.56174967,-2711.50959577,776.45551759));
#73714=CARTESIAN_POINT('Control Point',(9399.811818169999,-2711.17267311,776.389768709));
#73715=CARTESIAN_POINT('Control Point',(9400.83519496,-2710.29242162,776.217828293));
#73716=CARTESIAN_POINT('Control Point',(9401.33950797,-2709.12032315,775.988818377));
#73717=CARTESIAN_POINT('Control Point',(9401.3400016,-2707.9512158,775.760324997));
#73718=CARTESIAN_POINT('Control Point',(9397.38008185,-2701.9875421,823.153269462));
#73719=CARTESIAN_POINT('Control Point',(9398.56114322,-2702.14024306,823.185487261));
#73720=CARTESIAN_POINT('Control Point',(9399.81143863,-2701.80447925,823.114735213));
#73721=CARTESIAN_POINT('Control Point',(9400.83506517,-2700.92681072,822.929742278));
#73722=CARTESIAN_POINT('Control Point',(9401.339501259999,-2699.75804955,822.683366531));
#73723=CARTESIAN_POINT('Control Point',(9401.340000959999,-2698.59226773,822.437590351));
#73724=CARTESIAN_POINT('Control Point',(9397.37975627,-2691.76114768,869.662261863));
#73725=CARTESIAN_POINT('Control Point',(9398.56086747,-2691.91346573,869.696758432));
#73726=CARTESIAN_POINT('Control Point',(9399.811267089999,-2691.5788649,869.621029013));
#73727=CARTESIAN_POINT('Control Point',(9400.835007079999,-2690.70403863,869.423016436));
#73728=CARTESIAN_POINT('Control Point',(9401.339498449999,-2689.53901641,869.159313932));
#73729=CARTESIAN_POINT('Control Point',(9401.34000036,-2688.37696146,868.8962819550001));
#73730=CARTESIAN_POINT('Control Point',(9397.37969233,-2685.83902479,895.3357047330001));
#73731=CARTESIAN_POINT('Control Point',(9398.560812669999,-2685.99107741,895.371443979));
#73732=CARTESIAN_POINT('Control Point',(9399.81123211,-2685.65712446,895.292954987));
#73733=CARTESIAN_POINT('Control Point',(9400.834993909999,-2684.78395314,895.08774455));
#73734=CARTESIAN_POINT('Control Point',(9401.339496339999,-2683.62112419,894.814471853));
#73735=CARTESIAN_POINT('Control Point',(9401.3399997,-2682.46125544,894.541910262));
#73736=CARTESIAN_POINT('Control Point',(9397.379779879999,-2675.15110854,939.5871076110001));
#73737=CARTESIAN_POINT('Control Point',(9398.56088585,-2675.30261132,939.624989944));
#73738=CARTESIAN_POINT('Control Point',(9399.811278629999,-2674.96978174,939.541785394));
#73739=CARTESIAN_POINT('Control Point',(9400.83501124,-2674.0996112,939.324200312));
#73740=CARTESIAN_POINT('Control Point',(9401.339499079999,-2672.94079153,939.034422664));
#73741=CARTESIAN_POINT('Control Point',(9401.33999943,-2671.78493077,938.745343785));
#73742=CARTESIAN_POINT('Control Point',(9397.380207169999,-2663.68236511,983.621131213));
#73743=CARTESIAN_POINT('Control Point',(9398.56124895,-2663.83314827,983.661180029));
#73744=CARTESIAN_POINT('Control Point',(9399.811502159999,-2663.50146876,983.5732003290001));
#73745=CARTESIAN_POINT('Control Point',(9400.835083989999,-2662.63454029,983.343236532));
#73746=CARTESIAN_POINT('Control Point',(9401.33949905,-2661.48010228,983.036984468));
#73747=CARTESIAN_POINT('Control Point',(9401.340001409999,-2660.32860021,982.73152799));
#73748=CARTESIAN_POINT('Control Point',(9397.38044495,-2658.71002609,1002.14092752));
#73749=CARTESIAN_POINT('Control Point',(9398.561448029999,-2658.86049426,1002.18179866));
#73750=CARTESIAN_POINT('Control Point',(9399.81162658,-2658.52928871,1002.09183501));
#73751=CARTESIAN_POINT('Control Point',(9400.83512491,-2657.6637816,1001.85662779));
#73752=CARTESIAN_POINT('Control Point',(9401.33950034,-2656.51125069,1001.5434532));
#73753=CARTESIAN_POINT('Control Point',(9401.33999959,-2655.36167351,1001.2310101));
#73754=CARTESIAN_POINT('Control Point',(9397.38087212,-2651.19437981,1029.31576065));
#73755=CARTESIAN_POINT('Control Point',(9398.561814029999,-2651.34428143,1029.35806547));
#73756=CARTESIAN_POINT('Control Point',(9399.81185172,-2651.01379316,1029.26515243));
#73757=CARTESIAN_POINT('Control Point',(9400.835200019999,-2650.15039464,1029.02238107));
#73758=CARTESIAN_POINT('Control Point',(9401.3395014,-2649.00077537,1028.6990183));
#73759=CARTESIAN_POINT('Control Point',(9401.3400024,-2647.85407644,1028.37649208));
#73760=CARTESIAN_POINT('Control Point',(9397.38143193,-2643.37874569,1056.40445233));
#73761=CARTESIAN_POINT('Control Point',(9398.56228728,-2643.52806856,1056.44802201));
#73762=CARTESIAN_POINT('Control Point',(9399.812147069999,-2643.19828902,1056.3522017));
#73763=CARTESIAN_POINT('Control Point',(9400.83529773,-2642.3371418,1056.10173175));
#73764=CARTESIAN_POINT('Control Point',(9401.33950378,-2641.19057685,1055.7681963));
#73765=CARTESIAN_POINT('Control Point',(9401.339999439999,-2640.04696227,1055.43540674));
#73766=CARTESIAN_POINT('Control Point',(9397.381621549999,-2640.84754374,1065.06220467));
#73767=CARTESIAN_POINT('Control Point',(9398.5624491,-2640.99666081,1065.10622218));
#73768=CARTESIAN_POINT('Control Point',(9399.81224786,-2640.66710904,1065.00947087));
#73769=CARTESIAN_POINT('Control Point',(9400.83533195,-2639.80668184,1064.75656869));
#73770=CARTESIAN_POINT('Control Point',(9401.339505189999,-2638.6611114,1064.41977323));
#73771=CARTESIAN_POINT('Control Point',(9401.339999649999,-2637.51849191,1064.08372053));
#73772=CARTESIAN_POINT('Control Point',(9397.382051749999,-2635.37345731,1083.54231241));
#73773=CARTESIAN_POINT('Control Point',(9398.56281759,-2635.52210702,1083.58732961));
#73774=CARTESIAN_POINT('Control Point',(9399.8124778,-2635.1930401,1083.48859997));
#73775=CARTESIAN_POINT('Control Point',(9400.835410989999,-2634.33416621,1083.23052139));
#73776=CARTESIAN_POINT('Control Point',(9401.33950932,-2633.19075512,1082.88675579));
#73777=CARTESIAN_POINT('Control Point',(9401.3400009,-2632.05029465,1082.54373072));
#73778=CARTESIAN_POINT('Control Point',(9397.38253891,-2629.75950125,1101.98017998));
#73779=CARTESIAN_POINT('Control Point',(9398.56323587,-2629.90764151,1102.02623625));
#73780=CARTESIAN_POINT('Control Point',(9399.81274118,-2629.57904851,1101.92557283));
#73781=CARTESIAN_POINT('Control Point',(9400.835503029999,-2628.7217803,1101.66230025));
#73782=CARTESIAN_POINT('Control Point',(9401.33951593,-2627.5806034,1101.31154964));
#73783=CARTESIAN_POINT('Control Point',(9401.34000142,-2626.44239944,1100.96147102));
#73784=CARTESIAN_POINT('Control Point',(9397.38281531,-2626.73327821,1111.77711983));
#73785=CARTESIAN_POINT('Control Point',(9398.563472869999,-2626.88114098,1111.82372325));
#73786=CARTESIAN_POINT('Control Point',(9399.812891509999,-2626.55279476,1111.72205048));
#73787=CARTESIAN_POINT('Control Point',(9400.835555789999,-2625.69640227,1111.45598988));
#73788=CARTESIAN_POINT('Control Point',(9401.33952019,-2624.55643559,1111.10151729));
#73789=CARTESIAN_POINT('Control Point',(9401.3400007,-2623.41946853,1110.74763705));
#73790=CARTESIAN_POINT('Control Point',(9397.38349523,-2619.64358505,1134.40450723));
#73791=CARTESIAN_POINT('Control Point',(9398.56405544,-2619.79078814,1134.45236945));
#73792=CARTESIAN_POINT('Control Point',(9399.81326436,-2619.46299651,1134.34841784));
#73793=CARTESIAN_POINT('Control Point',(9400.83568787,-2618.60868397,1134.07583652));
#73794=CARTESIAN_POINT('Control Point',(9401.33953247,-2617.47157307,1133.71272152));
#73795=CARTESIAN_POINT('Control Point',(9401.339995749999,-2616.33756709,1133.34988602));
#73796=CARTESIAN_POINT('Control Point',(9397.384219829999,-2612.34264452,1156.9651109));
#73797=CARTESIAN_POINT('Control Point',(9398.56471271,-2612.48878757,1157.01530363));
#73798=CARTESIAN_POINT('Control Point',(9399.813684499999,-2612.16155014,1156.90908539));
#73799=CARTESIAN_POINT('Control Point',(9400.83585969,-2611.30918172,1156.63059106));
#73800=CARTESIAN_POINT('Control Point',(9401.339561659999,-2610.175145,1156.25851061));
#73801=CARTESIAN_POINT('Control Point',(9401.34001079,-2609.04414994,1155.88687633));
#73802=CARTESIAN_POINT('Control Point',(9397.384730149999,-2608.13006917,1169.75025836));
#73803=CARTESIAN_POINT('Control Point',(9398.56512772,-2608.27598671,1169.80058425));
#73804=CARTESIAN_POINT('Control Point',(9399.813994169999,-2607.94879111,1169.69392652));
#73805=CARTESIAN_POINT('Control Point',(9400.83593449,-2607.09837015,1169.40965434));
#73806=CARTESIAN_POINT('Control Point',(9401.33955875,-2605.96591247,1169.03303365));
#73807=CARTESIAN_POINT('Control Point',(9401.339965679999,-2604.83704757,1168.655286));
#73808=CARTESIAN_POINT('Control Point',(9397.38513088,-2603.85056979,1182.51009966));
#73809=CARTESIAN_POINT('Control Point',(9398.565547239999,-2603.99535813,1182.56326527));
#73810=CARTESIAN_POINT('Control Point',(9399.81420402,-2603.6688583,1182.45413775));
#73811=CARTESIAN_POINT('Control Point',(9400.83612582,-2602.81823355,1182.17049812));
#73812=CARTESIAN_POINT('Control Point',(9401.33963563,-2601.6880554,1181.78748899));
#73813=CARTESIAN_POINT('Control Point',(9401.34003299,-2600.56090765,1181.40489388));
#73814=CARTESIAN_POINT('Control Point',(9397.38568424,-2599.50179922,1195.25132183));
#73815=CARTESIAN_POINT('Control Point',(9398.56614524,-2599.64497799,1195.30863756));
#73816=CARTESIAN_POINT('Control Point',(9399.8147298,-2599.3182628,1195.19992102));
#73817=CARTESIAN_POINT('Control Point',(9400.83616065,-2598.47184854,1194.90394841));
#73818=CARTESIAN_POINT('Control Point',(9401.339546319999,-2597.34345295,1194.51592021));
#73819=CARTESIAN_POINT('Control Point',(9401.339985189999,-2596.21772928,1194.12949773));
#73820=B_SPLINE_CURVE_WITH_KNOTS('',5,(#73821,#73822,#73823,#73824,#73825,#73826),.UNSPECIFIED.,.F.,.U.,(6,6),(0.,15.2979242995),.UNSPECIFIED.);
#73821=CARTESIAN_POINT('Control Point',(9397.38623882,-2741.21830487,595.831963311));
#73822=CARTESIAN_POINT('Control Point',(9398.56648967,-2741.37920434,595.790522761));
#73823=CARTESIAN_POINT('Control Point',(9399.81367259,-2741.04945567,595.665893925));
#73824=CARTESIAN_POINT('Control Point',(9400.83555552,-2740.17407597,595.4610402530001));
#73825=CARTESIAN_POINT('Control Point',(9401.33962106,-2738.99591091,595.260723697));
#73826=CARTESIAN_POINT('Control Point',(9401.339980409999,-2737.81609451,595.096975721));
#73827=CARTESIAN_POINT('Vertex',(9397.38622751,-2741.21825331,595.831589901));
#73828=VERTEX_POINT('',#73827);
#73829=EDGE_CURVE('',#73828,#73621,#73820,.T.);
#73830=B_SPLINE_CURVE_WITH_KNOTS('',5,(#73831,#73832,#73833,#73834,#73835,#73836,#73837,#73838,#73839,#73840,#73841,#73842,#73843,#73844,#73845,#73846,#73847,#73848,#73849,#73850,#73851,#73852,#73853,#73854,#73855,#73856,#73857),.UNSPECIFIED.,.F.,.U.,(6,3,3,3,3,3,3,3,6),(192.086604804,247.784251997,359.928943195,510.131047687,696.363016788,832.0303495,895.856098788,968.410627737,1063.63800301),.UNSPECIFIED.);
#73831=CARTESIAN_POINT('Control Point',(9397.386238449999,-2741.21830476,595.83196376));
#73832=CARTESIAN_POINT('Control Point',(9397.3858387,-2740.14420481,603.6784070770001));
#73833=CARTESIAN_POINT('Control Point',(9397.38558029,-2739.04608214,611.521470019));
#73834=CARTESIAN_POINT('Control Point',(9397.385260269999,-2737.92430309,619.358308264));
#73835=CARTESIAN_POINT('Control Point',(9397.384371,-2734.47217479,642.9590761970001));
#73836=CARTESIAN_POINT('Control Point',(9397.383548620001,-2730.80446166,666.511108881));
#73837=CARTESIAN_POINT('Control Point',(9397.383068159999,-2728.25766292,682.225968018));
#73838=CARTESIAN_POINT('Control Point',(9397.382008589999,-2722.07531216,718.93582058));
#73839=CARTESIAN_POINT('Control Point',(9397.38118565,-2715.36831426,755.521062582));
#73840=CARTESIAN_POINT('Control Point',(9397.380791809999,-2711.35670516,776.425530964));
#73841=CARTESIAN_POINT('Control Point',(9397.38008185,-2701.9875421,823.153269462));
#73842=CARTESIAN_POINT('Control Point',(9397.37975627,-2691.76114768,869.662261863));
#73843=CARTESIAN_POINT('Control Point',(9397.37969233,-2685.83902479,895.3357047330001));
#73844=CARTESIAN_POINT('Control Point',(9397.379779879999,-2675.15110854,939.5871076110001));
#73845=CARTESIAN_POINT('Control Point',(9397.380207169999,-2663.68236511,983.621131213));
#73846=CARTESIAN_POINT('Control Point',(9397.38044495,-2658.71002609,1002.14092752));
#73847=CARTESIAN_POINT('Control Point',(9397.38087212,-2651.19437981,1029.31576065));
#73848=CARTESIAN_POINT('Control Point',(9397.38143193,-2643.37874569,1056.40445233));
#73849=CARTESIAN_POINT('Control Point',(9397.381621549999,-2640.84754374,1065.06220467));
#73850=CARTESIAN_POINT('Control Point',(9397.382051749999,-2635.37345731,1083.54231241));
#73851=CARTESIAN_POINT('Control Point',(9397.38253891,-2629.75950125,1101.98017998));
#73852=CARTESIAN_POINT('Control Point',(9397.38281531,-2626.73327821,1111.77711983));
#73853=CARTESIAN_POINT('Control Point',(9397.38349522,-2619.64361154,1134.40442267));
#73854=CARTESIAN_POINT('Control Point',(9397.38421982,-2612.34269909,1156.96494228));
#73855=CARTESIAN_POINT('Control Point',(9397.38473014,-2608.13015238,1169.75000581));
#73856=CARTESIAN_POINT('Control Point',(9397.38513087,-2603.8506825,1182.5097636));
#73857=CARTESIAN_POINT('Control Point',(9397.385684229999,-2599.50194239,1195.25090237));
#73858=CARTESIAN_POINT('Vertex',(9397.385680269999,-2599.50186651,1195.25087647));
#73859=VERTEX_POINT('',#73858);
#73860=EDGE_CURVE('',#73828,#73859,#73830,.T.);
#73861=B_SPLINE_CURVE_WITH_KNOTS('',5,(#73862,#73863,#73864,#73865,#73866,#73867),.UNSPECIFIED.,.F.,.U.,(6,6),(0.,15.2890528915),.UNSPECIFIED.);
#73862=CARTESIAN_POINT('Control Point',(9397.385684249999,-2599.50179922,1195.25132183));
#73863=CARTESIAN_POINT('Control Point',(9398.56587262,-2599.65838412,1195.26925023));
#73864=CARTESIAN_POINT('Control Point',(9399.814039109999,-2599.34609203,1195.11895836));
#73865=CARTESIAN_POINT('Control Point',(9400.835875139999,-2598.51177497,1194.78900453));
#73866=CARTESIAN_POINT('Control Point',(9401.33954092,-2597.38882821,1194.38388835));
#73867=CARTESIAN_POINT('Control Point',(9401.339985679999,-2596.26288489,1193.99724851));
#73868=EDGE_CURVE('',#73859,#73637,#73861,.T.);
#73869=EDGE_LOOP('',(#73870,#73871,#73872,#73873));
#73870=ORIENTED_EDGE('',*,*,#73638,.F.);
#73871=ORIENTED_EDGE('',*,*,#73829,.F.);
#73872=ORIENTED_EDGE('',*,*,#73860,.T.);
#73873=ORIENTED_EDGE('',*,*,#73868,.T.);
#73874=FACE_OUTER_BOUND('',#73869,.T.);
#73875=ADVANCED_FACE('PartBody',(#73874),#73657,.T.);
#73876=B_SPLINE_SURFACE_WITH_KNOTS('',5,5,((#73877,#73878,#73879,#73880,#73881,#73882),(#73883,#73884,#73885,#73886,#73887,#73888),(#73889,#73890,#73891,#73892,#73893,#73894),(#73895,#73896,#73897,#73898,#73899,#73900),(#73901,#73902,#73903,#73904,#73905,#73906),(#73907,#73908,#73909,#73910,#73911,#73912),(#73913,#73914,#73915,#73916,#73917,#73918),(#73919,#73920,#73921,#73922,#73923,#73924),(#73925,#73926,#73927,#73928,#73929,#73930),(#73931,#73932,#73933,#73934,#73935,#73936),(#73937,#73938,#73939,#73940,#73941,#73942),(#73943,#73944,#73945,#73946,#73947,#73948)),.UNSPECIFIED.,.F.,.F.,.U.,(6,3,3,6),(6,6),(0.,3.57676371278,9.19771487423,13.6369361886),(-9.0460609105E-007,3.41000000303),.UNSPECIFIED.);
#73877=CARTESIAN_POINT('Control Point',(9396.94303801,-2602.70185686,1196.34309833));
#73878=CARTESIAN_POINT('Control Point',(9397.031534629999,-2602.06182766,1196.1246558));
#73879=CARTESIAN_POINT('Control Point',(9397.12009421,-2601.42184303,1195.90635846));
#73880=CARTESIAN_POINT('Control Point',(9397.208608229999,-2600.78191501,1195.68772865));
#73881=CARTESIAN_POINT('Control Point',(9397.297134889999,-2600.14184267,1195.46951829));
#73882=CARTESIAN_POINT('Control Point',(9397.3856808,-2599.50194947,1195.25093078));
#73883=CARTESIAN_POINT('Control Point',(9397.554160939999,-2602.78094662,1196.35855642));
#73884=CARTESIAN_POINT('Control Point',(9397.58211802,-2602.13299365,1196.13786064));
#73885=CARTESIAN_POINT('Control Point',(9397.610695519999,-2601.48591545,1195.91747836));
#73886=CARTESIAN_POINT('Control Point',(9397.63871718,-2600.8379939,1195.6969636));
#73887=CARTESIAN_POINT('Control Point',(9397.666971769999,-2600.19039277,1195.47656144));
#73888=CARTESIAN_POINT('Control Point',(9397.69529878,-2599.54287825,1195.25618244));
#73889=CARTESIAN_POINT('Control Point',(9398.17454597,-2602.79604702,1196.35199615));
#73890=CARTESIAN_POINT('Control Point',(9398.14139459,-2602.14723556,1196.13083366));
#73891=CARTESIAN_POINT('Control Point',(9398.108262349999,-2601.49852059,1195.90919608));
#73892=CARTESIAN_POINT('Control Point',(9398.075516089999,-2600.84982437,1195.68928239));
#73893=CARTESIAN_POINT('Control Point',(9398.0422999,-2600.20136102,1195.46685493));
#73894=CARTESIAN_POINT('Control Point',(9398.00962687,-2599.5517363,1195.24948283));
#73895=CARTESIAN_POINT('Control Point',(9398.79337012,-2602.7448764,1196.32284824));
#73896=CARTESIAN_POINT('Control Point',(9398.69936656,-2602.10163241,1196.10389116));
#73897=CARTESIAN_POINT('Control Point',(9398.60527145,-2601.45821362,1195.88501812));
#73898=CARTESIAN_POINT('Control Point',(9398.51115163,-2600.81477047,1195.66606201));
#73899=CARTESIAN_POINT('Control Point',(9398.41716563,-2600.17130765,1195.44772129));
#73900=CARTESIAN_POINT('Control Point',(9398.32309093,-2599.5270869,1195.23090795));
#73901=CARTESIAN_POINT('Control Point',(9400.35517422,-2602.44691351,1196.19165398));
#73902=CARTESIAN_POINT('Control Point',(9400.107117309999,-2601.83398728,1195.9832542));
#73903=CARTESIAN_POINT('Control Point',(9399.8587823,-2601.22073276,1195.77466974));
#73904=CARTESIAN_POINT('Control Point',(9399.61065411,-2600.60755839,1195.56672869));
#73905=CARTESIAN_POINT('Control Point',(9399.362414039999,-2599.99418032,1195.35880506));
#73906=CARTESIAN_POINT('Control Point',(9399.114244029999,-2599.37995,1195.1534655));
#73907=CARTESIAN_POINT('Control Point',(9401.77576975,-2601.73905244,1195.92319191));
#73908=CARTESIAN_POINT('Control Point',(9401.38725872,-2601.19643882,1195.73893252));
#73909=CARTESIAN_POINT('Control Point',(9400.998908179999,-2600.65401006,1195.55490077));
#73910=CARTESIAN_POINT('Control Point',(9400.61044124,-2600.1114312,1195.37072383));
#73911=CARTESIAN_POINT('Control Point',(9400.222100069999,-2599.5686211,1195.18763544));
#73912=CARTESIAN_POINT('Control Point',(9399.83376637,-2599.02562997,1195.00505824));
#73913=CARTESIAN_POINT('Control Point',(9402.55339624,-2601.16472846,1195.71245859));
#73914=CARTESIAN_POINT('Control Point',(9402.08808992,-2600.67923357,1195.54760268));
#73915=CARTESIAN_POINT('Control Point',(9401.622989199999,-2600.19399863,1195.38278946));
#73916=CARTESIAN_POINT('Control Point',(9401.15784874,-2599.70857534,1195.21835659));
#73917=CARTESIAN_POINT('Control Point',(9400.69263112,-2599.2230532,1195.05393273));
#73918=CARTESIAN_POINT('Control Point',(9400.227628049999,-2598.73731248,1194.89077655));
#73919=CARTESIAN_POINT('Control Point',(9403.724181739999,-2599.92695339,1195.26781773));
#73920=CARTESIAN_POINT('Control Point',(9403.1434482,-2599.56454673,1195.14482399));
#73921=CARTESIAN_POINT('Control Point',(9402.562699239999,-2599.20202619,1195.02191497));
#73922=CARTESIAN_POINT('Control Point',(9401.981939199999,-2598.83956424,1194.89883556));
#73923=CARTESIAN_POINT('Control Point',(9401.40129098,-2598.47697855,1194.77644762));
#73924=CARTESIAN_POINT('Control Point',(9400.820531739999,-2598.11449285,1194.65336921));
#73925=CARTESIAN_POINT('Control Point',(9404.431984449999,-2598.41532091,1194.73843254));
#73926=CARTESIAN_POINT('Control Point',(9403.78159898,-2598.20279982,1194.66625019));
#73927=CARTESIAN_POINT('Control Point',(9403.13091573,-2597.98997536,1194.59389434));
#73928=CARTESIAN_POINT('Control Point',(9402.48034738,-2597.77720377,1194.52184246));
#73929=CARTESIAN_POINT('Control Point',(9401.8297035,-2597.56446595,1194.44943364));
#73930=CARTESIAN_POINT('Control Point',(9401.178975609999,-2597.35166387,1194.37695533));
#73931=CARTESIAN_POINT('Control Point',(9404.64425207,-2597.7110279,1194.49400655));
#73932=CARTESIAN_POINT('Control Point',(9403.97273225,-2597.56787116,1194.44547343));
#73933=CARTESIAN_POINT('Control Point',(9403.30086781,-2597.42449179,1194.39705077));
#73934=CARTESIAN_POINT('Control Point',(9402.62939616,-2597.28158216,1194.34814869));
#73935=CARTESIAN_POINT('Control Point',(9401.95806683,-2597.13836311,1194.30056698));
#73936=CARTESIAN_POINT('Control Point',(9401.286454589999,-2596.99580702,1194.25052623));
#73937=CARTESIAN_POINT('Control Point',(9404.749828779999,-2596.98691504,1194.24481811));
#73938=CARTESIAN_POINT('Control Point',(9404.06745187,-2596.91505665,1194.220358));
#73939=CARTESIAN_POINT('Control Point',(9403.385942339999,-2596.84396333,1194.19623764));
#73940=CARTESIAN_POINT('Control Point',(9402.70383622,-2596.77240155,1194.17175851));
#73941=CARTESIAN_POINT('Control Point',(9402.0216788,-2596.70072268,1194.14740532));
#73942=CARTESIAN_POINT('Control Point',(9401.339910929999,-2596.62953466,1194.12285183));
#73943=CARTESIAN_POINT('Control Point',(9404.750029269999,-2596.26276738,1193.99762808));
#73944=CARTESIAN_POINT('Control Point',(9404.06797932,-2596.26271841,1193.99762082));
#73945=CARTESIAN_POINT('Control Point',(9403.38601201,-2596.26272758,1193.99768582));
#73946=CARTESIAN_POINT('Control Point',(9402.70400933,-2596.26273238,1193.99766564));
#73947=CARTESIAN_POINT('Control Point',(9402.02198736,-2596.26269954,1193.99769448));
#73948=CARTESIAN_POINT('Control Point',(9401.340016189999,-2596.26275481,1193.99762737));
#73949=B_SPLINE_CURVE_WITH_KNOTS('',5,(#73950,#73951,#73952,#73953,#73954,#73955),.UNSPECIFIED.,.F.,.U.,(6,6),(2.22606484117E-005,3.41000000303),.UNSPECIFIED.);
#73950=CARTESIAN_POINT('Control Point',(9396.943041009999,-2602.70183512,1196.34309091));
#73951=CARTESIAN_POINT('Control Point',(9397.03153704,-2602.06181027,1196.12464987));
#73952=CARTESIAN_POINT('Control Point',(9397.12009601,-2601.42182999,1195.90635401));
#73953=CARTESIAN_POINT('Control Point',(9397.20860944,-2600.78190631,1195.68772568));
#73954=CARTESIAN_POINT('Control Point',(9397.29713549,-2600.14183832,1195.46951681));
#73955=CARTESIAN_POINT('Control Point',(9397.3856808,-2599.50194947,1195.25093078));
#73956=CARTESIAN_POINT('Vertex',(9396.94301934,-2602.70182709,1196.34310564));
#73957=VERTEX_POINT('',#73956);
#73958=EDGE_CURVE('',#73859,#73957,#73949,.F.);
#73959=B_SPLINE_CURVE_WITH_KNOTS('',5,(#73960,#73961,#73962,#73963,#73964,#73965),.UNSPECIFIED.,.F.,.U.,(6,6),(0.,15.2895137643),.UNSPECIFIED.);
#73960=CARTESIAN_POINT('Control Point',(9396.94303812,-2602.70185601,1196.34309804));
#73961=CARTESIAN_POINT('Control Point',(9399.27295551,-2603.00338719,1196.40203228));
#73962=CARTESIAN_POINT('Control Point',(9401.736604969999,-2602.37362378,1196.14055043));
#73963=CARTESIAN_POINT('Control Point',(9403.75390888,-2600.71133992,1195.53505484));
#73964=CARTESIAN_POINT('Control Point',(9404.749412429999,-2598.48747077,1194.75703742));
#73965=CARTESIAN_POINT('Control Point',(9404.75002836,-2596.26276738,1193.99762808));
#73966=CARTESIAN_POINT('Vertex',(9404.75,-2596.262741,1193.99761842));
#73967=VERTEX_POINT('',#73966);
#73968=EDGE_CURVE('',#73957,#73967,#73959,.T.);
#73969=B_SPLINE_CURVE_WITH_KNOTS('',5,(#73970,#73971,#73972,#73973,#73974,#73975),.UNSPECIFIED.,.F.,.U.,(6,6),(2.83609965726E-005,3.41000000303),.UNSPECIFIED.);
#73970=CARTESIAN_POINT('Control Point',(9404.75,-2596.26276738,1193.99762808));
#73971=CARTESIAN_POINT('Control Point',(9404.067955909999,-2596.26271841,1193.99762082));
#73972=CARTESIAN_POINT('Control Point',(9403.38599445,-2596.26272758,1193.99768582));
#73973=CARTESIAN_POINT('Control Point',(9402.70399763,-2596.26273238,1193.99766564));
#73974=CARTESIAN_POINT('Control Point',(9402.021981509999,-2596.26269954,1193.99769448));
#73975=CARTESIAN_POINT('Control Point',(9401.340016189999,-2596.26275481,1193.99762737));
#73976=EDGE_CURVE('',#73967,#73637,#73969,.T.);
#73977=EDGE_LOOP('',(#73978,#73979,#73980,#73981));
#73978=ORIENTED_EDGE('',*,*,#73958,.T.);
#73979=ORIENTED_EDGE('',*,*,#73968,.T.);
#73980=ORIENTED_EDGE('',*,*,#73976,.T.);
#73981=ORIENTED_EDGE('',*,*,#73868,.F.);
#73982=FACE_OUTER_BOUND('',#73977,.T.);
#73983=ADVANCED_FACE('PartBody',(#73982),#73876,.T.);
#73984=B_SPLINE_SURFACE_WITH_KNOTS('',5,1,((#73985,#73986),(#73987,#73988),(#73989,#73990),(#73991,#73992),(#73993,#73994),(#73995,#73996)),.UNSPECIFIED.,.F.,.F.,.U.,(6,6),(2,2),(0.,20.3379163346),(-3.41,7.76712028028E-013),.UNSPECIFIED.);
#73985=CARTESIAN_POINT('Control Point',(9401.34,-2596.262741,1193.99761842));
#73986=CARTESIAN_POINT('Control Point',(9404.75,-2596.262741,1193.99761842));
#73987=CARTESIAN_POINT('Control Point',(9401.34,-2592.41327035,1192.68353726));
#73988=CARTESIAN_POINT('Control Point',(9404.75,-2592.41327035,1192.68353726));
#73989=CARTESIAN_POINT('Control Point',(9401.34,-2588.56379969,1191.36945609));
#73990=CARTESIAN_POINT('Control Point',(9404.75,-2588.56379969,1191.36945609));
#73991=CARTESIAN_POINT('Control Point',(9401.34,-2584.71432904,1190.05537493));
#73992=CARTESIAN_POINT('Control Point',(9404.75,-2584.71432904,1190.05537493));
#73993=CARTESIAN_POINT('Control Point',(9401.34,-2580.86485838,1188.74129376));
#73994=CARTESIAN_POINT('Control Point',(9404.75,-2580.86485838,1188.74129376));
#73995=CARTESIAN_POINT('Control Point',(9401.34,-2577.01538773,1187.4272126));
#73996=CARTESIAN_POINT('Control Point',(9404.75,-2577.01538773,1187.4272126));
#73997=B_SPLINE_CURVE_WITH_KNOTS('',5,(#73998,#73999,#74000,#74001,#74002,#74003),.UNSPECIFIED.,.F.,.U.,(6,6),(0.,20.3379163346),.UNSPECIFIED.);
#73998=CARTESIAN_POINT('Control Point',(9404.75,-2596.262741,1193.99761842));
#73999=CARTESIAN_POINT('Control Point',(9404.75,-2592.41327035,1192.68353726));
#74000=CARTESIAN_POINT('Control Point',(9404.75,-2588.56379969,1191.36945609));
#74001=CARTESIAN_POINT('Control Point',(9404.75,-2584.71432904,1190.05537493));
#74002=CARTESIAN_POINT('Control Point',(9404.75,-2580.86485838,1188.74129376));
#74003=CARTESIAN_POINT('Control Point',(9404.75,-2577.01538773,1187.4272126));
#74004=EDGE_CURVE('',#73967,#73365,#73997,.T.);
#74005=EDGE_LOOP('',(#74006,#74007,#74008,#74009));
#74006=ORIENTED_EDGE('',*,*,#73976,.F.);
#74007=ORIENTED_EDGE('',*,*,#74004,.T.);
#74008=ORIENTED_EDGE('',*,*,#73366,.T.);
#74009=ORIENTED_EDGE('',*,*,#73642,.F.);
#74010=FACE_OUTER_BOUND('',#74005,.T.);
#74011=ADVANCED_FACE('PartBody',(#74010),#73984,.F.);
#74012=CARTESIAN_POINT('Axis2P3D Location',(9404.75,0,0.114));
#74013=DIRECTION('Axis2P3D Direction',(1,0,0));
#74014=DIRECTION('Axis2P3D XDirection',(0,1,0));
#74015=AXIS2_PLACEMENT_3D('Plane Axis2P3D',#74012,#74013,#74014);
#74016=PLANE('',#74015);
#74017=B_SPLINE_CURVE_WITH_KNOTS('',5,(#74018,#74019,#74020,#74021,#74022,#74023,#74024,#74025,#74026,#74027,#74028,#74029),.UNSPECIFIED.,.F.,.U.,(6,3,3,6),(191.711908305,510.131047687,895.856098788,1063.44067818),.UNSPECIFIED.);
#74018=CARTESIAN_POINT('Control Point',(9404.75,-2737.81603566,595.097277364));
#74019=CARTESIAN_POINT('Control Point',(9404.75,-2731.68532173,639.9127820140001));
#74020=CARTESIAN_POINT('Control Point',(9404.75,-2724.77752311,684.5595933000001));
#74021=CARTESIAN_POINT('Control Point',(9404.75,-2717.09607909,729.0283921));
#74022=CARTESIAN_POINT('Control Point',(9404.75,-2698.40430101,826.95092719));
#74023=CARTESIAN_POINT('Control Point',(9404.75,-2675.96125101,923.9160078450001));
#74024=CARTESIAN_POINT('Control Point',(9404.75,-2662.55336893,976.705979875));
#74025=CARTESIAN_POINT('Control Point',(9404.75,-2641.70616856,1052.00465804));
#74026=CARTESIAN_POINT('Control Point',(9404.75,-2618.55940761,1126.60792307));
#74027=CARTESIAN_POINT('Control Point',(9404.75,-2611.33795002,1149.13830281));
#74028=CARTESIAN_POINT('Control Point',(9404.75,-2603.90571724,1171.60202581));
#74029=CARTESIAN_POINT('Control Point',(9404.75,-2596.262741,1193.99761842));
#74030=CARTESIAN_POINT('Vertex',(9404.750026079999,-2737.81606484,595.097281889));
#74031=VERTEX_POINT('',#74030);
#74032=EDGE_CURVE('',#73967,#74031,#74017,.F.);
#74033=CARTESIAN_POINT('Line Origine',(9404.75,-2731.20638163,594.1937274950001));
#74034=DIRECTION('Vector Direction',(0,0.9907852941079843,-0.1354418730649979));
#74035=VECTOR('Line Direction',#74034,1.);
#74036=LINE('Line',#74033,#74035);
#74037=EDGE_CURVE('',#74031,#73598,#74036,.T.);
#74038=EDGE_LOOP('',(#74039,#74040,#74041,#74042,#74043,#74044,#74045,#74046,#74047,#74048,#74049));
#74039=ORIENTED_EDGE('',*,*,#74004,.F.);
#74040=ORIENTED_EDGE('',*,*,#74032,.T.);
#74041=ORIENTED_EDGE('',*,*,#74037,.T.);
#74042=ORIENTED_EDGE('',*,*,#73599,.T.);
#74043=ORIENTED_EDGE('',*,*,#73568,.T.);
#74044=ORIENTED_EDGE('',*,*,#73537,.T.);
#74045=ORIENTED_EDGE('',*,*,#73497,.T.);
#74046=ORIENTED_EDGE('',*,*,#73466,.T.);
#74047=ORIENTED_EDGE('',*,*,#73435,.T.);
#74048=ORIENTED_EDGE('',*,*,#73404,.T.);
#74049=ORIENTED_EDGE('',*,*,#73373,.T.);
#74050=FACE_OUTER_BOUND('',#74038,.T.);
#74051=ADVANCED_FACE('PartBody',(#74050),#74016,.T.);
#74052=B_SPLINE_SURFACE_WITH_KNOTS('',5,1,((#74053,#74054),(#74055,#74056),(#74057,#74058),(#74059,#74060),(#74061,#74062),(#74063,#74064)),.UNSPECIFIED.,.F.,.F.,.U.,(6,6),(2,2),(0.,13.3422530019),(-3.41,0.),.UNSPECIFIED.);
#74053=CARTESIAN_POINT('Control Point',(9401.34,-2737.81603566,595.097277364));
#74054=CARTESIAN_POINT('Control Point',(9404.75,-2737.81603566,595.097277364));
#74055=CARTESIAN_POINT('Control Point',(9401.34,-2735.17217404,594.735857416));
#74056=CARTESIAN_POINT('Control Point',(9404.75,-2735.17217404,594.735857417));
#74057=CARTESIAN_POINT('Control Point',(9401.34,-2732.52831243,594.374437469));
#74058=CARTESIAN_POINT('Control Point',(9404.75,-2732.52831243,594.374437469));
#74059=CARTESIAN_POINT('Control Point',(9401.34,-2729.88445082,594.013017522));
#74060=CARTESIAN_POINT('Control Point',(9404.75,-2729.88445082,594.013017522));
#74061=CARTESIAN_POINT('Control Point',(9401.34,-2727.24058921,593.651597574));
#74062=CARTESIAN_POINT('Control Point',(9404.75,-2727.24058921,593.651597574));
#74063=CARTESIAN_POINT('Control Point',(9401.34,-2724.59672759,593.290177627));
#74064=CARTESIAN_POINT('Control Point',(9404.75,-2724.59672759,593.290177627));
#74065=B_SPLINE_CURVE_WITH_KNOTS('',1,(#74066,#74067),.UNSPECIFIED.,.F.,.U.,(2,2),(-3.40998493986,-2.69244474734E-014),.UNSPECIFIED.);
#74066=CARTESIAN_POINT('Control Point',(9401.340015059999,-2737.81603566,595.097277364));
#74067=CARTESIAN_POINT('Control Point',(9404.75,-2737.81603566,595.097277364));
#74068=EDGE_CURVE('',#73621,#74031,#74065,.T.);
#74069=EDGE_LOOP('',(#74070,#74071,#74072,#74073));
#74070=ORIENTED_EDGE('',*,*,#73622,.T.);
#74071=ORIENTED_EDGE('',*,*,#73604,.T.);
#74072=ORIENTED_EDGE('',*,*,#74037,.F.);
#74073=ORIENTED_EDGE('',*,*,#74068,.F.);
#74074=FACE_OUTER_BOUND('',#74069,.T.);
#74075=ADVANCED_FACE('PartBody',(#74074),#74052,.T.);
#74076=B_SPLINE_SURFACE_WITH_KNOTS('',5,5,((#74077,#74078,#74079,#74080,#74081,#74082),(#74083,#74084,#74085,#74086,#74087,#74088),(#74089,#74090,#74091,#74092,#74093,#74094),(#74095,#74096,#74097,#74098,#74099,#74100),(#74101,#74102,#74103,#74104,#74105,#74106),(#74107,#74108,#74109,#74110,#74111,#74112),(#74113,#74114,#74115,#74116,#74117,#74118),(#74119,#74120,#74121,#74122,#74123,#74124),(#74125,#74126,#74127,#74128,#74129,#74130),(#74131,#74132,#74133,#74134,#74135,#74136),(#74137,#74138,#74139,#74140,#74141,#74142),(#74143,#74144,#74145,#74146,#74147,#74148)),.UNSPECIFIED.,.F.,.F.,.U.,(6,3,3,6),(6,6),(0.,3.57805297516,9.22326490132,13.6428570461),(-1.51055184975E-007,3.41),.UNSPECIFIED.);
#74077=CARTESIAN_POINT('Control Point',(9396.944109829999,-2744.56835439,596.290171493));
#74078=CARTESIAN_POINT('Control Point',(9397.03250098,-2743.89830037,596.1984646020001));
#74079=CARTESIAN_POINT('Control Point',(9397.12096371,-2743.22833847,596.1068921440001));
#74080=CARTESIAN_POINT('Control Point',(9397.209362489999,-2742.55834694,596.0149861030001));
#74081=CARTESIAN_POINT('Control Point',(9397.297791929999,-2741.88830227,595.9235146460001));
#74082=CARTESIAN_POINT('Control Point',(9397.386224579999,-2741.21836226,595.831640182));
#74083=CARTESIAN_POINT('Control Point',(9397.554898659999,-2744.65015383,596.280229857));
#74084=CARTESIAN_POINT('Control Point',(9397.58281527,-2743.97180491,596.1882955780001));
#74085=CARTESIAN_POINT('Control Point',(9397.61135931,-2743.29451107,596.096544081));
#74086=CARTESIAN_POINT('Control Point',(9397.63933706,-2742.61620362,596.004837115));
#74087=CARTESIAN_POINT('Control Point',(9397.667580589999,-2741.93831959,595.913140159));
#74088=CARTESIAN_POINT('Control Point',(9397.69592401,-2741.26051905,595.8214714320001));
#74089=CARTESIAN_POINT('Control Point',(9398.174886459999,-2744.66505522,596.260814146));
#74090=CARTESIAN_POINT('Control Point',(9398.141752449999,-2743.98585752,596.1683621860001));
#74091=CARTESIAN_POINT('Control Point',(9398.10855807,-2743.30665863,596.0749864850001));
#74092=CARTESIAN_POINT('Control Point',(9398.075911849999,-2742.62775157,595.984742479));
#74093=CARTESIAN_POINT('Control Point',(9398.04258471,-2741.94876114,595.889881425));
#74094=CARTESIAN_POINT('Control Point',(9398.010225169999,-2741.26905931,595.804942372));
#74095=CARTESIAN_POINT('Control Point',(9398.79332529,-2744.61061323,596.231996544));
#74096=CARTESIAN_POINT('Control Point',(9398.699363109999,-2743.93726419,596.1409451200001));
#74097=CARTESIAN_POINT('Control Point',(9398.605343309999,-2743.26376118,596.0501227340001));
#74098=CARTESIAN_POINT('Control Point',(9398.5112799,-2742.59019531,595.959140478));
#74099=CARTESIAN_POINT('Control Point',(9398.41740996,-2741.91668882,595.8692977850001));
#74100=CARTESIAN_POINT('Control Point',(9398.32362897,-2741.24252319,595.7826826410001));
#74101=CARTESIAN_POINT('Control Point',(9400.358014339999,-2744.29600162,596.134884379));
#74102=CARTESIAN_POINT('Control Point',(9400.109740759999,-2743.65447598,596.0485770260001));
#74103=CARTESIAN_POINT('Control Point',(9399.86119551,-2743.01256512,595.962049923));
#74104=CARTESIAN_POINT('Control Point',(9399.612904239999,-2742.37082917,595.8766800990001));
#74105=CARTESIAN_POINT('Control Point',(9399.36451548,-2741.72885852,595.79145911));
#74106=CARTESIAN_POINT('Control Point',(9399.11644682,-2741.0862402,595.711477915));
#74107=CARTESIAN_POINT('Control Point',(9401.781254359999,-2743.55071736,595.983800655));
#74108=CARTESIAN_POINT('Control Point',(9401.392291849999,-2742.98300551,595.907862293));
#74109=CARTESIAN_POINT('Control Point',(9401.003488419999,-2742.41552118,595.832233276));
#74110=CARTESIAN_POINT('Control Point',(9400.61457234,-2741.8478567,595.7563963700001));
#74111=CARTESIAN_POINT('Control Point',(9400.225880169999,-2741.28006288,595.6826852500001));
#74112=CARTESIAN_POINT('Control Point',(9399.8372543,-2740.71212139,595.610018875));
#74113=CARTESIAN_POINT('Control Point',(9402.56122198,-2742.94518876,595.87405964));
#74114=CARTESIAN_POINT('Control Point',(9402.09523053,-2742.43757464,595.8061728260001));
#74115=CARTESIAN_POINT('Control Point',(9401.62942558,-2741.93025899,595.738201781));
#74116=CARTESIAN_POINT('Control Point',(9401.163619449999,-2741.42276987,595.6710405470001));
#74117=CARTESIAN_POINT('Control Point',(9400.697746239999,-2740.91517943,595.603926174));
#74118=CARTESIAN_POINT('Control Point',(9400.232199029999,-2740.40747691,595.5393164750001));
#74119=CARTESIAN_POINT('Control Point',(9403.729830619999,-2741.64539788,595.655984127));
#74120=CARTESIAN_POINT('Control Point',(9403.1485968,-2741.26687481,595.605481469));
#74121=CARTESIAN_POINT('Control Point',(9402.567356289999,-2740.88822636,595.5551806870001));
#74122=CARTESIAN_POINT('Control Point',(9401.986101479999,-2740.50964649,595.504510899));
#74123=CARTESIAN_POINT('Control Point',(9401.40501215,-2740.13099576,595.455199171));
#74124=CARTESIAN_POINT('Control Point',(9400.82375962,-2739.752379,595.4045535170001));
#74125=CARTESIAN_POINT('Control Point',(9404.434797239999,-2740.06017395,595.4149172250001));
#74126=CARTESIAN_POINT('Control Point',(9403.78415428,-2739.83871272,595.385263163));
#74127=CARTESIAN_POINT('Control Point',(9403.133233770001,-2739.61692367,595.355405292));
#74128=CARTESIAN_POINT('Control Point',(9402.48242678,-2739.39519261,595.326108244));
#74129=CARTESIAN_POINT('Control Point',(9401.83152544,-2739.17347401,595.2961214640001));
#74130=CARTESIAN_POINT('Control Point',(9401.180534339999,-2738.95167383,595.2660462710001));
#74131=CARTESIAN_POINT('Control Point',(9404.64519146,-2739.32572197,595.307261629));
#74132=CARTESIAN_POINT('Control Point',(9403.97361537,-2739.17655329,595.2874436660001));
#74133=CARTESIAN_POINT('Control Point',(9403.301684029999,-2739.02708242,595.2679728730001));
#74134=CARTESIAN_POINT('Control Point',(9402.630128139999,-2738.87817571,595.247309439));
#74135=CARTESIAN_POINT('Control Point',(9401.95881052,-2738.7290136,595.229328609));
#74136=CARTESIAN_POINT('Control Point',(9401.28697995,-2738.58033951,595.206367873));
#74137=CARTESIAN_POINT('Control Point',(9404.74983861,-2738.57080557,595.200438595));
#74138=CARTESIAN_POINT('Control Point',(9404.067463179999,-2738.49586874,595.1902423290001));
#74139=CARTESIAN_POINT('Control Point',(9403.38597987,-2738.4218865,595.18032358));
#74140=CARTESIAN_POINT('Control Point',(9402.70385324,-2738.34726711,595.1699873900001));
#74141=CARTESIAN_POINT('Control Point',(9402.02170076,-2738.27255393,595.159914326));
#74142=CARTESIAN_POINT('Control Point',(9401.33991647,-2738.19834148,595.1494803740001));
#74143=CARTESIAN_POINT('Control Point',(9404.75002623,-2737.81606484,595.097281889));
#74144=CARTESIAN_POINT('Control Point',(9404.06797724,-2737.81600866,595.0972827620001));
#74145=CARTESIAN_POINT('Control Point',(9403.386013129999,-2737.81603631,595.097346291));
#74146=CARTESIAN_POINT('Control Point',(9402.70401374,-2737.81604103,595.097326598));
#74147=CARTESIAN_POINT('Control Point',(9402.02198784,-2737.81600487,595.097360072));
#74148=CARTESIAN_POINT('Control Point',(9401.340015059999,-2737.81605179,595.097283599));
#74149=B_SPLINE_CURVE_WITH_KNOTS('',5,(#74150,#74151,#74152,#74153,#74154,#74155),.UNSPECIFIED.,.F.,.U.,(6,6),(0.,15.2988137869),.UNSPECIFIED.);
#74150=CARTESIAN_POINT('Control Point',(9396.944109829999,-2744.56835439,596.290171493));
#74151=CARTESIAN_POINT('Control Point',(9399.2726043,-2744.88019619,596.252271239));
#74152=CARTESIAN_POINT('Control Point',(9401.73365864,-2744.21821021,596.076653158));
#74153=CARTESIAN_POINT('Control Point',(9403.7524732,-2742.47787663,595.7690463060001));
#74154=CARTESIAN_POINT('Control Point',(9404.74944671,-2740.14643681,595.41579325));
#74155=CARTESIAN_POINT('Control Point',(9404.750026079999,-2737.81606484,595.097281889));
#74156=CARTESIAN_POINT('Vertex',(9396.944093869999,-2744.56832542,596.290175997));
#74157=VERTEX_POINT('',#74156);
#74158=EDGE_CURVE('',#74157,#74031,#74149,.T.);
#74159=B_SPLINE_CURVE_WITH_KNOTS('',5,(#74160,#74161,#74162,#74163,#74164,#74165),.UNSPECIFIED.,.F.,.U.,(6,6),(2.56368383164E-005,3.41),.UNSPECIFIED.);
#74160=CARTESIAN_POINT('Control Point',(9396.94411317,-2744.56832905,596.2901680250001));
#74161=CARTESIAN_POINT('Control Point',(9397.032503659999,-2743.8982801,596.198461832));
#74162=CARTESIAN_POINT('Control Point',(9397.120965709999,-2743.22832327,596.1068900590001));
#74163=CARTESIAN_POINT('Control Point',(9397.209363829999,-2742.55833681,596.014984719));
#74164=CARTESIAN_POINT('Control Point',(9397.2977926,-2741.8882972,595.923513952));
#74165=CARTESIAN_POINT('Control Point',(9397.386224579999,-2741.21836226,595.831640182));
#74166=EDGE_CURVE('',#74157,#73828,#74159,.T.);
#74167=EDGE_LOOP('',(#74168,#74169,#74170,#74171));
#74168=ORIENTED_EDGE('',*,*,#73829,.T.);
#74169=ORIENTED_EDGE('',*,*,#74068,.T.);
#74170=ORIENTED_EDGE('',*,*,#74158,.F.);
#74171=ORIENTED_EDGE('',*,*,#74166,.T.);
#74172=FACE_OUTER_BOUND('',#74167,.T.);
#74173=ADVANCED_FACE('PartBody',(#74172),#74076,.F.);
#74174=B_SPLINE_SURFACE_WITH_KNOTS('',5,5,((#74175,#74176,#74177,#74178,#74179,#74180,#74181,#74182,#74183),(#74184,#74185,#74186,#74187,#74188,#74189,#74190,#74191,#74192),(#74193,#74194,#74195,#74196,#74197,#74198,#74199,#74200,#74201),(#74202,#74203,#74204,#74205,#74206,#74207,#74208,#74209,#74210),(#74211,#74212,#74213,#74214,#74215,#74216,#74217,#74218,#74219),(#74220,#74221,#74222,#74223,#74224,#74225,#74226,#74227,#74228),(#74229,#74230,#74231,#74232,#74233,#74234,#74235,#74236,#74237),(#74238,#74239,#74240,#74241,#74242,#74243,#74244,#74245,#74246),(#74247,#74248,#74249,#74250,#74251,#74252,#74253,#74254,#74255),(#74256,#74257,#74258,#74259,#74260,#74261,#74262,#74263,#74264),(#74265,#74266,#74267,#74268,#74269,#74270,#74271,#74272,#74273),(#74274,#74275,#74276,#74277,#74278,#74279,#74280,#74281,#74282)),.UNSPECIFIED.,.F.,.F.,.U.,(6,3,3,6),(6,3,6),(191.707138884,510.131047687,895.856098788,1063.63863002),(0.,3.455,6.91),.UNSPECIFIED.);
#74175=CARTESIAN_POINT('Control Point',(9396.94411563,-2744.6049489,596.0225678950001));
#74176=CARTESIAN_POINT('Control Point',(9398.109457749999,-2744.75591604,596.043219895));
#74177=CARTESIAN_POINT('Control Point',(9399.30721438,-2744.66149437,596.0303032));
#74178=CARTESIAN_POINT('Control Point',(9400.46706277,-2744.31206053,595.9825013540001));
#74179=CARTESIAN_POINT('Control Point',(9402.56315206,-2743.14776925,595.823228649));
#74180=CARTESIAN_POINT('Control Point',(9404.00012733,-2741.23950072,595.562181354));
#74181=CARTESIAN_POINT('Control Point',(9404.50021366,-2740.14535813,595.41250485));
#74182=CARTESIAN_POINT('Control Point',(9404.75,-2738.98091167,595.253210918));
#74183=CARTESIAN_POINT('Control Point',(9404.75,-2737.8164948,595.093921033));
#74184=CARTESIAN_POINT('Control Point',(9396.94038116,-2738.46068497,640.9338721590001));
#74185=CARTESIAN_POINT('Control Point',(9398.106013679999,-2738.61204022,640.956733652));
#74186=CARTESIAN_POINT('Control Point',(9399.30421651,-2738.51833766,640.9425666210001));
#74187=CARTESIAN_POINT('Control Point',(9400.46460444,-2738.16992469,640.889913145));
#74188=CARTESIAN_POINT('Control Point',(9402.561791189999,-2737.00817856,640.714357981));
#74189=CARTESIAN_POINT('Control Point',(9403.99964636,-2735.10322767,640.426506999));
#74190=CARTESIAN_POINT('Control Point',(9404.500053649999,-2734.01087831,640.261447171));
#74191=CARTESIAN_POINT('Control Point',(9404.75,-2732.84829216,640.0857748770001));
#74192=CARTESIAN_POINT('Control Point',(9404.75,-2731.68573561,639.910107056));
#74193=CARTESIAN_POINT('Control Point',(9396.937334079999,-2731.53772421,685.6763118680001));
#74194=CARTESIAN_POINT('Control Point',(9398.10320306,-2731.68930278,685.701386026));
#74195=CARTESIAN_POINT('Control Point',(9399.301769719999,-2731.59624162,685.6859762920001));
#74196=CARTESIAN_POINT('Control Point',(9400.462597849999,-2731.24887013,685.628483026));
#74197=CARTESIAN_POINT('Control Point',(9402.5606802,-2730.0898987,685.436676272));
#74198=CARTESIAN_POINT('Control Point',(9403.99925368,-2728.18880202,685.1220636390001));
#74199=CARTESIAN_POINT('Control Point',(9404.49992303,-2727.09857397,684.941643493));
#74200=CARTESIAN_POINT('Control Point',(9404.75,-2725.93820633,684.7496168390001));
#74201=CARTESIAN_POINT('Control Point',(9404.75,-2724.77786828,684.557595081));
#74202=CARTESIAN_POINT('Control Point',(9396.934972909999,-2723.83950277,730.24057295));
#74203=CARTESIAN_POINT('Control Point',(9398.101024899999,-2723.99114003,730.267854115));
#74204=CARTESIAN_POINT('Control Point',(9399.29987336,-2723.8986427,730.251202326));
#74205=CARTESIAN_POINT('Control Point',(9400.46104258,-2723.55233352,730.1888765900001));
#74206=CARTESIAN_POINT('Control Point',(9402.559819009999,-2722.3963669,729.980845199));
#74207=CARTESIAN_POINT('Control Point',(9403.998949269999,-2720.49966178,729.639517638));
#74208=CARTESIAN_POINT('Control Point',(9404.499821769999,-2719.4118836,729.443764285));
#74209=CARTESIAN_POINT('Control Point',(9404.75,-2718.25409317,729.235412269));
#74210=CARTESIAN_POINT('Control Point',(9404.75,-2717.0963323,729.027065571));
#74211=CARTESIAN_POINT('Control Point',(9396.93125632,-2705.10720866,828.372882308));
#74212=CARTESIAN_POINT('Control Point',(9398.097596199999,-2705.25861546,828.4050086000001));
#74213=CARTESIAN_POINT('Control Point',(9399.296888139999,-2705.16719622,828.385598789));
#74214=CARTESIAN_POINT('Control Point',(9400.458594219999,-2704.8232838,828.3126017120001));
#74215=CARTESIAN_POINT('Control Point',(9402.55846324,-2703.6744713,828.0687715800001));
#74216=CARTESIAN_POINT('Control Point',(9403.99847004,-2701.7886623,827.668528182));
#74217=CARTESIAN_POINT('Control Point',(9404.499662349999,-2700.70702566,827.4389634070001));
#74218=CARTESIAN_POINT('Control Point',(9404.75,-2699.55572462,827.194613784));
#74219=CARTESIAN_POINT('Control Point',(9404.75,-2698.40445303,826.950270411));
#74220=CARTESIAN_POINT('Control Point',(9396.930854509999,-2682.61599155,925.5458338340001));
#74221=CARTESIAN_POINT('Control Point',(9398.09722541,-2682.76638498,925.5826675330001));
#74222=CARTESIAN_POINT('Control Point',(9399.296565249999,-2682.67567561,925.560452136));
#74223=CARTESIAN_POINT('Control Point',(9400.458329359999,-2682.33426054,925.476835735));
#74224=CARTESIAN_POINT('Control Point',(9402.55831653,-2681.19370129,925.197499237));
#74225=CARTESIAN_POINT('Control Point',(9403.998418179999,-2679.32135172,924.7389379350001));
#74226=CARTESIAN_POINT('Control Point',(9404.499645099999,-2678.24742367,924.475919739));
#74227=CARTESIAN_POINT('Control Point',(9404.75,-2677.10432272,924.1959602110001));
#74228=CARTESIAN_POINT('Control Point',(9404.75,-2675.96125101,923.9160078450001));
#74229=CARTESIAN_POINT('Control Point',(9396.93160675,-2669.17940795,978.4492834690001));
#74230=CARTESIAN_POINT('Control Point',(9398.097919469999,-2669.32901534,978.488651893));
#74231=CARTESIAN_POINT('Control Point',(9399.29716959,-2669.23859111,978.464866693));
#74232=CARTESIAN_POINT('Control Point',(9400.458825039999,-2668.89858347,978.375414319));
#74233=CARTESIAN_POINT('Control Point',(9402.558591049999,-2667.76289761,978.076618908));
#74234=CARTESIAN_POINT('Control Point',(9403.998515219999,-2665.89871893,977.5861507550001));
#74235=CARTESIAN_POINT('Control Point',(9404.499677379999,-2664.82949924,977.3048363920001));
#74236=CARTESIAN_POINT('Control Point',(9404.75,-2663.69141954,977.0054043050001));
#74237=CARTESIAN_POINT('Control Point',(9404.75,-2662.55336893,976.705979875));
#74238=CARTESIAN_POINT('Control Point',(9396.934023289999,-2648.2801808,1053.93711647));
#74239=CARTESIAN_POINT('Control Point',(9398.10014896,-2648.42834686,1053.98002738));
#74240=CARTESIAN_POINT('Control Point',(9399.29911079,-2648.33819499,1053.9539357));
#74241=CARTESIAN_POINT('Control Point',(9400.460417189999,-2648.00026836,1053.85610251));
#74242=CARTESIAN_POINT('Control Point',(9402.559472749999,-2646.87207652,1053.52946368));
#74243=CARTESIAN_POINT('Control Point',(9403.99882689,-2645.02073929,1052.993441));
#74244=CARTESIAN_POINT('Control Point',(9404.499781049999,-2643.95895387,1052.68601738));
#74245=CARTESIAN_POINT('Control Point',(9404.75,-2642.82881764,1052.35880295));
#74246=CARTESIAN_POINT('Control Point',(9404.75,-2641.69871027,1052.03159687));
#74247=CARTESIAN_POINT('Control Point',(9396.9382412,-2625.07482162,1128.7282212));
#74248=CARTESIAN_POINT('Control Point',(9398.104039689999,-2625.2211268,1128.77451958));
#74249=CARTESIAN_POINT('Control Point',(9399.302497979999,-2625.13107657,1128.74602717));
#74250=CARTESIAN_POINT('Control Point',(9400.46319506,-2624.79533783,1128.63979049));
#74251=CARTESIAN_POINT('Control Point',(9402.56101082,-2623.67538176,1128.28540293));
#74252=CARTESIAN_POINT('Control Point',(9403.99937053,-2621.83848615,1127.70415064));
#74253=CARTESIAN_POINT('Control Point',(9404.499961899999,-2620.78510159,1127.37082575));
#74254=CARTESIAN_POINT('Control Point',(9404.75,-2619.66395919,1127.01605988));
#74255=CARTESIAN_POINT('Control Point',(9404.75,-2618.54284536,1126.66130305));
#74256=CARTESIAN_POINT('Control Point',(9396.939680539999,-2617.82887778,1151.33390516));
#74257=CARTESIAN_POINT('Control Point',(9398.10536732,-2617.97458155,1151.38121521));
#74258=CARTESIAN_POINT('Control Point',(9399.303653749999,-2617.88454746,1151.35198584));
#74259=CARTESIAN_POINT('Control Point',(9400.464142889999,-2617.54948246,1151.24319955));
#74260=CARTESIAN_POINT('Control Point',(9402.5615356,-2616.43209179,1150.88040966));
#74261=CARTESIAN_POINT('Control Point',(9403.99955602,-2614.5997205,1150.28547853));
#74262=CARTESIAN_POINT('Control Point',(9404.5000236,-2613.54897086,1149.94432243));
#74263=CARTESIAN_POINT('Control Point',(9404.75,-2612.43065072,1149.58122737));
#74264=CARTESIAN_POINT('Control Point',(9404.75,-2611.31235906,1149.21814157));
#74265=CARTESIAN_POINT('Control Point',(9396.9412753,-2610.37120401,1173.87268898));
#74266=CARTESIAN_POINT('Control Point',(9398.106838219999,-2610.51627043,1173.92099476));
#74267=CARTESIAN_POINT('Control Point',(9399.30493418,-2610.42623893,1173.89101867));
#74268=CARTESIAN_POINT('Control Point',(9400.46519293,-2610.09185899,1173.77968035));
#74269=CARTESIAN_POINT('Control Point',(9402.562116929999,-2608.97710348,1173.40849757));
#74270=CARTESIAN_POINT('Control Point',(9403.99976149,-2607.1494028,1172.79992058));
#74271=CARTESIAN_POINT('Control Point',(9404.50009195,-2606.10137606,1172.45095441));
#74272=CARTESIAN_POINT('Control Point',(9404.75,-2604.98597358,1172.07955366));
#74273=CARTESIAN_POINT('Control Point',(9404.75,-2603.8705995,1171.70816236));
#74274=CARTESIAN_POINT('Control Point',(9396.943019439999,-2602.70182991,1196.34308962));
#74275=CARTESIAN_POINT('Control Point',(9398.10844679,-2602.84622453,1196.39237451));
#74276=CARTESIAN_POINT('Control Point',(9399.30633438,-2602.75618332,1196.36164157));
#74277=CARTESIAN_POINT('Control Point',(9400.466341149999,-2602.4225006,1196.24774871));
#74278=CARTESIAN_POINT('Control Point',(9402.562752579999,-2601.3104509,1195.86818301));
#74279=CARTESIAN_POINT('Control Point',(9403.99998615,-2599.48756667,1195.24599468));
#74280=CARTESIAN_POINT('Control Point',(9404.500166689999,-2598.44235025,1194.88924057));
#74281=CARTESIAN_POINT('Control Point',(9404.75,-2597.3299602,1194.50955869));
#74282=CARTESIAN_POINT('Control Point',(9404.75,-2596.21759843,1194.12988647));
#74283=B_SPLINE_CURVE_WITH_KNOTS('',5,(#74284,#74285,#74286,#74287,#74288,#74289,#74290,#74291,#74292,#74293,#74294,#74295),.UNSPECIFIED.,.F.,.U.,(6,3,3,6),(192.086603323,510.131047687,895.856098788,1063.63863002),.UNSPECIFIED.);
#74284=CARTESIAN_POINT('Control Point',(9396.94409339,-2744.56832738,596.2901685630001));
#74285=CARTESIAN_POINT('Control Point',(9396.940366639999,-2738.42767811,641.147148153));
#74286=CARTESIAN_POINT('Control Point',(9396.937325639999,-2731.5101991,685.835632198));
#74287=CARTESIAN_POINT('Control Point',(9396.934968899999,-2723.81931209,730.346339274));
#74288=CARTESIAN_POINT('Control Point',(9396.931256099999,-2705.09508819,828.425248613));
#74289=CARTESIAN_POINT('Control Point',(9396.930854509999,-2682.61599155,925.5458338340001));
#74290=CARTESIAN_POINT('Control Point',(9396.93160675,-2669.17940795,978.4492834690001));
#74291=CARTESIAN_POINT('Control Point',(9396.934023289999,-2648.2801808,1053.93711647));
#74292=CARTESIAN_POINT('Control Point',(9396.9382412,-2625.07482162,1128.7282212));
#74293=CARTESIAN_POINT('Control Point',(9396.939680539999,-2617.82887778,1151.33390516));
#74294=CARTESIAN_POINT('Control Point',(9396.9412753,-2610.37120401,1173.87268898));
#74295=CARTESIAN_POINT('Control Point',(9396.943019439999,-2602.70182991,1196.34308962));
#74296=EDGE_CURVE('',#73957,#74157,#74283,.F.);
#74297=EDGE_LOOP('',(#74298,#74299,#74300,#74301));
#74298=ORIENTED_EDGE('',*,*,#73968,.F.);
#74299=ORIENTED_EDGE('',*,*,#74296,.T.);
#74300=ORIENTED_EDGE('',*,*,#74158,.T.);
#74301=ORIENTED_EDGE('',*,*,#74032,.F.);
#74302=FACE_OUTER_BOUND('',#74297,.T.);
#74303=ADVANCED_FACE('PartBody',(#74302),#74174,.F.);
#74304=B_SPLINE_SURFACE_WITH_KNOTS('',5,4,((#74305,#74306,#74307,#74308,#74309),(#74310,#74311,#74312,#74313,#74314),(#74315,#74316,#74317,#74318,#74319),(#74320,#74321,#74322,#74323,#74324),(#74325,#74326,#74327,#74328,#74329),(#74330,#74331,#74332,#74333,#74334),(#74335,#74336,#74337,#74338,#74339),(#74340,#74341,#74342,#74343,#74344),(#74345,#74346,#74347,#74348,#74349)),.UNSPECIFIED.,.F.,.F.,.U.,(6,3,6),(5,5),(-469.5071405,-225.773568003,146.989844665),(-1128.21614012,-1096.9982718),.UNSPECIFIED.);
#74305=CARTESIAN_POINT('Control Point',(9405.189195409999,-2745.60717703,596.6409225040001));
#74306=CARTESIAN_POINT('Control Point',(9397.45285111,-2744.63359887,596.312168896));
#74307=CARTESIAN_POINT('Control Point',(9389.716956869999,-2743.65714844,595.982540578));
#74308=CARTESIAN_POINT('Control Point',(9381.9815122,-2742.67782919,595.6520386000001));
#74309=CARTESIAN_POINT('Control Point',(9374.246516679999,-2741.69564419,595.3206639030001));
#74310=CARTESIAN_POINT('Control Point',(9403.846288270001,-2738.75283161,645.4370731920001));
#74311=CARTESIAN_POINT('Control Point',(9396.110259769999,-2737.777262,645.1077645060001));
#74312=CARTESIAN_POINT('Control Point',(9388.374681989999,-2736.79881572,644.777579715));
#74313=CARTESIAN_POINT('Control Point',(9380.639554469999,-2735.81749624,644.446519886));
#74314=CARTESIAN_POINT('Control Point',(9372.904876749999,-2734.83330666,644.114585978));
#74315=CARTESIAN_POINT('Control Point',(9402.64349911,-2731.00384506,693.9608314560001));
#74316=CARTESIAN_POINT('Control Point',(9394.90768305,-2730.02694179,693.63116799));
#74317=CARTESIAN_POINT('Control Point',(9387.172318479999,-2729.04715661,693.3006268390001));
#74318=CARTESIAN_POINT('Control Point',(9379.437404889999,-2728.06449319,692.969209133));
#74319=CARTESIAN_POINT('Control Point',(9371.70294182,-2727.07895477,692.636915882));
#74320=CARTESIAN_POINT('Control Point',(9401.57941192,-2722.36929634,742.214834621));
#74321=CARTESIAN_POINT('Control Point',(9393.843707169999,-2721.39169984,741.885010321));
#74322=CARTESIAN_POINT('Control Point',(9386.1084546,-2720.41121657,741.5543071740001));
#74323=CARTESIAN_POINT('Control Point',(9378.373653639999,-2719.42785042,741.222726348));
#74324=CARTESIAN_POINT('Control Point',(9370.639303849999,-2718.4416048,740.890268869));
#74325=CARTESIAN_POINT('Control Point',(9399.236558069999,-2698.30311767,863.590739404));
#74326=CARTESIAN_POINT('Control Point',(9391.500884899999,-2697.32532977,863.2609856700001));
#74327=CARTESIAN_POINT('Control Point',(9383.765664729999,-2696.34465048,862.930351634));
#74328=CARTESIAN_POINT('Control Point',(9376.03089711,-2695.3610833,862.5988383360001));
#74329=CARTESIAN_POINT('Control Point',(9368.296581659999,-2694.37463113,862.26644664));
#74330=CARTESIAN_POINT('Control Point',(9397.769438739999,-2668.64565333,983.264563437));
#74331=CARTESIAN_POINT('Control Point',(9390.03318567,-2667.67158595,982.9360671430001));
#74332=CARTESIAN_POINT('Control Point',(9382.29738806,-2666.6946114,982.6066849260001));
#74333=CARTESIAN_POINT('Control Point',(9374.56204544,-2665.71473331,982.276417935));
#74334=CARTESIAN_POINT('Control Point',(9366.827157469999,-2664.73195463,981.945267102));
#74335=CARTESIAN_POINT('Control Point',(9397.20091897,-2648.67987634,1055.00533289));
#74336=CARTESIAN_POINT('Control Point',(9389.46410487,-2647.70939696,1054.67799685));
#74337=CARTESIAN_POINT('Control Point',(9381.727747909999,-2646.73599985,1054.34977204));
#74338=CARTESIAN_POINT('Control Point',(9373.99184766,-2645.75968853,1054.02065955));
#74339=CARTESIAN_POINT('Control Point',(9366.256403789999,-2644.7804658,1053.69066021));
#74340=CARTESIAN_POINT('Control Point',(9396.95161975,-2626.67685959,1126.12588838));
#74341=CARTESIAN_POINT('Control Point',(9389.214054009999,-2625.71117875,1125.80007578));
#74342=CARTESIAN_POINT('Control Point',(9381.476947249999,-2624.74256913,1125.47337105));
#74343=CARTESIAN_POINT('Control Point',(9373.740299089999,-2623.771034,1125.14577518));
#74344=CARTESIAN_POINT('Control Point',(9366.004109239999,-2622.79657582,1124.81728887));
#74345=CARTESIAN_POINT('Control Point',(9397.02453687,-2602.61841986,1196.62045969));
#74346=CARTESIAN_POINT('Control Point',(9389.286057019999,-2601.65856981,1196.29647615));
#74347=CARTESIAN_POINT('Control Point',(9381.548038069999,-2600.69577942,1195.97159697));
#74348=CARTESIAN_POINT('Control Point',(9373.81047973,-2599.7300516,1195.64582299));
#74349=CARTESIAN_POINT('Control Point',(9366.07338177,-2598.76138841,1195.31915482));
#74350=B_SPLINE_CURVE_WITH_KNOTS('',3,(#74351,#74352,#74353,#74354),.UNSPECIFIED.,.F.,.U.,(4,4),(0.,21.8567384455),.UNSPECIFIED.);
#74351=CARTESIAN_POINT('Control Point',(9387.252731679999,-2601.44343661,1196.09692408));
#74352=CARTESIAN_POINT('Control Point',(9390.4827391,-2601.86349301,1196.17909552));
#74353=CARTESIAN_POINT('Control Point',(9393.712834989999,-2602.28295756,1196.2611507));
#74354=CARTESIAN_POINT('Control Point',(9396.943019439999,-2602.7018299,1196.34308962));
#74355=CARTESIAN_POINT('Vertex',(9387.252730459999,-2601.44344471,1196.09692658));
#74356=VERTEX_POINT('',#74355);
#74357=EDGE_CURVE('',#74356,#73957,#74350,.T.);
#74358=B_SPLINE_CURVE_WITH_KNOTS('',5,(#74359,#74360,#74361,#74362,#74363,#74364),.UNSPECIFIED.,.F.,.U.,(6,6),(0.,29.1884454518),.UNSPECIFIED.);
#74359=CARTESIAN_POINT('Control Point',(9387.252731679999,-2601.44343661,1196.09692408));
#74360=CARTESIAN_POINT('Control Point',(9383.1606789,-2600.91127282,1195.99282218));
#74361=CARTESIAN_POINT('Control Point',(9379.02896148,-2600.90041416,1194.34245128));
#74362=CARTESIAN_POINT('Control Point',(9375.75381987,-2601.54333754,1191.12222102));
#74363=CARTESIAN_POINT('Control Point',(9374.138580229999,-2602.66398657,1187.14480491));
#74364=CARTESIAN_POINT('Control Point',(9374.138415719999,-2603.97926355,1183.23650585));
#74365=CARTESIAN_POINT('Vertex',(9374.138415719999,-2603.97926355,1183.23650585));
#74366=VERTEX_POINT('',#74365);
#74367=EDGE_CURVE('',#74356,#74366,#74358,.T.);
#74368=B_SPLINE_CURVE_WITH_KNOTS('',5,(#74369,#74370,#74371,#74372,#74373,#74374,#74375,#74376,#74377,#74378,#74379,#74380),.UNSPECIFIED.,.F.,.U.,(6,3,3,6),(0.,553.714276729,775.827942271,1180.06175275),.UNSPECIFIED.);
#74369=CARTESIAN_POINT('Control Point',(9374.138415719999,-2603.97926355,1183.23650585));
#74370=CARTESIAN_POINT('Control Point',(9374.1362082,-2621.62816716,1130.79341266));
#74371=CARTESIAN_POINT('Control Point',(9374.134473669999,-2638.1258225,1077.99023516));
#74372=CARTESIAN_POINT('Control Point',(9374.13319228,-2653.47585691,1024.8364467));
#74373=CARTESIAN_POINT('Control Point',(9374.132275889999,-2673.37504421,949.8864764570001));
#74374=CARTESIAN_POINT('Control Point',(9374.132461199999,-2691.01673401,874.2914953550001));
#74375=CARTESIAN_POINT('Control Point',(9374.132609509999,-2695.87033368,852.650747313));
#74376=CARTESIAN_POINT('Control Point',(9374.1331907,-2709.06830638,791.333446771));
#74377=CARTESIAN_POINT('Control Point',(9374.13442704,-2720.78803366,729.613959085));
#74378=CARTESIAN_POINT('Control Point',(9374.13554987,-2727.73408673,689.613031101));
#74379=CARTESIAN_POINT('Control Point',(9374.137062739999,-2734.06102392,649.4370548310001));
#74380=CARTESIAN_POINT('Control Point',(9374.13888782,-2739.76395482,609.097337175));
#74381=CARTESIAN_POINT('Vertex',(9374.13888782,-2739.76395482,609.097337175));
#74382=VERTEX_POINT('',#74381);
#74383=EDGE_CURVE('',#74366,#74382,#74368,.T.);
#74384=B_SPLINE_CURVE_WITH_KNOTS('',5,(#74385,#74386,#74387,#74388,#74389,#74390),.UNSPECIFIED.,.F.,.U.,(6,6),(0.,28.0416944355),.UNSPECIFIED.);
#74385=CARTESIAN_POINT('Control Point',(9374.13888782,-2739.76395482,609.097337175));
#74386=CARTESIAN_POINT('Control Point',(9374.139067329999,-2740.32487288,605.129679763));
#74387=CARTESIAN_POINT('Control Point',(9375.66479773,-2741.08257927,601.162432695));
#74388=CARTESIAN_POINT('Control Point',(9378.78281723,-2741.92074203,598.074198239));
#74389=CARTESIAN_POINT('Control Point',(9382.65410062,-2742.64674132,596.5230587250001));
#74390=CARTESIAN_POINT('Control Point',(9386.584430749999,-2743.17585383,596.458930883));
#74391=CARTESIAN_POINT('Vertex',(9386.584429819999,-2743.17586009,596.458932116));
#74392=VERTEX_POINT('',#74391);
#74393=EDGE_CURVE('',#74382,#74392,#74384,.T.);
#74394=B_SPLINE_CURVE_WITH_KNOTS('',3,(#74395,#74396,#74397,#74398),.UNSPECIFIED.,.F.,.U.,(4,4),(0.,23.374126166),.UNSPECIFIED.);
#74395=CARTESIAN_POINT('Control Point',(9386.584430749999,-2743.17585383,596.458930883));
#74396=CARTESIAN_POINT('Control Point',(9390.037541219999,-2743.64072165,596.4025893530001));
#74397=CARTESIAN_POINT('Control Point',(9393.490762179999,-2744.10487951,596.346335287));
#74398=CARTESIAN_POINT('Control Point',(9396.94409363,-2744.56832708,596.290168741));
#74399=EDGE_CURVE('',#74392,#74157,#74394,.T.);
#74400=EDGE_LOOP('',(#74401,#74402,#74403,#74404,#74405,#74406));
#74401=ORIENTED_EDGE('',*,*,#74296,.F.);
#74402=ORIENTED_EDGE('',*,*,#74357,.F.);
#74403=ORIENTED_EDGE('',*,*,#74367,.T.);
#74404=ORIENTED_EDGE('',*,*,#74383,.T.);
#74405=ORIENTED_EDGE('',*,*,#74393,.T.);
#74406=ORIENTED_EDGE('',*,*,#74399,.T.);
#74407=FACE_OUTER_BOUND('',#74400,.T.);
#74408=ADVANCED_FACE('PartBody',(#74407),#74304,.T.);
#74409=B_SPLINE_SURFACE_WITH_KNOTS('',5,1,((#74410,#74411),(#74412,#74413),(#74414,#74415),(#74416,#74417),(#74418,#74419),(#74420,#74421),(#74422,#74423),(#74424,#74425),(#74426,#74427),(#74428,#74429),(#74430,#74431),(#74432,#74433),(#74434,#74435),(#74436,#74437),(#74438,#74439)),.UNSPECIFIED.,.F.,.F.,.U.,(6,3,3,3,6),(2,2),(0.,5.94059175522,9.90205314227,13.864964051,19.8231827127),(-3.41,8.04449954996E-014),.UNSPECIFIED.);
#74410=CARTESIAN_POINT('Control Point',(9374.584438489999,-2736.4164714,608.624114887));
#74411=CARTESIAN_POINT('Control Point',(9374.13888782,-2739.76395482,609.097337175));
#74412=CARTESIAN_POINT('Control Point',(9374.584445499999,-2736.58434035,607.4366488210001));
#74413=CARTESIAN_POINT('Control Point',(9374.1389416,-2739.93200535,607.9086307250001));
#74414=CARTESIAN_POINT('Control Point',(9374.7219018,-2736.76966252,606.251162849));
#74415=CARTESIAN_POINT('Control Point',(9374.276462399999,-2740.11751165,606.7218987790001));
#74416=CARTESIAN_POINT('Control Point',(9374.99745316,-2736.97015951,605.0842766090001));
#74417=CARTESIAN_POINT('Control Point',(9374.55209542,-2740.31819281,605.553778221));
#74418=CARTESIAN_POINT('Control Point',(9375.68156945,-2737.32250917,603.216503603));
#74419=CARTESIAN_POINT('Control Point',(9375.23637384,-2740.67084244,603.684015683));
#74420=CARTESIAN_POINT('Control Point',(9376.70484052,-2737.69322647,601.530651913));
#74421=CARTESIAN_POINT('Control Point',(9376.259843619999,-2741.04183939,601.996345008));
#74422=CARTESIAN_POINT('Control Point',(9377.16756236,-2737.84383084,600.889234781));
#74423=CARTESIAN_POINT('Control Point',(9376.72265052,-2741.19255181,601.3542315870001));
#74424=CARTESIAN_POINT('Control Point',(9378.18146704,-2738.14463393,599.69148219));
#74425=CARTESIAN_POINT('Control Point',(9377.736733309999,-2741.49356008,600.15517014));
#74426=CARTESIAN_POINT('Control Point',(9379.37583499,-2738.44567432,598.6606875590001));
#74427=CARTESIAN_POINT('Control Point',(9378.931295889999,-2741.79478458,599.1232305360001));
#74428=CARTESIAN_POINT('Control Point',(9380.008781749999,-2738.59379691,598.19604614));
#74429=CARTESIAN_POINT('Control Point',(9379.56434252,-2741.94299239,598.6580675490001));
#74430=CARTESIAN_POINT('Control Point',(9381.681970309999,-2738.95890267,597.157619395));
#74431=CARTESIAN_POINT('Control Point',(9381.23778743,-2742.30829487,597.61846023));
#74432=CARTESIAN_POINT('Control Point',(9383.521962249999,-2739.29834814,596.462322263));
#74433=CARTESIAN_POINT('Control Point',(9383.078043179999,-2742.6478896,596.922331166));
#74434=CARTESIAN_POINT('Control Point',(9384.67027346,-2739.490177,596.1731477760001));
#74435=CARTESIAN_POINT('Control Point',(9384.226513129999,-2742.83978998,596.632788644));
#74436=CARTESIAN_POINT('Control Point',(9385.84701704,-2739.66719671,596.018788481));
#74437=CARTESIAN_POINT('Control Point',(9385.40341357,-2743.01686185,596.4782005320001));
#74438=CARTESIAN_POINT('Control Point',(9387.02788236,-2739.82615655,595.99960658));
#74439=CARTESIAN_POINT('Control Point',(9386.584430749999,-2743.17585383,596.458930883));
#74440=B_SPLINE_CURVE_WITH_KNOTS('',5,(#74441,#74442,#74443,#74444,#74445,#74446,#74447,#74448,#74449,#74450,#74451,#74452,#74453,#74454,#74455),.UNSPECIFIED.,.F.,.U.,(6,3,3,3,6),(2.66791584418E-005,7.44192984625,14.8958143118,19.8846736129,28.0416891053),.UNSPECIFIED.);
#74441=CARTESIAN_POINT('Control Point',(9374.584438489999,-2736.41647406,608.624096032));
#74442=CARTESIAN_POINT('Control Point',(9374.584446249999,-2736.56517382,607.572229814));
#74443=CARTESIAN_POINT('Control Point',(9374.69230425,-2736.72756831,606.5219174250001));
#74444=CARTESIAN_POINT('Control Point',(9374.90834106,-2736.90187512,605.486007254));
#74445=CARTESIAN_POINT('Control Point',(9375.552525249999,-2737.26917206,603.4759281410001));
#74446=CARTESIAN_POINT('Control Point',(9376.591972279999,-2737.66180449,601.649413215));
#74447=CARTESIAN_POINT('Control Point',(9377.205478619999,-2737.86229669,600.7930859520001));
#74448=CARTESIAN_POINT('Control Point',(9378.36849431,-2738.19811228,599.484728375));
#74449=CARTESIAN_POINT('Control Point',(9379.734461369999,-2738.52932294,598.3994273540001));
#74450=CARTESIAN_POINT('Control Point',(9380.31128777,-2738.66048294,598.003453272));
#74451=CARTESIAN_POINT('Control Point',(9381.8990717,-2738.99994078,597.068442718));
#74452=CARTESIAN_POINT('Control Point',(9383.62944959,-2739.31623165,596.4357805640001));
#74453=CARTESIAN_POINT('Control Point',(9384.745460759999,-2739.5014685,596.163423586));
#74454=CARTESIAN_POINT('Control Point',(9385.88474026,-2739.67227475,596.0181757080001));
#74455=CARTESIAN_POINT('Control Point',(9387.02788236,-2739.82615655,595.99960658));
#74456=CARTESIAN_POINT('Vertex',(9374.5844339,-2736.41650459,608.6241003480001));
#74457=VERTEX_POINT('',#74456);
#74458=CARTESIAN_POINT('Vertex',(9387.027896039999,-2739.82606913,595.999583904));
#74459=VERTEX_POINT('',#74458);
#74460=EDGE_CURVE('',#74457,#74459,#74440,.T.);
#74461=B_SPLINE_CURVE_WITH_KNOTS('',1,(#74462,#74463),.UNSPECIFIED.,.F.,.U.,(2,2),(-3.41,-9.98174638036E-014),.UNSPECIFIED.);
#74462=CARTESIAN_POINT('Control Point',(9387.02788236,-2739.82615655,595.99960658));
#74463=CARTESIAN_POINT('Control Point',(9386.584430749999,-2743.17585383,596.458930883));
#74464=EDGE_CURVE('',#74459,#74392,#74461,.T.);
#74465=B_SPLINE_CURVE_WITH_KNOTS('',1,(#74466,#74467),.UNSPECIFIED.,.F.,.U.,(2,2),(-3.40996883423,8.04449954996E-014),.UNSPECIFIED.);
#74466=CARTESIAN_POINT('Control Point',(9374.58443442,-2736.41650199,608.624119212));
#74467=CARTESIAN_POINT('Control Point',(9374.13888782,-2739.76395482,609.097337175));
#74468=EDGE_CURVE('',#74457,#74382,#74465,.T.);
#74469=EDGE_LOOP('',(#74470,#74471,#74472,#74473));
#74470=ORIENTED_EDGE('',*,*,#74460,.T.);
#74471=ORIENTED_EDGE('',*,*,#74464,.T.);
#74472=ORIENTED_EDGE('',*,*,#74393,.F.);
#74473=ORIENTED_EDGE('',*,*,#74468,.F.);
#74474=FACE_OUTER_BOUND('',#74469,.T.);
#74475=ADVANCED_FACE('PartBody',(#74474),#74409,.T.);
#74476=B_SPLINE_SURFACE_WITH_KNOTS('',5,5,((#74477,#74478,#74479,#74480,#74481,#74482),(#74483,#74484,#74485,#74486,#74487,#74488),(#74489,#74490,#74491,#74492,#74493,#74494),(#74495,#74496,#74497,#74498,#74499,#74500),(#74501,#74502,#74503,#74504,#74505,#74506),(#74507,#74508,#74509,#74510,#74511,#74512)),.UNSPECIFIED.,.F.,.F.,.U.,(6,6),(6,6),(-469.5071405,146.87136494),(-1128.14288966,-1097.26265512),.UNSPECIFIED.);
#74477=CARTESIAN_POINT('Control Point',(9405.55768623,-2742.24781596,596.179361738));
#74478=CARTESIAN_POINT('Control Point',(9399.43632413,-2741.47747233,595.9191206400001));
#74479=CARTESIAN_POINT('Control Point',(9393.31522558,-2740.70544429,595.658366406));
#74480=CARTESIAN_POINT('Control Point',(9387.1943906,-2739.93173178,595.397099026));
#74481=CARTESIAN_POINT('Control Point',(9381.07381915,-2739.15633503,595.1353184640001));
#74482=CARTESIAN_POINT('Control Point',(9374.953511239999,-2738.379254,594.8730247540001));
#74483=CARTESIAN_POINT('Control Point',(9402.16686272,-2724.93367258,719.4509488570001));
#74484=CARTESIAN_POINT('Control Point',(9396.04613809,-2724.15935342,719.1896739680001));
#74485=CARTESIAN_POINT('Control Point',(9389.925678059999,-2723.38334213,718.927883596));
#74486=CARTESIAN_POINT('Control Point',(9383.805482599999,-2722.60563889,718.6655777760001));
#74487=CARTESIAN_POINT('Control Point',(9377.68555179,-2721.82624324,718.402756535));
#74488=CARTESIAN_POINT('Control Point',(9371.56588563,-2721.04515517,718.13941979));
#74489=CARTESIAN_POINT('Control Point',(9399.670816469999,-2701.89551802,840.9799761950001));
#74490=CARTESIAN_POINT('Control Point',(9393.550206559999,-2701.12047173,840.718661859));
#74491=CARTESIAN_POINT('Control Point',(9387.429861679999,-2700.34373101,840.4568314730001));
#74492=CARTESIAN_POINT('Control Point',(9381.30978188,-2699.56529559,840.194484978));
#74493=CARTESIAN_POINT('Control Point',(9375.189967079999,-2698.78516601,839.931622383));
#74494=CARTESIAN_POINT('Control Point',(9369.07041726,-2698.00334238,839.668243811));
#74495=CARTESIAN_POINT('Control Point',(9398.043101879999,-2673.30095369,960.8168863870001));
#74496=CARTESIAN_POINT('Control Point',(9391.92210406,-2672.52839863,960.5565064260001));
#74497=CARTESIAN_POINT('Control Point',(9385.80137216,-2671.7541439,960.295608591));
#74498=CARTESIAN_POINT('Control Point',(9379.680906149999,-2670.97818964,960.0341929130001));
#74499=CARTESIAN_POINT('Control Point',(9373.56070604,-2670.20053584,959.772259481));
#74500=CARTESIAN_POINT('Control Point',(9367.44077184,-2669.42118232,959.509808186));
#74501=CARTESIAN_POINT('Control Point',(9397.27882188,-2639.18430569,1078.97138227));
#74502=CARTESIAN_POINT('Control Point',(9391.15698693,-2638.41713443,1078.71280014));
#74503=CARTESIAN_POINT('Control Point',(9385.03542016,-2637.64824932,1078.45369545));
#74504=CARTESIAN_POINT('Control Point',(9378.914121579999,-2636.87765032,1078.1940682));
#74505=CARTESIAN_POINT('Control Point',(9372.79309121,-2636.10533721,1077.93391828));
#74506=CARTESIAN_POINT('Control Point',(9366.672329049999,-2635.33131012,1077.67324575));
#74507=CARTESIAN_POINT('Control Point',(9397.39444401,-2599.44773551,1195.41300024));
#74508=CARTESIAN_POINT('Control Point',(9391.27141865,-2598.68816117,1195.15685326));
#74509=CARTESIAN_POINT('Control Point',(9385.148663349999,-2597.92686258,1194.9001807));
#74510=CARTESIAN_POINT('Control Point',(9379.02617811,-2597.16383971,1194.64298256));
#74511=CARTESIAN_POINT('Control Point',(9372.903962909999,-2596.39909271,1194.38525888));
#74512=CARTESIAN_POINT('Control Point',(9366.78201775,-2595.63262155,1194.12700967));
#74513=B_SPLINE_CURVE_WITH_KNOTS('',3,(#74514,#74515,#74516,#74517),.UNSPECIFIED.,.F.,.U.,(4,4),(0.,23.3741261045),.UNSPECIFIED.);
#74514=CARTESIAN_POINT('Control Point',(9387.027896039999,-2739.82606913,595.999583904));
#74515=CARTESIAN_POINT('Control Point',(9390.480562839999,-2740.29084053,595.9434985930001));
#74516=CARTESIAN_POINT('Control Point',(9393.93334001,-2740.75490188,595.887500521));
#74517=CARTESIAN_POINT('Control Point',(9397.38622751,-2741.21825331,595.831589901));
#74518=EDGE_CURVE('',#74459,#73828,#74513,.T.);
#74519=B_SPLINE_CURVE_WITH_KNOTS('',5,(#74520,#74521,#74522,#74523,#74524,#74525,#74526,#74527,#74528,#74529,#74530,#74531),.UNSPECIFIED.,.F.,.U.,(6,3,3,6),(2.24725989415E-005,553.994934677,776.224497769,1180.06680996),.UNSPECIFIED.);
#74520=CARTESIAN_POINT('Control Point',(9374.58448471,-2600.775189,1182.15820585));
#74521=CARTESIAN_POINT('Control Point',(9374.584133869999,-2618.41486401,1129.74468918));
#74522=CARTESIAN_POINT('Control Point',(9374.584022179999,-2634.9022872,1076.97051913));
#74523=CARTESIAN_POINT('Control Point',(9374.58387862,-2650.24241864,1023.84563723));
#74524=CARTESIAN_POINT('Control Point',(9374.583749949999,-2670.12880136,948.935948533));
#74525=CARTESIAN_POINT('Control Point',(9374.583766169999,-2687.75767467,873.381078065));
#74526=CARTESIAN_POINT('Control Point',(9374.58378778,-2692.60710638,851.754016559));
#74527=CARTESIAN_POINT('Control Point',(9374.583894449999,-2705.78149144,790.527124038));
#74528=CARTESIAN_POINT('Control Point',(9374.58402536,-2717.48038737,728.898428418));
#74529=CARTESIAN_POINT('Control Point',(9374.58403529,-2724.41159982,688.977819886));
#74530=CARTESIAN_POINT('Control Point',(9374.584156200001,-2730.72552075,648.882700493));
#74531=CARTESIAN_POINT('Control Point',(9374.5844339,-2736.41650459,608.6241003480001));
#74532=CARTESIAN_POINT('Vertex',(9374.584491059999,-2600.77514805,1182.15819207));
#74533=VERTEX_POINT('',#74532);
#74534=EDGE_CURVE('',#74533,#74457,#74519,.T.);
#74535=B_SPLINE_CURVE_WITH_KNOTS('',5,(#74536,#74537,#74538,#74539,#74540,#74541),.UNSPECIFIED.,.F.,.U.,(6,6),(0.,29.188398723),.UNSPECIFIED.);
#74536=CARTESIAN_POINT('Control Point',(9387.69665054,-2598.24356929,1195.00492515));
#74537=CARTESIAN_POINT('Control Point',(9383.605135379999,-2597.71144748,1194.90091387));
#74538=CARTESIAN_POINT('Control Point',(9379.474034179999,-2597.70008937,1193.25231534));
#74539=CARTESIAN_POINT('Control Point',(9376.19938136,-2598.34196141,1190.03548932));
#74540=CARTESIAN_POINT('Control Point',(9374.58451085,-2599.46126422,1186.0623264));
#74541=CARTESIAN_POINT('Control Point',(9374.58448471,-2600.77518542,1182.15821648));
#74542=CARTESIAN_POINT('Vertex',(9387.696650779999,-2598.24356508,1195.00493931));
#74543=VERTEX_POINT('',#74542);
#74544=EDGE_CURVE('',#74543,#74533,#74535,.T.);
#74545=B_SPLINE_CURVE_WITH_KNOTS('',3,(#74546,#74547,#74548,#74549),.UNSPECIFIED.,.F.,.U.,(4,4),(0.,21.8567384451),.UNSPECIFIED.);
#74546=CARTESIAN_POINT('Control Point',(9387.69665054,-2598.24356929,1195.00492515));
#74547=CARTESIAN_POINT('Control Point',(9390.926238759999,-2598.66359324,1195.0870252));
#74548=CARTESIAN_POINT('Control Point',(9394.15591532,-2599.08302565,1195.16900894));
#74549=CARTESIAN_POINT('Control Point',(9397.385680269999,-2599.50186651,1195.25087647));
#74550=EDGE_CURVE('',#74543,#73859,#74545,.T.);
#74551=EDGE_LOOP('',(#74552,#74553,#74554,#74555,#74556,#74557));
#74552=ORIENTED_EDGE('',*,*,#74518,.F.);
#74553=ORIENTED_EDGE('',*,*,#74460,.F.);
#74554=ORIENTED_EDGE('',*,*,#74534,.F.);
#74555=ORIENTED_EDGE('',*,*,#74544,.F.);
#74556=ORIENTED_EDGE('',*,*,#74550,.T.);
#74557=ORIENTED_EDGE('',*,*,#73860,.F.);
#74558=FACE_OUTER_BOUND('',#74551,.T.);
#74559=ADVANCED_FACE('PartBody',(#74558),#74476,.F.);
#74560=B_SPLINE_SURFACE_WITH_KNOTS('',5,1,((#74561,#74562),(#74563,#74564),(#74565,#74566),(#74567,#74568),(#74569,#74570),(#74571,#74572),(#74573,#74574),(#74575,#74576),(#74577,#74578)),.UNSPECIFIED.,.F.,.F.,.U.,(6,3,6),(2,2),(0.,516.051847321,1022.04219907),(-3.41000000001,8.04449954996E-014),.UNSPECIFIED.);
#74561=CARTESIAN_POINT('Control Point',(9374.584438489999,-2736.4164714,608.624114887));
#74562=CARTESIAN_POINT('Control Point',(9374.13888782,-2739.76395482,609.097337175));
#74563=CARTESIAN_POINT('Control Point',(9374.58408814,-2728.02596092,667.9766419910001));
#74564=CARTESIAN_POINT('Control Point',(9374.13619974,-2731.36436881,668.511861769));
#74565=CARTESIAN_POINT('Control Point',(9374.583818229999,-2718.28082427,726.9906461630001));
#74566=CARTESIAN_POINT('Control Point',(9374.134188189999,-2721.60879399,727.587678824));
#74567=CARTESIAN_POINT('Control Point',(9374.583913929999,-2707.19702292,785.6162239380001));
#74568=CARTESIAN_POINT('Control Point',(9374.13313647,-2710.51319739,786.2748313650001));
#74569=CARTESIAN_POINT('Control Point',(9374.5836963,-2682.58914211,901.089767712));
#74570=CARTESIAN_POINT('Control Point',(9374.131814479999,-2685.87932274,901.869687118));
#74571=CARTESIAN_POINT('Control Point',(9374.58374505,-2652.75431607,1015.11027217));
#74572=CARTESIAN_POINT('Control Point',(9374.132984379999,-2656.01310999,1016.01076745));
#74573=CARTESIAN_POINT('Control Point',(9374.583962679999,-2636.70575471,1071.18698815));
#74574=CARTESIAN_POINT('Control Point',(9374.134283179999,-2639.94767753,1072.14697909));
#74575=CARTESIAN_POINT('Control Point',(9374.584189719999,-2619.38031422,1126.87443648));
#74576=CARTESIAN_POINT('Control Point',(9374.136086139999,-2622.60401785,1127.89370684));
#74577=CARTESIAN_POINT('Control Point',(9374.584491059999,-2600.77514805,1182.15819207));
#74578=CARTESIAN_POINT('Control Point',(9374.138415719999,-2603.97926355,1183.23650585));
#74579=B_SPLINE_CURVE_WITH_KNOTS('',1,(#74580,#74581),.UNSPECIFIED.,.F.,.U.,(2,2),(-3.41,-2.4575240441E-013),.UNSPECIFIED.);
#74580=CARTESIAN_POINT('Control Point',(9374.584491059999,-2600.77514805,1182.15819207));
#74581=CARTESIAN_POINT('Control Point',(9374.138415719999,-2603.97926355,1183.23650585));
#74582=EDGE_CURVE('',#74533,#74366,#74579,.T.);
#74583=EDGE_LOOP('',(#74584,#74585,#74586,#74587));
#74584=ORIENTED_EDGE('',*,*,#74534,.T.);
#74585=ORIENTED_EDGE('',*,*,#74468,.T.);
#74586=ORIENTED_EDGE('',*,*,#74383,.F.);
#74587=ORIENTED_EDGE('',*,*,#74582,.F.);
#74588=FACE_OUTER_BOUND('',#74583,.T.);
#74589=ADVANCED_FACE('PartBody',(#74588),#74560,.F.);
#74590=B_SPLINE_SURFACE_WITH_KNOTS('',5,1,((#74591,#74592),(#74593,#74594),(#74595,#74596),(#74597,#74598),(#74599,#74600),(#74601,#74602),(#74603,#74604),(#74605,#74606),(#74607,#74608),(#74609,#74610),(#74611,#74612),(#74613,#74614),(#74615,#74616),(#74617,#74618),(#74619,#74620),(#74621,#74622),(#74623,#74624),(#74625,#74626)),.UNSPECIFIED.,.F.,.F.,.U.,(6,3,3,3,3,6),(2,2),(0.,4.1254679921,8.24795521499,12.3706803063,16.4962072485,20.6259502392),(-3.41000000001,0.),.UNSPECIFIED.);
#74591=CARTESIAN_POINT('Control Point',(9387.6966379,-2598.24364864,1195.00495143));
#74592=CARTESIAN_POINT('Control Point',(9387.252731679999,-2601.44343661,1196.09692408));
#74593=CARTESIAN_POINT('Control Point',(9386.87880959,-2598.13728632,1194.98416136));
#74594=CARTESIAN_POINT('Control Point',(9386.434797259999,-2601.33706577,1196.07611581));
#74595=CARTESIAN_POINT('Control Point',(9386.05979981,-2598.05186162,1194.90143704));
#74596=CARTESIAN_POINT('Control Point',(9385.615678869999,-2601.25165481,1195.99330707));
#74597=CARTESIAN_POINT('Control Point',(9385.24631421,-2597.98816884,1194.75717353));
#74598=CARTESIAN_POINT('Control Point',(9384.80208302,-2601.18799799,1195.84889332));
#74599=CARTESIAN_POINT('Control Point',(9383.637853979999,-2597.90559294,1194.3445648));
#74600=CARTESIAN_POINT('Control Point',(9383.19339993,-2601.10553893,1195.43585143));
#74601=CARTESIAN_POINT('Control Point',(9382.11695605,-2597.9135084,1193.70153134));
#74602=CARTESIAN_POINT('Control Point',(9381.67228169,-2601.11365553,1194.79213818));
#74603=CARTESIAN_POINT('Control Point',(9381.377658019999,-2597.93994056,1193.32247076));
#74604=CARTESIAN_POINT('Control Point',(9380.93287407,-2601.14020927,1194.41267613));
#74605=CARTESIAN_POINT('Control Point',(9379.9665499,-2598.03813878,1192.458186));
#74606=CARTESIAN_POINT('Control Point',(9379.521551439999,-2601.23868985,1193.54747475));
#74607=CARTESIAN_POINT('Control Point',(9378.70591662,-2598.22336496,1191.39815732));
#74608=CARTESIAN_POINT('Control Point',(9378.260715779999,-2601.42427098,1192.48631972));
#74609=CARTESIAN_POINT('Control Point',(9378.11874727,-2598.3375675,1190.82183907));
#74610=CARTESIAN_POINT('Control Point',(9377.673449079999,-2601.53866826,1191.90938866));
#74611=CARTESIAN_POINT('Control Point',(9377.04604397,-2598.60429384,1189.59694784));
#74612=CARTESIAN_POINT('Control Point',(9376.600561559999,-2601.80581153,1190.68319423));
#74613=CARTESIAN_POINT('Control Point',(9376.17637544,-2598.94841867,1188.22478202));
#74614=CARTESIAN_POINT('Control Point',(9375.730729679999,-2602.15040902,1189.30956706));
#74615=CARTESIAN_POINT('Control Point',(9375.80037454,-2599.1373026,1187.51253061));
#74616=CARTESIAN_POINT('Control Point',(9375.35465376,-2602.33953952,1188.59655678));
#74617=CARTESIAN_POINT('Control Point',(9375.16626099,-2599.54698543,1186.04072424));
#74618=CARTESIAN_POINT('Control Point',(9374.72040376,-2602.74973412,1187.12318161));
#74619=CARTESIAN_POINT('Control Point',(9374.779301029999,-2600.01232165,1184.50292446));
#74620=CARTESIAN_POINT('Control Point',(9374.33333705,-2603.21560933,1185.58374142));
#74621=CARTESIAN_POINT('Control Point',(9374.649425509999,-2600.25720773,1183.72322873));
#74622=CARTESIAN_POINT('Control Point',(9374.203416029999,-2603.46076971,1184.80321364));
#74623=CARTESIAN_POINT('Control Point',(9374.584495319999,-2600.51225005,1182.93937233));
#74624=CARTESIAN_POINT('Control Point',(9374.138448629999,-2603.71608877,1184.01852042));
#74625=CARTESIAN_POINT('Control Point',(9374.584491059999,-2600.77514805,1182.15819207));
#74626=CARTESIAN_POINT('Control Point',(9374.138415719999,-2603.97926355,1183.23650585));
#74627=B_SPLINE_CURVE_WITH_KNOTS('',1,(#74628,#74629),.UNSPECIFIED.,.F.,.U.,(2,2),(-3.41000000001,-1.31995462004E-013),.UNSPECIFIED.);
#74628=CARTESIAN_POINT('Control Point',(9387.6966379,-2598.24364864,1195.00495143));
#74629=CARTESIAN_POINT('Control Point',(9387.252731679999,-2601.44343661,1196.09692408));
#74630=EDGE_CURVE('',#74543,#74356,#74627,.T.);
#74631=EDGE_LOOP('',(#74632,#74633,#74634,#74635));
#74632=ORIENTED_EDGE('',*,*,#74544,.T.);
#74633=ORIENTED_EDGE('',*,*,#74582,.T.);
#74634=ORIENTED_EDGE('',*,*,#74367,.F.);
#74635=ORIENTED_EDGE('',*,*,#74630,.F.);
#74636=FACE_OUTER_BOUND('',#74631,.T.);
#74637=ADVANCED_FACE('PartBody',(#74636),#74590,.T.);
#74638=B_SPLINE_SURFACE_WITH_KNOTS('',5,5,((#74639,#74640,#74641,#74642,#74643,#74644),(#74645,#74646,#74647,#74648,#74649,#74650),(#74651,#74652,#74653,#74654,#74655,#74656),(#74657,#74658,#74659,#74660,#74661,#74662),(#74663,#74664,#74665,#74666,#74667,#74668),(#74669,#74670,#74671,#74672,#74673,#74674),(#74675,#74676,#74677,#74678,#74679,#74680),(#74681,#74682,#74683,#74684,#74685,#74686),(#74687,#74688,#74689,#74690,#74691,#74692),(#74693,#74694,#74695,#74696,#74697,#74698),(#74699,#74700,#74701,#74702,#74703,#74704),(#74705,#74706,#74707,#74708,#74709,#74710)),.UNSPECIFIED.,.F.,.F.,.U.,(6,3,3,6),(6,6),(0.,6.43364637951,13.3117454193,19.5491615653),(-3.41000000303,6.20385459415E-025),.UNSPECIFIED.);
#74639=CARTESIAN_POINT('Control Point',(9387.696650779999,-2598.24356508,1195.00493931));
#74640=CARTESIAN_POINT('Control Point',(9387.607862569999,-2598.88357185,1195.22332823));
#74641=CARTESIAN_POINT('Control Point',(9387.51908303,-2599.52352541,1195.44167955));
#74642=CARTESIAN_POINT('Control Point',(9387.430299149999,-2600.16348931,1195.66013263));
#74643=CARTESIAN_POINT('Control Point',(9387.341509239999,-2600.8035025,1195.87854395));
#74644=CARTESIAN_POINT('Control Point',(9387.252730459999,-2601.44344471,1196.09692658));
#74645=CARTESIAN_POINT('Control Point',(9388.33436542,-2598.32654076,1195.02101665));
#74646=CARTESIAN_POINT('Control Point',(9388.245610959999,-2598.96640389,1195.23952675));
#74647=CARTESIAN_POINT('Control Point',(9388.15684231,-2599.60638726,1195.45795561));
#74648=CARTESIAN_POINT('Control Point',(9388.068074659999,-2600.24636025,1195.6763696));
#74649=CARTESIAN_POINT('Control Point',(9387.97930705,-2600.88634546,1195.89473938));
#74650=CARTESIAN_POINT('Control Point',(9387.89053228,-2601.52636533,1196.11317495));
#74651=CARTESIAN_POINT('Control Point',(9388.972093369999,-2598.40931112,1195.03768195));
#74652=CARTESIAN_POINT('Control Point',(9388.88334738,-2599.04936148,1195.25559981));
#74653=CARTESIAN_POINT('Control Point',(9388.79459657,-2599.68932659,1195.47402764));
#74654=CARTESIAN_POINT('Control Point',(9388.705846449999,-2600.32927726,1195.69255408));
#74655=CARTESIAN_POINT('Control Point',(9388.617095019999,-2600.96926666,1195.91089113));
#74656=CARTESIAN_POINT('Control Point',(9388.528335089999,-2601.60928901,1196.12937897));
#74657=CARTESIAN_POINT('Control Point',(9389.6098174,-2598.49218145,1195.0539612));
#74658=CARTESIAN_POINT('Control Point',(9389.52110045,-2599.13199802,1195.27258243));
#74659=CARTESIAN_POINT('Control Point',(9389.43236603,-2599.77197896,1195.49101322));
#74660=CARTESIAN_POINT('Control Point',(9389.343621939999,-2600.41210482,1195.70897309));
#74661=CARTESIAN_POINT('Control Point',(9389.25488762,-2601.05208664,1195.92738192));
#74662=CARTESIAN_POINT('Control Point',(9389.166138889999,-2601.69220441,1196.14558533));
#74663=CARTESIAN_POINT('Control Point',(9390.929354939999,-2598.66319425,1195.08889049));
#74664=CARTESIAN_POINT('Control Point',(9390.840654539999,-2599.3032135,1195.30708407));
#74665=CARTESIAN_POINT('Control Point',(9390.75193538,-2599.94351614,1195.52443353));
#74666=CARTESIAN_POINT('Control Point',(9390.66324292,-2600.58337974,1195.74323139));
#74667=CARTESIAN_POINT('Control Point',(9390.57452498,-2601.22360824,1195.96097355));
#74668=CARTESIAN_POINT('Control Point',(9390.485814559999,-2601.86371585,1196.17911658));
#74669=CARTESIAN_POINT('Control Point',(9392.24887915,-2598.83446827,1195.12278249));
#74670=CARTESIAN_POINT('Control Point',(9392.16019696,-2599.47469077,1195.3404766));
#74671=CARTESIAN_POINT('Control Point',(9392.071545139999,-2600.11452912,1195.55918598));
#74672=CARTESIAN_POINT('Control Point',(9391.982851409999,-2600.75493138,1195.7763839));
#74673=CARTESIAN_POINT('Control Point',(9391.894180789999,-2601.39495591,1195.99480718));
#74674=CARTESIAN_POINT('Control Point',(9391.80550255,-2602.03514179,1196.21263713));
#74675=CARTESIAN_POINT('Control Point',(9392.93069128,-2598.92266047,1195.14111728));
#74676=CARTESIAN_POINT('Control Point',(9392.84202855,-2599.56285482,1195.35890913));
#74677=CARTESIAN_POINT('Control Point',(9392.753342259999,-2600.20347588,1195.5753007));
#74678=CARTESIAN_POINT('Control Point',(9392.664716469999,-2600.84314241,1195.7947013));
#74679=CARTESIAN_POINT('Control Point',(9392.57603615,-2601.48358022,1196.01189467));
#74680=CARTESIAN_POINT('Control Point',(9392.48738158,-2602.12368609,1196.2299672));
#74681=CARTESIAN_POINT('Control Point',(9394.230746469999,-2599.09165704,1195.17351394));
#74682=CARTESIAN_POINT('Control Point',(9394.142096039999,-2599.73230638,1195.38985165));
#74683=CARTESIAN_POINT('Control Point',(9394.05354519,-2600.37142767,1195.61076958));
#74684=CARTESIAN_POINT('Control Point',(9393.964855079999,-2601.01255323,1195.82586422));
#74685=CARTESIAN_POINT('Control Point',(9393.876264009999,-2601.65220985,1196.04532833));
#74686=CARTESIAN_POINT('Control Point',(9393.787629369999,-2602.29249268,1196.26297833));
#74687=CARTESIAN_POINT('Control Point',(9395.53084582,-2599.26013795,1195.20716604));
#74688=CARTESIAN_POINT('Control Point',(9395.442297149999,-2599.89986527,1195.42612125));
#74689=CARTESIAN_POINT('Control Point',(9395.35362186,-2600.5413344,1195.64019914));
#74690=CARTESIAN_POINT('Control Point',(9395.26510715,-2601.18038475,1195.86145995));
#74691=CARTESIAN_POINT('Control Point',(9395.17648054,-2601.82111145,1196.07767229));
#74692=CARTESIAN_POINT('Control Point',(9395.08788965,-2602.46121043,1196.29600831));
#74693=CARTESIAN_POINT('Control Point',(9396.149085839999,-2599.34110807,1195.22063458));
#74694=CARTESIAN_POINT('Control Point',(9396.06045639,-2599.98238836,1195.43495852));
#74695=CARTESIAN_POINT('Control Point',(9395.97209506,-2600.61942515,1195.66220304));
#74696=CARTESIAN_POINT('Control Point',(9395.88333291,-2601.26235432,1195.8719465));
#74697=CARTESIAN_POINT('Control Point',(9395.79486299,-2601.9009951,1196.09436075));
#74698=CARTESIAN_POINT('Control Point',(9395.706262559999,-2602.54145142,1196.31164992));
#74699=CARTESIAN_POINT('Control Point',(9396.76741203,-2599.42095157,1195.23735263));
#74700=CARTESIAN_POINT('Control Point',(9396.67898178,-2600.05940683,1195.46011491));
#74701=CARTESIAN_POINT('Control Point',(9396.59021631,-2600.70263627,1195.66904521));
#74702=CARTESIAN_POINT('Control Point',(9396.501826969999,-2601.34033073,1195.89427773));
#74703=CARTESIAN_POINT('Control Point',(9396.413187209999,-2601.98170823,1196.10860447));
#74704=CARTESIAN_POINT('Control Point',(9396.324640999999,-2602.62162475,1196.32745702));
#74705=CARTESIAN_POINT('Control Point',(9397.38567801,-2599.5019023,1195.25077132));
#74706=CARTESIAN_POINT('Control Point',(9397.29715615,-2600.14173553,1195.46968255));
#74707=CARTESIAN_POINT('Control Point',(9397.208611349999,-2600.78187688,1195.68779045));
#74708=CARTESIAN_POINT('Control Point',(9397.120087219999,-2601.42185608,1195.90603272));
#74709=CARTESIAN_POINT('Control Point',(9397.03154699,-2602.06184502,1196.12477492));
#74710=CARTESIAN_POINT('Control Point',(9396.94301934,-2602.7018271,1196.34310565));
#74711=EDGE_LOOP('',(#74712,#74713,#74714,#74715));
#74712=ORIENTED_EDGE('',*,*,#74630,.T.);
#74713=ORIENTED_EDGE('',*,*,#74357,.T.);
#74714=ORIENTED_EDGE('',*,*,#73958,.F.);
#74715=ORIENTED_EDGE('',*,*,#74550,.F.);
#74716=FACE_OUTER_BOUND('',#74711,.T.);
#74717=ADVANCED_FACE('PartBody',(#74716),#74638,.F.);
#74718=B_SPLINE_SURFACE_WITH_KNOTS('',5,5,((#74719,#74720,#74721,#74722,#74723,#74724),(#74725,#74726,#74727,#74728,#74729,#74730),(#74731,#74732,#74733,#74734,#74735,#74736),(#74737,#74738,#74739,#74740,#74741,#74742),(#74743,#74744,#74745,#74746,#74747,#74748),(#74749,#74750,#74751,#74752,#74753,#74754),(#74755,#74756,#74757,#74758,#74759,#74760),(#74761,#74762,#74763,#74764,#74765,#74766),(#74767,#74768,#74769,#74770,#74771,#74772),(#74773,#74774,#74775,#74776,#74777,#74778),(#74779,#74780,#74781,#74782,#74783,#74784),(#74785,#74786,#74787,#74788,#74789,#74790),(#74791,#74792,#74793,#74794,#74795,#74796),(#74797,#74798,#74799,#74800,#74801,#74802),(#74803,#74804,#74805,#74806,#74807,#74808),(#74809,#74810,#74811,#74812,#74813,#74814),(#74815,#74816,#74817,#74818,#74819,#74820),(#74821,#74822,#74823,#74824,#74825,#74826)),.UNSPECIFIED.,.F.,.F.,.U.,(6,3,3,3,3,6),(6,6),(0.,6.98115326883,14.0878270984,17.1031710763,19.6389246564,20.9068014465),(-3.41000015105,1.51054879938E-007),.UNSPECIFIED.);
#74719=CARTESIAN_POINT('Control Point',(9387.027896309999,-2739.82606825,595.9995908420001));
#74720=CARTESIAN_POINT('Control Point',(9386.939201929999,-2740.4960404,596.091533595));
#74721=CARTESIAN_POINT('Control Point',(9386.85051149,-2741.16597122,596.183299661));
#74722=CARTESIAN_POINT('Control Point',(9386.761819649999,-2741.83592933,596.2752692710001));
#74723=CARTESIAN_POINT('Control Point',(9386.673119249999,-2742.50592957,596.3670951830001));
#74724=CARTESIAN_POINT('Control Point',(9386.584429799999,-2743.17586024,596.458932137));
#74725=CARTESIAN_POINT('Control Point',(9387.71963892,-2739.91918961,595.9882821470001));
#74726=CARTESIAN_POINT('Control Point',(9387.631003819999,-2740.58894349,596.080767971));
#74727=CARTESIAN_POINT('Control Point',(9387.542311740001,-2741.25899049,596.1723098350001));
#74728=CARTESIAN_POINT('Control Point',(9387.453636209999,-2741.92894688,596.264157877));
#74729=CARTESIAN_POINT('Control Point',(9387.364959569999,-2742.59890916,596.3559092850001));
#74730=CARTESIAN_POINT('Control Point',(9387.276266299999,-2743.26897897,596.447687394));
#74731=CARTESIAN_POINT('Control Point',(9388.411411789999,-2740.01219253,595.9777670660001));
#74732=CARTESIAN_POINT('Control Point',(9388.32273906,-2740.68218314,596.068415857));
#74733=CARTESIAN_POINT('Control Point',(9388.23406587,-2741.35220659,596.1599601));
#74734=CARTESIAN_POINT('Control Point',(9388.14542886,-2742.02209297,596.252438977));
#74735=CARTESIAN_POINT('Control Point',(9388.056769859999,-2742.69204795,596.344230678));
#74736=CARTESIAN_POINT('Control Point',(9387.96810392,-2743.36208658,596.4363887210001));
#74737=CARTESIAN_POINT('Control Point',(9389.10318349,-2740.10520149,595.966975821));
#74738=CARTESIAN_POINT('Control Point',(9389.0145656,-2740.77503839,596.0589206670001));
#74739=CARTESIAN_POINT('Control Point',(9388.925925399999,-2741.44502101,596.1508313090001));
#74740=CARTESIAN_POINT('Control Point',(9388.83725479,-2742.11509081,596.2418474990001));
#74741=CARTESIAN_POINT('Control Point',(9388.748613039999,-2742.78506486,596.333640302));
#74742=CARTESIAN_POINT('Control Point',(9388.65994338,-2743.45518257,596.4251062010001));
#74743=CARTESIAN_POINT('Control Point',(9390.499233049999,-2740.29265117,595.946743866));
#74744=CARTESIAN_POINT('Control Point',(9390.410604839999,-2740.96268238,596.037879501));
#74745=CARTESIAN_POINT('Control Point',(9390.32195304,-2741.63279462,596.128420958));
#74746=CARTESIAN_POINT('Control Point',(9390.23335144,-2742.30276015,596.220311304));
#74747=CARTESIAN_POINT('Control Point',(9390.14470151,-2742.97291033,596.311114763));
#74748=CARTESIAN_POINT('Control Point',(9390.05607017,-2743.64299253,596.402333012));
#74749=CARTESIAN_POINT('Control Point',(9391.89524908,-2740.48013713,595.925475352));
#74750=CARTESIAN_POINT('Control Point',(9391.806623799999,-2741.15029497,596.016092942));
#74751=CARTESIAN_POINT('Control Point',(9391.718058259999,-2741.82023242,596.107790278));
#74752=CARTESIAN_POINT('Control Point',(9391.629415579999,-2742.49047869,596.1976499660001));
#74753=CARTESIAN_POINT('Control Point',(9391.54082066,-2743.16058499,596.288967348));
#74754=CARTESIAN_POINT('Control Point',(9391.45221211,-2743.83070399,596.3795805120001));
#74755=CARTESIAN_POINT('Control Point',(9392.599505369999,-2740.57458487,595.91555756));
#74756=CARTESIAN_POINT('Control Point',(9392.51090503,-2741.24472517,596.006319931));
#74757=CARTESIAN_POINT('Control Point',(9392.422239669999,-2741.9150815,596.094879374));
#74758=CARTESIAN_POINT('Control Point',(9392.333717849999,-2742.58497986,596.187397379));
#74759=CARTESIAN_POINT('Control Point',(9392.24508741,-2743.25527859,596.2772748990001));
#74760=CARTESIAN_POINT('Control Point',(9392.156507539999,-2743.92536632,596.3681141090001));
#74761=CARTESIAN_POINT('Control Point',(9393.60247942,-2740.70936587,595.899169055));
#74762=CARTESIAN_POINT('Control Point',(9393.513857369999,-2741.3796943,595.988271894));
#74763=CARTESIAN_POINT('Control Point',(9393.425368259999,-2742.04956526,596.080673412));
#74764=CARTESIAN_POINT('Control Point',(9393.336735999999,-2742.71995533,596.169574819));
#74765=CARTESIAN_POINT('Control Point',(9393.248207999999,-2743.38999008,596.2612650650001));
#74766=CARTESIAN_POINT('Control Point',(9393.1596383,-2744.06016187,596.3517726040001));
#74767=CARTESIAN_POINT('Control Point',(9394.60546739,-2740.84406616,595.883026738));
#74768=CARTESIAN_POINT('Control Point',(9394.51693444,-2741.51420531,595.973197552));
#74769=CARTESIAN_POINT('Control Point',(9394.42835642,-2742.18451857,596.0625561520001));
#74770=CARTESIAN_POINT('Control Point',(9394.339859509999,-2742.85454291,596.154238138));
#74771=CARTESIAN_POINT('Control Point',(9394.251312459999,-2743.52473199,596.244572229));
#74772=CARTESIAN_POINT('Control Point',(9394.162777109999,-2744.19490659,596.335444735));
#74773=CARTESIAN_POINT('Control Point',(9394.9042481,-2740.88422224,595.8779617160001));
#74774=CARTESIAN_POINT('Control Point',(9394.815724689999,-2741.5543685,595.967987792));
#74775=CARTESIAN_POINT('Control Point',(9394.727168699999,-2742.22464132,596.057720784));
#74776=CARTESIAN_POINT('Control Point',(9394.638673379999,-2742.89469289,596.149222354));
#74777=CARTESIAN_POINT('Control Point',(9394.550140089999,-2743.56485816,596.23966566));
#74778=CARTESIAN_POINT('Control Point',(9394.46161226,-2744.23504316,596.330580486));
#74779=CARTESIAN_POINT('Control Point',(9395.45427935,-2740.9581854,595.8683011840001));
#74780=CARTESIAN_POINT('Control Point',(9395.36576327,-2741.62837769,595.9578243870001));
#74781=CARTESIAN_POINT('Control Point',(9395.277293199999,-2742.29842489,596.049421974));
#74782=CARTESIAN_POINT('Control Point',(9395.188757329999,-2742.96866254,596.139495979));
#74783=CARTESIAN_POINT('Control Point',(9395.1002727,-2743.63871072,596.230760315));
#74784=CARTESIAN_POINT('Control Point',(9395.01175345,-2744.30892611,596.321612048));
#74785=CARTESIAN_POINT('Control Point',(9396.004307740001,-2741.0321842,595.85826148));
#74786=CARTESIAN_POINT('Control Point',(9395.915845289999,-2741.7022653,595.948628769));
#74787=CARTESIAN_POINT('Control Point',(9395.82737881,-2742.37234395,596.0400532890001));
#74788=CARTESIAN_POINT('Control Point',(9395.738869479999,-2743.04254284,596.130413158));
#74789=CARTESIAN_POINT('Control Point',(9395.650397399999,-2743.71259278,596.221652006));
#74790=CARTESIAN_POINT('Control Point',(9395.56189818,-2744.38279085,596.31267819));
#74791=CARTESIAN_POINT('Control Point',(9396.255565399999,-2741.06598557,595.85367553));
#74792=CARTESIAN_POINT('Control Point',(9396.16711998,-2741.73603073,595.944317016));
#74793=CARTESIAN_POINT('Control Point',(9396.07866481,-2742.40610317,596.0358788770001));
#74794=CARTESIAN_POINT('Control Point',(9395.990154899999,-2743.07630899,596.1260817560001));
#74795=CARTESIAN_POINT('Control Point',(9395.901698489999,-2743.74633765,596.217571234));
#74796=CARTESIAN_POINT('Control Point',(9395.81320448,-2744.41653367,596.308562302));
#74797=CARTESIAN_POINT('Control Point',(9396.632451559999,-2741.11670444,595.846616066));
#74798=CARTESIAN_POINT('Control Point',(9396.54411189,-2741.78643274,595.9398295780001));
#74799=CARTESIAN_POINT('Control Point',(9396.455526689999,-2742.45695204,596.027938227));
#74800=CARTESIAN_POINT('Control Point',(9396.36713685,-2743.1267932,596.1209390370001));
#74801=CARTESIAN_POINT('Control Point',(9396.2786337,-2743.79700675,596.211055038));
#74802=CARTESIAN_POINT('Control Point',(9396.19016943,-2744.46712889,596.302504086));
#74803=CARTESIAN_POINT('Control Point',(9397.009348149999,-2741.16743484,595.839457238));
#74804=CARTESIAN_POINT('Control Point',(9396.92105574,-2741.83700578,595.93406683));
#74805=CARTESIAN_POINT('Control Point',(9396.83241692,-2742.50772945,596.020739941));
#74806=CARTESIAN_POINT('Control Point',(9396.74407456,-2743.1774197,596.1146062170001));
#74807=CARTESIAN_POINT('Control Point',(9396.655582769999,-2743.84764624,596.2049533420001));
#74808=CARTESIAN_POINT('Control Point',(9396.567129470001,-2744.51773542,596.29630049));
#74809=CARTESIAN_POINT('Control Point',(9397.134948389999,-2741.18444814,595.836249953));
#74810=CARTESIAN_POINT('Control Point',(9397.04679602,-2741.85358409,595.9343577850001));
#74811=CARTESIAN_POINT('Control Point',(9396.957909859999,-2742.52507786,596.015039302));
#74812=CARTESIAN_POINT('Control Point',(9396.869817929999,-2743.19399814,596.114832967));
#74813=CARTESIAN_POINT('Control Point',(9396.78119548,-2743.86464038,596.2020320700001));
#74814=CARTESIAN_POINT('Control Point',(9396.692787619999,-2744.53458947,596.294347982));
#74815=CARTESIAN_POINT('Control Point',(9397.26063189,-2741.2012116,595.834990974));
#74816=CARTESIAN_POINT('Control Point',(9397.172275949999,-2741.87097988,595.928344489));
#74817=CARTESIAN_POINT('Control Point',(9397.08369075,-2742.54153854,596.016245905));
#74818=CARTESIAN_POINT('Control Point',(9396.995358709999,-2743.21120654,596.110154457));
#74819=CARTESIAN_POINT('Control Point',(9396.906869659999,-2743.88144858,596.200600717));
#74820=CARTESIAN_POINT('Control Point',(9396.81843983,-2744.5514605,596.292243514));
#74821=CARTESIAN_POINT('Control Point',(9397.386218509999,-2741.21828396,595.831358422));
#74822=CARTESIAN_POINT('Control Point',(9397.297831939999,-2741.8881581,595.92406083));
#74823=CARTESIAN_POINT('Control Point',(9397.20936477,-2742.55832834,596.01490913));
#74824=CARTESIAN_POINT('Control Point',(9397.12095221,-2743.22826107,596.106678751));
#74825=CARTESIAN_POINT('Control Point',(9397.032521359999,-2743.89832821,596.198642362));
#74826=CARTESIAN_POINT('Control Point',(9396.944093829999,-2744.56832571,596.290176038));
#74827=EDGE_LOOP('',(#74828,#74829,#74830,#74831));
#74828=ORIENTED_EDGE('',*,*,#74518,.T.);
#74829=ORIENTED_EDGE('',*,*,#74166,.F.);
#74830=ORIENTED_EDGE('',*,*,#74399,.F.);
#74831=ORIENTED_EDGE('',*,*,#74464,.F.);
#74832=FACE_OUTER_BOUND('',#74827,.T.);
#74833=ADVANCED_FACE('PartBody',(#74832),#74718,.T.);
#74834=ADVANCED_BREP_SHAPE_REPRESENTATION('NONE',(#73343),#73097);

#74835=APPLICATION_CONTEXT('automotive_design');
#74836=APPLICATION_PROTOCOL_DEFINITION('international standard','automotive_design',2010,#74835);
#74837=PRODUCT_CONTEXT('',#74835,'mechanical');
#74838=PRODUCT_DEFINITION_CONTEXT('part definition',#74835,'design');
#74839=PRODUCT('part_003_V5311425620400','part_003_V5311425620400','',(#74837));
#74840=PRODUCT_DEFINITION_FORMATION('','',#74839);
#74841=PRODUCT_DEFINITION('design','',#74840,#74838);
#74842=PRODUCT_DEFINITION_SHAPE('','',#74841);
#74843=SHAPE_DEFINITION_REPRESENTATION(#74842,#74834);
ENDSEC;
END-ISO-10303-21;
