ISO-10303-21;
HEADER;
FILE_DESCRIPTION(('CATIA V5 STEP Exchange','CAx-IF Rec.Pracs.--- Model Styling and Organization---1.4--- 2014-01-23'),'2;1');

FILE_NAME('C:\\Users\\SA516207\\WORK\\01_ASSY\\3_Catia\\ECHELLE\\ECHELLE.stp','2026-09-22T12:18:05+00:00',('none'),('none'),'CATIA Version 5-6 Release 2017 SP2 HF26','CATIA V5 STEP AP203 WITH EXTENSIONS','none');

FILE_SCHEMA(('CONFIG_CONTROL_DESIGN','SHAPE_APPEARANCE_LAYER_MIM'));

ENDSEC;
DATA;
#46=(LENGTH_UNIT()NAMED_UNIT(*)SI_UNIT(.MILLI.,.METRE.));
#47=(NAMED_UNIT(*)PLANE_ANGLE_UNIT()SI_UNIT($,.RADIAN.));
#48=(NAMED_UNIT(*)SI_UNIT($,.STERADIAN.)SOLID_ANGLE_UNIT());
#31871=UNCERTAINTY_MEASURE_WITH_UNIT(LENGTH_MEASURE(0.005),#46,'distance_accuracy_value','CONFUSED CURVE UNCERTAINTY');
#31872=(GEOMETRIC_REPRESENTATION_CONTEXT(3)GLOBAL_UNCERTAINTY_ASSIGNED_CONTEXT((#31871))GLOBAL_UNIT_ASSIGNED_CONTEXT((#46,#47,#48))REPRESENTATION_CONTEXT(' ',' '));
#32860=MANIFOLD_SOLID_BREP('PartBody',#32862);
#32862=CLOSED_SHELL('Closed Shell',(#32938,#33042,#33205,#33319,#33423,#33468,#33596,#33618,#33686,#33713,#33775,#33797,#33822,#33844,#33869,#33891,#33943,#33975,#34036,#34068,#34135,#34167,#34225,#34285,#34392,#34432,#34551,#34582,#34606,#34630,#34647,#34739,#34756,#34778,#34795,#34812,#34829,#34846,#34863,#34887,#34982,#35055,#35121,#35191,#35251,#35331,#35353,#35487,#35509,#35547,#35578,#35609,#35638,#35662,#35679,#35696,#35708,#35725));
#32863=B_SPLINE_SURFACE_WITH_KNOTS('',5,1,((#32864,#32865),(#32866,#32867),(#32868,#32869),(#32870,#32871),(#32872,#32873),(#32874,#32875),(#32876,#32877),(#32878,#32879),(#32880,#32881),(#32882,#32883),(#32884,#32885),(#32886,#32887),(#32888,#32889),(#32890,#32891),(#32892,#32893),(#32894,#32895),(#32896,#32897),(#32898,#32899)),.UNSPECIFIED.,.F.,.F.,.U.,(6,3,3,3,3,6),(2,2),(0.,2.34069361245,3.89942740292,5.45578649163,7.01008506775,7.788790026),(-2.17,0.),.UNSPECIFIED.);
#32864=CARTESIAN_POINT('Control Point',(9407.025441849999,-2238.05866534,1929.20224325));
#32865=CARTESIAN_POINT('Control Point',(9406.777782879999,-2239.84658204,1930.40678419));
#32866=CARTESIAN_POINT('Control Point',(9407.4904563,-2238.11011786,1929.2214806));
#32867=CARTESIAN_POINT('Control Point',(9407.242836219999,-2239.89803082,1930.42603509));
#32868=CARTESIAN_POINT('Control Point',(9407.95745222,-2238.13115955,1929.28624572));
#32869=CARTESIAN_POINT('Control Point',(9407.7098738,-2239.91904718,1930.49084639));
#32870=CARTESIAN_POINT('Control Point',(9408.417312809999,-2238.12066112,1929.39633709));
#32871=CARTESIAN_POINT('Control Point',(9408.16977807,-2239.90850182,1930.60101639));
#32872=CARTESIAN_POINT('Control Point',(9409.160498789999,-2238.05130517,1929.65194917));
#32873=CARTESIAN_POINT('Control Point',(9408.913039109999,-2239.83903312,1930.8568112));
#32874=CARTESIAN_POINT('Control Point',(9409.8467516,-2237.89505466,1930.0246366));
#32875=CARTESIAN_POINT('Control Point',(9409.599369059999,-2239.68261356,1931.22976525));
#32876=CARTESIAN_POINT('Control Point',(9410.1077971,-2237.81923855,1930.19067044));
#32877=CARTESIAN_POINT('Control Point',(9409.86044531,-2239.60672161,1931.39591791));
#32878=CARTESIAN_POINT('Control Point',(9410.600518949999,-2237.64198292,1930.55463518));
#32879=CARTESIAN_POINT('Control Point',(9410.353228079999,-2239.42929876,1931.76014312));
#32880=CARTESIAN_POINT('Control Point',(9411.028970359999,-2237.41389378,1930.98059913));
#32881=CARTESIAN_POINT('Control Point',(9410.781738759999,-2239.2010121,1932.186412));
#32882=CARTESIAN_POINT('Control Point',(9411.223606539999,-2237.28833057,1931.20658262));
#32883=CARTESIAN_POINT('Control Point',(9410.97640372,-2239.0753437,1932.41255728));
#32884=CARTESIAN_POINT('Control Point',(9411.569862169999,-2237.0167321,1931.67994426));
#32885=CARTESIAN_POINT('Control Point',(9411.32271466,-2238.80352411,1932.88625787));
#32886=CARTESIAN_POINT('Control Point',(9411.82692876,-2236.70636907,1932.19218423));
#32887=CARTESIAN_POINT('Control Point',(9411.57983156,-2238.49292029,1933.3988647));
#32888=CARTESIAN_POINT('Control Point',(9411.931285589999,-2236.54252361,1932.45610715));
#32889=CARTESIAN_POINT('Control Point',(9411.684212009999,-2238.3289504,1933.66297666));
#32890=CARTESIAN_POINT('Control Point',(9412.04884965,-2236.28827272,1932.85645366));
#32891=CARTESIAN_POINT('Control Point',(9411.801808619999,-2238.07451023,1934.06360997));
#32892=CARTESIAN_POINT('Control Point',(9412.10838548,-2236.02130925,1933.26355871));
#32893=CARTESIAN_POINT('Control Point',(9411.86137267,-2237.80735349,1934.47100672));
#32894=CARTESIAN_POINT('Control Point',(9412.12167724,-2235.93117938,1933.3995889));
#32895=CARTESIAN_POINT('Control Point',(9411.874673320001,-2237.71715895,1934.60713438));
#32896=CARTESIAN_POINT('Control Point',(9412.128250899999,-2235.84077523,1933.53463093));
#32897=CARTESIAN_POINT('Control Point',(9411.881255279999,-2237.62669051,1934.74227317));
#32898=CARTESIAN_POINT('Control Point',(9412.128264049999,-2235.74978321,1933.6691811));
#32899=CARTESIAN_POINT('Control Point',(9411.88127616,-2237.53563435,1934.87691977));
#32900=B_SPLINE_CURVE_WITH_KNOTS('',5,(#32901,#32902,#32903,#32904,#32905,#32906),.UNSPECIFIED.,.F.,.U.,(6,6),(0.,11.0189360467),.UNSPECIFIED.);
#32901=CARTESIAN_POINT('Control Point',(9412.128264049999,-2235.74978321,1933.6691811));
#32902=CARTESIAN_POINT('Control Point',(9412.128132509999,-2236.66023096,1932.32289926));
#32903=CARTESIAN_POINT('Control Point',(9411.465949699999,-2237.52411988,1930.9080977));
#32904=CARTESIAN_POINT('Control Point',(9410.134795329999,-2238.06520247,1929.83158328));
#32905=CARTESIAN_POINT('Control Point',(9408.57335484,-2238.22993749,1929.26627942));
#32906=CARTESIAN_POINT('Control Point',(9407.025441849999,-2238.05866534,1929.20224325));
#32907=CARTESIAN_POINT('Vertex',(9412.128264049999,-2235.74978321,1933.6691811));
#32908=VERTEX_POINT('',#32907);
#32909=CARTESIAN_POINT('Vertex',(9407.02544327,-2238.058663,1929.20224781));
#32910=VERTEX_POINT('',#32909);
#32911=EDGE_CURVE('',#32908,#32910,#32900,.T.);
#32912=B_SPLINE_CURVE_WITH_KNOTS('',1,(#32913,#32914),.UNSPECIFIED.,.F.,.U.,(2,2),(-2.17,-1.24152224772E-013),.UNSPECIFIED.);
#32913=CARTESIAN_POINT('Control Point',(9407.025441849999,-2238.05866534,1929.20224325));
#32914=CARTESIAN_POINT('Control Point',(9406.777782879999,-2239.84658204,1930.40678419));
#32915=CARTESIAN_POINT('Vertex',(9406.77778429,-2239.84658007,1930.40678821));
#32916=VERTEX_POINT('',#32915);
#32917=EDGE_CURVE('',#32910,#32916,#32912,.T.);
#32918=B_SPLINE_CURVE_WITH_KNOTS('',5,(#32919,#32920,#32921,#32922,#32923,#32924),.UNSPECIFIED.,.F.,.U.,(6,6),(0.,11.0189338408),.UNSPECIFIED.);
#32919=CARTESIAN_POINT('Control Point',(9411.88127616,-2237.53563435,1934.87691977));
#32920=CARTESIAN_POINT('Control Point',(9411.881067259999,-2238.4467237,1933.5296734));
#32921=CARTESIAN_POINT('Control Point',(9411.21875075,-2239.31127786,1932.1138594));
#32922=CARTESIAN_POINT('Control Point',(9409.88742388,-2239.85285694,1931.03657254));
#32923=CARTESIAN_POINT('Control Point',(9408.325825,-2240.0178417,1930.47086546));
#32924=CARTESIAN_POINT('Control Point',(9406.777782879999,-2239.84658204,1930.40678419));
#32925=CARTESIAN_POINT('Vertex',(9411.88127616,-2237.53563435,1934.87691977));
#32926=VERTEX_POINT('',#32925);
#32927=EDGE_CURVE('',#32926,#32916,#32918,.T.);
#32928=B_SPLINE_CURVE_WITH_KNOTS('',1,(#32929,#32930),.UNSPECIFIED.,.F.,.U.,(2,2),(-2.17,-8.34797192737E-014),.UNSPECIFIED.);
#32929=CARTESIAN_POINT('Control Point',(9412.128264049999,-2235.74978321,1933.6691811));
#32930=CARTESIAN_POINT('Control Point',(9411.88127616,-2237.53563435,1934.87691977));
#32931=EDGE_CURVE('',#32908,#32926,#32928,.T.);
#32932=EDGE_LOOP('',(#32933,#32934,#32935,#32936));
#32933=ORIENTED_EDGE('',*,*,#32911,.T.);
#32934=ORIENTED_EDGE('',*,*,#32917,.T.);
#32935=ORIENTED_EDGE('',*,*,#32927,.F.);
#32936=ORIENTED_EDGE('',*,*,#32931,.F.);
#32937=FACE_OUTER_BOUND('',#32932,.T.);
#32938=ADVANCED_FACE('PartBody',(#32937),#32863,.F.);
#32939=B_SPLINE_SURFACE_WITH_KNOTS('',5,5,((#32940,#32941,#32942,#32943,#32944,#32945),(#32946,#32947,#32948,#32949,#32950,#32951),(#32952,#32953,#32954,#32955,#32956,#32957),(#32958,#32959,#32960,#32961,#32962,#32963),(#32964,#32965,#32966,#32967,#32968,#32969),(#32970,#32971,#32972,#32973,#32974,#32975),(#32976,#32977,#32978,#32979,#32980,#32981),(#32982,#32983,#32984,#32985,#32986,#32987),(#32988,#32989,#32990,#32991,#32992,#32993),(#32994,#32995,#32996,#32997,#32998,#32999),(#33000,#33001,#33002,#33003,#33004,#33005),(#33006,#33007,#33008,#33009,#33010,#33011)),.UNSPECIFIED.,.F.,.F.,.U.,(6,3,3,6),(6,6),(0.,0.250543278315,0.751629834944,1.49549748632),(-2.17,2.4854118826E-009),.UNSPECIFIED.);
#32940=CARTESIAN_POINT('Control Point',(9406.167516489999,-2237.96372221,1929.16675049));
#32941=CARTESIAN_POINT('Control Point',(9406.11797028,-2238.32131457,1929.40764249));
#32942=CARTESIAN_POINT('Control Point',(9406.06842281,-2238.67890227,1929.64854029));
#32943=CARTESIAN_POINT('Control Point',(9406.01887656,-2239.03648907,1929.88944036));
#32944=CARTESIAN_POINT('Control Point',(9405.969332209999,-2239.39406174,1930.13036253));
#32945=CARTESIAN_POINT('Control Point',(9405.919785759999,-2239.75164641,1930.37126555));
#32946=CARTESIAN_POINT('Control Point',(9406.196262489999,-2237.96690365,1929.16793941));
#32947=CARTESIAN_POINT('Control Point',(9406.14671739,-2238.32448231,1929.40885195));
#32948=CARTESIAN_POINT('Control Point',(9406.09717049,-2238.68206866,1929.64975188));
#32949=CARTESIAN_POINT('Control Point',(9406.04762474,-2239.0396546,1929.89065333));
#32950=CARTESIAN_POINT('Control Point',(9405.99808037,-2239.3972376,1930.13156016));
#32951=CARTESIAN_POINT('Control Point',(9405.948534159999,-2239.7548274,1930.37245563));
#32952=CARTESIAN_POINT('Control Point',(9406.22500851,-2237.97008498,1929.16912852));
#32953=CARTESIAN_POINT('Control Point',(9406.175464059999,-2238.32765783,1929.41004976));
#32954=CARTESIAN_POINT('Control Point',(9406.125917769999,-2238.68524395,1929.65095022));
#32955=CARTESIAN_POINT('Control Point',(9406.076372510001,-2239.0428293,1929.89185264));
#32956=CARTESIAN_POINT('Control Point',(9406.02682832,-2239.40041646,1930.13275326));
#32957=CARTESIAN_POINT('Control Point',(9405.977282599999,-2239.75800837,1930.37364577));
#32958=CARTESIAN_POINT('Control Point',(9406.253754629999,-2237.97326591,1929.17031828));
#32959=CARTESIAN_POINT('Control Point',(9406.20421018,-2238.33084049,1929.4112367));
#32960=CARTESIAN_POINT('Control Point',(9406.154664829999,-2238.68842612,1929.65213836));
#32961=CARTESIAN_POINT('Control Point',(9406.10512006,-2239.04601145,1929.89304091));
#32962=CARTESIAN_POINT('Control Point',(9406.0555759,-2239.40359834,1930.13394168));
#32963=CARTESIAN_POINT('Control Point',(9406.00603112,-2239.76118907,1930.37483637));
#32964=CARTESIAN_POINT('Control Point',(9406.33999296,-2237.98280873,1929.17388751));
#32965=CARTESIAN_POINT('Control Point',(9406.29044866,-2238.34038806,1929.41479827));
#32966=CARTESIAN_POINT('Control Point',(9406.24090596,-2238.69797218,1929.65570342));
#32967=CARTESIAN_POINT('Control Point',(9406.191362649999,-2239.0555575,1929.89660629));
#32968=CARTESIAN_POINT('Control Point',(9406.141818779999,-2239.41314369,1930.13750744));
#32969=CARTESIAN_POINT('Control Point',(9406.092276649999,-2239.77073123,1930.37840806));
#32970=CARTESIAN_POINT('Control Point',(9406.42623117,-2237.99235154,1929.17745665));
#32971=CARTESIAN_POINT('Control Point',(9406.376687439999,-2238.34993542,1929.41836042));
#32972=CARTESIAN_POINT('Control Point',(9406.327146919999,-2238.70751791,1929.65926879));
#32973=CARTESIAN_POINT('Control Point',(9406.27760506,-2239.06510328,1929.90017191));
#32974=CARTESIAN_POINT('Control Point',(9406.22806197,-2239.4226889,1930.14107367));
#32975=CARTESIAN_POINT('Control Point',(9406.17852207,-2239.78027342,1930.38197959));
#32976=CARTESIAN_POINT('Control Point',(9406.48372321,-2237.99871376,1929.17983548));
#32977=CARTESIAN_POINT('Control Point',(9406.434180349999,-2238.35629646,1929.4207411));
#32978=CARTESIAN_POINT('Control Point',(9406.384640939999,-2238.71387879,1929.66165003));
#32979=CARTESIAN_POINT('Control Point',(9406.33510002,-2239.07146424,1929.9025532));
#32980=CARTESIAN_POINT('Control Point',(9406.285557740001,-2239.42905008,1930.14345474));
#32981=CARTESIAN_POINT('Control Point',(9406.236018899999,-2239.78663531,1930.38435992));
#32982=CARTESIAN_POINT('Control Point',(9406.62656264,-2238.01452077,1929.18574566));
#32983=CARTESIAN_POINT('Control Point',(9406.57702187,-2238.37210464,1929.42664984));
#32984=CARTESIAN_POINT('Control Point',(9406.52748508,-2238.72968695,1929.66755948));
#32985=CARTESIAN_POINT('Control Point',(9406.477946569999,-2239.08727183,1929.90846399));
#32986=CARTESIAN_POINT('Control Point',(9406.428406449999,-2239.44485711,1930.14936666));
#32987=CARTESIAN_POINT('Control Point',(9406.378870279999,-2239.80244117,1930.39027424));
#32988=CARTESIAN_POINT('Control Point',(9406.76940182,-2238.03032787,1929.1916555));
#32989=CARTESIAN_POINT('Control Point',(9406.71986383,-2238.387912,1929.43256011));
#32990=CARTESIAN_POINT('Control Point',(9406.670329009999,-2238.74549444,1929.67346972));
#32991=CARTESIAN_POINT('Control Point',(9406.620792919999,-2239.10307881,1929.91437551));
#32992=CARTESIAN_POINT('Control Point',(9406.57125558,-2239.46066372,1930.1552795));
#32993=CARTESIAN_POINT('Control Point',(9406.521721409999,-2239.8182471,1930.39618829));
#32994=CARTESIAN_POINT('Control Point',(9406.854749079999,-2238.03977263,1929.19518679));
#32995=CARTESIAN_POINT('Control Point',(9406.80521264,-2238.39735704,1929.43609133));
#32996=CARTESIAN_POINT('Control Point',(9406.75567923,-2238.75493944,1929.67700134));
#32997=CARTESIAN_POINT('Control Point',(9406.706144489999,-2239.11252357,1929.91790771));
#32998=CARTESIAN_POINT('Control Point',(9406.656608719999,-2239.47010828,1930.15881237));
#32999=CARTESIAN_POINT('Control Point',(9406.607075799999,-2239.82769115,1930.39972208));
#33000=CARTESIAN_POINT('Control Point',(9406.940095959999,-2238.04921823,1929.19871652));
#33001=CARTESIAN_POINT('Control Point',(9406.89056249,-2238.40680068,1929.4396255));
#33002=CARTESIAN_POINT('Control Point',(9406.841028859999,-2238.7643841,1929.68053294));
#33003=CARTESIAN_POINT('Control Point',(9406.791495649999,-2239.121968,1929.92144002));
#33004=CARTESIAN_POINT('Control Point',(9406.74196279,-2239.4795516,1930.16234784));
#33005=CARTESIAN_POINT('Control Point',(9406.692429839999,-2239.83713599,1930.40325443));
#33006=CARTESIAN_POINT('Control Point',(9407.02544327,-2238.058663,1929.20224781));
#33007=CARTESIAN_POINT('Control Point',(9406.97591126,-2238.41624555,1929.44315697));
#33008=CARTESIAN_POINT('Control Point',(9406.92637908,-2238.7738287,1929.68406512));
#33009=CARTESIAN_POINT('Control Point',(9406.87684728,-2239.13141249,1929.92497266));
#33010=CARTESIAN_POINT('Control Point',(9406.82731585,-2239.48899602,1930.16588087));
#33011=CARTESIAN_POINT('Control Point',(9406.77778429,-2239.84658007,1930.40678821));
#33012=B_SPLINE_CURVE_WITH_KNOTS('',5,(#33013,#33014,#33015,#33016,#33017,#33018),.UNSPECIFIED.,.F.,.U.,(6,6),(-2.17,2.4854118826E-009),.UNSPECIFIED.);
#33013=CARTESIAN_POINT('Control Point',(9406.167516489999,-2237.96372221,1929.16675049));
#33014=CARTESIAN_POINT('Control Point',(9406.11797028,-2238.32131457,1929.40764249));
#33015=CARTESIAN_POINT('Control Point',(9406.06842281,-2238.67890227,1929.64854029));
#33016=CARTESIAN_POINT('Control Point',(9406.01887656,-2239.03648907,1929.88944036));
#33017=CARTESIAN_POINT('Control Point',(9405.969332209999,-2239.39406174,1930.13036253));
#33018=CARTESIAN_POINT('Control Point',(9405.919785759999,-2239.75164641,1930.37126555));
#33019=CARTESIAN_POINT('Vertex',(9406.167465679999,-2237.96369593,1929.1667099));
#33020=VERTEX_POINT('',#33019);
#33021=CARTESIAN_POINT('Vertex',(9405.919784449999,-2239.75164796,1930.37126222));
#33022=VERTEX_POINT('',#33021);
#33023=EDGE_CURVE('',#33020,#33022,#33012,.T.);
#33024=B_SPLINE_CURVE_WITH_KNOTS('',3,(#33025,#33026,#33027,#33028),.UNSPECIFIED.,.F.,.U.,(4,4),(0.,1.72698533183),.UNSPECIFIED.);
#33025=CARTESIAN_POINT('Control Point',(9405.919785759999,-2239.75164641,1930.37126555));
#33026=CARTESIAN_POINT('Control Point',(9406.2057819,-2239.78329169,1930.38310476));
#33027=CARTESIAN_POINT('Control Point',(9406.491781569999,-2239.81493515,1930.39494735));
#33028=CARTESIAN_POINT('Control Point',(9406.77778429,-2239.84658007,1930.40678821));
#33029=EDGE_CURVE('',#33022,#32916,#33024,.T.);
#33030=B_SPLINE_CURVE_WITH_KNOTS('',3,(#33031,#33032,#33033,#33034),.UNSPECIFIED.,.F.,.U.,(4,4),(0.,1.72698533173),.UNSPECIFIED.);
#33031=CARTESIAN_POINT('Control Point',(9406.167516489999,-2237.96372221,1929.16675049));
#33032=CARTESIAN_POINT('Control Point',(9406.453488629999,-2237.99537194,1929.17857818));
#33033=CARTESIAN_POINT('Control Point',(9406.739464459999,-2238.02701578,1929.19041528));
#33034=CARTESIAN_POINT('Control Point',(9407.02544327,-2238.058663,1929.20224781));
#33035=EDGE_CURVE('',#33020,#32910,#33030,.T.);
#33036=EDGE_LOOP('',(#33037,#33038,#33039,#33040));
#33037=ORIENTED_EDGE('',*,*,#33023,.T.);
#33038=ORIENTED_EDGE('',*,*,#33029,.T.);
#33039=ORIENTED_EDGE('',*,*,#32917,.F.);
#33040=ORIENTED_EDGE('',*,*,#33035,.F.);
#33041=FACE_OUTER_BOUND('',#33036,.T.);
#33042=ADVANCED_FACE('PartBody',(#33041),#32939,.F.);
#33043=B_SPLINE_SURFACE_WITH_KNOTS('',5,5,((#33044,#33045,#33046,#33047,#33048,#33049),(#33050,#33051,#33052,#33053,#33054,#33055),(#33056,#33057,#33058,#33059,#33060,#33061),(#33062,#33063,#33064,#33065,#33066,#33067),(#33068,#33069,#33070,#33071,#33072,#33073),(#33074,#33075,#33076,#33077,#33078,#33079)),.UNSPECIFIED.,.F.,.F.,.U.,(6,6),(6,6),(851.502373273,962.045754596),(-1192.08627938,-1120.44256894),.UNSPECIFIED.);
#33044=CARTESIAN_POINT('Control Point',(9473.32157529,-2304.54770775,1840.68554062));
#33045=CARTESIAN_POINT('Control Point',(9459.08783735,-2302.96066515,1840.14480781));
#33046=CARTESIAN_POINT('Control Point',(9444.855619669999,-2301.36401224,1839.60114968));
#33047=CARTESIAN_POINT('Control Point',(9430.62491857,-2299.7577074,1839.05455284));
#33048=CARTESIAN_POINT('Control Point',(9416.39572586,-2298.14178257,1838.50502707));
#33049=CARTESIAN_POINT('Control Point',(9402.168047969999,-2296.51622628,1837.95256856));
#33050=CARTESIAN_POINT('Control Point',(9474.10833486,-2292.54116634,1860.08756866));
#33051=CARTESIAN_POINT('Control Point',(9459.87385066,-2290.95884319,1859.5482464));
#33052=CARTESIAN_POINT('Control Point',(9445.64088807,-2289.36690508,1859.00599758));
#33053=CARTESIAN_POINT('Control Point',(9431.40944354,-2287.76530793,1858.46080812));
#33054=CARTESIAN_POINT('Control Point',(9417.17950857,-2286.15408389,1857.91268779));
#33055=CARTESIAN_POINT('Control Point',(9402.95108988,-2284.53322056,1857.36163249));
#33056=CARTESIAN_POINT('Control Point',(9474.92772419,-2280.3272697,1879.42635071));
#33057=CARTESIAN_POINT('Control Point',(9460.69250257,-2278.74960708,1878.88841857));
#33058=CARTESIAN_POINT('Control Point',(9446.45880389,-2277.16232653,1878.34755821));
#33059=CARTESIAN_POINT('Control Point',(9432.226624229999,-2275.56537795,1877.80375702));
#33060=CARTESIAN_POINT('Control Point',(9417.995955709999,-2273.95879814,1877.25702203));
#33061=CARTESIAN_POINT('Control Point',(9403.76680472,-2272.3425712,1876.70735026));
#33062=CARTESIAN_POINT('Control Point',(9475.780184929999,-2267.90325797,1898.70103165));
#33063=CARTESIAN_POINT('Control Point',(9461.544236629999,-2266.33018453,1898.16446554));
#33064=CARTESIAN_POINT('Control Point',(9447.30981194,-2264.74748975,1897.62497081));
#33065=CARTESIAN_POINT('Control Point',(9433.07690871,-2263.15512491,1897.08253256));
#33066=CARTESIAN_POINT('Control Point',(9418.84551651,-2261.5531162,1896.53716016));
#33067=CARTESIAN_POINT('Control Point',(9404.615643609999,-2259.9414569,1895.98884863));
#33068=CARTESIAN_POINT('Control Point',(9476.66621207,-2255.26603063,1917.91065095));
#33069=CARTESIAN_POINT('Control Point',(9462.429549729999,-2253.69746288,1917.37542325));
#33070=CARTESIAN_POINT('Control Point',(9448.194412139999,-2252.11927003,1916.83726647));
#33071=CARTESIAN_POINT('Control Point',(9433.960796359999,-2250.53140177,1916.29616481));
#33072=CARTESIAN_POINT('Control Point',(9419.728693470001,-2248.9338892,1915.75212749));
#33073=CARTESIAN_POINT('Control Point',(9405.49811092,-2247.32671678,1915.2051494));
#33074=CARTESIAN_POINT('Control Point',(9477.58636592,-2242.41206903,1937.0541205));
#33075=CARTESIAN_POINT('Control Point',(9463.349004019999,-2240.84791184,1936.52020022));
#33076=CARTESIAN_POINT('Control Point',(9449.11316757,-2239.2741275,1935.98335039));
#33077=CARTESIAN_POINT('Control Point',(9434.87885393,-2237.69066416,1935.44355483));
#33078=CARTESIAN_POINT('Control Point',(9420.64605424,-2236.09755182,1934.90082234));
#33079=CARTESIAN_POINT('Control Point',(9406.414776169999,-2234.49477374,1934.35514742));
#33080=B_SPLINE_CURVE_WITH_KNOTS('',3,(#33081,#33082,#33083,#33084),.UNSPECIFIED.,.F.,.U.,(4,4),(0.,1.64114645194),.UNSPECIFIED.);
#33081=CARTESIAN_POINT('Control Point',(9412.12833275,-2235.27523113,1934.370691));
#33082=CARTESIAN_POINT('Control Point',(9412.128309849999,-2235.4334528,1934.1368693));
#33083=CARTESIAN_POINT('Control Point',(9412.128286949999,-2235.59163682,1933.90303266));
#33084=CARTESIAN_POINT('Control Point',(9412.128264049999,-2235.74978321,1933.6691811));
#33085=CARTESIAN_POINT('Vertex',(9412.128372789999,-2235.27524098,1934.37072303));
#33086=VERTEX_POINT('',#33085);
#33087=EDGE_CURVE('',#33086,#32908,#33080,.T.);
#33088=B_SPLINE_CURVE_WITH_KNOTS('',3,(#33089,#33090,#33091,#33092),.UNSPECIFIED.,.F.,.U.,(4,4),(36.2249219011,129.142747631),.UNSPECIFIED.);
#33089=CARTESIAN_POINT('Control Point',(9412.12837463,-2235.27523559,1934.37069297));
#33090=CARTESIAN_POINT('Control Point',(9433.883071979999,-2237.66989289,1935.27826768));
#33091=CARTESIAN_POINT('Control Point',(9455.641315389999,-2240.04210007,1936.17043381));
#33092=CARTESIAN_POINT('Control Point',(9477.403041699999,-2242.39192786,1937.0472454));
#33093=CARTESIAN_POINT('Vertex',(9477.403041699999,-2242.39192785,1937.0472454));
#33094=VERTEX_POINT('',#33093);
#33095=EDGE_CURVE('',#33086,#33094,#33088,.T.);
#33096=B_SPLINE_CURVE_WITH_KNOTS('',3,(#33097,#33098,#33099,#33100),.UNSPECIFIED.,.F.,.U.,(4,4),(0.,15.1531011039),.UNSPECIFIED.);
#33097=CARTESIAN_POINT('Control Point',(9477.16373056,-2247.40320104,1929.58390426));
#33098=CARTESIAN_POINT('Control Point',(9477.242984319999,-2245.73690611,1932.07342277));
#33099=CARTESIAN_POINT('Control Point',(9477.32275444,-2244.06648464,1934.56120625));
#33100=CARTESIAN_POINT('Control Point',(9477.403041699999,-2242.39192785,1937.0472454));
#33101=CARTESIAN_POINT('Vertex',(9477.16373056,-2247.40320104,1929.58390426));
#33102=VERTEX_POINT('',#33101);
#33103=EDGE_CURVE('',#33102,#33094,#33096,.T.);
#33104=B_SPLINE_CURVE_WITH_KNOTS('',5,(#33105,#33106,#33107,#33108,#33109,#33110,#33111,#33112,#33113,#33114,#33115,#33116,#33117,#33118,#33119),.UNSPECIFIED.,.F.,.U.,(6,3,3,3,6),(0.,7.49992835972,14.9118278637,22.2035560076,28.1791015437),.UNSPECIFIED.);
#33105=CARTESIAN_POINT('Control Point',(9463.909219699999,-2253.20355783,1918.25160297));
#33106=CARTESIAN_POINT('Control Point',(9464.96311382,-2253.3181018,1918.29450112));
#33107=CARTESIAN_POINT('Control Point',(9466.02086328,-2253.37296181,1918.4275452));
#33108=CARTESIAN_POINT('Control Point',(9467.07162008,-2253.36651782,1918.6509397));
#33109=CARTESIAN_POINT('Control Point',(9469.111614899999,-2253.22960654,1919.27071977));
#33110=CARTESIAN_POINT('Control Point',(9471.003257079999,-2252.84983351,1920.22308105));
#33111=CARTESIAN_POINT('Control Point',(9471.890672489999,-2252.60277421,1920.7726565));
#33112=CARTESIAN_POINT('Control Point',(9473.5287137,-2251.99878447,1922.00752333));
#33113=CARTESIAN_POINT('Control Point',(9474.86774971,-2251.1883014,1923.48826553));
#33114=CARTESIAN_POINT('Control Point',(9475.447363519999,-2250.73928831,1924.27516752));
#33115=CARTESIAN_POINT('Control Point',(9476.329332059999,-2249.84542337,1925.78536276));
#33116=CARTESIAN_POINT('Control Point',(9476.871244559999,-2248.84416771,1927.38433133));
#33117=CARTESIAN_POINT('Control Point',(9477.04287327,-2248.37522355,1928.11609976));
#33118=CARTESIAN_POINT('Control Point',(9477.140426779999,-2247.89315864,1928.85188589));
#33119=CARTESIAN_POINT('Control Point',(9477.16373056,-2247.40320104,1929.58390426));
#33120=CARTESIAN_POINT('Vertex',(9463.909219699999,-2253.20355783,1918.25160297));
#33121=VERTEX_POINT('',#33120);
#33122=EDGE_CURVE('',#33121,#33102,#33104,.T.);
#33123=B_SPLINE_CURVE_WITH_KNOTS('',3,(#33124,#33125,#33126,#33127),.UNSPECIFIED.,.F.,.U.,(4,4),(0.,35.2391751192),.UNSPECIFIED.);
#33124=CARTESIAN_POINT('Control Point',(9448.40259385,-2251.51369086,1917.61874251));
#33125=CARTESIAN_POINT('Control Point',(9453.56087601,-2252.07732605,1917.82981866));
#33126=CARTESIAN_POINT('Control Point',(9458.728718009999,-2252.64050767,1918.04073364));
#33127=CARTESIAN_POINT('Control Point',(9463.909219699999,-2253.20355783,1918.25160297));
#33128=CARTESIAN_POINT('Vertex',(9448.40259385,-2251.51369086,1917.61874251));
#33129=VERTEX_POINT('',#33128);
#33130=EDGE_CURVE('',#33129,#33121,#33123,.T.);
#33131=B_SPLINE_CURVE_WITH_KNOTS('',5,(#33132,#33133,#33134,#33135,#33136,#33137,#33138,#33139,#33140,#33141,#33142,#33143,#33144,#33145,#33146),.UNSPECIFIED.,.F.,.U.,(6,3,3,3,6),(0.,8.95531900668,23.9684946533,33.1288734919,44.089746678),.UNSPECIFIED.);
#33132=CARTESIAN_POINT('Control Point',(9428.018430959999,-2260.59117776,1899.68297854));
#33133=CARTESIAN_POINT('Control Point',(9428.018590849999,-2259.86895985,1900.78267176));
#33134=CARTESIAN_POINT('Control Point',(9428.126450669999,-2259.15569816,1901.88996839));
#33135=CARTESIAN_POINT('Control Point',(9428.342667609999,-2258.45756925,1902.99556474));
#33136=CARTESIAN_POINT('Control Point',(9429.20698898,-2256.6496996,1905.91865371));
#33137=CARTESIAN_POINT('Control Point',(9430.7996902,-2255.05293928,1908.66465862));
#33138=CARTESIAN_POINT('Control Point',(9432.064748069999,-2254.16323054,1910.26995278));
#33139=CARTESIAN_POINT('Control Point',(9434.453302649999,-2252.95022086,1912.59226248));
#33140=CARTESIAN_POINT('Control Point',(9437.30128702,-2252.11555089,1914.4349296));
#33141=CARTESIAN_POINT('Control Point',(9438.439223859999,-2251.855501,1915.06013889));
#33142=CARTESIAN_POINT('Control Point',(9441.031654549999,-2251.41468545,1916.25565662));
#33143=CARTESIAN_POINT('Control Point',(9443.785756219999,-2251.25927093,1917.05420239));
#33144=CARTESIAN_POINT('Control Point',(9445.317106119999,-2251.25979995,1917.36743335));
#33145=CARTESIAN_POINT('Control Point',(9446.86250736,-2251.34540869,1917.55572239));
#33146=CARTESIAN_POINT('Control Point',(9448.40259385,-2251.51369086,1917.61874251));
#33147=CARTESIAN_POINT('Vertex',(9428.018430959999,-2260.59117776,1899.68297854));
#33148=VERTEX_POINT('',#33147);
#33149=EDGE_CURVE('',#33148,#33129,#33131,.T.);
#33150=B_SPLINE_CURVE_WITH_KNOTS('',3,(#33151,#33152,#33153,#33154),.UNSPECIFIED.,.F.,.U.,(4,4),(0.,113.478387127),.UNSPECIFIED.);
#33151=CARTESIAN_POINT('Control Point',(9428.011300759999,-2292.11571667,1850.6664939));
#33152=CARTESIAN_POINT('Control Point',(9428.01368357,-2281.78308973,1867.07449221));
#33153=CARTESIAN_POINT('Control Point',(9428.01606541,-2271.27620246,1883.41330533));
#33154=CARTESIAN_POINT('Control Point',(9428.018430959999,-2260.59117776,1899.68297854));
#33155=CARTESIAN_POINT('Vertex',(9428.011300759999,-2292.11571667,1850.6664939));
#33156=VERTEX_POINT('',#33155);
#33157=EDGE_CURVE('',#33156,#33148,#33150,.T.);
#33158=B_SPLINE_CURVE_WITH_KNOTS('',5,(#33159,#33160,#33161,#33162,#33163,#33164,#33165,#33166,#33167,#33168,#33169,#33170,#33171,#33172,#33173),.UNSPECIFIED.,.F.,.U.,(6,3,3,3,6),(0.,9.99859169151,14.9410693008,19.8447028884,28.800348991),.UNSPECIFIED.);
#33159=CARTESIAN_POINT('Control Point',(9414.75096747,-2297.70109074,1838.84083201));
#33160=CARTESIAN_POINT('Control Point',(9416.15513139,-2297.86058279,1838.89553647));
#33161=CARTESIAN_POINT('Control Point',(9417.56585409,-2297.91901226,1839.11361719));
#33162=CARTESIAN_POINT('Control Point',(9418.950782559999,-2297.87229388,1839.49443846));
#33163=CARTESIAN_POINT('Control Point',(9420.933835169999,-2297.64417645,1840.29760684));
#33164=CARTESIAN_POINT('Control Point',(9422.71193159,-2297.18835424,1841.41888728));
#33165=CARTESIAN_POINT('Control Point',(9423.273588579999,-2297.0134347,1841.82241199));
#33166=CARTESIAN_POINT('Control Point',(9424.33216761,-2296.61788854,1842.68790955));
#33167=CARTESIAN_POINT('Control Point',(9425.258214739999,-2296.13354595,1843.66525598));
#33168=CARTESIAN_POINT('Control Point',(9425.68148286,-2295.87220851,1844.17554233));
#33169=CARTESIAN_POINT('Control Point',(9426.76736768,-2295.0788998,1845.67999044));
#33170=CARTESIAN_POINT('Control Point',(9427.51811875,-2294.14562418,1847.33162377));
#33171=CARTESIAN_POINT('Control Point',(9427.847241539999,-2293.49463426,1848.43979002));
#33172=CARTESIAN_POINT('Control Point',(9428.01113993,-2292.81313039,1849.55901531));
#33173=CARTESIAN_POINT('Control Point',(9428.011300759999,-2292.11571667,1850.6664939));
#33174=CARTESIAN_POINT('Vertex',(9414.750953119999,-2297.70112762,1838.84084481));
#33175=VERTEX_POINT('',#33174);
#33176=EDGE_CURVE('',#33175,#33156,#33158,.T.);
#33177=B_SPLINE_CURVE_WITH_KNOTS('',3,(#33178,#33179,#33180,#33181),.UNSPECIFIED.,.F.,.U.,(4,4),(0.,19.3454603414),.UNSPECIFIED.);
#33178=CARTESIAN_POINT('Control Point',(9406.160384409999,-2296.7239276,1838.50567194));
#33179=CARTESIAN_POINT('Control Point',(9409.02375178,-2297.05009753,1838.61754627));
#33180=CARTESIAN_POINT('Control Point',(9411.887283669999,-2297.37581905,1838.72926648));
#33181=CARTESIAN_POINT('Control Point',(9414.75095795,-2297.70108966,1838.84083163));
#33182=CARTESIAN_POINT('Vertex',(9406.160335339999,-2296.72389823,1838.50563644));
#33183=VERTEX_POINT('',#33182);
#33184=EDGE_CURVE('',#33183,#33175,#33177,.T.);
#33185=B_SPLINE_CURVE_WITH_KNOTS('',3,(#33186,#33187,#33188,#33189),.UNSPECIFIED.,.F.,.U.,(4,4),(78.6180923902,228.63053432),.UNSPECIFIED.);
#33186=CARTESIAN_POINT('Control Point',(9406.160384409999,-2296.7239276,1838.50567193));
#33187=CARTESIAN_POINT('Control Point',(9406.162754019999,-2277.71920059,1868.99840063));
#33188=CARTESIAN_POINT('Control Point',(9406.165136690001,-2258.13526031,1899.22463131));
#33189=CARTESIAN_POINT('Control Point',(9406.16751515,-2237.96373234,1929.16673442));
#33190=EDGE_CURVE('',#33183,#33020,#33185,.T.);
#33191=EDGE_LOOP('',(#33192,#33193,#33194,#33195,#33196,#33197,#33198,#33199,#33200,#33201,#33202,#33203));
#33192=ORIENTED_EDGE('',*,*,#33087,.F.);
#33193=ORIENTED_EDGE('',*,*,#33095,.T.);
#33194=ORIENTED_EDGE('',*,*,#33103,.F.);
#33195=ORIENTED_EDGE('',*,*,#33122,.F.);
#33196=ORIENTED_EDGE('',*,*,#33130,.F.);
#33197=ORIENTED_EDGE('',*,*,#33149,.F.);
#33198=ORIENTED_EDGE('',*,*,#33157,.F.);
#33199=ORIENTED_EDGE('',*,*,#33176,.F.);
#33200=ORIENTED_EDGE('',*,*,#33184,.F.);
#33201=ORIENTED_EDGE('',*,*,#33190,.T.);
#33202=ORIENTED_EDGE('',*,*,#33035,.T.);
#33203=ORIENTED_EDGE('',*,*,#32911,.F.);
#33204=FACE_OUTER_BOUND('',#33191,.T.);
#33205=ADVANCED_FACE('PartBody',(#33204),#33043,.F.);
#33206=B_SPLINE_SURFACE_WITH_KNOTS('',5,5,((#33207,#33208,#33209,#33210,#33211,#33212),(#33213,#33214,#33215,#33216,#33217,#33218),(#33219,#33220,#33221,#33222,#33223,#33224),(#33225,#33226,#33227,#33228,#33229,#33230),(#33231,#33232,#33233,#33234,#33235,#33236),(#33237,#33238,#33239,#33240,#33241,#33242),(#33243,#33244,#33245,#33246,#33247,#33248),(#33249,#33250,#33251,#33252,#33253,#33254),(#33255,#33256,#33257,#33258,#33259,#33260),(#33261,#33262,#33263,#33264,#33265,#33266),(#33267,#33268,#33269,#33270,#33271,#33272),(#33273,#33274,#33275,#33276,#33277,#33278)),.UNSPECIFIED.,.F.,.F.,.U.,(6,3,3,6),(6,6),(36.0255407232,52.0140008546,83.9909211174,129.142747662),(-3.33819560536E-013,5.17000000205),.UNSPECIFIED.);
#33207=CARTESIAN_POINT('Control Point',(9412.41179796,-2231.10405194,1935.17364103));
#33208=CARTESIAN_POINT('Control Point',(9412.306223289999,-2231.87946726,1935.70460812));
#33209=CARTESIAN_POINT('Control Point',(9412.193309369999,-2232.86502602,1935.93017124));
#33210=CARTESIAN_POINT('Control Point',(9412.102849449999,-2233.9002777,1935.7301152));
#33211=CARTESIAN_POINT('Control Point',(9412.03077757,-2234.73363599,1935.150608));
#33212=CARTESIAN_POINT('Control Point',(9411.988810449999,-2235.25986686,1934.36490075));
#33213=CARTESIAN_POINT('Control Point',(9414.65890966,-2231.35142684,1935.26727743));
#33214=CARTESIAN_POINT('Control Point',(9414.553355059999,-2232.12682058,1935.79827388));
#33215=CARTESIAN_POINT('Control Point',(9414.4391805,-2233.11222207,1936.02375496));
#33216=CARTESIAN_POINT('Control Point',(9414.332952569999,-2234.14619492,1935.822461));
#33217=CARTESIAN_POINT('Control Point',(9414.26557883,-2234.97989509,1935.24336626));
#33218=CARTESIAN_POINT('Control Point',(9414.23322998,-2235.50695338,1934.45844086));
#33219=CARTESIAN_POINT('Control Point',(9416.9026555,-2231.598333,1935.36073738));
#33220=CARTESIAN_POINT('Control Point',(9416.796333049999,-2232.37363967,1935.89160953));
#33221=CARTESIAN_POINT('Control Point',(9416.677786439999,-2233.35867872,1936.11670374));
#33222=CARTESIAN_POINT('Control Point',(9416.57364663,-2234.39275274,1935.91561494));
#33223=CARTESIAN_POINT('Control Point',(9416.505403769999,-2235.22641725,1935.33646147));
#33224=CARTESIAN_POINT('Control Point',(9416.481591559999,-2235.75421818,1934.55225213));
#33225=CARTESIAN_POINT('Control Point',(9419.149928909999,-2231.84531558,1935.45408864));
#33226=CARTESIAN_POINT('Control Point',(9419.04266295,-2232.62053418,1935.98491928));
#33227=CARTESIAN_POINT('Control Point',(9418.925549309999,-2233.60565635,1936.21016104));
#33228=CARTESIAN_POINT('Control Point',(9418.82076613,-2234.6396775,1936.00902553));
#33229=CARTESIAN_POINT('Control Point',(9418.753075429999,-2235.47336662,1935.4299617));
#33230=CARTESIAN_POINT('Control Point',(9418.726016099999,-2236.00090311,1934.64551675));
#33231=CARTESIAN_POINT('Control Point',(9425.886501609999,-2232.58524552,1935.73370418));
#33232=CARTESIAN_POINT('Control Point',(9425.77980737,-2233.3604651,1936.26450256));
#33233=CARTESIAN_POINT('Control Point',(9425.662120819999,-2234.34547584,1936.48966894));
#33234=CARTESIAN_POINT('Control Point',(9425.556683519999,-2235.37937086,1936.28854555));
#33235=CARTESIAN_POINT('Control Point',(9425.489320549999,-2236.21308339,1935.70960503));
#33236=CARTESIAN_POINT('Control Point',(9425.46538802,-2236.74093259,1934.92551624));
#33237=CARTESIAN_POINT('Control Point',(9432.62529152,-2233.32353249,1936.01209222));
#33238=CARTESIAN_POINT('Control Point',(9432.5182883,-2234.0986897,1936.54286463));
#33239=CARTESIAN_POINT('Control Point',(9432.401368429999,-2235.08369409,1936.76811182));
#33240=CARTESIAN_POINT('Control Point',(9432.29672398,-2236.11759672,1936.56710372));
#33241=CARTESIAN_POINT('Control Point',(9432.22925258,-2236.95128122,1935.98825549));
#33242=CARTESIAN_POINT('Control Point',(9432.202807419999,-2237.4789557,1935.20405503));
#33243=CARTESIAN_POINT('Control Point',(9437.116702249999,-2233.81483041,1936.19713963));
#33244=CARTESIAN_POINT('Control Point',(9437.01027038,-2234.59000422,1936.72789894));
#33245=CARTESIAN_POINT('Control Point',(9436.893253299999,-2235.57495695,1936.95311795));
#33246=CARTESIAN_POINT('Control Point',(9436.788384059999,-2236.60879488,1936.7521342));
#33247=CARTESIAN_POINT('Control Point',(9436.72111902,-2237.44249401,1936.17337307));
#33248=CARTESIAN_POINT('Control Point',(9436.696190569999,-2237.97033085,1935.38937127));
#33249=CARTESIAN_POINT('Control Point',(9447.952122999999,-2234.99806163,1936.64214971));
#33250=CARTESIAN_POINT('Control Point',(9447.84579474,-2235.77318037,1937.17287443));
#33251=CARTESIAN_POINT('Control Point',(9447.72936112,-2236.75807342,1937.39814331));
#33252=CARTESIAN_POINT('Control Point',(9447.62508347,-2237.79186001,1937.19729503));
#33253=CARTESIAN_POINT('Control Point',(9447.55786922,-2238.6255397,1936.61869049));
#33254=CARTESIAN_POINT('Control Point',(9447.531856239999,-2239.15334896,1935.83474818));
#33255=CARTESIAN_POINT('Control Point',(9458.787634029999,-2236.17660982,1937.08398976));
#33256=CARTESIAN_POINT('Control Point',(9458.681981239999,-2236.95171561,1937.61467745));
#33257=CARTESIAN_POINT('Control Point',(9458.565785679999,-2237.93652066,1937.83994448));
#33258=CARTESIAN_POINT('Control Point',(9458.461574859999,-2238.97020755,1937.6391967));
#33259=CARTESIAN_POINT('Control Point',(9458.39457396,-2239.80389123,1937.06078045));
#33260=CARTESIAN_POINT('Control Point',(9458.36951676,-2240.33185604,1936.27708694));
#33261=CARTESIAN_POINT('Control Point',(9465.13145418,-2236.86498083,1937.34154747));
#33262=CARTESIAN_POINT('Control Point',(9465.02580863,-2237.64005079,1937.87221605));
#33263=CARTESIAN_POINT('Control Point',(9464.909981409999,-2238.62482385,1938.0975185));
#33264=CARTESIAN_POINT('Control Point',(9464.80613216,-2239.65848287,1937.89685004));
#33265=CARTESIAN_POINT('Control Point',(9464.73918783,-2240.4921548,1937.31851748));
#33266=CARTESIAN_POINT('Control Point',(9464.71335563,-2241.02008929,1936.53484073));
#33267=CARTESIAN_POINT('Control Point',(9471.475195389999,-2237.551745,1937.59803407));
#33268=CARTESIAN_POINT('Control Point',(9471.369937219999,-2238.32680622,1938.12867884));
#33269=CARTESIAN_POINT('Control Point',(9471.25425803,-2239.31152767,1938.35397679));
#33270=CARTESIAN_POINT('Control Point',(9471.150504039999,-2240.34513272,1938.15337089));
#33271=CARTESIAN_POINT('Control Point',(9471.08364637,-2241.17880525,1937.57515276));
#33272=CARTESIAN_POINT('Control Point',(9471.058290729999,-2241.70682426,1936.79161848));
#33273=CARTESIAN_POINT('Control Point',(9477.819346849999,-2238.23693121,1937.85341746));
#33274=CARTESIAN_POINT('Control Point',(9477.714273509999,-2239.01197035,1938.38404552));
#33275=CARTESIAN_POINT('Control Point',(9477.59885688,-2239.99665183,1938.60936607));
#33276=CARTESIAN_POINT('Control Point',(9477.49529778,-2241.03021404,1938.40882858));
#33277=CARTESIAN_POINT('Control Point',(9477.42853544,-2241.86388127,1937.83070285));
#33278=CARTESIAN_POINT('Control Point',(9477.403033159999,-2242.3919263,1937.04724211));
#33279=B_SPLINE_CURVE_WITH_KNOTS('',5,(#33280,#33281,#33282,#33283,#33284,#33285,#33286,#33287,#33288,#33289,#33290,#33291),.UNSPECIFIED.,.F.,.U.,(6,3,3,6),(36.026086921,52.0140008546,83.9909211174,129.141239435),.UNSPECIFIED.);
#33280=CARTESIAN_POINT('Control Point',(9412.41218179,-2231.1040942,1935.17365702));
#33281=CARTESIAN_POINT('Control Point',(9414.659216259999,-2231.35146058,1935.2672902));
#33282=CARTESIAN_POINT('Control Point',(9416.902885809999,-2231.59835831,1935.36074695));
#33283=CARTESIAN_POINT('Control Point',(9419.150082329999,-2231.84533244,1935.45409501));
#33284=CARTESIAN_POINT('Control Point',(9425.88657835,-2232.58525393,1935.73370735));
#33285=CARTESIAN_POINT('Control Point',(9432.62529152,-2233.32353249,1936.01209222));
#33286=CARTESIAN_POINT('Control Point',(9437.116702249999,-2233.81483041,1936.19713963));
#33287=CARTESIAN_POINT('Control Point',(9447.951911119999,-2234.99803849,1936.64214101));
#33288=CARTESIAN_POINT('Control Point',(9458.787210259999,-2236.17656372,1937.08397248));
#33289=CARTESIAN_POINT('Control Point',(9465.13081846,-2236.86491184,1937.34152166));
#33290=CARTESIAN_POINT('Control Point',(9471.47434778,-2237.55165324,1937.5979998));
#33291=CARTESIAN_POINT('Control Point',(9477.818287259999,-2238.23681678,1937.85337481));
#33292=CARTESIAN_POINT('Vertex',(9412.41218127,-2231.10408976,1935.17368124));
#33293=VERTEX_POINT('',#33292);
#33294=CARTESIAN_POINT('Vertex',(9477.81828705,-2238.23681781,1937.85337736));
#33295=VERTEX_POINT('',#33294);
#33296=EDGE_CURVE('',#33293,#33295,#33279,.T.);
#33297=B_SPLINE_CURVE_WITH_KNOTS('',5,(#33298,#33299,#33300,#33301,#33302,#33303),.UNSPECIFIED.,.F.,.U.,(6,6),(0.,10.9458116356),.UNSPECIFIED.);
#33298=CARTESIAN_POINT('Control Point',(9477.403033159999,-2242.3919263,1937.04724211));
#33299=CARTESIAN_POINT('Control Point',(9477.428320449999,-2241.86387007,1937.83067647));
#33300=CARTESIAN_POINT('Control Point',(9477.494817479999,-2241.03021212,1938.40880445));
#33301=CARTESIAN_POINT('Control Point',(9477.59812359,-2239.99652697,1938.60935016));
#33302=CARTESIAN_POINT('Control Point',(9477.71333671,-2239.01185371,1938.38399642));
#33303=CARTESIAN_POINT('Control Point',(9477.818291079999,-2238.23681911,1937.85337627));
#33304=EDGE_CURVE('',#33094,#33295,#33297,.T.);
#33305=B_SPLINE_CURVE_WITH_KNOTS('',5,(#33306,#33307,#33308,#33309,#33310,#33311),.UNSPECIFIED.,.F.,.U.,(6,6),(2.05580574133E-005,10.9687756233),.UNSPECIFIED.);
#33306=CARTESIAN_POINT('Control Point',(9412.12871845,-2235.27526369,1934.37073941));
#33307=CARTESIAN_POINT('Control Point',(9412.12647562,-2234.74378451,1935.15515979));
#33308=CARTESIAN_POINT('Control Point',(9412.15527519,-2233.90421234,1935.73191557));
#33309=CARTESIAN_POINT('Control Point',(9412.210868919999,-2232.87069711,1935.93035527));
#33310=CARTESIAN_POINT('Control Point',(9412.30629052,-2231.88085944,1935.70554874));
#33311=CARTESIAN_POINT('Control Point',(9412.41179674,-2231.10406088,1935.17364714));
#33312=EDGE_CURVE('',#33086,#33293,#33305,.T.);
#33313=EDGE_LOOP('',(#33314,#33315,#33316,#33317));
#33314=ORIENTED_EDGE('',*,*,#33296,.T.);
#33315=ORIENTED_EDGE('',*,*,#33304,.F.);
#33316=ORIENTED_EDGE('',*,*,#33095,.F.);
#33317=ORIENTED_EDGE('',*,*,#33312,.T.);
#33318=FACE_OUTER_BOUND('',#33313,.T.);
#33319=ADVANCED_FACE('PartBody',(#33318),#33206,.T.);
#33320=CARTESIAN_POINT('Axis2P3D Location',(9472.962345899999,-2236.87985398,1937.09130597));
#33321=DIRECTION('Axis2P3D Direction',(0.02747666488330261,0.5624271919270534,0.8263901540240784));
#33322=DIRECTION('Axis2P3D XDirection',(0.9996224451696188,-0.01545946026779411,-0.02271502149109134));
#33323=AXIS2_PLACEMENT_3D('Plane Axis2P3D',#33320,#33321,#33322);
#33324=PLANE('',#33323);
#33325=B_SPLINE_CURVE_WITH_KNOTS('',3,(#33326,#33327,#33328,#33329),.UNSPECIFIED.,.F.,.U.,(4,4),(0.,96.6243438197),.UNSPECIFIED.);
#33326=CARTESIAN_POINT('Control Point',(9412.59475728,-2189.88373364,1907.11370293));
#33327=CARTESIAN_POINT('Control Point',(9412.582394839999,-2203.19632286,1916.17443752));
#33328=CARTESIAN_POINT('Control Point',(9412.57004309,-2216.50891339,1925.23517264));
#33329=CARTESIAN_POINT('Control Point',(9412.557701989999,-2229.8215052,1934.29590828));
#33330=CARTESIAN_POINT('Vertex',(9412.59468805,-2189.88373252,1907.11370447));
#33331=VERTEX_POINT('',#33330);
#33332=CARTESIAN_POINT('Vertex',(9412.5576963,-2229.82150511,1934.29590841));
#33333=VERTEX_POINT('',#33332);
#33334=EDGE_CURVE('',#33331,#33333,#33325,.T.);
#33335=B_SPLINE_CURVE_WITH_KNOTS('',5,(#33336,#33337,#33338,#33339,#33340,#33341),.UNSPECIFIED.,.F.,.U.,(6,6),(0.,15.6006170308),.UNSPECIFIED.);
#33336=CARTESIAN_POINT('Control Point',(9407.59639504,-2185.66975543,1904.41193114));
#33337=CARTESIAN_POINT('Control Point',(9409.15089544,-2185.69375626,1904.37658008));
#33338=CARTESIAN_POINT('Control Point',(9410.72447327,-2186.21211007,1904.67704301));
#33339=CARTESIAN_POINT('Control Point',(9411.995030549999,-2187.27732906,1905.35976829));
#33340=CARTESIAN_POINT('Control Point',(9412.59589782,-2188.59401387,1906.2359035));
#33341=CARTESIAN_POINT('Control Point',(9412.59468805,-2189.88373252,1907.11370447));
#33342=CARTESIAN_POINT('Vertex',(9407.59639459,-2185.66975102,1904.41192815));
#33343=VERTEX_POINT('',#33342);
#33344=EDGE_CURVE('',#33343,#33331,#33335,.T.);
#33345=B_SPLINE_CURVE_WITH_KNOTS('',2,(#33346,#33347,#33348),.UNSPECIFIED.,.F.,.U.,(3,3),(0.,1.73957497081),.UNSPECIFIED.);
#33346=CARTESIAN_POINT('Control Point',(9406.59242999,-2185.65425023,1904.43475942));
#33347=CARTESIAN_POINT('Control Point',(9407.09441229,-2185.66200062,1904.42334378));
#33348=CARTESIAN_POINT('Control Point',(9407.59639459,-2185.66975102,1904.41192815));
#33349=CARTESIAN_POINT('Vertex',(9406.59242999,-2185.65425023,1904.43475942));
#33350=VERTEX_POINT('',#33349);
#33351=EDGE_CURVE('',#33350,#33343,#33345,.T.);
#33352=CARTESIAN_POINT('Line Origine',(9406.59242999,-2189.54869679,1907.08525402));
#33353=DIRECTION('Vector Direction',(0,0.8267022794630103,-0.562639619233007));
#33354=VECTOR('Line Direction',#33353,1.);
#33355=LINE('Line',#33352,#33354);
#33356=CARTESIAN_POINT('Vertex',(9406.59242999,-2142.04603697,1874.75574545));
#33357=VERTEX_POINT('',#33356);
#33358=EDGE_CURVE('',#33350,#33357,#33355,.T.);
#33359=B_SPLINE_CURVE_WITH_KNOTS('',3,(#33360,#33361,#33362,#33363),.UNSPECIFIED.,.F.,.U.,(4,4),(0.,1.74427170371),.UNSPECIFIED.);
#33360=CARTESIAN_POINT('Control Point',(9407.59910501,-2142.06157889,1874.73285205));
#33361=CARTESIAN_POINT('Control Point',(9407.263546759999,-2142.05639825,1874.74048318));
#33362=CARTESIAN_POINT('Control Point',(9406.92798825,-2142.05121761,1874.74811432));
#33363=CARTESIAN_POINT('Control Point',(9406.59242999,-2142.04603697,1874.75574545));
#33364=CARTESIAN_POINT('Vertex',(9407.59910578,-2142.06158735,1874.73285778));
#33365=VERTEX_POINT('',#33364);
#33366=EDGE_CURVE('',#33365,#33357,#33359,.T.);
#33367=B_SPLINE_CURVE_WITH_KNOTS('',4,(#33368,#33369,#33370,#33371,#33372),.UNSPECIFIED.,.F.,.U.,(5,5),(0.,10.2034731096),.UNSPECIFIED.);
#33368=CARTESIAN_POINT('Control Point',(9411.879900529999,-2144.12744493,1875.99651335));
#33369=CARTESIAN_POINT('Control Point',(9411.213886719999,-2143.20333027,1875.38972082));
#33370=CARTESIAN_POINT('Control Point',(9410.16110352,-2142.45832682,1874.91768805));
#33371=CARTESIAN_POINT('Control Point',(9408.86938602,-2142.08119903,1874.70396959));
#33372=CARTESIAN_POINT('Control Point',(9407.59910578,-2142.06158735,1874.73285778));
#33373=CARTESIAN_POINT('Vertex',(9411.880022649999,-2144.12738595,1875.99646915));
#33374=VERTEX_POINT('',#33373);
#33375=EDGE_CURVE('',#33374,#33365,#33367,.T.);
#33376=B_SPLINE_CURVE_WITH_KNOTS('',3,(#33377,#33378,#33379,#33380),.UNSPECIFIED.,.F.,.U.,(4,4),(0.,250.296464248),.UNSPECIFIED.);
#33377=CARTESIAN_POINT('Control Point',(9477.24285192,-2234.81205734,1935.54167584));
#33378=CARTESIAN_POINT('Control Point',(9455.453127339999,-2204.5809774,1915.69140008));
#33379=CARTESIAN_POINT('Control Point',(9433.66542157,-2174.3527001,1895.84296463));
#33380=CARTESIAN_POINT('Control Point',(9411.880022649999,-2144.12738595,1875.99646915));
#33381=CARTESIAN_POINT('Vertex',(9477.242855,-2234.81205585,1935.54167472));
#33382=VERTEX_POINT('',#33381);
#33383=EDGE_CURVE('',#33382,#33374,#33376,.T.);
#33384=B_SPLINE_CURVE_WITH_KNOTS('',4,(#33385,#33386,#33387,#33388,#33389),.UNSPECIFIED.,.F.,.U.,(5,5),(0.,6.50430363403),.UNSPECIFIED.);
#33385=CARTESIAN_POINT('Control Point',(9477.929493289999,-2237.41603259,1937.29106729));
#33386=CARTESIAN_POINT('Control Point',(9478.01952095,-2236.75159406,1936.83586831));
#33387=CARTESIAN_POINT('Control Point',(9477.936324349999,-2236.06391217,1936.37060982));
#33388=CARTESIAN_POINT('Control Point',(9477.66749398,-2235.40119753,1935.92851577));
#33389=CARTESIAN_POINT('Control Point',(9477.242855,-2234.81205585,1935.54167472));
#33390=CARTESIAN_POINT('Vertex',(9477.929498669999,-2237.41603356,1937.29106777));
#33391=VERTEX_POINT('',#33390);
#33392=EDGE_CURVE('',#33391,#33382,#33384,.T.);
#33393=B_SPLINE_CURVE_WITH_KNOTS('',1,(#33394,#33395),.UNSPECIFIED.,.F.,.U.,(2,2),(0.,1.73399559029),.UNSPECIFIED.);
#33394=CARTESIAN_POINT('Control Point',(9477.81828705,-2238.23681781,1937.85337736));
#33395=CARTESIAN_POINT('Control Point',(9477.929498669999,-2237.41603356,1937.29106777));
#33396=EDGE_CURVE('',#33295,#33391,#33393,.T.);
#33397=B_SPLINE_CURVE_WITH_KNOTS('',1,(#33398,#33399),.UNSPECIFIED.,.F.,.U.,(2,2),(0.,1.72567702925),.UNSPECIFIED.);
#33398=CARTESIAN_POINT('Control Point',(9412.41217942,-2231.10408242,1935.17364718));
#33399=CARTESIAN_POINT('Control Point',(9412.52533581,-2230.28750596,1934.61413668));
#33400=CARTESIAN_POINT('Vertex',(9412.525330459999,-2230.28750486,1934.61413611));
#33401=VERTEX_POINT('',#33400);
#33402=EDGE_CURVE('',#33293,#33401,#33397,.T.);
#33403=B_SPLINE_CURVE_WITH_KNOTS('',3,(#33404,#33405,#33406,#33407),.UNSPECIFIED.,.F.,.U.,(4,4),(0.,1.13255676657),.UNSPECIFIED.);
#33404=CARTESIAN_POINT('Control Point',(9412.5576963,-2229.82150511,1934.29590841));
#33405=CARTESIAN_POINT('Control Point',(9412.55755161,-2229.97755199,1934.40211609));
#33406=CARTESIAN_POINT('Control Point',(9412.546699799999,-2230.13329619,1934.50847378));
#33407=CARTESIAN_POINT('Control Point',(9412.525330459999,-2230.28750486,1934.61413611));
#33408=EDGE_CURVE('',#33333,#33401,#33403,.T.);
#33409=EDGE_LOOP('',(#33410,#33411,#33412,#33413,#33414,#33415,#33416,#33417,#33418,#33419,#33420,#33421));
#33410=ORIENTED_EDGE('',*,*,#33334,.F.);
#33411=ORIENTED_EDGE('',*,*,#33344,.F.);
#33412=ORIENTED_EDGE('',*,*,#33351,.F.);
#33413=ORIENTED_EDGE('',*,*,#33358,.T.);
#33414=ORIENTED_EDGE('',*,*,#33366,.F.);
#33415=ORIENTED_EDGE('',*,*,#33375,.F.);
#33416=ORIENTED_EDGE('',*,*,#33383,.F.);
#33417=ORIENTED_EDGE('',*,*,#33392,.F.);
#33418=ORIENTED_EDGE('',*,*,#33396,.F.);
#33419=ORIENTED_EDGE('',*,*,#33296,.F.);
#33420=ORIENTED_EDGE('',*,*,#33402,.T.);
#33421=ORIENTED_EDGE('',*,*,#33408,.F.);
#33422=FACE_OUTER_BOUND('',#33409,.T.);
#33423=ADVANCED_FACE('PartBody',(#33422),#33324,.F.);
#33424=B_SPLINE_CURVE_WITH_KNOTS('',5,(#33425,#33426,#33427,#33428,#33429,#33430,#33431,#33432,#33433,#33434,#33435,#33436),.UNSPECIFIED.,.F.,.U.,(6,3,3,6),(0.,5.39940583403,10.8235893458,13.4739326815),.UNSPECIFIED.);
#33425=CARTESIAN_POINT('Control Point',(9412.654312409999,-2188.66326551,1908.90697111));
#33426=CARTESIAN_POINT('Control Point',(9412.6547959,-2188.14783272,1908.55616017));
#33427=CARTESIAN_POINT('Control Point',(9412.55814164,-2187.62778533,1908.20543836));
#33428=CARTESIAN_POINT('Control Point',(9412.361956119999,-2187.11993922,1907.86632984));
#33429=CARTESIAN_POINT('Control Point',(9411.77822652,-2186.16417389,1907.23526053));
#33430=CARTESIAN_POINT('Control Point',(9410.865953779999,-2185.39760813,1906.74388098));
#33431=CARTESIAN_POINT('Control Point',(9410.339777379999,-2185.07732682,1906.54339778));
#33432=CARTESIAN_POINT('Control Point',(9409.48465147,-2184.71189647,1906.32312415));
#33433=CARTESIAN_POINT('Control Point',(9408.57021901,-2184.52120038,1906.2237436));
#33434=CARTESIAN_POINT('Control Point',(9408.266151079999,-2184.4779005,1906.20438439));
#33435=CARTESIAN_POINT('Control Point',(9407.960640809999,-2184.45399165,1906.19827035));
#33436=CARTESIAN_POINT('Control Point',(9407.656019549999,-2184.44928842,1906.20519777));
#33437=DIRECTION('Vector Direction',(0.02747666488330261,0.5624271919270534,0.8263901540240784));
#33438=VECTOR('Extrusion Surface Vector',#33437,1.);
#33439=SURFACE_OF_LINEAR_EXTRUSION('generated tabulated cylinder',#33424,#33438);
#33440=CARTESIAN_POINT('Line Origine',(9412.62450023,-2189.27349902,1908.01033779));
#33441=DIRECTION('Vector Direction',(0.02747666488350246,0.5624271919270503,0.8263901540240739));
#33442=VECTOR('Line Direction',#33441,1.);
#33443=LINE('Line',#33440,#33442);
#33444=CARTESIAN_POINT('Vertex',(9412.654312409999,-2188.66326551,1908.90697111));
#33445=VERTEX_POINT('',#33444);
#33446=EDGE_CURVE('',#33331,#33445,#33443,.T.);
#33447=B_SPLINE_CURVE_WITH_KNOTS('',5,(#33448,#33449,#33450,#33451,#33452,#33453),.UNSPECIFIED.,.F.,.U.,(6,6),(0.,15.6006167288),.UNSPECIFIED.);
#33448=CARTESIAN_POINT('Control Point',(9407.656019549999,-2184.44928842,1906.20519777));
#33449=CARTESIAN_POINT('Control Point',(9409.21051992,-2184.47328926,1906.16984672));
#33450=CARTESIAN_POINT('Control Point',(9410.785635049999,-2184.99256942,1906.47088899));
#33451=CARTESIAN_POINT('Control Point',(9412.0534957,-2186.05592596,1907.15243638));
#33452=CARTESIAN_POINT('Control Point',(9412.655522179999,-2187.37354688,1908.02917015));
#33453=CARTESIAN_POINT('Control Point',(9412.654312409999,-2188.66326551,1908.90697111));
#33454=CARTESIAN_POINT('Vertex',(9407.65601895,-2184.44928401,1906.20519479));
#33455=VERTEX_POINT('',#33454);
#33456=EDGE_CURVE('',#33455,#33445,#33447,.T.);
#33457=CARTESIAN_POINT('Line Origine',(9407.626207359999,-2185.05952192,1905.30856445));
#33458=DIRECTION('Vector Direction',(0.02747666488350246,0.5624271919270503,0.8263901540240739));
#33459=VECTOR('Line Direction',#33458,1.);
#33460=LINE('Line',#33457,#33459);
#33461=EDGE_CURVE('',#33343,#33455,#33460,.T.);
#33462=EDGE_LOOP('',(#33463,#33464,#33465,#33466));
#33463=ORIENTED_EDGE('',*,*,#33344,.T.);
#33464=ORIENTED_EDGE('',*,*,#33446,.T.);
#33465=ORIENTED_EDGE('',*,*,#33456,.F.);
#33466=ORIENTED_EDGE('',*,*,#33461,.F.);
#33467=FACE_OUTER_BOUND('',#33462,.T.);
#33468=ADVANCED_FACE('PartBody',(#33467),#33439,.F.);
#33469=CARTESIAN_POINT('Axis2P3D Location',(9473.021970259999,-2235.65938697,1938.8845726));
#33470=DIRECTION('Axis2P3D Direction',(0.02747666488330261,0.5624271919270534,0.8263901540240784));
#33471=DIRECTION('Axis2P3D XDirection',(0.9996224451696188,-0.01545946026779411,-0.02271502149109134));
#33472=AXIS2_PLACEMENT_3D('Plane Axis2P3D',#33469,#33470,#33471);
#33473=PLANE('',#33472);
#33474=B_SPLINE_CURVE_WITH_KNOTS('',5,(#33475,#33476,#33477,#33478,#33479,#33480),.UNSPECIFIED.,.F.,.U.,(6,6),(0.,1.13255676657),.UNSPECIFIED.);
#33475=CARTESIAN_POINT('Control Point',(9412.61732067,-2228.6010381,1936.08917505));
#33476=CARTESIAN_POINT('Control Point',(9412.61723385,-2228.69466623,1936.15289966));
#33477=CARTESIAN_POINT('Control Point',(9412.613941649999,-2228.78816731,1936.21664438));
#33478=CARTESIAN_POINT('Control Point',(9412.60744426,-2228.88156509,1936.28042536));
#33479=CARTESIAN_POINT('Control Point',(9412.597776429999,-2228.97451265,1936.34400535));
#33480=CARTESIAN_POINT('Control Point',(9412.58495482,-2229.06703786,1936.40740275));
#33481=CARTESIAN_POINT('Vertex',(9412.617326359999,-2228.60103819,1936.08917492));
#33482=VERTEX_POINT('',#33481);
#33483=CARTESIAN_POINT('Vertex',(9412.58495482,-2229.06703786,1936.40740275));
#33484=VERTEX_POINT('',#33483);
#33485=EDGE_CURVE('',#33482,#33484,#33474,.T.);
#33486=B_SPLINE_CURVE_WITH_KNOTS('',5,(#33487,#33488,#33489,#33490,#33491,#33492),.UNSPECIFIED.,.F.,.U.,(6,6),(0.,1.72567702925),.UNSPECIFIED.);
#33487=CARTESIAN_POINT('Control Point',(9412.471803779999,-2229.88361542,1936.96691381));
#33488=CARTESIAN_POINT('Control Point',(9412.49443506,-2229.72030012,1936.85501171));
#33489=CARTESIAN_POINT('Control Point',(9412.51706634,-2229.55698483,1936.74310961));
#33490=CARTESIAN_POINT('Control Point',(9412.53969761,-2229.39366954,1936.63120751));
#33491=CARTESIAN_POINT('Control Point',(9412.562328889999,-2229.23035424,1936.51930541));
#33492=CARTESIAN_POINT('Control Point',(9412.584960169999,-2229.06703895,1936.40740331));
#33493=CARTESIAN_POINT('Vertex',(9412.471799969999,-2229.88362732,1936.96697385));
#33494=VERTEX_POINT('',#33493);
#33495=EDGE_CURVE('',#33494,#33484,#33486,.T.);
#33496=B_SPLINE_CURVE_WITH_KNOTS('',5,(#33497,#33498,#33499,#33500,#33501,#33502),.UNSPECIFIED.,.F.,.U.,(6,6),(36.0255407232,129.14124524),.UNSPECIFIED.);
#33497=CARTESIAN_POINT('Control Point',(9412.471803779999,-2229.88361542,1936.96691381));
#33498=CARTESIAN_POINT('Control Point',(9425.55089724,-2231.32367836,1937.51212927));
#33499=CARTESIAN_POINT('Control Point',(9438.631062029999,-2232.75697934,1938.05270704));
#33500=CARTESIAN_POINT('Control Point',(9451.71229164,-2234.18352222,1938.58864995));
#33501=CARTESIAN_POINT('Control Point',(9464.79457376,-2235.60330267,1939.11995547));
#33502=CARTESIAN_POINT('Control Point',(9477.87791141,-2237.01635081,1939.64664399));
#33503=CARTESIAN_POINT('Vertex',(9477.87791141,-2237.01635081,1939.64664399));
#33504=VERTEX_POINT('',#33503);
#33505=EDGE_CURVE('',#33504,#33494,#33496,.F.);
#33506=B_SPLINE_CURVE_WITH_KNOTS('',5,(#33507,#33508,#33509,#33510,#33511,#33512),.UNSPECIFIED.,.F.,.U.,(6,6),(0.,1.73399559029),.UNSPECIFIED.);
#33507=CARTESIAN_POINT('Control Point',(9477.87791141,-2237.01635081,1939.64664399));
#33508=CARTESIAN_POINT('Control Point',(9477.90015374,-2236.85219396,1939.53418208));
#33509=CARTESIAN_POINT('Control Point',(9477.922396059999,-2236.6880371,1939.42172016));
#33510=CARTESIAN_POINT('Control Point',(9477.94463838,-2236.52388025,1939.30925824));
#33511=CARTESIAN_POINT('Control Point',(9477.966880709999,-2236.3597234,1939.19679632));
#33512=CARTESIAN_POINT('Control Point',(9477.98912303,-2236.19556655,1939.0843344));
#33513=CARTESIAN_POINT('Vertex',(9477.98912303,-2236.19556655,1939.0843344));
#33514=VERTEX_POINT('',#33513);
#33515=EDGE_CURVE('',#33504,#33514,#33506,.T.);
#33516=B_SPLINE_CURVE_WITH_KNOTS('',5,(#33517,#33518,#33519,#33520,#33521,#33522),.UNSPECIFIED.,.F.,.U.,(6,6),(0.,6.50430328744),.UNSPECIFIED.);
#33517=CARTESIAN_POINT('Control Point',(9477.989117659999,-2236.19556552,1939.08433388));
#33518=CARTESIAN_POINT('Control Point',(9478.061139789999,-2235.66401473,1938.72017472));
#33519=CARTESIAN_POINT('Control Point',(9478.029106239999,-2235.11874921,1938.35014129));
#33520=CARTESIAN_POINT('Control Point',(9477.88853767,-2234.57812796,1937.98687736));
#33521=CARTESIAN_POINT('Control Point',(9477.642190529999,-2234.06290216,1937.64441418));
#33522=CARTESIAN_POINT('Control Point',(9477.30247936,-2233.59158885,1937.33494136));
#33523=CARTESIAN_POINT('Vertex',(9477.30247936,-2233.59158885,1937.33494136));
#33524=VERTEX_POINT('',#33523);
#33525=EDGE_CURVE('',#33514,#33524,#33516,.T.);
#33526=B_SPLINE_CURVE_WITH_KNOTS('',5,(#33527,#33528,#33529,#33530,#33531,#33532),.UNSPECIFIED.,.F.,.U.,(6,6),(0.,250.296464248),.UNSPECIFIED.);
#33527=CARTESIAN_POINT('Control Point',(9477.30247629,-2233.59159033,1937.33494247));
#33528=CARTESIAN_POINT('Control Point',(9464.22864153,-2215.45294237,1925.42477702));
#33529=CARTESIAN_POINT('Control Point',(9451.15541736,-2197.3151419,1913.51516805));
#33530=CARTESIAN_POINT('Control Point',(9438.08281417,-2179.17817978,1901.60610901));
#33531=CARTESIAN_POINT('Control Point',(9425.01088636,-2161.04210743,1889.69763307));
#33532=CARTESIAN_POINT('Control Point',(9411.93964701,-2142.90691894,1877.78973578));
#33533=CARTESIAN_POINT('Vertex',(9411.93964701,-2142.90691894,1877.78973578));
#33534=VERTEX_POINT('',#33533);
#33535=EDGE_CURVE('',#33524,#33534,#33526,.T.);
#33536=B_SPLINE_CURVE_WITH_KNOTS('',5,(#33537,#33538,#33539,#33540,#33541,#33542,#33543,#33544,#33545),.UNSPECIFIED.,.F.,.U.,(6,3,6),(0.,7.16038333021,10.2034730865),.UNSPECIFIED.);
#33537=CARTESIAN_POINT('Control Point',(9411.93952489,-2142.90697792,1877.78977998));
#33538=CARTESIAN_POINT('Control Point',(9411.565619719999,-2142.38817299,1877.44912209));
#33539=CARTESIAN_POINT('Control Point',(9411.07863222,-2141.92265468,1877.14849004));
#33540=CARTESIAN_POINT('Control Point',(9410.49527609,-2141.5353478,1876.90429154));
#33541=CARTESIAN_POINT('Control Point',(9409.56834774,-2141.12002833,1876.65245157));
#33542=CARTESIAN_POINT('Control Point',(9408.56908877,-2140.9125516,1876.5444708));
#33543=CARTESIAN_POINT('Control Point',(9408.265547049999,-2140.86948546,1876.52525317));
#33544=CARTESIAN_POINT('Control Point',(9407.96180943,-2140.84579954,1876.51923191));
#33545=CARTESIAN_POINT('Control Point',(9407.65873014,-2140.84112034,1876.52612442));
#33546=CARTESIAN_POINT('Vertex',(9407.65873014,-2140.84112034,1876.52612442));
#33547=VERTEX_POINT('',#33546);
#33548=EDGE_CURVE('',#33534,#33547,#33536,.T.);
#33549=B_SPLINE_CURVE_WITH_KNOTS('',5,(#33550,#33551,#33552,#33553,#33554,#33555),.UNSPECIFIED.,.F.,.U.,(6,6),(0.,1.74427159369),.UNSPECIFIED.);
#33550=CARTESIAN_POINT('Control Point',(9407.65872919,-2140.84111188,1876.52611869));
#33551=CARTESIAN_POINT('Control Point',(9407.457394249999,-2140.8380035,1876.53069737));
#33552=CARTESIAN_POINT('Control Point',(9407.2560593,-2140.83489511,1876.53527605));
#33553=CARTESIAN_POINT('Control Point',(9407.054724239999,-2140.83178673,1876.53985473));
#33554=CARTESIAN_POINT('Control Point',(9406.8533893,-2140.82867834,1876.5444334));
#33555=CARTESIAN_POINT('Control Point',(9406.65205436,-2140.82556996,1876.54901208));
#33556=CARTESIAN_POINT('Vertex',(9406.65205436,-2140.82556996,1876.54901208));
#33557=VERTEX_POINT('',#33556);
#33558=EDGE_CURVE('',#33547,#33557,#33549,.T.);
#33559=CARTESIAN_POINT('Line Origine',(9406.65205436,-2162.62967659,1891.38851907));
#33560=DIRECTION('Vector Direction',(0,0.8267022794630103,-0.562639619233007));
#33561=VECTOR('Line Direction',#33560,1.);
#33562=LINE('Line',#33559,#33561);
#33563=CARTESIAN_POINT('Vertex',(9406.65205436,-2184.43378322,1906.22802605));
#33564=VERTEX_POINT('',#33563);
#33565=EDGE_CURVE('',#33557,#33564,#33562,.F.);
#33566=B_SPLINE_CURVE_WITH_KNOTS('',5,(#33567,#33568,#33569,#33570,#33571,#33572),.UNSPECIFIED.,.F.,.U.,(6,6),(0.,1.73957497081),.UNSPECIFIED.);
#33567=CARTESIAN_POINT('Control Point',(9406.65205436,-2184.43378322,1906.22802605));
#33568=CARTESIAN_POINT('Control Point',(9406.852847279999,-2184.43688338,1906.2234598));
#33569=CARTESIAN_POINT('Control Point',(9407.053640189999,-2184.43998353,1906.21889355));
#33570=CARTESIAN_POINT('Control Point',(9407.25443311,-2184.44308369,1906.21432729));
#33571=CARTESIAN_POINT('Control Point',(9407.455226029999,-2184.44618385,1906.20976104));
#33572=CARTESIAN_POINT('Control Point',(9407.65601895,-2184.44928401,1906.20519479));
#33573=EDGE_CURVE('',#33564,#33455,#33566,.T.);
#33574=B_SPLINE_CURVE_WITH_KNOTS('',5,(#33575,#33576,#33577,#33578,#33579,#33580),.UNSPECIFIED.,.F.,.U.,(6,6),(0.,96.6243438197),.UNSPECIFIED.);
#33575=CARTESIAN_POINT('Control Point',(9412.654381639999,-2188.66326663,1908.90696957));
#33576=CARTESIAN_POINT('Control Point',(9412.646964179999,-2196.65082016,1914.34341032));
#33577=CARTESIAN_POINT('Control Point',(9412.639549919999,-2204.63837409,1919.77985123));
#33578=CARTESIAN_POINT('Control Point',(9412.63213887,-2212.6259284,1925.2162923));
#33579=CARTESIAN_POINT('Control Point',(9412.624731009999,-2220.61348311,1930.65273353));
#33580=CARTESIAN_POINT('Control Point',(9412.617326359999,-2228.60103819,1936.08917492));
#33581=EDGE_CURVE('',#33445,#33482,#33574,.T.);
#33582=EDGE_LOOP('',(#33583,#33584,#33585,#33586,#33587,#33588,#33589,#33590,#33591,#33592,#33593,#33594));
#33583=ORIENTED_EDGE('',*,*,#33485,.T.);
#33584=ORIENTED_EDGE('',*,*,#33495,.F.);
#33585=ORIENTED_EDGE('',*,*,#33505,.F.);
#33586=ORIENTED_EDGE('',*,*,#33515,.T.);
#33587=ORIENTED_EDGE('',*,*,#33525,.T.);
#33588=ORIENTED_EDGE('',*,*,#33535,.T.);
#33589=ORIENTED_EDGE('',*,*,#33548,.T.);
#33590=ORIENTED_EDGE('',*,*,#33558,.T.);
#33591=ORIENTED_EDGE('',*,*,#33565,.T.);
#33592=ORIENTED_EDGE('',*,*,#33573,.T.);
#33593=ORIENTED_EDGE('',*,*,#33456,.T.);
#33594=ORIENTED_EDGE('',*,*,#33581,.T.);
#33595=FACE_OUTER_BOUND('',#33582,.T.);
#33596=ADVANCED_FACE('PartBody',(#33595),#33473,.T.);
#33597=B_SPLINE_CURVE_WITH_KNOTS('',5,(#33598,#33599,#33600,#33601,#33602,#33603),.UNSPECIFIED.,.F.,.U.,(6,6),(7.51837751745,8.93873473905),.UNSPECIFIED.);
#33598=CARTESIAN_POINT('Control Point',(9406.65205436,-2184.43378322,1906.22802605));
#33599=CARTESIAN_POINT('Control Point',(9406.852847279999,-2184.43688338,1906.2234598));
#33600=CARTESIAN_POINT('Control Point',(9407.053640189999,-2184.43998353,1906.21889355));
#33601=CARTESIAN_POINT('Control Point',(9407.25443311,-2184.44308369,1906.21432729));
#33602=CARTESIAN_POINT('Control Point',(9407.455226029999,-2184.44618385,1906.20976104));
#33603=CARTESIAN_POINT('Control Point',(9407.65601895,-2184.44928401,1906.20519479));
#33604=DIRECTION('Vector Direction',(0.02747666488330261,0.5624271919270534,0.8263901540240784));
#33605=VECTOR('Extrusion Surface Vector',#33604,1.);
#33606=SURFACE_OF_LINEAR_EXTRUSION('generated tabulated cylinder',#33597,#33605);
#33607=CARTESIAN_POINT('Line Origine',(9406.622242179999,-2185.04401672,1905.33139273));
#33608=DIRECTION('Vector Direction',(0.02747666488350246,0.5624271919270503,0.8263901540240739));
#33609=VECTOR('Line Direction',#33608,1.);
#33610=LINE('Line',#33607,#33609);
#33611=EDGE_CURVE('',#33350,#33564,#33610,.T.);
#33612=EDGE_LOOP('',(#33613,#33614,#33615,#33616));
#33613=ORIENTED_EDGE('',*,*,#33351,.T.);
#33614=ORIENTED_EDGE('',*,*,#33461,.T.);
#33615=ORIENTED_EDGE('',*,*,#33573,.F.);
#33616=ORIENTED_EDGE('',*,*,#33611,.F.);
#33617=FACE_OUTER_BOUND('',#33612,.T.);
#33618=ADVANCED_FACE('PartBody',(#33617),#33606,.T.);
#33619=B_SPLINE_SURFACE_WITH_KNOTS('',5,1,((#33620,#33621),(#33622,#33623),(#33624,#33625),(#33626,#33627),(#33628,#33629),(#33630,#33631),(#33632,#33633),(#33634,#33635),(#33636,#33637),(#33638,#33639),(#33640,#33641),(#33642,#33643),(#33644,#33645),(#33646,#33647),(#33648,#33649),(#33650,#33651),(#33652,#33653),(#33654,#33655)),.UNSPECIFIED.,.F.,.F.,.U.,(6,3,3,3,3,6),(2,2),(0.,2.33717352234,4.67434704469,7.01152056703,9.34869408937,11.6858676117),(-2.17,1.74653585865E-014),.UNSPECIFIED.);
#33620=CARTESIAN_POINT('Control Point',(9403.51,-2187.3061827,1901.93153095));
#33621=CARTESIAN_POINT('Control Point',(9401.34,-2187.3061827,1901.93153095));
#33622=CARTESIAN_POINT('Control Point',(9403.51,-2187.20058352,1902.09165341));
#33623=CARTESIAN_POINT('Control Point',(9401.34,-2187.12253046,1902.20633899));
#33624=CARTESIAN_POINT('Control Point',(9403.52532608,-2187.09498063,1902.25177338));
#33625=CARTESIAN_POINT('Control Point',(9401.366411949999,-2186.93887449,1902.48114453));
#33626=CARTESIAN_POINT('Control Point',(9403.555979049999,-2186.99027077,1902.41053107));
#33627=CARTESIAN_POINT('Control Point',(9401.41923723,-2186.75677438,1902.75361391));
#33628=CARTESIAN_POINT('Control Point',(9403.647414319999,-2186.78444008,1902.7225884));
#33629=CARTESIAN_POINT('Control Point',(9401.576810679999,-2186.39882135,1903.28918889));
#33630=CARTESIAN_POINT('Control Point',(9403.797049429999,-2186.58920474,1903.0185489));
#33631=CARTESIAN_POINT('Control Point',(9401.834681849999,-2186.05930555,1903.79714474));
#33632=CARTESIAN_POINT('Control Point',(9403.885902489999,-2186.49509084,1903.16120886));
#33633=CARTESIAN_POINT('Control Point',(9401.98780529,-2185.89564371,1904.04199344));
#33634=CARTESIAN_POINT('Control Point',(9404.090161239999,-2186.31547912,1903.43344988));
#33635=CARTESIAN_POINT('Control Point',(9402.3398112,-2185.58330941,1904.5092475));
#33636=CARTESIAN_POINT('Control Point',(9404.343624929999,-2186.15599223,1903.67514908));
#33637=CARTESIAN_POINT('Control Point',(9402.77661363,-2185.30598388,1904.92409035));
#33638=CARTESIAN_POINT('Control Point',(9404.4816839,-2186.08200298,1903.78726749));
#33639=CARTESIAN_POINT('Control Point',(9403.01453525,-2185.1773305,1905.11652832));
#33640=CARTESIAN_POINT('Control Point',(9404.77807713,-2185.94680575,1903.99211298));
#33641=CARTESIAN_POINT('Control Point',(9403.52531958,-2184.94225585,1905.46812651));
#33642=CARTESIAN_POINT('Control Point',(9405.109684719999,-2185.8392321,1904.1550535));
#33643=CARTESIAN_POINT('Control Point',(9404.09679,-2184.75522889,1905.74781003));
#33644=CARTESIAN_POINT('Control Point',(9405.28295934,-2185.79286698,1904.22526606));
#33645=CARTESIAN_POINT('Control Point',(9404.395399929999,-2184.67462417,1905.8683318));
#33646=CARTESIAN_POINT('Control Point',(9405.64146852,-2185.71578028,1904.34196428));
#33647=CARTESIAN_POINT('Control Point',(9405.01323074,-2184.54062322,1906.06865574));
#33648=CARTESIAN_POINT('Control Point',(9406.017633489999,-2185.67101697,1904.40964047));
#33649=CARTESIAN_POINT('Control Point',(9405.661488379999,-2184.46284044,1906.18484836));
#33650=CARTESIAN_POINT('Control Point',(9406.2085642,-2185.65697567,1904.43083034));
#33651=CARTESIAN_POINT('Control Point',(9405.99052564,-2184.43845467,1906.22123765));
#33652=CARTESIAN_POINT('Control Point',(9406.40070769,-2185.65139489,1904.43919071));
#33653=CARTESIAN_POINT('Control Point',(9406.321652929999,-2184.42878317,1906.23560863));
#33654=CARTESIAN_POINT('Control Point',(9406.59242999,-2185.65425023,1904.43475942));
#33655=CARTESIAN_POINT('Control Point',(9406.65205436,-2184.43378322,1906.22802605));
#33656=B_SPLINE_CURVE_WITH_KNOTS('',5,(#33657,#33658,#33659,#33660,#33661,#33662),.UNSPECIFIED.,.F.,.U.,(6,6),(0.,14.3122316253),.UNSPECIFIED.);
#33657=CARTESIAN_POINT('Control Point',(9403.51,-2187.3061827,1901.93153095));
#33658=CARTESIAN_POINT('Control Point',(9403.51,-2186.77818588,1902.73214467));
#33659=CARTESIAN_POINT('Control Point',(9403.89199194,-2186.24953636,1903.53354553));
#33660=CARTESIAN_POINT('Control Point',(9404.66369741,-2185.8359495,1904.16026747));
#33661=CARTESIAN_POINT('Control Point',(9405.633816809999,-2185.63997353,1904.45691589));
#33662=CARTESIAN_POINT('Control Point',(9406.59242999,-2185.65425023,1904.43475942));
#33663=CARTESIAN_POINT('Vertex',(9403.51,-2187.3061827,1901.93153095));
#33664=VERTEX_POINT('',#33663);
#33665=EDGE_CURVE('',#33664,#33350,#33656,.T.);
#33666=B_SPLINE_CURVE_WITH_KNOTS('',5,(#33667,#33668,#33669,#33670,#33671,#33672),.UNSPECIFIED.,.F.,.U.,(6,6),(0.,14.3122316253),.UNSPECIFIED.);
#33667=CARTESIAN_POINT('Control Point',(9401.34,-2187.3061827,1901.93153095));
#33668=CARTESIAN_POINT('Control Point',(9401.34,-2186.38791987,1903.30557354));
#33669=CARTESIAN_POINT('Control Point',(9401.998299449999,-2185.46859005,1904.68101199));
#33670=CARTESIAN_POINT('Control Point',(9403.3282052,-2184.7494404,1905.75670596));
#33671=CARTESIAN_POINT('Control Point',(9405.00004429,-2184.40878294,1906.265939));
#33672=CARTESIAN_POINT('Control Point',(9406.65205436,-2184.43378322,1906.22802605));
#33673=CARTESIAN_POINT('Vertex',(9401.34,-2187.3061827,1901.93153095));
#33674=VERTEX_POINT('',#33673);
#33675=EDGE_CURVE('',#33674,#33564,#33666,.T.);
#33676=B_SPLINE_CURVE_WITH_KNOTS('',1,(#33677,#33678),.UNSPECIFIED.,.F.,.U.,(2,2),(-2.17,1.74305014866E-014),.UNSPECIFIED.);
#33677=CARTESIAN_POINT('Control Point',(9403.51,-2187.3061827,1901.93153095));
#33678=CARTESIAN_POINT('Control Point',(9401.34,-2187.3061827,1901.93153095));
#33679=EDGE_CURVE('',#33674,#33664,#33676,.F.);
#33680=EDGE_LOOP('',(#33681,#33682,#33683,#33684));
#33681=ORIENTED_EDGE('',*,*,#33665,.T.);
#33682=ORIENTED_EDGE('',*,*,#33611,.T.);
#33683=ORIENTED_EDGE('',*,*,#33675,.F.);
#33684=ORIENTED_EDGE('',*,*,#33679,.T.);
#33685=FACE_OUTER_BOUND('',#33680,.T.);
#33686=ADVANCED_FACE('PartBody',(#33685),#33619,.T.);
#33687=CARTESIAN_POINT('Axis2P3D Location',(9406.51,-2193.36826236,1906.05728006));
#33688=DIRECTION('Axis2P3D Direction',(0,0.8267022794630103,-0.562639619233007));
#33689=DIRECTION('Axis2P3D XDirection',(-1,0,0));
#33690=AXIS2_PLACEMENT_3D('Cylinder Axis2P3D',#33687,#33688,#33689);
#33691=CYLINDRICAL_SURFACE('generated cylinder',#33690,5.17);
#33692=B_SPLINE_CURVE_WITH_KNOTS('',5,(#33693,#33694,#33695,#33696,#33697,#33698),.UNSPECIFIED.,.F.,.U.,(6,6),(0.,14.3121201971),.UNSPECIFIED.);
#33693=CARTESIAN_POINT('Control Point',(9401.34,-2143.70834283,1872.25957693));
#33694=CARTESIAN_POINT('Control Point',(9401.34,-2142.78695649,1873.63151146));
#33695=CARTESIAN_POINT('Control Point',(9401.99828487,-2141.8644374,1875.00474282));
#33696=CARTESIAN_POINT('Control Point',(9403.328257789999,-2141.1426566,1876.07871618));
#33697=CARTESIAN_POINT('Control Point',(9405.000057219999,-2140.80068048,1876.58700001));
#33698=CARTESIAN_POINT('Control Point',(9406.65205436,-2140.82556996,1876.54901208));
#33699=CARTESIAN_POINT('Vertex',(9401.34,-2143.70834283,1872.25957693));
#33700=VERTEX_POINT('',#33699);
#33701=EDGE_CURVE('',#33700,#33557,#33692,.T.);
#33702=CARTESIAN_POINT('Line Origine',(9401.34,-2193.36826236,1906.05728006));
#33703=DIRECTION('Vector Direction',(0,0.8267022794630103,-0.562639619233007));
#33704=VECTOR('Line Direction',#33703,1.);
#33705=LINE('Line',#33702,#33704);
#33706=EDGE_CURVE('',#33700,#33674,#33705,.F.);
#33707=EDGE_LOOP('',(#33708,#33709,#33710,#33711));
#33708=ORIENTED_EDGE('',*,*,#33565,.F.);
#33709=ORIENTED_EDGE('',*,*,#33701,.F.);
#33710=ORIENTED_EDGE('',*,*,#33706,.T.);
#33711=ORIENTED_EDGE('',*,*,#33675,.T.);
#33712=FACE_OUTER_BOUND('',#33707,.T.);
#33713=ADVANCED_FACE('PartBody',(#33712),#33691,.T.);
#33714=B_SPLINE_SURFACE_WITH_KNOTS('',5,1,((#33715,#33716),(#33717,#33718),(#33719,#33720),(#33721,#33722),(#33723,#33724),(#33725,#33726),(#33727,#33728),(#33729,#33730),(#33731,#33732),(#33733,#33734),(#33735,#33736),(#33737,#33738),(#33739,#33740),(#33741,#33742),(#33743,#33744),(#33745,#33746),(#33747,#33748),(#33749,#33750)),.UNSPECIFIED.,.F.,.F.,.U.,(6,3,3,3,3,6),(2,2),(0.,2.33715406343,4.67430812686,7.01146219028,9.34861625371,11.6857703171),(-2.17,4.76959515714E-014),.UNSPECIFIED.);
#33715=CARTESIAN_POINT('Control Point',(9403.51,-2143.70834283,1872.25957693));
#33716=CARTESIAN_POINT('Control Point',(9401.34,-2143.70834283,1872.25957693));
#33717=CARTESIAN_POINT('Control Point',(9403.51,-2143.6021197,1872.41927668));
#33718=CARTESIAN_POINT('Control Point',(9401.34,-2143.52406598,1872.53396321));
#33719=CARTESIAN_POINT('Control Point',(9403.525326339999,-2143.49588972,1872.5789718));
#33720=CARTESIAN_POINT('Control Point',(9401.36641239,-2143.33978227,1872.80834487));
#33721=CARTESIAN_POINT('Control Point',(9403.555979819999,-2143.39055498,1872.73730603));
#33722=CARTESIAN_POINT('Control Point',(9401.41923856,-2143.15705667,1873.08039169));
#33723=CARTESIAN_POINT('Control Point',(9403.64741654,-2143.18348976,1873.04852638));
#33724=CARTESIAN_POINT('Control Point',(9401.5768145,-2142.79786803,1873.61513128));
#33725=CARTESIAN_POINT('Control Point',(9403.797053659999,-2142.98707112,1873.3436836));
#33726=CARTESIAN_POINT('Control Point',(9401.83468914,-2142.45716824,1874.12228487));
#33727=CARTESIAN_POINT('Control Point',(9403.8859078,-2142.89238355,1873.4859538));
#33728=CARTESIAN_POINT('Control Point',(9401.987814439999,-2142.29293251,1874.36674414));
#33729=CARTESIAN_POINT('Control Point',(9404.090168639999,-2142.7116703,1873.7574457));
#33730=CARTESIAN_POINT('Control Point',(9402.33982395,-2141.97949649,1874.83324935));
#33731=CARTESIAN_POINT('Control Point',(9404.34363395,-2142.55119127,1873.99846881));
#33732=CARTESIAN_POINT('Control Point',(9402.77662918,-2141.7011791,1875.24741569));
#33733=CARTESIAN_POINT('Control Point',(9404.48169353,-2142.47673774,1874.1102705));
#33734=CARTESIAN_POINT('Control Point',(9403.01455184,-2141.57206169,1875.43953656));
#33735=CARTESIAN_POINT('Control Point',(9404.778087429999,-2142.34068348,1874.31453071));
#33736=CARTESIAN_POINT('Control Point',(9403.52533733,-2141.33613067,1875.79054851));
#33737=CARTESIAN_POINT('Control Point',(9405.109694499999,-2142.23240886,1874.47699166));
#33738=CARTESIAN_POINT('Control Point',(9404.096806849999,-2141.14840359,1876.06975122));
#33739=CARTESIAN_POINT('Control Point',(9405.28296855,-2142.18573554,1874.54699319));
#33740=CARTESIAN_POINT('Control Point',(9404.3954158,-2141.06749111,1876.19006132));
#33741=CARTESIAN_POINT('Control Point',(9405.641475979999,-2142.10812223,1874.66333062));
#33742=CARTESIAN_POINT('Control Point',(9405.0132436,-2140.93296434,1876.39002329));
#33743=CARTESIAN_POINT('Control Point',(9406.01763824,-2142.06301911,1874.73077387));
#33744=CARTESIAN_POINT('Control Point',(9405.661496569999,-2140.85484232,1876.50598214));
#33745=CARTESIAN_POINT('Control Point',(9406.208567419999,-2142.04885643,1874.75188055));
#33746=CARTESIAN_POINT('Control Point',(9405.99053119,-2140.83033536,1876.54228796));
#33747=CARTESIAN_POINT('Control Point',(9406.4007093,-2142.04320378,1874.76019175));
#33748=CARTESIAN_POINT('Control Point',(9406.321655689999,-2140.82059208,1876.55660965));
#33749=CARTESIAN_POINT('Control Point',(9406.59242999,-2142.04603697,1874.75574545));
#33750=CARTESIAN_POINT('Control Point',(9406.65205436,-2140.82556996,1876.54901208));
#33751=B_SPLINE_CURVE_WITH_KNOTS('',1,(#33752,#33753),.UNSPECIFIED.,.F.,.U.,(2,2),(-2.17,1.74712550083E-014),.UNSPECIFIED.);
#33752=CARTESIAN_POINT('Control Point',(9403.51,-2143.70834283,1872.25957693));
#33753=CARTESIAN_POINT('Control Point',(9401.34,-2143.70834283,1872.25957693));
#33754=CARTESIAN_POINT('Vertex',(9403.51,-2143.70834283,1872.25957693));
#33755=VERTEX_POINT('',#33754);
#33756=EDGE_CURVE('',#33755,#33700,#33751,.T.);
#33757=B_SPLINE_CURVE_WITH_KNOTS('',1,(#33758,#33759),.UNSPECIFIED.,.F.,.U.,(2,2),(-2.17,4.76959515714E-014),.UNSPECIFIED.);
#33758=CARTESIAN_POINT('Control Point',(9406.59242999,-2142.04603697,1874.75574545));
#33759=CARTESIAN_POINT('Control Point',(9406.65205436,-2140.82556996,1876.54901208));
#33760=EDGE_CURVE('',#33357,#33557,#33757,.T.);
#33761=B_SPLINE_CURVE_WITH_KNOTS('',5,(#33762,#33763,#33764,#33765,#33766,#33767),.UNSPECIFIED.,.F.,.U.,(6,6),(0.,14.3121201971),.UNSPECIFIED.);
#33762=CARTESIAN_POINT('Control Point',(9403.51,-2143.70834283,1872.25957693));
#33763=CARTESIAN_POINT('Control Point',(9403.51,-2143.17722596,1873.0580775));
#33764=CARTESIAN_POINT('Control Point',(9403.892000129999,-2142.6453741,1873.85731092));
#33765=CARTESIAN_POINT('Control Point',(9404.66371458,-2142.22919708,1874.48225483));
#33766=CARTESIAN_POINT('Control Point',(9405.633824299999,-2142.03187099,1874.77797702));
#33767=CARTESIAN_POINT('Control Point',(9406.59242999,-2142.04603697,1874.75574545));
#33768=EDGE_CURVE('',#33755,#33357,#33761,.T.);
#33769=EDGE_LOOP('',(#33770,#33771,#33772,#33773));
#33770=ORIENTED_EDGE('',*,*,#33756,.T.);
#33771=ORIENTED_EDGE('',*,*,#33701,.T.);
#33772=ORIENTED_EDGE('',*,*,#33760,.F.);
#33773=ORIENTED_EDGE('',*,*,#33768,.F.);
#33774=FACE_OUTER_BOUND('',#33769,.T.);
#33775=ADVANCED_FACE('PartBody',(#33774),#33714,.F.);
#33776=B_SPLINE_CURVE_WITH_KNOTS('',5,(#33777,#33778,#33779,#33780,#33781,#33782),.UNSPECIFIED.,.F.,.U.,(6,6),(7.52059650243,8.94478873783),.UNSPECIFIED.);
#33777=CARTESIAN_POINT('Control Point',(9406.65205436,-2140.82556996,1876.54901208));
#33778=CARTESIAN_POINT('Control Point',(9406.853389279999,-2140.82867834,1876.5444334));
#33779=CARTESIAN_POINT('Control Point',(9407.05472421,-2140.83178673,1876.53985473));
#33780=CARTESIAN_POINT('Control Point',(9407.25605914,-2140.83489511,1876.53527605));
#33781=CARTESIAN_POINT('Control Point',(9407.457394069999,-2140.83800349,1876.53069737));
#33782=CARTESIAN_POINT('Control Point',(9407.658728999999,-2140.84111188,1876.5261187));
#33783=DIRECTION('Vector Direction',(0.02747666488330261,0.5624271919270534,0.8263901540240784));
#33784=VECTOR('Extrusion Surface Vector',#33783,1.);
#33785=SURFACE_OF_LINEAR_EXTRUSION('generated tabulated cylinder',#33776,#33784);
#33786=CARTESIAN_POINT('Line Origine',(9407.628916809999,-2141.45134538,1875.62948538));
#33787=DIRECTION('Vector Direction',(0.02747666488350246,0.5624271919270503,0.8263901540240739));
#33788=VECTOR('Line Direction',#33787,1.);
#33789=LINE('Line',#33786,#33788);
#33790=EDGE_CURVE('',#33365,#33547,#33789,.T.);
#33791=EDGE_LOOP('',(#33792,#33793,#33794,#33795));
#33792=ORIENTED_EDGE('',*,*,#33366,.T.);
#33793=ORIENTED_EDGE('',*,*,#33760,.T.);
#33794=ORIENTED_EDGE('',*,*,#33558,.F.);
#33795=ORIENTED_EDGE('',*,*,#33790,.F.);
#33796=FACE_OUTER_BOUND('',#33791,.T.);
#33797=ADVANCED_FACE('PartBody',(#33796),#33785,.F.);
#33798=B_SPLINE_CURVE_WITH_KNOTS('',5,(#33799,#33800,#33801,#33802,#33803,#33804,#33805,#33806,#33807),.UNSPECIFIED.,.F.,.U.,(6,3,6),(0.,5.31190564852,8.8158553581),.UNSPECIFIED.);
#33799=CARTESIAN_POINT('Control Point',(9411.93952489,-2142.90697792,1877.78977998));
#33800=CARTESIAN_POINT('Control Point',(9411.617945329999,-2142.46077638,1877.49679495));
#33801=CARTESIAN_POINT('Control Point',(9411.21253719,-2142.05373838,1877.23325118));
#33802=CARTESIAN_POINT('Control Point',(9410.733944629999,-2141.70207749,1877.00982945));
#33803=CARTESIAN_POINT('Control Point',(9409.848061459999,-2141.23050525,1876.71834009));
#33804=CARTESIAN_POINT('Control Point',(9408.86539787,-2140.96076228,1876.56743018));
#33805=CARTESIAN_POINT('Control Point',(9408.465225829999,-2140.88707148,1876.5305828));
#33806=CARTESIAN_POINT('Control Point',(9408.061206,-2140.84733411,1876.51697148));
#33807=CARTESIAN_POINT('Control Point',(9407.65873014,-2140.84112034,1876.52612442));
#33808=DIRECTION('Vector Direction',(0.02747666488330261,0.5624271919270534,0.8263901540240784));
#33809=VECTOR('Extrusion Surface Vector',#33808,1.);
#33810=SURFACE_OF_LINEAR_EXTRUSION('generated tabulated cylinder',#33798,#33809);
#33811=CARTESIAN_POINT('Line Origine',(9411.909712709999,-2143.51721143,1876.89314667));
#33812=DIRECTION('Vector Direction',(0.02747666488350246,0.5624271919270503,0.8263901540240739));
#33813=VECTOR('Line Direction',#33812,1.);
#33814=LINE('Line',#33811,#33813);
#33815=EDGE_CURVE('',#33374,#33534,#33814,.T.);
#33816=EDGE_LOOP('',(#33817,#33818,#33819,#33820));
#33817=ORIENTED_EDGE('',*,*,#33375,.T.);
#33818=ORIENTED_EDGE('',*,*,#33790,.T.);
#33819=ORIENTED_EDGE('',*,*,#33548,.F.);
#33820=ORIENTED_EDGE('',*,*,#33815,.F.);
#33821=FACE_OUTER_BOUND('',#33816,.T.);
#33822=ADVANCED_FACE('PartBody',(#33821),#33810,.T.);
#33823=B_SPLINE_CURVE_WITH_KNOTS('',5,(#33824,#33825,#33826,#33827,#33828,#33829),.UNSPECIFIED.,.F.,.U.,(6,6),(0.,215.885801521),.UNSPECIFIED.);
#33824=CARTESIAN_POINT('Control Point',(9477.30247629,-2233.59159033,1937.33494247));
#33825=CARTESIAN_POINT('Control Point',(9464.228213319999,-2215.45234826,1925.42438691));
#33826=CARTESIAN_POINT('Control Point',(9451.15477126,-2197.3142455,1913.51457946));
#33827=CARTESIAN_POINT('Control Point',(9438.082159739999,-2179.17727182,1901.60551282));
#33828=CARTESIAN_POINT('Control Point',(9425.01044729,-2161.04149826,1889.69723307));
#33829=CARTESIAN_POINT('Control Point',(9411.93964701,-2142.90691894,1877.78973578));
#33830=DIRECTION('Vector Direction',(0.02747666488330261,0.5624271919270534,0.8263901540240784));
#33831=VECTOR('Extrusion Surface Vector',#33830,1.);
#33832=SURFACE_OF_LINEAR_EXTRUSION('generated tabulated cylinder',#33823,#33831);
#33833=CARTESIAN_POINT('Line Origine',(9477.272664099999,-2234.20182384,1936.43830915));
#33834=DIRECTION('Vector Direction',(0.02747666488350246,0.5624271919270503,0.8263901540240739));
#33835=VECTOR('Line Direction',#33834,1.);
#33836=LINE('Line',#33833,#33835);
#33837=EDGE_CURVE('',#33382,#33524,#33836,.T.);
#33838=EDGE_LOOP('',(#33839,#33840,#33841,#33842));
#33839=ORIENTED_EDGE('',*,*,#33383,.T.);
#33840=ORIENTED_EDGE('',*,*,#33815,.T.);
#33841=ORIENTED_EDGE('',*,*,#33535,.F.);
#33842=ORIENTED_EDGE('',*,*,#33837,.F.);
#33843=FACE_OUTER_BOUND('',#33838,.T.);
#33844=ADVANCED_FACE('PartBody',(#33843),#33832,.T.);
#33845=B_SPLINE_CURVE_WITH_KNOTS('',5,(#33846,#33847,#33848,#33849,#33850,#33851,#33852,#33853,#33854),.UNSPECIFIED.,.F.,.U.,(6,3,6),(0.,5.05796936226,5.62247604249),.UNSPECIFIED.);
#33846=CARTESIAN_POINT('Control Point',(9477.98911767,-2236.19556546,1939.08433384));
#33847=CARTESIAN_POINT('Control Point',(9478.0537198,-2235.71877709,1938.75769177));
#33848=CARTESIAN_POINT('Control Point',(9478.034690499999,-2235.23030326,1938.42587742));
#33849=CARTESIAN_POINT('Control Point',(9477.92835676,-2234.74321609,1938.09790961));
#33850=CARTESIAN_POINT('Control Point',(9477.71396951,-2234.22016401,1937.74905736));
#33851=CARTESIAN_POINT('Control Point',(9477.402183149999,-2233.73518526,1937.4293556));
#33852=CARTESIAN_POINT('Control Point',(9477.369897639999,-2233.68688072,1937.39755381));
#33853=CARTESIAN_POINT('Control Point',(9477.33666227,-2233.63901401,1937.36608157));
#33854=CARTESIAN_POINT('Control Point',(9477.30247936,-2233.59158885,1937.33494136));
#33855=DIRECTION('Vector Direction',(0.02747666488330261,0.5624271919270534,0.8263901540240784));
#33856=VECTOR('Extrusion Surface Vector',#33855,1.);
#33857=SURFACE_OF_LINEAR_EXTRUSION('generated tabulated cylinder',#33845,#33856);
#33858=CARTESIAN_POINT('Line Origine',(9477.95930549,-2236.80579897,1938.18770052));
#33859=DIRECTION('Vector Direction',(0.02747666488350246,0.5624271919270503,0.8263901540240739));
#33860=VECTOR('Line Direction',#33859,1.);
#33861=LINE('Line',#33858,#33860);
#33862=EDGE_CURVE('',#33391,#33514,#33861,.T.);
#33863=EDGE_LOOP('',(#33864,#33865,#33866,#33867));
#33864=ORIENTED_EDGE('',*,*,#33392,.T.);
#33865=ORIENTED_EDGE('',*,*,#33837,.T.);
#33866=ORIENTED_EDGE('',*,*,#33525,.F.);
#33867=ORIENTED_EDGE('',*,*,#33862,.F.);
#33868=FACE_OUTER_BOUND('',#33863,.T.);
#33869=ADVANCED_FACE('PartBody',(#33868),#33857,.T.);
#33870=B_SPLINE_CURVE_WITH_KNOTS('',5,(#33871,#33872,#33873,#33874,#33875,#33876),.UNSPECIFIED.,.F.,.U.,(6,6),(7.34072603683,8.7565275082),.UNSPECIFIED.);
#33871=CARTESIAN_POINT('Control Point',(9477.87791141,-2237.01635081,1939.64664399));
#33872=CARTESIAN_POINT('Control Point',(9477.90015374,-2236.85219396,1939.53418208));
#33873=CARTESIAN_POINT('Control Point',(9477.922396059999,-2236.6880371,1939.42172016));
#33874=CARTESIAN_POINT('Control Point',(9477.94463838,-2236.52388025,1939.30925824));
#33875=CARTESIAN_POINT('Control Point',(9477.966880709999,-2236.3597234,1939.19679632));
#33876=CARTESIAN_POINT('Control Point',(9477.98912303,-2236.19556655,1939.0843344));
#33877=DIRECTION('Vector Direction',(0.02747666488330261,0.5624271919270534,0.8263901540240784));
#33878=VECTOR('Extrusion Surface Vector',#33877,1.);
#33879=SURFACE_OF_LINEAR_EXTRUSION('generated tabulated cylinder',#33870,#33878);
#33880=CARTESIAN_POINT('Line Origine',(9477.848099229999,-2237.62658431,1938.75001068));
#33881=DIRECTION('Vector Direction',(0.02747666488350246,0.5624271919270503,0.8263901540240739));
#33882=VECTOR('Line Direction',#33881,1.);
#33883=LINE('Line',#33880,#33882);
#33884=EDGE_CURVE('',#33504,#33295,#33883,.F.);
#33885=EDGE_LOOP('',(#33886,#33887,#33888,#33889));
#33886=ORIENTED_EDGE('',*,*,#33396,.T.);
#33887=ORIENTED_EDGE('',*,*,#33862,.T.);
#33888=ORIENTED_EDGE('',*,*,#33515,.F.);
#33889=ORIENTED_EDGE('',*,*,#33884,.T.);
#33890=FACE_OUTER_BOUND('',#33885,.T.);
#33891=ADVANCED_FACE('PartBody',(#33890),#33879,.T.);
#33892=B_SPLINE_SURFACE_WITH_KNOTS('',5,1,((#33893,#33894),(#33895,#33896),(#33897,#33898),(#33899,#33900),(#33901,#33902),(#33903,#33904),(#33905,#33906),(#33907,#33908),(#33909,#33910),(#33911,#33912),(#33913,#33914),(#33915,#33916),(#33917,#33918),(#33919,#33920),(#33921,#33922)),.UNSPECIFIED.,.F.,.F.,.U.,(6,3,3,3,6),(2,2),(0.,2.89437050769,5.78874101538,8.68311152308,9.64790169231),(-7.50655217022E-009,2.17000000752),.UNSPECIFIED.);
#33893=CARTESIAN_POINT('Control Point',(9477.87791141,-2237.0163508,1939.646644));
#33894=CARTESIAN_POINT('Control Point',(9477.81828705,-2238.23681782,1937.85337735));
#33895=CARTESIAN_POINT('Control Point',(9477.823617669999,-2237.41705928,1939.92116464));
#33896=CARTESIAN_POINT('Control Point',(9477.786796659999,-2238.46933883,1938.01267425));
#33897=CARTESIAN_POINT('Control Point',(9477.76774463,-2237.85025183,1940.14795702));
#33898=CARTESIAN_POINT('Control Point',(9477.75439306,-2238.72070974,1938.14427597));
#33899=CARTESIAN_POINT('Control Point',(9477.711294429999,-2238.30854259,1940.3219262));
#33900=CARTESIAN_POINT('Control Point',(9477.72165747,-2238.98664473,1938.24522604));
#33901=CARTESIAN_POINT('Control Point',(9477.599414389999,-2239.25766626,1940.55751451));
#33902=CARTESIAN_POINT('Control Point',(9477.65678343,-2239.53739852,1938.38193293));
#33903=CARTESIAN_POINT('Control Point',(9477.49359468,-2240.23623861,1940.56404566));
#33904=CARTESIAN_POINT('Control Point',(9477.59543426,-2240.1052414,1938.38572498));
#33905=CARTESIAN_POINT('Control Point',(9477.44320569,-2240.72399109,1940.50890117));
#33906=CARTESIAN_POINT('Control Point',(9477.56622404,-2240.38827306,1938.35372741));
#33907=CARTESIAN_POINT('Control Point',(9477.349410889999,-2241.67763829,1940.28391042));
#33908=CARTESIAN_POINT('Control Point',(9477.511857809999,-2240.94165317,1938.22317427));
#33909=CARTESIAN_POINT('Control Point',(9477.27272486,-2242.55378645,1939.84195804));
#33910=CARTESIAN_POINT('Control Point',(9477.46742116,-2241.45006305,1937.96672471));
#33911=CARTESIAN_POINT('Control Point',(9477.239447849999,-2242.96403196,1939.56979367));
#33912=CARTESIAN_POINT('Control Point',(9477.44814239,-2241.68811988,1937.80879692));
#33913=CARTESIAN_POINT('Control Point',(9477.20268839,-2243.46338217,1939.14564041));
#33914=CARTESIAN_POINT('Control Point',(9477.426852229999,-2241.97788257,1937.5626748));
#33915=CARTESIAN_POINT('Control Point',(9477.17677543,-2243.88831089,1938.65158538));
#33916=CARTESIAN_POINT('Control Point',(9477.4118538,-2242.22446041,1937.27599063));
#33917=CARTESIAN_POINT('Control Point',(9477.170989819999,-2243.98966357,1938.52394785));
#33918=CARTESIAN_POINT('Control Point',(9477.40850594,-2242.28327342,1937.20192667));
#33919=CARTESIAN_POINT('Control Point',(9477.165908929999,-2244.08592513,1938.39245287));
#33920=CARTESIAN_POINT('Control Point',(9477.40556684,-2242.33913218,1937.12562435));
#33921=CARTESIAN_POINT('Control Point',(9477.16154177,-2244.17690797,1938.25737917));
#33922=CARTESIAN_POINT('Control Point',(9477.403041699999,-2242.39192784,1937.04724539));
#33923=B_SPLINE_CURVE_WITH_KNOTS('',5,(#33924,#33925,#33926,#33927,#33928,#33929),.UNSPECIFIED.,.F.,.U.,(6,6),(0.,10.9458169783),.UNSPECIFIED.);
#33924=CARTESIAN_POINT('Control Point',(9477.16154177,-2244.17690796,1938.25737917));
#33925=CARTESIAN_POINT('Control Point',(9477.205213699999,-2243.26707375,1939.60812466));
#33926=CARTESIAN_POINT('Control Point',(9477.32010266,-2241.82992143,1940.60335518));
#33927=CARTESIAN_POINT('Control Point',(9477.49826138,-2240.04908875,1940.94892916));
#33928=CARTESIAN_POINT('Control Point',(9477.69693113,-2238.35205423,1940.56171861));
#33929=CARTESIAN_POINT('Control Point',(9477.87791141,-2237.01635081,1939.64664399));
#33930=CARTESIAN_POINT('Vertex',(9477.161541759999,-2244.17690796,1938.25737917));
#33931=VERTEX_POINT('',#33930);
#33932=EDGE_CURVE('',#33931,#33504,#33923,.T.);
#33933=B_SPLINE_CURVE_WITH_KNOTS('',1,(#33934,#33935),.UNSPECIFIED.,.F.,.U.,(2,2),(-7.50655226867E-009,2.16999999249),.UNSPECIFIED.);
#33934=CARTESIAN_POINT('Control Point',(9477.16154177,-2244.17690797,1938.25737917));
#33935=CARTESIAN_POINT('Control Point',(9477.403041699999,-2242.39192785,1937.0472454));
#33936=EDGE_CURVE('',#33094,#33931,#33933,.F.);
#33937=EDGE_LOOP('',(#33938,#33939,#33940,#33941));
#33938=ORIENTED_EDGE('',*,*,#33304,.T.);
#33939=ORIENTED_EDGE('',*,*,#33884,.F.);
#33940=ORIENTED_EDGE('',*,*,#33932,.F.);
#33941=ORIENTED_EDGE('',*,*,#33936,.F.);
#33942=FACE_OUTER_BOUND('',#33937,.T.);
#33943=ADVANCED_FACE('PartBody',(#33942),#33892,.T.);
#33944=B_SPLINE_SURFACE_WITH_KNOTS('',5,1,((#33945,#33946),(#33947,#33948),(#33949,#33950),(#33951,#33952),(#33953,#33954),(#33955,#33956)),.UNSPECIFIED.,.F.,.F.,.U.,(6,6),(2,2),(0.,12.4619990197),(-2.17,7.50655217023E-009),.UNSPECIFIED.);
#33945=CARTESIAN_POINT('Control Point',(9477.403041699999,-2242.39192785,1937.04724539));
#33946=CARTESIAN_POINT('Control Point',(9477.16154177,-2244.17690797,1938.25737917));
#33947=CARTESIAN_POINT('Control Point',(9477.354873009999,-2243.39658543,1935.55573547));
#33948=CARTESIAN_POINT('Control Point',(9477.113284249999,-2245.1822761,1936.76480344));
#33949=CARTESIAN_POINT('Control Point',(9477.306857600001,-2244.400041,1934.0636453));
#33950=CARTESIAN_POINT('Control Point',(9477.06518001,-2246.18644116,1935.27164734));
#33951=CARTESIAN_POINT('Control Point',(9477.258995419999,-2245.40229511,1932.57097599));
#33952=CARTESIAN_POINT('Control Point',(9477.017228999999,-2247.18940368,1933.77791197));
#33953=CARTESIAN_POINT('Control Point',(9477.211286419999,-2246.40334828,1931.07772861));
#33954=CARTESIAN_POINT('Control Point',(9476.96943117,-2248.19116421,1932.2835984));
#33955=CARTESIAN_POINT('Control Point',(9477.16373056,-2247.40320104,1929.58390426));
#33956=CARTESIAN_POINT('Control Point',(9476.921786479999,-2249.19172326,1930.78870772));
#33957=B_SPLINE_CURVE_WITH_KNOTS('',3,(#33958,#33959,#33960,#33961),.UNSPECIFIED.,.F.,.U.,(4,4),(0.,15.1531011026),.UNSPECIFIED.);
#33958=CARTESIAN_POINT('Control Point',(9476.921786479999,-2249.19172326,1930.78870771));
#33959=CARTESIAN_POINT('Control Point',(9477.001188279999,-2247.52425125,1933.2800033));
#33960=CARTESIAN_POINT('Control Point',(9477.081106449999,-2245.8526491,1935.76956355));
#33961=CARTESIAN_POINT('Control Point',(9477.16154177,-2244.17690797,1938.25737917));
#33962=CARTESIAN_POINT('Vertex',(9476.921786479999,-2249.19172326,1930.78870771));
#33963=VERTEX_POINT('',#33962);
#33964=EDGE_CURVE('',#33963,#33931,#33957,.T.);
#33965=B_SPLINE_CURVE_WITH_KNOTS('',1,(#33966,#33967),.UNSPECIFIED.,.F.,.U.,(2,2),(-2.17,1.39033978591E-013),.UNSPECIFIED.);
#33966=CARTESIAN_POINT('Control Point',(9477.16373056,-2247.40320104,1929.58390426));
#33967=CARTESIAN_POINT('Control Point',(9476.921786479999,-2249.19172326,1930.78870771));
#33968=EDGE_CURVE('',#33102,#33963,#33965,.T.);
#33969=EDGE_LOOP('',(#33970,#33971,#33972,#33973));
#33970=ORIENTED_EDGE('',*,*,#33103,.T.);
#33971=ORIENTED_EDGE('',*,*,#33936,.T.);
#33972=ORIENTED_EDGE('',*,*,#33964,.F.);
#33973=ORIENTED_EDGE('',*,*,#33968,.F.);
#33974=FACE_OUTER_BOUND('',#33969,.T.);
#33975=ADVANCED_FACE('PartBody',(#33974),#33944,.F.);
#33976=B_SPLINE_SURFACE_WITH_KNOTS('',5,1,((#33977,#33978),(#33979,#33980),(#33981,#33982),(#33983,#33984),(#33985,#33986),(#33987,#33988),(#33989,#33990),(#33991,#33992),(#33993,#33994),(#33995,#33996),(#33997,#33998),(#33999,#34000),(#34001,#34002),(#34003,#34004),(#34005,#34006)),.UNSPECIFIED.,.F.,.F.,.U.,(6,3,3,3,6),(2,2),(0.,5.97002413497,11.9447791756,15.927352266,19.9132941006),(-2.17,1.39033978591E-013),.UNSPECIFIED.);
#33977=CARTESIAN_POINT('Control Point',(9463.909219699999,-2253.20355783,1918.25160297));
#33978=CARTESIAN_POINT('Control Point',(9463.66555598,-2254.99727025,1919.44831669));
#33979=CARTESIAN_POINT('Control Point',(9465.09561919,-2253.33250334,1918.29989467));
#33980=CARTESIAN_POINT('Control Point',(9464.852054589999,-2255.12620588,1919.49664339));
#33981=CARTESIAN_POINT('Control Point',(9466.286904479999,-2253.38581338,1918.46242527));
#33982=CARTESIAN_POINT('Control Point',(9466.043445879999,-2255.1794526,1919.65929047));
#33983=CARTESIAN_POINT('Control Point',(9467.468577829999,-2253.36129007,1918.73951637));
#33984=CARTESIAN_POINT('Control Point',(9467.225230919999,-2255.15481223,1919.93657973));
#33985=CARTESIAN_POINT('Control Point',(9469.76009224,-2253.15240982,1919.51810042));
#33986=CARTESIAN_POINT('Control Point',(9469.5169756,-2254.9455919,1920.71572006));
#33987=CARTESIAN_POINT('Control Point',(9471.83565094,-2252.63379459,1920.71514375));
#33988=CARTESIAN_POINT('Control Point',(9471.59277073,-2254.42643767,1921.91361796));
#33989=CARTESIAN_POINT('Control Point',(9472.79689922,-2252.29789139,1921.41224724));
#33990=CARTESIAN_POINT('Control Point',(9472.5541366,-2254.09021772,1922.61121899));
#33991=CARTESIAN_POINT('Control Point',(9474.23943288,-2251.62287616,1922.71280689));
#33992=CARTESIAN_POINT('Control Point',(9473.99686114,-2253.41460722,1923.91270677));
#33993=CARTESIAN_POINT('Control Point',(9475.37710188,-2250.76926797,1924.21608391));
#33994=CARTESIAN_POINT('Control Point',(9475.1347078,-2252.56030408,1925.41705651));
#33995=CARTESIAN_POINT('Control Point',(9475.77720065,-2250.40283352,1924.84316274));
#33996=CARTESIAN_POINT('Control Point',(9475.53487464,-2252.19357873,1926.0445828));
#33997=CARTESIAN_POINT('Control Point',(9476.46377676,-2249.61911635,1926.14925738));
#33998=CARTESIAN_POINT('Control Point',(9476.22158064,-2251.40925359,1927.35160947));
#33999=CARTESIAN_POINT('Control Point',(9476.899174329999,-2248.76469135,1927.50811056));
#34000=CARTESIAN_POINT('Control Point',(9476.65709074,-2250.55419202,1928.71143239));
#34001=CARTESIAN_POINT('Control Point',(9477.05368961,-2248.32057111,1928.1994662));
#34002=CARTESIAN_POINT('Control Point',(9476.81165786,-2250.1097469,1929.40328145));
#34003=CARTESIAN_POINT('Control Point',(9477.14174716,-2247.8653978,1928.89336182));
#34004=CARTESIAN_POINT('Control Point',(9476.89976201,-2249.65424651,1930.09767234));
#34005=CARTESIAN_POINT('Control Point',(9477.16373056,-2247.40320104,1929.58390426));
#34006=CARTESIAN_POINT('Control Point',(9476.921786479999,-2249.19172326,1930.78870771));
#34007=B_SPLINE_CURVE_WITH_KNOTS('',5,(#34008,#34009,#34010,#34011,#34012,#34013,#34014,#34015,#34016,#34017,#34018,#34019,#34020,#34021,#34022),.UNSPECIFIED.,.F.,.U.,(6,3,3,3,6),(0.,7.49736623268,14.9073957647,22.1982188164,28.1791255487),.UNSPECIFIED.);
#34008=CARTESIAN_POINT('Control Point',(9463.66555598,-2254.99727025,1919.44831669));
#34009=CARTESIAN_POINT('Control Point',(9464.719178089999,-2255.11176632,1919.49123126));
#34010=CARTESIAN_POINT('Control Point',(9465.776658369999,-2255.16657707,1919.62429442));
#34011=CARTESIAN_POINT('Control Point',(9466.82713399,-2255.16008714,1919.84770089));
#34012=CARTESIAN_POINT('Control Point',(9468.866820359999,-2255.02306927,1920.46757795));
#34013=CARTESIAN_POINT('Control Point',(9470.758208109999,-2254.64318493,1921.42005535));
#34014=CARTESIAN_POINT('Control Point',(9471.64540499,-2254.39615469,1921.96954297));
#34015=CARTESIAN_POINT('Control Point',(9473.284072889999,-2253.79173903,1923.2051761));
#34016=CARTESIAN_POINT('Control Point',(9474.623023529999,-2252.98118739,1924.68600669));
#34017=CARTESIAN_POINT('Control Point',(9475.202577209999,-2252.5326199,1925.4722372));
#34018=CARTESIAN_POINT('Control Point',(9476.086461539999,-2251.63662582,1926.98599194));
#34019=CARTESIAN_POINT('Control Point',(9476.62833485,-2250.6354759,1928.58479882));
#34020=CARTESIAN_POINT('Control Point',(9476.80066071,-2250.16530448,1929.31853396));
#34021=CARTESIAN_POINT('Control Point',(9476.898418209999,-2249.68246686,1930.05550957));
#34022=CARTESIAN_POINT('Control Point',(9476.921786479999,-2249.19172326,1930.78870771));
#34023=CARTESIAN_POINT('Vertex',(9463.66555598,-2254.99727025,1919.44831669));
#34024=VERTEX_POINT('',#34023);
#34025=EDGE_CURVE('',#34024,#33963,#34007,.T.);
#34026=B_SPLINE_CURVE_WITH_KNOTS('',1,(#34027,#34028),.UNSPECIFIED.,.F.,.U.,(2,2),(-2.17,6.57566277608E-014),.UNSPECIFIED.);
#34027=CARTESIAN_POINT('Control Point',(9463.909219699999,-2253.20355783,1918.25160297));
#34028=CARTESIAN_POINT('Control Point',(9463.66555598,-2254.99727025,1919.44831669));
#34029=EDGE_CURVE('',#33121,#34024,#34026,.T.);
#34030=EDGE_LOOP('',(#34031,#34032,#34033,#34034));
#34031=ORIENTED_EDGE('',*,*,#33122,.T.);
#34032=ORIENTED_EDGE('',*,*,#33968,.T.);
#34033=ORIENTED_EDGE('',*,*,#34025,.F.);
#34034=ORIENTED_EDGE('',*,*,#34029,.F.);
#34035=FACE_OUTER_BOUND('',#34030,.T.);
#34036=ADVANCED_FACE('PartBody',(#34035),#33976,.T.);
#34037=B_SPLINE_SURFACE_WITH_KNOTS('',5,1,((#34038,#34039),(#34040,#34041),(#34042,#34043),(#34044,#34045),(#34046,#34047),(#34048,#34049)),.UNSPECIFIED.,.F.,.F.,.U.,(6,6),(2,2),(0.,31.5947582732),(-2.17,6.57566277608E-014),.UNSPECIFIED.);
#34038=CARTESIAN_POINT('Control Point',(9448.40259385,-2251.51369086,1917.61874251));
#34039=CARTESIAN_POINT('Control Point',(9448.157633789999,-2253.30753208,1918.81499845));
#34040=CARTESIAN_POINT('Control Point',(9451.496052479999,-2251.85170691,1917.74532638));
#34041=CARTESIAN_POINT('Control Point',(9451.251351069999,-2253.64552249,1918.94167372));
#34042=CARTESIAN_POINT('Control Point',(9454.592966509999,-2252.18965141,1917.871886));
#34043=CARTESIAN_POINT('Control Point',(9454.348524019999,-2253.98344131,1919.06832479));
#34044=CARTESIAN_POINT('Control Point',(9457.69389149,-2252.52758341,1917.99844308));
#34045=CARTESIAN_POINT('Control Point',(9457.44970832,-2254.32134756,1919.19497343));
#34046=CARTESIAN_POINT('Control Point',(9460.79924471,-2252.86554579,1918.12501323));
#34047=CARTESIAN_POINT('Control Point',(9460.555321169999,-2254.65928413,1919.32163522));
#34048=CARTESIAN_POINT('Control Point',(9463.909219699999,-2253.20355783,1918.25160297));
#34049=CARTESIAN_POINT('Control Point',(9463.66555598,-2254.99727025,1919.44831669));
#34050=B_SPLINE_CURVE_WITH_KNOTS('',3,(#34051,#34052,#34053,#34054),.UNSPECIFIED.,.F.,.U.,(4,4),(0.,35.2391751192),.UNSPECIFIED.);
#34051=CARTESIAN_POINT('Control Point',(9448.157633789999,-2253.30753208,1918.81499845));
#34052=CARTESIAN_POINT('Control Point',(9453.316347239999,-2253.87112453,1919.026227));
#34053=CARTESIAN_POINT('Control Point',(9458.48462148,-2254.43426325,1919.23729455));
#34054=CARTESIAN_POINT('Control Point',(9463.66555598,-2254.99727025,1919.44831669));
#34055=CARTESIAN_POINT('Vertex',(9448.157633789999,-2253.30753208,1918.81499845));
#34056=VERTEX_POINT('',#34055);
#34057=EDGE_CURVE('',#34056,#34024,#34050,.T.);
#34058=B_SPLINE_CURVE_WITH_KNOTS('',1,(#34059,#34060),.UNSPECIFIED.,.F.,.U.,(2,2),(-2.17,5.22845447658E-015),.UNSPECIFIED.);
#34059=CARTESIAN_POINT('Control Point',(9448.40259385,-2251.51369086,1917.61874251));
#34060=CARTESIAN_POINT('Control Point',(9448.157633789999,-2253.30753208,1918.81499845));
#34061=EDGE_CURVE('',#33129,#34056,#34058,.T.);
#34062=EDGE_LOOP('',(#34063,#34064,#34065,#34066));
#34063=ORIENTED_EDGE('',*,*,#33130,.T.);
#34064=ORIENTED_EDGE('',*,*,#34029,.T.);
#34065=ORIENTED_EDGE('',*,*,#34057,.F.);
#34066=ORIENTED_EDGE('',*,*,#34061,.F.);
#34067=FACE_OUTER_BOUND('',#34062,.T.);
#34068=ADVANCED_FACE('PartBody',(#34067),#34037,.T.);
#34069=B_SPLINE_SURFACE_WITH_KNOTS('',5,1,((#34070,#34071),(#34072,#34073),(#34074,#34075),(#34076,#34077),(#34078,#34079),(#34080,#34081),(#34082,#34083),(#34084,#34085),(#34086,#34087),(#34088,#34089),(#34090,#34091),(#34092,#34093),(#34094,#34095),(#34096,#34097),(#34098,#34099),(#34100,#34101),(#34102,#34103),(#34104,#34105)),.UNSPECIFIED.,.F.,.F.,.U.,(6,3,3,3,3,6),(2,2),(0.,9.36805366547,15.6030467379,21.8276903911,28.0498074397,31.1663766146),(-2.17,3.16501234194E-014),.UNSPECIFIED.);
#34070=CARTESIAN_POINT('Control Point',(9448.40259385,-2251.51369086,1917.61874251));
#34071=CARTESIAN_POINT('Control Point',(9448.157633789999,-2253.30753208,1918.81499845));
#34072=CARTESIAN_POINT('Control Point',(9446.54108834,-2251.31028788,1917.54256997));
#34073=CARTESIAN_POINT('Control Point',(9446.29597263,-2253.10414451,1918.73877092));
#34074=CARTESIAN_POINT('Control Point',(9444.67181806,-2251.22766747,1917.28338451));
#34075=CARTESIAN_POINT('Control Point',(9444.426535639999,-2253.02162507,1918.47939988));
#34076=CARTESIAN_POINT('Control Point',(9442.83142076,-2251.2703228,1916.84189625));
#34077=CARTESIAN_POINT('Control Point',(9442.58596357,-2253.06446699,1918.03759594));
#34078=CARTESIAN_POINT('Control Point',(9439.85940481,-2251.54673113,1915.81662324));
#34079=CARTESIAN_POINT('Control Point',(9439.61364754,-2253.34132252,1917.01159019));
#34080=CARTESIAN_POINT('Control Point',(9437.11529638,-2252.16661242,1914.3197768));
#34081=CARTESIAN_POINT('Control Point',(9436.86923058,-2253.96187295,1915.51367449));
#34082=CARTESIAN_POINT('Control Point',(9436.071188799999,-2252.46719031,1913.65244778));
#34083=CARTESIAN_POINT('Control Point',(9435.82500003,-2254.2627509,1914.84586883));
#34084=CARTESIAN_POINT('Control Point',(9434.10324169,-2253.16876965,1912.19025805));
#34085=CARTESIAN_POINT('Control Point',(9433.85680944,-2254.96499063,1913.38263488));
#34086=CARTESIAN_POINT('Control Point',(9432.39447673,-2254.06849968,1910.48017189));
#34087=CARTESIAN_POINT('Control Point',(9432.147807919999,-2255.86549799,1911.67132781));
#34088=CARTESIAN_POINT('Control Point',(9431.617425229999,-2254.5639046,1909.57157797));
#34089=CARTESIAN_POINT('Control Point',(9431.370641359999,-2256.3613169,1910.76208531));
#34090=CARTESIAN_POINT('Control Point',(9430.23620184,-2255.63476249,1907.66737225));
#34091=CARTESIAN_POINT('Control Point',(9429.989196959999,-2257.43304411,1908.85652052));
#34092=CARTESIAN_POINT('Control Point',(9429.21472579,-2256.85206805,1905.61212542));
#34093=CARTESIAN_POINT('Control Point',(9428.96752056,-2258.65129074,1906.79980738));
#34094=CARTESIAN_POINT('Control Point',(9428.800288169999,-2257.49349774,1904.55371838));
#34095=CARTESIAN_POINT('Control Point',(9428.55298885,-2259.29320566,1905.74064539));
#34096=CARTESIAN_POINT('Control Point',(9428.332011569999,-2258.49347669,1902.938796));
#34097=CARTESIAN_POINT('Control Point',(9428.084582059999,-2260.29392572,1904.12457136));
#34098=CARTESIAN_POINT('Control Point',(9428.09702811,-2259.53170725,1901.31164362));
#34099=CARTESIAN_POINT('Control Point',(9427.84948673,-2261.33290404,1902.49625906));
#34100=CARTESIAN_POINT('Control Point',(9428.0446761,-2259.88244643,1900.76728133));
#34101=CARTESIAN_POINT('Control Point',(9427.797099429999,-2261.68389348,1901.95150877));
#34102=CARTESIAN_POINT('Control Point',(9428.018509649999,-2260.2357274,1900.22420903));
#34103=CARTESIAN_POINT('Control Point',(9427.77089991,-2262.03742424,1901.40804945));
#34104=CARTESIAN_POINT('Control Point',(9428.018430959999,-2260.59117776,1899.68297854));
#34105=CARTESIAN_POINT('Control Point',(9427.770790369999,-2262.39312365,1900.86643329));
#34106=B_SPLINE_CURVE_WITH_KNOTS('',5,(#34107,#34108,#34109,#34110,#34111,#34112,#34113,#34114,#34115,#34116,#34117,#34118,#34119,#34120,#34121),.UNSPECIFIED.,.F.,.U.,(6,3,3,3,6),(0.,8.95492103885,23.9664043046,33.1245609747,44.0897511244),.UNSPECIFIED.);
#34107=CARTESIAN_POINT('Control Point',(9427.770790369999,-2262.39312365,1900.86643329));
#34108=CARTESIAN_POINT('Control Point',(9427.77101292,-2261.67043183,1901.96686121));
#34109=CARTESIAN_POINT('Control Point',(9427.878935029999,-2260.95669222,1903.07489776));
#34110=CARTESIAN_POINT('Control Point',(9428.095128969999,-2260.25821372,1904.18102097));
#34111=CARTESIAN_POINT('Control Point',(9428.95980017,-2258.44880738,1907.10651233));
#34112=CARTESIAN_POINT('Control Point',(9430.55217275,-2256.85147576,1909.85331576));
#34113=CARTESIAN_POINT('Control Point',(9431.81691831,-2255.96092402,1911.4598208));
#34114=CARTESIAN_POINT('Control Point',(9434.20608459,-2254.74665553,1913.78415532));
#34115=CARTESIAN_POINT('Control Point',(9437.053255749999,-2253.91130619,1915.62767787));
#34116=CARTESIAN_POINT('Control Point',(9438.19045475,-2253.65097207,1916.25316408));
#34117=CARTESIAN_POINT('Control Point',(9440.784834309999,-2253.20918613,1917.45054156));
#34118=CARTESIAN_POINT('Control Point',(9443.5375671,-2253.05344393,1918.24929774));
#34119=CARTESIAN_POINT('Control Point',(9445.07066342,-2253.05365785,1918.56336048));
#34120=CARTESIAN_POINT('Control Point',(9446.61681191,-2253.13919639,1918.751908));
#34121=CARTESIAN_POINT('Control Point',(9448.157633789999,-2253.30753208,1918.81499845));
#34122=CARTESIAN_POINT('Vertex',(9427.770790369999,-2262.39312365,1900.86643329));
#34123=VERTEX_POINT('',#34122);
#34124=EDGE_CURVE('',#34123,#34056,#34106,.T.);
#34125=B_SPLINE_CURVE_WITH_KNOTS('',1,(#34126,#34127),.UNSPECIFIED.,.F.,.U.,(2,2),(-2.17,3.16501234194E-014),.UNSPECIFIED.);
#34126=CARTESIAN_POINT('Control Point',(9428.018430959999,-2260.59117776,1899.68297854));
#34127=CARTESIAN_POINT('Control Point',(9427.770790369999,-2262.39312365,1900.86643329));
#34128=EDGE_CURVE('',#33148,#34123,#34125,.T.);
#34129=EDGE_LOOP('',(#34130,#34131,#34132,#34133));
#34130=ORIENTED_EDGE('',*,*,#33149,.T.);
#34131=ORIENTED_EDGE('',*,*,#34061,.T.);
#34132=ORIENTED_EDGE('',*,*,#34124,.F.);
#34133=ORIENTED_EDGE('',*,*,#34128,.F.);
#34134=FACE_OUTER_BOUND('',#34129,.T.);
#34135=ADVANCED_FACE('PartBody',(#34134),#34069,.F.);
#34136=B_SPLINE_SURFACE_WITH_KNOTS('',5,1,((#34137,#34138),(#34139,#34140),(#34141,#34142),(#34143,#34144),(#34145,#34146),(#34147,#34148)),.UNSPECIFIED.,.F.,.F.,.U.,(6,6),(2,2),(0.,98.555141155),(-2.17,3.16501234194E-014),.UNSPECIFIED.);
#34137=CARTESIAN_POINT('Control Point',(9428.011300759999,-2292.11571667,1850.6664939));
#34138=CARTESIAN_POINT('Control Point',(9427.760882729999,-2293.93967377,1851.81513279));
#34139=CARTESIAN_POINT('Control Point',(9428.01273079,-2285.91465299,1860.51365503));
#34140=CARTESIAN_POINT('Control Point',(9427.76286721,-2287.73429487,1861.66926706));
#34141=CARTESIAN_POINT('Control Point',(9428.014161089999,-2279.66200607,1870.33888067));
#34142=CARTESIAN_POINT('Control Point',(9427.76485268,-2281.47728998,1871.50146037));
#34143=CARTESIAN_POINT('Control Point',(9428.01558886,-2273.35750693,1880.14208991));
#34144=CARTESIAN_POINT('Control Point',(9427.766836119999,-2275.16838942,1881.31163224));
#34145=CARTESIAN_POINT('Control Point',(9428.017011959999,-2267.00070662,1889.92343722));
#34146=CARTESIAN_POINT('Control Point',(9427.76881521,-2268.80714338,1891.09993772));
#34147=CARTESIAN_POINT('Control Point',(9428.018430959999,-2260.59117776,1899.68297854));
#34148=CARTESIAN_POINT('Control Point',(9427.770790369999,-2262.39312365,1900.86643329));
#34149=B_SPLINE_CURVE_WITH_KNOTS('',3,(#34150,#34151,#34152,#34153),.UNSPECIFIED.,.F.,.U.,(4,4),(0.,113.478387127),.UNSPECIFIED.);
#34150=CARTESIAN_POINT('Control Point',(9427.760882729999,-2293.93967377,1851.81513279));
#34151=CARTESIAN_POINT('Control Point',(9427.76418941,-2283.59985653,1868.23475021));
#34152=CARTESIAN_POINT('Control Point',(9427.767497679999,-2273.08563488,1884.58516697));
#34153=CARTESIAN_POINT('Control Point',(9427.770790369999,-2262.39312365,1900.86643329));
#34154=CARTESIAN_POINT('Vertex',(9427.760882729999,-2293.93967377,1851.81513279));
#34155=VERTEX_POINT('',#34154);
#34156=EDGE_CURVE('',#34155,#34123,#34149,.T.);
#34157=B_SPLINE_CURVE_WITH_KNOTS('',1,(#34158,#34159),.UNSPECIFIED.,.F.,.U.,(2,2),(-2.17,-5.50766383607E-014),.UNSPECIFIED.);
#34158=CARTESIAN_POINT('Control Point',(9428.011300759999,-2292.11571667,1850.6664939));
#34159=CARTESIAN_POINT('Control Point',(9427.760882729999,-2293.93967377,1851.81513279));
#34160=EDGE_CURVE('',#33156,#34155,#34157,.T.);
#34161=EDGE_LOOP('',(#34162,#34163,#34164,#34165));
#34162=ORIENTED_EDGE('',*,*,#33157,.T.);
#34163=ORIENTED_EDGE('',*,*,#34128,.T.);
#34164=ORIENTED_EDGE('',*,*,#34156,.F.);
#34165=ORIENTED_EDGE('',*,*,#34160,.F.);
#34166=FACE_OUTER_BOUND('',#34161,.T.);
#34167=ADVANCED_FACE('PartBody',(#34166),#34136,.T.);
#34168=B_SPLINE_SURFACE_WITH_KNOTS('',5,1,((#34169,#34170),(#34171,#34172),(#34173,#34174),(#34175,#34176),(#34177,#34178),(#34179,#34180),(#34181,#34182),(#34183,#34184),(#34185,#34186),(#34187,#34188),(#34189,#34190),(#34191,#34192),(#34193,#34194),(#34195,#34196),(#34197,#34198),(#34199,#34200),(#34201,#34202),(#34203,#34204)),.UNSPECIFIED.,.F.,.F.,.U.,(6,3,3,3,3,6),(2,2),(0.,6.09987375596,10.1669303316,14.2391269509,18.3104482503,20.3452681059),(-2.17,0.),.UNSPECIFIED.);
#34169=CARTESIAN_POINT('Control Point',(9414.75096747,-2297.70109074,1838.84083201));
#34170=CARTESIAN_POINT('Control Point',(9414.49880035,-2299.53007195,1839.98106861));
#34171=CARTESIAN_POINT('Control Point',(9415.96244349,-2297.83869632,1838.88802959));
#34172=CARTESIAN_POINT('Control Point',(9415.710378099999,-2299.66766885,1840.02830259));
#34173=CARTESIAN_POINT('Control Point',(9417.178801779999,-2297.90107307,1839.056841));
#34174=CARTESIAN_POINT('Control Point',(9416.92684536,-2299.72998427,1840.19723648));
#34175=CARTESIAN_POINT('Control Point',(9418.384555339999,-2297.88596502,1839.3474376));
#34176=CARTESIAN_POINT('Control Point',(9418.132713839999,-2299.71476197,1840.48804169));
#34177=CARTESIAN_POINT('Control Point',(9420.33014186,-2297.72723081,1840.03132781));
#34178=CARTESIAN_POINT('Control Point',(9420.07849788,-2299.55575012,1841.17242062));
#34179=CARTESIAN_POINT('Control Point',(9422.108697109999,-2297.35566033,1841.01827704));
#34180=CARTESIAN_POINT('Control Point',(9421.857254009999,-2299.18376851,1842.16007257));
#34181=CARTESIAN_POINT('Control Point',(9422.7899858,-2297.1724322,1841.46160147));
#34182=CARTESIAN_POINT('Control Point',(9422.538623319999,-2299.00035448,1842.60371236));
#34183=CARTESIAN_POINT('Control Point',(9424.06835564,-2296.74388787,1842.428535));
#34184=CARTESIAN_POINT('Control Point',(9423.817152,-2298.57140243,1843.57133321));
#34185=CARTESIAN_POINT('Control Point',(9425.17819364,-2296.18884414,1843.55941064));
#34186=CARTESIAN_POINT('Control Point',(9424.927144289999,-2298.01587751,1844.70301181));
#34187=CARTESIAN_POINT('Control Point',(9425.679718429999,-2295.88355147,1844.15711387));
#34188=CARTESIAN_POINT('Control Point',(9425.42874368,-2297.71032952,1845.30113923));
#34189=CARTESIAN_POINT('Control Point',(9426.574689629999,-2295.22056279,1845.41162279));
#34190=CARTESIAN_POINT('Control Point',(9426.32385855,-2297.04680301,1846.55653814));
#34191=CARTESIAN_POINT('Control Point',(9427.23630047,-2294.46176514,1846.76595762));
#34192=CARTESIAN_POINT('Control Point',(9426.98559962,-2296.28742087,1847.91183315));
#34193=CARTESIAN_POINT('Control Point',(9427.503886749999,-2294.06289998,1847.45980118));
#34194=CARTESIAN_POINT('Control Point',(9427.253246799999,-2295.88825532,1848.60616849));
#34195=CARTESIAN_POINT('Control Point',(9427.8081236,-2293.43565122,1848.52459849));
#34196=CARTESIAN_POINT('Control Point',(9427.557568419999,-2295.26054414,1849.67172031));
#34197=CARTESIAN_POINT('Control Point',(9427.960266099999,-2292.78320922,1849.59502709));
#34198=CARTESIAN_POINT('Control Point',(9427.70978359,-2294.60763515,1850.74290716));
#34199=CARTESIAN_POINT('Control Point',(9427.99429158,-2292.56226645,1849.95356067));
#34200=CARTESIAN_POINT('Control Point',(9427.743832029999,-2294.38653574,1851.10169469));
#34201=CARTESIAN_POINT('Control Point',(9428.01124908,-2292.33981289,1850.31063373));
#34202=CARTESIAN_POINT('Control Point',(9427.760811009999,-2294.16392594,1851.45902062));
#34203=CARTESIAN_POINT('Control Point',(9428.011300759999,-2292.11571667,1850.6664939));
#34204=CARTESIAN_POINT('Control Point',(9427.760882729999,-2293.93967377,1851.81513279));
#34205=B_SPLINE_CURVE_WITH_KNOTS('',5,(#34206,#34207,#34208,#34209,#34210,#34211),.UNSPECIFIED.,.F.,.U.,(6,6),(0.,28.8003239311),.UNSPECIFIED.);
#34206=CARTESIAN_POINT('Control Point',(9414.49880035,-2299.53007195,1839.98106861));
#34207=CARTESIAN_POINT('Control Point',(9418.543747169999,-2299.98944995,1840.13876296));
#34208=CARTESIAN_POINT('Control Point',(9422.637957269999,-2299.615292,1841.64266663));
#34209=CARTESIAN_POINT('Control Point',(9426.06515491,-2298.27672517,1844.54492512));
#34210=CARTESIAN_POINT('Control Point',(9427.76016498,-2296.1840365,1848.25108746));
#34211=CARTESIAN_POINT('Control Point',(9427.760882729999,-2293.93967377,1851.81513279));
#34212=CARTESIAN_POINT('Vertex',(9414.498785939999,-2299.53010918,1839.98108105));
#34213=VERTEX_POINT('',#34212);
#34214=EDGE_CURVE('',#34213,#34155,#34205,.T.);
#34215=B_SPLINE_CURVE_WITH_KNOTS('',1,(#34216,#34217),.UNSPECIFIED.,.F.,.U.,(2,2),(-2.1699605261,-4.53668669045E-014),.UNSPECIFIED.);
#34216=CARTESIAN_POINT('Control Point',(9414.75096288,-2297.70112401,1838.84085275));
#34217=CARTESIAN_POINT('Control Point',(9414.49880035,-2299.53007195,1839.98106861));
#34218=EDGE_CURVE('',#33175,#34213,#34215,.T.);
#34219=EDGE_LOOP('',(#34220,#34221,#34222,#34223));
#34220=ORIENTED_EDGE('',*,*,#33176,.T.);
#34221=ORIENTED_EDGE('',*,*,#34160,.T.);
#34222=ORIENTED_EDGE('',*,*,#34214,.F.);
#34223=ORIENTED_EDGE('',*,*,#34218,.F.);
#34224=FACE_OUTER_BOUND('',#34219,.T.);
#34225=ADVANCED_FACE('PartBody',(#34224),#34168,.T.);
#34226=B_SPLINE_SURFACE_WITH_KNOTS('',5,5,((#34227,#34228,#34229,#34230,#34231,#34232),(#34233,#34234,#34235,#34236,#34237,#34238),(#34239,#34240,#34241,#34242,#34243,#34244),(#34245,#34246,#34247,#34248,#34249,#34250),(#34251,#34252,#34253,#34254,#34255,#34256),(#34257,#34258,#34259,#34260,#34261,#34262)),.UNSPECIFIED.,.F.,.F.,.U.,(6,6),(6,6),(0.,17.3033720633),(-2.17000000095,9.51837597278E-010),.UNSPECIFIED.);
#34227=CARTESIAN_POINT('Control Point',(9406.160369589999,-2296.72396706,1838.50567988));
#34228=CARTESIAN_POINT('Control Point',(9406.10977949,-2297.08980857,1838.73368142));
#34229=CARTESIAN_POINT('Control Point',(9406.059211009999,-2297.45559681,1838.96166502));
#34230=CARTESIAN_POINT('Control Point',(9406.00862235,-2297.82143186,1839.18967047));
#34231=CARTESIAN_POINT('Control Point',(9405.95804944,-2298.18722389,1839.41767065));
#34232=CARTESIAN_POINT('Control Point',(9405.90748123,-2298.55300738,1839.6456611));
#34233=CARTESIAN_POINT('Control Point',(9407.878431319999,-2296.91950352,1838.57282373));
#34234=CARTESIAN_POINT('Control Point',(9407.827911139999,-2297.28522584,1838.80083104));
#34235=CARTESIAN_POINT('Control Point',(9407.77734259,-2297.65106442,1839.02888192));
#34236=CARTESIAN_POINT('Control Point',(9407.72681925,-2298.01681361,1839.25685542));
#34237=CARTESIAN_POINT('Control Point',(9407.67625692,-2298.38267413,1839.48483406));
#34238=CARTESIAN_POINT('Control Point',(9407.62568621,-2298.74854475,1839.71283739));
#34239=CARTESIAN_POINT('Control Point',(9409.59645929,-2297.11522807,1838.63978001));
#34240=CARTESIAN_POINT('Control Point',(9409.545930279999,-2297.48107158,1838.86776826));
#34241=CARTESIAN_POINT('Control Point',(9409.495415670001,-2297.84689,1839.09572941));
#34242=CARTESIAN_POINT('Control Point',(9409.444890999999,-2298.21269053,1839.32377793));
#34243=CARTESIAN_POINT('Control Point',(9409.394375239999,-2298.57845433,1839.5518426));
#34244=CARTESIAN_POINT('Control Point',(9409.343861019999,-2298.94422762,1839.77988719));
#34245=CARTESIAN_POINT('Control Point',(9411.31458803,-2297.31056265,1838.70695937));
#34246=CARTESIAN_POINT('Control Point',(9411.26409056,-2297.6763673,1838.93501934));
#34247=CARTESIAN_POINT('Control Point',(9411.21360094,-2298.0421458,1839.16307965));
#34248=CARTESIAN_POINT('Control Point',(9411.163114449999,-2298.40794608,1839.39108149));
#34249=CARTESIAN_POINT('Control Point',(9411.11261262,-2298.77379328,1839.61908208));
#34250=CARTESIAN_POINT('Control Point',(9411.0621311,-2299.13958194,1839.84707377));
#34251=CARTESIAN_POINT('Control Point',(9413.032780309999,-2297.5058499,1838.77384506));
#34252=CARTESIAN_POINT('Control Point',(9412.98233966,-2297.87159687,1839.00185332));
#34253=CARTESIAN_POINT('Control Point',(9412.931881389999,-2298.23738979,1839.22987793));
#34254=CARTESIAN_POINT('Control Point',(9412.88141167,-2298.60320409,1839.4579266));
#34255=CARTESIAN_POINT('Control Point',(9412.830955919999,-2298.96898153,1839.68596844));
#34256=CARTESIAN_POINT('Control Point',(9412.78046921,-2299.33483911,1839.91403628));
#34257=CARTESIAN_POINT('Control Point',(9414.750953119999,-2297.70112761,1838.84084481));
#34258=CARTESIAN_POINT('Control Point',(9414.700510049999,-2298.06694802,1839.06890116));
#34259=CARTESIAN_POINT('Control Point',(9414.65007589,-2298.43274596,1839.29694899));
#34260=CARTESIAN_POINT('Control Point',(9414.59964493,-2298.79853611,1839.52499423));
#34261=CARTESIAN_POINT('Control Point',(9414.54920892,-2299.16433907,1839.7530435));
#34262=CARTESIAN_POINT('Control Point',(9414.498785939999,-2299.53010918,1839.98108105));
#34263=B_SPLINE_CURVE_WITH_KNOTS('',3,(#34264,#34265,#34266,#34267),.UNSPECIFIED.,.F.,.U.,(4,4),(2.19907304414E-005,19.3454817844),.UNSPECIFIED.);
#34264=CARTESIAN_POINT('Control Point',(9405.907491,-2298.55300849,1839.64566148));
#34265=CARTESIAN_POINT('Control Point',(9408.77118374,-2298.87890612,1839.75762266));
#34266=CARTESIAN_POINT('Control Point',(9411.63494718,-2299.20466162,1839.86934065));
#34267=CARTESIAN_POINT('Control Point',(9414.498785939999,-2299.53010918,1839.98108105));
#34268=CARTESIAN_POINT('Vertex',(9405.9074958,-2298.55297012,1839.64565037));
#34269=VERTEX_POINT('',#34268);
#34270=EDGE_CURVE('',#34269,#34213,#34263,.T.);
#34271=B_SPLINE_CURVE_WITH_KNOTS('',5,(#34272,#34273,#34274,#34275,#34276,#34277),.UNSPECIFIED.,.F.,.U.,(6,6),(-2.17000000095,-3.87443513445E-005),.UNSPECIFIED.);
#34272=CARTESIAN_POINT('Control Point',(9406.160369589999,-2296.72396706,1838.50567988));
#34273=CARTESIAN_POINT('Control Point',(9406.109780389999,-2297.08980203,1838.73367735));
#34274=CARTESIAN_POINT('Control Point',(9406.059212819999,-2297.45558375,1838.96165688));
#34275=CARTESIAN_POINT('Control Point',(9406.00862506,-2297.82141226,1839.18965826));
#34276=CARTESIAN_POINT('Control Point',(9405.958053049999,-2298.18719776,1839.41765436));
#34277=CARTESIAN_POINT('Control Point',(9405.907485739999,-2298.55297472,1839.64564074));
#34278=EDGE_CURVE('',#33183,#34269,#34271,.T.);
#34279=EDGE_LOOP('',(#34280,#34281,#34282,#34283));
#34280=ORIENTED_EDGE('',*,*,#33184,.T.);
#34281=ORIENTED_EDGE('',*,*,#34218,.T.);
#34282=ORIENTED_EDGE('',*,*,#34270,.F.);
#34283=ORIENTED_EDGE('',*,*,#34278,.F.);
#34284=FACE_OUTER_BOUND('',#34279,.T.);
#34285=ADVANCED_FACE('PartBody',(#34284),#34226,.T.);
#34286=B_SPLINE_SURFACE_WITH_KNOTS('',5,5,((#34287,#34288,#34289,#34290,#34291,#34292),(#34293,#34294,#34295,#34296,#34297,#34298),(#34299,#34300,#34301,#34302,#34303,#34304),(#34305,#34306,#34307,#34308,#34309,#34310),(#34311,#34312,#34313,#34314,#34315,#34316),(#34317,#34318,#34319,#34320,#34321,#34322),(#34323,#34324,#34325,#34326,#34327,#34328),(#34329,#34330,#34331,#34332,#34333,#34334),(#34335,#34336,#34337,#34338,#34339,#34340),(#34341,#34342,#34343,#34344,#34345,#34346),(#34347,#34348,#34349,#34350,#34351,#34352),(#34353,#34354,#34355,#34356,#34357,#34358)),.UNSPECIFIED.,.F.,.F.,.U.,(6,3,3,6),(6,6),(0.,1.8380436875,5.51413106251,9.12630804751),(-2.17000000019,2.81286483697E-006),.UNSPECIFIED.);
#34287=CARTESIAN_POINT('Control Point',(9406.160335339999,-2296.72389823,1838.50563644));
#34288=CARTESIAN_POINT('Control Point',(9406.10983352,-2297.08981391,1838.73359547));
#34289=CARTESIAN_POINT('Control Point',(9406.05920686,-2297.45557551,1838.96158575));
#34290=CARTESIAN_POINT('Control Point',(9406.00864622,-2297.82137659,1839.18961828));
#34291=CARTESIAN_POINT('Control Point',(9405.958098139999,-2298.18718398,1839.41766473));
#34292=CARTESIAN_POINT('Control Point',(9405.90743361,-2298.55292412,1839.64562348));
#34293=CARTESIAN_POINT('Control Point',(9405.986106049999,-2296.70429441,1838.49898225));
#34294=CARTESIAN_POINT('Control Point',(9405.910561519999,-2297.0675852,1838.72581699));
#34295=CARTESIAN_POINT('Control Point',(9405.834777599999,-2297.43051462,1838.95283742));
#34296=CARTESIAN_POINT('Control Point',(9405.75875012,-2297.79325976,1839.17973731));
#34297=CARTESIAN_POINT('Control Point',(9405.683589169999,-2298.15663511,1839.40711019));
#34298=CARTESIAN_POINT('Control Point',(9405.60739986,-2298.51914191,1839.63413139));
#34299=CARTESIAN_POINT('Control Point',(9405.812304499999,-2296.67260859,1838.48566101));
#34300=CARTESIAN_POINT('Control Point',(9405.71308021,-2297.03073214,1838.71387722));
#34301=CARTESIAN_POINT('Control Point',(9405.611679239999,-2297.38977119,1838.93707454));
#34302=CARTESIAN_POINT('Control Point',(9405.51052009,-2297.74783997,1839.1621328));
#34303=CARTESIAN_POINT('Control Point',(9405.41135773,-2298.10832278,1839.38690405));
#34304=CARTESIAN_POINT('Control Point',(9405.308066039999,-2298.46522779,1839.6100819));
#34305=CARTESIAN_POINT('Control Point',(9405.642612969999,-2296.63113301,1838.46660289));
#34306=CARTESIAN_POINT('Control Point',(9405.517456789999,-2296.98268155,1838.69052987));
#34307=CARTESIAN_POINT('Control Point',(9405.39214414,-2297.33570049,1838.91197406));
#34308=CARTESIAN_POINT('Control Point',(9405.26690031,-2297.68884018,1839.13334785));
#34309=CARTESIAN_POINT('Control Point',(9405.1411771,-2298.04167484,1839.35443954));
#34310=CARTESIAN_POINT('Control Point',(9405.015892399999,-2298.39490059,1839.57555995));
#34311=CARTESIAN_POINT('Control Point',(9405.14322124,-2296.47278824,1838.38992671));
#34312=CARTESIAN_POINT('Control Point',(9404.945937369999,-2296.80202089,1838.60195157));
#34313=CARTESIAN_POINT('Control Point',(9404.748495189999,-2297.13287528,1838.81118867));
#34314=CARTESIAN_POINT('Control Point',(9404.551035319999,-2297.46418988,1839.01975663));
#34315=CARTESIAN_POINT('Control Point',(9404.35357517,-2297.79579595,1839.22786877));
#34316=CARTESIAN_POINT('Control Point',(9404.15555381,-2298.12671986,1839.43586112));
#34317=CARTESIAN_POINT('Control Point',(9404.69101671,-2296.22416896,1838.25940106));
#34318=CARTESIAN_POINT('Control Point',(9404.42741491,-2296.51880141,1838.44850889));
#34319=CARTESIAN_POINT('Control Point',(9404.164472929999,-2296.81483708,1838.63680356));
#34320=CARTESIAN_POINT('Control Point',(9403.901359899999,-2297.11142943,1838.82393693));
#34321=CARTESIAN_POINT('Control Point',(9403.638052189999,-2297.40794904,1839.01092868));
#34322=CARTESIAN_POINT('Control Point',(9403.37636362,-2297.70603198,1839.19852051));
#34323=CARTESIAN_POINT('Control Point',(9404.41841027,-2296.02088413,1838.14904637));
#34324=CARTESIAN_POINT('Control Point',(9404.116269079999,-2296.28813911,1838.32071665));
#34325=CARTESIAN_POINT('Control Point',(9403.81390039,-2296.55620962,1838.49085306));
#34326=CARTESIAN_POINT('Control Point',(9403.51164538,-2296.82475429,1838.66055185));
#34327=CARTESIAN_POINT('Control Point',(9403.2092283,-2297.09329222,1838.82976486));
#34328=CARTESIAN_POINT('Control Point',(9402.90652724,-2297.3616859,1838.99892276));
#34329=CARTESIAN_POINT('Control Point',(9403.95440388,-2295.5592432,1837.89140242));
#34330=CARTESIAN_POINT('Control Point',(9403.58481491,-2295.76274682,1838.02045218));
#34331=CARTESIAN_POINT('Control Point',(9403.21523294,-2295.96620098,1838.14970937));
#34332=CARTESIAN_POINT('Control Point',(9402.84536897,-2296.16968256,1838.27828937));
#34333=CARTESIAN_POINT('Control Point',(9402.47600431,-2296.37378843,1838.4071354));
#34334=CARTESIAN_POINT('Control Point',(9402.106371669999,-2296.57761843,1838.53587166));
#34335=CARTESIAN_POINT('Control Point',(9403.658582329999,-2295.00612422,1837.56869526));
#34336=CARTESIAN_POINT('Control Point',(9403.24676088,-2295.13251331,1837.64813524));
#34337=CARTESIAN_POINT('Control Point',(9402.834348279999,-2295.25823287,1837.72719297));
#34338=CARTESIAN_POINT('Control Point',(9402.422286999999,-2295.38419268,1837.80670742));
#34339=CARTESIAN_POINT('Control Point',(9402.00965453,-2295.50954289,1837.88575104));
#34340=CARTESIAN_POINT('Control Point',(9401.59653703,-2295.63447483,1837.96439046));
#34341=CARTESIAN_POINT('Control Point',(9403.56038691,-2294.71877684,1837.39758111));
#34342=CARTESIAN_POINT('Control Point',(9403.132860879999,-2294.80376597,1837.44886325));
#34343=CARTESIAN_POINT('Control Point',(9402.70587915,-2294.88785511,1837.5023378));
#34344=CARTESIAN_POINT('Control Point',(9402.27815005,-2294.97129394,1837.55506617));
#34345=CARTESIAN_POINT('Control Point',(9401.85295832,-2295.05773609,1837.60945723));
#34346=CARTESIAN_POINT('Control Point',(9401.426473539999,-2295.14218992,1837.66308966));
#34347=CARTESIAN_POINT('Control Point',(9403.509516639999,-2294.42233482,1837.21721098));
#34348=CARTESIAN_POINT('Control Point',(9403.075171189999,-2294.46440323,1837.24333981));
#34349=CARTESIAN_POINT('Control Point',(9402.640652189999,-2294.50621995,1837.26943199));
#34350=CARTESIAN_POINT('Control Point',(9402.208435349999,-2294.55063613,1837.29705863));
#34351=CARTESIAN_POINT('Control Point',(9401.7715835,-2294.58980961,1837.32160502));
#34352=CARTESIAN_POINT('Control Point',(9401.339498649999,-2294.63434844,1837.34935913));
#34353=CARTESIAN_POINT('Control Point',(9403.510068289999,-2294.12978941,1837.03493298));
#34354=CARTESIAN_POINT('Control Point',(9403.07597242,-2294.1296933,1837.03485296));
#34355=CARTESIAN_POINT('Control Point',(9402.641978939999,-2294.12975306,1837.03478541));
#34356=CARTESIAN_POINT('Control Point',(9402.208030809999,-2294.12975809,1837.03489527));
#34357=CARTESIAN_POINT('Control Point',(9401.77396844,-2294.12968167,1837.03486405));
#34358=CARTESIAN_POINT('Control Point',(9401.34005486,-2294.12977664,1837.03492691));
#34359=B_SPLINE_CURVE_WITH_KNOTS('',4,(#34360,#34361,#34362,#34363,#34364),.UNSPECIFIED.,.F.,.U.,(5,5),(3.37291943722E-005,10.4904460105),.UNSPECIFIED.);
#34360=CARTESIAN_POINT('Control Point',(9403.510068269999,-2294.12980129,1837.03494038));
#34361=CARTESIAN_POINT('Control Point',(9403.508331139999,-2295.05376705,1837.61064074));
#34362=CARTESIAN_POINT('Control Point',(9404.045722499999,-2296.01128021,1838.16130617));
#34363=CARTESIAN_POINT('Control Point',(9405.07910922,-2296.60224152,1838.46434212));
#34364=CARTESIAN_POINT('Control Point',(9406.160335339999,-2296.72389823,1838.50563644));
#34365=CARTESIAN_POINT('Vertex',(9403.510104699999,-2294.12957785,1837.0352991));
#34366=VERTEX_POINT('',#34365);
#34367=EDGE_CURVE('',#34366,#33183,#34359,.T.);
#34368=B_SPLINE_CURVE_WITH_KNOTS('',5,(#34369,#34370,#34371,#34372,#34373,#34374),.UNSPECIFIED.,.F.,.U.,(6,6),(0.,10.4905497136),.UNSPECIFIED.);
#34369=CARTESIAN_POINT('Control Point',(9401.340057669999,-2294.12977664,1837.03492691));
#34370=CARTESIAN_POINT('Control Point',(9401.33865225,-2295.40469048,1837.82941044));
#34371=CARTESIAN_POINT('Control Point',(9401.889759879999,-2296.69499008,1838.61596174));
#34372=CARTESIAN_POINT('Control Point',(9402.97984623,-2297.75035249,1839.23873412));
#34373=CARTESIAN_POINT('Control Point',(9404.41786392,-2298.38520411,1839.58856751));
#34374=CARTESIAN_POINT('Control Point',(9405.907433939999,-2298.55292175,1839.645622));
#34375=CARTESIAN_POINT('Vertex',(9401.34,-2294.12971283,1837.03488751));
#34376=VERTEX_POINT('',#34375);
#34377=EDGE_CURVE('',#34376,#34269,#34368,.T.);
#34378=B_SPLINE_CURVE_WITH_KNOTS('',5,(#34379,#34380,#34381,#34382,#34383,#34384),.UNSPECIFIED.,.F.,.U.,(6,6),(-2.17000000019,2.81286483697E-006),.UNSPECIFIED.);
#34379=CARTESIAN_POINT('Control Point',(9403.510068289999,-2294.12978941,1837.03493298));
#34380=CARTESIAN_POINT('Control Point',(9403.07597242,-2294.1296933,1837.03485296));
#34381=CARTESIAN_POINT('Control Point',(9402.641978939999,-2294.12975306,1837.03478541));
#34382=CARTESIAN_POINT('Control Point',(9402.208030809999,-2294.12975809,1837.03489527));
#34383=CARTESIAN_POINT('Control Point',(9401.77396844,-2294.12968167,1837.03486405));
#34384=CARTESIAN_POINT('Control Point',(9401.34005486,-2294.12977664,1837.03492691));
#34385=EDGE_CURVE('',#34376,#34366,#34378,.F.);
#34386=EDGE_LOOP('',(#34387,#34388,#34389,#34390));
#34387=ORIENTED_EDGE('',*,*,#34367,.T.);
#34388=ORIENTED_EDGE('',*,*,#34278,.T.);
#34389=ORIENTED_EDGE('',*,*,#34377,.F.);
#34390=ORIENTED_EDGE('',*,*,#34385,.T.);
#34391=FACE_OUTER_BOUND('',#34386,.T.);
#34392=ADVANCED_FACE('PartBody',(#34391),#34286,.F.);
#34393=B_SPLINE_SURFACE_WITH_KNOTS('',5,1,((#34394,#34395),(#34396,#34397),(#34398,#34399),(#34400,#34401),(#34402,#34403),(#34404,#34405)),.UNSPECIFIED.,.F.,.F.,.U.,(6,6),(2,2),(0.,3.0035782932),(-1.74653789965E-014,2.17),.UNSPECIFIED.);
#34394=CARTESIAN_POINT('Control Point',(9401.34,-2294.12971283,1837.03488751));
#34395=CARTESIAN_POINT('Control Point',(9403.51,-2294.12971283,1837.03488751));
#34396=CARTESIAN_POINT('Control Point',(9401.34,-2293.61989016,1836.71717672));
#34397=CARTESIAN_POINT('Control Point',(9403.51,-2293.61989016,1836.71717672));
#34398=CARTESIAN_POINT('Control Point',(9401.34,-2293.11006749,1836.39946593));
#34399=CARTESIAN_POINT('Control Point',(9403.51,-2293.11006749,1836.39946593));
#34400=CARTESIAN_POINT('Control Point',(9401.34,-2292.60024482,1836.08175514));
#34401=CARTESIAN_POINT('Control Point',(9403.51,-2292.60024482,1836.08175514));
#34402=CARTESIAN_POINT('Control Point',(9401.34,-2292.09042214,1835.76404435));
#34403=CARTESIAN_POINT('Control Point',(9403.51,-2292.09042215,1835.76404435));
#34404=CARTESIAN_POINT('Control Point',(9401.34,-2291.58059947,1835.44633356));
#34405=CARTESIAN_POINT('Control Point',(9403.51,-2291.58059947,1835.44633356));
#34406=B_SPLINE_CURVE_WITH_KNOTS('',5,(#34407,#34408,#34409,#34410,#34411,#34412),.UNSPECIFIED.,.F.,.U.,(6,6),(0.,3.00357829311),.UNSPECIFIED.);
#34407=CARTESIAN_POINT('Control Point',(9401.34,-2294.12971283,1837.03488751));
#34408=CARTESIAN_POINT('Control Point',(9401.34,-2293.61989016,1836.71717672));
#34409=CARTESIAN_POINT('Control Point',(9401.34,-2293.11006749,1836.39946593));
#34410=CARTESIAN_POINT('Control Point',(9401.34,-2292.60024482,1836.08175514));
#34411=CARTESIAN_POINT('Control Point',(9401.34,-2292.09042215,1835.76404435));
#34412=CARTESIAN_POINT('Control Point',(9401.34,-2291.58059947,1835.44633356));
#34413=CARTESIAN_POINT('Vertex',(9401.34,-2291.58059947,1835.44633356));
#34414=VERTEX_POINT('',#34413);
#34415=EDGE_CURVE('',#34376,#34414,#34406,.T.);
#34416=B_SPLINE_CURVE_WITH_KNOTS('',1,(#34417,#34418),.UNSPECIFIED.,.F.,.U.,(2,2),(0.,2.17),.UNSPECIFIED.);
#34417=CARTESIAN_POINT('Control Point',(9401.34,-2291.58059947,1835.44633356));
#34418=CARTESIAN_POINT('Control Point',(9403.51,-2291.58059947,1835.44633356));
#34419=CARTESIAN_POINT('Vertex',(9403.51,-2291.58059947,1835.44633356));
#34420=VERTEX_POINT('',#34419);
#34421=EDGE_CURVE('',#34414,#34420,#34416,.T.);
#34422=B_SPLINE_CURVE_WITH_KNOTS('',1,(#34423,#34424),.UNSPECIFIED.,.F.,.U.,(2,2),(0.,3.0035782932),.UNSPECIFIED.);
#34423=CARTESIAN_POINT('Control Point',(9403.51,-2294.12971283,1837.03488751));
#34424=CARTESIAN_POINT('Control Point',(9403.51,-2291.58059947,1835.44633356));
#34425=EDGE_CURVE('',#34366,#34420,#34422,.T.);
#34426=EDGE_LOOP('',(#34427,#34428,#34429,#34430));
#34427=ORIENTED_EDGE('',*,*,#34385,.F.);
#34428=ORIENTED_EDGE('',*,*,#34415,.T.);
#34429=ORIENTED_EDGE('',*,*,#34421,.T.);
#34430=ORIENTED_EDGE('',*,*,#34425,.F.);
#34431=FACE_OUTER_BOUND('',#34426,.T.);
#34432=ADVANCED_FACE('PartBody',(#34431),#34393,.T.);
#34433=CARTESIAN_POINT('Axis2P3D Location',(9403.51,0.036083,-0.023389));
#34434=DIRECTION('Axis2P3D Direction',(1,0,0));
#34435=DIRECTION('Axis2P3D XDirection',(0,1,0));
#34436=AXIS2_PLACEMENT_3D('Plane Axis2P3D',#34433,#34434,#34435);
#34437=PLANE('',#34436);
#34438=B_SPLINE_CURVE_WITH_KNOTS('',3,(#34439,#34440,#34441,#34442),.UNSPECIFIED.,.F.,.U.,(4,4),(3.47297776913,5.06753778182),.UNSPECIFIED.);
#34439=CARTESIAN_POINT('Control Point',(9403.51,-2290.383472,1834.4032465));
#34440=CARTESIAN_POINT('Control Point',(9403.51,-2290.72368453,1834.81162004));
#34441=CARTESIAN_POINT('Control Point',(9403.51,-2291.12950261,1835.16521946));
#34442=CARTESIAN_POINT('Control Point',(9403.51,-2291.58059947,1835.44633356));
#34443=CARTESIAN_POINT('Vertex',(9403.51,-2290.383472,1834.4032465));
#34444=VERTEX_POINT('',#34443);
#34445=EDGE_CURVE('',#34420,#34444,#34438,.F.);
#34446=B_SPLINE_CURVE_WITH_KNOTS('',1,(#34447,#34448),.UNSPECIFIED.,.F.,.U.,(2,2),(-30.0370450629,30.0370450629),.UNSPECIFIED.);
#34447=CARTESIAN_POINT('Control Point',(9403.51,-2290.383472,1834.4032465));
#34448=CARTESIAN_POINT('Control Point',(9403.51,-2251.93239942,1788.24686751));
#34449=CARTESIAN_POINT('Vertex',(9403.51,-2251.93239942,1788.24686751));
#34450=VERTEX_POINT('',#34449);
#34451=EDGE_CURVE('',#34444,#34450,#34446,.T.);
#34452=B_SPLINE_CURVE_WITH_KNOTS('',3,(#34453,#34454,#34455,#34456),.UNSPECIFIED.,.F.,.U.,(4,4),(51.7881096667,55.5634749947),.UNSPECIFIED.);
#34453=CARTESIAN_POINT('Control Point',(9403.51,-2251.93239942,1788.24686751));
#34454=CARTESIAN_POINT('Control Point',(9403.51,-2251.12692496,1787.27995482));
#34455=CARTESIAN_POINT('Control Point',(9403.51,-2250.18545622,1786.42649679));
#34456=CARTESIAN_POINT('Control Point',(9403.51,-2249.14438149,1785.71948006));
#34457=CARTESIAN_POINT('Vertex',(9403.51,-2249.14438149,1785.71948006));
#34458=VERTEX_POINT('',#34457);
#34459=EDGE_CURVE('',#34450,#34458,#34452,.T.);
#34460=B_SPLINE_CURVE_WITH_KNOTS('',1,(#34461,#34462),.UNSPECIFIED.,.F.,.U.,(2,2),(-12.2742982938,12.2742982938),.UNSPECIFIED.);
#34461=CARTESIAN_POINT('Control Point',(9403.51,-2249.14438149,1785.71948006));
#34462=CARTESIAN_POINT('Control Point',(9403.51,-2228.83620885,1771.9277536));
#34463=CARTESIAN_POINT('Vertex',(9403.51,-2228.83620885,1771.9277536));
#34464=VERTEX_POINT('',#34463);
#34465=EDGE_CURVE('',#34458,#34464,#34460,.T.);
#34466=B_SPLINE_CURVE_WITH_KNOTS('',5,(#34467,#34468,#34469,#34470,#34471,#34472),.UNSPECIFIED.,.F.,.U.,(6,6),(53.5055685134,74.5244338453),.UNSPECIFIED.);
#34467=CARTESIAN_POINT('Control Point',(9403.51,-2228.83620885,1771.9277536));
#34468=CARTESIAN_POINT('Control Point',(9403.51,-2225.35857831,1769.56601826));
#34469=CARTESIAN_POINT('Control Point',(9403.51,-2220.92550663,1768.60291263));
#34470=CARTESIAN_POINT('Control Point',(9403.51,-2216.29779568,1769.59818868));
#34471=CARTESIAN_POINT('Control Point',(9403.51,-2212.65264651,1772.29866724));
#34472=CARTESIAN_POINT('Control Point',(9403.51,-2210.45346543,1775.88130741));
#34473=CARTESIAN_POINT('Vertex',(9403.51,-2210.45346543,1775.88130741));
#34474=VERTEX_POINT('',#34473);
#34475=EDGE_CURVE('',#34464,#34474,#34466,.T.);
#34476=B_SPLINE_CURVE_WITH_KNOTS('',3,(#34477,#34478,#34479,#34480),.UNSPECIFIED.,.F.,.U.,(4,4),(0.,143.635733203),.UNSPECIFIED.);
#34477=CARTESIAN_POINT('Control Point',(9403.51,-2210.45346543,1775.88130741));
#34478=CARTESIAN_POINT('Control Point',(9403.51,-2198.03605369,1796.11025471));
#34479=CARTESIAN_POINT('Control Point',(9403.51,-2185.38456026,1816.19596485));
#34480=CARTESIAN_POINT('Control Point',(9403.51,-2172.50278238,1836.13242067));
#34481=CARTESIAN_POINT('Vertex',(9403.51,-2172.50278238,1836.13242067));
#34482=VERTEX_POINT('',#34481);
#34483=EDGE_CURVE('',#34474,#34482,#34476,.T.);
#34484=B_SPLINE_CURVE_WITH_KNOTS('',5,(#34485,#34486,#34487,#34488,#34489,#34490),.UNSPECIFIED.,.F.,.U.,(6,6),(77.0786161427,97.9749758182),.UNSPECIFIED.);
#34485=CARTESIAN_POINT('Control Point',(9403.51,-2172.50278238,1836.13242067));
#34486=CARTESIAN_POINT('Control Point',(9403.51,-2170.23465698,1839.64268007));
#34487=CARTESIAN_POINT('Control Point',(9403.51,-2169.3192318,1844.03124004));
#34488=CARTESIAN_POINT('Control Point',(9403.51,-2170.2456597,1848.59486438));
#34489=CARTESIAN_POINT('Control Point',(9403.51,-2172.79987926,1852.27907724));
#34490=CARTESIAN_POINT('Control Point',(9403.51,-2176.25724089,1854.62704752));
#34491=CARTESIAN_POINT('Vertex',(9403.51,-2176.25724089,1854.62704752));
#34492=VERTEX_POINT('',#34491);
#34493=EDGE_CURVE('',#34482,#34492,#34484,.T.);
#34494=B_SPLINE_CURVE_WITH_KNOTS('',1,(#34495,#34496),.UNSPECIFIED.,.F.,.U.,(2,2),(-11.3112658401,11.3112658401),.UNSPECIFIED.);
#34495=CARTESIAN_POINT('Control Point',(9403.51,-2176.25724089,1854.62704752));
#34496=CARTESIAN_POINT('Control Point',(9403.51,-2194.97204917,1867.33668522));
#34497=CARTESIAN_POINT('Vertex',(9403.51,-2194.97204917,1867.33668522));
#34498=VERTEX_POINT('',#34497);
#34499=EDGE_CURVE('',#34492,#34498,#34494,.T.);
#34500=B_SPLINE_CURVE_WITH_KNOTS('',4,(#34501,#34502,#34503,#34504,#34505),.UNSPECIFIED.,.F.,.U.,(5,5),(84.6077952751,94.6636981392),.UNSPECIFIED.);
#34501=CARTESIAN_POINT('Control Point',(9403.51,-2201.81294699,1874.59772559));
#34502=CARTESIAN_POINT('Control Point',(9403.51,-2200.52688075,1872.43760811));
#34503=CARTESIAN_POINT('Control Point',(9403.51,-2198.92583566,1870.46472812));
#34504=CARTESIAN_POINT('Control Point',(9403.51,-2197.05177103,1868.74907005));
#34505=CARTESIAN_POINT('Control Point',(9403.51,-2194.97204917,1867.33668522));
#34506=CARTESIAN_POINT('Vertex',(9403.51,-2201.81294699,1874.59772559));
#34507=VERTEX_POINT('',#34506);
#34508=EDGE_CURVE('',#34498,#34507,#34500,.F.);
#34509=B_SPLINE_CURVE_WITH_KNOTS('',1,(#34510,#34511),.UNSPECIFIED.,.F.,.U.,(2,2),(-28.9448567821,28.9448567821),.UNSPECIFIED.);
#34510=CARTESIAN_POINT('Control Point',(9403.51,-2201.81294699,1874.59772559));
#34511=CARTESIAN_POINT('Control Point',(9403.51,-2231.42739624,1924.33908999));
#34512=CARTESIAN_POINT('Vertex',(9403.51,-2231.42739624,1924.33908999));
#34513=VERTEX_POINT('',#34512);
#34514=EDGE_CURVE('',#34507,#34513,#34509,.T.);
#34515=B_SPLINE_CURVE_WITH_KNOTS('',3,(#34516,#34517,#34518,#34519),.UNSPECIFIED.,.F.,.U.,(4,4),(2.68503570489,4.89002162734),.UNSPECIFIED.);
#34516=CARTESIAN_POINT('Control Point',(9403.51,-2231.42739624,1924.33908999));
#34517=CARTESIAN_POINT('Control Point',(9403.51,-2231.80339536,1924.97062998));
#34518=CARTESIAN_POINT('Control Point',(9403.51,-2232.32062651,1925.51755061));
#34519=CARTESIAN_POINT('Control Point',(9403.51,-2232.93021991,1925.92817694));
#34520=CARTESIAN_POINT('Vertex',(9403.51,-2232.93021991,1925.92817694));
#34521=VERTEX_POINT('',#34520);
#34522=EDGE_CURVE('',#34513,#34521,#34515,.T.);
#34523=B_SPLINE_CURVE_WITH_KNOTS('',1,(#34524,#34525),.UNSPECIFIED.,.F.,.U.,(2,2),(-1.50181585768,1.50181585768),.UNSPECIFIED.);
#34524=CARTESIAN_POINT('Control Point',(9403.51,-2232.93021991,1925.92817694));
#34525=CARTESIAN_POINT('Control Point',(9403.51,-2235.42138425,1927.60624242));
#34526=CARTESIAN_POINT('Vertex',(9403.51006891,-2235.42145958,1927.6062909));
#34527=VERTEX_POINT('',#34526);
#34528=EDGE_CURVE('',#34521,#34527,#34523,.T.);
#34529=B_SPLINE_CURVE_WITH_KNOTS('',3,(#34530,#34531,#34532,#34533),.UNSPECIFIED.,.F.,.U.,(4,4),(78.7914007059,228.805624041),.UNSPECIFIED.);
#34530=CARTESIAN_POINT('Control Point',(9403.51,-2294.1294903,1837.03524452));
#34531=CARTESIAN_POINT('Control Point',(9403.51,-2275.14146838,1867.49788343));
#34532=CARTESIAN_POINT('Control Point',(9403.51,-2255.574875,1897.69410014));
#34533=CARTESIAN_POINT('Control Point',(9403.51,-2235.42138425,1927.60624242));
#34534=EDGE_CURVE('',#34366,#34527,#34529,.T.);
#34535=EDGE_LOOP('',(#34536,#34537,#34538,#34539,#34540,#34541,#34542,#34543,#34544,#34545,#34546,#34547,#34548,#34549));
#34536=ORIENTED_EDGE('',*,*,#34445,.T.);
#34537=ORIENTED_EDGE('',*,*,#34451,.T.);
#34538=ORIENTED_EDGE('',*,*,#34459,.T.);
#34539=ORIENTED_EDGE('',*,*,#34465,.T.);
#34540=ORIENTED_EDGE('',*,*,#34475,.T.);
#34541=ORIENTED_EDGE('',*,*,#34483,.T.);
#34542=ORIENTED_EDGE('',*,*,#34493,.T.);
#34543=ORIENTED_EDGE('',*,*,#34499,.T.);
#34544=ORIENTED_EDGE('',*,*,#34508,.T.);
#34545=ORIENTED_EDGE('',*,*,#34514,.T.);
#34546=ORIENTED_EDGE('',*,*,#34522,.T.);
#34547=ORIENTED_EDGE('',*,*,#34528,.T.);
#34548=ORIENTED_EDGE('',*,*,#34534,.F.);
#34549=ORIENTED_EDGE('',*,*,#34425,.T.);
#34550=FACE_OUTER_BOUND('',#34535,.T.);
#34551=ADVANCED_FACE('PartBody',(#34550),#34437,.T.);
#34552=CARTESIAN_POINT('Axis2P3D Location',(9401.34,-2238.99029517,1778.82361683));
#34553=DIRECTION('Axis2P3D Direction',(0,-0.5618132346388262,-0.827264098933744));
#34554=DIRECTION('Axis2P3D XDirection',(1,0,0));
#34555=AXIS2_PLACEMENT_3D('Plane Axis2P3D',#34552,#34553,#34554);
#34556=PLANE('',#34555);
#34557=CARTESIAN_POINT('Line Origine',(9402.424999999999,-2249.14438149,1785.71948006));
#34558=DIRECTION('Vector Direction',(1,0,0));
#34559=VECTOR('Line Direction',#34558,1.);
#34560=LINE('Line',#34557,#34559);
#34561=CARTESIAN_POINT('Vertex',(9401.34,-2249.14438149,1785.71948006));
#34562=VERTEX_POINT('',#34561);
#34563=EDGE_CURVE('',#34562,#34458,#34560,.T.);
#34564=CARTESIAN_POINT('Line Origine',(9401.34,-2238.99029517,1778.82361683));
#34565=DIRECTION('Vector Direction',(0,0.827264098933744,-0.5618132346388262));
#34566=VECTOR('Line Direction',#34565,1.);
#34567=LINE('Line',#34564,#34566);
#34568=CARTESIAN_POINT('Vertex',(9401.34,-2228.83620885,1771.9277536));
#34569=VERTEX_POINT('',#34568);
#34570=EDGE_CURVE('',#34562,#34569,#34567,.T.);
#34571=CARTESIAN_POINT('Line Origine',(9402.424999999999,-2228.83620885,1771.9277536));
#34572=DIRECTION('Vector Direction',(1,0,0));
#34573=VECTOR('Line Direction',#34572,1.);
#34574=LINE('Line',#34571,#34573);
#34575=EDGE_CURVE('',#34569,#34464,#34574,.T.);
#34576=EDGE_LOOP('',(#34577,#34578,#34579,#34580));
#34577=ORIENTED_EDGE('',*,*,#34563,.F.);
#34578=ORIENTED_EDGE('',*,*,#34570,.T.);
#34579=ORIENTED_EDGE('',*,*,#34575,.T.);
#34580=ORIENTED_EDGE('',*,*,#34465,.F.);
#34581=FACE_OUTER_BOUND('',#34576,.T.);
#34582=ADVANCED_FACE('PartBody',(#34581),#34556,.T.);
#34583=CARTESIAN_POINT('Axis2P3D Location',(9401.34,-2241.55990282,1796.88754539));
#34584=DIRECTION('Axis2P3D Direction',(1,0,0));
#34585=DIRECTION('Axis2P3D XDirection',(0,0.8191520442890162,0.5735764363510113));
#34586=AXIS2_PLACEMENT_3D('Cylinder Axis2P3D',#34583,#34584,#34585);
#34587=CYLINDRICAL_SURFACE('generated cylinder',#34586,13.5);
#34588=CARTESIAN_POINT('Line Origine',(9402.424999999999,-2251.93239942,1788.24686751));
#34589=DIRECTION('Vector Direction',(1,0,0));
#34590=VECTOR('Line Direction',#34589,1.);
#34591=LINE('Line',#34588,#34590);
#34592=CARTESIAN_POINT('Vertex',(9401.34,-2251.93239942,1788.24686751));
#34593=VERTEX_POINT('',#34592);
#34594=EDGE_CURVE('',#34593,#34450,#34591,.T.);
#34595=CARTESIAN_POINT('Axis2P3D Location',(9401.34,-2241.55990282,1796.88754539));
#34596=DIRECTION('Axis2P3D Direction',(1,0,0));
#34597=AXIS2_PLACEMENT_3D('Circle Axis2P3D',#34595,#34596,$);
#34598=CIRCLE('generated circle',#34597,13.5);
#34599=EDGE_CURVE('',#34593,#34562,#34598,.T.);
#34600=EDGE_LOOP('',(#34601,#34602,#34603,#34604));
#34601=ORIENTED_EDGE('',*,*,#34594,.F.);
#34602=ORIENTED_EDGE('',*,*,#34599,.T.);
#34603=ORIENTED_EDGE('',*,*,#34563,.T.);
#34604=ORIENTED_EDGE('',*,*,#34459,.F.);
#34605=FACE_OUTER_BOUND('',#34600,.T.);
#34606=ADVANCED_FACE('PartBody',(#34605),#34587,.T.);
#34607=CARTESIAN_POINT('Axis2P3D Location',(9401.34,-2271.15793571,1811.325057));
#34608=DIRECTION('Axis2P3D Direction',(0,0.768324229268002,0.6400608398580017));
#34609=DIRECTION('Axis2P3D XDirection',(1,0,0));
#34610=AXIS2_PLACEMENT_3D('Plane Axis2P3D',#34607,#34608,#34609);
#34611=PLANE('',#34610);
#34612=CARTESIAN_POINT('Line Origine',(9402.424999999999,-2290.383472,1834.4032465));
#34613=DIRECTION('Vector Direction',(1,0,0));
#34614=VECTOR('Line Direction',#34613,1.);
#34615=LINE('Line',#34612,#34614);
#34616=CARTESIAN_POINT('Vertex',(9401.34,-2290.383472,1834.4032465));
#34617=VERTEX_POINT('',#34616);
#34618=EDGE_CURVE('',#34617,#34444,#34615,.T.);
#34619=CARTESIAN_POINT('Line Origine',(9401.34,-2271.15793571,1811.325057));
#34620=DIRECTION('Vector Direction',(0,0.6400608398580017,-0.768324229268002));
#34621=VECTOR('Line Direction',#34620,1.);
#34622=LINE('Line',#34619,#34621);
#34623=EDGE_CURVE('',#34617,#34593,#34622,.T.);
#34624=EDGE_LOOP('',(#34625,#34626,#34627,#34628));
#34625=ORIENTED_EDGE('',*,*,#34618,.F.);
#34626=ORIENTED_EDGE('',*,*,#34623,.T.);
#34627=ORIENTED_EDGE('',*,*,#34594,.T.);
#34628=ORIENTED_EDGE('',*,*,#34451,.F.);
#34629=FACE_OUTER_BOUND('',#34624,.T.);
#34630=ADVANCED_FACE('PartBody',(#34629),#34611,.F.);
#34631=CARTESIAN_POINT('Axis2P3D Location',(9401.34,-2294.2250352,1831.20287275));
#34632=DIRECTION('Axis2P3D Direction',(1,0,0));
#34633=DIRECTION('Axis2P3D XDirection',(-0,-0.50000000000019,-0.866025403784329));
#34634=AXIS2_PLACEMENT_3D('Cylinder Axis2P3D',#34631,#34632,#34633);
#34635=CYLINDRICAL_SURFACE('generated cylinder',#34634,5.);
#34636=CARTESIAN_POINT('Axis2P3D Location',(9401.34,-2294.2250352,1831.20287275));
#34637=DIRECTION('Axis2P3D Direction',(1,0,0));
#34638=AXIS2_PLACEMENT_3D('Circle Axis2P3D',#34636,#34637,$);
#34639=CIRCLE('generated circle',#34638,5.);
#34640=EDGE_CURVE('',#34414,#34617,#34639,.F.);
#34641=EDGE_LOOP('',(#34642,#34643,#34644,#34645));
#34642=ORIENTED_EDGE('',*,*,#34421,.F.);
#34643=ORIENTED_EDGE('',*,*,#34640,.T.);
#34644=ORIENTED_EDGE('',*,*,#34618,.T.);
#34645=ORIENTED_EDGE('',*,*,#34445,.F.);
#34646=FACE_OUTER_BOUND('',#34641,.T.);
#34647=ADVANCED_FACE('PartBody',(#34646),#34635,.F.);
#34648=CARTESIAN_POINT('Axis2P3D Location',(9401.34,0.036083,-0.023389));
#34649=DIRECTION('Axis2P3D Direction',(1,0,0));
#34650=DIRECTION('Axis2P3D XDirection',(0,1,0));
#34651=AXIS2_PLACEMENT_3D('Plane Axis2P3D',#34648,#34649,#34650);
#34652=PLANE('',#34651);
#34653=B_SPLINE_CURVE_WITH_KNOTS('',5,(#34654,#34655,#34656,#34657,#34658,#34659,#34660,#34661,#34662),.UNSPECIFIED.,.F.,.U.,(6,3,6),(78.7908146703,224.484894724,228.805624041),.UNSPECIFIED.);
#34654=CARTESIAN_POINT('Control Point',(9401.34,-2294.12971283,1837.03488751));
#34655=CARTESIAN_POINT('Control Point',(9401.34,-2283.0649951,1854.78611012));
#34656=CARTESIAN_POINT('Control Point',(9401.34,-2271.83649532,1872.46190148));
#34657=CARTESIAN_POINT('Control Point',(9401.34,-2260.4435667,1890.06073375));
#34658=CARTESIAN_POINT('Control Point',(9401.34,-2248.54269734,1908.10056225));
#34659=CARTESIAN_POINT('Control Point',(9401.34,-2236.46577992,1926.05527045));
#34660=CARTESIAN_POINT('Control Point',(9401.34,-2236.11779421,1926.57233169));
#34661=CARTESIAN_POINT('Control Point',(9401.34,-2235.76966234,1927.08932235));
#34662=CARTESIAN_POINT('Control Point',(9401.34,-2235.42138425,1927.60624242));
#34663=CARTESIAN_POINT('Vertex',(9401.340058099999,-2235.42144688,1927.60628424));
#34664=VERTEX_POINT('',#34663);
#34665=EDGE_CURVE('',#34376,#34664,#34653,.T.);
#34666=CARTESIAN_POINT('Line Origine',(9401.34,-2234.17580208,1926.76720968));
#34667=DIRECTION('Vector Direction',(0,-0.8293840817016698,0.5586788388867776));
#34668=VECTOR('Line Direction',#34667,1.);
#34669=LINE('Line',#34666,#34668);
#34670=CARTESIAN_POINT('Vertex',(9401.34,-2232.93021991,1925.92817694));
#34671=VERTEX_POINT('',#34670);
#34672=EDGE_CURVE('',#34671,#34664,#34669,.T.);
#34673=CARTESIAN_POINT('Axis2P3D Location',(9401.34,-2235.72361411,1921.78125653));
#34674=DIRECTION('Axis2P3D Direction',(1,0,0));
#34675=AXIS2_PLACEMENT_3D('Circle Axis2P3D',#34673,#34674,$);
#34676=CIRCLE('generated circle',#34675,5.);
#34677=CARTESIAN_POINT('Vertex',(9401.34,-2231.42739624,1924.33908999));
#34678=VERTEX_POINT('',#34677);
#34679=EDGE_CURVE('',#34678,#34671,#34676,.T.);
#34680=CARTESIAN_POINT('Line Origine',(9401.34,-2216.62017161,1899.46840779));
#34681=DIRECTION('Vector Direction',(0,-0.5115666917111801,0.8592435742743024));
#34682=VECTOR('Line Direction',#34681,1.);
#34683=LINE('Line',#34680,#34682);
#34684=CARTESIAN_POINT('Vertex',(9401.34,-2201.81294699,1874.59772559));
#34685=VERTEX_POINT('',#34684);
#34686=EDGE_CURVE('',#34685,#34678,#34683,.T.);
#34687=CARTESIAN_POINT('Axis2P3D Location',(9401.34,-2182.05034478,1886.3637595));
#34688=DIRECTION('Axis2P3D Direction',(1,0,0));
#34689=AXIS2_PLACEMENT_3D('Circle Axis2P3D',#34687,#34688,$);
#34690=CIRCLE('generated circle',#34689,23.);
#34691=CARTESIAN_POINT('Vertex',(9401.34,-2194.97204917,1867.33668522));
#34692=VERTEX_POINT('',#34691);
#34693=EDGE_CURVE('',#34692,#34685,#34690,.F.);
#34694=CARTESIAN_POINT('Line Origine',(9401.34,-2185.61464503,1860.98186637));
#34695=DIRECTION('Vector Direction',(0,-0.827264098933744,0.5618132346388262));
#34696=VECTOR('Line Direction',#34695,1.);
#34697=LINE('Line',#34694,#34696);
#34698=CARTESIAN_POINT('Vertex',(9401.34,-2176.25724089,1854.62704752));
#34699=VERTEX_POINT('',#34698);
#34700=EDGE_CURVE('',#34699,#34692,#34697,.T.);
#34701=CARTESIAN_POINT('Axis2P3D Location',(9401.34,-2183.84171956,1843.45898219));
#34702=DIRECTION('Axis2P3D Direction',(1,0,0));
#34703=AXIS2_PLACEMENT_3D('Circle Axis2P3D',#34701,#34702,$);
#34704=CIRCLE('generated circle',#34703,13.5);
#34705=CARTESIAN_POINT('Vertex',(9401.34,-2172.50278238,1836.13242067));
#34706=VERTEX_POINT('',#34705);
#34707=EDGE_CURVE('',#34706,#34699,#34704,.T.);
#34708=B_SPLINE_CURVE_WITH_KNOTS('',5,(#34709,#34710,#34711,#34712,#34713,#34714),.UNSPECIFIED.,.F.,.U.,(6,6),(0.,143.635733203),.UNSPECIFIED.);
#34709=CARTESIAN_POINT('Control Point',(9401.34,-2210.45346543,1775.88130741));
#34710=CARTESIAN_POINT('Control Point',(9401.34,-2203.00301839,1788.01867579));
#34711=CARTESIAN_POINT('Control Point',(9401.34,-2195.48241259,1800.11297604));
#34712=CARTESIAN_POINT('Control Point',(9401.34,-2187.89177158,1812.1639983));
#34713=CARTESIAN_POINT('Control Point',(9401.34,-2180.23184911,1824.17054718));
#34714=CARTESIAN_POINT('Control Point',(9401.34,-2172.50278238,1836.13242067));
#34715=CARTESIAN_POINT('Vertex',(9401.34,-2210.45346543,1775.88130741));
#34716=VERTEX_POINT('',#34715);
#34717=EDGE_CURVE('',#34716,#34706,#34708,.T.);
#34718=CARTESIAN_POINT('Axis2P3D Location',(9401.34,-2221.5326368,1782.68218689));
#34719=DIRECTION('Axis2P3D Direction',(1,0,0));
#34720=AXIS2_PLACEMENT_3D('Circle Axis2P3D',#34718,#34719,$);
#34721=CIRCLE('generated circle',#34720,13.);
#34722=EDGE_CURVE('',#34569,#34716,#34721,.T.);
#34723=EDGE_LOOP('',(#34724,#34725,#34726,#34727,#34728,#34729,#34730,#34731,#34732,#34733,#34734,#34735,#34736,#34737));
#34724=ORIENTED_EDGE('',*,*,#34415,.F.);
#34725=ORIENTED_EDGE('',*,*,#34665,.T.);
#34726=ORIENTED_EDGE('',*,*,#34672,.F.);
#34727=ORIENTED_EDGE('',*,*,#34679,.F.);
#34728=ORIENTED_EDGE('',*,*,#34686,.F.);
#34729=ORIENTED_EDGE('',*,*,#34693,.F.);
#34730=ORIENTED_EDGE('',*,*,#34700,.F.);
#34731=ORIENTED_EDGE('',*,*,#34707,.F.);
#34732=ORIENTED_EDGE('',*,*,#34717,.F.);
#34733=ORIENTED_EDGE('',*,*,#34722,.F.);
#34734=ORIENTED_EDGE('',*,*,#34570,.F.);
#34735=ORIENTED_EDGE('',*,*,#34599,.F.);
#34736=ORIENTED_EDGE('',*,*,#34623,.F.);
#34737=ORIENTED_EDGE('',*,*,#34640,.F.);
#34738=FACE_OUTER_BOUND('',#34723,.T.);
#34739=ADVANCED_FACE('PartBody',(#34738),#34652,.F.);
#34740=CARTESIAN_POINT('Axis2P3D Location',(9401.34,-2221.5326368,1782.68218689));
#34741=DIRECTION('Axis2P3D Direction',(1,0,0));
#34742=DIRECTION('Axis2P3D XDirection',(0,-0.2102609603839136,0.9776452979165984));
#34743=AXIS2_PLACEMENT_3D('Cylinder Axis2P3D',#34740,#34741,#34742);
#34744=CYLINDRICAL_SURFACE('generated cylinder',#34743,13.);
#34745=CARTESIAN_POINT('Line Origine',(9402.424999999999,-2210.45346543,1775.88130741));
#34746=DIRECTION('Vector Direction',(1,0,0));
#34747=VECTOR('Line Direction',#34746,1.);
#34748=LINE('Line',#34745,#34747);
#34749=EDGE_CURVE('',#34716,#34474,#34748,.T.);
#34750=EDGE_LOOP('',(#34751,#34752,#34753,#34754));
#34751=ORIENTED_EDGE('',*,*,#34575,.F.);
#34752=ORIENTED_EDGE('',*,*,#34722,.T.);
#34753=ORIENTED_EDGE('',*,*,#34749,.T.);
#34754=ORIENTED_EDGE('',*,*,#34475,.F.);
#34755=FACE_OUTER_BOUND('',#34750,.T.);
#34756=ADVANCED_FACE('PartBody',(#34755),#34744,.T.);
#34757=B_SPLINE_CURVE_WITH_KNOTS('',5,(#34758,#34759,#34760,#34761,#34762,#34763),.UNSPECIFIED.,.F.,.U.,(6,6),(175.803431175,300.546258063),.UNSPECIFIED.);
#34758=CARTESIAN_POINT('Control Point',(9401.34,-2172.50278238,1836.13242067));
#34759=CARTESIAN_POINT('Control Point',(9401.34,-2180.23189164,1824.17048135));
#34760=CARTESIAN_POINT('Control Point',(9401.34,-2187.89185564,1812.16386653));
#34761=CARTESIAN_POINT('Control Point',(9401.34,-2195.48233027,1800.11310842));
#34762=CARTESIAN_POINT('Control Point',(9401.34,-2203.00297749,1788.01874241));
#34763=CARTESIAN_POINT('Control Point',(9401.34,-2210.45346543,1775.88130741));
#34764=DIRECTION('Vector Direction',(1,0,0));
#34765=VECTOR('Extrusion Surface Vector',#34764,1.);
#34766=SURFACE_OF_LINEAR_EXTRUSION('generated tabulated cylinder',#34757,#34765);
#34767=CARTESIAN_POINT('Line Origine',(9402.424999999999,-2172.50278238,1836.13242067));
#34768=DIRECTION('Vector Direction',(1,0,0));
#34769=VECTOR('Line Direction',#34768,1.);
#34770=LINE('Line',#34767,#34769);
#34771=EDGE_CURVE('',#34706,#34482,#34770,.T.);
#34772=EDGE_LOOP('',(#34773,#34774,#34775,#34776));
#34773=ORIENTED_EDGE('',*,*,#34749,.F.);
#34774=ORIENTED_EDGE('',*,*,#34717,.T.);
#34775=ORIENTED_EDGE('',*,*,#34771,.T.);
#34776=ORIENTED_EDGE('',*,*,#34483,.F.);
#34777=FACE_OUTER_BOUND('',#34772,.T.);
#34778=ADVANCED_FACE('PartBody',(#34777),#34766,.F.);
#34779=CARTESIAN_POINT('Axis2P3D Location',(9401.34,-2183.84171956,1843.45898219));
#34780=DIRECTION('Axis2P3D Direction',(1,0,0));
#34781=DIRECTION('Axis2P3D XDirection',(-0,-0.9800107007834556,-0.1989447821630925));
#34782=AXIS2_PLACEMENT_3D('Cylinder Axis2P3D',#34779,#34780,#34781);
#34783=CYLINDRICAL_SURFACE('generated cylinder',#34782,13.5);
#34784=CARTESIAN_POINT('Line Origine',(9402.424999999999,-2176.25724089,1854.62704752));
#34785=DIRECTION('Vector Direction',(1,0,0));
#34786=VECTOR('Line Direction',#34785,1.);
#34787=LINE('Line',#34784,#34786);
#34788=EDGE_CURVE('',#34699,#34492,#34787,.T.);
#34789=EDGE_LOOP('',(#34790,#34791,#34792,#34793));
#34790=ORIENTED_EDGE('',*,*,#34771,.F.);
#34791=ORIENTED_EDGE('',*,*,#34707,.T.);
#34792=ORIENTED_EDGE('',*,*,#34788,.T.);
#34793=ORIENTED_EDGE('',*,*,#34493,.F.);
#34794=FACE_OUTER_BOUND('',#34789,.T.);
#34795=ADVANCED_FACE('PartBody',(#34794),#34783,.T.);
#34796=CARTESIAN_POINT('Axis2P3D Location',(9401.34,-2185.61464503,1860.98186637));
#34797=DIRECTION('Axis2P3D Direction',(0,-0.5618132346388262,-0.827264098933744));
#34798=DIRECTION('Axis2P3D XDirection',(1,0,0));
#34799=AXIS2_PLACEMENT_3D('Plane Axis2P3D',#34796,#34797,#34798);
#34800=PLANE('',#34799);
#34801=CARTESIAN_POINT('Line Origine',(9402.424999999999,-2194.97204917,1867.33668522));
#34802=DIRECTION('Vector Direction',(1,0,0));
#34803=VECTOR('Line Direction',#34802,1.);
#34804=LINE('Line',#34801,#34803);
#34805=EDGE_CURVE('',#34692,#34498,#34804,.T.);
#34806=EDGE_LOOP('',(#34807,#34808,#34809,#34810));
#34807=ORIENTED_EDGE('',*,*,#34788,.F.);
#34808=ORIENTED_EDGE('',*,*,#34700,.T.);
#34809=ORIENTED_EDGE('',*,*,#34805,.T.);
#34810=ORIENTED_EDGE('',*,*,#34499,.F.);
#34811=FACE_OUTER_BOUND('',#34806,.T.);
#34812=ADVANCED_FACE('PartBody',(#34811),#34800,.F.);
#34813=CARTESIAN_POINT('Axis2P3D Location',(9401.34,-2182.05034478,1886.3637595));
#34814=DIRECTION('Axis2P3D Direction',(1,0,0));
#34815=DIRECTION('Axis2P3D XDirection',(0,0.7278508272793623,0.6857354980083414));
#34816=AXIS2_PLACEMENT_3D('Cylinder Axis2P3D',#34813,#34814,#34815);
#34817=CYLINDRICAL_SURFACE('generated cylinder',#34816,23.);
#34818=CARTESIAN_POINT('Line Origine',(9402.424999999999,-2201.81294699,1874.59772559));
#34819=DIRECTION('Vector Direction',(1,0,0));
#34820=VECTOR('Line Direction',#34819,1.);
#34821=LINE('Line',#34818,#34820);
#34822=EDGE_CURVE('',#34685,#34507,#34821,.T.);
#34823=EDGE_LOOP('',(#34824,#34825,#34826,#34827));
#34824=ORIENTED_EDGE('',*,*,#34805,.F.);
#34825=ORIENTED_EDGE('',*,*,#34693,.T.);
#34826=ORIENTED_EDGE('',*,*,#34822,.T.);
#34827=ORIENTED_EDGE('',*,*,#34508,.F.);
#34828=FACE_OUTER_BOUND('',#34823,.T.);
#34829=ADVANCED_FACE('PartBody',(#34828),#34817,.F.);
#34830=CARTESIAN_POINT('Axis2P3D Location',(9401.34,-2216.62017161,1899.46840779));
#34831=DIRECTION('Axis2P3D Direction',(0,0.8592435742743024,0.5115666917111801));
#34832=DIRECTION('Axis2P3D XDirection',(1,0,0));
#34833=AXIS2_PLACEMENT_3D('Plane Axis2P3D',#34830,#34831,#34832);
#34834=PLANE('',#34833);
#34835=CARTESIAN_POINT('Line Origine',(9402.424999999999,-2231.42739624,1924.33908999));
#34836=DIRECTION('Vector Direction',(1,0,0));
#34837=VECTOR('Line Direction',#34836,1.);
#34838=LINE('Line',#34835,#34837);
#34839=EDGE_CURVE('',#34678,#34513,#34838,.T.);
#34840=EDGE_LOOP('',(#34841,#34842,#34843,#34844));
#34841=ORIENTED_EDGE('',*,*,#34822,.F.);
#34842=ORIENTED_EDGE('',*,*,#34686,.T.);
#34843=ORIENTED_EDGE('',*,*,#34839,.T.);
#34844=ORIENTED_EDGE('',*,*,#34514,.F.);
#34845=FACE_OUTER_BOUND('',#34840,.T.);
#34846=ADVANCED_FACE('PartBody',(#34845),#34834,.T.);
#34847=CARTESIAN_POINT('Axis2P3D Location',(9401.34,-2235.72361411,1921.78125653));
#34848=DIRECTION('Axis2P3D Direction',(1,0,0));
#34849=DIRECTION('Axis2P3D XDirection',(-0,-0.7265521080979568,-0.6871113695889591));
#34850=AXIS2_PLACEMENT_3D('Cylinder Axis2P3D',#34847,#34848,#34849);
#34851=CYLINDRICAL_SURFACE('generated cylinder',#34850,5.);
#34852=CARTESIAN_POINT('Line Origine',(9402.424999999999,-2232.93021991,1925.92817694));
#34853=DIRECTION('Vector Direction',(1,0,0));
#34854=VECTOR('Line Direction',#34853,1.);
#34855=LINE('Line',#34852,#34854);
#34856=EDGE_CURVE('',#34671,#34521,#34855,.T.);
#34857=EDGE_LOOP('',(#34858,#34859,#34860,#34861));
#34858=ORIENTED_EDGE('',*,*,#34839,.F.);
#34859=ORIENTED_EDGE('',*,*,#34679,.T.);
#34860=ORIENTED_EDGE('',*,*,#34856,.T.);
#34861=ORIENTED_EDGE('',*,*,#34522,.F.);
#34862=FACE_OUTER_BOUND('',#34857,.T.);
#34863=ADVANCED_FACE('PartBody',(#34862),#34851,.T.);
#34864=B_SPLINE_SURFACE_WITH_KNOTS('',5,1,((#34865,#34866),(#34867,#34868),(#34869,#34870),(#34871,#34872),(#34873,#34874),(#34875,#34876)),.UNSPECIFIED.,.F.,.F.,.U.,(6,6),(2,2),(0.,3.00363171536),(-4.53688735885E-013,2.17),.UNSPECIFIED.);
#34865=CARTESIAN_POINT('Control Point',(9401.34,-2235.42138425,1927.60624242));
#34866=CARTESIAN_POINT('Control Point',(9403.51,-2235.42138425,1927.60624242));
#34867=CARTESIAN_POINT('Control Point',(9401.34,-2234.92315138,1927.27062932));
#34868=CARTESIAN_POINT('Control Point',(9403.51,-2234.92315138,1927.27062932));
#34869=CARTESIAN_POINT('Control Point',(9401.34,-2234.42491851,1926.93501622));
#34870=CARTESIAN_POINT('Control Point',(9403.51,-2234.42491851,1926.93501622));
#34871=CARTESIAN_POINT('Control Point',(9401.34,-2233.92668565,1926.59940313));
#34872=CARTESIAN_POINT('Control Point',(9403.51,-2233.92668565,1926.59940313));
#34873=CARTESIAN_POINT('Control Point',(9401.34,-2233.42845278,1926.26379003));
#34874=CARTESIAN_POINT('Control Point',(9403.51,-2233.42845278,1926.26379003));
#34875=CARTESIAN_POINT('Control Point',(9401.34,-2232.93021991,1925.92817694));
#34876=CARTESIAN_POINT('Control Point',(9403.51,-2232.93021991,1925.92817694));
#34877=B_SPLINE_CURVE_WITH_KNOTS('',1,(#34878,#34879),.UNSPECIFIED.,.F.,.U.,(2,2),(5.80962928334E-005,2.17),.UNSPECIFIED.);
#34878=CARTESIAN_POINT('Control Point',(9401.340058099999,-2235.42138425,1927.60624242));
#34879=CARTESIAN_POINT('Control Point',(9403.51,-2235.42138425,1927.60624242));
#34880=EDGE_CURVE('',#34527,#34664,#34877,.F.);
#34881=EDGE_LOOP('',(#34882,#34883,#34884,#34885));
#34882=ORIENTED_EDGE('',*,*,#34856,.F.);
#34883=ORIENTED_EDGE('',*,*,#34672,.T.);
#34884=ORIENTED_EDGE('',*,*,#34880,.F.);
#34885=ORIENTED_EDGE('',*,*,#34528,.F.);
#34886=FACE_OUTER_BOUND('',#34881,.T.);
#34887=ADVANCED_FACE('PartBody',(#34886),#34864,.F.);
#34888=B_SPLINE_SURFACE_WITH_KNOTS('',5,5,((#34889,#34890,#34891,#34892,#34893,#34894),(#34895,#34896,#34897,#34898,#34899,#34900),(#34901,#34902,#34903,#34904,#34905,#34906),(#34907,#34908,#34909,#34910,#34911,#34912),(#34913,#34914,#34915,#34916,#34917,#34918),(#34919,#34920,#34921,#34922,#34923,#34924),(#34925,#34926,#34927,#34928,#34929,#34930),(#34931,#34932,#34933,#34934,#34935,#34936),(#34937,#34938,#34939,#34940,#34941,#34942),(#34943,#34944,#34945,#34946,#34947,#34948),(#34949,#34950,#34951,#34952,#34953,#34954),(#34955,#34956,#34957,#34958,#34959,#34960)),.UNSPECIFIED.,.F.,.F.,.U.,(6,3,3,6),(6,6),(0.,1.84018699346,5.52056098038,9.13659254924),(-2.17000000248,2.84640699082E-006),.UNSPECIFIED.);
#34889=CARTESIAN_POINT('Control Point',(9406.167465679999,-2237.96369593,1929.1667099));
#34890=CARTESIAN_POINT('Control Point',(9406.11799626,-2238.3213887,1929.4075817));
#34891=CARTESIAN_POINT('Control Point',(9406.068400169999,-2238.67892773,1929.64847511));
#34892=CARTESIAN_POINT('Control Point',(9406.018871999999,-2239.03650273,1929.88941754));
#34893=CARTESIAN_POINT('Control Point',(9405.969355629999,-2239.39408556,1930.13037001));
#34894=CARTESIAN_POINT('Control Point',(9405.919721799999,-2239.75160278,1930.37123366));
#34895=CARTESIAN_POINT('Control Point',(9405.99289387,-2237.94461379,1929.15964896));
#34896=CARTESIAN_POINT('Control Point',(9405.918335119999,-2238.29976592,1929.39934118));
#34897=CARTESIAN_POINT('Control Point',(9405.84353496,-2238.65455125,1929.63920365));
#34898=CARTESIAN_POINT('Control Point',(9405.768486949999,-2239.00914847,1929.87894542));
#34899=CARTESIAN_POINT('Control Point',(9405.694317629999,-2239.36436732,1930.11918463));
#34900=CARTESIAN_POINT('Control Point',(9405.61910638,-2239.71872055,1930.35904056));
#34901=CARTESIAN_POINT('Control Point',(9405.818713069999,-2237.91364276,1929.14547576));
#34902=CARTESIAN_POINT('Control Point',(9405.72043933,-2238.2635927,1929.38645137));
#34903=CARTESIAN_POINT('Control Point',(9405.61996088,-2238.61466701,1929.62237311));
#34904=CARTESIAN_POINT('Control Point',(9405.519734039999,-2238.96469644,1929.86014493));
#34905=CARTESIAN_POINT('Control Point',(9405.42151158,-2239.3171605,1930.09770117));
#34906=CARTESIAN_POINT('Control Point',(9405.31912713,-2239.66608799,1930.33353324));
#34907=CARTESIAN_POINT('Control Point',(9405.648640669999,-2237.87305438,1929.12521033));
#34908=CARTESIAN_POINT('Control Point',(9405.524364109999,-2238.21661618,1929.36167833));
#34909=CARTESIAN_POINT('Control Point',(9405.39992899,-2238.56175955,1929.59568473));
#34910=CARTESIAN_POINT('Control Point',(9405.27556066,-2238.90702965,1929.82961682));
#34911=CARTESIAN_POINT('Control Point',(9405.1507096,-2239.25200281,1930.06325696));
#34912=CARTESIAN_POINT('Control Point',(9405.02630236,-2239.59737072,1930.29693832));
#34913=CARTESIAN_POINT('Control Point',(9405.148041549999,-2237.71793126,1929.04364228));
#34914=CARTESIAN_POINT('Control Point',(9404.951468899999,-2238.03968531,1929.26750733));
#34915=CARTESIAN_POINT('Control Point',(9404.75473248,-2238.36318448,1929.48860367));
#34916=CARTESIAN_POINT('Control Point',(9404.55797872,-2238.68717787,1929.70903485));
#34917=CARTESIAN_POINT('Control Point',(9404.36122123,-2239.01148034,1929.92901285));
#34918=CARTESIAN_POINT('Control Point',(9404.1638963,-2239.33509994,1930.14884674));
#34919=CARTESIAN_POINT('Control Point',(9404.694601929999,-2237.47411838,1928.90485066));
#34920=CARTESIAN_POINT('Control Point',(9404.431521009999,-2237.76214496,1929.10458723));
#34921=CARTESIAN_POINT('Control Point',(9404.169104189999,-2238.05161774,1929.30354597));
#34922=CARTESIAN_POINT('Control Point',(9403.90651246,-2238.34169759,1929.50134664));
#34923=CARTESIAN_POINT('Control Point',(9403.64372901,-2238.6317146,1929.69900414));
#34924=CARTESIAN_POINT('Control Point',(9403.38257815,-2238.92328152,1929.89731749));
#34925=CARTESIAN_POINT('Control Point',(9404.42119266,-2237.27471704,1928.78755219));
#34926=CARTESIAN_POINT('Control Point',(9404.119465939999,-2237.53600887,1928.96888935));
#34927=CARTESIAN_POINT('Control Point',(9403.817507539999,-2237.79818382,1929.14870028));
#34928=CARTESIAN_POINT('Control Point',(9403.515664,-2238.06085575,1929.32808285));
#34929=CARTESIAN_POINT('Control Point',(9403.213653459999,-2238.32353681,1929.5069725));
#34930=CARTESIAN_POINT('Control Point',(9402.91135715,-2238.58607643,1929.68580189));
#34931=CARTESIAN_POINT('Control Point',(9403.955810559999,-2236.82196814,1928.51389246));
#34932=CARTESIAN_POINT('Control Point',(9403.586428749999,-2237.02104063,1928.65031011));
#34933=CARTESIAN_POINT('Control Point',(9403.21705428,-2237.22005513,1928.78693596));
#34934=CARTESIAN_POINT('Control Point',(9402.84739357,-2237.41912248,1928.92287811));
#34935=CARTESIAN_POINT('Control Point',(9402.478241119999,-2237.6188136,1929.05911221));
#34936=CARTESIAN_POINT('Control Point',(9402.10881548,-2237.81822717,1929.19522484));
#34937=CARTESIAN_POINT('Control Point',(9403.65904814,-2236.27973269,1928.171556));
#34938=CARTESIAN_POINT('Control Point',(9403.247301809999,-2236.40341318,1928.25557323));
#34939=CARTESIAN_POINT('Control Point',(9402.834960419999,-2236.52643603,1928.33918309));
#34940=CARTESIAN_POINT('Control Point',(9402.422974499999,-2236.64968334,1928.42326314));
#34941=CARTESIAN_POINT('Control Point',(9402.010405069999,-2236.77232634,1928.50684398));
#34942=CARTESIAN_POINT('Control Point',(9401.597352519999,-2236.89457201,1928.59000617));
#34943=CARTESIAN_POINT('Control Point',(9403.560551959999,-2235.99816122,1927.99018053));
#34944=CARTESIAN_POINT('Control Point',(9403.133042309999,-2236.08142028,1928.04451563));
#34945=CARTESIAN_POINT('Control Point',(9402.70607919,-2236.16367892,1928.1010364));
#34946=CARTESIAN_POINT('Control Point',(9402.278361679999,-2236.24530894,1928.15678588));
#34947=CARTESIAN_POINT('Control Point',(9401.85321904,-2236.32991629,1928.21432153));
#34948=CARTESIAN_POINT('Control Point',(9401.42675522,-2236.41253088,1928.27101496));
#34949=CARTESIAN_POINT('Control Point',(9403.50951168,-2235.70780369,1927.79914273));
#34950=CARTESIAN_POINT('Control Point',(9403.0751638,-2235.74898185,1927.82679329));
#34951=CARTESIAN_POINT('Control Point',(9402.64063414,-2235.78990333,1927.85438986));
#34952=CARTESIAN_POINT('Control Point',(9402.208446479999,-2235.8334014,1927.88363938));
#34953=CARTESIAN_POINT('Control Point',(9401.771554359999,-2235.87171214,1927.90958063));
#34954=CARTESIAN_POINT('Control Point',(9401.3394942,-2235.91532419,1927.93895646));
#34955=CARTESIAN_POINT('Control Point',(9403.51006891,-2235.42145958,1927.6062909));
#34956=CARTESIAN_POINT('Control Point',(9403.075972159999,-2235.42136549,1927.6062075));
#34957=CARTESIAN_POINT('Control Point',(9402.64197853,-2235.4214271,1927.60614249));
#34958=CARTESIAN_POINT('Control Point',(9402.20803136,-2235.42142952,1927.6062524));
#34959=CARTESIAN_POINT('Control Point',(9401.773967769999,-2235.42135329,1927.60621757));
#34960=CARTESIAN_POINT('Control Point',(9401.340055249999,-2235.42144688,1927.60628424));
#34961=B_SPLINE_CURVE_WITH_KNOTS('',5,(#34962,#34963,#34964,#34965,#34966,#34967),.UNSPECIFIED.,.F.,.U.,(6,6),(0.,10.4995427828),.UNSPECIFIED.);
#34962=CARTESIAN_POINT('Control Point',(9401.340058099999,-2235.42144688,1927.60628424));
#34963=CARTESIAN_POINT('Control Point',(9401.33864036,-2236.66941557,1928.446907));
#34964=CARTESIAN_POINT('Control Point',(9401.89160121,-2237.9332487,1929.27994531));
#34965=CARTESIAN_POINT('Control Point',(9402.98527691,-2238.96702726,1929.93990102));
#34966=CARTESIAN_POINT('Control Point',(9404.427326249999,-2239.58835766,1930.31069983));
#34967=CARTESIAN_POINT('Control Point',(9405.919722119999,-2239.75160043,1930.37123208));
#34968=EDGE_CURVE('',#34664,#33022,#34961,.T.);
#34969=B_SPLINE_CURVE_WITH_KNOTS('',4,(#34970,#34971,#34972,#34973,#34974),.UNSPECIFIED.,.F.,.U.,(5,5),(0.,10.4994346773),.UNSPECIFIED.);
#34970=CARTESIAN_POINT('Control Point',(9403.51006891,-2235.42145958,1927.6062909));
#34971=CARTESIAN_POINT('Control Point',(9403.50830885,-2236.32589731,1928.21542677));
#34972=CARTESIAN_POINT('Control Point',(9404.04752564,-2237.26525425,1928.80019068));
#34973=CARTESIAN_POINT('Control Point',(9405.084155839999,-2237.84528122,1929.12289308));
#34974=CARTESIAN_POINT('Control Point',(9406.167465679999,-2237.96369593,1929.1667099));
#34975=EDGE_CURVE('',#34527,#33020,#34969,.T.);
#34976=EDGE_LOOP('',(#34977,#34978,#34979,#34980));
#34977=ORIENTED_EDGE('',*,*,#34880,.T.);
#34978=ORIENTED_EDGE('',*,*,#34968,.T.);
#34979=ORIENTED_EDGE('',*,*,#33023,.F.);
#34980=ORIENTED_EDGE('',*,*,#34975,.F.);
#34981=FACE_OUTER_BOUND('',#34976,.T.);
#34982=ADVANCED_FACE('PartBody',(#34981),#34888,.T.);
#34983=B_SPLINE_SURFACE_WITH_KNOTS('',5,5,((#34984,#34985,#34986,#34987,#34988,#34989,#34990,#34991,#34992),(#34993,#34994,#34995,#34996,#34997,#34998,#34999,#35000,#35001),(#35002,#35003,#35004,#35005,#35006,#35007,#35008,#35009,#35010),(#35011,#35012,#35013,#35014,#35015,#35016,#35017,#35018,#35019),(#35020,#35021,#35022,#35023,#35024,#35025,#35026,#35027,#35028),(#35029,#35030,#35031,#35032,#35033,#35034,#35035,#35036,#35037)),.UNSPECIFIED.,.F.,.F.,.U.,(6,6),(6,3,6),(78.6180923902,228.805624042),(0.,2.585,5.17),.UNSPECIFIED.);
#34984=CARTESIAN_POINT('Control Point',(9405.9074958,-2298.55297012,1839.64565037));
#34985=CARTESIAN_POINT('Control Point',(9405.16090379,-2298.47862446,1839.59931331));
#34986=CARTESIAN_POINT('Control Point',(9404.430223539999,-2298.2891406,1839.48121463));
#34987=CARTESIAN_POINT('Control Point',(9403.748394709999,-2297.98766939,1839.29331813));
#34988=CARTESIAN_POINT('Control Point',(9402.545045019999,-2297.18844829,1838.79519149));
#34989=CARTESIAN_POINT('Control Point',(9401.74995306,-2296.08103278,1838.10497801));
#34990=CARTESIAN_POINT('Control Point',(9401.476600579999,-2295.47120211,1837.72489182));
#34991=CARTESIAN_POINT('Control Point',(9401.34,-2294.83324656,1837.32727637));
#34992=CARTESIAN_POINT('Control Point',(9401.34,-2294.19529738,1836.92966489));
#34993=CARTESIAN_POINT('Control Point',(9405.90994883,-2287.12888737,1857.97560545));
#34994=CARTESIAN_POINT('Control Point',(9405.163069669999,-2287.05514678,1857.92891748));
#34995=CARTESIAN_POINT('Control Point',(9404.432047889999,-2286.86669203,1857.80960468));
#34996=CARTESIAN_POINT('Control Point',(9403.749857479999,-2286.56664973,1857.61964661));
#34997=CARTESIAN_POINT('Control Point',(9402.545820429999,-2285.77097376,1857.11590312));
#34998=CARTESIAN_POINT('Control Point',(9401.75022256,-2284.66817291,1856.4177214));
#34999=CARTESIAN_POINT('Control Point',(9401.47669032,-2284.06084105,1856.03322084));
#35000=CARTESIAN_POINT('Control Point',(9401.34,-2283.42548018,1855.63097536));
#35001=CARTESIAN_POINT('Control Point',(9401.34,-2282.79012568,1855.22873392));
#35002=CARTESIAN_POINT('Control Point',(9405.91240879,-2275.53042277,1876.22535723));
#35003=CARTESIAN_POINT('Control Point',(9405.165241859999,-2275.45729104,1876.17832487));
#35004=CARTESIAN_POINT('Control Point',(9404.43387769,-2275.26987884,1876.05780439));
#35005=CARTESIAN_POINT('Control Point',(9403.751324679999,-2274.97128839,1875.86579085));
#35006=CARTESIAN_POINT('Control Point',(9402.546598269999,-2274.17922008,1875.35644183));
#35007=CARTESIAN_POINT('Control Point',(9401.75049291,-2273.08112266,1874.65030158));
#35008=CARTESIAN_POINT('Control Point',(9401.476780339999,-2272.4763388,1874.26139116));
#35009=CARTESIAN_POINT('Control Point',(9401.34,-2271.84362419,1873.85451997));
#35010=CARTESIAN_POINT('Control Point',(9401.34,-2271.21091594,1873.44765287));
#35011=CARTESIAN_POINT('Control Point',(9405.914872399999,-2263.75674839,1894.39339841));
#35012=CARTESIAN_POINT('Control Point',(9405.16741747,-2263.68422894,1894.3460279));
#35013=CARTESIAN_POINT('Control Point',(9404.435710489999,-2263.49787276,1894.22430584));
#35014=CARTESIAN_POINT('Control Point',(9403.75279436,-2263.20075747,1894.03024254));
#35015=CARTESIAN_POINT('Control Point',(9402.54737749,-2262.41236081,1893.51529847));
#35016=CARTESIAN_POINT('Control Point',(9401.750763759999,-2261.31905815,1892.80120847));
#35017=CARTESIAN_POINT('Control Point',(9401.47687052,-2260.71687295,1892.40789219));
#35018=CARTESIAN_POINT('Control Point',(9401.34,-2260.08685779,1891.99639911));
#35019=CARTESIAN_POINT('Control Point',(9401.34,-2259.45684896,1891.58491017));
#35020=CARTESIAN_POINT('Control Point',(9405.91733658,-2251.80737889,1912.47744952));
#35021=CARTESIAN_POINT('Control Point',(9405.169593799999,-2251.73547484,1912.42974682));
#35022=CARTESIAN_POINT('Control Point',(9404.437544029999,-2251.55018818,1912.30682897));
#35023=CARTESIAN_POINT('Control Point',(9403.754264699999,-2251.25457178,1912.11072129));
#35024=CARTESIAN_POINT('Control Point',(9402.54815714,-2250.46991229,1911.59019194));
#35025=CARTESIAN_POINT('Control Point',(9401.751034769999,-2249.38149835,1910.86816023));
#35026=CARTESIAN_POINT('Control Point',(9401.476960759999,-2248.78196398,1910.47044175));
#35027=CARTESIAN_POINT('Control Point',(9401.34,-2248.15470305,1910.05433024));
#35028=CARTESIAN_POINT('Control Point',(9401.34,-2247.52744844,1909.63822292));
#35029=CARTESIAN_POINT('Control Point',(9405.9197988,-2239.68097309,1930.4761667));
#35030=CARTESIAN_POINT('Control Point',(9405.17176859,-2239.60968732,1930.42813747));
#35031=CARTESIAN_POINT('Control Point',(9404.4393764,-2239.42548387,1930.30402926));
#35032=CARTESIAN_POINT('Control Point',(9403.75573418,-2239.13139068,1930.10588215));
#35033=CARTESIAN_POINT('Control Point',(9402.548936409999,-2238.3505358,1929.57977636));
#35034=CARTESIAN_POINT('Control Point',(9401.751305649999,-2237.2671076,1928.84980992));
#35035=CARTESIAN_POINT('Control Point',(9401.477050949999,-2236.67027802,1928.4476923));
#35036=CARTESIAN_POINT('Control Point',(9401.34,-2236.04582798,1928.02696523));
#35037=CARTESIAN_POINT('Control Point',(9401.34,-2235.42138425,1927.60624242));
#35038=B_SPLINE_CURVE_WITH_KNOTS('',5,(#35039,#35040,#35041,#35042,#35043,#35044,#35045,#35046,#35047),.UNSPECIFIED.,.F.,.U.,(6,3,6),(78.618092391,224.484894724,228.630554115),.UNSPECIFIED.);
#35039=CARTESIAN_POINT('Control Point',(9405.9074958,-2298.55297012,1839.64565037));
#35040=CARTESIAN_POINT('Control Point',(9405.909878259999,-2287.45754561,1857.4482729));
#35041=CARTESIAN_POINT('Control Point',(9405.912267259999,-2276.19762847,1875.17524047));
#35042=CARTESIAN_POINT('Control Point',(9405.914659759999,-2264.77256201,1892.82502367));
#35043=CARTESIAN_POINT('Control Point',(9405.91712104,-2252.85216685,1910.89537458));
#35044=CARTESIAN_POINT('Control Point',(9405.91958055,-2240.75535851,1928.8805666));
#35045=CARTESIAN_POINT('Control Point',(9405.919648519999,-2240.42092318,1929.37753016));
#35046=CARTESIAN_POINT('Control Point',(9405.919716479999,-2240.08635301,1929.8744287));
#35047=CARTESIAN_POINT('Control Point',(9405.919784449999,-2239.75164796,1930.37126222));
#35048=EDGE_CURVE('',#34269,#33022,#35038,.T.);
#35049=EDGE_LOOP('',(#35050,#35051,#35052,#35053));
#35050=ORIENTED_EDGE('',*,*,#35048,.T.);
#35051=ORIENTED_EDGE('',*,*,#34968,.F.);
#35052=ORIENTED_EDGE('',*,*,#34665,.F.);
#35053=ORIENTED_EDGE('',*,*,#34377,.T.);
#35054=FACE_OUTER_BOUND('',#35049,.T.);
#35055=ADVANCED_FACE('PartBody',(#35054),#34983,.T.);
#35056=B_SPLINE_SURFACE_WITH_KNOTS('',5,5,((#35057,#35058,#35059,#35060,#35061,#35062),(#35063,#35064,#35065,#35066,#35067,#35068),(#35069,#35070,#35071,#35072,#35073,#35074),(#35075,#35076,#35077,#35078,#35079,#35080),(#35081,#35082,#35083,#35084,#35085,#35086),(#35087,#35088,#35089,#35090,#35091,#35092)),.UNSPECIFIED.,.F.,.F.,.U.,(6,6),(6,6),(851.50266653,962.045754595),(-1192.08648289,-1120.44256894),.UNSPECIFIED.);
#35057=CARTESIAN_POINT('Control Point',(9473.07451371,-2306.37630613,1841.82750764));
#35058=CARTESIAN_POINT('Control Point',(9458.83954323,-2304.78936314,1841.28634867));
#35059=CARTESIAN_POINT('Control Point',(9444.606089859999,-2303.19280843,1840.74226407));
#35060=CARTESIAN_POINT('Control Point',(9430.37415299,-2301.58660061,1840.19524076));
#35061=CARTESIAN_POINT('Control Point',(9416.14372539,-2299.97077173,1839.64528853));
#35062=CARTESIAN_POINT('Control Point',(9401.914812089999,-2298.34531014,1839.0924036));
#35063=CARTESIAN_POINT('Control Point',(9473.862419929999,-2294.3613956,1861.24318496));
#35064=CARTESIAN_POINT('Control Point',(9459.62670479,-2292.77917184,1860.7034443));
#35065=CARTESIAN_POINT('Control Point',(9445.392507909999,-2291.18733171,1860.16077674));
#35066=CARTESIAN_POINT('Control Point',(9431.159828899999,-2289.58583139,1859.61516845));
#35067=CARTESIAN_POINT('Control Point',(9416.928660289999,-2287.97470315,1859.06662927));
#35068=CARTESIAN_POINT('Control Point',(9402.699007379999,-2286.35393436,1858.51515512));
#35069=CARTESIAN_POINT('Control Point',(9474.682962049999,-2282.13896062,1880.59560656));
#35070=CARTESIAN_POINT('Control Point',(9460.44651127,-2280.56139667,1880.0572644));
#35071=CARTESIAN_POINT('Control Point',(9446.21157971,-2278.9742117,1879.51599446));
#35072=CARTESIAN_POINT('Control Point',(9431.9781673,-2277.37736098,1878.97178101));
#35073=CARTESIAN_POINT('Control Point',(9417.74626659,-2275.77087632,1878.42463623));
#35074=CARTESIAN_POINT('Control Point',(9403.515882759999,-2274.15474329,1877.87455378));
#35075=CARTESIAN_POINT('Control Point',(9475.536580059999,-2269.70623576,1899.88392023));
#35076=CARTESIAN_POINT('Control Point',(9461.29940462,-2268.13325977,1899.34695304));
#35077=CARTESIAN_POINT('Control Point',(9447.06374931,-2266.55066108,1898.80705762));
#35078=CARTESIAN_POINT('Control Point',(9432.829614439999,-2264.95838953,1898.26421678));
#35079=CARTESIAN_POINT('Control Point',(9418.596991930001,-2263.35647653,1897.71844253));
#35080=CARTESIAN_POINT('Control Point',(9404.36588777,-2261.74491002,1897.16972906));
#35081=CARTESIAN_POINT('Control Point',(9476.423767509999,-2257.06011415,1919.10716864));
#35082=CARTESIAN_POINT('Control Point',(9462.185880269999,-2255.49164213,1918.57154932));
#35083=CARTESIAN_POINT('Control Point',(9447.94951396,-2253.91354368,1918.03300042));
#35084=CARTESIAN_POINT('Control Point',(9433.7146689,-2252.32576875,1917.49150637));
#35085=CARTESIAN_POINT('Control Point',(9419.48133737,-2250.72834855,1916.94707649));
#35086=CARTESIAN_POINT('Control Point',(9405.24952535,-2249.12126729,1916.39970572));
#35087=CARTESIAN_POINT('Control Point',(9477.34508345,-2244.1970701,1938.26426676));
#35088=CARTESIAN_POINT('Control Point',(9463.1064991,-2242.63300644,1937.72996479));
#35089=CARTESIAN_POINT('Control Point',(9448.869436269999,-2241.05931431,1937.19273272));
#35090=CARTESIAN_POINT('Control Point',(9434.63389555,-2239.47594214,1936.6525546));
#35091=CARTESIAN_POINT('Control Point',(9420.39986933,-2237.88292002,1936.10943933));
#35092=CARTESIAN_POINT('Control Point',(9406.167363769999,-2236.28023098,1935.56338148));
#35093=B_SPLINE_CURVE_WITH_KNOTS('',3,(#35094,#35095,#35096,#35097),.UNSPECIFIED.,.F.,.U.,(4,4),(36.2248620519,129.142747629),.UNSPECIFIED.);
#35094=CARTESIAN_POINT('Control Point',(9411.88138502,-2237.06074757,1935.57893265));
#35095=CARTESIAN_POINT('Control Point',(9433.63791481,-2239.45522707,1936.48714469));
#35096=CARTESIAN_POINT('Control Point',(9455.39799128,-2241.82725715,1937.37994252));
#35097=CARTESIAN_POINT('Control Point',(9477.16154178,-2244.17690798,1938.25737917));
#35098=CARTESIAN_POINT('Vertex',(9411.88138028,-2237.06076223,1935.57899357));
#35099=VERTEX_POINT('',#35098);
#35100=EDGE_CURVE('',#33931,#35099,#35093,.F.);
#35101=B_SPLINE_CURVE_WITH_KNOTS('',3,(#35102,#35103,#35104,#35105),.UNSPECIFIED.,.F.,.U.,(4,4),(0.,1.64114648629),.UNSPECIFIED.);
#35102=CARTESIAN_POINT('Control Point',(9411.88138501,-2237.06074768,1935.57893247));
#35103=CARTESIAN_POINT('Control Point',(9411.881348729999,-2237.2190809,1935.34494319));
#35104=CARTESIAN_POINT('Control Point',(9411.88131244,-2237.37737647,1935.11093892));
#35105=CARTESIAN_POINT('Control Point',(9411.88127616,-2237.53563435,1934.87691977));
#35106=EDGE_CURVE('',#35099,#32926,#35101,.T.);
#35107=EDGE_LOOP('',(#35108,#35109,#35110,#35111,#35112,#35113,#35114,#35115,#35116,#35117,#35118,#35119));
#35108=ORIENTED_EDGE('',*,*,#32927,.T.);
#35109=ORIENTED_EDGE('',*,*,#33029,.F.);
#35110=ORIENTED_EDGE('',*,*,#35048,.F.);
#35111=ORIENTED_EDGE('',*,*,#34270,.T.);
#35112=ORIENTED_EDGE('',*,*,#34214,.T.);
#35113=ORIENTED_EDGE('',*,*,#34156,.T.);
#35114=ORIENTED_EDGE('',*,*,#34124,.T.);
#35115=ORIENTED_EDGE('',*,*,#34057,.T.);
#35116=ORIENTED_EDGE('',*,*,#34025,.T.);
#35117=ORIENTED_EDGE('',*,*,#33964,.T.);
#35118=ORIENTED_EDGE('',*,*,#35100,.T.);
#35119=ORIENTED_EDGE('',*,*,#35106,.T.);
#35120=FACE_OUTER_BOUND('',#35107,.T.);
#35121=ADVANCED_FACE('PartBody',(#35120),#35056,.T.);
#35122=B_SPLINE_SURFACE_WITH_KNOTS('',5,5,((#35123,#35124,#35125,#35126,#35127,#35128,#35129,#35130,#35131),(#35132,#35133,#35134,#35135,#35136,#35137,#35138,#35139,#35140),(#35141,#35142,#35143,#35144,#35145,#35146,#35147,#35148,#35149),(#35150,#35151,#35152,#35153,#35154,#35155,#35156,#35157,#35158),(#35159,#35160,#35161,#35162,#35163,#35164,#35165,#35166,#35167),(#35168,#35169,#35170,#35171,#35172,#35173,#35174,#35175,#35176)),.UNSPECIFIED.,.F.,.F.,.U.,(6,6),(6,3,6),(35.9793590678,129.213436875),(-1.5085111979E-013,2.58500000059,5.17000000118),.UNSPECIFIED.);
#35123=CARTESIAN_POINT('Control Point',(9412.43937025,-2229.88004433,1936.96556178));
#35124=CARTESIAN_POINT('Control Point',(9412.34673512,-2230.54807771,1937.42329405));
#35125=CARTESIAN_POINT('Control Point',(9412.249685889999,-2231.30644444,1937.74832029));
#35126=CARTESIAN_POINT('Control Point',(9412.153020739999,-2232.12063196,1937.91669594));
#35127=CARTESIAN_POINT('Control Point',(9411.97096606,-2233.77213613,1937.92187199));
#35128=CARTESIAN_POINT('Control Point',(9411.828238979999,-2235.30501954,1937.29694467));
#35129=CARTESIAN_POINT('Control Point',(9411.77093029,-2236.00049931,1936.83475484));
#35130=CARTESIAN_POINT('Control Point',(9411.73079272,-2236.58720789,1936.24794761));
#35131=CARTESIAN_POINT('Control Point',(9411.708932289999,-2237.0417691,1935.57173395));
#35132=CARTESIAN_POINT('Control Point',(9425.535088369999,-2231.32195138,1937.51147955));
#35133=CARTESIAN_POINT('Control Point',(9425.442871499999,-2231.98995001,1937.96917426));
#35134=CARTESIAN_POINT('Control Point',(9425.346241589999,-2232.74826045,1938.29419455));
#35135=CARTESIAN_POINT('Control Point',(9425.249973980001,-2233.56238016,1938.46260362));
#35136=CARTESIAN_POINT('Control Point',(9425.068624989999,-2235.21375506,1938.46792615));
#35137=CARTESIAN_POINT('Control Point',(9424.92636064,-2236.74657133,1937.84327443));
#35138=CARTESIAN_POINT('Control Point',(9424.86920632,-2237.4420455,1937.38124746));
#35139=CARTESIAN_POINT('Control Point',(9424.829136979999,-2238.02878617,1936.79461303));
#35140=CARTESIAN_POINT('Control Point',(9424.807259379999,-2238.48341895,1936.1185651));
#35141=CARTESIAN_POINT('Control Point',(9438.63188056,-2232.75707926,1938.05274783));
#35142=CARTESIAN_POINT('Control Point',(9438.54008155,-2233.42504317,1938.51040502));
#35143=CARTESIAN_POINT('Control Point',(9438.443870560001,-2234.18329746,1938.83541927));
#35144=CARTESIAN_POINT('Control Point',(9438.348000129999,-2234.99734953,1939.00386152));
#35145=CARTESIAN_POINT('Control Point',(9438.16735625,-2236.6485955,1939.00932979));
#35146=CARTESIAN_POINT('Control Point',(9438.025554419999,-2238.18134476,1938.38495251));
#35147=CARTESIAN_POINT('Control Point',(9437.968554499999,-2238.87681328,1937.92308773));
#35148=CARTESIAN_POINT('Control Point',(9437.92855352,-2239.46358588,1937.33662545));
#35149=CARTESIAN_POINT('Control Point',(9437.906659,-2239.91828992,1936.66074263));
#35150=CARTESIAN_POINT('Control Point',(9451.72974029,-2234.18543186,1938.58936947));
#35151=CARTESIAN_POINT('Control Point',(9451.63835883,-2234.85336112,1939.04698919));
#35152=CARTESIAN_POINT('Control Point',(9451.54256643,-2235.61155941,1939.37199733));
#35153=CARTESIAN_POINT('Control Point',(9451.44709288,-2236.42554405,1939.54047255));
#35154=CARTESIAN_POINT('Control Point',(9451.267153639999,-2238.07666148,1939.54608579));
#35155=CARTESIAN_POINT('Control Point',(9451.12581421,-2239.60934388,1938.92198173));
#35156=CARTESIAN_POINT('Control Point',(9451.06896873,-2240.30480674,1938.46027845));
#35157=CARTESIAN_POINT('Control Point',(9451.02903627,-2240.8916111,1937.87398761));
#35158=CARTESIAN_POINT('Control Point',(9451.00712509,-2241.34638609,1937.19826927));
#35159=CARTESIAN_POINT('Control Point',(9464.828655179999,-2235.6070048,1939.1213419));
#35160=CARTESIAN_POINT('Control Point',(9464.73769068,-2236.27489947,1939.57892422));
#35161=CARTESIAN_POINT('Control Point',(9464.6423163,-2237.03304191,1939.90392617));
#35162=CARTESIAN_POINT('Control Point',(9464.547239080001,-2237.84695932,1940.07243411));
#35163=CARTESIAN_POINT('Control Point',(9464.36800359,-2239.49794859,1940.07819152));
#35164=CARTESIAN_POINT('Control Point',(9464.22712614,-2241.03056429,1939.4543594));
#35165=CARTESIAN_POINT('Control Point',(9464.17043504,-2241.72602146,1938.9928169));
#35166=CARTESIAN_POINT('Control Point',(9464.13057121,-2242.3128574,1938.40669677));
#35167=CARTESIAN_POINT('Control Point',(9464.108643629999,-2242.767703,1937.73114224));
#35168=CARTESIAN_POINT('Control Point',(9477.928628289999,-2237.02182837,1939.64868565));
#35169=CARTESIAN_POINT('Control Point',(9477.83807944,-2237.68968844,1940.1062306));
#35170=CARTESIAN_POINT('Control Point',(9477.74312175,-2238.44777512,1940.43122626));
#35171=CARTESIAN_POINT('Control Point',(9477.64843963,-2239.26162544,1940.59976665));
#35172=CARTESIAN_POINT('Control Point',(9477.469905739999,-2240.91248685,1940.60566737));
#35173=CARTESIAN_POINT('Control Point',(9477.32948903,-2242.44503593,1939.98210581));
#35174=CARTESIAN_POINT('Control Point',(9477.27295198,-2243.14048736,1939.52072334));
#35175=CARTESIAN_POINT('Control Point',(9477.23315674,-2243.72735469,1938.93477314));
#35176=CARTESIAN_POINT('Control Point',(9477.211213009999,-2244.18227056,1938.25938173));
#35177=B_SPLINE_CURVE_WITH_KNOTS('',5,(#35178,#35179,#35180,#35181,#35182,#35183),.UNSPECIFIED.,.F.,.U.,(6,6),(5.72306940423E-005,10.9696503928),.UNSPECIFIED.);
#35178=CARTESIAN_POINT('Control Point',(9411.88138481,-2237.0607254,1935.57896864));
#35179=CARTESIAN_POINT('Control Point',(9411.8814659,-2236.14603958,1936.93066657));
#35180=CARTESIAN_POINT('Control Point',(9411.954629869999,-2234.70140303,1937.92410392));
#35181=CARTESIAN_POINT('Control Point',(9412.10056674,-2232.92598256,1938.26894806));
#35182=CARTESIAN_POINT('Control Point',(9412.286445379999,-2231.22218806,1937.88406995));
#35183=CARTESIAN_POINT('Control Point',(9412.471798799999,-2229.8836514,1936.96693847));
#35184=EDGE_CURVE('',#35099,#33494,#35177,.T.);
#35185=EDGE_LOOP('',(#35186,#35187,#35188,#35189));
#35186=ORIENTED_EDGE('',*,*,#35184,.F.);
#35187=ORIENTED_EDGE('',*,*,#35100,.F.);
#35188=ORIENTED_EDGE('',*,*,#33932,.T.);
#35189=ORIENTED_EDGE('',*,*,#33505,.T.);
#35190=FACE_OUTER_BOUND('',#35185,.T.);
#35191=ADVANCED_FACE('PartBody',(#35190),#35122,.F.);
#35192=B_SPLINE_SURFACE_WITH_KNOTS('',5,5,((#35193,#35194,#35195,#35196,#35197,#35198),(#35199,#35200,#35201,#35202,#35203,#35204),(#35205,#35206,#35207,#35208,#35209,#35210),(#35211,#35212,#35213,#35214,#35215,#35216),(#35217,#35218,#35219,#35220,#35221,#35222),(#35223,#35224,#35225,#35226,#35227,#35228)),.UNSPECIFIED.,.F.,.F.,.U.,(6,6),(6,6),(0.,9.65582174176),(-9.13250171977E-007,2.17000000023),.UNSPECIFIED.);
#35193=CARTESIAN_POINT('Control Point',(9412.47179999,-2229.88362681,1936.9669746));
#35194=CARTESIAN_POINT('Control Point',(9412.459911529999,-2230.1277009,1936.60821977));
#35195=CARTESIAN_POINT('Control Point',(9412.44804551,-2230.37181477,1936.24964706));
#35196=CARTESIAN_POINT('Control Point',(9412.43611665,-2230.61590089,1935.89095109));
#35197=CARTESIAN_POINT('Control Point',(9412.424217509999,-2230.85999361,1935.53229343));
#35198=CARTESIAN_POINT('Control Point',(9412.41218127,-2231.10408976,1935.17368124));
#35199=CARTESIAN_POINT('Control Point',(9412.286780889999,-2231.22007812,1937.88199944));
#35200=CARTESIAN_POINT('Control Point',(9412.29038622,-2231.35200915,1937.4467881));
#35201=CARTESIAN_POINT('Control Point',(9412.294336999999,-2231.48392765,1937.01113214));
#35202=CARTESIAN_POINT('Control Point',(9412.2978069,-2231.61582499,1936.57567789));
#35203=CARTESIAN_POINT('Control Point',(9412.301630709999,-2231.74774923,1936.14034224));
#35204=CARTESIAN_POINT('Control Point',(9412.30502919,-2231.87960595,1935.70463545));
#35205=CARTESIAN_POINT('Control Point',(9412.10110389,-2232.92081912,1938.27090293));
#35206=CARTESIAN_POINT('Control Point',(9412.125906649999,-2232.91055888,1937.80285849));
#35207=CARTESIAN_POINT('Control Point',(9412.14927414,-2232.90003658,1937.33526761));
#35208=CARTESIAN_POINT('Control Point',(9412.17398673,-2232.88965087,1936.86748434));
#35209=CARTESIAN_POINT('Control Point',(9412.19632196,-2232.87915885,1936.39943543));
#35210=CARTESIAN_POINT('Control Point',(9412.21326778,-2232.86805654,1935.93140362));
#35211=CARTESIAN_POINT('Control Point',(9411.95427969,-2234.70630288,1937.92441348));
#35212=CARTESIAN_POINT('Control Point',(9411.98915388,-2234.54572978,1937.48568765));
#35213=CARTESIAN_POINT('Control Point',(9412.026034189999,-2234.38564825,1937.04679728));
#35214=CARTESIAN_POINT('Control Point',(9412.061876219999,-2234.22541801,1936.60804736));
#35215=CARTESIAN_POINT('Control Point',(9412.102717259999,-2234.06540328,1936.16957641));
#35216=CARTESIAN_POINT('Control Point',(9412.152371729999,-2233.90650799,1935.7316108));
#35217=CARTESIAN_POINT('Control Point',(9411.881733459999,-2236.14706819,1936.92822386));
#35218=CARTESIAN_POINT('Control Point',(9411.93138955,-2235.86676603,1936.57347027));
#35219=CARTESIAN_POINT('Control Point',(9411.980189619999,-2235.58615599,1936.21861486));
#35220=CARTESIAN_POINT('Control Point',(9412.030038479999,-2235.30565617,1935.86377824));
#35221=CARTESIAN_POINT('Control Point',(9412.07862473,-2235.02520405,1935.50906069));
#35222=CARTESIAN_POINT('Control Point',(9412.128221359999,-2234.74454464,1935.15433548));
#35223=CARTESIAN_POINT('Control Point',(9411.88138028,-2237.06076223,1935.57899357));
#35224=CARTESIAN_POINT('Control Point',(9411.930808990001,-2236.70363622,1935.33725913));
#35225=CARTESIAN_POINT('Control Point',(9411.98027711,-2236.34654954,1935.09565326));
#35226=CARTESIAN_POINT('Control Point',(9412.029588949999,-2235.98944482,1934.85399737));
#35227=CARTESIAN_POINT('Control Point',(9412.07910621,-2235.6323399,1934.61233284));
#35228=CARTESIAN_POINT('Control Point',(9412.12837289,-2235.27524023,1934.37072252));
#35229=B_SPLINE_CURVE_WITH_KNOTS('',5,(#35230,#35231,#35232,#35233,#35234,#35235),.UNSPECIFIED.,.F.,.U.,(6,6),(-9.13250171977E-007,2.17000000023),.UNSPECIFIED.);
#35230=CARTESIAN_POINT('Control Point',(9411.88138028,-2237.06076223,1935.57899357));
#35231=CARTESIAN_POINT('Control Point',(9411.930808990001,-2236.70363622,1935.33725913));
#35232=CARTESIAN_POINT('Control Point',(9411.98027711,-2236.34654954,1935.09565326));
#35233=CARTESIAN_POINT('Control Point',(9412.029588949999,-2235.98944482,1934.85399737));
#35234=CARTESIAN_POINT('Control Point',(9412.07910621,-2235.6323399,1934.61233284));
#35235=CARTESIAN_POINT('Control Point',(9412.12837289,-2235.27524023,1934.37072252));
#35236=EDGE_CURVE('',#35099,#33086,#35229,.T.);
#35237=B_SPLINE_CURVE_WITH_KNOTS('',5,(#35238,#35239,#35240,#35241,#35242,#35243),.UNSPECIFIED.,.F.,.U.,(6,6),(-9.13250171977E-007,2.17000000023),.UNSPECIFIED.);
#35238=CARTESIAN_POINT('Control Point',(9412.47179999,-2229.88362681,1936.9669746));
#35239=CARTESIAN_POINT('Control Point',(9412.459911529999,-2230.1277009,1936.60821977));
#35240=CARTESIAN_POINT('Control Point',(9412.44804551,-2230.37181477,1936.24964706));
#35241=CARTESIAN_POINT('Control Point',(9412.43611665,-2230.61590089,1935.89095109));
#35242=CARTESIAN_POINT('Control Point',(9412.424217509999,-2230.85999361,1935.53229343));
#35243=CARTESIAN_POINT('Control Point',(9412.41218127,-2231.10408976,1935.17368124));
#35244=EDGE_CURVE('',#33293,#33494,#35237,.F.);
#35245=EDGE_LOOP('',(#35246,#35247,#35248,#35249));
#35246=ORIENTED_EDGE('',*,*,#35236,.F.);
#35247=ORIENTED_EDGE('',*,*,#35184,.T.);
#35248=ORIENTED_EDGE('',*,*,#35244,.F.);
#35249=ORIENTED_EDGE('',*,*,#33312,.F.);
#35250=FACE_OUTER_BOUND('',#35245,.T.);
#35251=ADVANCED_FACE('PartBody',(#35250),#35192,.F.);
#35252=B_SPLINE_SURFACE_WITH_KNOTS('',5,5,((#35253,#35254,#35255,#35256,#35257,#35258),(#35259,#35260,#35261,#35262,#35263,#35264),(#35265,#35266,#35267,#35268,#35269,#35270),(#35271,#35272,#35273,#35274,#35275,#35276),(#35277,#35278,#35279,#35280,#35281,#35282),(#35283,#35284,#35285,#35286,#35287,#35288),(#35289,#35290,#35291,#35292,#35293,#35294),(#35295,#35296,#35297,#35298,#35299,#35300),(#35301,#35302,#35303,#35304,#35305,#35306),(#35307,#35308,#35309,#35310,#35311,#35312),(#35313,#35314,#35315,#35316,#35317,#35318),(#35319,#35320,#35321,#35322,#35323,#35324)),.UNSPECIFIED.,.F.,.F.,.U.,(6,3,3,6),(6,6),(0.,0.471014215432,0.941311167912,1.42616935406),(-2.17000091325,9.13250171977E-007),.UNSPECIFIED.);
#35253=CARTESIAN_POINT('Control Point',(9412.128256919999,-2235.74978503,1933.6691814));
#35254=CARTESIAN_POINT('Control Point',(9412.078858859999,-2236.10695465,1933.91072892));
#35255=CARTESIAN_POINT('Control Point',(9412.02946009,-2236.46412366,1934.15227619));
#35256=CARTESIAN_POINT('Control Point',(9411.980062049999,-2236.82129374,1934.39382391));
#35257=CARTESIAN_POINT('Control Point',(9411.930667909999,-2237.17846738,1934.6353733));
#35258=CARTESIAN_POINT('Control Point',(9411.881270489999,-2237.53563866,1934.87692158));
#35259=CARTESIAN_POINT('Control Point',(9412.128261329999,-2235.71843959,1933.71551835));
#35260=CARTESIAN_POINT('Control Point',(9412.07886435,-2236.07560457,1933.95707244));
#35261=CARTESIAN_POINT('Control Point',(9412.029465359999,-2236.43276935,1934.1986264));
#35262=CARTESIAN_POINT('Control Point',(9411.98006851,-2236.78993498,1934.44018078));
#35263=CARTESIAN_POINT('Control Point',(9411.93067464,-2237.14710389,1934.68173667));
#35264=CARTESIAN_POINT('Control Point',(9411.881277689999,-2237.50427121,1934.92329178));
#35265=CARTESIAN_POINT('Control Point',(9412.12826498,-2235.68709413,1933.76185527));
#35266=CARTESIAN_POINT('Control Point',(9412.07887087,-2236.04425463,1934.00341607));
#35267=CARTESIAN_POINT('Control Point',(9412.029469990001,-2236.40141478,1934.24497649));
#35268=CARTESIAN_POINT('Control Point',(9411.980074769999,-2236.75857646,1934.48653774));
#35269=CARTESIAN_POINT('Control Point',(9411.93068216,-2237.11573993,1934.72809987));
#35270=CARTESIAN_POINT('Control Point',(9411.88128421,-2237.472904,1934.96966206));
#35271=CARTESIAN_POINT('Control Point',(9412.128269569999,-2235.65574912,1933.80819241));
#35272=CARTESIAN_POINT('Control Point',(9412.07887549,-2236.01290348,1934.04975909));
#35273=CARTESIAN_POINT('Control Point',(9412.029474789999,-2236.37006079,1934.29132683));
#35274=CARTESIAN_POINT('Control Point',(9411.98008017,-2236.72721824,1934.53289481));
#35275=CARTESIAN_POINT('Control Point',(9411.93068763,-2237.08437658,1934.77446325));
#35276=CARTESIAN_POINT('Control Point',(9411.881291919999,-2237.44153645,1935.01603225));
#35277=CARTESIAN_POINT('Control Point',(9412.12827861,-2235.59310636,1933.90079594));
#35278=CARTESIAN_POINT('Control Point',(9412.078884799999,-2235.95025003,1934.14237504));
#35279=CARTESIAN_POINT('Control Point',(9412.029484589999,-2236.30740004,1934.38395672));
#35280=CARTESIAN_POINT('Control Point',(9411.98009137,-2236.66454876,1934.62553802));
#35281=CARTESIAN_POINT('Control Point',(9411.93070115,-2237.02169732,1934.86711936));
#35282=CARTESIAN_POINT('Control Point',(9411.88130615,-2237.3788494,1935.10870208));
#35283=CARTESIAN_POINT('Control Point',(9412.12828769,-2235.53046318,1933.99339928));
#35284=CARTESIAN_POINT('Control Point',(9412.078893899999,-2235.88759717,1934.23499123));
#35285=CARTESIAN_POINT('Control Point',(9412.029494099999,-2236.24473888,1934.47658642));
#35286=CARTESIAN_POINT('Control Point',(9411.98010237,-2236.6018788,1934.71818102));
#35287=CARTESIAN_POINT('Control Point',(9411.930714849999,-2236.95901857,1934.95977569));
#35288=CARTESIAN_POINT('Control Point',(9411.881320439999,-2237.31616198,1935.20137175));
#35289=CARTESIAN_POINT('Control Point',(9412.12829217,-2235.49916535,1934.03966562));
#35290=CARTESIAN_POINT('Control Point',(9412.07889828,-2235.85629468,1934.28126407));
#35291=CARTESIAN_POINT('Control Point',(9412.029498149999,-2236.21343204,1934.52286591));
#35292=CARTESIAN_POINT('Control Point',(9411.98010755,-2236.57056762,1934.76446719));
#35293=CARTESIAN_POINT('Control Point',(9411.93072174,-2236.92770314,1935.00606859));
#35294=CARTESIAN_POINT('Control Point',(9411.881327499999,-2237.28484204,1935.24767122));
#35295=CARTESIAN_POINT('Control Point',(9412.128301799999,-2235.43560049,1934.13363073));
#35296=CARTESIAN_POINT('Control Point',(9412.078906839999,-2235.79272064,1934.37524248));
#35297=CARTESIAN_POINT('Control Point',(9412.02950782,-2236.14984911,1934.61685784));
#35298=CARTESIAN_POINT('Control Point',(9411.98011859,-2236.50697571,1934.85847258));
#35299=CARTESIAN_POINT('Control Point',(9411.930736009999,-2236.86410291,1935.10008779));
#35300=CARTESIAN_POINT('Control Point',(9411.88134202,-2237.22123221,1935.3417036));
#35301=CARTESIAN_POINT('Control Point',(9412.128312209999,-2235.37203529,1934.22759572));
#35302=CARTESIAN_POINT('Control Point',(9412.0789164,-2235.72914729,1934.4692212));
#35303=CARTESIAN_POINT('Control Point',(9412.029521659999,-2236.0862662,1934.71084987));
#35304=CARTESIAN_POINT('Control Point',(9411.98013201,-2236.4433837,1934.95247799));
#35305=CARTESIAN_POINT('Control Point',(9411.93075204,-2236.80050329,1935.1941073));
#35306=CARTESIAN_POINT('Control Point',(9411.881356379999,-2237.15762194,1935.43573577));
#35307=CARTESIAN_POINT('Control Point',(9412.12831912,-2235.33976805,1934.27529444));
#35308=CARTESIAN_POINT('Control Point',(9412.07890405,-2235.69687502,1934.51692608));
#35309=CARTESIAN_POINT('Control Point',(9412.02951269,-2236.05398819,1934.75856115));
#35310=CARTESIAN_POINT('Control Point',(9411.980124379999,-2236.41110121,1935.00019616));
#35311=CARTESIAN_POINT('Control Point',(9411.93075297,-2236.76821847,1935.24183346));
#35312=CARTESIAN_POINT('Control Point',(9411.881364159999,-2237.12533174,1935.48346854));
#35313=CARTESIAN_POINT('Control Point',(9412.128321479999,-2235.30750023,1934.32299278));
#35314=CARTESIAN_POINT('Control Point',(9412.07890656,-2235.66460465,1934.5646322));
#35315=CARTESIAN_POINT('Control Point',(9412.02949581,-2236.02170867,1934.80627153));
#35316=CARTESIAN_POINT('Control Point',(9411.98012156,-2236.37882079,1935.04791538));
#35317=CARTESIAN_POINT('Control Point',(9411.930754289999,-2236.73593247,1935.28955907));
#35318=CARTESIAN_POINT('Control Point',(9411.881371879999,-2237.09304186,1935.53120145));
#35319=CARTESIAN_POINT('Control Point',(9412.12832577,-2235.27523308,1934.37069147));
#35320=CARTESIAN_POINT('Control Point',(9412.07895268,-2235.63233744,1934.61234064));
#35321=CARTESIAN_POINT('Control Point',(9412.02957013,-2235.98943889,1934.85398828));
#35322=CARTESIAN_POINT('Control Point',(9411.980184029999,-2236.3465457,1935.09563837));
#35323=CARTESIAN_POINT('Control Point',(9411.930775769999,-2236.70364884,1935.33728621));
#35324=CARTESIAN_POINT('Control Point',(9411.88137979,-2237.06075208,1935.5789344));
#35325=EDGE_LOOP('',(#35326,#35327,#35328,#35329));
#35326=ORIENTED_EDGE('',*,*,#33087,.T.);
#35327=ORIENTED_EDGE('',*,*,#32931,.T.);
#35328=ORIENTED_EDGE('',*,*,#35106,.F.);
#35329=ORIENTED_EDGE('',*,*,#35236,.T.);
#35330=FACE_OUTER_BOUND('',#35325,.T.);
#35331=ADVANCED_FACE('PartBody',(#35330),#35252,.F.);
#35332=B_SPLINE_CURVE_WITH_KNOTS('',5,(#35333,#35334,#35335,#35336,#35337,#35338),.UNSPECIFIED.,.F.,.U.,(6,6),(7.34760770337,8.7566171828),.UNSPECIFIED.);
#35333=CARTESIAN_POINT('Control Point',(9412.471803779999,-2229.88361542,1936.96691381));
#35334=CARTESIAN_POINT('Control Point',(9412.49443506,-2229.72030012,1936.85501171));
#35335=CARTESIAN_POINT('Control Point',(9412.51706634,-2229.55698483,1936.74310961));
#35336=CARTESIAN_POINT('Control Point',(9412.53969761,-2229.39366954,1936.63120751));
#35337=CARTESIAN_POINT('Control Point',(9412.562328889999,-2229.23035424,1936.51930541));
#35338=CARTESIAN_POINT('Control Point',(9412.584960169999,-2229.06703895,1936.40740331));
#35339=DIRECTION('Vector Direction',(0.02747666488330261,0.5624271919270534,0.8263901540240784));
#35340=VECTOR('Extrusion Surface Vector',#35339,1.);
#35341=SURFACE_OF_LINEAR_EXTRUSION('generated tabulated cylinder',#35332,#35340);
#35342=CARTESIAN_POINT('Line Origine',(9412.55514799,-2229.67727245,1935.51077));
#35343=DIRECTION('Vector Direction',(0.02747666488350246,0.5624271919270503,0.8263901540240739));
#35344=VECTOR('Line Direction',#35343,1.);
#35345=LINE('Line',#35342,#35344);
#35346=EDGE_CURVE('',#33401,#33484,#35345,.T.);
#35347=EDGE_LOOP('',(#35348,#35349,#35350,#35351));
#35348=ORIENTED_EDGE('',*,*,#35244,.T.);
#35349=ORIENTED_EDGE('',*,*,#33495,.T.);
#35350=ORIENTED_EDGE('',*,*,#35346,.F.);
#35351=ORIENTED_EDGE('',*,*,#33402,.F.);
#35352=FACE_OUTER_BOUND('',#35347,.T.);
#35353=ADVANCED_FACE('PartBody',(#35352),#35341,.F.);
#35354=B_SPLINE_SURFACE_WITH_KNOTS('',5,5,((#35355,#35356,#35357,#35358,#35359,#35360),(#35361,#35362,#35363,#35364,#35365,#35366),(#35367,#35368,#35369,#35370,#35371,#35372),(#35373,#35374,#35375,#35376,#35377,#35378),(#35379,#35380,#35381,#35382,#35383,#35384),(#35385,#35386,#35387,#35388,#35389,#35390),(#35391,#35392,#35393,#35394,#35395,#35396),(#35397,#35398,#35399,#35400,#35401,#35402),(#35403,#35404,#35405,#35406,#35407,#35408),(#35409,#35410,#35411,#35412,#35413,#35414),(#35415,#35416,#35417,#35418,#35419,#35420),(#35421,#35422,#35423,#35424,#35425,#35426),(#35427,#35428,#35429,#35430,#35431,#35432),(#35433,#35434,#35435,#35436,#35437,#35438),(#35439,#35440,#35441,#35442,#35443,#35444),(#35445,#35446,#35447,#35448,#35449,#35450),(#35451,#35452,#35453,#35454,#35455,#35456),(#35457,#35458,#35459,#35460,#35461,#35462),(#35463,#35464,#35465,#35466,#35467,#35468),(#35469,#35470,#35471,#35472,#35473,#35474),(#35475,#35476,#35477,#35478,#35479,#35480)),.UNSPECIFIED.,.F.,.F.,.U.,(6,3,3,3,3,3,6),(6,6),(78.618092389,89.0635611662,109.954498721,172.627311384,195.808654805,217.806634296,228.805624041),(0.,5.17),.UNSPECIFIED.);
#35355=CARTESIAN_POINT('Control Point',(9406.160286849999,-2296.72406863,1838.50528335));
#35356=CARTESIAN_POINT('Control Point',(9405.295024179999,-2296.64684403,1838.44009066));
#35357=CARTESIAN_POINT('Control Point',(9404.458740189999,-2296.29096651,1838.21300021));
#35358=CARTESIAN_POINT('Control Point',(9403.83012868,-2295.68392355,1837.84983915));
#35359=CARTESIAN_POINT('Control Point',(9403.50842367,-2294.9349303,1837.38844122));
#35360=CARTESIAN_POINT('Control Point',(9403.51012347,-2294.19514131,1836.93014605));
#35361=CARTESIAN_POINT('Control Point',(9406.160624349999,-2295.92976301,1839.78012975));
#35362=CARTESIAN_POINT('Control Point',(9405.29560198,-2295.85043306,1839.71855681));
#35363=CARTESIAN_POINT('Control Point',(9404.45864508,-2295.49241773,1839.49333868));
#35364=CARTESIAN_POINT('Control Point',(9403.83043188,-2294.89135226,1839.12225984));
#35365=CARTESIAN_POINT('Control Point',(9403.50819445,-2294.14199562,1838.66030931));
#35366=CARTESIAN_POINT('Control Point',(9403.509885519999,-2293.40218374,1838.20195634));
#35367=CARTESIAN_POINT('Control Point',(9406.16053666,-2295.13517244,1841.05298622));
#35368=CARTESIAN_POINT('Control Point',(9405.295638789999,-2295.05330045,1840.99543701));
#35369=CARTESIAN_POINT('Control Point',(9404.45906759,-2294.69633793,1840.7694863));
#35370=CARTESIAN_POINT('Control Point',(9403.83030625,-2294.09601535,1840.39628973));
#35371=CARTESIAN_POINT('Control Point',(9403.508212700001,-2293.34850167,1839.93189501));
#35372=CARTESIAN_POINT('Control Point',(9403.50998493,-2292.60803441,1839.47459201));
#35373=CARTESIAN_POINT('Control Point',(9406.16064405,-2294.33945737,1842.32622215));
#35374=CARTESIAN_POINT('Control Point',(9405.29582381,-2294.25744717,1842.26911919));
#35375=CARTESIAN_POINT('Control Point',(9404.45911351,-2293.90003075,1842.04363874));
#35376=CARTESIAN_POINT('Control Point',(9403.83044389,-2293.30003666,1841.67014751));
#35377=CARTESIAN_POINT('Control Point',(9403.50829799,-2292.55260686,1841.20549125));
#35378=CARTESIAN_POINT('Control Point',(9403.51005207,-2291.81306694,1840.74673133));
#35379=CARTESIAN_POINT('Control Point',(9406.1610194,-2291.94991182,1846.14468014));
#35380=CARTESIAN_POINT('Control Point',(9405.29626053,-2291.86607505,1846.09061845));
#35381=CARTESIAN_POINT('Control Point',(9404.459498029999,-2291.50862522,1845.86527916));
#35382=CARTESIAN_POINT('Control Point',(9403.830606519999,-2290.91018776,1845.48913745));
#35383=CARTESIAN_POINT('Control Point',(9403.508295219999,-2290.16425056,1845.02186437));
#35384=CARTESIAN_POINT('Control Point',(9403.50994482,-2289.42589547,1844.56097131));
#35385=CARTESIAN_POINT('Control Point',(9406.161252509999,-2289.55275745,1849.95938865));
#35386=CARTESIAN_POINT('Control Point',(9405.29648107,-2289.46904047,1849.90539348));
#35387=CARTESIAN_POINT('Control Point',(9404.45964451,-2289.11165797,1849.68001837));
#35388=CARTESIAN_POINT('Control Point',(9403.830738119999,-2288.51329027,1849.30379026));
#35389=CARTESIAN_POINT('Control Point',(9403.50840784,-2287.76803527,1848.8353754));
#35390=CARTESIAN_POINT('Control Point',(9403.51003487,-2287.0310004,1848.37232084));
#35391=CARTESIAN_POINT('Control Point',(9406.16147888,-2287.95127776,1852.50110247));
#35392=CARTESIAN_POINT('Control Point',(9405.29666935,-2287.86732091,1852.44755825));
#35393=CARTESIAN_POINT('Control Point',(9404.45977229,-2287.51013717,1852.22190937));
#35394=CARTESIAN_POINT('Control Point',(9403.830778129999,-2286.91234084,1851.84471286));
#35395=CARTESIAN_POINT('Control Point',(9403.50838788,-2286.16766669,1851.37525935));
#35396=CARTESIAN_POINT('Control Point',(9403.509989910001,-2285.4311015,1850.91134041));
#35397=CARTESIAN_POINT('Control Point',(9406.162257059999,-2281.53191432,1862.66134044));
#35398=CARTESIAN_POINT('Control Point',(9405.29730271,-2281.4480564,1862.60808018));
#35399=CARTESIAN_POINT('Control Point',(9404.46016038,-2281.0916185,1862.38141561));
#35400=CARTESIAN_POINT('Control Point',(9403.83095654,-2280.49512559,1862.00204992));
#35401=CARTESIAN_POINT('Control Point',(9403.508438209999,-2279.75229969,1861.52936497));
#35402=CARTESIAN_POINT('Control Point',(9403.51001296,-2279.01785685,1861.06178889));
#35403=CARTESIAN_POINT('Control Point',(9406.163070159999,-2275.05838341,1872.79661777));
#35404=CARTESIAN_POINT('Control Point',(9405.29791712,-2274.97495618,1872.7430531));
#35405=CARTESIAN_POINT('Control Point',(9404.460504229999,-2274.61958709,1872.51486579));
#35406=CARTESIAN_POINT('Control Point',(9403.83105312,-2274.02469083,1872.1328583));
#35407=CARTESIAN_POINT('Control Point',(9403.5084075,-2273.28358514,1871.6571603));
#35408=CARTESIAN_POINT('Control Point',(9403.50998846,-2272.55066937,1871.18688759));
#35409=CARTESIAN_POINT('Control Point',(9406.16365291,-2270.1728386,1880.38363668));
#35410=CARTESIAN_POINT('Control Point',(9405.298367919999,-2270.08972507,1880.32989884));
#35411=CARTESIAN_POINT('Control Point',(9404.460759969999,-2269.73502507,1880.10078784));
#35412=CARTESIAN_POINT('Control Point',(9403.831157479999,-2269.14109892,1879.71720524));
#35413=CARTESIAN_POINT('Control Point',(9403.50842459,-2268.40128223,1879.23927932));
#35414=CARTESIAN_POINT('Control Point',(9403.51000681,-2267.66977149,1878.76661565));
#35415=CARTESIAN_POINT('Control Point',(9406.16447727,-2263.43833429,1890.75735226));
#35416=CARTESIAN_POINT('Control Point',(9405.299003689999,-2263.35557518,1890.70346426));
#35417=CARTESIAN_POINT('Control Point',(9404.461124329999,-2263.00191037,1890.47291751));
#35418=CARTESIAN_POINT('Control Point',(9403.83127316,-2262.40957857,1890.0867375));
#35419=CARTESIAN_POINT('Control Point',(9403.50841377,-2261.67159537,1889.60567595));
#35420=CARTESIAN_POINT('Control Point',(9403.509996119999,-2260.94181986,1889.1300334));
#35421=CARTESIAN_POINT('Control Point',(9406.16529062,-2256.6464284,1901.10375341));
#35422=CARTESIAN_POINT('Control Point',(9405.299624629999,-2256.56413684,1901.04955848));
#35423=CARTESIAN_POINT('Control Point',(9404.46147296,-2256.21148308,1900.81762603));
#35424=CARTESIAN_POINT('Control Point',(9403.83139926,-2255.62062604,1900.42909225));
#35425=CARTESIAN_POINT('Control Point',(9403.50841448,-2254.88443847,1899.94497809));
#35426=CARTESIAN_POINT('Control Point',(9403.51000161,-2254.15648536,1899.46626739));
#35427=CARTESIAN_POINT('Control Point',(9406.165517489999,-2254.80836562,1903.8953893));
#35428=CARTESIAN_POINT('Control Point',(9405.299800389999,-2254.72615694,1903.84117224));
#35429=CARTESIAN_POINT('Control Point',(9404.46157241,-2254.3738068,1903.60881985));
#35430=CARTESIAN_POINT('Control Point',(9403.83142327,-2253.78341219,1903.21953483));
#35431=CARTESIAN_POINT('Control Point',(9403.50840909,-2253.04773577,1902.73457166));
#35432=CARTESIAN_POINT('Control Point',(9403.50999653,-2252.32022094,1902.25510752));
#35433=CARTESIAN_POINT('Control Point',(9406.165933939999,-2251.21790067,1909.33220445));
#35434=CARTESIAN_POINT('Control Point',(9405.300110119999,-2251.1360441,1909.27767401));
#35435=CARTESIAN_POINT('Control Point',(9404.461743149999,-2250.78421387,1909.04461979));
#35436=CARTESIAN_POINT('Control Point',(9403.83149638,-2250.19453507,1908.65422044));
#35437=CARTESIAN_POINT('Control Point',(9403.50840875,-2249.4597551,1908.16771013));
#35438=CARTESIAN_POINT('Control Point',(9403.51000523,-2248.73322633,1907.68661597));
#35439=CARTESIAN_POINT('Control Point',(9406.166387739999,-2247.61149792,1914.76145777));
#35440=CARTESIAN_POINT('Control Point',(9405.30045151,-2247.52993267,1914.70668564));
#35441=CARTESIAN_POINT('Control Point',(9404.461925449999,-2247.17879879,1914.47265953));
#35442=CARTESIAN_POINT('Control Point',(9403.831519969999,-2246.59005631,1914.08073809));
#35443=CARTESIAN_POINT('Control Point',(9403.508390359999,-2245.85620752,1913.59270237));
#35444=CARTESIAN_POINT('Control Point',(9403.510001479999,-2245.1303179,1913.11046664));
#35445=CARTESIAN_POINT('Control Point',(9406.1665533,-2245.85175711,1917.40305399));
#35446=CARTESIAN_POINT('Control Point',(9405.300534829999,-2245.77074363,1917.34756275));
#35447=CARTESIAN_POINT('Control Point',(9404.461941419999,-2245.41987597,1917.11317979));
#35448=CARTESIAN_POINT('Control Point',(9403.83154315,-2244.83129671,1916.72107437));
#35449=CARTESIAN_POINT('Control Point',(9403.50836708,-2244.09771676,1916.23249592));
#35450=CARTESIAN_POINT('Control Point',(9403.510010959999,-2243.37230829,1915.74952317));
#35451=CARTESIAN_POINT('Control Point',(9406.166925899999,-2243.20648784,1921.36291297));
#35452=CARTESIAN_POINT('Control Point',(9405.300814009999,-2243.12561814,1921.307316));
#35453=CARTESIAN_POINT('Control Point',(9404.46207073,-2242.77555074,1921.07177277));
#35454=CARTESIAN_POINT('Control Point',(9403.83145555,-2242.18802183,1920.67787537));
#35455=CARTESIAN_POINT('Control Point',(9403.508298029999,-2241.45513619,1920.18826294));
#35456=CARTESIAN_POINT('Control Point',(9403.509970789999,-2240.72959374,1919.70530585));
#35457=CARTESIAN_POINT('Control Point',(9406.167184869999,-2240.55258649,1925.31861478));
#35458=CARTESIAN_POINT('Control Point',(9405.300791289999,-2240.47419077,1925.25942828));
#35459=CARTESIAN_POINT('Control Point',(9404.461903649999,-2240.1249524,1925.02269237));
#35460=CARTESIAN_POINT('Control Point',(9403.83140325,-2239.53706821,1924.6295264));
#35461=CARTESIAN_POINT('Control Point',(9403.508218229999,-2238.80385866,1924.14016509));
#35462=CARTESIAN_POINT('Control Point',(9403.51002412,-2238.07826396,1923.65730996));
#35463=CARTESIAN_POINT('Control Point',(9406.16726749,-2239.66729372,1926.63632919));
#35464=CARTESIAN_POINT('Control Point',(9405.30081038,-2239.58911918,1926.57680749));
#35465=CARTESIAN_POINT('Control Point',(9404.461943,-2239.24084422,1926.33888154));
#35466=CARTESIAN_POINT('Control Point',(9403.831121289999,-2238.65272476,1925.94543858));
#35467=CARTESIAN_POINT('Control Point',(9403.508216439999,-2237.9199335,1925.45599713));
#35468=CARTESIAN_POINT('Control Point',(9403.51004209,-2237.19357436,1924.97414377));
#35469=CARTESIAN_POINT('Control Point',(9406.167564879999,-2238.78022963,1927.95507429));
#35470=CARTESIAN_POINT('Control Point',(9405.30078539,-2238.70512024,1927.89092349));
#35471=CARTESIAN_POINT('Control Point',(9404.461492319999,-2238.3559292,1927.65350215));
#35472=CARTESIAN_POINT('Control Point',(9403.831525239999,-2237.76808027,1927.26130196));
#35473=CARTESIAN_POINT('Control Point',(9403.50809329,-2237.03342976,1926.77333751));
#35474=CARTESIAN_POINT('Control Point',(9403.509871779999,-2236.30816608,1926.28984113));
#35475=CARTESIAN_POINT('Control Point',(9406.16741772,-2237.89326852,1929.27115997));
#35476=CARTESIAN_POINT('Control Point',(9405.30042118,-2237.82030265,1929.20380503));
#35477=CARTESIAN_POINT('Control Point',(9404.46186874,-2237.473202,1928.96500201));
#35478=CARTESIAN_POINT('Control Point',(9403.831199999999,-2236.87867749,1928.58050974));
#35479=CARTESIAN_POINT('Control Point',(9403.50839159,-2236.14548496,1928.09169528));
#35480=CARTESIAN_POINT('Control Point',(9403.510097729999,-2235.42123686,1927.60663121));
#35481=EDGE_LOOP('',(#35482,#35483,#35484,#35485));
#35482=ORIENTED_EDGE('',*,*,#34367,.F.);
#35483=ORIENTED_EDGE('',*,*,#34534,.T.);
#35484=ORIENTED_EDGE('',*,*,#34975,.T.);
#35485=ORIENTED_EDGE('',*,*,#33190,.F.);
#35486=FACE_OUTER_BOUND('',#35481,.T.);
#35487=ADVANCED_FACE('PartBody',(#35486),#35354,.F.);
#35488=B_SPLINE_CURVE_WITH_KNOTS('',5,(#35489,#35490,#35491,#35492,#35493,#35494),.UNSPECIFIED.,.F.,.U.,(6,6),(0.,0.981433971423),.UNSPECIFIED.);
#35489=CARTESIAN_POINT('Control Point',(9412.58495482,-2229.06703786,1936.40740275));
#35490=CARTESIAN_POINT('Control Point',(9412.597770709999,-2228.97455387,1936.34403359));
#35491=CARTESIAN_POINT('Control Point',(9412.607439039999,-2228.8816234,1936.28046522));
#35492=CARTESIAN_POINT('Control Point',(9412.613937549999,-2228.78825916,1936.21670702));
#35493=CARTESIAN_POINT('Control Point',(9412.6172338,-2228.69472482,1936.15293953));
#35494=CARTESIAN_POINT('Control Point',(9412.61732067,-2228.6010381,1936.08917505));
#35495=DIRECTION('Vector Direction',(0.02747666488330261,0.5624271919270534,0.8263901540240784));
#35496=VECTOR('Extrusion Surface Vector',#35495,1.);
#35497=SURFACE_OF_LINEAR_EXTRUSION('generated tabulated cylinder',#35488,#35496);
#35498=CARTESIAN_POINT('Line Origine',(9412.58750849,-2229.21127161,1935.19254173));
#35499=DIRECTION('Vector Direction',(0.02747666488350246,0.5624271919270503,0.8263901540240739));
#35500=VECTOR('Line Direction',#35499,1.);
#35501=LINE('Line',#35498,#35500);
#35502=EDGE_CURVE('',#33333,#33482,#35501,.T.);
#35503=EDGE_LOOP('',(#35504,#35505,#35506,#35507));
#35504=ORIENTED_EDGE('',*,*,#33408,.T.);
#35505=ORIENTED_EDGE('',*,*,#35346,.T.);
#35506=ORIENTED_EDGE('',*,*,#33485,.F.);
#35507=ORIENTED_EDGE('',*,*,#35502,.F.);
#35508=FACE_OUTER_BOUND('',#35503,.T.);
#35509=ADVANCED_FACE('PartBody',(#35508),#35497,.F.);
#35510=B_SPLINE_CURVE_WITH_KNOTS('',5,(#35511,#35512,#35513,#35514,#35515,#35516),.UNSPECIFIED.,.F.,.U.,(6,6),(2732.69342116,2749.54792498),.UNSPECIFIED.);
#35511=CARTESIAN_POINT('Control Point',(9401.34,-2143.70834283,1872.25957693));
#35512=CARTESIAN_POINT('Control Point',(9401.34,-2144.7951422,1870.63976805));
#35513=CARTESIAN_POINT('Control Point',(9401.34,-2145.88035757,1869.01904476));
#35514=CARTESIAN_POINT('Control Point',(9401.34,-2146.96398116,1867.39741881));
#35515=CARTESIAN_POINT('Control Point',(9401.34,-2148.0460047,1865.77490263));
#35516=CARTESIAN_POINT('Control Point',(9401.34,-2149.12641947,1864.15150937));
#35517=DIRECTION('Vector Direction',(1,0,0));
#35518=VECTOR('Extrusion Surface Vector',#35517,1.);
#35519=SURFACE_OF_LINEAR_EXTRUSION('generated tabulated cylinder',#35510,#35518);
#35520=CARTESIAN_POINT('Line Origine',(9402.424999999999,-2149.12641947,1864.15150937));
#35521=DIRECTION('Vector Direction',(1,0,0));
#35522=VECTOR('Line Direction',#35521,1.);
#35523=LINE('Line',#35520,#35522);
#35524=CARTESIAN_POINT('Vertex',(9401.34,-2149.12641947,1864.15150937));
#35525=VERTEX_POINT('',#35524);
#35526=CARTESIAN_POINT('Vertex',(9403.51,-2149.12641947,1864.15150937));
#35527=VERTEX_POINT('',#35526);
#35528=EDGE_CURVE('',#35525,#35527,#35523,.T.);
#35529=B_SPLINE_CURVE_WITH_KNOTS('',3,(#35530,#35531,#35532,#35533),.UNSPECIFIED.,.F.,.U.,(4,4),(0.,19.4723045074),.UNSPECIFIED.);
#35530=CARTESIAN_POINT('Control Point',(9401.34,-2149.12641947,1864.15150937));
#35531=CARTESIAN_POINT('Control Point',(9401.34,-2147.3256598,1866.85726756));
#35532=CARTESIAN_POINT('Control Point',(9401.34,-2145.51961182,1869.55998978));
#35533=CARTESIAN_POINT('Control Point',(9401.34,-2143.70834283,1872.25957693));
#35534=EDGE_CURVE('',#35525,#33700,#35529,.T.);
#35535=B_SPLINE_CURVE_WITH_KNOTS('',3,(#35536,#35537,#35538,#35539),.UNSPECIFIED.,.F.,.U.,(4,4),(0.,19.4723045074),.UNSPECIFIED.);
#35536=CARTESIAN_POINT('Control Point',(9403.51,-2149.12641947,1864.15150937));
#35537=CARTESIAN_POINT('Control Point',(9403.51,-2147.3256598,1866.85726756));
#35538=CARTESIAN_POINT('Control Point',(9403.51,-2145.51961182,1869.55998978));
#35539=CARTESIAN_POINT('Control Point',(9403.51,-2143.70834283,1872.25957693));
#35540=EDGE_CURVE('',#35527,#33755,#35535,.T.);
#35541=EDGE_LOOP('',(#35542,#35543,#35544,#35545));
#35542=ORIENTED_EDGE('',*,*,#35528,.F.);
#35543=ORIENTED_EDGE('',*,*,#35534,.T.);
#35544=ORIENTED_EDGE('',*,*,#33756,.F.);
#35545=ORIENTED_EDGE('',*,*,#35540,.F.);
#35546=FACE_OUTER_BOUND('',#35541,.T.);
#35547=ADVANCED_FACE('PartBody',(#35546),#35519,.F.);
#35548=CARTESIAN_POINT('Axis2P3D Location',(9401.34,-2159.9487541,1871.35408343));
#35549=DIRECTION('Axis2P3D Direction',(1,0,0));
#35550=DIRECTION('Axis2P3D XDirection',(0,-0.1922976691929492,0.9813366427597409));
#35551=AXIS2_PLACEMENT_3D('Cylinder Axis2P3D',#35548,#35549,#35550);
#35552=CYLINDRICAL_SURFACE('generated cylinder',#35551,13.);
#35553=CARTESIAN_POINT('Line Origine',(9402.424999999999,-2167.25232615,1860.59965014));
#35554=DIRECTION('Vector Direction',(1,0,0));
#35555=VECTOR('Line Direction',#35554,1.);
#35556=LINE('Line',#35553,#35555);
#35557=CARTESIAN_POINT('Vertex',(9401.34,-2167.25232615,1860.59965014));
#35558=VERTEX_POINT('',#35557);
#35559=CARTESIAN_POINT('Vertex',(9403.51,-2167.25232615,1860.59965014));
#35560=VERTEX_POINT('',#35559);
#35561=EDGE_CURVE('',#35558,#35560,#35556,.T.);
#35562=CARTESIAN_POINT('Axis2P3D Location',(9401.34,-2159.9487541,1871.35408343));
#35563=DIRECTION('Axis2P3D Direction',(1,0,0));
#35564=AXIS2_PLACEMENT_3D('Circle Axis2P3D',#35562,#35563,$);
#35565=CIRCLE('generated circle',#35564,13.);
#35566=EDGE_CURVE('',#35558,#35525,#35565,.T.);
#35567=CARTESIAN_POINT('Axis2P3D Location',(9403.51,-2159.9487541,1871.35408343));
#35568=DIRECTION('Axis2P3D Direction',(1,0,0));
#35569=AXIS2_PLACEMENT_3D('Circle Axis2P3D',#35567,#35568,$);
#35570=CIRCLE('generated circle',#35569,13.);
#35571=EDGE_CURVE('',#35560,#35527,#35570,.T.);
#35572=EDGE_LOOP('',(#35573,#35574,#35575,#35576));
#35573=ORIENTED_EDGE('',*,*,#35561,.F.);
#35574=ORIENTED_EDGE('',*,*,#35566,.T.);
#35575=ORIENTED_EDGE('',*,*,#35528,.T.);
#35576=ORIENTED_EDGE('',*,*,#35571,.F.);
#35577=FACE_OUTER_BOUND('',#35572,.T.);
#35578=ADVANCED_FACE('PartBody',(#35577),#35552,.T.);
#35579=CARTESIAN_POINT('Axis2P3D Location',(9401.34,-2178.30312062,1868.10448759));
#35580=DIRECTION('Axis2P3D Direction',(0,-0.5618132346388262,-0.827264098933744));
#35581=DIRECTION('Axis2P3D XDirection',(1,0,0));
#35582=AXIS2_PLACEMENT_3D('Plane Axis2P3D',#35579,#35580,#35581);
#35583=PLANE('',#35582);
#35584=CARTESIAN_POINT('Line Origine',(9402.424999999999,-2189.35391509,1875.60932503));
#35585=DIRECTION('Vector Direction',(1,0,0));
#35586=VECTOR('Line Direction',#35585,1.);
#35587=LINE('Line',#35584,#35586);
#35588=CARTESIAN_POINT('Vertex',(9401.34,-2189.35391509,1875.60932503));
#35589=VERTEX_POINT('',#35588);
#35590=CARTESIAN_POINT('Vertex',(9403.51,-2189.35391509,1875.60932503));
#35591=VERTEX_POINT('',#35590);
#35592=EDGE_CURVE('',#35589,#35591,#35587,.T.);
#35593=CARTESIAN_POINT('Line Origine',(9401.34,-2178.30312062,1868.10448759));
#35594=DIRECTION('Vector Direction',(0,0.827264098933744,-0.5618132346388262));
#35595=VECTOR('Line Direction',#35594,1.);
#35596=LINE('Line',#35593,#35595);
#35597=EDGE_CURVE('',#35589,#35558,#35596,.T.);
#35598=CARTESIAN_POINT('Line Origine',(9403.51,-2178.30312062,1868.10448759));
#35599=DIRECTION('Vector Direction',(0,0.827264098933744,-0.5618132346388262));
#35600=VECTOR('Line Direction',#35599,1.);
#35601=LINE('Line',#35598,#35600);
#35602=EDGE_CURVE('',#35591,#35560,#35601,.T.);
#35603=EDGE_LOOP('',(#35604,#35605,#35606,#35607));
#35604=ORIENTED_EDGE('',*,*,#35592,.F.);
#35605=ORIENTED_EDGE('',*,*,#35597,.T.);
#35606=ORIENTED_EDGE('',*,*,#35561,.T.);
#35607=ORIENTED_EDGE('',*,*,#35602,.F.);
#35608=FACE_OUTER_BOUND('',#35603,.T.);
#35609=ADVANCED_FACE('PartBody',(#35608),#35583,.T.);
#35610=B_SPLINE_CURVE_WITH_KNOTS('',5,(#35611,#35612,#35613,#35614,#35615,#35616),.UNSPECIFIED.,.F.,.U.,(6,6),(33.2287081786,53.5055685135),.UNSPECIFIED.);
#35611=CARTESIAN_POINT('Control Point',(9403.51,-2192.88473522,1893.54818216));
#35612=CARTESIAN_POINT('Control Point',(9403.51,-2195.12592843,1890.16837513));
#35613=CARTESIAN_POINT('Control Point',(9403.51,-2196.05491217,1885.9140665));
#35614=CARTESIAN_POINT('Control Point',(9403.51,-2195.18072082,1881.47260727));
#35615=CARTESIAN_POINT('Control Point',(9403.51,-2192.7087788,1877.88768673));
#35616=CARTESIAN_POINT('Control Point',(9403.51,-2189.35391509,1875.60932503));
#35617=CARTESIAN_POINT('Vertex',(9403.51,-2192.88473522,1893.54818216));
#35618=VERTEX_POINT('',#35617);
#35619=EDGE_CURVE('',#35618,#35591,#35610,.T.);
#35620=B_SPLINE_CURVE_WITH_KNOTS('',1,(#35621,#35622),.UNSPECIFIED.,.F.,.U.,(2,2),(7.33284498918,60.0698954996),.UNSPECIFIED.);
#35621=CARTESIAN_POINT('Control Point',(9403.51,-2187.3061827,1901.93153095));
#35622=CARTESIAN_POINT('Control Point',(9403.51,-2143.70834283,1872.25957693));
#35623=EDGE_CURVE('',#33664,#33755,#35620,.T.);
#35624=B_SPLINE_CURVE_WITH_KNOTS('',3,(#35625,#35626,#35627,#35628),.UNSPECIFIED.,.F.,.U.,(4,4),(0.,22.509604397),.UNSPECIFIED.);
#35625=CARTESIAN_POINT('Control Point',(9403.51,-2187.3061827,1901.93153095));
#35626=CARTESIAN_POINT('Control Point',(9403.51,-2189.17019607,1899.14007694));
#35627=CARTESIAN_POINT('Control Point',(9403.51,-2191.02971711,1896.34562204));
#35628=CARTESIAN_POINT('Control Point',(9403.51,-2192.88473522,1893.54818216));
#35629=EDGE_CURVE('',#33664,#35618,#35624,.T.);
#35630=EDGE_LOOP('',(#35631,#35632,#35633,#35634,#35635,#35636));
#35631=ORIENTED_EDGE('',*,*,#35619,.T.);
#35632=ORIENTED_EDGE('',*,*,#35602,.T.);
#35633=ORIENTED_EDGE('',*,*,#35571,.T.);
#35634=ORIENTED_EDGE('',*,*,#35540,.T.);
#35635=ORIENTED_EDGE('',*,*,#35623,.F.);
#35636=ORIENTED_EDGE('',*,*,#35629,.T.);
#35637=FACE_OUTER_BOUND('',#35630,.T.);
#35638=ADVANCED_FACE('PartBody',(#35637),#34437,.T.);
#35639=CARTESIAN_POINT('Axis2P3D Location',(9401.34,-2182.05034303,1886.36375832));
#35640=DIRECTION('Axis2P3D Direction',(1,0,0));
#35641=DIRECTION('Axis2P3D XDirection',(0,0.9811751360441028,0.1931200466260202));
#35642=AXIS2_PLACEMENT_3D('Cylinder Axis2P3D',#35639,#35640,#35641);
#35643=CYLINDRICAL_SURFACE('generated cylinder',#35642,13.);
#35644=CARTESIAN_POINT('Line Origine',(9402.424999999999,-2192.88473522,1893.54818216));
#35645=DIRECTION('Vector Direction',(1,0,0));
#35646=VECTOR('Line Direction',#35645,1.);
#35647=LINE('Line',#35644,#35646);
#35648=CARTESIAN_POINT('Vertex',(9401.34,-2192.88473522,1893.54818216));
#35649=VERTEX_POINT('',#35648);
#35650=EDGE_CURVE('',#35649,#35618,#35647,.T.);
#35651=CARTESIAN_POINT('Axis2P3D Location',(9401.34,-2182.05034303,1886.36375832));
#35652=DIRECTION('Axis2P3D Direction',(1,0,0));
#35653=AXIS2_PLACEMENT_3D('Circle Axis2P3D',#35651,#35652,$);
#35654=CIRCLE('generated circle',#35653,13.);
#35655=EDGE_CURVE('',#35649,#35589,#35654,.T.);
#35656=EDGE_LOOP('',(#35657,#35658,#35659,#35660));
#35657=ORIENTED_EDGE('',*,*,#35650,.F.);
#35658=ORIENTED_EDGE('',*,*,#35655,.T.);
#35659=ORIENTED_EDGE('',*,*,#35592,.T.);
#35660=ORIENTED_EDGE('',*,*,#35619,.F.);
#35661=FACE_OUTER_BOUND('',#35656,.T.);
#35662=ADVANCED_FACE('PartBody',(#35661),#35643,.T.);
#35663=B_SPLINE_CURVE_WITH_KNOTS('',5,(#35664,#35665,#35666,#35667,#35668,#35669),.UNSPECIFIED.,.F.,.U.,(6,6),(0.,22.509604397),.UNSPECIFIED.);
#35664=CARTESIAN_POINT('Control Point',(9401.34,-2187.3061827,1901.93153095));
#35665=CARTESIAN_POINT('Control Point',(9401.34,-2188.42459072,1900.25665854));
#35666=CARTESIAN_POINT('Control Point',(9401.34,-2189.5416509,1898.58088609));
#35667=CARTESIAN_POINT('Control Point',(9401.34,-2190.65736275,1896.9042143));
#35668=CARTESIAN_POINT('Control Point',(9401.34,-2191.77172435,1895.22664609));
#35669=CARTESIAN_POINT('Control Point',(9401.34,-2192.88473522,1893.54818216));
#35670=EDGE_CURVE('',#33674,#35649,#35663,.T.);
#35671=EDGE_LOOP('',(#35672,#35673,#35674,#35675,#35676,#35677));
#35672=ORIENTED_EDGE('',*,*,#35670,.F.);
#35673=ORIENTED_EDGE('',*,*,#33706,.F.);
#35674=ORIENTED_EDGE('',*,*,#35534,.F.);
#35675=ORIENTED_EDGE('',*,*,#35566,.F.);
#35676=ORIENTED_EDGE('',*,*,#35597,.F.);
#35677=ORIENTED_EDGE('',*,*,#35655,.F.);
#35678=FACE_OUTER_BOUND('',#35671,.T.);
#35679=ADVANCED_FACE('PartBody',(#35678),#34652,.F.);
#35680=B_SPLINE_CURVE_WITH_KNOTS('',5,(#35681,#35682,#35683,#35684,#35685,#35686),.UNSPECIFIED.,.F.,.U.,(6,6),(0.,83.6801324089),.UNSPECIFIED.);
#35681=CARTESIAN_POINT('Control Point',(9412.654381639999,-2188.66326663,1908.90696957));
#35682=CARTESIAN_POINT('Control Point',(9412.646964179999,-2196.65081994,1914.34341017));
#35683=CARTESIAN_POINT('Control Point',(9412.639549919999,-2204.63837375,1919.779851));
#35684=CARTESIAN_POINT('Control Point',(9412.63213887,-2212.62592807,1925.21629208));
#35685=CARTESIAN_POINT('Control Point',(9412.624731009999,-2220.61348288,1930.65273338));
#35686=CARTESIAN_POINT('Control Point',(9412.617326359999,-2228.60103819,1936.08917492));
#35687=DIRECTION('Vector Direction',(0.02747666488330261,0.5624271919270534,0.8263901540240784));
#35688=VECTOR('Extrusion Surface Vector',#35687,1.);
#35689=SURFACE_OF_LINEAR_EXTRUSION('generated tabulated cylinder',#35680,#35688);
#35690=EDGE_LOOP('',(#35691,#35692,#35693,#35694));
#35691=ORIENTED_EDGE('',*,*,#33334,.T.);
#35692=ORIENTED_EDGE('',*,*,#35502,.T.);
#35693=ORIENTED_EDGE('',*,*,#33581,.F.);
#35694=ORIENTED_EDGE('',*,*,#33446,.F.);
#35695=FACE_OUTER_BOUND('',#35690,.T.);
#35696=ADVANCED_FACE('PartBody',(#35695),#35689,.T.);
#35697=CARTESIAN_POINT('Axis2P3D Location',(9406.51,-2193.36826236,1906.05728006));
#35698=DIRECTION('Axis2P3D Direction',(0,0.8267022794630103,-0.562639619233007));
#35699=DIRECTION('Axis2P3D XDirection',(0.6973246500435307,-0.4032749967267286,-0.5925433397286012));
#35700=AXIS2_PLACEMENT_3D('Cylinder Axis2P3D',#35697,#35698,#35699);
#35701=CYLINDRICAL_SURFACE('generated cylinder',#35700,3.);
#35702=EDGE_LOOP('',(#35703,#35704,#35705,#35706));
#35703=ORIENTED_EDGE('',*,*,#33665,.F.);
#35704=ORIENTED_EDGE('',*,*,#35623,.T.);
#35705=ORIENTED_EDGE('',*,*,#33768,.T.);
#35706=ORIENTED_EDGE('',*,*,#33358,.F.);
#35707=FACE_OUTER_BOUND('',#35702,.T.);
#35708=ADVANCED_FACE('PartBody',(#35707),#35701,.F.);
#35709=B_SPLINE_CURVE_WITH_KNOTS('',5,(#35710,#35711,#35712,#35713,#35714,#35715),.UNSPECIFIED.,.F.,.U.,(6,6),(109.362128069,129.493732698),.UNSPECIFIED.);
#35710=CARTESIAN_POINT('Control Point',(9401.34,-2187.3061827,1901.93153095));
#35711=CARTESIAN_POINT('Control Point',(9401.34,-2188.42459082,1900.2566584));
#35712=CARTESIAN_POINT('Control Point',(9401.34,-2189.54165109,1898.58088581));
#35713=CARTESIAN_POINT('Control Point',(9401.34,-2190.65736255,1896.9042146));
#35714=CARTESIAN_POINT('Control Point',(9401.34,-2191.77172425,1895.22664624));
#35715=CARTESIAN_POINT('Control Point',(9401.34,-2192.88473522,1893.54818216));
#35716=DIRECTION('Vector Direction',(1,0,0));
#35717=VECTOR('Extrusion Surface Vector',#35716,1.);
#35718=SURFACE_OF_LINEAR_EXTRUSION('generated tabulated cylinder',#35709,#35717);
#35719=EDGE_LOOP('',(#35720,#35721,#35722,#35723));
#35720=ORIENTED_EDGE('',*,*,#33679,.F.);
#35721=ORIENTED_EDGE('',*,*,#35670,.T.);
#35722=ORIENTED_EDGE('',*,*,#35650,.T.);
#35723=ORIENTED_EDGE('',*,*,#35629,.F.);
#35724=FACE_OUTER_BOUND('',#35719,.T.);
#35725=ADVANCED_FACE('PartBody',(#35724),#35718,.T.);
#35726=ADVANCED_BREP_SHAPE_REPRESENTATION('NONE',(#32860),#31872);

#35727=APPLICATION_CONTEXT('automotive_design');
#35728=APPLICATION_PROTOCOL_DEFINITION('international standard','automotive_design',2010,#35727);
#35729=PRODUCT_CONTEXT('',#35727,'mechanical');
#35730=PRODUCT_DEFINITION_CONTEXT('part definition',#35727,'design');
#35731=PRODUCT('part_013_V5311446720200','part_013_V5311446720200','',(#35729));
#35732=PRODUCT_DEFINITION_FORMATION('','',#35731);
#35733=PRODUCT_DEFINITION('design','',#35732,#35730);
#35734=PRODUCT_DEFINITION_SHAPE('','',#35733);
#35735=SHAPE_DEFINITION_REPRESENTATION(#35734,#35726);
ENDSEC;
END-ISO-10303-21;
